capability	Set up job	﻿2026-10-06T16:12:01.6840313Z Current runner version: '2.337.0'
capability	Set up job	2026-10-06T16:12:01.6877009Z ##[group]Runner Image Provisioner
capability	Set up job	2026-10-06T16:12:01.6878540Z Hosted Compute Agent
capability	Set up job	2026-10-06T16:12:01.6879278Z Version: 20260901.588
capability	Set up job	2026-10-06T16:12:01.6880012Z Commit: f88ec8081b781fac6c440065ac7ff9e710ce3d0b
capability	Set up job	2026-10-06T16:12:01.6881016Z Build Date: 2026-09-01T19:56:44Z
capability	Set up job	2026-10-06T16:12:01.6881751Z Worker ID: {aa92ac10-ce80-4c91-83df-4031fbe28612}
capability	Set up job	2026-10-06T16:12:01.6882592Z Azure Region: westus
capability	Set up job	2026-10-06T16:12:01.6883269Z ##[endgroup]
capability	Set up job	2026-10-06T16:12:01.6885261Z ##[group]Operating System
capability	Set up job	2026-10-06T16:12:01.6886106Z Ubuntu
capability	Set up job	2026-10-06T16:12:01.6886669Z 24.04.5
capability	Set up job	2026-10-06T16:12:01.6887195Z LTS
capability	Set up job	2026-10-06T16:12:01.6888255Z ##[endgroup]
capability	Set up job	2026-10-06T16:12:01.6888992Z ##[group]Runner Image
capability	Set up job	2026-10-06T16:12:01.6889718Z Image: ubuntu-24.04
capability	Set up job	2026-10-06T16:12:01.6890325Z Version: 20260927.320.1
capability	Set up job	2026-10-06T16:12:01.6891445Z Included Software: https://github.com/actions/runner-images/blob/ubuntu24/20260927.320/images/ubuntu/Ubuntu2404-Readme.md
capability	Set up job	2026-10-06T16:12:01.6894155Z Image Release: https://github.com/actions/runner-images/releases/tag/ubuntu24%2F20260927.320
capability	Set up job	2026-10-06T16:12:01.6895257Z ##[endgroup]
capability	Set up job	2026-10-06T16:12:01.6896385Z ##[group]GITHUB_TOKEN Permissions
capability	Set up job	2026-10-06T16:12:01.6899390Z Contents: read
capability	Set up job	2026-10-06T16:12:01.6900055Z Metadata: read
capability	Set up job	2026-10-06T16:12:01.6900680Z ##[endgroup]
capability	Set up job	2026-10-06T16:12:01.6903494Z Secret source: Actions
capability	Set up job	2026-10-06T16:12:01.6904527Z Cache mode: write
capability	Set up job	2026-10-06T16:12:01.6905753Z Prepare workflow directory
capability	Set up job	2026-10-06T16:12:01.7301444Z Prepare all required actions
capability	Set up job	2026-10-06T16:12:01.7353379Z Getting action download info
capability	Set up job	2026-10-06T16:12:02.1279261Z Download action repository 'actions/checkout@v7.0.1' (SHA:3d3c42e5aac5ba805825da76410c181273ba90b1)
capability	Set up job	2026-10-06T16:12:02.2228590Z Download action repository 'actions/setup-node@v7.0.0' (SHA:820762786026740c76f36085b0efc47a31fe5020)
capability	Set up job	2026-10-06T16:12:02.3078990Z Download action repository 'actions/upload-artifact@043fb46d1a93c77aae656e7c1c64a875d1fc6a0a' (SHA:043fb46d1a93c77aae656e7c1c64a875d1fc6a0a)
capability	Set up job	2026-10-06T16:12:02.4950723Z Complete job name: capability
capability	Run actions/checkout@v7.0.1	﻿2026-10-06T16:12:02.5745567Z ##[group]Run actions/checkout@v7.0.1
capability	Run actions/checkout@v7.0.1	2026-10-06T16:12:02.5746531Z with:
capability	Run actions/checkout@v7.0.1	2026-10-06T16:12:02.5747011Z   repository: peppone-choi/OpenHOI4
capability	Run actions/checkout@v7.0.1	2026-10-06T16:12:02.5751337Z   token: ***
capability	Run actions/checkout@v7.0.1	2026-10-06T16:12:02.5751787Z   ssh-strict: true
capability	Run actions/checkout@v7.0.1	2026-10-06T16:12:02.5752232Z   ssh-user: git
capability	Run actions/checkout@v7.0.1	2026-10-06T16:12:02.5752684Z   persist-credentials: true
capability	Run actions/checkout@v7.0.1	2026-10-06T16:12:02.5753180Z   clean: true
capability	Run actions/checkout@v7.0.1	2026-10-06T16:12:02.5753689Z   sparse-checkout-cone-mode: true
capability	Run actions/checkout@v7.0.1	2026-10-06T16:12:02.5754219Z   fetch-depth: 1
capability	Run actions/checkout@v7.0.1	2026-10-06T16:12:02.5754658Z   fetch-tags: false
capability	Run actions/checkout@v7.0.1	2026-10-06T16:12:02.5755107Z   show-progress: true
capability	Run actions/checkout@v7.0.1	2026-10-06T16:12:02.5755552Z   lfs: false
capability	Run actions/checkout@v7.0.1	2026-10-06T16:12:02.5755970Z   submodules: false
capability	Run actions/checkout@v7.0.1	2026-10-06T16:12:02.5756418Z   set-safe-directory: true
capability	Run actions/checkout@v7.0.1	2026-10-06T16:12:02.5756924Z   allow-unsafe-pr-checkout: false
capability	Run actions/checkout@v7.0.1	2026-10-06T16:12:02.5757893Z ##[endgroup]
capability	Run actions/checkout@v7.0.1	2026-10-06T16:12:02.6960625Z Syncing repository: peppone-choi/OpenHOI4
capability	Run actions/checkout@v7.0.1	2026-10-06T16:12:02.6962750Z ##[group]Getting Git version info
capability	Run actions/checkout@v7.0.1	2026-10-06T16:12:02.6963529Z Working directory is '/home/runner/work/OpenHOI4/OpenHOI4'
capability	Run actions/checkout@v7.0.1	2026-10-06T16:12:02.6964716Z [command]/usr/bin/git version
capability	Run actions/checkout@v7.0.1	2026-10-06T16:12:02.7207063Z git version 2.55.0
capability	Run actions/checkout@v7.0.1	2026-10-06T16:12:02.7240484Z ##[endgroup]
capability	Run actions/checkout@v7.0.1	2026-10-06T16:12:02.7255655Z Temporarily overriding HOME='/home/runner/work/_temp/2f0f0a54-e171-405a-962b-f12b051c1cf0' before making global git config changes
capability	Run actions/checkout@v7.0.1	2026-10-06T16:12:02.7257494Z Adding repository directory to the temporary git global config as a safe directory
capability	Run actions/checkout@v7.0.1	2026-10-06T16:12:02.7259315Z [command]/usr/bin/git config --global --add safe.directory /home/runner/work/OpenHOI4/OpenHOI4
capability	Run actions/checkout@v7.0.1	2026-10-06T16:12:02.7327284Z Deleting the contents of '/home/runner/work/OpenHOI4/OpenHOI4'
capability	Run actions/checkout@v7.0.1	2026-10-06T16:12:02.7331917Z ##[group]Determining repository object format
capability	Run actions/checkout@v7.0.1	2026-10-06T16:12:02.7333793Z ##[endgroup]
capability	Run actions/checkout@v7.0.1	2026-10-06T16:12:02.7335108Z ##[group]Initializing the repository
capability	Run actions/checkout@v7.0.1	2026-10-06T16:12:02.7339633Z [command]/usr/bin/git init /home/runner/work/OpenHOI4/OpenHOI4
capability	Run actions/checkout@v7.0.1	2026-10-06T16:12:02.7503300Z hint: Using 'master' as the name for the initial branch. This default branch name
capability	Run actions/checkout@v7.0.1	2026-10-06T16:12:02.7506499Z hint: will change to "main" in Git 3.0. To configure the initial branch name
capability	Run actions/checkout@v7.0.1	2026-10-06T16:12:02.7509827Z hint: to use in all of your new repositories, which will suppress this warning,
capability	Run actions/checkout@v7.0.1	2026-10-06T16:12:02.7512054Z hint: call:
capability	Run actions/checkout@v7.0.1	2026-10-06T16:12:02.7513278Z hint:
capability	Run actions/checkout@v7.0.1	2026-10-06T16:12:02.7514561Z hint: 	git config --global init.defaultBranch <name>
capability	Run actions/checkout@v7.0.1	2026-10-06T16:12:02.7516010Z hint:
capability	Run actions/checkout@v7.0.1	2026-10-06T16:12:02.7517488Z hint: Names commonly chosen instead of 'master' are 'main', 'trunk' and
capability	Run actions/checkout@v7.0.1	2026-10-06T16:12:02.7519852Z hint: 'development'. The just-created branch can be renamed via this command:
capability	Run actions/checkout@v7.0.1	2026-10-06T16:12:02.7521530Z hint:
capability	Run actions/checkout@v7.0.1	2026-10-06T16:12:02.7522508Z hint: 	git branch -m <name>
capability	Run actions/checkout@v7.0.1	2026-10-06T16:12:02.7523566Z hint:
capability	Run actions/checkout@v7.0.1	2026-10-06T16:12:02.7524792Z hint: Disable this message with "git config set advice.defaultBranchName false"
capability	Run actions/checkout@v7.0.1	2026-10-06T16:12:02.7526896Z Initialized empty Git repository in /home/runner/work/OpenHOI4/OpenHOI4/.git/
capability	Run actions/checkout@v7.0.1	2026-10-06T16:12:02.7530684Z [command]/usr/bin/git remote add origin https://github.com/peppone-choi/OpenHOI4
capability	Run actions/checkout@v7.0.1	2026-10-06T16:12:02.7588634Z ##[endgroup]
capability	Run actions/checkout@v7.0.1	2026-10-06T16:12:02.7590277Z ##[group]Disabling automatic garbage collection
capability	Run actions/checkout@v7.0.1	2026-10-06T16:12:02.7602899Z [command]/usr/bin/git config --local gc.auto 0
capability	Run actions/checkout@v7.0.1	2026-10-06T16:12:02.7633438Z ##[endgroup]
capability	Run actions/checkout@v7.0.1	2026-10-06T16:12:02.7634443Z ##[group]Setting up auth
capability	Run actions/checkout@v7.0.1	2026-10-06T16:12:02.7635073Z Removing SSH command configuration
capability	Run actions/checkout@v7.0.1	2026-10-06T16:12:02.7641127Z [command]/usr/bin/git config --local --name-only --get-regexp core\.sshCommand
capability	Run actions/checkout@v7.0.1	2026-10-06T16:12:02.7681111Z [command]/usr/bin/git submodule foreach --recursive sh -c "git config --local --name-only --get-regexp 'core\.sshCommand' && git config --local --unset-all 'core.sshCommand' || :"
capability	Run actions/checkout@v7.0.1	2026-10-06T16:12:02.8088711Z Removing HTTP extra header
capability	Run actions/checkout@v7.0.1	2026-10-06T16:12:02.8097095Z [command]/usr/bin/git config --local --name-only --get-regexp http\.https\:\/\/github\.com\/\.extraheader
capability	Run actions/checkout@v7.0.1	2026-10-06T16:12:02.8137272Z [command]/usr/bin/git submodule foreach --recursive sh -c "git config --local --name-only --get-regexp 'http\.https\:\/\/github\.com\/\.extraheader' && git config --local --unset-all 'http.https://github.com/.extraheader' || :"
capability	Run actions/checkout@v7.0.1	2026-10-06T16:12:02.8390351Z Removing includeIf entries pointing to credentials config files
capability	Run actions/checkout@v7.0.1	2026-10-06T16:12:02.8395557Z [command]/usr/bin/git config --local --name-only --get-regexp ^includeIf\.gitdir:
capability	Run actions/checkout@v7.0.1	2026-10-06T16:12:02.8429333Z [command]/usr/bin/git submodule foreach --recursive git config --local --show-origin --name-only --get-regexp remote.origin.url
capability	Run actions/checkout@v7.0.1	2026-10-06T16:12:02.8671633Z [command]/usr/bin/git config --file /home/runner/work/_temp/git-credentials-8d083591-c8c9-496b-954d-7ca3731aa0d9.config http.https://github.com/.extraheader AUTHORIZATION: basic ***
capability	Run actions/checkout@v7.0.1	2026-10-06T16:12:02.8711124Z [command]/usr/bin/git config --local includeIf.gitdir:/home/runner/work/OpenHOI4/OpenHOI4/.git.path /home/runner/work/_temp/git-credentials-8d083591-c8c9-496b-954d-7ca3731aa0d9.config
capability	Run actions/checkout@v7.0.1	2026-10-06T16:12:02.8743897Z [command]/usr/bin/git config --local includeIf.gitdir:/home/runner/work/OpenHOI4/OpenHOI4/.git/worktrees/*.path /home/runner/work/_temp/git-credentials-8d083591-c8c9-496b-954d-7ca3731aa0d9.config
capability	Run actions/checkout@v7.0.1	2026-10-06T16:12:02.8778481Z [command]/usr/bin/git config --local includeIf.gitdir:/github/workspace/.git.path /github/runner_temp/git-credentials-8d083591-c8c9-496b-954d-7ca3731aa0d9.config
capability	Run actions/checkout@v7.0.1	2026-10-06T16:12:02.8810400Z [command]/usr/bin/git config --local includeIf.gitdir:/github/workspace/.git/worktrees/*.path /github/runner_temp/git-credentials-8d083591-c8c9-496b-954d-7ca3731aa0d9.config
capability	Run actions/checkout@v7.0.1	2026-10-06T16:12:02.8837986Z ##[endgroup]
capability	Run actions/checkout@v7.0.1	2026-10-06T16:12:02.8839268Z ##[group]Fetching the repository
capability	Run actions/checkout@v7.0.1	2026-10-06T16:12:02.8845100Z [command]/usr/bin/git -c protocol.version=2 fetch --no-tags --prune --no-recurse-submodules --depth=1 origin +2134b131575ac30db48691e839f627405da66b52:refs/remotes/origin/codex/wp08-map-rendering
capability	Run actions/checkout@v7.0.1	2026-10-06T16:12:04.6673113Z From https://github.com/peppone-choi/OpenHOI4
capability	Run actions/checkout@v7.0.1	2026-10-06T16:12:04.6678040Z  * [new ref]         2134b131575ac30db48691e839f627405da66b52 -> origin/codex/wp08-map-rendering
capability	Run actions/checkout@v7.0.1	2026-10-06T16:12:04.6685151Z [command]/usr/bin/git branch --list --remote origin/codex/wp08-map-rendering
capability	Run actions/checkout@v7.0.1	2026-10-06T16:12:04.6728513Z   origin/codex/wp08-map-rendering
capability	Run actions/checkout@v7.0.1	2026-10-06T16:12:04.6732094Z [command]/usr/bin/git rev-parse refs/remotes/origin/codex/wp08-map-rendering
capability	Run actions/checkout@v7.0.1	2026-10-06T16:12:04.6760966Z 2134b131575ac30db48691e839f627405da66b52
capability	Run actions/checkout@v7.0.1	2026-10-06T16:12:04.6772589Z ##[endgroup]
capability	Run actions/checkout@v7.0.1	2026-10-06T16:12:04.6773478Z ##[group]Determining the checkout info
capability	Run actions/checkout@v7.0.1	2026-10-06T16:12:04.6774329Z ##[endgroup]
capability	Run actions/checkout@v7.0.1	2026-10-06T16:12:04.6776935Z [command]/usr/bin/git sparse-checkout disable
capability	Run actions/checkout@v7.0.1	2026-10-06T16:12:04.6837955Z [command]/usr/bin/git config --local --unset-all extensions.worktreeConfig
capability	Run actions/checkout@v7.0.1	2026-10-06T16:12:04.6876404Z ##[group]Checking out the ref
capability	Run actions/checkout@v7.0.1	2026-10-06T16:12:04.6881160Z [command]/usr/bin/git checkout --progress --force -B codex/wp08-map-rendering refs/remotes/origin/codex/wp08-map-rendering
capability	Run actions/checkout@v7.0.1	2026-10-06T16:12:04.8462097Z Switched to a new branch 'codex/wp08-map-rendering'
capability	Run actions/checkout@v7.0.1	2026-10-06T16:12:04.8468993Z branch 'codex/wp08-map-rendering' set up to track 'origin/codex/wp08-map-rendering'.
capability	Run actions/checkout@v7.0.1	2026-10-06T16:12:04.8487888Z ##[endgroup]
capability	Run actions/checkout@v7.0.1	2026-10-06T16:12:04.8533665Z [command]/usr/bin/git log -1 --format=%H
capability	Run actions/checkout@v7.0.1	2026-10-06T16:12:04.8558312Z 2134b131575ac30db48691e839f627405da66b52
capability	Run actions/setup-node@v7.0.0	﻿2026-10-06T16:12:04.8851634Z ##[group]Run actions/setup-node@v7.0.0
capability	Run actions/setup-node@v7.0.0	2026-10-06T16:12:04.8852309Z with:
capability	Run actions/setup-node@v7.0.0	2026-10-06T16:12:04.8852728Z   node-version: 24.4.0
capability	Run actions/setup-node@v7.0.0	2026-10-06T16:12:04.8853197Z   check-latest: false
capability	Run actions/setup-node@v7.0.0	2026-10-06T16:12:04.8857550Z   token: ***
capability	Run actions/setup-node@v7.0.0	2026-10-06T16:12:04.8858238Z   package-manager-cache: true
capability	Run actions/setup-node@v7.0.0	2026-10-06T16:12:04.8924369Z ##[endgroup]
capability	Run actions/setup-node@v7.0.0	2026-10-06T16:12:05.0171660Z Attempting to download 24.4.0...
capability	Run actions/setup-node@v7.0.0	2026-10-06T16:12:05.7274668Z Acquiring 24.4.0 - x64 from https://github.com/actions/node-versions/releases/download/24.4.0-16210503505/node-24.4.0-linux-x64.tar.gz
capability	Run actions/setup-node@v7.0.0	2026-10-06T16:12:06.3031335Z Extracting ...
capability	Run actions/setup-node@v7.0.0	2026-10-06T16:12:06.3162379Z [command]/usr/bin/tar xz --strip 1 --warning=no-unknown-keyword --overwrite -C /home/runner/work/_temp/c59ba30e-080a-4f6e-9e84-553c9963ffc6 -f /home/runner/work/_temp/e9fcdbd7-e602-496c-a589-ae2116b7619f
capability	Run actions/setup-node@v7.0.0	2026-10-06T16:12:07.5363714Z Adding to the cache ...
capability	Run actions/setup-node@v7.0.0	2026-10-06T16:12:10.6470703Z ##[group]Environment details
capability	Run actions/setup-node@v7.0.0	2026-10-06T16:12:10.8892739Z node: v24.4.0
capability	Run actions/setup-node@v7.0.0	2026-10-06T16:12:10.8893845Z npm: 11.4.2
capability	Run actions/setup-node@v7.0.0	2026-10-06T16:12:10.8894447Z yarn: 1.22.22
capability	Run actions/setup-node@v7.0.0	2026-10-06T16:12:10.8895411Z ##[endgroup]
capability	Run npm --prefix client ci	﻿2026-10-06T16:12:10.9095307Z ##[group]Run npm --prefix client ci
capability	Run npm --prefix client ci	2026-10-06T16:12:10.9095764Z [36;1mnpm --prefix client ci[0m
capability	Run npm --prefix client ci	2026-10-06T16:12:10.9391950Z shell: /usr/bin/bash -e {0}
capability	Run npm --prefix client ci	2026-10-06T16:12:10.9392426Z ##[endgroup]
capability	Run npm --prefix client ci	2026-10-06T16:12:13.6543101Z
capability	Run npm --prefix client ci	2026-10-06T16:12:13.6551906Z added 103 packages, and audited 104 packages in 3s
capability	Run npm --prefix client ci	2026-10-06T16:12:13.6552748Z
capability	Run npm --prefix client ci	2026-10-06T16:12:13.6553260Z 22 packages are looking for funding
capability	Run npm --prefix client ci	2026-10-06T16:12:13.6554011Z   run `npm fund` for details
capability	Run npm --prefix client ci	2026-10-06T16:12:13.6554455Z
capability	Run npm --prefix client ci	2026-10-06T16:12:13.6554778Z found 0 vulnerabilities
capability	Install the same pinned Playwright browsers and dependencies	﻿2026-10-06T16:12:13.7095503Z ##[group]Run npx playwright install --with-deps chromium firefox webkit
capability	Install the same pinned Playwright browsers and dependencies	2026-10-06T16:12:13.7096136Z [36;1mnpx playwright install --with-deps chromium firefox webkit[0m
capability	Install the same pinned Playwright browsers and dependencies	2026-10-06T16:12:13.7163732Z shell: /usr/bin/bash -e {0}
capability	Install the same pinned Playwright browsers and dependencies	2026-10-06T16:12:13.7164086Z ##[endgroup]
capability	Install the same pinned Playwright browsers and dependencies	2026-10-06T16:12:14.5111596Z Installing dependencies...
capability	Install the same pinned Playwright browsers and dependencies	2026-10-06T16:12:14.5204464Z Switching to root user to install dependencies...
capability	Install the same pinned Playwright browsers and dependencies	2026-10-06T16:12:14.6209337Z Get:1 file:/etc/apt/apt-mirrors.txt Mirrorlist [144 B]
capability	Install the same pinned Playwright browsers and dependencies	2026-10-06T16:12:14.6644942Z Hit:2 http://azure.archive.ubuntu.com/ubuntu noble InRelease
capability	Install the same pinned Playwright browsers and dependencies	2026-10-06T16:12:14.6646473Z Get:6 https://packages.microsoft.com/ubuntu/24.04/prod noble InRelease [3600 B]
capability	Install the same pinned Playwright browsers and dependencies	2026-10-06T16:12:14.6647651Z Get:3 http://azure.archive.ubuntu.com/ubuntu noble-updates InRelease [126 kB]
capability	Install the same pinned Playwright browsers and dependencies	2026-10-06T16:12:14.6756957Z Get:4 http://azure.archive.ubuntu.com/ubuntu noble-backports InRelease [126 kB]
capability	Install the same pinned Playwright browsers and dependencies	2026-10-06T16:12:14.6801680Z Get:5 http://azure.archive.ubuntu.com/ubuntu noble-security InRelease [126 kB]
capability	Install the same pinned Playwright browsers and dependencies	2026-10-06T16:12:14.8026226Z Get:7 https://packages.microsoft.com/ubuntu/24.04/prod noble/main amd64 Packages [515 kB]
capability	Install the same pinned Playwright browsers and dependencies	2026-10-06T16:12:14.8203412Z Get:8 https://packages.microsoft.com/ubuntu/24.04/prod noble/main arm64 Packages [458 kB]
capability	Install the same pinned Playwright browsers and dependencies	2026-10-06T16:12:14.8205389Z Get:9 https://packages.microsoft.com/ubuntu/24.04/prod noble/main armhf Packages [12.6 kB]
capability	Install the same pinned Playwright browsers and dependencies	2026-10-06T16:12:14.8605519Z Get:10 http://azure.archive.ubuntu.com/ubuntu noble-updates/main amd64 Packages [1374 kB]
capability	Install the same pinned Playwright browsers and dependencies	2026-10-06T16:12:14.8689978Z Get:11 http://azure.archive.ubuntu.com/ubuntu noble-updates/main Translation-en [306 kB]
capability	Install the same pinned Playwright browsers and dependencies	2026-10-06T16:12:14.8817281Z Get:12 http://azure.archive.ubuntu.com/ubuntu noble-updates/main amd64 Components [181 kB]
capability	Install the same pinned Playwright browsers and dependencies	2026-10-06T16:12:14.8839611Z Get:13 http://azure.archive.ubuntu.com/ubuntu noble-updates/universe amd64 Packages [1700 kB]
capability	Install the same pinned Playwright browsers and dependencies	2026-10-06T16:12:14.8922518Z Get:14 http://azure.archive.ubuntu.com/ubuntu noble-updates/universe Translation-en [341 kB]
capability	Install the same pinned Playwright browsers and dependencies	2026-10-06T16:12:14.8959492Z Get:15 http://azure.archive.ubuntu.com/ubuntu noble-updates/universe amd64 Components [388 kB]
capability	Install the same pinned Playwright browsers and dependencies	2026-10-06T16:12:14.8989752Z Get:16 http://azure.archive.ubuntu.com/ubuntu noble-updates/restricted amd64 Packages [1730 kB]
capability	Install the same pinned Playwright browsers and dependencies	2026-10-06T16:12:14.9049300Z Get:17 http://azure.archive.ubuntu.com/ubuntu noble-updates/restricted Translation-en [396 kB]
capability	Install the same pinned Playwright browsers and dependencies	2026-10-06T16:12:14.9076674Z Get:18 http://azure.archive.ubuntu.com/ubuntu noble-updates/multiverse Translation-en [13.3 kB]
capability	Install the same pinned Playwright browsers and dependencies	2026-10-06T16:12:14.9099715Z Get:19 http://azure.archive.ubuntu.com/ubuntu noble-updates/multiverse amd64 Components [940 B]
capability	Install the same pinned Playwright browsers and dependencies	2026-10-06T16:12:14.9666211Z Get:20 http://azure.archive.ubuntu.com/ubuntu noble-backports/main amd64 Components [5764 B]
capability	Install the same pinned Playwright browsers and dependencies	2026-10-06T16:12:14.9689189Z Get:21 http://azure.archive.ubuntu.com/ubuntu noble-backports/universe amd64 Components [12.6 kB]
capability	Install the same pinned Playwright browsers and dependencies	2026-10-06T16:12:14.9771823Z Get:22 http://azure.archive.ubuntu.com/ubuntu noble-security/main amd64 Packages [1072 kB]
capability	Install the same pinned Playwright browsers and dependencies	2026-10-06T16:12:14.9839120Z Get:23 http://azure.archive.ubuntu.com/ubuntu noble-security/main Translation-en [222 kB]
capability	Install the same pinned Playwright browsers and dependencies	2026-10-06T16:12:14.9858451Z Get:24 http://azure.archive.ubuntu.com/ubuntu noble-security/main amd64 Components [46.4 kB]
capability	Install the same pinned Playwright browsers and dependencies	2026-10-06T16:12:14.9868775Z Get:25 http://azure.archive.ubuntu.com/ubuntu noble-security/universe amd64 Packages [1216 kB]
capability	Install the same pinned Playwright browsers and dependencies	2026-10-06T16:12:14.9949302Z Get:26 http://azure.archive.ubuntu.com/ubuntu noble-security/universe Translation-en [244 kB]
capability	Install the same pinned Playwright browsers and dependencies	2026-10-06T16:12:14.9962950Z Get:27 http://azure.archive.ubuntu.com/ubuntu noble-security/universe amd64 Components [76.3 kB]
capability	Install the same pinned Playwright browsers and dependencies	2026-10-06T16:12:14.9973990Z Get:28 http://azure.archive.ubuntu.com/ubuntu noble-security/restricted amd64 Packages [1566 kB]
capability	Install the same pinned Playwright browsers and dependencies	2026-10-06T16:12:15.0066985Z Get:29 http://azure.archive.ubuntu.com/ubuntu noble-security/restricted Translation-en [361 kB]
capability	Install the same pinned Playwright browsers and dependencies	2026-10-06T16:12:20.0551027Z Fetched 12.6 MB in 1s (8916 kB/s)
capability	Install the same pinned Playwright browsers and dependencies	2026-10-06T16:12:21.0383541Z Reading package lists...
capability	Install the same pinned Playwright browsers and dependencies	2026-10-06T16:12:21.0641246Z Reading package lists...
capability	Install the same pinned Playwright browsers and dependencies	2026-10-06T16:12:21.3725749Z Building dependency tree...
capability	Install the same pinned Playwright browsers and dependencies	2026-10-06T16:12:21.3733603Z Reading state information...
capability	Install the same pinned Playwright browsers and dependencies	2026-10-06T16:12:21.4038177Z libasound2t64 is already the newest version (1.2.11-1ubuntu0.3).
capability	Install the same pinned Playwright browsers and dependencies	2026-10-06T16:12:21.4039492Z libasound2t64 set to manually installed.
capability	Install the same pinned Playwright browsers and dependencies	2026-10-06T16:12:21.4040442Z libatk-bridge2.0-0t64 is already the newest version (2.52.0-1build1).
capability	Install the same pinned Playwright browsers and dependencies	2026-10-06T16:12:21.4041387Z libatk-bridge2.0-0t64 set to manually installed.
capability	Install the same pinned Playwright browsers and dependencies	2026-10-06T16:12:21.4042281Z libatk1.0-0t64 is already the newest version (2.52.0-1build1).
capability	Install the same pinned Playwright browsers and dependencies	2026-10-06T16:12:21.4043086Z libatk1.0-0t64 set to manually installed.
capability	Install the same pinned Playwright browsers and dependencies	2026-10-06T16:12:21.4043868Z libatspi2.0-0t64 is already the newest version (2.52.0-1build1).
capability	Install the same pinned Playwright browsers and dependencies	2026-10-06T16:12:21.4044541Z libatspi2.0-0t64 set to manually installed.
capability	Install the same pinned Playwright browsers and dependencies	2026-10-06T16:12:21.4045190Z libcairo2 is already the newest version (1.18.0-3build1).
capability	Install the same pinned Playwright browsers and dependencies	2026-10-06T16:12:21.4045801Z libcairo2 set to manually installed.
capability	Install the same pinned Playwright browsers and dependencies	2026-10-06T16:12:21.4046488Z libcups2t64 is already the newest version (2.4.7-1.2ubuntu7.14).
capability	Install the same pinned Playwright browsers and dependencies	2026-10-06T16:12:21.4047633Z libcups2t64 set to manually installed.
capability	Install the same pinned Playwright browsers and dependencies	2026-10-06T16:12:21.4048561Z libdbus-1-3 is already the newest version (1.14.10-4ubuntu4.1).
capability	Install the same pinned Playwright browsers and dependencies	2026-10-06T16:12:21.4049213Z libdbus-1-3 set to manually installed.
capability	Install the same pinned Playwright browsers and dependencies	2026-10-06T16:12:21.4049891Z libdrm2 is already the newest version (2.4.125-1ubuntu0.1~24.04.2).
capability	Install the same pinned Playwright browsers and dependencies	2026-10-06T16:12:21.4050548Z libdrm2 set to manually installed.
capability	Install the same pinned Playwright browsers and dependencies	2026-10-06T16:12:21.4051308Z libglib2.0-0t64 is already the newest version (2.80.0-6ubuntu3.9).
capability	Install the same pinned Playwright browsers and dependencies	2026-10-06T16:12:21.4052011Z libglib2.0-0t64 set to manually installed.
capability	Install the same pinned Playwright browsers and dependencies	2026-10-06T16:12:21.4052679Z libnspr4 is already the newest version (2:4.35-1.1build1).
capability	Install the same pinned Playwright browsers and dependencies	2026-10-06T16:12:21.4053298Z libnspr4 set to manually installed.
capability	Install the same pinned Playwright browsers and dependencies	2026-10-06T16:12:21.4053921Z libnss3 is already the newest version (2:3.98-1ubuntu0.2).
capability	Install the same pinned Playwright browsers and dependencies	2026-10-06T16:12:21.4054400Z libnss3 set to manually installed.
capability	Install the same pinned Playwright browsers and dependencies	2026-10-06T16:12:21.4054896Z libpango-1.0-0 is already the newest version (1.52.1+ds-1build1).
capability	Install the same pinned Playwright browsers and dependencies	2026-10-06T16:12:21.4056069Z libpango-1.0-0 set to manually installed.
capability	Install the same pinned Playwright browsers and dependencies	2026-10-06T16:12:21.4056756Z libx11-6 is already the newest version (2:1.8.7-1build1).
capability	Install the same pinned Playwright browsers and dependencies	2026-10-06T16:12:21.4057233Z libx11-6 set to manually installed.
capability	Install the same pinned Playwright browsers and dependencies	2026-10-06T16:12:21.4057987Z libxcb1 is already the newest version (1.15-1ubuntu2).
capability	Install the same pinned Playwright browsers and dependencies	2026-10-06T16:12:21.4058462Z libxcb1 set to manually installed.
capability	Install the same pinned Playwright browsers and dependencies	2026-10-06T16:12:21.4058970Z libxcomposite1 is already the newest version (1:0.4.5-1build3).
capability	Install the same pinned Playwright browsers and dependencies	2026-10-06T16:12:21.4059489Z libxcomposite1 set to manually installed.
capability	Install the same pinned Playwright browsers and dependencies	2026-10-06T16:12:21.4059997Z libxdamage1 is already the newest version (1:1.1.6-1build1).
capability	Install the same pinned Playwright browsers and dependencies	2026-10-06T16:12:21.4060472Z libxdamage1 set to manually installed.
capability	Install the same pinned Playwright browsers and dependencies	2026-10-06T16:12:21.4060943Z libxext6 is already the newest version (2:1.3.4-1build2).
capability	Install the same pinned Playwright browsers and dependencies	2026-10-06T16:12:21.4061391Z libxext6 set to manually installed.
capability	Install the same pinned Playwright browsers and dependencies	2026-10-06T16:12:21.4061860Z libxfixes3 is already the newest version (1:6.0.0-2build1).
capability	Install the same pinned Playwright browsers and dependencies	2026-10-06T16:12:21.4062334Z libxfixes3 set to manually installed.
capability	Install the same pinned Playwright browsers and dependencies	2026-10-06T16:12:21.4062818Z libxkbcommon0 is already the newest version (1.6.0-1build1).
capability	Install the same pinned Playwright browsers and dependencies	2026-10-06T16:12:21.4063308Z libxkbcommon0 set to manually installed.
capability	Install the same pinned Playwright browsers and dependencies	2026-10-06T16:12:21.4063806Z libxrandr2 is already the newest version (2:1.5.2-2build1).
capability	Install the same pinned Playwright browsers and dependencies	2026-10-06T16:12:21.4064236Z libxrandr2 set to manually installed.
capability	Install the same pinned Playwright browsers and dependencies	2026-10-06T16:12:21.4064641Z xvfb is already the newest version (2:21.1.12-1ubuntu1.8).
capability	Install the same pinned Playwright browsers and dependencies	2026-10-06T16:12:21.4065207Z fonts-noto-color-emoji is already the newest version (2.047-0ubuntu0.24.04.1).
capability	Install the same pinned Playwright browsers and dependencies	2026-10-06T16:12:21.4065790Z libfontconfig1 is already the newest version (2.15.0-1.1ubuntu2).
capability	Install the same pinned Playwright browsers and dependencies	2026-10-06T16:12:21.4066225Z libfontconfig1 set to manually installed.
capability	Install the same pinned Playwright browsers and dependencies	2026-10-06T16:12:21.4066643Z fonts-liberation is already the newest version (1:2.1.5-3).
capability	Install the same pinned Playwright browsers and dependencies	2026-10-06T16:12:21.4067057Z fonts-liberation set to manually installed.
capability	Install the same pinned Playwright browsers and dependencies	2026-10-06T16:12:21.4067517Z libcairo-gobject2 is already the newest version (1.18.0-3build1).
capability	Install the same pinned Playwright browsers and dependencies	2026-10-06T16:12:21.4068106Z libcairo-gobject2 set to manually installed.
capability	Install the same pinned Playwright browsers and dependencies	2026-10-06T16:12:21.4068605Z libgdk-pixbuf-2.0-0 is already the newest version (2.42.10+dfsg-3ubuntu3.3).
capability	Install the same pinned Playwright browsers and dependencies	2026-10-06T16:12:21.4069100Z libgdk-pixbuf-2.0-0 set to manually installed.
capability	Install the same pinned Playwright browsers and dependencies	2026-10-06T16:12:21.4069953Z libgtk-3-0t64 is already the newest version (3.24.41-4ubuntu1.3).
capability	Install the same pinned Playwright browsers and dependencies	2026-10-06T16:12:21.4070365Z libgtk-3-0t64 set to manually installed.
capability	Install the same pinned Playwright browsers and dependencies	2026-10-06T16:12:21.4070825Z libpangocairo-1.0-0 is already the newest version (1.52.1+ds-1build1).
capability	Install the same pinned Playwright browsers and dependencies	2026-10-06T16:12:21.4071283Z libpangocairo-1.0-0 set to manually installed.
capability	Install the same pinned Playwright browsers and dependencies	2026-10-06T16:12:21.4071708Z libx11-xcb1 is already the newest version (2:1.8.7-1build1).
capability	Install the same pinned Playwright browsers and dependencies	2026-10-06T16:12:21.4072100Z libx11-xcb1 set to manually installed.
capability	Install the same pinned Playwright browsers and dependencies	2026-10-06T16:12:21.4072493Z libxcb-shm0 is already the newest version (1.15-1ubuntu2).
capability	Install the same pinned Playwright browsers and dependencies	2026-10-06T16:12:21.4072891Z libxcb-shm0 set to manually installed.
capability	Install the same pinned Playwright browsers and dependencies	2026-10-06T16:12:21.4073291Z libxcursor1 is already the newest version (1:1.2.1-1build1).
capability	Install the same pinned Playwright browsers and dependencies	2026-10-06T16:12:21.4073685Z libxcursor1 set to manually installed.
capability	Install the same pinned Playwright browsers and dependencies	2026-10-06T16:12:21.4074068Z libxi6 is already the newest version (2:1.8.1-1build1).
capability	Install the same pinned Playwright browsers and dependencies	2026-10-06T16:12:21.4074428Z libxi6 set to manually installed.
capability	Install the same pinned Playwright browsers and dependencies	2026-10-06T16:12:21.4074989Z libxrender1 is already the newest version (1:0.9.10-1.1build1).
capability	Install the same pinned Playwright browsers and dependencies	2026-10-06T16:12:21.4075446Z libxrender1 set to manually installed.
capability	Install the same pinned Playwright browsers and dependencies	2026-10-06T16:12:21.4075912Z libicu74 is already the newest version (74.2-1ubuntu3.1).
capability	Install the same pinned Playwright browsers and dependencies	2026-10-06T16:12:21.4076396Z libatomic1 is already the newest version (14.2.0-4ubuntu2~24.04.1).
capability	Install the same pinned Playwright browsers and dependencies	2026-10-06T16:12:21.4076807Z libatomic1 set to manually installed.
capability	Install the same pinned Playwright browsers and dependencies	2026-10-06T16:12:21.4077215Z libenchant-2-2 is already the newest version (2.3.3-2build2).
capability	Install the same pinned Playwright browsers and dependencies	2026-10-06T16:12:21.4077613Z libenchant-2-2 set to manually installed.
capability	Install the same pinned Playwright browsers and dependencies	2026-10-06T16:12:21.4078284Z libepoxy0 is already the newest version (1.5.10-1build1).
capability	Install the same pinned Playwright browsers and dependencies	2026-10-06T16:12:21.4078657Z libepoxy0 set to manually installed.
capability	Install the same pinned Playwright browsers and dependencies	2026-10-06T16:12:21.4079073Z libgstreamer1.0-0 is already the newest version (1.24.2-1ubuntu0.1).
capability	Install the same pinned Playwright browsers and dependencies	2026-10-06T16:12:21.4079505Z libgstreamer1.0-0 set to manually installed.
capability	Install the same pinned Playwright browsers and dependencies	2026-10-06T16:12:21.4079923Z libharfbuzz0b is already the newest version (8.3.0-2build2).
capability	Install the same pinned Playwright browsers and dependencies	2026-10-06T16:12:21.4080320Z libharfbuzz0b set to manually installed.
capability	Install the same pinned Playwright browsers and dependencies	2026-10-06T16:12:21.4080730Z libjpeg-turbo8 is already the newest version (2.1.5-2ubuntu2).
capability	Install the same pinned Playwright browsers and dependencies	2026-10-06T16:12:21.4081135Z libjpeg-turbo8 set to manually installed.
capability	Install the same pinned Playwright browsers and dependencies	2026-10-06T16:12:21.4081533Z liblcms2-2 is already the newest version (2.14-2ubuntu0.1).
capability	Install the same pinned Playwright browsers and dependencies	2026-10-06T16:12:21.6766806Z liblcms2-2 set to manually installed.
capability	Install the same pinned Playwright browsers and dependencies	2026-10-06T16:12:21.6768601Z libpng16-16t64 is already the newest version (1.6.43-5ubuntu0.6).
capability	Install the same pinned Playwright browsers and dependencies	2026-10-06T16:12:21.6769664Z libpng16-16t64 set to manually installed.
capability	Install the same pinned Playwright browsers and dependencies	2026-10-06T16:12:21.6770709Z libwayland-client0 is already the newest version (1.22.0-2.1build1).
capability	Install the same pinned Playwright browsers and dependencies	2026-10-06T16:12:21.6771788Z libwayland-client0 set to manually installed.
capability	Install the same pinned Playwright browsers and dependencies	2026-10-06T16:12:21.6772643Z libwayland-egl1 is already the newest version (1.22.0-2.1build1).
capability	Install the same pinned Playwright browsers and dependencies	2026-10-06T16:12:21.6773650Z libwayland-egl1 set to manually installed.
capability	Install the same pinned Playwright browsers and dependencies	2026-10-06T16:12:21.6774651Z libwebp7 is already the newest version (1.3.2-0.4build3).
capability	Install the same pinned Playwright browsers and dependencies	2026-10-06T16:12:21.6775621Z libwebp7 set to manually installed.
capability	Install the same pinned Playwright browsers and dependencies	2026-10-06T16:12:21.6776651Z libwebpdemux2 is already the newest version (1.3.2-0.4build3).
capability	Install the same pinned Playwright browsers and dependencies	2026-10-06T16:12:21.6777661Z libwebpdemux2 set to manually installed.
capability	Install the same pinned Playwright browsers and dependencies	2026-10-06T16:12:21.6779010Z libxml2 is already the newest version (2.9.14+dfsg-1.3ubuntu3.9).
capability	Install the same pinned Playwright browsers and dependencies	2026-10-06T16:12:21.6779711Z libxml2 set to manually installed.
capability	Install the same pinned Playwright browsers and dependencies	2026-10-06T16:12:21.6780417Z libxslt1.1 is already the newest version (1.1.39-0exp1ubuntu0.24.04.3).
capability	Install the same pinned Playwright browsers and dependencies	2026-10-06T16:12:21.6781159Z libxslt1.1 set to manually installed.
capability	Install the same pinned Playwright browsers and dependencies	2026-10-06T16:12:21.6781808Z The following additional packages will be installed:
capability	Install the same pinned Playwright browsers and dependencies	2026-10-06T16:12:21.6782617Z   glib-networking glib-networking-common glib-networking-services
capability	Install the same pinned Playwright browsers and dependencies	2026-10-06T16:12:21.6783536Z   gsettings-desktop-schemas libaa1 libabsl20220623t64 libass9 libasyncns0
capability	Install the same pinned Playwright browsers and dependencies	2026-10-06T16:12:21.6784343Z   libavc1394-0 libavfilter9 libavformat60 libavtp0 libavutil58 libblas3
capability	Install the same pinned Playwright browsers and dependencies	2026-10-06T16:12:21.6784960Z   libbluray2 libbs2b0 libcaca0 libcairo-script-interpreter2 libcdparanoia0
capability	Install the same pinned Playwright browsers and dependencies	2026-10-06T16:12:21.6785564Z   libchromaprint1 libcjson1 libcodec2-1.2 libdav1d7 libdc1394-25 libdca0
capability	Install the same pinned Playwright browsers and dependencies	2026-10-06T16:12:21.6786140Z   libde265-0 libdecor-0-0 libdirectfb-1.7-7t64 libdv4t64 libdvdnav4
capability	Install the same pinned Playwright browsers and dependencies	2026-10-06T16:12:21.6787072Z   libdvdread8t64 libegl-mesa0 libegl1 libevent-core-2.1-7t64
capability	Install the same pinned Playwright browsers and dependencies	2026-10-06T16:12:21.6787659Z   libevent-pthreads-2.1-7t64 libfaad2 libflac12t64 libfluidsynth3 libfreeaptx0
capability	Install the same pinned Playwright browsers and dependencies	2026-10-06T16:12:21.6788604Z   libgav1-1 libgl1-mesa-dri libglx-mesa0 libgme0 libgraphene-1.0-0 libgsm1
capability	Install the same pinned Playwright browsers and dependencies	2026-10-06T16:12:21.6789237Z   libgssdp-1.6-0 libgstreamer-plugins-good1.0-0 libgtk-4-common libgupnp-1.6-0
capability	Install the same pinned Playwright browsers and dependencies	2026-10-06T16:12:21.6789803Z   libgupnp-igd-1.6-0 libhwy1t64 libiec61883-0 libimath-3-1-29t64
capability	Install the same pinned Playwright browsers and dependencies	2026-10-06T16:12:21.6790304Z   libinstpatch-1.0-2 libjack-jackd2-0 libjxl0.7 liblapack3 liblc3-1
capability	Install the same pinned Playwright browsers and dependencies	2026-10-06T16:12:21.6790818Z   libldacbt-enc2 liblilv-0-0 liblrdf0 libltc11 libmbedcrypto7t64 libmfx1
capability	Install the same pinned Playwright browsers and dependencies	2026-10-06T16:12:21.6791300Z   libmjpegutils-2.1-0t64 libmodplug1 libmp3lame0 libmpcdec6
capability	Install the same pinned Playwright browsers and dependencies	2026-10-06T16:12:21.6791767Z   libmpeg2encpp-2.1-0t64 libmpg123-0t64 libmplex2-2.1-0t64 libmysofa1
capability	Install the same pinned Playwright browsers and dependencies	2026-10-06T16:12:21.6792457Z   libneon27t64 libnice10 libopenal-data libopenal1 libopenexr-3-1-30
capability	Install the same pinned Playwright browsers and dependencies	2026-10-06T16:12:21.6792927Z   libopenh264-7 libopenmpt0t64 libopenni2-0 liborc-0.4-0t64
capability	Install the same pinned Playwright browsers and dependencies	2026-10-06T16:12:21.6793376Z   libpipewire-0.3-0t64 libplacebo338 libpocketsphinx3 libpostproc57
capability	Install the same pinned Playwright browsers and dependencies	2026-10-06T16:12:21.6793874Z   libproxy1v5 libpulse0 libqrencode4 libraptor2-0 librav1e0 libraw1394-11
capability	Install the same pinned Playwright browsers and dependencies	2026-10-06T16:12:21.6794391Z   librist4 librsvg2-2 librubberband2 libsamplerate0 libsbc1 libsdl2-2.0-0
capability	Install the same pinned Playwright browsers and dependencies	2026-10-06T16:12:21.6795000Z   libsecret-common libserd-0-0 libshine3 libshout3 libsndfile1 libsndio7.0
capability	Install the same pinned Playwright browsers and dependencies	2026-10-06T16:12:21.6795888Z   libsord-0-0 libsoundtouch1 libsoup-3.0-0 libsoup-3.0-common libsoxr0
capability	Install the same pinned Playwright browsers and dependencies	2026-10-06T16:12:21.6796439Z   libspa-0.2-modules libspandsp2t64 libspeex1 libsphinxbase3t64 libsratom-0-0
capability	Install the same pinned Playwright browsers and dependencies	2026-10-06T16:12:21.6796997Z   libsrt1.5-gnutls libsrtp2-1 libssh-gcrypt-4 libsvtav1enc1d1 libswresample4
capability	Install the same pinned Playwright browsers and dependencies	2026-10-06T16:12:21.6797545Z   libswscale7 libtag1v5 libtag1v5-vanilla libtheora0 libtwolame0 libudfread0
capability	Install the same pinned Playwright browsers and dependencies	2026-10-06T16:12:21.6798339Z   libunibreak5 libv4l-0t64 libv4lconvert0t64 libva-drm2 libva-x11-2 libva2
capability	Install the same pinned Playwright browsers and dependencies	2026-10-06T16:12:21.6798877Z   libvdpau1 libvidstab1.1 libvisual-0.4-0 libvo-aacenc0 libvo-amrwbenc0
capability	Install the same pinned Playwright browsers and dependencies	2026-10-06T16:12:21.6799408Z   libvorbisenc2 libvpl2 libwavpack1 libwebrtc-audio-processing1 libwildmidi2
capability	Install the same pinned Playwright browsers and dependencies	2026-10-06T16:12:21.6799952Z   libx265-199 libxcb-xkb1 libxkbcommon-x11-0 libxvidcore4 libyuv0 libzbar0t64
capability	Install the same pinned Playwright browsers and dependencies	2026-10-06T16:12:21.6800522Z   libzimg2 libzix-0-0 libzvbi-common libzvbi0t64 libzxing3 mesa-libgallium
capability	Install the same pinned Playwright browsers and dependencies	2026-10-06T16:12:21.6801057Z   ocl-icd-libopencl1 session-migration timgm6mb-soundfont xfonts-encodings
capability	Install the same pinned Playwright browsers and dependencies	2026-10-06T16:12:21.6801436Z   xfonts-utils
capability	Install the same pinned Playwright browsers and dependencies	2026-10-06T16:12:21.6801663Z Suggested packages:
capability	Install the same pinned Playwright browsers and dependencies	2026-10-06T16:12:21.6802034Z   frei0r-plugins gvfs libcuda1 libnvcuvid1 libnvidia-encode1 libbluray-bdj
capability	Install the same pinned Playwright browsers and dependencies	2026-10-06T16:12:21.6802584Z   libdirectfb-extra libdv-bin oss-compat libdvdcss2 libvisual-0.4-plugins
capability	Install the same pinned Playwright browsers and dependencies	2026-10-06T16:12:21.6803099Z   jackd2 liblrdf0-dev libportaudio2 opus-tools pipewire pulseaudio
capability	Install the same pinned Playwright browsers and dependencies	2026-10-06T16:12:21.6803590Z   raptor2-utils libraw1394-doc librsvg2-bin serdi sndiod sordi speex
capability	Install the same pinned Playwright browsers and dependencies	2026-10-06T16:12:21.6804026Z   libwildmidi-config opencl-icd fluid-soundfont-gm
capability	Install the same pinned Playwright browsers and dependencies	2026-10-06T16:12:21.6804350Z Recommended packages:
capability	Install the same pinned Playwright browsers and dependencies	2026-10-06T16:12:21.6804690Z   fonts-ipafont-mincho fonts-tlwg-loma gstreamer1.0-x libaacs0
capability	Install the same pinned Playwright browsers and dependencies	2026-10-06T16:12:21.6805176Z   default-libdecor-0-plugin-1 | libdecor-0-plugin-1 gstreamer1.0-gl
capability	Install the same pinned Playwright browsers and dependencies	2026-10-06T16:12:21.6805733Z   libgtk-4-bin librsvg2-common libgtk-4-media-gstreamer libpipewire-0.3-common
capability	Install the same pinned Playwright browsers and dependencies	2026-10-06T16:12:21.6806310Z   pocketsphinx-en-us va-driver-all | va-driver vdpau-driver-all | vdpau-driver
capability	Install the same pinned Playwright browsers and dependencies	2026-10-06T16:12:21.6806725Z   libmagickcore-6.q16-7-extra
capability	Install the same pinned Playwright browsers and dependencies	2026-10-06T16:12:21.7516046Z The following NEW packages will be installed:
capability	Install the same pinned Playwright browsers and dependencies	2026-10-06T16:12:21.7517137Z   fonts-freefont-ttf fonts-ipafont-gothic fonts-tlwg-loma-otf fonts-unifont
capability	Install the same pinned Playwright browsers and dependencies	2026-10-06T16:12:21.7518775Z   fonts-wqy-zenhei glib-networking glib-networking-common
capability	Install the same pinned Playwright browsers and dependencies	2026-10-06T16:12:21.7519889Z   glib-networking-services gsettings-desktop-schemas gstreamer1.0-libav
capability	Install the same pinned Playwright browsers and dependencies	2026-10-06T16:12:21.7523574Z   gstreamer1.0-plugins-bad gstreamer1.0-plugins-base gstreamer1.0-plugins-good
capability	Install the same pinned Playwright browsers and dependencies	2026-10-06T16:12:21.7525155Z   libaa1 libabsl20220623t64 libass9 libasyncns0 libavc1394-0 libavcodec60
capability	Install the same pinned Playwright browsers and dependencies	2026-10-06T16:12:21.7526136Z   libavfilter9 libavformat60 libavif16 libavtp0 libavutil58 libblas3
capability	Install the same pinned Playwright browsers and dependencies	2026-10-06T16:12:21.7526927Z   libbluray2 libbs2b0 libcaca0 libcairo-script-interpreter2 libcdparanoia0
capability	Install the same pinned Playwright browsers and dependencies	2026-10-06T16:12:21.7528004Z   libchromaprint1 libcjson1 libcodec2-1.2 libdav1d7 libdc1394-25 libdca0
capability	Install the same pinned Playwright browsers and dependencies	2026-10-06T16:12:21.7528778Z   libde265-0 libdecor-0-0 libdirectfb-1.7-7t64 libdv4t64 libdvdnav4
capability	Install the same pinned Playwright browsers and dependencies	2026-10-06T16:12:21.7529973Z   libdvdread8t64 libegl-mesa0 libegl1 libevent-2.1-7t64 libfaad2 libflac12t64
capability	Install the same pinned Playwright browsers and dependencies	2026-10-06T16:12:21.7530726Z   libflite1 libfluidsynth3 libfreeaptx0 libgav1-1 libgles2 libgme0
capability	Install the same pinned Playwright browsers and dependencies	2026-10-06T16:12:21.7531233Z   libgraphene-1.0-0 libgsm1 libgssdp-1.6-0 libgstreamer-gl1.0-0
capability	Install the same pinned Playwright browsers and dependencies	2026-10-06T16:12:21.7531731Z   libgstreamer-plugins-bad1.0-0 libgstreamer-plugins-base1.0-0
capability	Install the same pinned Playwright browsers and dependencies	2026-10-06T16:12:21.7532492Z   libgstreamer-plugins-good1.0-0 libgtk-4-1 libgtk-4-common libgupnp-1.6-0
capability	Install the same pinned Playwright browsers and dependencies	2026-10-06T16:12:21.7533073Z   libgupnp-igd-1.6-0 libharfbuzz-icu0 libhwy1t64 libhyphen0 libiec61883-0
capability	Install the same pinned Playwright browsers and dependencies	2026-10-06T16:12:21.7533627Z   libimath-3-1-29t64 libinstpatch-1.0-2 libjack-jackd2-0 libjxl0.7 liblapack3
capability	Install the same pinned Playwright browsers and dependencies	2026-10-06T16:12:21.7534168Z   liblc3-1 libldacbt-enc2 liblilv-0-0 liblrdf0 libltc11 libmanette-0.2-0
capability	Install the same pinned Playwright browsers and dependencies	2026-10-06T16:12:21.7534697Z   libmbedcrypto7t64 libmfx1 libmjpegutils-2.1-0t64 libmodplug1 libmp3lame0
capability	Install the same pinned Playwright browsers and dependencies	2026-10-06T16:12:21.7535224Z   libmpcdec6 libmpeg2encpp-2.1-0t64 libmpg123-0t64 libmplex2-2.1-0t64
capability	Install the same pinned Playwright browsers and dependencies	2026-10-06T16:12:21.7535700Z   libmysofa1 libneon27t64 libnice10 libopenal-data libopenal1
capability	Install the same pinned Playwright browsers and dependencies	2026-10-06T16:12:21.7536178Z   libopenexr-3-1-30 libopenh264-7 libopenmpt0t64 libopenni2-0 libopus0
capability	Install the same pinned Playwright browsers and dependencies	2026-10-06T16:12:21.7536671Z   liborc-0.4-0t64 libpipewire-0.3-0t64 libplacebo338 libpocketsphinx3
capability	Install the same pinned Playwright browsers and dependencies	2026-10-06T16:12:21.7537179Z   libpostproc57 libproxy1v5 libpulse0 libqrencode4 libraptor2-0 librav1e0
capability	Install the same pinned Playwright browsers and dependencies	2026-10-06T16:12:21.7538079Z   libraw1394-11 librist4 librsvg2-2 librubberband2 libsamplerate0 libsbc1
capability	Install the same pinned Playwright browsers and dependencies	2026-10-06T16:12:21.7538995Z   libsdl2-2.0-0 libsecret-1-0 libsecret-common libserd-0-0 libshine3 libshout3
capability	Install the same pinned Playwright browsers and dependencies	2026-10-06T16:12:21.7539577Z   libsndfile1 libsndio7.0 libsord-0-0 libsoundtouch1 libsoup-3.0-0
capability	Install the same pinned Playwright browsers and dependencies	2026-10-06T16:12:21.7540100Z   libsoup-3.0-common libsoxr0 libspa-0.2-modules libspandsp2t64 libspeex1
capability	Install the same pinned Playwright browsers and dependencies	2026-10-06T16:12:21.7540669Z   libsphinxbase3t64 libsratom-0-0 libsrt1.5-gnutls libsrtp2-1 libssh-gcrypt-4
capability	Install the same pinned Playwright browsers and dependencies	2026-10-06T16:12:21.7541223Z   libsvtav1enc1d1 libswresample4 libswscale7 libtag1v5 libtag1v5-vanilla
capability	Install the same pinned Playwright browsers and dependencies	2026-10-06T16:12:21.7541710Z   libtheora0 libtwolame0 libudfread0 libunibreak5 libv4l-0t64
capability	Install the same pinned Playwright browsers and dependencies	2026-10-06T16:12:21.7542203Z   libv4lconvert0t64 libva-drm2 libva-x11-2 libva2 libvdpau1 libvidstab1.1
capability	Install the same pinned Playwright browsers and dependencies	2026-10-06T16:12:21.7542739Z   libvisual-0.4-0 libvo-aacenc0 libvo-amrwbenc0 libvorbisenc2 libvpl2 libvpx9
capability	Install the same pinned Playwright browsers and dependencies	2026-10-06T16:12:21.7543292Z   libwavpack1 libwayland-server0 libwebrtc-audio-processing1 libwildmidi2
capability	Install the same pinned Playwright browsers and dependencies	2026-10-06T16:12:21.7543843Z   libwoff1 libx264-164 libx265-199 libxcb-xkb1 libxkbcommon-x11-0 libxvidcore4
capability	Install the same pinned Playwright browsers and dependencies	2026-10-06T16:12:21.7544452Z   libyuv0 libzbar0t64 libzimg2 libzix-0-0 libzvbi-common libzvbi0t64 libzxing3
capability	Install the same pinned Playwright browsers and dependencies	2026-10-06T16:12:21.7545004Z   ocl-icd-libopencl1 session-migration timgm6mb-soundfont xfonts-cyrillic
capability	Install the same pinned Playwright browsers and dependencies	2026-10-06T16:12:21.7545450Z   xfonts-encodings xfonts-scalable xfonts-utils
capability	Install the same pinned Playwright browsers and dependencies	2026-10-06T16:12:21.7545818Z The following packages will be upgraded:
capability	Install the same pinned Playwright browsers and dependencies	2026-10-06T16:12:21.7546241Z   libevent-core-2.1-7t64 libevent-pthreads-2.1-7t64 libfreetype6 libgbm1
capability	Install the same pinned Playwright browsers and dependencies	2026-10-06T16:12:21.7549912Z   libgl1-mesa-dri libglx-mesa0 mesa-libgallium
capability	Install the same pinned Playwright browsers and dependencies	2026-10-06T16:12:21.7861284Z 7 upgraded, 181 newly installed, 0 to remove and 22 not upgraded.
capability	Install the same pinned Playwright browsers and dependencies	2026-10-06T16:12:21.7861872Z Need to get 126 MB of archives.
capability	Install the same pinned Playwright browsers and dependencies	2026-10-06T16:12:21.7862390Z After this operation, 364 MB of additional disk space will be used.
capability	Install the same pinned Playwright browsers and dependencies	2026-10-06T16:12:21.7862976Z Get:1 file:/etc/apt/apt-mirrors.txt Mirrorlist [144 B]
capability	Install the same pinned Playwright browsers and dependencies	2026-10-06T16:12:21.8824660Z Get:2 http://azure.archive.ubuntu.com/ubuntu noble/universe amd64 fonts-ipafont-gothic all 00303-21ubuntu1 [3513 kB]
capability	Install the same pinned Playwright browsers and dependencies	2026-10-06T16:12:22.0409181Z Get:3 http://azure.archive.ubuntu.com/ubuntu noble/main amd64 fonts-freefont-ttf all 20211204+svn4273-2 [5641 kB]
capability	Install the same pinned Playwright browsers and dependencies	2026-10-06T16:12:22.2529502Z Get:4 http://azure.archive.ubuntu.com/ubuntu noble/universe amd64 fonts-tlwg-loma-otf all 1:0.7.3-1 [107 kB]
capability	Install the same pinned Playwright browsers and dependencies	2026-10-06T16:12:22.3284871Z Get:5 http://azure.archive.ubuntu.com/ubuntu noble/universe amd64 fonts-unifont all 1:15.1.01-1build1 [2993 kB]
capability	Install the same pinned Playwright browsers and dependencies	2026-10-06T16:12:22.4722434Z Get:6 http://azure.archive.ubuntu.com/ubuntu noble/universe amd64 fonts-wqy-zenhei all 0.9.45-8 [7472 kB]
capability	Install the same pinned Playwright browsers and dependencies	2026-10-06T16:12:22.7263481Z Get:7 http://azure.archive.ubuntu.com/ubuntu noble/main amd64 libproxy1v5 amd64 0.5.4-4build1 [26.5 kB]
capability	Install the same pinned Playwright browsers and dependencies	2026-10-06T16:12:22.8008218Z Get:8 http://azure.archive.ubuntu.com/ubuntu noble/main amd64 glib-networking-common all 2.80.0-1build1 [6702 B]
capability	Install the same pinned Playwright browsers and dependencies	2026-10-06T16:12:22.8745501Z Get:9 http://azure.archive.ubuntu.com/ubuntu noble/main amd64 glib-networking-services amd64 2.80.0-1build1 [12.8 kB]
capability	Install the same pinned Playwright browsers and dependencies	2026-10-06T16:12:22.9486109Z Get:10 http://azure.archive.ubuntu.com/ubuntu noble/main amd64 session-migration amd64 0.3.9build1 [9034 B]
capability	Install the same pinned Playwright browsers and dependencies	2026-10-06T16:12:23.0229621Z Get:11 http://azure.archive.ubuntu.com/ubuntu noble-updates/main amd64 gsettings-desktop-schemas all 46.1-0ubuntu1 [35.6 kB]
capability	Install the same pinned Playwright browsers and dependencies	2026-10-06T16:12:23.0925873Z Get:12 http://azure.archive.ubuntu.com/ubuntu noble/main amd64 glib-networking amd64 2.80.0-1build1 [64.1 kB]
capability	Install the same pinned Playwright browsers and dependencies	2026-10-06T16:12:23.1619598Z Get:13 http://azure.archive.ubuntu.com/ubuntu noble-updates/universe amd64 libva2 amd64 2.20.0-2ubuntu0.2 [66.4 kB]
capability	Install the same pinned Playwright browsers and dependencies	2026-10-06T16:12:23.2312210Z Get:14 http://azure.archive.ubuntu.com/ubuntu noble-updates/universe amd64 libva-drm2 amd64 2.20.0-2ubuntu0.2 [7124 B]
capability	Install the same pinned Playwright browsers and dependencies	2026-10-06T16:12:23.2999887Z Get:15 http://azure.archive.ubuntu.com/ubuntu noble-updates/universe amd64 libva-x11-2 amd64 2.20.0-2ubuntu0.2 [12.0 kB]
capability	Install the same pinned Playwright browsers and dependencies	2026-10-06T16:12:23.3687489Z Get:16 http://azure.archive.ubuntu.com/ubuntu noble/main amd64 libvdpau1 amd64 1.5-2build1 [27.8 kB]
capability	Install the same pinned Playwright browsers and dependencies	2026-10-06T16:12:23.4380204Z Get:17 http://azure.archive.ubuntu.com/ubuntu noble/universe amd64 libvpl2 amd64 2023.3.0-1build1 [99.8 kB]
capability	Install the same pinned Playwright browsers and dependencies	2026-10-06T16:12:23.5081815Z Get:18 http://azure.archive.ubuntu.com/ubuntu noble/universe amd64 ocl-icd-libopencl1 amd64 2.3.2-1build1 [38.5 kB]
capability	Install the same pinned Playwright browsers and dependencies	2026-10-06T16:12:23.5778025Z Get:19 http://azure.archive.ubuntu.com/ubuntu noble/universe amd64 libavutil58 amd64 7:6.1.1-3ubuntu5 [401 kB]
capability	Install the same pinned Playwright browsers and dependencies	2026-10-06T16:12:23.6564054Z Get:20 http://azure.archive.ubuntu.com/ubuntu noble/universe amd64 libcodec2-1.2 amd64 1.2.0-2build1 [8998 kB]
capability	Install the same pinned Playwright browsers and dependencies	2026-10-06T16:12:23.9219124Z Get:21 http://azure.archive.ubuntu.com/ubuntu noble/universe amd64 libdav1d7 amd64 1.4.1-1build1 [604 kB]
capability	Install the same pinned Playwright browsers and dependencies	2026-10-06T16:12:24.0033112Z Get:22 http://azure.archive.ubuntu.com/ubuntu noble/universe amd64 libgsm1 amd64 1.0.22-1build1 [27.8 kB]
capability	Install the same pinned Playwright browsers and dependencies	2026-10-06T16:12:24.0740550Z Get:23 http://azure.archive.ubuntu.com/ubuntu noble/universe amd64 libhwy1t64 amd64 1.0.7-8.1build1 [584 kB]
capability	Install the same pinned Playwright browsers and dependencies	2026-10-06T16:12:24.1527924Z Get:24 http://azure.archive.ubuntu.com/ubuntu noble-updates/universe amd64 libjxl0.7 amd64 0.7.0-10.2ubuntu6.1 [1001 kB]
capability	Install the same pinned Playwright browsers and dependencies	2026-10-06T16:12:24.2422353Z Get:25 http://azure.archive.ubuntu.com/ubuntu noble/main amd64 libmp3lame0 amd64 3.100-6build1 [142 kB]
capability	Install the same pinned Playwright browsers and dependencies	2026-10-06T16:12:24.3160059Z Get:26 http://azure.archive.ubuntu.com/ubuntu noble/main amd64 libopus0 amd64 1.4-1build1 [208 kB]
capability	Install the same pinned Playwright browsers and dependencies	2026-10-06T16:12:24.3961279Z Get:27 http://azure.archive.ubuntu.com/ubuntu noble/universe amd64 librav1e0 amd64 0.7.1-2 [1022 kB]
capability	Install the same pinned Playwright browsers and dependencies	2026-10-06T16:12:24.4911002Z Get:28 http://azure.archive.ubuntu.com/ubuntu noble/main amd64 librsvg2-2 amd64 2.58.0+dfsg-1build1 [2135 kB]
capability	Install the same pinned Playwright browsers and dependencies	2026-10-06T16:12:24.6116014Z Get:29 http://azure.archive.ubuntu.com/ubuntu noble/universe amd64 libshine3 amd64 3.1.1-2build1 [23.2 kB]
capability	Install the same pinned Playwright browsers and dependencies	2026-10-06T16:12:24.6839644Z Get:30 http://azure.archive.ubuntu.com/ubuntu noble-updates/main amd64 libspeex1 amd64 1.2.1-2ubuntu2.24.04.1 [59.6 kB]
capability	Install the same pinned Playwright browsers and dependencies	2026-10-06T16:12:24.7534984Z Get:31 http://azure.archive.ubuntu.com/ubuntu noble/universe amd64 libsvtav1enc1d1 amd64 1.7.0+dfsg-2build1 [2425 kB]
capability	Install the same pinned Playwright browsers and dependencies	2026-10-06T16:12:24.8843832Z Get:32 http://azure.archive.ubuntu.com/ubuntu noble/universe amd64 libsoxr0 amd64 0.1.3-4build3 [80.0 kB]
capability	Install the same pinned Playwright browsers and dependencies	2026-10-06T16:12:24.9597595Z Get:33 http://azure.archive.ubuntu.com/ubuntu noble/universe amd64 libswresample4 amd64 7:6.1.1-3ubuntu5 [63.8 kB]
capability	Install the same pinned Playwright browsers and dependencies	2026-10-06T16:12:25.0420809Z Get:34 http://azure.archive.ubuntu.com/ubuntu noble/main amd64 libtheora0 amd64 1.1.1+dfsg.1-16.1build3 [211 kB]
capability	Install the same pinned Playwright browsers and dependencies	2026-10-06T16:12:25.1180874Z Get:35 http://azure.archive.ubuntu.com/ubuntu noble/main amd64 libtwolame0 amd64 0.4.0-2build3 [52.3 kB]
capability	Install the same pinned Playwright browsers and dependencies	2026-10-06T16:12:25.1914852Z Get:36 http://azure.archive.ubuntu.com/ubuntu noble/main amd64 libvorbisenc2 amd64 1.3.7-1build3 [80.8 kB]
capability	Install the same pinned Playwright browsers and dependencies	2026-10-06T16:12:25.2710485Z Get:37 http://azure.archive.ubuntu.com/ubuntu noble-updates/main amd64 libvpx9 amd64 1.14.0-1ubuntu2.3 [1143 kB]
capability	Install the same pinned Playwright browsers and dependencies	2026-10-06T16:12:25.3705451Z Get:38 http://azure.archive.ubuntu.com/ubuntu noble/universe amd64 libx264-164 amd64 2:0.164.3108+git31e19f9-1 [604 kB]
capability	Install the same pinned Playwright browsers and dependencies	2026-10-06T16:12:25.4590707Z Get:39 http://azure.archive.ubuntu.com/ubuntu noble/universe amd64 libx265-199 amd64 3.5-2build1 [1226 kB]
capability	Install the same pinned Playwright browsers and dependencies	2026-10-06T16:12:25.5597122Z Get:40 http://azure.archive.ubuntu.com/ubuntu noble/universe amd64 libxvidcore4 amd64 2:1.3.7-1build1 [219 kB]
capability	Install the same pinned Playwright browsers and dependencies	2026-10-06T16:12:25.6393387Z Get:41 http://azure.archive.ubuntu.com/ubuntu noble/universe amd64 libzvbi-common all 0.2.42-2 [42.4 kB]
capability	Install the same pinned Playwright browsers and dependencies	2026-10-06T16:12:25.7139352Z Get:42 http://azure.archive.ubuntu.com/ubuntu noble/universe amd64 libzvbi0t64 amd64 0.2.42-2 [261 kB]
capability	Install the same pinned Playwright browsers and dependencies	2026-10-06T16:12:25.7937285Z Get:43 http://azure.archive.ubuntu.com/ubuntu noble/universe amd64 libavcodec60 amd64 7:6.1.1-3ubuntu5 [5851 kB]
capability	Install the same pinned Playwright browsers and dependencies	2026-10-06T16:12:26.0835231Z Get:44 http://azure.archive.ubuntu.com/ubuntu noble-security/main amd64 libfreetype6 amd64 2.13.2+dfsg-1ubuntu0.2 [403 kB]
capability	Install the same pinned Playwright browsers and dependencies	2026-10-06T16:12:26.1657981Z Get:45 http://azure.archive.ubuntu.com/ubuntu noble/universe amd64 libunibreak5 amd64 5.1-2build1 [25.0 kB]
capability	Install the same pinned Playwright browsers and dependencies	2026-10-06T16:12:26.2398748Z Get:46 http://azure.archive.ubuntu.com/ubuntu noble/universe amd64 libass9 amd64 1:0.17.1-2build1 [104 kB]
capability	Install the same pinned Playwright browsers and dependencies	2026-10-06T16:12:26.3168972Z Get:47 http://azure.archive.ubuntu.com/ubuntu noble/universe amd64 libudfread0 amd64 1.1.2-1build1 [19.0 kB]
capability	Install the same pinned Playwright browsers and dependencies	2026-10-06T16:12:26.3908641Z Get:48 http://azure.archive.ubuntu.com/ubuntu noble/universe amd64 libbluray2 amd64 1:1.3.4-1build1 [159 kB]
capability	Install the same pinned Playwright browsers and dependencies	2026-10-06T16:12:26.4674409Z Get:49 http://azure.archive.ubuntu.com/ubuntu noble/universe amd64 libchromaprint1 amd64 1.5.1-5 [30.5 kB]
capability	Install the same pinned Playwright browsers and dependencies	2026-10-06T16:12:26.5416848Z Get:50 http://azure.archive.ubuntu.com/ubuntu noble/universe amd64 libgme0 amd64 0.6.3-7build1 [134 kB]
capability	Install the same pinned Playwright browsers and dependencies	2026-10-06T16:12:26.6185512Z Get:51 http://azure.archive.ubuntu.com/ubuntu noble-updates/main amd64 libmpg123-0t64 amd64 1.32.5-1ubuntu1.1 [169 kB]
capability	Install the same pinned Playwright browsers and dependencies	2026-10-06T16:12:26.6952583Z Get:52 http://azure.archive.ubuntu.com/ubuntu noble/universe amd64 libopenmpt0t64 amd64 0.7.3-1.1build3 [647 kB]
capability	Install the same pinned Playwright browsers and dependencies	2026-10-06T16:12:26.7823138Z Get:53 http://azure.archive.ubuntu.com/ubuntu noble/universe amd64 libcjson1 amd64 1.7.17-1 [24.8 kB]
capability	Install the same pinned Playwright browsers and dependencies	2026-10-06T16:12:26.8565054Z Get:54 http://azure.archive.ubuntu.com/ubuntu noble/universe amd64 libmbedcrypto7t64 amd64 2.28.8-1 [209 kB]
capability	Install the same pinned Playwright browsers and dependencies	2026-10-06T16:12:26.9369066Z Get:55 http://azure.archive.ubuntu.com/ubuntu noble/universe amd64 librist4 amd64 0.2.10+dfsg-2 [74.9 kB]
capability	Install the same pinned Playwright browsers and dependencies	2026-10-06T16:12:27.0113595Z Get:56 http://azure.archive.ubuntu.com/ubuntu noble/universe amd64 libsrt1.5-gnutls amd64 1.5.3-1build2 [316 kB]
capability	Install the same pinned Playwright browsers and dependencies	2026-10-06T16:12:27.0912179Z Get:57 http://azure.archive.ubuntu.com/ubuntu noble-updates/main amd64 libssh-gcrypt-4 amd64 0.10.6-2ubuntu0.5 [226 kB]
capability	Install the same pinned Playwright browsers and dependencies	2026-10-06T16:12:27.1688998Z Get:58 http://azure.archive.ubuntu.com/ubuntu noble/universe amd64 libavformat60 amd64 7:6.1.1-3ubuntu5 [1153 kB]
capability	Install the same pinned Playwright browsers and dependencies	2026-10-06T16:12:27.2682695Z Get:59 http://azure.archive.ubuntu.com/ubuntu noble/universe amd64 libbs2b0 amd64 3.1.0+dfsg-7build1 [10.6 kB]
capability	Install the same pinned Playwright browsers and dependencies	2026-10-06T16:12:27.3421776Z Get:60 http://azure.archive.ubuntu.com/ubuntu noble/universe amd64 libflite1 amd64 2.2-6build3 [13.6 MB]
capability	Install the same pinned Playwright browsers and dependencies	2026-10-06T16:12:27.7576889Z Get:61 http://azure.archive.ubuntu.com/ubuntu noble/universe amd64 libserd-0-0 amd64 0.32.2-1 [43.6 kB]
capability	Install the same pinned Playwright browsers and dependencies	2026-10-06T16:12:27.8592945Z Get:62 http://azure.archive.ubuntu.com/ubuntu noble/universe amd64 libzix-0-0 amd64 0.4.2-2build1 [23.6 kB]
capability	Install the same pinned Playwright browsers and dependencies	2026-10-06T16:12:27.9335220Z Get:63 http://azure.archive.ubuntu.com/ubuntu noble/universe amd64 libsord-0-0 amd64 0.16.16-2build1 [15.8 kB]
capability	Install the same pinned Playwright browsers and dependencies	2026-10-06T16:12:28.0101050Z Get:64 http://azure.archive.ubuntu.com/ubuntu noble/universe amd64 libsratom-0-0 amd64 0.6.16-1build1 [17.3 kB]
capability	Install the same pinned Playwright browsers and dependencies	2026-10-06T16:12:28.0844849Z Get:65 http://azure.archive.ubuntu.com/ubuntu noble/universe amd64 liblilv-0-0 amd64 0.24.22-1build1 [41.0 kB]
capability	Install the same pinned Playwright browsers and dependencies	2026-10-06T16:12:28.1595316Z Get:66 http://azure.archive.ubuntu.com/ubuntu noble/universe amd64 libmysofa1 amd64 1.3.2+dfsg-2ubuntu2 [1158 kB]
capability	Install the same pinned Playwright browsers and dependencies	2026-10-06T16:12:28.2593696Z Get:67 http://azure.archive.ubuntu.com/ubuntu noble/universe amd64 libplacebo338 amd64 6.338.2-2build1 [2654 kB]
capability	Install the same pinned Playwright browsers and dependencies	2026-10-06T16:12:28.3942860Z Get:68 http://azure.archive.ubuntu.com/ubuntu noble-updates/main amd64 libblas3 amd64 3.12.0-3build1.1 [238 kB]
capability	Install the same pinned Playwright browsers and dependencies	2026-10-06T16:12:28.4721901Z Get:69 http://azure.archive.ubuntu.com/ubuntu noble-updates/main amd64 liblapack3 amd64 3.12.0-3build1.1 [2646 kB]
capability	Install the same pinned Playwright browsers and dependencies	2026-10-06T16:12:28.6084293Z Get:70 http://azure.archive.ubuntu.com/ubuntu noble/main amd64 libasyncns0 amd64 0.8-6build4 [11.3 kB]
capability	Install the same pinned Playwright browsers and dependencies	2026-10-06T16:12:28.6826058Z Get:71 http://azure.archive.ubuntu.com/ubuntu noble/main amd64 libflac12t64 amd64 1.4.3+ds-2.1ubuntu2 [197 kB]
capability	Install the same pinned Playwright browsers and dependencies	2026-10-06T16:12:28.7684839Z Get:72 http://azure.archive.ubuntu.com/ubuntu noble-updates/main amd64 libsndfile1 amd64 1.2.2-1ubuntu5.24.04.1 [209 kB]
capability	Install the same pinned Playwright browsers and dependencies	2026-10-06T16:12:28.8435304Z Get:73 http://azure.archive.ubuntu.com/ubuntu noble-updates/main amd64 libpulse0 amd64 1:16.1+dfsg1-2ubuntu10.1 [292 kB]
capability	Install the same pinned Playwright browsers and dependencies	2026-10-06T16:12:28.9235572Z Get:74 http://azure.archive.ubuntu.com/ubuntu noble/universe amd64 libsphinxbase3t64 amd64 0.8+5prealpha+1-17build2 [126 kB]
capability	Install the same pinned Playwright browsers and dependencies	2026-10-06T16:12:28.9981632Z Get:75 http://azure.archive.ubuntu.com/ubuntu noble/universe amd64 libpocketsphinx3 amd64 0.8.0+real5prealpha+1-15ubuntu5 [133 kB]
capability	Install the same pinned Playwright browsers and dependencies	2026-10-06T16:12:29.0755424Z Get:76 http://azure.archive.ubuntu.com/ubuntu noble/universe amd64 libpostproc57 amd64 7:6.1.1-3ubuntu5 [49.9 kB]
capability	Install the same pinned Playwright browsers and dependencies	2026-10-06T16:12:29.1500375Z Get:77 http://azure.archive.ubuntu.com/ubuntu noble/main amd64 libsamplerate0 amd64 0.2.2-4build1 [1344 kB]
capability	Install the same pinned Playwright browsers and dependencies	2026-10-06T16:12:29.2541080Z Get:78 http://azure.archive.ubuntu.com/ubuntu noble/universe amd64 librubberband2 amd64 3.3.0+dfsg-2build1 [130 kB]
capability	Install the same pinned Playwright browsers and dependencies	2026-10-06T16:12:29.3293505Z Get:79 http://azure.archive.ubuntu.com/ubuntu noble/universe amd64 libswscale7 amd64 7:6.1.1-3ubuntu5 [193 kB]
capability	Install the same pinned Playwright browsers and dependencies	2026-10-06T16:12:29.4063950Z Get:80 http://azure.archive.ubuntu.com/ubuntu noble/universe amd64 libvidstab1.1 amd64 1.1.0-2build1 [38.5 kB]
capability	Install the same pinned Playwright browsers and dependencies	2026-10-06T16:12:29.4806396Z Get:81 http://azure.archive.ubuntu.com/ubuntu noble/universe amd64 libzimg2 amd64 3.0.5+ds1-1build1 [254 kB]
capability	Install the same pinned Playwright browsers and dependencies	2026-10-06T16:12:29.5674812Z Get:82 http://azure.archive.ubuntu.com/ubuntu noble/universe amd64 libavfilter9 amd64 7:6.1.1-3ubuntu5 [4235 kB]
capability	Install the same pinned Playwright browsers and dependencies	2026-10-06T16:12:29.7271475Z Get:83 http://azure.archive.ubuntu.com/ubuntu noble-updates/main amd64 liborc-0.4-0t64 amd64 1:0.4.38-1ubuntu0.1 [207 kB]
capability	Install the same pinned Playwright browsers and dependencies	2026-10-06T16:12:29.8043390Z Get:84 http://azure.archive.ubuntu.com/ubuntu noble-updates/main amd64 libgstreamer-plugins-base1.0-0 amd64 1.24.2-1ubuntu0.5 [862 kB]
capability	Install the same pinned Playwright browsers and dependencies	2026-10-06T16:12:29.8871328Z Get:85 http://azure.archive.ubuntu.com/ubuntu noble/universe amd64 gstreamer1.0-libav amd64 1.24.1-1build1 [103 kB]
capability	Install the same pinned Playwright browsers and dependencies	2026-10-06T16:12:29.9636510Z Get:86 http://azure.archive.ubuntu.com/ubuntu noble/main amd64 libcdparanoia0 amd64 3.10.2+debian-14build3 [48.5 kB]
capability	Install the same pinned Playwright browsers and dependencies	2026-10-06T16:12:30.0396598Z Get:87 http://azure.archive.ubuntu.com/ubuntu noble/main amd64 libvisual-0.4-0 amd64 0.4.2-2build1 [115 kB]
capability	Install the same pinned Playwright browsers and dependencies	2026-10-06T16:12:30.1160605Z Get:88 http://azure.archive.ubuntu.com/ubuntu noble-updates/main amd64 gstreamer1.0-plugins-base amd64 1.24.2-1ubuntu0.5 [721 kB]
capability	Install the same pinned Playwright browsers and dependencies	2026-10-06T16:12:30.1974735Z Get:89 http://azure.archive.ubuntu.com/ubuntu noble/main amd64 libaa1 amd64 1.4p5-51.1 [49.9 kB]
capability	Install the same pinned Playwright browsers and dependencies	2026-10-06T16:12:30.2738990Z Get:90 http://azure.archive.ubuntu.com/ubuntu noble/main amd64 libraw1394-11 amd64 2.1.2-2build3 [26.2 kB]
capability	Install the same pinned Playwright browsers and dependencies	2026-10-06T16:12:30.3498995Z Get:91 http://azure.archive.ubuntu.com/ubuntu noble/main amd64 libavc1394-0 amd64 0.5.4-5build3 [15.4 kB]
capability	Install the same pinned Playwright browsers and dependencies	2026-10-06T16:12:30.4258232Z Get:92 http://azure.archive.ubuntu.com/ubuntu noble-updates/main amd64 libcaca0 amd64 0.99.beta20-4ubuntu0.2 [209 kB]
capability	Install the same pinned Playwright browsers and dependencies	2026-10-06T16:12:30.5035440Z Get:93 http://azure.archive.ubuntu.com/ubuntu noble/main amd64 libdv4t64 amd64 1.0.0-17.1build1 [63.2 kB]
capability	Install the same pinned Playwright browsers and dependencies	2026-10-06T16:12:30.5805756Z Get:94 http://azure.archive.ubuntu.com/ubuntu noble-updates/main amd64 libgstreamer-plugins-good1.0-0 amd64 1.24.2-1ubuntu1.8 [34.3 kB]
capability	Install the same pinned Playwright browsers and dependencies	2026-10-06T16:12:30.6636952Z Get:95 http://azure.archive.ubuntu.com/ubuntu noble/main amd64 libiec61883-0 amd64 1.2.0-6build1 [24.5 kB]
capability	Install the same pinned Playwright browsers and dependencies	2026-10-06T16:12:30.7395395Z Get:96 http://azure.archive.ubuntu.com/ubuntu noble/main amd64 libshout3 amd64 2.4.6-1build2 [50.3 kB]
capability	Install the same pinned Playwright browsers and dependencies	2026-10-06T16:12:30.8158260Z Get:97 http://azure.archive.ubuntu.com/ubuntu noble/main amd64 libtag1v5-vanilla amd64 1.13.1-1build1 [326 kB]
capability	Install the same pinned Playwright browsers and dependencies	2026-10-06T16:12:30.8941812Z Get:98 http://azure.archive.ubuntu.com/ubuntu noble/main amd64 libtag1v5 amd64 1.13.1-1build1 [11.7 kB]
capability	Install the same pinned Playwright browsers and dependencies	2026-10-06T16:12:30.9700231Z Get:99 http://azure.archive.ubuntu.com/ubuntu noble/main amd64 libv4lconvert0t64 amd64 1.26.1-4build3 [87.6 kB]
capability	Install the same pinned Playwright browsers and dependencies	2026-10-06T16:12:31.0432613Z Get:100 http://azure.archive.ubuntu.com/ubuntu noble/main amd64 libv4l-0t64 amd64 1.26.1-4build3 [46.9 kB]
capability	Install the same pinned Playwright browsers and dependencies	2026-10-06T16:12:31.1246078Z Get:101 http://azure.archive.ubuntu.com/ubuntu noble/main amd64 libwavpack1 amd64 5.6.0-1build1 [84.6 kB]
capability	Install the same pinned Playwright browsers and dependencies	2026-10-06T16:12:31.2020763Z Get:102 http://azure.archive.ubuntu.com/ubuntu noble-updates/main amd64 libsoup-3.0-common all 3.4.4-5ubuntu0.8 [11.7 kB]
capability	Install the same pinned Playwright browsers and dependencies	2026-10-06T16:12:31.2760976Z Get:103 http://azure.archive.ubuntu.com/ubuntu noble-updates/main amd64 libsoup-3.0-0 amd64 3.4.4-5ubuntu0.8 [290 kB]
capability	Install the same pinned Playwright browsers and dependencies	2026-10-06T16:12:31.3556607Z Get:104 http://azure.archive.ubuntu.com/ubuntu noble-updates/main amd64 gstreamer1.0-plugins-good amd64 1.24.2-1ubuntu1.8 [2236 kB]
capability	Install the same pinned Playwright browsers and dependencies	2026-10-06T16:12:31.4804716Z Get:105 http://azure.archive.ubuntu.com/ubuntu noble-updates/main amd64 libabsl20220623t64 amd64 20220623.1-3.1ubuntu3.2 [423 kB]
capability	Install the same pinned Playwright browsers and dependencies	2026-10-06T16:12:31.5635757Z Get:106 http://azure.archive.ubuntu.com/ubuntu noble/universe amd64 libgav1-1 amd64 0.18.0-1build3 [357 kB]
capability	Install the same pinned Playwright browsers and dependencies	2026-10-06T16:12:31.6448256Z Get:107 http://azure.archive.ubuntu.com/ubuntu noble/universe amd64 libyuv0 amd64 0.0~git202401110.af6ac82-1 [178 kB]
capability	Install the same pinned Playwright browsers and dependencies	2026-10-06T16:12:31.7220721Z Get:108 http://azure.archive.ubuntu.com/ubuntu noble/universe amd64 libavif16 amd64 1.0.4-1ubuntu3 [91.2 kB]
capability	Install the same pinned Playwright browsers and dependencies	2026-10-06T16:12:31.7969950Z Get:109 http://azure.archive.ubuntu.com/ubuntu noble/universe amd64 libavtp0 amd64 0.2.0-1build1 [6414 B]
capability	Install the same pinned Playwright browsers and dependencies	2026-10-06T16:12:31.8708888Z Get:110 http://azure.archive.ubuntu.com/ubuntu noble/main amd64 libcairo-script-interpreter2 amd64 1.18.0-3build1 [60.3 kB]
capability	Install the same pinned Playwright browsers and dependencies	2026-10-06T16:12:31.9455649Z Get:111 http://azure.archive.ubuntu.com/ubuntu noble/universe amd64 libdc1394-25 amd64 2.2.6-4build1 [90.1 kB]
capability	Install the same pinned Playwright browsers and dependencies	2026-10-06T16:12:32.0207610Z Get:112 http://azure.archive.ubuntu.com/ubuntu noble-updates/main amd64 libde265-0 amd64 1.0.15-1ubuntu0.1 [167 kB]
capability	Install the same pinned Playwright browsers and dependencies	2026-10-06T16:12:32.0980403Z Get:113 http://azure.archive.ubuntu.com/ubuntu noble/main amd64 libdecor-0-0 amd64 0.2.2-1build2 [16.5 kB]
capability	Install the same pinned Playwright browsers and dependencies	2026-10-06T16:12:32.1745310Z Get:114 http://azure.archive.ubuntu.com/ubuntu noble/main amd64 libgles2 amd64 1.7.0-1build1 [17.1 kB]
capability	Install the same pinned Playwright browsers and dependencies	2026-10-06T16:12:32.2463399Z Get:115 http://azure.archive.ubuntu.com/ubuntu noble/universe amd64 libdirectfb-1.7-7t64 amd64 1.7.7-11.1ubuntu2 [1035 kB]
capability	Install the same pinned Playwright browsers and dependencies	2026-10-06T16:12:32.3433712Z Get:116 http://azure.archive.ubuntu.com/ubuntu noble/universe amd64 libdvdread8t64 amd64 6.1.3-1.1build1 [54.7 kB]
capability	Install the same pinned Playwright browsers and dependencies	2026-10-06T16:12:32.4166114Z Get:117 http://azure.archive.ubuntu.com/ubuntu noble/universe amd64 libdvdnav4 amd64 6.1.1-3build1 [39.5 kB]
capability	Install the same pinned Playwright browsers and dependencies	2026-10-06T16:12:32.4896986Z Get:118 http://azure.archive.ubuntu.com/ubuntu noble-updates/main amd64 libgl1-mesa-dri amd64 25.2.8-0ubuntu0.24.04.4 [38.0 kB]
capability	Install the same pinned Playwright browsers and dependencies	2026-10-06T16:12:32.5629575Z Get:119 http://azure.archive.ubuntu.com/ubuntu noble-updates/main amd64 libglx-mesa0 amd64 25.2.8-0ubuntu0.24.04.4 [110 kB]
capability	Install the same pinned Playwright browsers and dependencies	2026-10-06T16:12:32.6369332Z Get:120 http://azure.archive.ubuntu.com/ubuntu noble-updates/main amd64 libgbm1 amd64 25.2.8-0ubuntu0.24.04.4 [34.2 kB]
capability	Install the same pinned Playwright browsers and dependencies	2026-10-06T16:12:32.7101703Z Get:121 http://azure.archive.ubuntu.com/ubuntu noble-updates/main amd64 mesa-libgallium amd64 25.2.8-0ubuntu0.24.04.4 [10.8 MB]
capability	Install the same pinned Playwright browsers and dependencies	2026-10-06T16:12:33.0322445Z Get:122 http://azure.archive.ubuntu.com/ubuntu noble-updates/main amd64 libegl-mesa0 amd64 25.2.8-0ubuntu0.24.04.4 [117 kB]
capability	Install the same pinned Playwright browsers and dependencies	2026-10-06T16:12:33.1063656Z Get:123 http://azure.archive.ubuntu.com/ubuntu noble-updates/main amd64 libevent-2.1-7t64 amd64 2.1.12-stable-9ubuntu2.2 [146 kB]
capability	Install the same pinned Playwright browsers and dependencies	2026-10-06T16:12:33.1825146Z Get:124 http://azure.archive.ubuntu.com/ubuntu noble-updates/main amd64 libevent-pthreads-2.1-7t64 amd64 2.1.12-stable-9ubuntu2.2 [7988 B]
capability	Install the same pinned Playwright browsers and dependencies	2026-10-06T16:12:33.2553581Z Get:125 http://azure.archive.ubuntu.com/ubuntu noble-updates/main amd64 libevent-core-2.1-7t64 amd64 2.1.12-stable-9ubuntu2.2 [91.9 kB]
capability	Install the same pinned Playwright browsers and dependencies	2026-10-06T16:12:33.3289682Z Get:126 http://azure.archive.ubuntu.com/ubuntu noble/universe amd64 libfaad2 amd64 2.11.1-1build1 [207 kB]
capability	Install the same pinned Playwright browsers and dependencies	2026-10-06T16:12:33.4054654Z Get:127 http://azure.archive.ubuntu.com/ubuntu noble/universe amd64 libinstpatch-1.0-2 amd64 1.1.6-1build2 [251 kB]
capability	Install the same pinned Playwright browsers and dependencies	2026-10-06T16:12:33.4835493Z Get:128 http://azure.archive.ubuntu.com/ubuntu noble/main amd64 libjack-jackd2-0 amd64 1.9.21~dfsg-3ubuntu3 [289 kB]
capability	Install the same pinned Playwright browsers and dependencies	2026-10-06T16:12:33.5622626Z Get:129 http://azure.archive.ubuntu.com/ubuntu noble/main amd64 libwebrtc-audio-processing1 amd64 0.3.1-0ubuntu6 [290 kB]
capability	Install the same pinned Playwright browsers and dependencies	2026-10-06T16:12:33.6398341Z Get:130 http://azure.archive.ubuntu.com/ubuntu noble-updates/main amd64 libspa-0.2-modules amd64 1.0.5-1ubuntu3.3 [628 kB]
capability	Install the same pinned Playwright browsers and dependencies	2026-10-06T16:12:33.7260151Z Get:131 http://azure.archive.ubuntu.com/ubuntu noble-updates/main amd64 libpipewire-0.3-0t64 amd64 1.0.5-1ubuntu3.3 [252 kB]
capability	Install the same pinned Playwright browsers and dependencies	2026-10-06T16:12:33.8036125Z Get:132 http://azure.archive.ubuntu.com/ubuntu noble-updates/main amd64 libsdl2-2.0-0 amd64 2.30.0+dfsg-1ubuntu3.1 [686 kB]
capability	Install the same pinned Playwright browsers and dependencies	2026-10-06T16:12:33.8921001Z Get:133 http://azure.archive.ubuntu.com/ubuntu noble/universe amd64 timgm6mb-soundfont all 1.3-5 [5427 kB]
capability	Install the same pinned Playwright browsers and dependencies	2026-10-06T16:12:34.0890910Z Get:134 http://azure.archive.ubuntu.com/ubuntu noble/universe amd64 libfluidsynth3 amd64 2.3.4-1build3 [249 kB]
capability	Install the same pinned Playwright browsers and dependencies	2026-10-06T16:12:34.1664535Z Get:135 http://azure.archive.ubuntu.com/ubuntu noble/main amd64 libfreeaptx0 amd64 0.1.1-2build1 [13.5 kB]
capability	Install the same pinned Playwright browsers and dependencies	2026-10-06T16:12:34.2393631Z Get:136 http://azure.archive.ubuntu.com/ubuntu noble/main amd64 libgraphene-1.0-0 amd64 1.10.8-3build2 [46.2 kB]
capability	Install the same pinned Playwright browsers and dependencies	2026-10-06T16:12:34.3129892Z Get:137 http://azure.archive.ubuntu.com/ubuntu noble/main amd64 libgssdp-1.6-0 amd64 1.6.3-1build3 [40.4 kB]
capability	Install the same pinned Playwright browsers and dependencies	2026-10-06T16:12:34.3860597Z Get:138 http://azure.archive.ubuntu.com/ubuntu noble/main amd64 libegl1 amd64 1.7.0-1build1 [28.7 kB]
capability	Install the same pinned Playwright browsers and dependencies	2026-10-06T16:12:34.4594064Z Get:139 http://azure.archive.ubuntu.com/ubuntu noble-updates/main amd64 libgstreamer-gl1.0-0 amd64 1.24.2-1ubuntu0.5 [214 kB]
capability	Install the same pinned Playwright browsers and dependencies	2026-10-06T16:12:34.5458784Z Get:140 http://azure.archive.ubuntu.com/ubuntu noble-updates/main amd64 libgtk-4-common all 4.14.5+ds-0ubuntu0.10 [1497 kB]
capability	Install the same pinned Playwright browsers and dependencies	2026-10-06T16:12:34.6986970Z Get:141 http://azure.archive.ubuntu.com/ubuntu noble-updates/main amd64 libgtk-4-1 amd64 4.14.5+ds-0ubuntu0.10 [3295 kB]
capability	Install the same pinned Playwright browsers and dependencies	2026-10-06T16:12:34.8470099Z Get:142 http://azure.archive.ubuntu.com/ubuntu noble/main amd64 libgupnp-1.6-0 amd64 1.6.6-1build3 [92.7 kB]
capability	Install the same pinned Playwright browsers and dependencies	2026-10-06T16:12:34.9205003Z Get:143 http://azure.archive.ubuntu.com/ubuntu noble/universe amd64 libgupnp-igd-1.6-0 amd64 1.6.0-3build3 [16.5 kB]
capability	Install the same pinned Playwright browsers and dependencies	2026-10-06T16:12:34.9933779Z Get:144 http://azure.archive.ubuntu.com/ubuntu noble/main amd64 libharfbuzz-icu0 amd64 8.3.0-2build2 [13.3 kB]
capability	Install the same pinned Playwright browsers and dependencies	2026-10-06T16:12:35.0662987Z Get:145 http://azure.archive.ubuntu.com/ubuntu noble/main amd64 libhyphen0 amd64 2.8.8-7build3 [26.5 kB]
capability	Install the same pinned Playwright browsers and dependencies	2026-10-06T16:12:35.1393731Z Get:146 http://azure.archive.ubuntu.com/ubuntu noble/universe amd64 libimath-3-1-29t64 amd64 3.1.9-3.1ubuntu2 [72.2 kB]
capability	Install the same pinned Playwright browsers and dependencies	2026-10-06T16:12:35.2126634Z Get:147 http://azure.archive.ubuntu.com/ubuntu noble/main amd64 liblc3-1 amd64 1.0.4-3build1 [69.7 kB]
capability	Install the same pinned Playwright browsers and dependencies	2026-10-06T16:12:35.2860774Z Get:148 http://azure.archive.ubuntu.com/ubuntu noble/main amd64 libldacbt-enc2 amd64 2.0.2.3+git20200429+ed310a0-4ubuntu2 [27.1 kB]
capability	Install the same pinned Playwright browsers and dependencies	2026-10-06T16:12:35.3591236Z Get:149 http://azure.archive.ubuntu.com/ubuntu noble-updates/main amd64 libraptor2-0 amd64 2.0.16-3ubuntu0.1 [165 kB]
capability	Install the same pinned Playwright browsers and dependencies	2026-10-06T16:12:35.4341428Z Get:150 http://azure.archive.ubuntu.com/ubuntu noble/universe amd64 liblrdf0 amd64 0.6.1-4build1 [18.5 kB]
capability	Install the same pinned Playwright browsers and dependencies	2026-10-06T16:12:35.5070932Z Get:151 http://azure.archive.ubuntu.com/ubuntu noble/universe amd64 libltc11 amd64 1.3.2-1build1 [13.0 kB]
capability	Install the same pinned Playwright browsers and dependencies	2026-10-06T16:12:35.5801370Z Get:152 http://azure.archive.ubuntu.com/ubuntu noble/main amd64 libmanette-0.2-0 amd64 0.2.7-1build2 [30.6 kB]
capability	Install the same pinned Playwright browsers and dependencies	2026-10-06T16:12:35.6533502Z Get:153 http://azure.archive.ubuntu.com/ubuntu noble/universe amd64 libmfx1 amd64 22.5.4-1 [3124 kB]
capability	Install the same pinned Playwright browsers and dependencies	2026-10-06T16:12:35.7972251Z Get:154 http://azure.archive.ubuntu.com/ubuntu noble/universe amd64 libmjpegutils-2.1-0t64 amd64 1:2.1.0+debian-8.1build1 [25.5 kB]
capability	Install the same pinned Playwright browsers and dependencies	2026-10-06T16:12:35.8703009Z Get:155 http://azure.archive.ubuntu.com/ubuntu noble/universe amd64 libmodplug1 amd64 1:0.8.9.0-3build1 [166 kB]
capability	Install the same pinned Playwright browsers and dependencies	2026-10-06T16:12:35.9454991Z Get:156 http://azure.archive.ubuntu.com/ubuntu noble/universe amd64 libmpcdec6 amd64 2:0.1~r495-2build1 [32.7 kB]
capability	Install the same pinned Playwright browsers and dependencies	2026-10-06T16:12:36.0191007Z Get:157 http://azure.archive.ubuntu.com/ubuntu noble/universe amd64 libmpeg2encpp-2.1-0t64 amd64 1:2.1.0+debian-8.1build1 [75.6 kB]
capability	Install the same pinned Playwright browsers and dependencies	2026-10-06T16:12:36.1640987Z Get:158 http://azure.archive.ubuntu.com/ubuntu noble/universe amd64 libmplex2-2.1-0t64 amd64 1:2.1.0+debian-8.1build1 [46.1 kB]
capability	Install the same pinned Playwright browsers and dependencies	2026-10-06T16:12:36.3820954Z Get:159 http://azure.archive.ubuntu.com/ubuntu noble/universe amd64 libneon27t64 amd64 0.33.0-1.1build3 [102 kB]
capability	Install the same pinned Playwright browsers and dependencies	2026-10-06T16:12:36.5610969Z Get:160 http://azure.archive.ubuntu.com/ubuntu noble/universe amd64 libnice10 amd64 0.1.21-2build3 [157 kB]
capability	Install the same pinned Playwright browsers and dependencies	2026-10-06T16:12:36.7089325Z Get:161 http://azure.archive.ubuntu.com/ubuntu noble/universe amd64 libopenal-data all 1:1.23.1-4build1 [161 kB]
capability	Install the same pinned Playwright browsers and dependencies	2026-10-06T16:12:36.8074653Z Get:162 http://azure.archive.ubuntu.com/ubuntu noble/universe amd64 libopenexr-3-1-30 amd64 3.1.5-5.1build3 [1004 kB]
capability	Install the same pinned Playwright browsers and dependencies	2026-10-06T16:12:37.0306410Z Get:163 http://azure.archive.ubuntu.com/ubuntu noble/universe amd64 libopenh264-7 amd64 2.4.1+dfsg-1 [409 kB]
capability	Install the same pinned Playwright browsers and dependencies	2026-10-06T16:12:37.1219279Z Get:164 http://azure.archive.ubuntu.com/ubuntu noble/universe amd64 libopenni2-0 amd64 2.2.0.33+dfsg-18 [370 kB]
capability	Install the same pinned Playwright browsers and dependencies	2026-10-06T16:12:37.2109945Z Get:165 http://azure.archive.ubuntu.com/ubuntu noble/universe amd64 libqrencode4 amd64 4.1.1-1build2 [25.0 kB]
capability	Install the same pinned Playwright browsers and dependencies	2026-10-06T16:12:37.2840000Z Get:166 http://azure.archive.ubuntu.com/ubuntu noble/main amd64 libsecret-common all 0.21.4-1build3 [4962 B]
capability	Install the same pinned Playwright browsers and dependencies	2026-10-06T16:12:37.3565399Z Get:167 http://azure.archive.ubuntu.com/ubuntu noble/main amd64 libsecret-1-0 amd64 0.21.4-1build3 [116 kB]
capability	Install the same pinned Playwright browsers and dependencies	2026-10-06T16:12:37.4342061Z Get:168 http://azure.archive.ubuntu.com/ubuntu noble/universe amd64 libsndio7.0 amd64 1.9.0-0.3build3 [29.6 kB]
capability	Install the same pinned Playwright browsers and dependencies	2026-10-06T16:12:37.5075591Z Get:169 http://azure.archive.ubuntu.com/ubuntu noble/universe amd64 libsoundtouch1 amd64 2.3.2+ds1-1build1 [60.5 kB]
capability	Install the same pinned Playwright browsers and dependencies	2026-10-06T16:12:37.5821231Z Get:170 http://azure.archive.ubuntu.com/ubuntu noble/universe amd64 libspandsp2t64 amd64 0.0.6+dfsg-2.1build1 [311 kB]
capability	Install the same pinned Playwright browsers and dependencies	2026-10-06T16:12:37.6683901Z Get:171 http://azure.archive.ubuntu.com/ubuntu noble/universe amd64 libsrtp2-1 amd64 2.5.0-3build1 [41.9 kB]
capability	Install the same pinned Playwright browsers and dependencies	2026-10-06T16:12:37.7427448Z Get:172 http://azure.archive.ubuntu.com/ubuntu noble/main amd64 libwayland-server0 amd64 1.22.0-2.1build1 [33.9 kB]
capability	Install the same pinned Playwright browsers and dependencies	2026-10-06T16:12:37.8162960Z Get:173 http://azure.archive.ubuntu.com/ubuntu noble/universe amd64 libwildmidi2 amd64 0.4.3-1build3 [68.5 kB]
capability	Install the same pinned Playwright browsers and dependencies	2026-10-06T16:12:37.8913994Z Get:174 http://azure.archive.ubuntu.com/ubuntu noble/main amd64 libwoff1 amd64 1.0.2-2build1 [45.3 kB]
capability	Install the same pinned Playwright browsers and dependencies	2026-10-06T16:12:37.9651893Z Get:175 http://azure.archive.ubuntu.com/ubuntu noble/main amd64 libxcb-xkb1 amd64 1.15-1ubuntu2 [32.3 kB]
capability	Install the same pinned Playwright browsers and dependencies	2026-10-06T16:12:38.0388938Z Get:176 http://azure.archive.ubuntu.com/ubuntu noble/main amd64 libxkbcommon-x11-0 amd64 1.6.0-1build1 [14.5 kB]
capability	Install the same pinned Playwright browsers and dependencies	2026-10-06T16:12:38.1117046Z Get:177 http://azure.archive.ubuntu.com/ubuntu noble/universe amd64 libzbar0t64 amd64 0.23.93-4build3 [123 kB]
capability	Install the same pinned Playwright browsers and dependencies	2026-10-06T16:12:38.1894478Z Get:178 http://azure.archive.ubuntu.com/ubuntu noble/universe amd64 libzxing3 amd64 2.2.1-3 [583 kB]
capability	Install the same pinned Playwright browsers and dependencies	2026-10-06T16:12:38.2883243Z Get:179 http://azure.archive.ubuntu.com/ubuntu noble/main amd64 xfonts-encodings all 1:1.0.5-0ubuntu2 [578 kB]
capability	Install the same pinned Playwright browsers and dependencies	2026-10-06T16:12:38.3871069Z Get:180 http://azure.archive.ubuntu.com/ubuntu noble/main amd64 xfonts-utils amd64 1:7.7+6build3 [94.4 kB]
capability	Install the same pinned Playwright browsers and dependencies	2026-10-06T16:12:38.4631889Z Get:181 http://azure.archive.ubuntu.com/ubuntu noble/universe amd64 xfonts-cyrillic all 1:1.0.5+nmu1 [384 kB]
capability	Install the same pinned Playwright browsers and dependencies	2026-10-06T16:12:38.5529762Z Get:182 http://azure.archive.ubuntu.com/ubuntu noble/main amd64 xfonts-scalable all 1:1.0.3-1.3 [304 kB]
capability	Install the same pinned Playwright browsers and dependencies	2026-10-06T16:12:38.6392025Z Get:183 http://azure.archive.ubuntu.com/ubuntu noble/universe amd64 libgstreamer-plugins-bad1.0-0 amd64 1.24.2-1ubuntu4 [797 kB]
capability	Install the same pinned Playwright browsers and dependencies	2026-10-06T16:12:38.7496232Z Get:184 http://azure.archive.ubuntu.com/ubuntu noble/universe amd64 libdca0 amd64 0.0.7-2build1 [93.8 kB]
capability	Install the same pinned Playwright browsers and dependencies	2026-10-06T16:12:38.8242807Z Get:185 http://azure.archive.ubuntu.com/ubuntu noble/universe amd64 libopenal1 amd64 1:1.23.1-4build1 [540 kB]
capability	Install the same pinned Playwright browsers and dependencies	2026-10-06T16:12:38.9214068Z Get:186 http://azure.archive.ubuntu.com/ubuntu noble/main amd64 libsbc1 amd64 2.0-1build1 [33.9 kB]
capability	Install the same pinned Playwright browsers and dependencies	2026-10-06T16:12:38.9950162Z Get:187 http://azure.archive.ubuntu.com/ubuntu noble/universe amd64 libvo-aacenc0 amd64 0.1.3-2build1 [67.8 kB]
capability	Install the same pinned Playwright browsers and dependencies	2026-10-06T16:12:39.0699656Z Get:188 http://azure.archive.ubuntu.com/ubuntu noble/universe amd64 libvo-amrwbenc0 amd64 0.1.3-2build1 [76.7 kB]
capability	Install the same pinned Playwright browsers and dependencies	2026-10-06T16:12:39.1450577Z Get:189 http://azure.archive.ubuntu.com/ubuntu noble/universe amd64 gstreamer1.0-plugins-bad amd64 1.24.2-1ubuntu4 [3081 kB]
capability	Install the same pinned Playwright browsers and dependencies	2026-10-06T16:12:39.7509182Z Fetched 126 MB in 18s (7174 kB/s)
capability	Install the same pinned Playwright browsers and dependencies	2026-10-06T16:12:39.7778776Z Selecting previously unselected package fonts-ipafont-gothic.
capability	Install the same pinned Playwright browsers and dependencies	2026-10-06T16:12:39.8116782Z (Reading database ...
capability	Install the same pinned Playwright browsers and dependencies	2026-10-06T16:12:39.8117466Z (Reading database ... 5%
capability	Install the same pinned Playwright browsers and dependencies	2026-10-06T16:12:39.8118302Z (Reading database ... 10%
capability	Install the same pinned Playwright browsers and dependencies	2026-10-06T16:12:39.8118820Z (Reading database ... 15%
capability	Install the same pinned Playwright browsers and dependencies	2026-10-06T16:12:39.8119132Z (Reading database ... 20%
capability	Install the same pinned Playwright browsers and dependencies	2026-10-06T16:12:39.8119423Z (Reading database ... 25%
capability	Install the same pinned Playwright browsers and dependencies	2026-10-06T16:12:39.8119718Z (Reading database ... 30%
capability	Install the same pinned Playwright browsers and dependencies	2026-10-06T16:12:39.8120089Z (Reading database ... 35%
capability	Install the same pinned Playwright browsers and dependencies	2026-10-06T16:12:39.8120539Z (Reading database ... 40%
capability	Install the same pinned Playwright browsers and dependencies	2026-10-06T16:12:39.8120988Z (Reading database ... 45%
capability	Install the same pinned Playwright browsers and dependencies	2026-10-06T16:12:39.8121352Z (Reading database ... 50%
capability	Install the same pinned Playwright browsers and dependencies	2026-10-06T16:12:39.8160797Z (Reading database ... 55%
capability	Install the same pinned Playwright browsers and dependencies	2026-10-06T16:12:39.8880309Z (Reading database ... 60%
capability	Install the same pinned Playwright browsers and dependencies	2026-10-06T16:12:39.9971695Z (Reading database ... 65%
capability	Install the same pinned Playwright browsers and dependencies	2026-10-06T16:12:40.1403052Z (Reading database ... 70%
capability	Install the same pinned Playwright browsers and dependencies	2026-10-06T16:12:40.3057617Z (Reading database ... 75%
capability	Install the same pinned Playwright browsers and dependencies	2026-10-06T16:12:40.4413678Z (Reading database ... 80%
capability	Install the same pinned Playwright browsers and dependencies	2026-10-06T16:12:40.5994713Z (Reading database ... 85%
capability	Install the same pinned Playwright browsers and dependencies	2026-10-06T16:12:40.7436400Z (Reading database ... 90%
capability	Install the same pinned Playwright browsers and dependencies	2026-10-06T16:12:40.8648647Z (Reading database ... 95%
capability	Install the same pinned Playwright browsers and dependencies	2026-10-06T16:12:40.8649360Z (Reading database ... 100%
capability	Install the same pinned Playwright browsers and dependencies	2026-10-06T16:12:40.8650328Z (Reading database ... 202296 files and directories currently installed.)
capability	Install the same pinned Playwright browsers and dependencies	2026-10-06T16:12:40.8695489Z Preparing to unpack .../000-fonts-ipafont-gothic_00303-21ubuntu1_all.deb ...
capability	Install the same pinned Playwright browsers and dependencies	2026-10-06T16:12:40.8798876Z Unpacking fonts-ipafont-gothic (00303-21ubuntu1) ...
capability	Install the same pinned Playwright browsers and dependencies	2026-10-06T16:12:41.1138820Z Selecting previously unselected package fonts-freefont-ttf.
capability	Install the same pinned Playwright browsers and dependencies	2026-10-06T16:12:41.1271550Z Preparing to unpack .../001-fonts-freefont-ttf_20211204+svn4273-2_all.deb ...
capability	Install the same pinned Playwright browsers and dependencies	2026-10-06T16:12:41.1278763Z Unpacking fonts-freefont-ttf (20211204+svn4273-2) ...
capability	Install the same pinned Playwright browsers and dependencies	2026-10-06T16:12:41.2199105Z Selecting previously unselected package fonts-tlwg-loma-otf.
capability	Install the same pinned Playwright browsers and dependencies	2026-10-06T16:12:41.2336372Z Preparing to unpack .../002-fonts-tlwg-loma-otf_1%3a0.7.3-1_all.deb ...
capability	Install the same pinned Playwright browsers and dependencies	2026-10-06T16:12:41.2345099Z Unpacking fonts-tlwg-loma-otf (1:0.7.3-1) ...
capability	Install the same pinned Playwright browsers and dependencies	2026-10-06T16:12:41.2621189Z Selecting previously unselected package fonts-unifont.
capability	Install the same pinned Playwright browsers and dependencies	2026-10-06T16:12:41.2756702Z Preparing to unpack .../003-fonts-unifont_1%3a15.1.01-1build1_all.deb ...
capability	Install the same pinned Playwright browsers and dependencies	2026-10-06T16:12:41.2764183Z Unpacking fonts-unifont (1:15.1.01-1build1) ...
capability	Install the same pinned Playwright browsers and dependencies	2026-10-06T16:12:41.3956011Z Selecting previously unselected package fonts-wqy-zenhei.
capability	Install the same pinned Playwright browsers and dependencies	2026-10-06T16:12:41.4114747Z Preparing to unpack .../004-fonts-wqy-zenhei_0.9.45-8_all.deb ...
capability	Install the same pinned Playwright browsers and dependencies	2026-10-06T16:12:41.4241832Z Unpacking fonts-wqy-zenhei (0.9.45-8) ...
capability	Install the same pinned Playwright browsers and dependencies	2026-10-06T16:12:41.9148608Z Selecting previously unselected package libproxy1v5:amd64.
capability	Install the same pinned Playwright browsers and dependencies	2026-10-06T16:12:41.9287465Z Preparing to unpack .../005-libproxy1v5_0.5.4-4build1_amd64.deb ...
capability	Install the same pinned Playwright browsers and dependencies	2026-10-06T16:12:41.9303881Z Unpacking libproxy1v5:amd64 (0.5.4-4build1) ...
capability	Install the same pinned Playwright browsers and dependencies	2026-10-06T16:12:41.9536036Z Selecting previously unselected package glib-networking-common.
capability	Install the same pinned Playwright browsers and dependencies	2026-10-06T16:12:41.9677363Z Preparing to unpack .../006-glib-networking-common_2.80.0-1build1_all.deb ...
capability	Install the same pinned Playwright browsers and dependencies	2026-10-06T16:12:41.9684762Z Unpacking glib-networking-common (2.80.0-1build1) ...
capability	Install the same pinned Playwright browsers and dependencies	2026-10-06T16:12:41.9893273Z Selecting previously unselected package glib-networking-services.
capability	Install the same pinned Playwright browsers and dependencies	2026-10-06T16:12:42.0033519Z Preparing to unpack .../007-glib-networking-services_2.80.0-1build1_amd64.deb ...
capability	Install the same pinned Playwright browsers and dependencies	2026-10-06T16:12:42.0041078Z Unpacking glib-networking-services (2.80.0-1build1) ...
capability	Install the same pinned Playwright browsers and dependencies	2026-10-06T16:12:42.0266304Z Selecting previously unselected package session-migration.
capability	Install the same pinned Playwright browsers and dependencies	2026-10-06T16:12:42.0405879Z Preparing to unpack .../008-session-migration_0.3.9build1_amd64.deb ...
capability	Install the same pinned Playwright browsers and dependencies	2026-10-06T16:12:42.0413612Z Unpacking session-migration (0.3.9build1) ...
capability	Install the same pinned Playwright browsers and dependencies	2026-10-06T16:12:42.0665021Z Selecting previously unselected package gsettings-desktop-schemas.
capability	Install the same pinned Playwright browsers and dependencies	2026-10-06T16:12:42.0806095Z Preparing to unpack .../009-gsettings-desktop-schemas_46.1-0ubuntu1_all.deb ...
capability	Install the same pinned Playwright browsers and dependencies	2026-10-06T16:12:42.0814271Z Unpacking gsettings-desktop-schemas (46.1-0ubuntu1) ...
capability	Install the same pinned Playwright browsers and dependencies	2026-10-06T16:12:42.1310298Z Selecting previously unselected package glib-networking:amd64.
capability	Install the same pinned Playwright browsers and dependencies	2026-10-06T16:12:42.1447620Z Preparing to unpack .../010-glib-networking_2.80.0-1build1_amd64.deb ...
capability	Install the same pinned Playwright browsers and dependencies	2026-10-06T16:12:42.1454426Z Unpacking glib-networking:amd64 (2.80.0-1build1) ...
capability	Install the same pinned Playwright browsers and dependencies	2026-10-06T16:12:42.1685179Z Selecting previously unselected package libva2:amd64.
capability	Install the same pinned Playwright browsers and dependencies	2026-10-06T16:12:42.1823375Z Preparing to unpack .../011-libva2_2.20.0-2ubuntu0.2_amd64.deb ...
capability	Install the same pinned Playwright browsers and dependencies	2026-10-06T16:12:42.1831816Z Unpacking libva2:amd64 (2.20.0-2ubuntu0.2) ...
capability	Install the same pinned Playwright browsers and dependencies	2026-10-06T16:12:42.2059902Z Selecting previously unselected package libva-drm2:amd64.
capability	Install the same pinned Playwright browsers and dependencies	2026-10-06T16:12:42.2201726Z Preparing to unpack .../012-libva-drm2_2.20.0-2ubuntu0.2_amd64.deb ...
capability	Install the same pinned Playwright browsers and dependencies	2026-10-06T16:12:42.2209342Z Unpacking libva-drm2:amd64 (2.20.0-2ubuntu0.2) ...
capability	Install the same pinned Playwright browsers and dependencies	2026-10-06T16:12:42.2428525Z Selecting previously unselected package libva-x11-2:amd64.
capability	Install the same pinned Playwright browsers and dependencies	2026-10-06T16:12:42.2569046Z Preparing to unpack .../013-libva-x11-2_2.20.0-2ubuntu0.2_amd64.deb ...
capability	Install the same pinned Playwright browsers and dependencies	2026-10-06T16:12:42.2577379Z Unpacking libva-x11-2:amd64 (2.20.0-2ubuntu0.2) ...
capability	Install the same pinned Playwright browsers and dependencies	2026-10-06T16:12:42.2795818Z Selecting previously unselected package libvdpau1:amd64.
capability	Install the same pinned Playwright browsers and dependencies	2026-10-06T16:12:42.2934194Z Preparing to unpack .../014-libvdpau1_1.5-2build1_amd64.deb ...
capability	Install the same pinned Playwright browsers and dependencies	2026-10-06T16:12:42.2941676Z Unpacking libvdpau1:amd64 (1.5-2build1) ...
capability	Install the same pinned Playwright browsers and dependencies	2026-10-06T16:12:42.3170378Z Selecting previously unselected package libvpl2.
capability	Install the same pinned Playwright browsers and dependencies	2026-10-06T16:12:42.3307442Z Preparing to unpack .../015-libvpl2_2023.3.0-1build1_amd64.deb ...
capability	Install the same pinned Playwright browsers and dependencies	2026-10-06T16:12:42.3316308Z Unpacking libvpl2 (2023.3.0-1build1) ...
capability	Install the same pinned Playwright browsers and dependencies	2026-10-06T16:12:42.3556084Z Selecting previously unselected package ocl-icd-libopencl1:amd64.
capability	Install the same pinned Playwright browsers and dependencies	2026-10-06T16:12:42.3691805Z Preparing to unpack .../016-ocl-icd-libopencl1_2.3.2-1build1_amd64.deb ...
capability	Install the same pinned Playwright browsers and dependencies	2026-10-06T16:12:42.3701020Z Unpacking ocl-icd-libopencl1:amd64 (2.3.2-1build1) ...
capability	Install the same pinned Playwright browsers and dependencies	2026-10-06T16:12:42.3946863Z Selecting previously unselected package libavutil58:amd64.
capability	Install the same pinned Playwright browsers and dependencies	2026-10-06T16:12:42.4083032Z Preparing to unpack .../017-libavutil58_7%3a6.1.1-3ubuntu5_amd64.deb ...
capability	Install the same pinned Playwright browsers and dependencies	2026-10-06T16:12:42.4090402Z Unpacking libavutil58:amd64 (7:6.1.1-3ubuntu5) ...
capability	Install the same pinned Playwright browsers and dependencies	2026-10-06T16:12:42.4355585Z Selecting previously unselected package libcodec2-1.2:amd64.
capability	Install the same pinned Playwright browsers and dependencies	2026-10-06T16:12:42.4492479Z Preparing to unpack .../018-libcodec2-1.2_1.2.0-2build1_amd64.deb ...
capability	Install the same pinned Playwright browsers and dependencies	2026-10-06T16:12:42.4500634Z Unpacking libcodec2-1.2:amd64 (1.2.0-2build1) ...
capability	Install the same pinned Playwright browsers and dependencies	2026-10-06T16:12:42.5259344Z Selecting previously unselected package libdav1d7:amd64.
capability	Install the same pinned Playwright browsers and dependencies	2026-10-06T16:12:42.5390881Z Preparing to unpack .../019-libdav1d7_1.4.1-1build1_amd64.deb ...
capability	Install the same pinned Playwright browsers and dependencies	2026-10-06T16:12:42.5399672Z Unpacking libdav1d7:amd64 (1.4.1-1build1) ...
capability	Install the same pinned Playwright browsers and dependencies	2026-10-06T16:12:42.5682985Z Selecting previously unselected package libgsm1:amd64.
capability	Install the same pinned Playwright browsers and dependencies	2026-10-06T16:12:42.5814771Z Preparing to unpack .../020-libgsm1_1.0.22-1build1_amd64.deb ...
capability	Install the same pinned Playwright browsers and dependencies	2026-10-06T16:12:42.5821824Z Unpacking libgsm1:amd64 (1.0.22-1build1) ...
capability	Install the same pinned Playwright browsers and dependencies	2026-10-06T16:12:42.6045411Z Selecting previously unselected package libhwy1t64:amd64.
capability	Install the same pinned Playwright browsers and dependencies	2026-10-06T16:12:42.6179727Z Preparing to unpack .../021-libhwy1t64_1.0.7-8.1build1_amd64.deb ...
capability	Install the same pinned Playwright browsers and dependencies	2026-10-06T16:12:42.6187272Z Unpacking libhwy1t64:amd64 (1.0.7-8.1build1) ...
capability	Install the same pinned Playwright browsers and dependencies	2026-10-06T16:12:42.6527519Z Selecting previously unselected package libjxl0.7:amd64.
capability	Install the same pinned Playwright browsers and dependencies	2026-10-06T16:12:42.6659932Z Preparing to unpack .../022-libjxl0.7_0.7.0-10.2ubuntu6.1_amd64.deb ...
capability	Install the same pinned Playwright browsers and dependencies	2026-10-06T16:12:42.6668456Z Unpacking libjxl0.7:amd64 (0.7.0-10.2ubuntu6.1) ...
capability	Install the same pinned Playwright browsers and dependencies	2026-10-06T16:12:42.7014074Z Selecting previously unselected package libmp3lame0:amd64.
capability	Install the same pinned Playwright browsers and dependencies	2026-10-06T16:12:42.7146222Z Preparing to unpack .../023-libmp3lame0_3.100-6build1_amd64.deb ...
capability	Install the same pinned Playwright browsers and dependencies	2026-10-06T16:12:42.7153920Z Unpacking libmp3lame0:amd64 (3.100-6build1) ...
capability	Install the same pinned Playwright browsers and dependencies	2026-10-06T16:12:42.7377499Z Selecting previously unselected package libopus0:amd64.
capability	Install the same pinned Playwright browsers and dependencies	2026-10-06T16:12:42.7509677Z Preparing to unpack .../024-libopus0_1.4-1build1_amd64.deb ...
capability	Install the same pinned Playwright browsers and dependencies	2026-10-06T16:12:42.7517119Z Unpacking libopus0:amd64 (1.4-1build1) ...
capability	Install the same pinned Playwright browsers and dependencies	2026-10-06T16:12:42.7750120Z Selecting previously unselected package librav1e0:amd64.
capability	Install the same pinned Playwright browsers and dependencies	2026-10-06T16:12:42.7883713Z Preparing to unpack .../025-librav1e0_0.7.1-2_amd64.deb ...
capability	Install the same pinned Playwright browsers and dependencies	2026-10-06T16:12:42.7891773Z Unpacking librav1e0:amd64 (0.7.1-2) ...
capability	Install the same pinned Playwright browsers and dependencies	2026-10-06T16:12:42.8266468Z Selecting previously unselected package librsvg2-2:amd64.
capability	Install the same pinned Playwright browsers and dependencies	2026-10-06T16:12:42.8399604Z Preparing to unpack .../026-librsvg2-2_2.58.0+dfsg-1build1_amd64.deb ...
capability	Install the same pinned Playwright browsers and dependencies	2026-10-06T16:12:42.8407582Z Unpacking librsvg2-2:amd64 (2.58.0+dfsg-1build1) ...
capability	Install the same pinned Playwright browsers and dependencies	2026-10-06T16:12:42.8895720Z Selecting previously unselected package libshine3:amd64.
capability	Install the same pinned Playwright browsers and dependencies	2026-10-06T16:12:42.9032050Z Preparing to unpack .../027-libshine3_3.1.1-2build1_amd64.deb ...
capability	Install the same pinned Playwright browsers and dependencies	2026-10-06T16:12:42.9041890Z Unpacking libshine3:amd64 (3.1.1-2build1) ...
capability	Install the same pinned Playwright browsers and dependencies	2026-10-06T16:12:42.9253686Z Selecting previously unselected package libspeex1:amd64.
capability	Install the same pinned Playwright browsers and dependencies	2026-10-06T16:12:42.9384386Z Preparing to unpack .../028-libspeex1_1.2.1-2ubuntu2.24.04.1_amd64.deb ...
capability	Install the same pinned Playwright browsers and dependencies	2026-10-06T16:12:42.9391387Z Unpacking libspeex1:amd64 (1.2.1-2ubuntu2.24.04.1) ...
capability	Install the same pinned Playwright browsers and dependencies	2026-10-06T16:12:42.9592982Z Selecting previously unselected package libsvtav1enc1d1:amd64.
capability	Install the same pinned Playwright browsers and dependencies	2026-10-06T16:12:42.9724535Z Preparing to unpack .../029-libsvtav1enc1d1_1.7.0+dfsg-2build1_amd64.deb ...
capability	Install the same pinned Playwright browsers and dependencies	2026-10-06T16:12:42.9731874Z Unpacking libsvtav1enc1d1:amd64 (1.7.0+dfsg-2build1) ...
capability	Install the same pinned Playwright browsers and dependencies	2026-10-06T16:12:43.0238626Z Selecting previously unselected package libsoxr0:amd64.
capability	Install the same pinned Playwright browsers and dependencies	2026-10-06T16:12:43.0372656Z Preparing to unpack .../030-libsoxr0_0.1.3-4build3_amd64.deb ...
capability	Install the same pinned Playwright browsers and dependencies	2026-10-06T16:12:43.0380265Z Unpacking libsoxr0:amd64 (0.1.3-4build3) ...
capability	Install the same pinned Playwright browsers and dependencies	2026-10-06T16:12:43.0595700Z Selecting previously unselected package libswresample4:amd64.
capability	Install the same pinned Playwright browsers and dependencies	2026-10-06T16:12:43.0727445Z Preparing to unpack .../031-libswresample4_7%3a6.1.1-3ubuntu5_amd64.deb ...
capability	Install the same pinned Playwright browsers and dependencies	2026-10-06T16:12:43.0734243Z Unpacking libswresample4:amd64 (7:6.1.1-3ubuntu5) ...
capability	Install the same pinned Playwright browsers and dependencies	2026-10-06T16:12:43.0945940Z Selecting previously unselected package libtheora0:amd64.
capability	Install the same pinned Playwright browsers and dependencies	2026-10-06T16:12:43.1079160Z Preparing to unpack .../032-libtheora0_1.1.1+dfsg.1-16.1build3_amd64.deb ...
capability	Install the same pinned Playwright browsers and dependencies	2026-10-06T16:12:43.1087859Z Unpacking libtheora0:amd64 (1.1.1+dfsg.1-16.1build3) ...
capability	Install the same pinned Playwright browsers and dependencies	2026-10-06T16:12:43.2041343Z Selecting previously unselected package libtwolame0:amd64.
capability	Install the same pinned Playwright browsers and dependencies	2026-10-06T16:12:43.2174900Z Preparing to unpack .../033-libtwolame0_0.4.0-2build3_amd64.deb ...
capability	Install the same pinned Playwright browsers and dependencies	2026-10-06T16:12:43.2181915Z Unpacking libtwolame0:amd64 (0.4.0-2build3) ...
capability	Install the same pinned Playwright browsers and dependencies	2026-10-06T16:12:43.2396480Z Selecting previously unselected package libvorbisenc2:amd64.
capability	Install the same pinned Playwright browsers and dependencies	2026-10-06T16:12:43.2526411Z Preparing to unpack .../034-libvorbisenc2_1.3.7-1build3_amd64.deb ...
capability	Install the same pinned Playwright browsers and dependencies	2026-10-06T16:12:43.2534085Z Unpacking libvorbisenc2:amd64 (1.3.7-1build3) ...
capability	Install the same pinned Playwright browsers and dependencies	2026-10-06T16:12:43.2756414Z Selecting previously unselected package libvpx9:amd64.
capability	Install the same pinned Playwright browsers and dependencies	2026-10-06T16:12:43.2890844Z Preparing to unpack .../035-libvpx9_1.14.0-1ubuntu2.3_amd64.deb ...
capability	Install the same pinned Playwright browsers and dependencies	2026-10-06T16:12:43.2898453Z Unpacking libvpx9:amd64 (1.14.0-1ubuntu2.3) ...
capability	Install the same pinned Playwright browsers and dependencies	2026-10-06T16:12:43.3237347Z Selecting previously unselected package libx264-164:amd64.
capability	Install the same pinned Playwright browsers and dependencies	2026-10-06T16:12:43.3371407Z Preparing to unpack .../036-libx264-164_2%3a0.164.3108+git31e19f9-1_amd64.deb ...
capability	Install the same pinned Playwright browsers and dependencies	2026-10-06T16:12:43.3377970Z Unpacking libx264-164:amd64 (2:0.164.3108+git31e19f9-1) ...
capability	Install the same pinned Playwright browsers and dependencies	2026-10-06T16:12:43.3656339Z Selecting previously unselected package libx265-199:amd64.
capability	Install the same pinned Playwright browsers and dependencies	2026-10-06T16:12:43.3790215Z Preparing to unpack .../037-libx265-199_3.5-2build1_amd64.deb ...
capability	Install the same pinned Playwright browsers and dependencies	2026-10-06T16:12:43.3797494Z Unpacking libx265-199:amd64 (3.5-2build1) ...
capability	Install the same pinned Playwright browsers and dependencies	2026-10-06T16:12:43.4491420Z Selecting previously unselected package libxvidcore4:amd64.
capability	Install the same pinned Playwright browsers and dependencies	2026-10-06T16:12:43.4623647Z Preparing to unpack .../038-libxvidcore4_2%3a1.3.7-1build1_amd64.deb ...
capability	Install the same pinned Playwright browsers and dependencies	2026-10-06T16:12:43.4631600Z Unpacking libxvidcore4:amd64 (2:1.3.7-1build1) ...
capability	Install the same pinned Playwright browsers and dependencies	2026-10-06T16:12:43.4850453Z Selecting previously unselected package libzvbi-common.
capability	Install the same pinned Playwright browsers and dependencies	2026-10-06T16:12:43.4980843Z Preparing to unpack .../039-libzvbi-common_0.2.42-2_all.deb ...
capability	Install the same pinned Playwright browsers and dependencies	2026-10-06T16:12:43.4987416Z Unpacking libzvbi-common (0.2.42-2) ...
capability	Install the same pinned Playwright browsers and dependencies	2026-10-06T16:12:43.5364088Z Selecting previously unselected package libzvbi0t64:amd64.
capability	Install the same pinned Playwright browsers and dependencies	2026-10-06T16:12:43.5495362Z Preparing to unpack .../040-libzvbi0t64_0.2.42-2_amd64.deb ...
capability	Install the same pinned Playwright browsers and dependencies	2026-10-06T16:12:43.5536795Z Unpacking libzvbi0t64:amd64 (0.2.42-2) ...
capability	Install the same pinned Playwright browsers and dependencies	2026-10-06T16:12:43.5784845Z Selecting previously unselected package libavcodec60:amd64.
capability	Install the same pinned Playwright browsers and dependencies	2026-10-06T16:12:43.5916445Z Preparing to unpack .../041-libavcodec60_7%3a6.1.1-3ubuntu5_amd64.deb ...
capability	Install the same pinned Playwright browsers and dependencies	2026-10-06T16:12:43.5924417Z Unpacking libavcodec60:amd64 (7:6.1.1-3ubuntu5) ...
capability	Install the same pinned Playwright browsers and dependencies	2026-10-06T16:12:43.6924988Z Preparing to unpack .../042-libfreetype6_2.13.2+dfsg-1ubuntu0.2_amd64.deb ...
capability	Install the same pinned Playwright browsers and dependencies	2026-10-06T16:12:43.6949624Z Unpacking libfreetype6:amd64 (2.13.2+dfsg-1ubuntu0.2) over (2.13.2+dfsg-1ubuntu0.1) ...
capability	Install the same pinned Playwright browsers and dependencies	2026-10-06T16:12:43.7220715Z Selecting previously unselected package libunibreak5:amd64.
capability	Install the same pinned Playwright browsers and dependencies	2026-10-06T16:12:43.7355070Z Preparing to unpack .../043-libunibreak5_5.1-2build1_amd64.deb ...
capability	Install the same pinned Playwright browsers and dependencies	2026-10-06T16:12:43.7362350Z Unpacking libunibreak5:amd64 (5.1-2build1) ...
capability	Install the same pinned Playwright browsers and dependencies	2026-10-06T16:12:43.7576450Z Selecting previously unselected package libass9:amd64.
capability	Install the same pinned Playwright browsers and dependencies	2026-10-06T16:12:43.7706853Z Preparing to unpack .../044-libass9_1%3a0.17.1-2build1_amd64.deb ...
capability	Install the same pinned Playwright browsers and dependencies	2026-10-06T16:12:43.7715779Z Unpacking libass9:amd64 (1:0.17.1-2build1) ...
capability	Install the same pinned Playwright browsers and dependencies	2026-10-06T16:12:43.7930977Z Selecting previously unselected package libudfread0:amd64.
capability	Install the same pinned Playwright browsers and dependencies	2026-10-06T16:12:43.8062912Z Preparing to unpack .../045-libudfread0_1.1.2-1build1_amd64.deb ...
capability	Install the same pinned Playwright browsers and dependencies	2026-10-06T16:12:43.8069960Z Unpacking libudfread0:amd64 (1.1.2-1build1) ...
capability	Install the same pinned Playwright browsers and dependencies	2026-10-06T16:12:43.8270053Z Selecting previously unselected package libbluray2:amd64.
capability	Install the same pinned Playwright browsers and dependencies	2026-10-06T16:12:43.8399737Z Preparing to unpack .../046-libbluray2_1%3a1.3.4-1build1_amd64.deb ...
capability	Install the same pinned Playwright browsers and dependencies	2026-10-06T16:12:43.8407130Z Unpacking libbluray2:amd64 (1:1.3.4-1build1) ...
capability	Install the same pinned Playwright browsers and dependencies	2026-10-06T16:12:43.8632494Z Selecting previously unselected package libchromaprint1:amd64.
capability	Install the same pinned Playwright browsers and dependencies	2026-10-06T16:12:43.8761436Z Preparing to unpack .../047-libchromaprint1_1.5.1-5_amd64.deb ...
capability	Install the same pinned Playwright browsers and dependencies	2026-10-06T16:12:43.8768552Z Unpacking libchromaprint1:amd64 (1.5.1-5) ...
capability	Install the same pinned Playwright browsers and dependencies	2026-10-06T16:12:43.9016095Z Selecting previously unselected package libgme0:amd64.
capability	Install the same pinned Playwright browsers and dependencies	2026-10-06T16:12:43.9205383Z Preparing to unpack .../048-libgme0_0.6.3-7build1_amd64.deb ...
capability	Install the same pinned Playwright browsers and dependencies	2026-10-06T16:12:43.9216228Z Unpacking libgme0:amd64 (0.6.3-7build1) ...
capability	Install the same pinned Playwright browsers and dependencies	2026-10-06T16:12:43.9514946Z Selecting previously unselected package libmpg123-0t64:amd64.
capability	Install the same pinned Playwright browsers and dependencies	2026-10-06T16:12:43.9704047Z Preparing to unpack .../049-libmpg123-0t64_1.32.5-1ubuntu1.1_amd64.deb ...
capability	Install the same pinned Playwright browsers and dependencies	2026-10-06T16:12:43.9714183Z Unpacking libmpg123-0t64:amd64 (1.32.5-1ubuntu1.1) ...
capability	Install the same pinned Playwright browsers and dependencies	2026-10-06T16:12:44.0019254Z Selecting previously unselected package libopenmpt0t64:amd64.
capability	Install the same pinned Playwright browsers and dependencies	2026-10-06T16:12:44.0203727Z Preparing to unpack .../050-libopenmpt0t64_0.7.3-1.1build3_amd64.deb ...
capability	Install the same pinned Playwright browsers and dependencies	2026-10-06T16:12:44.0214068Z Unpacking libopenmpt0t64:amd64 (0.7.3-1.1build3) ...
capability	Install the same pinned Playwright browsers and dependencies	2026-10-06T16:12:44.0585420Z Selecting previously unselected package libcjson1:amd64.
capability	Install the same pinned Playwright browsers and dependencies	2026-10-06T16:12:44.0743765Z Preparing to unpack .../051-libcjson1_1.7.17-1_amd64.deb ...
capability	Install the same pinned Playwright browsers and dependencies	2026-10-06T16:12:44.0752443Z Unpacking libcjson1:amd64 (1.7.17-1) ...
capability	Install the same pinned Playwright browsers and dependencies	2026-10-06T16:12:44.0997082Z Selecting previously unselected package libmbedcrypto7t64:amd64.
capability	Install the same pinned Playwright browsers and dependencies	2026-10-06T16:12:44.1146575Z Preparing to unpack .../052-libmbedcrypto7t64_2.28.8-1_amd64.deb ...
capability	Install the same pinned Playwright browsers and dependencies	2026-10-06T16:12:44.1158005Z Unpacking libmbedcrypto7t64:amd64 (2.28.8-1) ...
capability	Install the same pinned Playwright browsers and dependencies	2026-10-06T16:12:44.1859506Z Selecting previously unselected package librist4:amd64.
capability	Install the same pinned Playwright browsers and dependencies	2026-10-06T16:12:44.2028139Z Preparing to unpack .../053-librist4_0.2.10+dfsg-2_amd64.deb ...
capability	Install the same pinned Playwright browsers and dependencies	2026-10-06T16:12:44.2466458Z Unpacking librist4:amd64 (0.2.10+dfsg-2) ...
capability	Install the same pinned Playwright browsers and dependencies	2026-10-06T16:12:44.3454164Z Selecting previously unselected package libsrt1.5-gnutls:amd64.
capability	Install the same pinned Playwright browsers and dependencies	2026-10-06T16:12:44.3600363Z Preparing to unpack .../054-libsrt1.5-gnutls_1.5.3-1build2_amd64.deb ...
capability	Install the same pinned Playwright browsers and dependencies	2026-10-06T16:12:44.3621428Z Unpacking libsrt1.5-gnutls:amd64 (1.5.3-1build2) ...
capability	Install the same pinned Playwright browsers and dependencies	2026-10-06T16:12:44.6419452Z Selecting previously unselected package libssh-gcrypt-4:amd64.
capability	Install the same pinned Playwright browsers and dependencies	2026-10-06T16:12:44.6562365Z Preparing to unpack .../055-libssh-gcrypt-4_0.10.6-2ubuntu0.5_amd64.deb ...
capability	Install the same pinned Playwright browsers and dependencies	2026-10-06T16:12:44.6572498Z Unpacking libssh-gcrypt-4:amd64 (0.10.6-2ubuntu0.5) ...
capability	Install the same pinned Playwright browsers and dependencies	2026-10-06T16:12:44.6819376Z Selecting previously unselected package libavformat60:amd64.
capability	Install the same pinned Playwright browsers and dependencies	2026-10-06T16:12:44.6962958Z Preparing to unpack .../056-libavformat60_7%3a6.1.1-3ubuntu5_amd64.deb ...
capability	Install the same pinned Playwright browsers and dependencies	2026-10-06T16:12:44.6971823Z Unpacking libavformat60:amd64 (7:6.1.1-3ubuntu5) ...
capability	Install the same pinned Playwright browsers and dependencies	2026-10-06T16:12:44.7337528Z Selecting previously unselected package libbs2b0:amd64.
capability	Install the same pinned Playwright browsers and dependencies	2026-10-06T16:12:44.7473994Z Preparing to unpack .../057-libbs2b0_3.1.0+dfsg-7build1_amd64.deb ...
capability	Install the same pinned Playwright browsers and dependencies	2026-10-06T16:12:44.7483615Z Unpacking libbs2b0:amd64 (3.1.0+dfsg-7build1) ...
capability	Install the same pinned Playwright browsers and dependencies	2026-10-06T16:12:44.7724273Z Selecting previously unselected package libflite1:amd64.
capability	Install the same pinned Playwright browsers and dependencies	2026-10-06T16:12:44.7859071Z Preparing to unpack .../058-libflite1_2.2-6build3_amd64.deb ...
capability	Install the same pinned Playwright browsers and dependencies	2026-10-06T16:12:44.7868567Z Unpacking libflite1:amd64 (2.2-6build3) ...
capability	Install the same pinned Playwright browsers and dependencies	2026-10-06T16:12:44.9072447Z Selecting previously unselected package libserd-0-0:amd64.
capability	Install the same pinned Playwright browsers and dependencies	2026-10-06T16:12:44.9210439Z Preparing to unpack .../059-libserd-0-0_0.32.2-1_amd64.deb ...
capability	Install the same pinned Playwright browsers and dependencies	2026-10-06T16:12:44.9219007Z Unpacking libserd-0-0:amd64 (0.32.2-1) ...
capability	Install the same pinned Playwright browsers and dependencies	2026-10-06T16:12:44.9435241Z Selecting previously unselected package libzix-0-0:amd64.
capability	Install the same pinned Playwright browsers and dependencies	2026-10-06T16:12:44.9585033Z Preparing to unpack .../060-libzix-0-0_0.4.2-2build1_amd64.deb ...
capability	Install the same pinned Playwright browsers and dependencies	2026-10-06T16:12:44.9595840Z Unpacking libzix-0-0:amd64 (0.4.2-2build1) ...
capability	Install the same pinned Playwright browsers and dependencies	2026-10-06T16:12:44.9862614Z Selecting previously unselected package libsord-0-0:amd64.
capability	Install the same pinned Playwright browsers and dependencies	2026-10-06T16:12:45.0020299Z Preparing to unpack .../061-libsord-0-0_0.16.16-2build1_amd64.deb ...
capability	Install the same pinned Playwright browsers and dependencies	2026-10-06T16:12:45.0030438Z Unpacking libsord-0-0:amd64 (0.16.16-2build1) ...
capability	Install the same pinned Playwright browsers and dependencies	2026-10-06T16:12:45.0270738Z Selecting previously unselected package libsratom-0-0:amd64.
capability	Install the same pinned Playwright browsers and dependencies	2026-10-06T16:12:45.0403977Z Preparing to unpack .../062-libsratom-0-0_0.6.16-1build1_amd64.deb ...
capability	Install the same pinned Playwright browsers and dependencies	2026-10-06T16:12:45.0413587Z Unpacking libsratom-0-0:amd64 (0.6.16-1build1) ...
capability	Install the same pinned Playwright browsers and dependencies	2026-10-06T16:12:45.0629667Z Selecting previously unselected package liblilv-0-0:amd64.
capability	Install the same pinned Playwright browsers and dependencies	2026-10-06T16:12:45.0763052Z Preparing to unpack .../063-liblilv-0-0_0.24.22-1build1_amd64.deb ...
capability	Install the same pinned Playwright browsers and dependencies	2026-10-06T16:12:45.0771105Z Unpacking liblilv-0-0:amd64 (0.24.22-1build1) ...
capability	Install the same pinned Playwright browsers and dependencies	2026-10-06T16:12:45.0996712Z Selecting previously unselected package libmysofa1:amd64.
capability	Install the same pinned Playwright browsers and dependencies	2026-10-06T16:12:45.1135629Z Preparing to unpack .../064-libmysofa1_1.3.2+dfsg-2ubuntu2_amd64.deb ...
capability	Install the same pinned Playwright browsers and dependencies	2026-10-06T16:12:45.1144181Z Unpacking libmysofa1:amd64 (1.3.2+dfsg-2ubuntu2) ...
capability	Install the same pinned Playwright browsers and dependencies	2026-10-06T16:12:45.1408388Z Selecting previously unselected package libplacebo338:amd64.
capability	Install the same pinned Playwright browsers and dependencies	2026-10-06T16:12:45.1545245Z Preparing to unpack .../065-libplacebo338_6.338.2-2build1_amd64.deb ...
capability	Install the same pinned Playwright browsers and dependencies	2026-10-06T16:12:45.1554014Z Unpacking libplacebo338:amd64 (6.338.2-2build1) ...
capability	Install the same pinned Playwright browsers and dependencies	2026-10-06T16:12:45.2263705Z Selecting previously unselected package libblas3:amd64.
capability	Install the same pinned Playwright browsers and dependencies	2026-10-06T16:12:45.2423268Z Preparing to unpack .../066-libblas3_3.12.0-3build1.1_amd64.deb ...
capability	Install the same pinned Playwright browsers and dependencies	2026-10-06T16:12:45.2462606Z Unpacking libblas3:amd64 (3.12.0-3build1.1) ...
capability	Install the same pinned Playwright browsers and dependencies	2026-10-06T16:12:45.2756326Z Selecting previously unselected package liblapack3:amd64.
capability	Install the same pinned Playwright browsers and dependencies	2026-10-06T16:12:45.2917115Z Preparing to unpack .../067-liblapack3_3.12.0-3build1.1_amd64.deb ...
capability	Install the same pinned Playwright browsers and dependencies	2026-10-06T16:12:45.2956422Z Unpacking liblapack3:amd64 (3.12.0-3build1.1) ...
capability	Install the same pinned Playwright browsers and dependencies	2026-10-06T16:12:45.3556607Z Selecting previously unselected package libasyncns0:amd64.
capability	Install the same pinned Playwright browsers and dependencies	2026-10-06T16:12:45.3717363Z Preparing to unpack .../068-libasyncns0_0.8-6build4_amd64.deb ...
capability	Install the same pinned Playwright browsers and dependencies	2026-10-06T16:12:45.3728481Z Unpacking libasyncns0:amd64 (0.8-6build4) ...
capability	Install the same pinned Playwright browsers and dependencies	2026-10-06T16:12:45.3962739Z Selecting previously unselected package libflac12t64:amd64.
capability	Install the same pinned Playwright browsers and dependencies	2026-10-06T16:12:45.4113141Z Preparing to unpack .../069-libflac12t64_1.4.3+ds-2.1ubuntu2_amd64.deb ...
capability	Install the same pinned Playwright browsers and dependencies	2026-10-06T16:12:45.4122486Z Unpacking libflac12t64:amd64 (1.4.3+ds-2.1ubuntu2) ...
capability	Install the same pinned Playwright browsers and dependencies	2026-10-06T16:12:45.4382120Z Selecting previously unselected package libsndfile1:amd64.
capability	Install the same pinned Playwright browsers and dependencies	2026-10-06T16:12:45.4526849Z Preparing to unpack .../070-libsndfile1_1.2.2-1ubuntu5.24.04.1_amd64.deb ...
capability	Install the same pinned Playwright browsers and dependencies	2026-10-06T16:12:45.4536011Z Unpacking libsndfile1:amd64 (1.2.2-1ubuntu5.24.04.1) ...
capability	Install the same pinned Playwright browsers and dependencies	2026-10-06T16:12:45.4816966Z Selecting previously unselected package libpulse0:amd64.
capability	Install the same pinned Playwright browsers and dependencies	2026-10-06T16:12:45.4962727Z Preparing to unpack .../071-libpulse0_1%3a16.1+dfsg1-2ubuntu10.1_amd64.deb ...
capability	Install the same pinned Playwright browsers and dependencies	2026-10-06T16:12:45.5039458Z Unpacking libpulse0:amd64 (1:16.1+dfsg1-2ubuntu10.1) ...
capability	Install the same pinned Playwright browsers and dependencies	2026-10-06T16:12:45.5321096Z Selecting previously unselected package libsphinxbase3t64:amd64.
capability	Install the same pinned Playwright browsers and dependencies	2026-10-06T16:12:45.5455436Z Preparing to unpack .../072-libsphinxbase3t64_0.8+5prealpha+1-17build2_amd64.deb ...
capability	Install the same pinned Playwright browsers and dependencies	2026-10-06T16:12:45.5465320Z Unpacking libsphinxbase3t64:amd64 (0.8+5prealpha+1-17build2) ...
capability	Install the same pinned Playwright browsers and dependencies	2026-10-06T16:12:45.5701953Z Selecting previously unselected package libpocketsphinx3:amd64.
capability	Install the same pinned Playwright browsers and dependencies	2026-10-06T16:12:45.5845007Z Preparing to unpack .../073-libpocketsphinx3_0.8.0+real5prealpha+1-15ubuntu5_amd64.deb ...
capability	Install the same pinned Playwright browsers and dependencies	2026-10-06T16:12:45.5857175Z Unpacking libpocketsphinx3:amd64 (0.8.0+real5prealpha+1-15ubuntu5) ...
capability	Install the same pinned Playwright browsers and dependencies	2026-10-06T16:12:45.6154127Z Selecting previously unselected package libpostproc57:amd64.
capability	Install the same pinned Playwright browsers and dependencies	2026-10-06T16:12:45.6294336Z Preparing to unpack .../074-libpostproc57_7%3a6.1.1-3ubuntu5_amd64.deb ...
capability	Install the same pinned Playwright browsers and dependencies	2026-10-06T16:12:45.6302867Z Unpacking libpostproc57:amd64 (7:6.1.1-3ubuntu5) ...
capability	Install the same pinned Playwright browsers and dependencies	2026-10-06T16:12:45.6534190Z Selecting previously unselected package libsamplerate0:amd64.
capability	Install the same pinned Playwright browsers and dependencies	2026-10-06T16:12:45.6676705Z Preparing to unpack .../075-libsamplerate0_0.2.2-4build1_amd64.deb ...
capability	Install the same pinned Playwright browsers and dependencies	2026-10-06T16:12:45.6684359Z Unpacking libsamplerate0:amd64 (0.2.2-4build1) ...
capability	Install the same pinned Playwright browsers and dependencies	2026-10-06T16:12:45.7007424Z Selecting previously unselected package librubberband2:amd64.
capability	Install the same pinned Playwright browsers and dependencies	2026-10-06T16:12:45.7150167Z Preparing to unpack .../076-librubberband2_3.3.0+dfsg-2build1_amd64.deb ...
capability	Install the same pinned Playwright browsers and dependencies	2026-10-06T16:12:45.7161125Z Unpacking librubberband2:amd64 (3.3.0+dfsg-2build1) ...
capability	Install the same pinned Playwright browsers and dependencies	2026-10-06T16:12:45.7396346Z Selecting previously unselected package libswscale7:amd64.
capability	Install the same pinned Playwright browsers and dependencies	2026-10-06T16:12:45.7536575Z Preparing to unpack .../077-libswscale7_7%3a6.1.1-3ubuntu5_amd64.deb ...
capability	Install the same pinned Playwright browsers and dependencies	2026-10-06T16:12:45.7544830Z Unpacking libswscale7:amd64 (7:6.1.1-3ubuntu5) ...
capability	Install the same pinned Playwright browsers and dependencies	2026-10-06T16:12:45.7788876Z Selecting previously unselected package libvidstab1.1:amd64.
capability	Install the same pinned Playwright browsers and dependencies	2026-10-06T16:12:45.7927281Z Preparing to unpack .../078-libvidstab1.1_1.1.0-2build1_amd64.deb ...
capability	Install the same pinned Playwright browsers and dependencies	2026-10-06T16:12:45.7949284Z Unpacking libvidstab1.1:amd64 (1.1.0-2build1) ...
capability	Install the same pinned Playwright browsers and dependencies	2026-10-06T16:12:45.8176248Z Selecting previously unselected package libzimg2:amd64.
capability	Install the same pinned Playwright browsers and dependencies	2026-10-06T16:12:45.8319915Z Preparing to unpack .../079-libzimg2_3.0.5+ds1-1build1_amd64.deb ...
capability	Install the same pinned Playwright browsers and dependencies	2026-10-06T16:12:45.8330126Z Unpacking libzimg2:amd64 (3.0.5+ds1-1build1) ...
capability	Install the same pinned Playwright browsers and dependencies	2026-10-06T16:12:45.8611207Z Selecting previously unselected package libavfilter9:amd64.
capability	Install the same pinned Playwright browsers and dependencies	2026-10-06T16:12:45.8751037Z Preparing to unpack .../080-libavfilter9_7%3a6.1.1-3ubuntu5_amd64.deb ...
capability	Install the same pinned Playwright browsers and dependencies	2026-10-06T16:12:45.8760164Z Unpacking libavfilter9:amd64 (7:6.1.1-3ubuntu5) ...
capability	Install the same pinned Playwright browsers and dependencies	2026-10-06T16:12:45.9813981Z Selecting previously unselected package liborc-0.4-0t64:amd64.
capability	Install the same pinned Playwright browsers and dependencies	2026-10-06T16:12:45.9955494Z Preparing to unpack .../081-liborc-0.4-0t64_1%3a0.4.38-1ubuntu0.1_amd64.deb ...
capability	Install the same pinned Playwright browsers and dependencies	2026-10-06T16:12:45.9963317Z Unpacking liborc-0.4-0t64:amd64 (1:0.4.38-1ubuntu0.1) ...
capability	Install the same pinned Playwright browsers and dependencies	2026-10-06T16:12:46.0223135Z Selecting previously unselected package libgstreamer-plugins-base1.0-0:amd64.
capability	Install the same pinned Playwright browsers and dependencies	2026-10-06T16:12:46.0363657Z Preparing to unpack .../082-libgstreamer-plugins-base1.0-0_1.24.2-1ubuntu0.5_amd64.deb ...
capability	Install the same pinned Playwright browsers and dependencies	2026-10-06T16:12:46.0371394Z Unpacking libgstreamer-plugins-base1.0-0:amd64 (1.24.2-1ubuntu0.5) ...
capability	Install the same pinned Playwright browsers and dependencies	2026-10-06T16:12:46.0710474Z Selecting previously unselected package gstreamer1.0-libav:amd64.
capability	Install the same pinned Playwright browsers and dependencies	2026-10-06T16:12:46.0849235Z Preparing to unpack .../083-gstreamer1.0-libav_1.24.1-1build1_amd64.deb ...
capability	Install the same pinned Playwright browsers and dependencies	2026-10-06T16:12:46.0856784Z Unpacking gstreamer1.0-libav:amd64 (1.24.1-1build1) ...
capability	Install the same pinned Playwright browsers and dependencies	2026-10-06T16:12:46.1085017Z Selecting previously unselected package libcdparanoia0:amd64.
capability	Install the same pinned Playwright browsers and dependencies	2026-10-06T16:12:46.1221864Z Preparing to unpack .../084-libcdparanoia0_3.10.2+debian-14build3_amd64.deb ...
capability	Install the same pinned Playwright browsers and dependencies	2026-10-06T16:12:46.1232384Z Unpacking libcdparanoia0:amd64 (3.10.2+debian-14build3) ...
capability	Install the same pinned Playwright browsers and dependencies	2026-10-06T16:12:46.1466228Z Selecting previously unselected package libvisual-0.4-0:amd64.
capability	Install the same pinned Playwright browsers and dependencies	2026-10-06T16:12:46.1605133Z Preparing to unpack .../085-libvisual-0.4-0_0.4.2-2build1_amd64.deb ...
capability	Install the same pinned Playwright browsers and dependencies	2026-10-06T16:12:46.1612707Z Unpacking libvisual-0.4-0:amd64 (0.4.2-2build1) ...
capability	Install the same pinned Playwright browsers and dependencies	2026-10-06T16:12:46.1859293Z Selecting previously unselected package gstreamer1.0-plugins-base:amd64.
capability	Install the same pinned Playwright browsers and dependencies	2026-10-06T16:12:46.2001886Z Preparing to unpack .../086-gstreamer1.0-plugins-base_1.24.2-1ubuntu0.5_amd64.deb ...
capability	Install the same pinned Playwright browsers and dependencies	2026-10-06T16:12:46.2013950Z Unpacking gstreamer1.0-plugins-base:amd64 (1.24.2-1ubuntu0.5) ...
capability	Install the same pinned Playwright browsers and dependencies	2026-10-06T16:12:46.2366186Z Selecting previously unselected package libaa1:amd64.
capability	Install the same pinned Playwright browsers and dependencies	2026-10-06T16:12:46.2506141Z Preparing to unpack .../087-libaa1_1.4p5-51.1_amd64.deb ...
capability	Install the same pinned Playwright browsers and dependencies	2026-10-06T16:12:46.2517240Z Unpacking libaa1:amd64 (1.4p5-51.1) ...
capability	Install the same pinned Playwright browsers and dependencies	2026-10-06T16:12:46.2761411Z Selecting previously unselected package libraw1394-11:amd64.
capability	Install the same pinned Playwright browsers and dependencies	2026-10-06T16:12:46.2906513Z Preparing to unpack .../088-libraw1394-11_2.1.2-2build3_amd64.deb ...
capability	Install the same pinned Playwright browsers and dependencies	2026-10-06T16:12:46.2914583Z Unpacking libraw1394-11:amd64 (2.1.2-2build3) ...
capability	Install the same pinned Playwright browsers and dependencies	2026-10-06T16:12:46.3167003Z Selecting previously unselected package libavc1394-0:amd64.
capability	Install the same pinned Playwright browsers and dependencies	2026-10-06T16:12:46.3309669Z Preparing to unpack .../089-libavc1394-0_0.5.4-5build3_amd64.deb ...
capability	Install the same pinned Playwright browsers and dependencies	2026-10-06T16:12:46.3321012Z Unpacking libavc1394-0:amd64 (0.5.4-5build3) ...
capability	Install the same pinned Playwright browsers and dependencies	2026-10-06T16:12:46.3551414Z Selecting previously unselected package libcaca0:amd64.
capability	Install the same pinned Playwright browsers and dependencies	2026-10-06T16:12:46.3697358Z Preparing to unpack .../090-libcaca0_0.99.beta20-4ubuntu0.2_amd64.deb ...
capability	Install the same pinned Playwright browsers and dependencies	2026-10-06T16:12:46.3705078Z Unpacking libcaca0:amd64 (0.99.beta20-4ubuntu0.2) ...
capability	Install the same pinned Playwright browsers and dependencies	2026-10-06T16:12:46.3981639Z Selecting previously unselected package libdv4t64:amd64.
capability	Install the same pinned Playwright browsers and dependencies	2026-10-06T16:12:46.4127325Z Preparing to unpack .../091-libdv4t64_1.0.0-17.1build1_amd64.deb ...
capability	Install the same pinned Playwright browsers and dependencies	2026-10-06T16:12:46.4135600Z Unpacking libdv4t64:amd64 (1.0.0-17.1build1) ...
capability	Install the same pinned Playwright browsers and dependencies	2026-10-06T16:12:46.4383936Z Selecting previously unselected package libgstreamer-plugins-good1.0-0:amd64.
capability	Install the same pinned Playwright browsers and dependencies	2026-10-06T16:12:46.4526799Z Preparing to unpack .../092-libgstreamer-plugins-good1.0-0_1.24.2-1ubuntu1.8_amd64.deb ...
capability	Install the same pinned Playwright browsers and dependencies	2026-10-06T16:12:46.4535022Z Unpacking libgstreamer-plugins-good1.0-0:amd64 (1.24.2-1ubuntu1.8) ...
capability	Install the same pinned Playwright browsers and dependencies	2026-10-06T16:12:46.4764598Z Selecting previously unselected package libiec61883-0:amd64.
capability	Install the same pinned Playwright browsers and dependencies	2026-10-06T16:12:46.4910235Z Preparing to unpack .../093-libiec61883-0_1.2.0-6build1_amd64.deb ...
capability	Install the same pinned Playwright browsers and dependencies	2026-10-06T16:12:46.4920145Z Unpacking libiec61883-0:amd64 (1.2.0-6build1) ...
capability	Install the same pinned Playwright browsers and dependencies	2026-10-06T16:12:46.5158771Z Selecting previously unselected package libshout3:amd64.
capability	Install the same pinned Playwright browsers and dependencies	2026-10-06T16:12:46.5305799Z Preparing to unpack .../094-libshout3_2.4.6-1build2_amd64.deb ...
capability	Install the same pinned Playwright browsers and dependencies	2026-10-06T16:12:46.5314319Z Unpacking libshout3:amd64 (2.4.6-1build2) ...
capability	Install the same pinned Playwright browsers and dependencies	2026-10-06T16:12:46.5558479Z Selecting previously unselected package libtag1v5-vanilla:amd64.
capability	Install the same pinned Playwright browsers and dependencies	2026-10-06T16:12:46.5701973Z Preparing to unpack .../095-libtag1v5-vanilla_1.13.1-1build1_amd64.deb ...
capability	Install the same pinned Playwright browsers and dependencies	2026-10-06T16:12:46.5710972Z Unpacking libtag1v5-vanilla:amd64 (1.13.1-1build1) ...
capability	Install the same pinned Playwright browsers and dependencies	2026-10-06T16:12:46.5996021Z Selecting previously unselected package libtag1v5:amd64.
capability	Install the same pinned Playwright browsers and dependencies	2026-10-06T16:12:46.6140041Z Preparing to unpack .../096-libtag1v5_1.13.1-1build1_amd64.deb ...
capability	Install the same pinned Playwright browsers and dependencies	2026-10-06T16:12:46.6147978Z Unpacking libtag1v5:amd64 (1.13.1-1build1) ...
capability	Install the same pinned Playwright browsers and dependencies	2026-10-06T16:12:46.6378936Z Selecting previously unselected package libv4lconvert0t64:amd64.
capability	Install the same pinned Playwright browsers and dependencies	2026-10-06T16:12:46.6522034Z Preparing to unpack .../097-libv4lconvert0t64_1.26.1-4build3_amd64.deb ...
capability	Install the same pinned Playwright browsers and dependencies	2026-10-06T16:12:46.6531116Z Unpacking libv4lconvert0t64:amd64 (1.26.1-4build3) ...
capability	Install the same pinned Playwright browsers and dependencies	2026-10-06T16:12:46.6782302Z Selecting previously unselected package libv4l-0t64:amd64.
capability	Install the same pinned Playwright browsers and dependencies	2026-10-06T16:12:46.6927379Z Preparing to unpack .../098-libv4l-0t64_1.26.1-4build3_amd64.deb ...
capability	Install the same pinned Playwright browsers and dependencies	2026-10-06T16:12:46.6936820Z Unpacking libv4l-0t64:amd64 (1.26.1-4build3) ...
capability	Install the same pinned Playwright browsers and dependencies	2026-10-06T16:12:46.7195043Z Selecting previously unselected package libwavpack1:amd64.
capability	Install the same pinned Playwright browsers and dependencies	2026-10-06T16:12:46.7338653Z Preparing to unpack .../099-libwavpack1_5.6.0-1build1_amd64.deb ...
capability	Install the same pinned Playwright browsers and dependencies	2026-10-06T16:12:46.7347857Z Unpacking libwavpack1:amd64 (5.6.0-1build1) ...
capability	Install the same pinned Playwright browsers and dependencies	2026-10-06T16:12:46.7582441Z Selecting previously unselected package libsoup-3.0-common.
capability	Install the same pinned Playwright browsers and dependencies	2026-10-06T16:12:46.7760136Z Preparing to unpack .../100-libsoup-3.0-common_3.4.4-5ubuntu0.8_all.deb ...
capability	Install the same pinned Playwright browsers and dependencies	2026-10-06T16:12:46.7770574Z Unpacking libsoup-3.0-common (3.4.4-5ubuntu0.8) ...
capability	Install the same pinned Playwright browsers and dependencies	2026-10-06T16:12:46.8077088Z Selecting previously unselected package libsoup-3.0-0:amd64.
capability	Install the same pinned Playwright browsers and dependencies	2026-10-06T16:12:46.8269838Z Preparing to unpack .../101-libsoup-3.0-0_3.4.4-5ubuntu0.8_amd64.deb ...
capability	Install the same pinned Playwright browsers and dependencies	2026-10-06T16:12:46.8284000Z Unpacking libsoup-3.0-0:amd64 (3.4.4-5ubuntu0.8) ...
capability	Install the same pinned Playwright browsers and dependencies	2026-10-06T16:12:46.8602065Z Selecting previously unselected package gstreamer1.0-plugins-good:amd64.
capability	Install the same pinned Playwright browsers and dependencies	2026-10-06T16:12:46.8795401Z Preparing to unpack .../102-gstreamer1.0-plugins-good_1.24.2-1ubuntu1.8_amd64.deb ...
capability	Install the same pinned Playwright browsers and dependencies	2026-10-06T16:12:46.8804533Z Unpacking gstreamer1.0-plugins-good:amd64 (1.24.2-1ubuntu1.8) ...
capability	Install the same pinned Playwright browsers and dependencies	2026-10-06T16:12:46.9550154Z Selecting previously unselected package libabsl20220623t64:amd64.
capability	Install the same pinned Playwright browsers and dependencies	2026-10-06T16:12:46.9700723Z Preparing to unpack .../103-libabsl20220623t64_20220623.1-3.1ubuntu3.2_amd64.deb ...
capability	Install the same pinned Playwright browsers and dependencies	2026-10-06T16:12:46.9709825Z Unpacking libabsl20220623t64:amd64 (20220623.1-3.1ubuntu3.2) ...
capability	Install the same pinned Playwright browsers and dependencies	2026-10-06T16:12:47.0156161Z Selecting previously unselected package libgav1-1:amd64.
capability	Install the same pinned Playwright browsers and dependencies	2026-10-06T16:12:47.0294078Z Preparing to unpack .../104-libgav1-1_0.18.0-1build3_amd64.deb ...
capability	Install the same pinned Playwright browsers and dependencies	2026-10-06T16:12:47.0302805Z Unpacking libgav1-1:amd64 (0.18.0-1build3) ...
capability	Install the same pinned Playwright browsers and dependencies	2026-10-06T16:12:47.0556186Z Selecting previously unselected package libyuv0:amd64.
capability	Install the same pinned Playwright browsers and dependencies	2026-10-06T16:12:47.0692636Z Preparing to unpack .../105-libyuv0_0.0~git202401110.af6ac82-1_amd64.deb ...
capability	Install the same pinned Playwright browsers and dependencies	2026-10-06T16:12:47.0700791Z Unpacking libyuv0:amd64 (0.0~git202401110.af6ac82-1) ...
capability	Install the same pinned Playwright browsers and dependencies	2026-10-06T16:12:47.0955300Z Selecting previously unselected package libavif16:amd64.
capability	Install the same pinned Playwright browsers and dependencies	2026-10-06T16:12:47.1095695Z Preparing to unpack .../106-libavif16_1.0.4-1ubuntu3_amd64.deb ...
capability	Install the same pinned Playwright browsers and dependencies	2026-10-06T16:12:47.1103873Z Unpacking libavif16:amd64 (1.0.4-1ubuntu3) ...
capability	Install the same pinned Playwright browsers and dependencies	2026-10-06T16:12:47.1330110Z Selecting previously unselected package libavtp0:amd64.
capability	Install the same pinned Playwright browsers and dependencies	2026-10-06T16:12:47.1465033Z Preparing to unpack .../107-libavtp0_0.2.0-1build1_amd64.deb ...
capability	Install the same pinned Playwright browsers and dependencies	2026-10-06T16:12:47.1471989Z Unpacking libavtp0:amd64 (0.2.0-1build1) ...
capability	Install the same pinned Playwright browsers and dependencies	2026-10-06T16:12:47.1681510Z Selecting previously unselected package libcairo-script-interpreter2:amd64.
capability	Install the same pinned Playwright browsers and dependencies	2026-10-06T16:12:47.1817391Z Preparing to unpack .../108-libcairo-script-interpreter2_1.18.0-3build1_amd64.deb ...
capability	Install the same pinned Playwright browsers and dependencies	2026-10-06T16:12:47.1825816Z Unpacking libcairo-script-interpreter2:amd64 (1.18.0-3build1) ...
capability	Install the same pinned Playwright browsers and dependencies	2026-10-06T16:12:47.2059414Z Selecting previously unselected package libdc1394-25:amd64.
capability	Install the same pinned Playwright browsers and dependencies	2026-10-06T16:12:47.2196818Z Preparing to unpack .../109-libdc1394-25_2.2.6-4build1_amd64.deb ...
capability	Install the same pinned Playwright browsers and dependencies	2026-10-06T16:12:47.2203720Z Unpacking libdc1394-25:amd64 (2.2.6-4build1) ...
capability	Install the same pinned Playwright browsers and dependencies	2026-10-06T16:12:47.2426316Z Selecting previously unselected package libde265-0:amd64.
capability	Install the same pinned Playwright browsers and dependencies	2026-10-06T16:12:47.2561327Z Preparing to unpack .../110-libde265-0_1.0.15-1ubuntu0.1_amd64.deb ...
capability	Install the same pinned Playwright browsers and dependencies	2026-10-06T16:12:47.2569558Z Unpacking libde265-0:amd64 (1.0.15-1ubuntu0.1) ...
capability	Install the same pinned Playwright browsers and dependencies	2026-10-06T16:12:47.2810599Z Selecting previously unselected package libdecor-0-0:amd64.
capability	Install the same pinned Playwright browsers and dependencies	2026-10-06T16:12:47.2953108Z Preparing to unpack .../111-libdecor-0-0_0.2.2-1build2_amd64.deb ...
capability	Install the same pinned Playwright browsers and dependencies	2026-10-06T16:12:47.2960346Z Unpacking libdecor-0-0:amd64 (0.2.2-1build2) ...
capability	Install the same pinned Playwright browsers and dependencies	2026-10-06T16:12:47.3180330Z Selecting previously unselected package libgles2:amd64.
capability	Install the same pinned Playwright browsers and dependencies	2026-10-06T16:12:47.3318409Z Preparing to unpack .../112-libgles2_1.7.0-1build1_amd64.deb ...
capability	Install the same pinned Playwright browsers and dependencies	2026-10-06T16:12:47.3325966Z Unpacking libgles2:amd64 (1.7.0-1build1) ...
capability	Install the same pinned Playwright browsers and dependencies	2026-10-06T16:12:47.3541302Z Selecting previously unselected package libdirectfb-1.7-7t64:amd64.
capability	Install the same pinned Playwright browsers and dependencies	2026-10-06T16:12:47.3676833Z Preparing to unpack .../113-libdirectfb-1.7-7t64_1.7.7-11.1ubuntu2_amd64.deb ...
capability	Install the same pinned Playwright browsers and dependencies	2026-10-06T16:12:47.3685069Z Unpacking libdirectfb-1.7-7t64:amd64 (1.7.7-11.1ubuntu2) ...
capability	Install the same pinned Playwright browsers and dependencies	2026-10-06T16:12:47.4103002Z Selecting previously unselected package libdvdread8t64:amd64.
capability	Install the same pinned Playwright browsers and dependencies	2026-10-06T16:12:47.4243667Z Preparing to unpack .../114-libdvdread8t64_6.1.3-1.1build1_amd64.deb ...
capability	Install the same pinned Playwright browsers and dependencies	2026-10-06T16:12:47.4251176Z Unpacking libdvdread8t64:amd64 (6.1.3-1.1build1) ...
capability	Install the same pinned Playwright browsers and dependencies	2026-10-06T16:12:47.4475893Z Selecting previously unselected package libdvdnav4:amd64.
capability	Install the same pinned Playwright browsers and dependencies	2026-10-06T16:12:47.4611619Z Preparing to unpack .../115-libdvdnav4_6.1.1-3build1_amd64.deb ...
capability	Install the same pinned Playwright browsers and dependencies	2026-10-06T16:12:47.4621659Z Unpacking libdvdnav4:amd64 (6.1.1-3build1) ...
capability	Install the same pinned Playwright browsers and dependencies	2026-10-06T16:12:47.4998316Z Preparing to unpack .../116-libgl1-mesa-dri_25.2.8-0ubuntu0.24.04.4_amd64.deb ...
capability	Install the same pinned Playwright browsers and dependencies	2026-10-06T16:12:47.5153371Z Unpacking libgl1-mesa-dri:amd64 (25.2.8-0ubuntu0.24.04.4) over (25.2.8-0ubuntu0.24.04.2) ...
capability	Install the same pinned Playwright browsers and dependencies	2026-10-06T16:12:47.5761207Z Preparing to unpack .../117-libglx-mesa0_25.2.8-0ubuntu0.24.04.4_amd64.deb ...
capability	Install the same pinned Playwright browsers and dependencies	2026-10-06T16:12:47.5791421Z Unpacking libglx-mesa0:amd64 (25.2.8-0ubuntu0.24.04.4) over (25.2.8-0ubuntu0.24.04.2) ...
capability	Install the same pinned Playwright browsers and dependencies	2026-10-06T16:12:47.6167573Z Preparing to unpack .../118-libgbm1_25.2.8-0ubuntu0.24.04.4_amd64.deb ...
capability	Install the same pinned Playwright browsers and dependencies	2026-10-06T16:12:47.6189703Z Unpacking libgbm1:amd64 (25.2.8-0ubuntu0.24.04.4) over (25.2.8-0ubuntu0.24.04.2) ...
capability	Install the same pinned Playwright browsers and dependencies	2026-10-06T16:12:47.6569698Z Preparing to unpack .../119-mesa-libgallium_25.2.8-0ubuntu0.24.04.4_amd64.deb ...
capability	Install the same pinned Playwright browsers and dependencies	2026-10-06T16:12:47.6593663Z Unpacking mesa-libgallium:amd64 (25.2.8-0ubuntu0.24.04.4) over (25.2.8-0ubuntu0.24.04.2) ...
capability	Install the same pinned Playwright browsers and dependencies	2026-10-06T16:12:47.8455622Z Selecting previously unselected package libegl-mesa0:amd64.
capability	Install the same pinned Playwright browsers and dependencies	2026-10-06T16:12:47.8614880Z Preparing to unpack .../120-libegl-mesa0_25.2.8-0ubuntu0.24.04.4_amd64.deb ...
capability	Install the same pinned Playwright browsers and dependencies	2026-10-06T16:12:47.8622781Z Unpacking libegl-mesa0:amd64 (25.2.8-0ubuntu0.24.04.4) ...
capability	Install the same pinned Playwright browsers and dependencies	2026-10-06T16:12:47.8860841Z Selecting previously unselected package libevent-2.1-7t64:amd64.
capability	Install the same pinned Playwright browsers and dependencies	2026-10-06T16:12:47.8992413Z Preparing to unpack .../121-libevent-2.1-7t64_2.1.12-stable-9ubuntu2.2_amd64.deb ...
capability	Install the same pinned Playwright browsers and dependencies	2026-10-06T16:12:47.9000737Z Unpacking libevent-2.1-7t64:amd64 (2.1.12-stable-9ubuntu2.2) ...
capability	Install the same pinned Playwright browsers and dependencies	2026-10-06T16:12:47.9376941Z Preparing to unpack .../122-libevent-pthreads-2.1-7t64_2.1.12-stable-9ubuntu2.2_amd64.deb ...
capability	Install the same pinned Playwright browsers and dependencies	2026-10-06T16:12:47.9574888Z Unpacking libevent-pthreads-2.1-7t64:amd64 (2.1.12-stable-9ubuntu2.2) over (2.1.12-stable-9ubuntu2.1) ...
capability	Install the same pinned Playwright browsers and dependencies	2026-10-06T16:12:47.9969195Z Preparing to unpack .../123-libevent-core-2.1-7t64_2.1.12-stable-9ubuntu2.2_amd64.deb ...
capability	Install the same pinned Playwright browsers and dependencies	2026-10-06T16:12:48.0037507Z Unpacking libevent-core-2.1-7t64:amd64 (2.1.12-stable-9ubuntu2.2) over (2.1.12-stable-9ubuntu2.1) ...
capability	Install the same pinned Playwright browsers and dependencies	2026-10-06T16:12:48.0284895Z Selecting previously unselected package libfaad2:amd64.
capability	Install the same pinned Playwright browsers and dependencies	2026-10-06T16:12:48.0421996Z Preparing to unpack .../124-libfaad2_2.11.1-1build1_amd64.deb ...
capability	Install the same pinned Playwright browsers and dependencies	2026-10-06T16:12:48.0431739Z Unpacking libfaad2:amd64 (2.11.1-1build1) ...
capability	Install the same pinned Playwright browsers and dependencies	2026-10-06T16:12:48.0721938Z Selecting previously unselected package libinstpatch-1.0-2:amd64.
capability	Install the same pinned Playwright browsers and dependencies	2026-10-06T16:12:48.0891927Z Preparing to unpack .../125-libinstpatch-1.0-2_1.1.6-1build2_amd64.deb ...
capability	Install the same pinned Playwright browsers and dependencies	2026-10-06T16:12:48.0905204Z Unpacking libinstpatch-1.0-2:amd64 (1.1.6-1build2) ...
capability	Install the same pinned Playwright browsers and dependencies	2026-10-06T16:12:48.1206422Z Selecting previously unselected package libjack-jackd2-0:amd64.
capability	Install the same pinned Playwright browsers and dependencies	2026-10-06T16:12:48.1353589Z Preparing to unpack .../126-libjack-jackd2-0_1.9.21~dfsg-3ubuntu3_amd64.deb ...
capability	Install the same pinned Playwright browsers and dependencies	2026-10-06T16:12:48.1363618Z Unpacking libjack-jackd2-0:amd64 (1.9.21~dfsg-3ubuntu3) ...
capability	Install the same pinned Playwright browsers and dependencies	2026-10-06T16:12:48.1629476Z Selecting previously unselected package libwebrtc-audio-processing1:amd64.
capability	Install the same pinned Playwright browsers and dependencies	2026-10-06T16:12:48.1761373Z Preparing to unpack .../127-libwebrtc-audio-processing1_0.3.1-0ubuntu6_amd64.deb ...
capability	Install the same pinned Playwright browsers and dependencies	2026-10-06T16:12:48.1770408Z Unpacking libwebrtc-audio-processing1:amd64 (0.3.1-0ubuntu6) ...
capability	Install the same pinned Playwright browsers and dependencies	2026-10-06T16:12:48.2031136Z Selecting previously unselected package libspa-0.2-modules:amd64.
capability	Install the same pinned Playwright browsers and dependencies	2026-10-06T16:12:48.2167320Z Preparing to unpack .../128-libspa-0.2-modules_1.0.5-1ubuntu3.3_amd64.deb ...
capability	Install the same pinned Playwright browsers and dependencies	2026-10-06T16:12:48.2174330Z Unpacking libspa-0.2-modules:amd64 (1.0.5-1ubuntu3.3) ...
capability	Install the same pinned Playwright browsers and dependencies	2026-10-06T16:12:48.2509039Z Selecting previously unselected package libpipewire-0.3-0t64:amd64.
capability	Install the same pinned Playwright browsers and dependencies	2026-10-06T16:12:48.2651291Z Preparing to unpack .../129-libpipewire-0.3-0t64_1.0.5-1ubuntu3.3_amd64.deb ...
capability	Install the same pinned Playwright browsers and dependencies	2026-10-06T16:12:48.2658684Z Unpacking libpipewire-0.3-0t64:amd64 (1.0.5-1ubuntu3.3) ...
capability	Install the same pinned Playwright browsers and dependencies	2026-10-06T16:12:48.2928260Z Selecting previously unselected package libsdl2-2.0-0:amd64.
capability	Install the same pinned Playwright browsers and dependencies	2026-10-06T16:12:48.3067909Z Preparing to unpack .../130-libsdl2-2.0-0_2.30.0+dfsg-1ubuntu3.1_amd64.deb ...
capability	Install the same pinned Playwright browsers and dependencies	2026-10-06T16:12:48.3076776Z Unpacking libsdl2-2.0-0:amd64 (2.30.0+dfsg-1ubuntu3.1) ...
capability	Install the same pinned Playwright browsers and dependencies	2026-10-06T16:12:48.3393333Z Selecting previously unselected package timgm6mb-soundfont.
capability	Install the same pinned Playwright browsers and dependencies	2026-10-06T16:12:48.3531112Z Preparing to unpack .../131-timgm6mb-soundfont_1.3-5_all.deb ...
capability	Install the same pinned Playwright browsers and dependencies	2026-10-06T16:12:48.3539820Z Unpacking timgm6mb-soundfont (1.3-5) ...
capability	Install the same pinned Playwright browsers and dependencies	2026-10-06T16:12:48.6977182Z Selecting previously unselected package libfluidsynth3:amd64.
capability	Install the same pinned Playwright browsers and dependencies	2026-10-06T16:12:48.7119898Z Preparing to unpack .../132-libfluidsynth3_2.3.4-1build3_amd64.deb ...
capability	Install the same pinned Playwright browsers and dependencies	2026-10-06T16:12:48.7129864Z Unpacking libfluidsynth3:amd64 (2.3.4-1build3) ...
capability	Install the same pinned Playwright browsers and dependencies	2026-10-06T16:12:48.7389445Z Selecting previously unselected package libfreeaptx0:amd64.
capability	Install the same pinned Playwright browsers and dependencies	2026-10-06T16:12:48.7534833Z Preparing to unpack .../133-libfreeaptx0_0.1.1-2build1_amd64.deb ...
capability	Install the same pinned Playwright browsers and dependencies	2026-10-06T16:12:48.7542948Z Unpacking libfreeaptx0:amd64 (0.1.1-2build1) ...
capability	Install the same pinned Playwright browsers and dependencies	2026-10-06T16:12:48.7770644Z Selecting previously unselected package libgraphene-1.0-0:amd64.
capability	Install the same pinned Playwright browsers and dependencies	2026-10-06T16:12:48.7916880Z Preparing to unpack .../134-libgraphene-1.0-0_1.10.8-3build2_amd64.deb ...
capability	Install the same pinned Playwright browsers and dependencies	2026-10-06T16:12:48.7925247Z Unpacking libgraphene-1.0-0:amd64 (1.10.8-3build2) ...
capability	Install the same pinned Playwright browsers and dependencies	2026-10-06T16:12:48.8154442Z Selecting previously unselected package libgssdp-1.6-0:amd64.
capability	Install the same pinned Playwright browsers and dependencies	2026-10-06T16:12:48.8295430Z Preparing to unpack .../135-libgssdp-1.6-0_1.6.3-1build3_amd64.deb ...
capability	Install the same pinned Playwright browsers and dependencies	2026-10-06T16:12:48.8303392Z Unpacking libgssdp-1.6-0:amd64 (1.6.3-1build3) ...
capability	Install the same pinned Playwright browsers and dependencies	2026-10-06T16:12:48.8536782Z Selecting previously unselected package libegl1:amd64.
capability	Install the same pinned Playwright browsers and dependencies	2026-10-06T16:12:48.8679448Z Preparing to unpack .../136-libegl1_1.7.0-1build1_amd64.deb ...
capability	Install the same pinned Playwright browsers and dependencies	2026-10-06T16:12:48.8688173Z Unpacking libegl1:amd64 (1.7.0-1build1) ...
capability	Install the same pinned Playwright browsers and dependencies	2026-10-06T16:12:48.8919916Z Selecting previously unselected package libgstreamer-gl1.0-0:amd64.
capability	Install the same pinned Playwright browsers and dependencies	2026-10-06T16:12:48.9060185Z Preparing to unpack .../137-libgstreamer-gl1.0-0_1.24.2-1ubuntu0.5_amd64.deb ...
capability	Install the same pinned Playwright browsers and dependencies	2026-10-06T16:12:48.9067885Z Unpacking libgstreamer-gl1.0-0:amd64 (1.24.2-1ubuntu0.5) ...
capability	Install the same pinned Playwright browsers and dependencies	2026-10-06T16:12:48.9325336Z Selecting previously unselected package libgtk-4-common.
capability	Install the same pinned Playwright browsers and dependencies	2026-10-06T16:12:48.9465508Z Preparing to unpack .../138-libgtk-4-common_4.14.5+ds-0ubuntu0.10_all.deb ...
capability	Install the same pinned Playwright browsers and dependencies	2026-10-06T16:12:48.9474172Z Unpacking libgtk-4-common (4.14.5+ds-0ubuntu0.10) ...
capability	Install the same pinned Playwright browsers and dependencies	2026-10-06T16:12:48.9983654Z Selecting previously unselected package libgtk-4-1:amd64.
capability	Install the same pinned Playwright browsers and dependencies	2026-10-06T16:12:49.0125874Z Preparing to unpack .../139-libgtk-4-1_4.14.5+ds-0ubuntu0.10_amd64.deb ...
capability	Install the same pinned Playwright browsers and dependencies	2026-10-06T16:12:49.0134248Z Unpacking libgtk-4-1:amd64 (4.14.5+ds-0ubuntu0.10) ...
capability	Install the same pinned Playwright browsers and dependencies	2026-10-06T16:12:49.0800057Z Selecting previously unselected package libgupnp-1.6-0:amd64.
capability	Install the same pinned Playwright browsers and dependencies	2026-10-06T16:12:49.0940672Z Preparing to unpack .../140-libgupnp-1.6-0_1.6.6-1build3_amd64.deb ...
capability	Install the same pinned Playwright browsers and dependencies	2026-10-06T16:12:49.0948959Z Unpacking libgupnp-1.6-0:amd64 (1.6.6-1build3) ...
capability	Install the same pinned Playwright browsers and dependencies	2026-10-06T16:12:49.1182592Z Selecting previously unselected package libgupnp-igd-1.6-0:amd64.
capability	Install the same pinned Playwright browsers and dependencies	2026-10-06T16:12:49.1321838Z Preparing to unpack .../141-libgupnp-igd-1.6-0_1.6.0-3build3_amd64.deb ...
capability	Install the same pinned Playwright browsers and dependencies	2026-10-06T16:12:49.1329576Z Unpacking libgupnp-igd-1.6-0:amd64 (1.6.0-3build3) ...
capability	Install the same pinned Playwright browsers and dependencies	2026-10-06T16:12:49.1544280Z Selecting previously unselected package libharfbuzz-icu0:amd64.
capability	Install the same pinned Playwright browsers and dependencies	2026-10-06T16:12:49.1686324Z Preparing to unpack .../142-libharfbuzz-icu0_8.3.0-2build2_amd64.deb ...
capability	Install the same pinned Playwright browsers and dependencies	2026-10-06T16:12:49.1696522Z Unpacking libharfbuzz-icu0:amd64 (8.3.0-2build2) ...
capability	Install the same pinned Playwright browsers and dependencies	2026-10-06T16:12:49.1919561Z Selecting previously unselected package libhyphen0:amd64.
capability	Install the same pinned Playwright browsers and dependencies	2026-10-06T16:12:49.2059574Z Preparing to unpack .../143-libhyphen0_2.8.8-7build3_amd64.deb ...
capability	Install the same pinned Playwright browsers and dependencies	2026-10-06T16:12:49.2067973Z Unpacking libhyphen0:amd64 (2.8.8-7build3) ...
capability	Install the same pinned Playwright browsers and dependencies	2026-10-06T16:12:49.2295601Z Selecting previously unselected package libimath-3-1-29t64:amd64.
capability	Install the same pinned Playwright browsers and dependencies	2026-10-06T16:12:49.2428481Z Preparing to unpack .../144-libimath-3-1-29t64_3.1.9-3.1ubuntu2_amd64.deb ...
capability	Install the same pinned Playwright browsers and dependencies	2026-10-06T16:12:49.2436950Z Unpacking libimath-3-1-29t64:amd64 (3.1.9-3.1ubuntu2) ...
capability	Install the same pinned Playwright browsers and dependencies	2026-10-06T16:12:49.2669898Z Selecting previously unselected package liblc3-1:amd64.
capability	Install the same pinned Playwright browsers and dependencies	2026-10-06T16:12:49.2805868Z Preparing to unpack .../145-liblc3-1_1.0.4-3build1_amd64.deb ...
capability	Install the same pinned Playwright browsers and dependencies	2026-10-06T16:12:49.2813161Z Unpacking liblc3-1:amd64 (1.0.4-3build1) ...
capability	Install the same pinned Playwright browsers and dependencies	2026-10-06T16:12:49.3032527Z Selecting previously unselected package libldacbt-enc2:amd64.
capability	Install the same pinned Playwright browsers and dependencies	2026-10-06T16:12:49.3166894Z Preparing to unpack .../146-libldacbt-enc2_2.0.2.3+git20200429+ed310a0-4ubuntu2_amd64.deb ...
capability	Install the same pinned Playwright browsers and dependencies	2026-10-06T16:12:49.3174678Z Unpacking libldacbt-enc2:amd64 (2.0.2.3+git20200429+ed310a0-4ubuntu2) ...
capability	Install the same pinned Playwright browsers and dependencies	2026-10-06T16:12:49.3392570Z Selecting previously unselected package libraptor2-0:amd64.
capability	Install the same pinned Playwright browsers and dependencies	2026-10-06T16:12:49.3527548Z Preparing to unpack .../147-libraptor2-0_2.0.16-3ubuntu0.1_amd64.deb ...
capability	Install the same pinned Playwright browsers and dependencies	2026-10-06T16:12:49.3535273Z Unpacking libraptor2-0:amd64 (2.0.16-3ubuntu0.1) ...
capability	Install the same pinned Playwright browsers and dependencies	2026-10-06T16:12:49.3767387Z Selecting previously unselected package liblrdf0:amd64.
capability	Install the same pinned Playwright browsers and dependencies	2026-10-06T16:12:49.3902404Z Preparing to unpack .../148-liblrdf0_0.6.1-4build1_amd64.deb ...
capability	Install the same pinned Playwright browsers and dependencies	2026-10-06T16:12:49.3911104Z Unpacking liblrdf0:amd64 (0.6.1-4build1) ...
capability	Install the same pinned Playwright browsers and dependencies	2026-10-06T16:12:49.4137609Z Selecting previously unselected package libltc11:amd64.
capability	Install the same pinned Playwright browsers and dependencies	2026-10-06T16:12:49.4274898Z Preparing to unpack .../149-libltc11_1.3.2-1build1_amd64.deb ...
capability	Install the same pinned Playwright browsers and dependencies	2026-10-06T16:12:49.4282367Z Unpacking libltc11:amd64 (1.3.2-1build1) ...
capability	Install the same pinned Playwright browsers and dependencies	2026-10-06T16:12:49.4489421Z Selecting previously unselected package libmanette-0.2-0:amd64.
capability	Install the same pinned Playwright browsers and dependencies	2026-10-06T16:12:49.4623763Z Preparing to unpack .../150-libmanette-0.2-0_0.2.7-1build2_amd64.deb ...
capability	Install the same pinned Playwright browsers and dependencies	2026-10-06T16:12:49.4631258Z Unpacking libmanette-0.2-0:amd64 (0.2.7-1build2) ...
capability	Install the same pinned Playwright browsers and dependencies	2026-10-06T16:12:49.4846333Z Selecting previously unselected package libmfx1:amd64.
capability	Install the same pinned Playwright browsers and dependencies	2026-10-06T16:12:49.4977308Z Preparing to unpack .../151-libmfx1_22.5.4-1_amd64.deb ...
capability	Install the same pinned Playwright browsers and dependencies	2026-10-06T16:12:49.4984182Z Unpacking libmfx1:amd64 (22.5.4-1) ...
capability	Install the same pinned Playwright browsers and dependencies	2026-10-06T16:12:49.5946186Z Selecting previously unselected package libmjpegutils-2.1-0t64:amd64.
capability	Install the same pinned Playwright browsers and dependencies	2026-10-06T16:12:49.6084808Z Preparing to unpack .../152-libmjpegutils-2.1-0t64_1%3a2.1.0+debian-8.1build1_amd64.deb ...
capability	Install the same pinned Playwright browsers and dependencies	2026-10-06T16:12:49.6092813Z Unpacking libmjpegutils-2.1-0t64:amd64 (1:2.1.0+debian-8.1build1) ...
capability	Install the same pinned Playwright browsers and dependencies	2026-10-06T16:12:49.6308633Z Selecting previously unselected package libmodplug1:amd64.
capability	Install the same pinned Playwright browsers and dependencies	2026-10-06T16:12:49.6444840Z Preparing to unpack .../153-libmodplug1_1%3a0.8.9.0-3build1_amd64.deb ...
capability	Install the same pinned Playwright browsers and dependencies	2026-10-06T16:12:49.6452451Z Unpacking libmodplug1:amd64 (1:0.8.9.0-3build1) ...
capability	Install the same pinned Playwright browsers and dependencies	2026-10-06T16:12:49.6692083Z Selecting previously unselected package libmpcdec6:amd64.
capability	Install the same pinned Playwright browsers and dependencies	2026-10-06T16:12:49.6827115Z Preparing to unpack .../154-libmpcdec6_2%3a0.1~r495-2build1_amd64.deb ...
capability	Install the same pinned Playwright browsers and dependencies	2026-10-06T16:12:49.6834517Z Unpacking libmpcdec6:amd64 (2:0.1~r495-2build1) ...
capability	Install the same pinned Playwright browsers and dependencies	2026-10-06T16:12:49.7058198Z Selecting previously unselected package libmpeg2encpp-2.1-0t64:amd64.
capability	Install the same pinned Playwright browsers and dependencies	2026-10-06T16:12:49.7190295Z Preparing to unpack .../155-libmpeg2encpp-2.1-0t64_1%3a2.1.0+debian-8.1build1_amd64.deb ...
capability	Install the same pinned Playwright browsers and dependencies	2026-10-06T16:12:49.7197967Z Unpacking libmpeg2encpp-2.1-0t64:amd64 (1:2.1.0+debian-8.1build1) ...
capability	Install the same pinned Playwright browsers and dependencies	2026-10-06T16:12:49.7413910Z Selecting previously unselected package libmplex2-2.1-0t64:amd64.
capability	Install the same pinned Playwright browsers and dependencies	2026-10-06T16:12:49.7545556Z Preparing to unpack .../156-libmplex2-2.1-0t64_1%3a2.1.0+debian-8.1build1_amd64.deb ...
capability	Install the same pinned Playwright browsers and dependencies	2026-10-06T16:12:49.7552867Z Unpacking libmplex2-2.1-0t64:amd64 (1:2.1.0+debian-8.1build1) ...
capability	Install the same pinned Playwright browsers and dependencies	2026-10-06T16:12:49.7988283Z Selecting previously unselected package libneon27t64:amd64.
capability	Install the same pinned Playwright browsers and dependencies	2026-10-06T16:12:49.8121699Z Preparing to unpack .../157-libneon27t64_0.33.0-1.1build3_amd64.deb ...
capability	Install the same pinned Playwright browsers and dependencies	2026-10-06T16:12:49.8129485Z Unpacking libneon27t64:amd64 (0.33.0-1.1build3) ...
capability	Install the same pinned Playwright browsers and dependencies	2026-10-06T16:12:49.8592613Z Selecting previously unselected package libnice10:amd64.
capability	Install the same pinned Playwright browsers and dependencies	2026-10-06T16:12:49.8727453Z Preparing to unpack .../158-libnice10_0.1.21-2build3_amd64.deb ...
capability	Install the same pinned Playwright browsers and dependencies	2026-10-06T16:12:49.8736111Z Unpacking libnice10:amd64 (0.1.21-2build3) ...
capability	Install the same pinned Playwright browsers and dependencies	2026-10-06T16:12:49.8983257Z Selecting previously unselected package libopenal-data.
capability	Install the same pinned Playwright browsers and dependencies	2026-10-06T16:12:49.9121097Z Preparing to unpack .../159-libopenal-data_1%3a1.23.1-4build1_all.deb ...
capability	Install the same pinned Playwright browsers and dependencies	2026-10-06T16:12:49.9130287Z Unpacking libopenal-data (1:1.23.1-4build1) ...
capability	Install the same pinned Playwright browsers and dependencies	2026-10-06T16:12:49.9376458Z Selecting previously unselected package libopenexr-3-1-30:amd64.
capability	Install the same pinned Playwright browsers and dependencies	2026-10-06T16:12:49.9511086Z Preparing to unpack .../160-libopenexr-3-1-30_3.1.5-5.1build3_amd64.deb ...
capability	Install the same pinned Playwright browsers and dependencies	2026-10-06T16:12:49.9519608Z Unpacking libopenexr-3-1-30:amd64 (3.1.5-5.1build3) ...
capability	Install the same pinned Playwright browsers and dependencies	2026-10-06T16:12:49.9899668Z Selecting previously unselected package libopenh264-7:amd64.
capability	Install the same pinned Playwright browsers and dependencies	2026-10-06T16:12:50.0034176Z Preparing to unpack .../161-libopenh264-7_2.4.1+dfsg-1_amd64.deb ...
capability	Install the same pinned Playwright browsers and dependencies	2026-10-06T16:12:50.0042861Z Unpacking libopenh264-7:amd64 (2.4.1+dfsg-1) ...
capability	Install the same pinned Playwright browsers and dependencies	2026-10-06T16:12:50.0319950Z Selecting previously unselected package libopenni2-0:amd64.
capability	Install the same pinned Playwright browsers and dependencies	2026-10-06T16:12:50.0456135Z Preparing to unpack .../162-libopenni2-0_2.2.0.33+dfsg-18_amd64.deb ...
capability	Install the same pinned Playwright browsers and dependencies	2026-10-06T16:12:50.0486288Z Unpacking libopenni2-0:amd64 (2.2.0.33+dfsg-18) ...
capability	Install the same pinned Playwright browsers and dependencies	2026-10-06T16:12:50.0755863Z Selecting previously unselected package libqrencode4:amd64.
capability	Install the same pinned Playwright browsers and dependencies	2026-10-06T16:12:50.0892914Z Preparing to unpack .../163-libqrencode4_4.1.1-1build2_amd64.deb ...
capability	Install the same pinned Playwright browsers and dependencies	2026-10-06T16:12:50.0900676Z Unpacking libqrencode4:amd64 (4.1.1-1build2) ...
capability	Install the same pinned Playwright browsers and dependencies	2026-10-06T16:12:50.1107133Z Selecting previously unselected package libsecret-common.
capability	Install the same pinned Playwright browsers and dependencies	2026-10-06T16:12:50.1241256Z Preparing to unpack .../164-libsecret-common_0.21.4-1build3_all.deb ...
capability	Install the same pinned Playwright browsers and dependencies	2026-10-06T16:12:50.1249311Z Unpacking libsecret-common (0.21.4-1build3) ...
capability	Install the same pinned Playwright browsers and dependencies	2026-10-06T16:12:50.1456109Z Selecting previously unselected package libsecret-1-0:amd64.
capability	Install the same pinned Playwright browsers and dependencies	2026-10-06T16:12:50.1589364Z Preparing to unpack .../165-libsecret-1-0_0.21.4-1build3_amd64.deb ...
capability	Install the same pinned Playwright browsers and dependencies	2026-10-06T16:12:50.1596605Z Unpacking libsecret-1-0:amd64 (0.21.4-1build3) ...
capability	Install the same pinned Playwright browsers and dependencies	2026-10-06T16:12:50.1854443Z Selecting previously unselected package libsndio7.0:amd64.
capability	Install the same pinned Playwright browsers and dependencies	2026-10-06T16:12:50.1994750Z Preparing to unpack .../166-libsndio7.0_1.9.0-0.3build3_amd64.deb ...
capability	Install the same pinned Playwright browsers and dependencies	2026-10-06T16:12:50.2002880Z Unpacking libsndio7.0:amd64 (1.9.0-0.3build3) ...
capability	Install the same pinned Playwright browsers and dependencies	2026-10-06T16:12:50.2222328Z Selecting previously unselected package libsoundtouch1:amd64.
capability	Install the same pinned Playwright browsers and dependencies	2026-10-06T16:12:50.2360671Z Preparing to unpack .../167-libsoundtouch1_2.3.2+ds1-1build1_amd64.deb ...
capability	Install the same pinned Playwright browsers and dependencies	2026-10-06T16:12:50.2368422Z Unpacking libsoundtouch1:amd64 (2.3.2+ds1-1build1) ...
capability	Install the same pinned Playwright browsers and dependencies	2026-10-06T16:12:50.2596658Z Selecting previously unselected package libspandsp2t64:amd64.
capability	Install the same pinned Playwright browsers and dependencies	2026-10-06T16:12:50.2731575Z Preparing to unpack .../168-libspandsp2t64_0.0.6+dfsg-2.1build1_amd64.deb ...
capability	Install the same pinned Playwright browsers and dependencies	2026-10-06T16:12:50.2740281Z Unpacking libspandsp2t64:amd64 (0.0.6+dfsg-2.1build1) ...
capability	Install the same pinned Playwright browsers and dependencies	2026-10-06T16:12:50.2994525Z Selecting previously unselected package libsrtp2-1:amd64.
capability	Install the same pinned Playwright browsers and dependencies	2026-10-06T16:12:50.3129851Z Preparing to unpack .../169-libsrtp2-1_2.5.0-3build1_amd64.deb ...
capability	Install the same pinned Playwright browsers and dependencies	2026-10-06T16:12:50.3138238Z Unpacking libsrtp2-1:amd64 (2.5.0-3build1) ...
capability	Install the same pinned Playwright browsers and dependencies	2026-10-06T16:12:50.3357178Z Selecting previously unselected package libwayland-server0:amd64.
capability	Install the same pinned Playwright browsers and dependencies	2026-10-06T16:12:50.3491077Z Preparing to unpack .../170-libwayland-server0_1.22.0-2.1build1_amd64.deb ...
capability	Install the same pinned Playwright browsers and dependencies	2026-10-06T16:12:50.3500522Z Unpacking libwayland-server0:amd64 (1.22.0-2.1build1) ...
capability	Install the same pinned Playwright browsers and dependencies	2026-10-06T16:12:50.3728260Z Selecting previously unselected package libwildmidi2:amd64.
capability	Install the same pinned Playwright browsers and dependencies	2026-10-06T16:12:50.3864379Z Preparing to unpack .../171-libwildmidi2_0.4.3-1build3_amd64.deb ...
capability	Install the same pinned Playwright browsers and dependencies	2026-10-06T16:12:50.3892713Z Unpacking libwildmidi2:amd64 (0.4.3-1build3) ...
capability	Install the same pinned Playwright browsers and dependencies	2026-10-06T16:12:50.4129678Z Selecting previously unselected package libwoff1:amd64.
capability	Install the same pinned Playwright browsers and dependencies	2026-10-06T16:12:50.4264400Z Preparing to unpack .../172-libwoff1_1.0.2-2build1_amd64.deb ...
capability	Install the same pinned Playwright browsers and dependencies	2026-10-06T16:12:50.4272407Z Unpacking libwoff1:amd64 (1.0.2-2build1) ...
capability	Install the same pinned Playwright browsers and dependencies	2026-10-06T16:12:50.4508885Z Selecting previously unselected package libxcb-xkb1:amd64.
capability	Install the same pinned Playwright browsers and dependencies	2026-10-06T16:12:50.4648269Z Preparing to unpack .../173-libxcb-xkb1_1.15-1ubuntu2_amd64.deb ...
capability	Install the same pinned Playwright browsers and dependencies	2026-10-06T16:12:50.4656914Z Unpacking libxcb-xkb1:amd64 (1.15-1ubuntu2) ...
capability	Install the same pinned Playwright browsers and dependencies	2026-10-06T16:12:50.4892404Z Selecting previously unselected package libxkbcommon-x11-0:amd64.
capability	Install the same pinned Playwright browsers and dependencies	2026-10-06T16:12:50.5033970Z Preparing to unpack .../174-libxkbcommon-x11-0_1.6.0-1build1_amd64.deb ...
capability	Install the same pinned Playwright browsers and dependencies	2026-10-06T16:12:50.5045444Z Unpacking libxkbcommon-x11-0:amd64 (1.6.0-1build1) ...
capability	Install the same pinned Playwright browsers and dependencies	2026-10-06T16:12:50.5281677Z Selecting previously unselected package libzbar0t64:amd64.
capability	Install the same pinned Playwright browsers and dependencies	2026-10-06T16:12:50.5418179Z Preparing to unpack .../175-libzbar0t64_0.23.93-4build3_amd64.deb ...
capability	Install the same pinned Playwright browsers and dependencies	2026-10-06T16:12:50.5426550Z Unpacking libzbar0t64:amd64 (0.23.93-4build3) ...
capability	Install the same pinned Playwright browsers and dependencies	2026-10-06T16:12:50.5666281Z Selecting previously unselected package libzxing3:amd64.
capability	Install the same pinned Playwright browsers and dependencies	2026-10-06T16:12:50.5801673Z Preparing to unpack .../176-libzxing3_2.2.1-3_amd64.deb ...
capability	Install the same pinned Playwright browsers and dependencies	2026-10-06T16:12:50.5810314Z Unpacking libzxing3:amd64 (2.2.1-3) ...
capability	Install the same pinned Playwright browsers and dependencies	2026-10-06T16:12:50.6089974Z Selecting previously unselected package xfonts-encodings.
capability	Install the same pinned Playwright browsers and dependencies	2026-10-06T16:12:50.6280636Z Preparing to unpack .../177-xfonts-encodings_1%3a1.0.5-0ubuntu2_all.deb ...
capability	Install the same pinned Playwright browsers and dependencies	2026-10-06T16:12:50.6291069Z Unpacking xfonts-encodings (1:1.0.5-0ubuntu2) ...
capability	Install the same pinned Playwright browsers and dependencies	2026-10-06T16:12:50.6674422Z Selecting previously unselected package xfonts-utils.
capability	Install the same pinned Playwright browsers and dependencies	2026-10-06T16:12:50.6880648Z Preparing to unpack .../178-xfonts-utils_1%3a7.7+6build3_amd64.deb ...
capability	Install the same pinned Playwright browsers and dependencies	2026-10-06T16:12:50.6888836Z Unpacking xfonts-utils (1:7.7+6build3) ...
capability	Install the same pinned Playwright browsers and dependencies	2026-10-06T16:12:50.7344223Z Selecting previously unselected package xfonts-cyrillic.
capability	Install the same pinned Playwright browsers and dependencies	2026-10-06T16:12:50.7546404Z Preparing to unpack .../179-xfonts-cyrillic_1%3a1.0.5+nmu1_all.deb ...
capability	Install the same pinned Playwright browsers and dependencies	2026-10-06T16:12:50.7557174Z Unpacking xfonts-cyrillic (1:1.0.5+nmu1) ...
capability	Install the same pinned Playwright browsers and dependencies	2026-10-06T16:12:50.7966347Z Selecting previously unselected package xfonts-scalable.
capability	Install the same pinned Playwright browsers and dependencies	2026-10-06T16:12:50.8120715Z Preparing to unpack .../180-xfonts-scalable_1%3a1.0.3-1.3_all.deb ...
capability	Install the same pinned Playwright browsers and dependencies	2026-10-06T16:12:50.8129578Z Unpacking xfonts-scalable (1:1.0.3-1.3) ...
capability	Install the same pinned Playwright browsers and dependencies	2026-10-06T16:12:50.8448749Z Selecting previously unselected package libgstreamer-plugins-bad1.0-0:amd64.
capability	Install the same pinned Playwright browsers and dependencies	2026-10-06T16:12:50.8593887Z Preparing to unpack .../181-libgstreamer-plugins-bad1.0-0_1.24.2-1ubuntu4_amd64.deb ...
capability	Install the same pinned Playwright browsers and dependencies	2026-10-06T16:12:50.8602196Z Unpacking libgstreamer-plugins-bad1.0-0:amd64 (1.24.2-1ubuntu4) ...
capability	Install the same pinned Playwright browsers and dependencies	2026-10-06T16:12:50.9073009Z Selecting previously unselected package libdca0:amd64.
capability	Install the same pinned Playwright browsers and dependencies	2026-10-06T16:12:50.9217230Z Preparing to unpack .../182-libdca0_0.0.7-2build1_amd64.deb ...
capability	Install the same pinned Playwright browsers and dependencies	2026-10-06T16:12:50.9225722Z Unpacking libdca0:amd64 (0.0.7-2build1) ...
capability	Install the same pinned Playwright browsers and dependencies	2026-10-06T16:12:50.9459842Z Selecting previously unselected package libopenal1:amd64.
capability	Install the same pinned Playwright browsers and dependencies	2026-10-06T16:12:50.9603208Z Preparing to unpack .../183-libopenal1_1%3a1.23.1-4build1_amd64.deb ...
capability	Install the same pinned Playwright browsers and dependencies	2026-10-06T16:12:50.9611254Z Unpacking libopenal1:amd64 (1:1.23.1-4build1) ...
capability	Install the same pinned Playwright browsers and dependencies	2026-10-06T16:12:50.9889902Z Selecting previously unselected package libsbc1:amd64.
capability	Install the same pinned Playwright browsers and dependencies	2026-10-06T16:12:51.0029707Z Preparing to unpack .../184-libsbc1_2.0-1build1_amd64.deb ...
capability	Install the same pinned Playwright browsers and dependencies	2026-10-06T16:12:51.0037905Z Unpacking libsbc1:amd64 (2.0-1build1) ...
capability	Install the same pinned Playwright browsers and dependencies	2026-10-06T16:12:51.0264186Z Selecting previously unselected package libvo-aacenc0:amd64.
capability	Install the same pinned Playwright browsers and dependencies	2026-10-06T16:12:51.0405271Z Preparing to unpack .../185-libvo-aacenc0_0.1.3-2build1_amd64.deb ...
capability	Install the same pinned Playwright browsers and dependencies	2026-10-06T16:12:51.0413132Z Unpacking libvo-aacenc0:amd64 (0.1.3-2build1) ...
capability	Install the same pinned Playwright browsers and dependencies	2026-10-06T16:12:51.0662054Z Selecting previously unselected package libvo-amrwbenc0:amd64.
capability	Install the same pinned Playwright browsers and dependencies	2026-10-06T16:12:51.0801950Z Preparing to unpack .../186-libvo-amrwbenc0_0.1.3-2build1_amd64.deb ...
capability	Install the same pinned Playwright browsers and dependencies	2026-10-06T16:12:51.0809736Z Unpacking libvo-amrwbenc0:amd64 (0.1.3-2build1) ...
capability	Install the same pinned Playwright browsers and dependencies	2026-10-06T16:12:51.1036836Z Selecting previously unselected package gstreamer1.0-plugins-bad:amd64.
capability	Install the same pinned Playwright browsers and dependencies	2026-10-06T16:12:51.1178501Z Preparing to unpack .../187-gstreamer1.0-plugins-bad_1.24.2-1ubuntu4_amd64.deb ...
capability	Install the same pinned Playwright browsers and dependencies	2026-10-06T16:12:51.1185537Z Unpacking gstreamer1.0-plugins-bad:amd64 (1.24.2-1ubuntu4) ...
capability	Install the same pinned Playwright browsers and dependencies	2026-10-06T16:12:51.2652187Z Setting up libgme0:amd64 (0.6.3-7build1) ...
capability	Install the same pinned Playwright browsers and dependencies	2026-10-06T16:12:51.2695301Z Setting up libchromaprint1:amd64 (1.5.1-5) ...
capability	Install the same pinned Playwright browsers and dependencies	2026-10-06T16:12:51.2712910Z Setting up libssh-gcrypt-4:amd64 (0.10.6-2ubuntu0.5) ...
capability	Install the same pinned Playwright browsers and dependencies	2026-10-06T16:12:51.2731247Z Setting up libhwy1t64:amd64 (1.0.7-8.1build1) ...
capability	Install the same pinned Playwright browsers and dependencies	2026-10-06T16:12:51.2749429Z Setting up libfreeaptx0:amd64 (0.1.1-2build1) ...
capability	Install the same pinned Playwright browsers and dependencies	2026-10-06T16:12:51.2768755Z Setting up libdvdread8t64:amd64 (6.1.3-1.1build1) ...
capability	Install the same pinned Playwright browsers and dependencies	2026-10-06T16:12:51.2787241Z Setting up libudfread0:amd64 (1.1.2-1build1) ...
capability	Install the same pinned Playwright browsers and dependencies	2026-10-06T16:12:51.2804906Z Setting up libmodplug1:amd64 (1:0.8.9.0-3build1) ...
capability	Install the same pinned Playwright browsers and dependencies	2026-10-06T16:12:51.2823361Z Setting up libcdparanoia0:amd64 (3.10.2+debian-14build3) ...
capability	Install the same pinned Playwright browsers and dependencies	2026-10-06T16:12:51.2846680Z Setting up libwayland-server0:amd64 (1.22.0-2.1build1) ...
capability	Install the same pinned Playwright browsers and dependencies	2026-10-06T16:12:51.2865285Z Setting up libvo-amrwbenc0:amd64 (0.1.3-2build1) ...
capability	Install the same pinned Playwright browsers and dependencies	2026-10-06T16:12:51.2883454Z Setting up mesa-libgallium:amd64 (25.2.8-0ubuntu0.24.04.4) ...
capability	Install the same pinned Playwright browsers and dependencies	2026-10-06T16:12:51.2901286Z Setting up session-migration (0.3.9build1) ...
capability	Install the same pinned Playwright browsers and dependencies	2026-10-06T16:12:51.4237029Z Created symlink /etc/systemd/user/graphical-session-pre.target.wants/session-migration.service → /usr/lib/systemd/user/session-migration.service.
capability	Install the same pinned Playwright browsers and dependencies	2026-10-06T16:12:51.4238069Z
capability	Install the same pinned Playwright browsers and dependencies	2026-10-06T16:12:51.4272403Z Setting up libraw1394-11:amd64 (2.1.2-2build3) ...
capability	Install the same pinned Playwright browsers and dependencies	2026-10-06T16:12:51.4293206Z Setting up libsbc1:amd64 (2.0-1build1) ...
capability	Install the same pinned Playwright browsers and dependencies	2026-10-06T16:12:51.4311557Z Setting up libproxy1v5:amd64 (0.5.4-4build1) ...
capability	Install the same pinned Playwright browsers and dependencies	2026-10-06T16:12:51.4331607Z Setting up libneon27t64:amd64 (0.33.0-1.1build3) ...
capability	Install the same pinned Playwright browsers and dependencies	2026-10-06T16:12:51.4350033Z Setting up libtag1v5-vanilla:amd64 (1.13.1-1build1) ...
capability	Install the same pinned Playwright browsers and dependencies	2026-10-06T16:12:51.4368169Z Setting up libharfbuzz-icu0:amd64 (8.3.0-2build2) ...
capability	Install the same pinned Playwright browsers and dependencies	2026-10-06T16:12:51.4385161Z Setting up libopenni2-0:amd64 (2.2.0.33+dfsg-18) ...
capability	Install the same pinned Playwright browsers and dependencies	2026-10-06T16:12:51.4565178Z Setting up libspeex1:amd64 (1.2.1-2ubuntu2.24.04.1) ...
capability	Install the same pinned Playwright browsers and dependencies	2026-10-06T16:12:51.4584854Z Setting up libshine3:amd64 (3.1.1-2build1) ...
capability	Install the same pinned Playwright browsers and dependencies	2026-10-06T16:12:51.4602578Z Setting up libcaca0:amd64 (0.99.beta20-4ubuntu0.2) ...
capability	Install the same pinned Playwright browsers and dependencies	2026-10-06T16:12:51.4620619Z Setting up libvpl2 (2023.3.0-1build1) ...
capability	Install the same pinned Playwright browsers and dependencies	2026-10-06T16:12:51.4639463Z Setting up libv4lconvert0t64:amd64 (1.26.1-4build3) ...
capability	Install the same pinned Playwright browsers and dependencies	2026-10-06T16:12:51.4658802Z Setting up libx264-164:amd64 (2:0.164.3108+git31e19f9-1) ...
capability	Install the same pinned Playwright browsers and dependencies	2026-10-06T16:12:51.4678206Z Setting up libtwolame0:amd64 (0.4.0-2build3) ...
capability	Install the same pinned Playwright browsers and dependencies	2026-10-06T16:12:51.4695912Z Setting up libmbedcrypto7t64:amd64 (2.28.8-1) ...
capability	Install the same pinned Playwright browsers and dependencies	2026-10-06T16:12:51.4713002Z Setting up libwoff1:amd64 (1.0.2-2build1) ...
capability	Install the same pinned Playwright browsers and dependencies	2026-10-06T16:12:51.4732576Z Setting up liblc3-1:amd64 (1.0.4-3build1) ...
capability	Install the same pinned Playwright browsers and dependencies	2026-10-06T16:12:51.4752749Z Setting up libqrencode4:amd64 (4.1.1-1build2) ...
capability	Install the same pinned Playwright browsers and dependencies	2026-10-06T16:12:51.4772388Z Setting up libhyphen0:amd64 (2.8.8-7build3) ...
capability	Install the same pinned Playwright browsers and dependencies	2026-10-06T16:12:51.4791715Z Setting up libgbm1:amd64 (25.2.8-0ubuntu0.24.04.4) ...
capability	Install the same pinned Playwright browsers and dependencies	2026-10-06T16:12:51.4810688Z Setting up libgsm1:amd64 (1.0.22-1build1) ...
capability	Install the same pinned Playwright browsers and dependencies	2026-10-06T16:12:51.4830651Z Setting up libvisual-0.4-0:amd64 (0.4.2-2build1) ...
capability	Install the same pinned Playwright browsers and dependencies	2026-10-06T16:12:51.4850312Z Setting up libsoxr0:amd64 (0.1.3-4build3) ...
capability	Install the same pinned Playwright browsers and dependencies	2026-10-06T16:12:51.4868159Z Setting up libzix-0-0:amd64 (0.4.2-2build1) ...
capability	Install the same pinned Playwright browsers and dependencies	2026-10-06T16:12:51.4896701Z Setting up libcodec2-1.2:amd64 (1.2.0-2build1) ...
capability	Install the same pinned Playwright browsers and dependencies	2026-10-06T16:12:51.4916652Z Setting up libmanette-0.2-0:amd64 (0.2.7-1build2) ...
capability	Install the same pinned Playwright browsers and dependencies	2026-10-06T16:12:51.4937310Z Setting up libsrtp2-1:amd64 (2.5.0-3build1) ...
capability	Install the same pinned Playwright browsers and dependencies	2026-10-06T16:12:51.4954715Z Setting up libgl1-mesa-dri:amd64 (25.2.8-0ubuntu0.24.04.4) ...
capability	Install the same pinned Playwright browsers and dependencies	2026-10-06T16:12:51.5055442Z Setting up libmysofa1:amd64 (1.3.2+dfsg-2ubuntu2) ...
capability	Install the same pinned Playwright browsers and dependencies	2026-10-06T16:12:51.5074588Z Setting up libraptor2-0:amd64 (2.0.16-3ubuntu0.1) ...
capability	Install the same pinned Playwright browsers and dependencies	2026-10-06T16:12:51.5100314Z Setting up libldacbt-enc2:amd64 (2.0.2.3+git20200429+ed310a0-4ubuntu2) ...
capability	Install the same pinned Playwright browsers and dependencies	2026-10-06T16:12:51.5117296Z Setting up fonts-wqy-zenhei (0.9.45-8) ...
capability	Install the same pinned Playwright browsers and dependencies	2026-10-06T16:12:51.5244047Z Setting up libwebrtc-audio-processing1:amd64 (0.3.1-0ubuntu6) ...
capability	Install the same pinned Playwright browsers and dependencies	2026-10-06T16:12:51.5266139Z Setting up fonts-freefont-ttf (20211204+svn4273-2) ...
capability	Install the same pinned Playwright browsers and dependencies	2026-10-06T16:12:51.5285130Z Setting up libevent-2.1-7t64:amd64 (2.1.12-stable-9ubuntu2.2) ...
capability	Install the same pinned Playwright browsers and dependencies	2026-10-06T16:12:51.5304410Z Setting up libsvtav1enc1d1:amd64 (1.7.0+dfsg-2build1) ...
capability	Install the same pinned Playwright browsers and dependencies	2026-10-06T16:12:51.5322380Z Setting up libsoup-3.0-common (3.4.4-5ubuntu0.8) ...
capability	Install the same pinned Playwright browsers and dependencies	2026-10-06T16:12:51.5339924Z Setting up libmpg123-0t64:amd64 (1.32.5-1ubuntu1.1) ...
capability	Install the same pinned Playwright browsers and dependencies	2026-10-06T16:12:51.5374209Z Setting up libcjson1:amd64 (1.7.17-1) ...
capability	Install the same pinned Playwright browsers and dependencies	2026-10-06T16:12:51.5394858Z Setting up libxvidcore4:amd64 (2:1.3.7-1build1) ...
capability	Install the same pinned Playwright browsers and dependencies	2026-10-06T16:12:51.5415546Z Setting up libmpcdec6:amd64 (2:0.1~r495-2build1) ...
capability	Install the same pinned Playwright browsers and dependencies	2026-10-06T16:12:51.5436016Z Setting up libmjpegutils-2.1-0t64:amd64 (1:2.1.0+debian-8.1build1) ...
capability	Install the same pinned Playwright browsers and dependencies	2026-10-06T16:12:51.5453268Z Setting up librav1e0:amd64 (0.7.1-2) ...
capability	Install the same pinned Playwright browsers and dependencies	2026-10-06T16:12:51.5473445Z Setting up liborc-0.4-0t64:amd64 (1:0.4.38-1ubuntu0.1) ...
capability	Install the same pinned Playwright browsers and dependencies	2026-10-06T16:12:51.5491405Z Setting up libxcb-xkb1:amd64 (1.15-1ubuntu2) ...
capability	Install the same pinned Playwright browsers and dependencies	2026-10-06T16:12:51.5518040Z Setting up libvo-aacenc0:amd64 (0.1.3-2build1) ...
capability	Install the same pinned Playwright browsers and dependencies	2026-10-06T16:12:51.5537354Z Setting up librist4:amd64 (0.2.10+dfsg-2) ...
capability	Install the same pinned Playwright browsers and dependencies	2026-10-06T16:12:51.5556026Z Setting up librsvg2-2:amd64 (2.58.0+dfsg-1build1) ...
capability	Install the same pinned Playwright browsers and dependencies	2026-10-06T16:12:51.5576009Z Setting up libblas3:amd64 (3.12.0-3build1.1) ...
capability	Install the same pinned Playwright browsers and dependencies	2026-10-06T16:12:51.5640733Z update-alternatives: using /usr/lib/x86_64-linux-gnu/blas/libblas.so.3 to provide /usr/lib/x86_64-linux-gnu/libblas.so.3 (libblas.so.3-x86_64-linux-gnu) in auto mode
capability	Install the same pinned Playwright browsers and dependencies	2026-10-06T16:12:51.5656132Z Setting up libegl-mesa0:amd64 (25.2.8-0ubuntu0.24.04.4) ...
capability	Install the same pinned Playwright browsers and dependencies	2026-10-06T16:12:51.5676304Z Setting up libsoundtouch1:amd64 (2.3.2+ds1-1build1) ...
capability	Install the same pinned Playwright browsers and dependencies	2026-10-06T16:12:51.5694046Z Setting up libplacebo338:amd64 (6.338.2-2build1) ...
capability	Install the same pinned Playwright browsers and dependencies	2026-10-06T16:12:51.5710497Z Setting up libgles2:amd64 (1.7.0-1build1) ...
capability	Install the same pinned Playwright browsers and dependencies	2026-10-06T16:12:51.5731638Z Setting up fonts-tlwg-loma-otf (1:0.7.3-1) ...
capability	Install the same pinned Playwright browsers and dependencies	2026-10-06T16:12:51.5751869Z Setting up libva2:amd64 (2.20.0-2ubuntu0.2) ...
capability	Install the same pinned Playwright browsers and dependencies	2026-10-06T16:12:51.5768944Z Setting up libfreetype6:amd64 (2.13.2+dfsg-1ubuntu0.2) ...
capability	Install the same pinned Playwright browsers and dependencies	2026-10-06T16:12:51.5789617Z Setting up libspa-0.2-modules:amd64 (1.0.5-1ubuntu3.3) ...
capability	Install the same pinned Playwright browsers and dependencies	2026-10-06T16:12:51.5806794Z Setting up libzxing3:amd64 (2.2.1-3) ...
capability	Install the same pinned Playwright browsers and dependencies	2026-10-06T16:12:51.5826087Z Setting up xfonts-encodings (1:1.0.5-0ubuntu2) ...
capability	Install the same pinned Playwright browsers and dependencies	2026-10-06T16:12:51.5844608Z Setting up libopus0:amd64 (1.4-1build1) ...
capability	Install the same pinned Playwright browsers and dependencies	2026-10-06T16:12:51.5862720Z Setting up libfaad2:amd64 (2.11.1-1build1) ...
capability	Install the same pinned Playwright browsers and dependencies	2026-10-06T16:12:51.5884170Z Setting up libxkbcommon-x11-0:amd64 (1.6.0-1build1) ...
capability	Install the same pinned Playwright browsers and dependencies	2026-10-06T16:12:51.5901315Z Setting up libdc1394-25:amd64 (2.2.6-4build1) ...
capability	Install the same pinned Playwright browsers and dependencies	2026-10-06T16:12:51.5918457Z Setting up libimath-3-1-29t64:amd64 (3.1.9-3.1ubuntu2) ...
capability	Install the same pinned Playwright browsers and dependencies	2026-10-06T16:12:51.5938826Z Setting up libunibreak5:amd64 (5.1-2build1) ...
capability	Install the same pinned Playwright browsers and dependencies	2026-10-06T16:12:51.5956816Z Setting up libdv4t64:amd64 (1.0.0-17.1build1) ...
capability	Install the same pinned Playwright browsers and dependencies	2026-10-06T16:12:51.5976027Z Setting up libjxl0.7:amd64 (0.7.0-10.2ubuntu6.1) ...
capability	Install the same pinned Playwright browsers and dependencies	2026-10-06T16:12:51.5997269Z Setting up libopenh264-7:amd64 (2.4.1+dfsg-1) ...
capability	Install the same pinned Playwright browsers and dependencies	2026-10-06T16:12:51.6014921Z Setting up libltc11:amd64 (1.3.2-1build1) ...
capability	Install the same pinned Playwright browsers and dependencies	2026-10-06T16:12:51.6034544Z Setting up libx265-199:amd64 (3.5-2build1) ...
capability	Install the same pinned Playwright browsers and dependencies	2026-10-06T16:12:51.6306075Z Setting up libv4l-0t64:amd64 (1.26.1-4build3) ...
capability	Install the same pinned Playwright browsers and dependencies	2026-10-06T16:12:51.6326312Z Setting up libavtp0:amd64 (0.2.0-1build1) ...
capability	Install the same pinned Playwright browsers and dependencies	2026-10-06T16:12:51.6344484Z Setting up libsndio7.0:amd64 (1.9.0-0.3build3) ...
capability	Install the same pinned Playwright browsers and dependencies	2026-10-06T16:12:51.6364318Z Setting up libdirectfb-1.7-7t64:amd64 (1.7.7-11.1ubuntu2) ...
capability	Install the same pinned Playwright browsers and dependencies	2026-10-06T16:12:51.6385652Z Setting up libspandsp2t64:amd64 (0.0.6+dfsg-2.1build1) ...
capability	Install the same pinned Playwright browsers and dependencies	2026-10-06T16:12:51.6402839Z Setting up libvidstab1.1:amd64 (1.1.0-2build1) ...
capability	Install the same pinned Playwright browsers and dependencies	2026-10-06T16:12:51.6421284Z Setting up libvpx9:amd64 (1.14.0-1ubuntu2.3) ...
capability	Install the same pinned Playwright browsers and dependencies	2026-10-06T16:12:51.6439577Z Setting up libsrt1.5-gnutls:amd64 (1.5.3-1build2) ...
capability	Install the same pinned Playwright browsers and dependencies	2026-10-06T16:12:51.6457315Z Setting up libtag1v5:amd64 (1.13.1-1build1) ...
capability	Install the same pinned Playwright browsers and dependencies	2026-10-06T16:12:51.6476298Z Setting up libflite1:amd64 (2.2-6build3) ...
capability	Install the same pinned Playwright browsers and dependencies	2026-10-06T16:12:51.6496427Z Setting up libdav1d7:amd64 (1.4.1-1build1) ...
capability	Install the same pinned Playwright browsers and dependencies	2026-10-06T16:12:51.6514241Z Setting up libva-drm2:amd64 (2.20.0-2ubuntu0.2) ...
capability	Install the same pinned Playwright browsers and dependencies	2026-10-06T16:12:51.6534263Z Setting up fonts-ipafont-gothic (00303-21ubuntu1) ...
capability	Install the same pinned Playwright browsers and dependencies	2026-10-06T16:12:51.6606214Z update-alternatives: using /usr/share/fonts/opentype/ipafont-gothic/ipag.ttf to provide /usr/share/fonts/truetype/fonts-japanese-gothic.ttf (fonts-japanese-gothic.ttf) in auto mode
capability	Install the same pinned Playwright browsers and dependencies	2026-10-06T16:12:51.6623305Z Setting up ocl-icd-libopencl1:amd64 (2.3.2-1build1) ...
capability	Install the same pinned Playwright browsers and dependencies	2026-10-06T16:12:51.6644674Z Setting up libasyncns0:amd64 (0.8-6build4) ...
capability	Install the same pinned Playwright browsers and dependencies	2026-10-06T16:12:51.6662436Z Setting up libwildmidi2:amd64 (0.4.3-1build3) ...
capability	Install the same pinned Playwright browsers and dependencies	2026-10-06T16:12:51.6682851Z Setting up libvdpau1:amd64 (1.5-2build1) ...
capability	Install the same pinned Playwright browsers and dependencies	2026-10-06T16:12:51.6708234Z Setting up libwavpack1:amd64 (5.6.0-1build1) ...
capability	Install the same pinned Playwright browsers and dependencies	2026-10-06T16:12:51.6726896Z Setting up libbs2b0:amd64 (3.1.0+dfsg-7build1) ...
capability	Install the same pinned Playwright browsers and dependencies	2026-10-06T16:12:51.6745098Z Setting up libtheora0:amd64 (1.1.1+dfsg.1-16.1build3) ...
capability	Install the same pinned Playwright browsers and dependencies	2026-10-06T16:12:51.6762707Z Setting up libegl1:amd64 (1.7.0-1build1) ...
capability	Install the same pinned Playwright browsers and dependencies	2026-10-06T16:12:51.6783379Z Setting up libdecor-0-0:amd64 (0.2.2-1build2) ...
capability	Install the same pinned Playwright browsers and dependencies	2026-10-06T16:12:51.6803424Z Setting up libdca0:amd64 (0.0.7-2build1) ...
capability	Install the same pinned Playwright browsers and dependencies	2026-10-06T16:12:51.6821123Z Setting up libzimg2:amd64 (3.0.5+ds1-1build1) ...
capability	Install the same pinned Playwright browsers and dependencies	2026-10-06T16:12:51.6840852Z Setting up libopenal-data (1:1.23.1-4build1) ...
capability	Install the same pinned Playwright browsers and dependencies	2026-10-06T16:12:51.6864329Z Setting up libevent-core-2.1-7t64:amd64 (2.1.12-stable-9ubuntu2.2) ...
capability	Install the same pinned Playwright browsers and dependencies	2026-10-06T16:12:51.6883263Z Setting up libabsl20220623t64:amd64 (20220623.1-3.1ubuntu3.2) ...
capability	Install the same pinned Playwright browsers and dependencies	2026-10-06T16:12:51.6901469Z Setting up libflac12t64:amd64 (1.4.3+ds-2.1ubuntu2) ...
capability	Install the same pinned Playwright browsers and dependencies	2026-10-06T16:12:51.6919211Z Setting up libgtk-4-common (4.14.5+ds-0ubuntu0.10) ...
capability	Install the same pinned Playwright browsers and dependencies	2026-10-06T16:12:51.6940143Z Setting up libmpeg2encpp-2.1-0t64:amd64 (1:2.1.0+debian-8.1build1) ...
capability	Install the same pinned Playwright browsers and dependencies	2026-10-06T16:12:51.6959967Z Setting up glib-networking-common (2.80.0-1build1) ...
capability	Install the same pinned Playwright browsers and dependencies	2026-10-06T16:12:51.6979021Z Setting up libmfx1:amd64 (22.5.4-1) ...
capability	Install the same pinned Playwright browsers and dependencies	2026-10-06T16:12:51.7000571Z Setting up libbluray2:amd64 (1:1.3.4-1build1) ...
capability	Install the same pinned Playwright browsers and dependencies	2026-10-06T16:12:51.7021584Z Setting up libde265-0:amd64 (1.0.15-1ubuntu0.1) ...
capability	Install the same pinned Playwright browsers and dependencies	2026-10-06T16:12:51.7042816Z Setting up libsamplerate0:amd64 (0.2.2-4build1) ...
capability	Install the same pinned Playwright browsers and dependencies	2026-10-06T16:12:51.7064206Z Setting up timgm6mb-soundfont (1.3-5) ...
capability	Install the same pinned Playwright browsers and dependencies	2026-10-06T16:12:51.7171141Z update-alternatives: using /usr/share/sounds/sf2/TimGM6mb.sf2 to provide /usr/share/sounds/sf2/default-GM.sf2 (default-GM.sf2) in auto mode
capability	Install the same pinned Playwright browsers and dependencies	2026-10-06T16:12:51.7235272Z update-alternatives: using /usr/share/sounds/sf2/TimGM6mb.sf2 to provide /usr/share/sounds/sf3/default-GM.sf3 (default-GM.sf3) in auto mode
capability	Install the same pinned Playwright browsers and dependencies	2026-10-06T16:12:51.7263344Z Setting up libva-x11-2:amd64 (2.20.0-2ubuntu0.2) ...
capability	Install the same pinned Playwright browsers and dependencies	2026-10-06T16:12:51.7288689Z Setting up libyuv0:amd64 (0.0~git202401110.af6ac82-1) ...
capability	Install the same pinned Playwright browsers and dependencies	2026-10-06T16:12:51.7313996Z Setting up libmplex2-2.1-0t64:amd64 (1:2.1.0+debian-8.1build1) ...
capability	Install the same pinned Playwright browsers and dependencies	2026-10-06T16:12:51.7335669Z Setting up libpipewire-0.3-0t64:amd64 (1.0.5-1ubuntu3.3) ...
capability	Install the same pinned Playwright browsers and dependencies	2026-10-06T16:12:51.7357639Z Setting up libopenmpt0t64:amd64 (0.7.3-1.1build3) ...
capability	Install the same pinned Playwright browsers and dependencies	2026-10-06T16:12:51.7379601Z Setting up libzvbi-common (0.2.42-2) ...
capability	Install the same pinned Playwright browsers and dependencies	2026-10-06T16:12:51.7400773Z Setting up libsecret-common (0.21.4-1build3) ...
capability	Install the same pinned Playwright browsers and dependencies	2026-10-06T16:12:51.7422990Z Setting up libmp3lame0:amd64 (3.100-6build1) ...
capability	Install the same pinned Playwright browsers and dependencies	2026-10-06T16:12:51.7443645Z Setting up libgraphene-1.0-0:amd64 (1.10.8-3build2) ...
capability	Install the same pinned Playwright browsers and dependencies	2026-10-06T16:12:51.7466519Z Setting up libvorbisenc2:amd64 (1.3.7-1build3) ...
capability	Install the same pinned Playwright browsers and dependencies	2026-10-06T16:12:51.7490138Z Setting up libdvdnav4:amd64 (6.1.1-3build1) ...
capability	Install the same pinned Playwright browsers and dependencies	2026-10-06T16:12:51.7519235Z Setting up fonts-unifont (1:15.1.01-1build1) ...
capability	Install the same pinned Playwright browsers and dependencies	2026-10-06T16:12:51.7543653Z Setting up libaa1:amd64 (1.4p5-51.1) ...
capability	Install the same pinned Playwright browsers and dependencies	2026-10-06T16:12:51.7591727Z Setting up libiec61883-0:amd64 (1.2.0-6build1) ...
capability	Install the same pinned Playwright browsers and dependencies	2026-10-06T16:12:51.7617085Z Setting up libserd-0-0:amd64 (0.32.2-1) ...
capability	Install the same pinned Playwright browsers and dependencies	2026-10-06T16:12:51.7641664Z Setting up libavc1394-0:amd64 (0.5.4-5build3) ...
capability	Install the same pinned Playwright browsers and dependencies	2026-10-06T16:12:51.7662152Z Setting up libcairo-script-interpreter2:amd64 (1.18.0-3build1) ...
capability	Install the same pinned Playwright browsers and dependencies	2026-10-06T16:12:51.7681884Z Setting up gsettings-desktop-schemas (46.1-0ubuntu1) ...
capability	Install the same pinned Playwright browsers and dependencies	2026-10-06T16:12:51.7706188Z Setting up glib-networking-services (2.80.0-1build1) ...
capability	Install the same pinned Playwright browsers and dependencies	2026-10-06T16:12:51.7729131Z Setting up liblapack3:amd64 (3.12.0-3build1.1) ...
capability	Install the same pinned Playwright browsers and dependencies	2026-10-06T16:12:51.7799252Z update-alternatives: using /usr/lib/x86_64-linux-gnu/lapack/liblapack.so.3 to provide /usr/lib/x86_64-linux-gnu/liblapack.so.3 (liblapack.so.3-x86_64-linux-gnu) in auto mode
capability	Install the same pinned Playwright browsers and dependencies	2026-10-06T16:12:51.7819258Z Setting up libglx-mesa0:amd64 (25.2.8-0ubuntu0.24.04.4) ...
capability	Install the same pinned Playwright browsers and dependencies	2026-10-06T16:12:51.7838459Z Setting up libzvbi0t64:amd64 (0.2.42-2) ...
capability	Install the same pinned Playwright browsers and dependencies	2026-10-06T16:12:51.7858690Z Setting up libevent-pthreads-2.1-7t64:amd64 (2.1.12-stable-9ubuntu2.2) ...
capability	Install the same pinned Playwright browsers and dependencies	2026-10-06T16:12:51.7881267Z Setting up liblrdf0:amd64 (0.6.1-4build1) ...
capability	Install the same pinned Playwright browsers and dependencies	2026-10-06T16:12:51.7902136Z Setting up libzbar0t64:amd64 (0.23.93-4build3) ...
capability	Install the same pinned Playwright browsers and dependencies	2026-10-06T16:12:51.7926013Z Setting up libgstreamer-plugins-base1.0-0:amd64 (1.24.2-1ubuntu0.5) ...
capability	Install the same pinned Playwright browsers and dependencies	2026-10-06T16:12:51.7949299Z Setting up libavutil58:amd64 (7:6.1.1-3ubuntu5) ...
capability	Install the same pinned Playwright browsers and dependencies	2026-10-06T16:12:51.7967976Z Setting up libopenal1:amd64 (1:1.23.1-4build1) ...
capability	Install the same pinned Playwright browsers and dependencies	2026-10-06T16:12:51.7985611Z Setting up xfonts-utils (1:7.7+6build3) ...
capability	Install the same pinned Playwright browsers and dependencies	2026-10-06T16:12:51.8037378Z Setting up libsecret-1-0:amd64 (0.21.4-1build3) ...
capability	Install the same pinned Playwright browsers and dependencies	2026-10-06T16:12:51.8056602Z Setting up libgstreamer-plugins-good1.0-0:amd64 (1.24.2-1ubuntu1.8) ...
capability	Install the same pinned Playwright browsers and dependencies	2026-10-06T16:12:51.8076638Z Setting up libgstreamer-gl1.0-0:amd64 (1.24.2-1ubuntu0.5) ...
capability	Install the same pinned Playwright browsers and dependencies	2026-10-06T16:12:51.8097194Z Setting up gstreamer1.0-plugins-base:amd64 (1.24.2-1ubuntu0.5) ...
capability	Install the same pinned Playwright browsers and dependencies	2026-10-06T16:12:51.8116898Z Setting up libass9:amd64 (1:0.17.1-2build1) ...
capability	Install the same pinned Playwright browsers and dependencies	2026-10-06T16:12:51.8138270Z Setting up libswresample4:amd64 (7:6.1.1-3ubuntu5) ...
capability	Install the same pinned Playwright browsers and dependencies	2026-10-06T16:12:51.8157603Z Setting up libopenexr-3-1-30:amd64 (3.1.5-5.1build3) ...
capability	Install the same pinned Playwright browsers and dependencies	2026-10-06T16:12:51.8178161Z Setting up libshout3:amd64 (2.4.6-1build2) ...
capability	Install the same pinned Playwright browsers and dependencies	2026-10-06T16:12:51.8201693Z Setting up libgav1-1:amd64 (0.18.0-1build3) ...
capability	Install the same pinned Playwright browsers and dependencies	2026-10-06T16:12:51.8220143Z Setting up libavcodec60:amd64 (7:6.1.1-3ubuntu5) ...
capability	Install the same pinned Playwright browsers and dependencies	2026-10-06T16:12:51.8243384Z Setting up librubberband2:amd64 (3.3.0+dfsg-2build1) ...
capability	Install the same pinned Playwright browsers and dependencies	2026-10-06T16:12:51.8263090Z Setting up libjack-jackd2-0:amd64 (1.9.21~dfsg-3ubuntu3) ...
capability	Install the same pinned Playwright browsers and dependencies	2026-10-06T16:12:51.8282504Z Setting up libsord-0-0:amd64 (0.16.16-2build1) ...
capability	Install the same pinned Playwright browsers and dependencies	2026-10-06T16:12:51.8305720Z Setting up xfonts-cyrillic (1:1.0.5+nmu1) ...
capability	Install the same pinned Playwright browsers and dependencies	2026-10-06T16:12:51.8609341Z Setting up libpostproc57:amd64 (7:6.1.1-3ubuntu5) ...
capability	Install the same pinned Playwright browsers and dependencies	2026-10-06T16:12:51.8631783Z Setting up libsratom-0-0:amd64 (0.6.16-1build1) ...
capability	Install the same pinned Playwright browsers and dependencies	2026-10-06T16:12:51.8652122Z Setting up libsndfile1:amd64 (1.2.2-1ubuntu5.24.04.1) ...
capability	Install the same pinned Playwright browsers and dependencies	2026-10-06T16:12:51.8938244Z Setting up liblilv-0-0:amd64 (0.24.22-1build1) ...
capability	Install the same pinned Playwright browsers and dependencies	2026-10-06T16:12:51.8956566Z Setting up libinstpatch-1.0-2:amd64 (1.1.6-1build2) ...
capability	Install the same pinned Playwright browsers and dependencies	2026-10-06T16:12:51.8980712Z Setting up xfonts-scalable (1:1.0.3-1.3) ...
capability	Install the same pinned Playwright browsers and dependencies	2026-10-06T16:12:51.9260038Z Setting up libswscale7:amd64 (7:6.1.1-3ubuntu5) ...
capability	Install the same pinned Playwright browsers and dependencies	2026-10-06T16:12:51.9282522Z Setting up libavif16:amd64 (1.0.4-1ubuntu3) ...
capability	Install the same pinned Playwright browsers and dependencies	2026-10-06T16:12:51.9306161Z Setting up libpulse0:amd64 (1:16.1+dfsg1-2ubuntu10.1) ...
capability	Install the same pinned Playwright browsers and dependencies	2026-10-06T16:12:51.9380357Z Setting up libavformat60:amd64 (7:6.1.1-3ubuntu5) ...
capability	Install the same pinned Playwright browsers and dependencies	2026-10-06T16:12:51.9398766Z Setting up libsphinxbase3t64:amd64 (0.8+5prealpha+1-17build2) ...
capability	Install the same pinned Playwright browsers and dependencies	2026-10-06T16:12:51.9416200Z Setting up libsdl2-2.0-0:amd64 (2.30.0+dfsg-1ubuntu3.1) ...
capability	Install the same pinned Playwright browsers and dependencies	2026-10-06T16:12:51.9439484Z Setting up libfluidsynth3:amd64 (2.3.4-1build3) ...
capability	Install the same pinned Playwright browsers and dependencies	2026-10-06T16:12:51.9462180Z Setting up libpocketsphinx3:amd64 (0.8.0+real5prealpha+1-15ubuntu5) ...
capability	Install the same pinned Playwright browsers and dependencies	2026-10-06T16:12:51.9483217Z Setting up libavfilter9:amd64 (7:6.1.1-3ubuntu5) ...
capability	Install the same pinned Playwright browsers and dependencies	2026-10-06T16:12:51.9502783Z Setting up gstreamer1.0-libav:amd64 (1.24.1-1build1) ...
capability	Install the same pinned Playwright browsers and dependencies	2026-10-06T16:12:51.9818134Z Processing triggers for fontconfig (2.15.0-1.1ubuntu2) ...
capability	Install the same pinned Playwright browsers and dependencies	2026-10-06T16:12:52.0746899Z Processing triggers for libc-bin (2.39-0ubuntu8.9) ...
capability	Install the same pinned Playwright browsers and dependencies	2026-10-06T16:12:52.1285756Z Processing triggers for man-db (2.12.0-4build2) ...
capability	Install the same pinned Playwright browsers and dependencies	2026-10-06T16:12:52.1311214Z Not building database; man-db/auto-update is not 'true'.
capability	Install the same pinned Playwright browsers and dependencies	2026-10-06T16:12:52.1350010Z Processing triggers for libglib2.0-0t64:amd64 (2.80.0-6ubuntu3.9) ...
capability	Install the same pinned Playwright browsers and dependencies	2026-10-06T16:12:52.1918626Z Setting up libgtk-4-1:amd64 (4.14.5+ds-0ubuntu0.10) ...
capability	Install the same pinned Playwright browsers and dependencies	2026-10-06T16:12:52.2948991Z Setting up glib-networking:amd64 (2.80.0-1build1) ...
capability	Install the same pinned Playwright browsers and dependencies	2026-10-06T16:12:52.2992089Z Setting up libsoup-3.0-0:amd64 (3.4.4-5ubuntu0.8) ...
capability	Install the same pinned Playwright browsers and dependencies	2026-10-06T16:12:52.3034048Z Setting up libgssdp-1.6-0:amd64 (1.6.3-1build3) ...
capability	Install the same pinned Playwright browsers and dependencies	2026-10-06T16:12:52.3109988Z Setting up gstreamer1.0-plugins-good:amd64 (1.24.2-1ubuntu1.8) ...
capability	Install the same pinned Playwright browsers and dependencies	2026-10-06T16:12:52.3145414Z Setting up libgupnp-1.6-0:amd64 (1.6.6-1build3) ...
capability	Install the same pinned Playwright browsers and dependencies	2026-10-06T16:12:52.3209974Z Setting up libgupnp-igd-1.6-0:amd64 (1.6.0-3build3) ...
capability	Install the same pinned Playwright browsers and dependencies	2026-10-06T16:12:52.3244949Z Setting up libnice10:amd64 (0.1.21-2build3) ...
capability	Install the same pinned Playwright browsers and dependencies	2026-10-06T16:12:52.3297015Z Setting up libgstreamer-plugins-bad1.0-0:amd64 (1.24.2-1ubuntu4) ...
capability	Install the same pinned Playwright browsers and dependencies	2026-10-06T16:12:52.3339025Z Setting up gstreamer1.0-plugins-bad:amd64 (1.24.2-1ubuntu4) ...
capability	Install the same pinned Playwright browsers and dependencies	2026-10-06T16:12:52.3373290Z Processing triggers for libc-bin (2.39-0ubuntu8.9) ...
capability	Install the same pinned Playwright browsers and dependencies	2026-10-06T16:12:53.0294324Z
capability	Install the same pinned Playwright browsers and dependencies	2026-10-06T16:12:53.0295376Z Running kernel seems to be up-to-date.
capability	Install the same pinned Playwright browsers and dependencies	2026-10-06T16:12:53.0295820Z
capability	Install the same pinned Playwright browsers and dependencies	2026-10-06T16:12:53.0296014Z Restarting services...
capability	Install the same pinned Playwright browsers and dependencies	2026-10-06T16:12:53.0379960Z  systemctl restart php8.3-fpm.service
capability	Install the same pinned Playwright browsers and dependencies	2026-10-06T16:12:53.1766224Z
capability	Install the same pinned Playwright browsers and dependencies	2026-10-06T16:12:53.1779456Z No containers need to be restarted.
capability	Install the same pinned Playwright browsers and dependencies	2026-10-06T16:12:53.1780005Z
capability	Install the same pinned Playwright browsers and dependencies	2026-10-06T16:12:53.1780323Z No user sessions are running outdated binaries.
capability	Install the same pinned Playwright browsers and dependencies	2026-10-06T16:12:53.1780687Z
capability	Install the same pinned Playwright browsers and dependencies	2026-10-06T16:12:53.1781158Z No VM guests are running outdated hypervisor (qemu) binaries on this host.
capability	Install the same pinned Playwright browsers and dependencies	2026-10-06T16:12:54.4772161Z Downloading Chrome for Testing 153.0.8010.12 (playwright chromium v1243) from https://cdn.playwright.dev/builds/cft/153.0.8010.12/linux64/chrome-linux64.zip
capability	Install the same pinned Playwright browsers and dependencies	2026-10-06T16:12:55.0494902Z |                                                                                |   0% of 186.8 MiB
capability	Install the same pinned Playwright browsers and dependencies	2026-10-06T16:12:55.2852490Z |■■■■■■■■                                                                        |  10% of 186.8 MiB
capability	Install the same pinned Playwright browsers and dependencies	2026-10-06T16:12:55.4666045Z |■■■■■■■■■■■■■■■■                                                                |  20% of 186.8 MiB
capability	Install the same pinned Playwright browsers and dependencies	2026-10-06T16:12:55.6911697Z |■■■■■■■■■■■■■■■■■■■■■■■■                                                        |  30% of 186.8 MiB
capability	Install the same pinned Playwright browsers and dependencies	2026-10-06T16:12:55.8636741Z |■■■■■■■■■■■■■■■■■■■■■■■■■■■■■■■■                                                |  40% of 186.8 MiB
capability	Install the same pinned Playwright browsers and dependencies	2026-10-06T16:12:56.1041255Z |■■■■■■■■■■■■■■■■■■■■■■■■■■■■■■■■■■■■■■■■                                        |  50% of 186.8 MiB
capability	Install the same pinned Playwright browsers and dependencies	2026-10-06T16:12:56.2877538Z |■■■■■■■■■■■■■■■■■■■■■■■■■■■■■■■■■■■■■■■■■■■■■■■■                                |  60% of 186.8 MiB
capability	Install the same pinned Playwright browsers and dependencies	2026-10-06T16:12:56.4682001Z |■■■■■■■■■■■■■■■■■■■■■■■■■■■■■■■■■■■■■■■■■■■■■■■■■■■■■■■■                        |  70% of 186.8 MiB
capability	Install the same pinned Playwright browsers and dependencies	2026-10-06T16:12:56.6256578Z |■■■■■■■■■■■■■■■■■■■■■■■■■■■■■■■■■■■■■■■■■■■■■■■■■■■■■■■■■■■■■■■■                |  80% of 186.8 MiB
capability	Install the same pinned Playwright browsers and dependencies	2026-10-06T16:12:56.8734339Z |■■■■■■■■■■■■■■■■■■■■■■■■■■■■■■■■■■■■■■■■■■■■■■■■■■■■■■■■■■■■■■■■■■■■■■■■        |  90% of 186.8 MiB
capability	Install the same pinned Playwright browsers and dependencies	2026-10-06T16:12:57.0765234Z |■■■■■■■■■■■■■■■■■■■■■■■■■■■■■■■■■■■■■■■■■■■■■■■■■■■■■■■■■■■■■■■■■■■■■■■■■■■■■■■■| 100% of 186.8 MiB
capability	Install the same pinned Playwright browsers and dependencies	2026-10-06T16:13:00.6738718Z Chrome for Testing 153.0.8010.12 (playwright chromium v1243) downloaded to /home/runner/.cache/ms-playwright/chromium-1243
capability	Install the same pinned Playwright browsers and dependencies	2026-10-06T16:13:00.6744943Z Downloading FFmpeg (playwright ffmpeg v1011) from https://cdn.playwright.dev/dbazure/download/playwright/builds/ffmpeg/1011/ffmpeg-linux.zip
capability	Install the same pinned Playwright browsers and dependencies	2026-10-06T16:13:01.1102955Z |                                                                                |   0% of 2.3 MiB
capability	Install the same pinned Playwright browsers and dependencies	2026-10-06T16:13:01.1145066Z |■■■■■■■■                                                                        |  10% of 2.3 MiB
capability	Install the same pinned Playwright browsers and dependencies	2026-10-06T16:13:01.1172498Z |■■■■■■■■■■■■■■■■                                                                |  20% of 2.3 MiB
capability	Install the same pinned Playwright browsers and dependencies	2026-10-06T16:13:01.1199679Z |■■■■■■■■■■■■■■■■■■■■■■■■                                                        |  30% of 2.3 MiB
capability	Install the same pinned Playwright browsers and dependencies	2026-10-06T16:13:01.1220994Z |■■■■■■■■■■■■■■■■■■■■■■■■■■■■■■■■                                                |  40% of 2.3 MiB
capability	Install the same pinned Playwright browsers and dependencies	2026-10-06T16:13:01.1237285Z |■■■■■■■■■■■■■■■■■■■■■■■■■■■■■■■■■■■■■■■■                                        |  50% of 2.3 MiB
capability	Install the same pinned Playwright browsers and dependencies	2026-10-06T16:13:01.1251683Z |■■■■■■■■■■■■■■■■■■■■■■■■■■■■■■■■■■■■■■■■■■■■■■■■                                |  60% of 2.3 MiB
capability	Install the same pinned Playwright browsers and dependencies	2026-10-06T16:13:01.1285719Z |■■■■■■■■■■■■■■■■■■■■■■■■■■■■■■■■■■■■■■■■■■■■■■■■■■■■■■■■                        |  70% of 2.3 MiB
capability	Install the same pinned Playwright browsers and dependencies	2026-10-06T16:13:01.1301386Z |■■■■■■■■■■■■■■■■■■■■■■■■■■■■■■■■■■■■■■■■■■■■■■■■■■■■■■■■■■■■■■■■                |  80% of 2.3 MiB
capability	Install the same pinned Playwright browsers and dependencies	2026-10-06T16:13:01.1318747Z |■■■■■■■■■■■■■■■■■■■■■■■■■■■■■■■■■■■■■■■■■■■■■■■■■■■■■■■■■■■■■■■■■■■■■■■■        |  90% of 2.3 MiB
capability	Install the same pinned Playwright browsers and dependencies	2026-10-06T16:13:01.1334207Z |■■■■■■■■■■■■■■■■■■■■■■■■■■■■■■■■■■■■■■■■■■■■■■■■■■■■■■■■■■■■■■■■■■■■■■■■■■■■■■■■| 100% of 2.3 MiB
capability	Install the same pinned Playwright browsers and dependencies	2026-10-06T16:13:01.1995919Z FFmpeg (playwright ffmpeg v1011) downloaded to /home/runner/.cache/ms-playwright/ffmpeg-1011
capability	Install the same pinned Playwright browsers and dependencies	2026-10-06T16:13:01.2000992Z Downloading Chrome Headless Shell 153.0.8010.12 (playwright chromium-headless-shell v1243) from https://cdn.playwright.dev/builds/cft/153.0.8010.12/linux64/chrome-headless-shell-linux64.zip
capability	Install the same pinned Playwright browsers and dependencies	2026-10-06T16:13:01.6971992Z |                                                                                |   0% of 114.3 MiB
capability	Install the same pinned Playwright browsers and dependencies	2026-10-06T16:13:01.9915334Z |■■■■■■■■                                                                        |  10% of 114.3 MiB
capability	Install the same pinned Playwright browsers and dependencies	2026-10-06T16:13:02.0641864Z |■■■■■■■■■■■■■■■■                                                                |  20% of 114.3 MiB
capability	Install the same pinned Playwright browsers and dependencies	2026-10-06T16:13:02.1186893Z |■■■■■■■■■■■■■■■■■■■■■■■■                                                        |  30% of 114.3 MiB
capability	Install the same pinned Playwright browsers and dependencies	2026-10-06T16:13:02.1827354Z |■■■■■■■■■■■■■■■■■■■■■■■■■■■■■■■■                                                |  40% of 114.3 MiB
capability	Install the same pinned Playwright browsers and dependencies	2026-10-06T16:13:02.2459673Z |■■■■■■■■■■■■■■■■■■■■■■■■■■■■■■■■■■■■■■■■                                        |  50% of 114.3 MiB
capability	Install the same pinned Playwright browsers and dependencies	2026-10-06T16:13:02.2896298Z |■■■■■■■■■■■■■■■■■■■■■■■■■■■■■■■■■■■■■■■■■■■■■■■■                                |  60% of 114.3 MiB
capability	Install the same pinned Playwright browsers and dependencies	2026-10-06T16:13:02.3344064Z |■■■■■■■■■■■■■■■■■■■■■■■■■■■■■■■■■■■■■■■■■■■■■■■■■■■■■■■■                        |  70% of 114.3 MiB
capability	Install the same pinned Playwright browsers and dependencies	2026-10-06T16:13:02.3984372Z |■■■■■■■■■■■■■■■■■■■■■■■■■■■■■■■■■■■■■■■■■■■■■■■■■■■■■■■■■■■■■■■■                |  80% of 114.3 MiB
capability	Install the same pinned Playwright browsers and dependencies	2026-10-06T16:13:02.4728988Z |■■■■■■■■■■■■■■■■■■■■■■■■■■■■■■■■■■■■■■■■■■■■■■■■■■■■■■■■■■■■■■■■■■■■■■■■        |  90% of 114.3 MiB
capability	Install the same pinned Playwright browsers and dependencies	2026-10-06T16:13:02.5509209Z |■■■■■■■■■■■■■■■■■■■■■■■■■■■■■■■■■■■■■■■■■■■■■■■■■■■■■■■■■■■■■■■■■■■■■■■■■■■■■■■■| 100% of 114.3 MiB
capability	Install the same pinned Playwright browsers and dependencies	2026-10-06T16:13:04.8129557Z Chrome Headless Shell 153.0.8010.12 (playwright chromium-headless-shell v1243) downloaded to /home/runner/.cache/ms-playwright/chromium_headless_shell-1243
capability	Install the same pinned Playwright browsers and dependencies	2026-10-06T16:13:04.8134076Z Downloading Firefox 155.0 (playwright firefox v1543) from https://cdn.playwright.dev/dbazure/download/playwright/builds/firefox/1543/firefox-ubuntu-24.04.zip
capability	Install the same pinned Playwright browsers and dependencies	2026-10-06T16:13:05.1944014Z |                                                                                |   0% of 109.5 MiB
capability	Install the same pinned Playwright browsers and dependencies	2026-10-06T16:13:05.2734680Z |■■■■■■■■                                                                        |  10% of 109.5 MiB
capability	Install the same pinned Playwright browsers and dependencies	2026-10-06T16:13:05.3465360Z |■■■■■■■■■■■■■■■■                                                                |  20% of 109.5 MiB
capability	Install the same pinned Playwright browsers and dependencies	2026-10-06T16:13:05.4031823Z |■■■■■■■■■■■■■■■■■■■■■■■■                                                        |  30% of 109.5 MiB
capability	Install the same pinned Playwright browsers and dependencies	2026-10-06T16:13:05.4717021Z |■■■■■■■■■■■■■■■■■■■■■■■■■■■■■■■■                                                |  40% of 109.5 MiB
capability	Install the same pinned Playwright browsers and dependencies	2026-10-06T16:13:05.5494883Z |■■■■■■■■■■■■■■■■■■■■■■■■■■■■■■■■■■■■■■■■                                        |  50% of 109.5 MiB
capability	Install the same pinned Playwright browsers and dependencies	2026-10-06T16:13:05.5925546Z |■■■■■■■■■■■■■■■■■■■■■■■■■■■■■■■■■■■■■■■■■■■■■■■■                                |  60% of 109.5 MiB
capability	Install the same pinned Playwright browsers and dependencies	2026-10-06T16:13:05.6311709Z |■■■■■■■■■■■■■■■■■■■■■■■■■■■■■■■■■■■■■■■■■■■■■■■■■■■■■■■■                        |  70% of 109.5 MiB
capability	Install the same pinned Playwright browsers and dependencies	2026-10-06T16:13:05.6880721Z |■■■■■■■■■■■■■■■■■■■■■■■■■■■■■■■■■■■■■■■■■■■■■■■■■■■■■■■■■■■■■■■■                |  80% of 109.5 MiB
capability	Install the same pinned Playwright browsers and dependencies	2026-10-06T16:13:05.7295261Z |■■■■■■■■■■■■■■■■■■■■■■■■■■■■■■■■■■■■■■■■■■■■■■■■■■■■■■■■■■■■■■■■■■■■■■■■        |  90% of 109.5 MiB
capability	Install the same pinned Playwright browsers and dependencies	2026-10-06T16:13:05.7649433Z |■■■■■■■■■■■■■■■■■■■■■■■■■■■■■■■■■■■■■■■■■■■■■■■■■■■■■■■■■■■■■■■■■■■■■■■■■■■■■■■■| 100% of 109.5 MiB
capability	Install the same pinned Playwright browsers and dependencies	2026-10-06T16:13:07.9561718Z Firefox 155.0 (playwright firefox v1543) downloaded to /home/runner/.cache/ms-playwright/firefox-1543
capability	Install the same pinned Playwright browsers and dependencies	2026-10-06T16:13:07.9566837Z Downloading WebKit 26.6 (playwright webkit v2359) from https://cdn.playwright.dev/dbazure/download/playwright/builds/webkit/2359/webkit-ubuntu-24.04.zip
capability	Install the same pinned Playwright browsers and dependencies	2026-10-06T16:13:08.3658139Z |                                                                                |   0% of 102.3 MiB
capability	Install the same pinned Playwright browsers and dependencies	2026-10-06T16:13:08.4453373Z |■■■■■■■■                                                                        |  10% of 102.3 MiB
capability	Install the same pinned Playwright browsers and dependencies	2026-10-06T16:13:08.5198924Z |■■■■■■■■■■■■■■■■                                                                |  20% of 102.3 MiB
capability	Install the same pinned Playwright browsers and dependencies	2026-10-06T16:13:08.5969526Z |■■■■■■■■■■■■■■■■■■■■■■■■                                                        |  30% of 102.3 MiB
capability	Install the same pinned Playwright browsers and dependencies	2026-10-06T16:13:08.6584067Z |■■■■■■■■■■■■■■■■■■■■■■■■■■■■■■■■                                                |  40% of 102.3 MiB
capability	Install the same pinned Playwright browsers and dependencies	2026-10-06T16:13:08.7251854Z |■■■■■■■■■■■■■■■■■■■■■■■■■■■■■■■■■■■■■■■■                                        |  50% of 102.3 MiB
capability	Install the same pinned Playwright browsers and dependencies	2026-10-06T16:13:08.7661798Z |■■■■■■■■■■■■■■■■■■■■■■■■■■■■■■■■■■■■■■■■■■■■■■■■                                |  60% of 102.3 MiB
capability	Install the same pinned Playwright browsers and dependencies	2026-10-06T16:13:08.8064565Z |■■■■■■■■■■■■■■■■■■■■■■■■■■■■■■■■■■■■■■■■■■■■■■■■■■■■■■■■                        |  70% of 102.3 MiB
capability	Install the same pinned Playwright browsers and dependencies	2026-10-06T16:13:08.8635274Z |■■■■■■■■■■■■■■■■■■■■■■■■■■■■■■■■■■■■■■■■■■■■■■■■■■■■■■■■■■■■■■■■                |  80% of 102.3 MiB
capability	Install the same pinned Playwright browsers and dependencies	2026-10-06T16:13:08.9033111Z |■■■■■■■■■■■■■■■■■■■■■■■■■■■■■■■■■■■■■■■■■■■■■■■■■■■■■■■■■■■■■■■■■■■■■■■■        |  90% of 102.3 MiB
capability	Install the same pinned Playwright browsers and dependencies	2026-10-06T16:13:08.9518857Z |■■■■■■■■■■■■■■■■■■■■■■■■■■■■■■■■■■■■■■■■■■■■■■■■■■■■■■■■■■■■■■■■■■■■■■■■■■■■■■■■| 100% of 102.3 MiB
capability	Install the same pinned Playwright browsers and dependencies	2026-10-06T16:13:11.0416309Z WebKit 26.6 (playwright webkit v2359) downloaded to /home/runner/.cache/ms-playwright/webkit-2359
capability	Native headless capability and exact clear/readPixels	﻿2026-10-06T16:13:11.4054141Z ##[group]Run node tools/wp08_linux_probe.cjs
capability	Native headless capability and exact clear/readPixels	2026-10-06T16:13:11.4054580Z [36;1mnode tools/wp08_linux_probe.cjs[0m
capability	Native headless capability and exact clear/readPixels	2026-10-06T16:13:11.4118278Z shell: /usr/bin/bash -e {0}
capability	Native headless capability and exact clear/readPixels	2026-10-06T16:13:11.4118602Z env:
capability	Native headless capability and exact clear/readPixels	2026-10-06T16:13:11.4118844Z   DEBUG: pw:browser
capability	Native headless capability and exact clear/readPixels	2026-10-06T16:13:11.4119111Z ##[endgroup]
capability	Native headless capability and exact clear/readPixels	2026-10-06T16:13:11.7471183Z 2026-10-06T16:13:11.744Z pw:browser <launching> /home/runner/.cache/ms-playwright/chromium_headless_shell-1243/chrome-headless-shell-linux64/chrome-headless-shell --disable-field-trial-config --disable-background-networking --disable-background-timer-throttling --disable-backgrounding-occluded-windows --disable-back-forward-cache --disable-breakpad --disable-client-side-phishing-detection --disable-component-extensions-with-background-pages --disable-component-update --no-default-browser-check --disable-default-apps --disable-dev-shm-usage --disable-edgeupdater --disable-extensions --disable-features=AvoidUnnecessaryBeforeUnloadCheckSync,DestroyProfileOnBrowserClose,DialMediaRouteProvider,GlobalMediaControls,HttpsUpgrades,LensOverlay,MediaRouter,PaintHolding,ThirdPartyStoragePartitioning,BlockOriginHeaderModificationOnRedirect,Translate,AutoDeElevate,OptimizationHints,msForceBrowserSignIn,msEdgeUpdateLaunchServicesPreferredVersion --enable-features=CDPScreenshotNewSurface --allow-pre-commit-input --disable-hang-monitor --disable-ipc-flooding-protection --disable-popup-blocking --disable-prompt-on-repost --disable-renderer-backgrounding --disable-updater-scheduler --force-color-profile=srgb --metrics-recording-only --no-first-run --password-store=basic --use-mock-keychain --no-service-autorun --export-tagged-pdf --disable-search-engine-choice-screen --unsafely-disable-devtools-self-xss-warnings --edge-skip-compat-layer-relaunch --disable-infobars --disable-search-engine-choice-screen --disable-sync --enable-unsafe-swiftshader --headless --hide-scrollbars --mute-audio --blink-settings=primaryHoverType=2,availableHoverTypes=2,primaryPointerType=4,availablePointerTypes=4 --no-sandbox --user-data-dir=/tmp/playwright_chromiumdev_profile-GYXDXF --remote-debugging-pipe --no-startup-window
capability	Native headless capability and exact clear/readPixels	2026-10-06T16:13:11.7499485Z 2026-10-06T16:13:11.749Z pw:browser <launched> pid=5324
capability	Native headless capability and exact clear/readPixels	2026-10-06T16:13:11.7944609Z 2026-10-06T16:13:11.791Z pw:browser [pid=5324][err] [1006/161311.789147:ERROR:dbus/bus.cc:405] Failed to connect to the bus: Could not parse server address: Unknown address type (examples of valid types are "tcp" and on UNIX "unix")
capability	Native headless capability and exact clear/readPixels	2026-10-06T16:13:11.8080027Z 2026-10-06T16:13:11.807Z pw:browser [pid=5324][err] [1006/161311.806686:WARNING:media/gpu/vaapi/vaapi_wrapper.cc:1660] drmGetDevices2() has not found any devices
capability	Native headless capability and exact clear/readPixels	2026-10-06T16:13:11.8092805Z 2026-10-06T16:13:11.808Z pw:browser [pid=5324][err] [1006/161311.808650:WARNING:sandbox/policy/linux/sandbox_linux.cc:405] InitializeSandbox() called with multiple threads in process gpu-process.
capability	Native headless capability and exact clear/readPixels	2026-10-06T16:13:11.9419854Z 2026-10-06T16:13:11.941Z pw:browser [pid=5324][err] [1006/161311.941011:ERROR:dbus/object_proxy.cc:572] Failed to call method: org.freedesktop.DBus.NameHasOwner: object_path= /org/freedesktop/DBus: unknown error type:
capability	Native headless capability and exact clear/readPixels	2026-10-06T16:13:11.9425270Z 2026-10-06T16:13:11.941Z pw:browser [pid=5324][err] [1006/161311.941875:ERROR:dbus/bus.cc:405] Failed to connect to the bus: Could not parse server address: Unknown address type (examples of valid types are "tcp" and on UNIX "unix")
capability	Native headless capability and exact clear/readPixels	2026-10-06T16:13:11.9510597Z 2026-10-06T16:13:11.949Z pw:browser [pid=5324][err] [1006/161311.948812:ERROR:dbus/object_proxy.cc:572] Failed to call method: org.freedesktop.DBus.NameHasOwner: object_path= /org/freedesktop/DBus: unknown error type:
capability	Native headless capability and exact clear/readPixels	2026-10-06T16:13:12.0529920Z 2026-10-06T16:13:12.052Z pw:browser [pid=5324][err] [1006/161312.051631:ERROR:gpu/command_buffer/service/gl_utils.cc:427] [.WebGL-0x10c4001a4800]GL Driver Message (OpenGL, Performance, GL_CLOSE_PATH_NV, High): GPU stall due to ReadPixels
capability	Native headless capability and exact clear/readPixels	2026-10-06T16:13:12.0627016Z 2026-10-06T16:13:12.062Z pw:browser [pid=5324][err] [1006/161312.061881:ERROR:gpu/command_buffer/service/gl_utils.cc:427] [.WebGL-0x10c4001a4200]GL Driver Message (OpenGL, Performance, GL_CLOSE_PATH_NV, High): GPU stall due to ReadPixels
capability	Native headless capability and exact clear/readPixels	2026-10-06T16:13:12.0692389Z 2026-10-06T16:13:12.068Z pw:browser [pid=5324][err] [1006/161312.068410:ERROR:gpu/command_buffer/service/gl_utils.cc:427] [.WebGL-0x10c4001a4800]GL Driver Message (OpenGL, Performance, GL_CLOSE_PATH_NV, High): GPU stall due to ReadPixels
capability	Native headless capability and exact clear/readPixels	2026-10-06T16:13:12.0698588Z 2026-10-06T16:13:12.069Z pw:browser [pid=5324][err] [1006/161312.069286:ERROR:gpu/command_buffer/service/gl_utils.cc:427] [.WebGL-0x10c4001a4200]GL Driver Message (OpenGL, Performance, GL_CLOSE_PATH_NV, High): GPU stall due to ReadPixels (this message will no longer repeat)
capability	Native headless capability and exact clear/readPixels	2026-10-06T16:13:12.0738011Z 2026-10-06T16:13:12.073Z pw:browser [pid=5324][err] [1006/161312.072429:INFO:CONSOLE:0] "[.WebGL-0x10c4001a4800]GL Driver Message (OpenGL, Performance, GL_CLOSE_PATH_NV, High): GPU stall due to ReadPixels", source: http://127.0.0.1:36959/ (0)
capability	Native headless capability and exact clear/readPixels	2026-10-06T16:13:12.0741739Z 2026-10-06T16:13:12.073Z pw:browser [pid=5324][err] [1006/161312.072490:INFO:CONSOLE:0] "[.WebGL-0x10c4001a4200]GL Driver Message (OpenGL, Performance, GL_CLOSE_PATH_NV, High): GPU stall due to ReadPixels", source: http://127.0.0.1:36959/ (0)
capability	Native headless capability and exact clear/readPixels	2026-10-06T16:13:12.0753010Z 2026-10-06T16:13:12.073Z pw:browser [pid=5324][err] [1006/161312.072536:INFO:CONSOLE:0] "[.WebGL-0x10c4001a4800]GL Driver Message (OpenGL, Performance, GL_CLOSE_PATH_NV, High): GPU stall due to ReadPixels", source: http://127.0.0.1:36959/ (0)
capability	Native headless capability and exact clear/readPixels	2026-10-06T16:13:12.0756604Z 2026-10-06T16:13:12.073Z pw:browser [pid=5324][err] [1006/161312.072580:INFO:CONSOLE:0] "[.WebGL-0x10c4001a4200]GL Driver Message (OpenGL, Performance, GL_CLOSE_PATH_NV, High): GPU stall due to ReadPixels (this message will no longer repeat)", source: http://127.0.0.1:36959/ (0)
capability	Native headless capability and exact clear/readPixels	2026-10-06T16:13:12.0759700Z 2026-10-06T16:13:12.073Z pw:browser [pid=5324][err] [1006/161312.072636:INFO:CONSOLE:0] "No available adapters.", source: http://127.0.0.1:36959/ (0)
capability	Native headless capability and exact clear/readPixels	2026-10-06T16:13:12.1189522Z 2026-10-06T16:13:12.118Z pw:browser [pid=5324] <gracefully close start>
capability	Native headless capability and exact clear/readPixels	2026-10-06T16:13:12.1428191Z 2026-10-06T16:13:12.142Z pw:browser [pid=5324] <process did exit: exitCode=0, signal=null>
capability	Native headless capability and exact clear/readPixels	2026-10-06T16:13:12.1430524Z 2026-10-06T16:13:12.142Z pw:browser [pid=5324] starting temporary directories cleanup
capability	Native headless capability and exact clear/readPixels	2026-10-06T16:13:12.1474258Z 2026-10-06T16:13:12.147Z pw:browser [pid=5324] finished temporary directories cleanup
capability	Native headless capability and exact clear/readPixels	2026-10-06T16:13:12.1475096Z 2026-10-06T16:13:12.147Z pw:browser [pid=5324] <gracefully close end>
capability	Native headless capability and exact clear/readPixels	2026-10-06T16:13:12.1496773Z {"sourceCommit":"2134b131575ac30db48691e839f627405da66b52","platform":"linux","release":"6.17.0-1022-azure","node":"v24.4.0","name":"chromium","kind":"pure capability probe; no Rust/game assertions","launchOptions":{"headless":true},"customPreferences":null,"customGPUFlags":[],"sandboxOverrides":[],"console":[{"type":"warning","text":"[.WebGL-0x10c4001a4800]GL Driver Message (OpenGL, Performance, GL_CLOSE_PATH_NV, High): GPU stall due to ReadPixels"},{"type":"warning","text":"[.WebGL-0x10c4001a4200]GL Driver Message (OpenGL, Performance, GL_CLOSE_PATH_NV, High): GPU stall due to ReadPixels"},{"type":"warning","text":"[.WebGL-0x10c4001a4800]GL Driver Message (OpenGL, Performance, GL_CLOSE_PATH_NV, High): GPU stall due to ReadPixels"},{"type":"warning","text":"[.WebGL-0x10c4001a4200]GL Driver Message (OpenGL, Performance, GL_CLOSE_PATH_NV, High): GPU stall due to ReadPixels (this message will no longer repeat)"},{"type":"warning","text":"No available adapters."}],"pageErrors":[],"browserVersion":"153.0.8010.12","capabilities":{"userAgent":"Mozilla/5.0 (X11; Linux x86_64) AppleWebKit/537.36 (KHTML, like Gecko) HeadlessChrome/153.0.8010.12 Safari/537.36","secureContext":true,"webgl":[{"type":"webgl","creationErrors":[],"available":true,"version":"WebGL 1.0 (OpenGL ES 2.0 Chromium)","vendor":"WebKit","renderer":"ANGLE (Google, Vulkan 1.3.0 (SwiftShader Device (Subzero) (0x0000C0DE)), SwiftShader driver)","maxTextureSize":8192,"extensions":["ANGLE_instanced_arrays","EXT_blend_minmax","EXT_clip_control","EXT_color_buffer_half_float","EXT_depth_clamp","EXT_float_blend","EXT_frag_depth","EXT_polygon_offset_clamp","EXT_shader_texture_lod","EXT_texture_compression_bptc","EXT_texture_compression_rgtc","EXT_texture_filter_anisotropic","EXT_texture_mirror_clamp_to_edge","EXT_sRGB","OES_element_index_uint","OES_fbo_render_mipmap","OES_standard_derivatives","OES_texture_float","OES_texture_float_linear","OES_texture_half_float","OES_texture_half_float_linear","OES_vertex_array_object","WEBGL_color_buffer_float","WEBGL_compressed_texture_astc","WEBGL_compressed_texture_etc","WEBGL_compressed_texture_etc1","WEBGL_compressed_texture_s3tc","WEBGL_compressed_texture_s3tc_srgb","WEBGL_debug_renderer_info","WEBGL_debug_shaders","WEBGL_depth_texture","WEBGL_draw_buffers","WEBGL_lose_context","WEBGL_multi_draw","WEBGL_polygon_mode"],"pixel":[37,91,173,255],"glError":0,"expectedPixel":[37,91,173,255],"pixelMatches":true},{"type":"webgl2","creationErrors":[],"available":true,"version":"WebGL 2.0 (OpenGL ES 3.0 Chromium)","vendor":"WebKit","renderer":"ANGLE (Google, Vulkan 1.3.0 (SwiftShader Device (Subzero) (0x0000C0DE)), SwiftShader driver)","maxTextureSize":8192,"extensions":["EXT_clip_control","EXT_color_buffer_float","EXT_color_buffer_half_float","EXT_conservative_depth","EXT_depth_clamp","EXT_float_blend","EXT_polygon_offset_clamp","EXT_texture_compression_bptc","EXT_texture_compression_rgtc","EXT_texture_filter_anisotropic","EXT_texture_mirror_clamp_to_edge","NV_shader_noperspective_interpolation","OES_draw_buffers_indexed","OES_sample_variables","OES_shader_multisample_interpolation","OES_texture_float_linear","OVR_multiview2","WEBGL_clip_cull_distance","WEBGL_compressed_texture_astc","WEBGL_compressed_texture_etc","WEBGL_compressed_texture_etc1","WEBGL_compressed_texture_s3tc","WEBGL_compressed_texture_s3tc_srgb","WEBGL_debug_renderer_info","WEBGL_debug_shaders","WEBGL_lose_context","WEBGL_multi_draw","WEBGL_polygon_mode","WEBGL_stencil_texturing"],"pixel":[37,91,173,255],"glError":0,"expectedPixel":[37,91,173,255],"pixelMatches":true}],"webgpu":{"present":true,"adapterAvailable":false}}}
capability	Native headless capability and exact clear/readPixels	2026-10-06T16:13:12.1513582Z 2026-10-06T16:13:12.149Z pw:browser <launching> /home/runner/.cache/ms-playwright/firefox-1543/firefox/firefox -no-remote -headless -profile /tmp/playwright_firefoxdev_profile-iKn0aG -juggler-pipe -silent
capability	Native headless capability and exact clear/readPixels	2026-10-06T16:13:12.1519530Z 2026-10-06T16:13:12.151Z pw:browser <launched> pid=5385
capability	Native headless capability and exact clear/readPixels	2026-10-06T16:13:12.1542032Z 2026-10-06T16:13:12.154Z pw:browser [pid=5385][err] [5387] Sandbox: CanCreateUserNamespace() unshare(CLONE_NEWPID): EPERM
capability	Native headless capability and exact clear/readPixels	2026-10-06T16:13:12.1752453Z 2026-10-06T16:13:12.175Z pw:browser [pid=5385][err] *** You are running in headless mode.
capability	Native headless capability and exact clear/readPixels	2026-10-06T16:13:12.2362345Z 2026-10-06T16:13:12.235Z pw:browser [pid=5385][err] JavaScript warning: resource://services-settings/Utils.sys.mjs, line 125: unreachable code after return statement
capability	Native headless capability and exact clear/readPixels	2026-10-06T16:13:12.4841164Z 2026-10-06T16:13:12.483Z pw:browser [pid=5385][out]
capability	Native headless capability and exact clear/readPixels	2026-10-06T16:13:12.4848687Z 2026-10-06T16:13:12.483Z pw:browser [pid=5385][out] Juggler listening to the pipe
capability	Native headless capability and exact clear/readPixels	2026-10-06T16:13:13.5853546Z 2026-10-06T16:13:13.584Z pw:browser [pid=5385][out] console.error: (new TypeError("can't access property \"find\", this._searchProviderInfo is null", "moz-src:///browser/components/search/SearchSERPTelemetry.sys.mjs", 1222))
capability	Native headless capability and exact clear/readPixels	2026-10-06T16:13:13.6864537Z 2026-10-06T16:13:13.685Z pw:browser [pid=5385][err] JavaScript warning: debugger eval code line 311 > eval, line 7: Failed to create WebGL context: WebGL creation failed:
capability	Native headless capability and exact clear/readPixels	2026-10-06T16:13:13.6866636Z 2026-10-06T16:13:13.686Z pw:browser [pid=5385][err] * WebglAllowWindowsNativeGl:false restricts context creation on this system. ()
capability	Native headless capability and exact clear/readPixels	2026-10-06T16:13:13.6868916Z 2026-10-06T16:13:13.686Z pw:browser [pid=5385][err] * Exhausted GL driver options. (FEATURE_FAILURE_WEBGL_EXHAUSTED_DRIVERS)
capability	Native headless capability and exact clear/readPixels	2026-10-06T16:13:13.6873690Z 2026-10-06T16:13:13.687Z pw:browser [pid=5385][err] JavaScript warning: debugger eval code line 311 > eval, line 7: Failed to create WebGL context: WebGL creation failed:
capability	Native headless capability and exact clear/readPixels	2026-10-06T16:13:13.6875601Z 2026-10-06T16:13:13.687Z pw:browser [pid=5385][err] * AllowWebgl2:false restricts context creation on this system. ()
capability	Native headless capability and exact clear/readPixels	2026-10-06T16:13:13.6918049Z 2026-10-06T16:13:13.690Z pw:browser [pid=5385][out] console.error: [Exception... "Component returned failure code: 0x80040111 (NS_ERROR_NOT_AVAILABLE) [nsIContentSniffer.getMIMETypeFromContent]"  nsresult: "0x80040111 (NS_ERROR_NOT_AVAILABLE)"  location: "JS frame :: resource:///modules/FaviconLoader.sys.mjs :: onStopRequest :: line 353"  data: no]
capability	Native headless capability and exact clear/readPixels	2026-10-06T16:13:13.7003475Z 2026-10-06T16:13:13.700Z pw:browser [pid=5385][out] console.warn: services.settings: #fetchAttachment: Forcing fallbackToDump to false due to Utils.LOAD_DUMPS being false
capability	Native headless capability and exact clear/readPixels	2026-10-06T16:13:13.7046783Z 2026-10-06T16:13:13.704Z pw:browser [pid=5385][out] console.error: (new NotFoundError("Could not find fa0fc42c-d91d-fca7-34eb-806ff46062dc in cache or dump", "resource://services-settings/Attachments.sys.mjs", 48))
capability	Native headless capability and exact clear/readPixels	2026-10-06T16:13:13.7049195Z 2026-10-06T16:13:13.704Z pw:browser [pid=5385][out] console.warn: "Unable to find the attachment for" "fa0fc42c-d91d-fca7-34eb-806ff46062dc"
capability	Native headless capability and exact clear/readPixels	2026-10-06T16:13:13.8694672Z 2026-10-06T16:13:13.869Z pw:browser [pid=5385][err] JavaScript error: , line 0: SyntaxError: JSON.parse: unexpected end of data at line 1 column 1 of the JSON data
capability	Native headless capability and exact clear/readPixels	2026-10-06T16:13:13.8781782Z 2026-10-06T16:13:13.877Z pw:browser [pid=5385][out] console.error: services.settings:
capability	Native headless capability and exact clear/readPixels	2026-10-06T16:13:13.8784026Z 2026-10-06T16:13:13.878Z pw:browser [pid=5385][out]   Message: EmptyDatabaseError: "main/nimbus-desktop-experiments" has not been synced yet
capability	Native headless capability and exact clear/readPixels	2026-10-06T16:13:13.8786011Z 2026-10-06T16:13:13.878Z pw:browser [pid=5385][out]   Stack:
capability	Native headless capability and exact clear/readPixels	2026-10-06T16:13:13.8787420Z 2026-10-06T16:13:13.878Z pw:browser [pid=5385][out]     EmptyDatabaseError@resource://services-settings/Database.sys.mjs:19:5
capability	Native headless capability and exact clear/readPixels	2026-10-06T16:13:13.8791581Z 2026-10-06T16:13:13.878Z pw:browser [pid=5385][out] list@resource://services-settings/Database.sys.mjs:96:13
capability	Native headless capability and exact clear/readPixels	2026-10-06T16:13:13.8792690Z 2026-10-06T16:13:13.878Z pw:browser [pid=5385][out]
capability	Native headless capability and exact clear/readPixels	2026-10-06T16:13:13.8793721Z 2026-10-06T16:13:13.879Z pw:browser [pid=5385] <gracefully close start>
capability	Native headless capability and exact clear/readPixels	2026-10-06T16:13:13.9023295Z 2026-10-06T16:13:13.901Z pw:browser [pid=5385][err] JavaScript error: chrome://juggler/content/Helper.js, line 82: NS_ERROR_FAILURE: Component returned failure code: 0x80004005 (NS_ERROR_FAILURE) [nsIWebProgress.removeProgressListener]
capability	Native headless capability and exact clear/readPixels	2026-10-06T16:13:14.1516574Z 2026-10-06T16:13:14.151Z pw:browser [pid=5385][out] console.error: "Error in processing browser-idle-startup for MonitorAgent.init"
capability	Native headless capability and exact clear/readPixels	2026-10-06T16:13:14.1520304Z 2026-10-06T16:13:14.151Z pw:browser [pid=5385][out] console.error: (new Error("Phase \"profile-before-change\" is finished, it is too late to register completion condition \"MonitorStore: Shutdown\"", "resource://gre/modules/AsyncShutdown.sys.mjs", 736))
capability	Native headless capability and exact clear/readPixels	2026-10-06T16:13:14.1524789Z 2026-10-06T16:13:14.151Z pw:browser [pid=5385][out] console.error: SearchTelemetry: "Error initializing a connection: Error: Sqlite.sys.mjs has been shutdown. Cannot open connection to: /tmp/playwright_firefoxdev_profile-iKn0aG/domain_to_categories.sqlite"
capability	Native headless capability and exact clear/readPixels	2026-10-06T16:13:14.1527636Z 2026-10-06T16:13:14.151Z pw:browser [pid=5385][out] console.error: services.settings:
capability	Native headless capability and exact clear/readPixels	2026-10-06T16:13:14.1530421Z 2026-10-06T16:13:14.152Z pw:browser [pid=5385][out]   Message: Error: IndexedDB: main/search-categorization getLastModified() IndexedDB:  execute() The application is shutting down
capability	Native headless capability and exact clear/readPixels	2026-10-06T16:13:14.1532281Z 2026-10-06T16:13:14.152Z pw:browser [pid=5385][out]   Stack:
capability	Native headless capability and exact clear/readPixels	2026-10-06T16:13:14.1533821Z 2026-10-06T16:13:14.152Z pw:browser [pid=5385][out]     IndexedDBError@resource://services-settings/IDBHelpers.sys.mjs:14:15
capability	Native headless capability and exact clear/readPixels	2026-10-06T16:13:14.1535788Z 2026-10-06T16:13:14.152Z pw:browser [pid=5385][out] ShutdownError@resource://services-settings/IDBHelpers.sys.mjs:24:5
capability	Native headless capability and exact clear/readPixels	2026-10-06T16:13:14.1538086Z 2026-10-06T16:13:14.152Z pw:browser [pid=5385][out] executeIDB@resource://services-settings/Database.sys.mjs:512:13
capability	Native headless capability and exact clear/readPixels	2026-10-06T16:13:14.1540111Z 2026-10-06T16:13:14.152Z pw:browser [pid=5385][out] getLastModified@resource://services-settings/Database.sys.mjs:192:13
capability	Native headless capability and exact clear/readPixels	2026-10-06T16:13:14.1542621Z 2026-10-06T16:13:14.152Z pw:browser [pid=5385][out] get@resource://services-settings/RemoteSettingsClient.sys.mjs:460:59
capability	Native headless capability and exact clear/readPixels	2026-10-06T16:13:14.1544749Z 2026-10-06T16:13:14.152Z pw:browser [pid=5385][out] #setupClientAndStore@moz-src:///browser/components/search/SERPCategorization.sys.mjs:928:38
capability	Native headless capability and exact clear/readPixels	2026-10-06T16:13:14.1546795Z 2026-10-06T16:13:14.152Z pw:browser [pid=5385][out] observe@resource://gre/modules/AsyncShutdown.sys.mjs:587:17
capability	Native headless capability and exact clear/readPixels	2026-10-06T16:13:14.1548409Z 2026-10-06T16:13:14.152Z pw:browser [pid=5385][out]
capability	Native headless capability and exact clear/readPixels	2026-10-06T16:13:14.1683562Z 2026-10-06T16:13:14.168Z pw:browser [pid=5385][out] console.error: services.settings:
capability	Native headless capability and exact clear/readPixels	2026-10-06T16:13:14.1686618Z 2026-10-06T16:13:14.168Z pw:browser [pid=5385][out]   Message: Error: IndexedDB: main/urlbar-persisted-search-terms getLastModified() IndexedDB:  execute() The application is shutting down
capability	Native headless capability and exact clear/readPixels	2026-10-06T16:13:14.1688657Z 2026-10-06T16:13:14.168Z pw:browser [pid=5385][out]   Stack:
capability	Native headless capability and exact clear/readPixels	2026-10-06T16:13:14.1689799Z 2026-10-06T16:13:14.168Z pw:browser [pid=5385][out]     IndexedDBError@resource://services-settings/IDBHelpers.sys.mjs:14:15
capability	Native headless capability and exact clear/readPixels	2026-10-06T16:13:14.1691075Z 2026-10-06T16:13:14.168Z pw:browser [pid=5385][out] ShutdownError@resource://services-settings/IDBHelpers.sys.mjs:24:5
capability	Native headless capability and exact clear/readPixels	2026-10-06T16:13:14.1692259Z 2026-10-06T16:13:14.168Z pw:browser [pid=5385][out] executeIDB@resource://services-settings/Database.sys.mjs:512:13
capability	Native headless capability and exact clear/readPixels	2026-10-06T16:13:14.1693456Z 2026-10-06T16:13:14.168Z pw:browser [pid=5385][out] getLastModified@resource://services-settings/Database.sys.mjs:192:13
capability	Native headless capability and exact clear/readPixels	2026-10-06T16:13:14.1694675Z 2026-10-06T16:13:14.168Z pw:browser [pid=5385][out] get@resource://services-settings/RemoteSettingsClient.sys.mjs:460:59
capability	Native headless capability and exact clear/readPixels	2026-10-06T16:13:14.1695967Z 2026-10-06T16:13:14.168Z pw:browser [pid=5385][out] init@moz-src:///browser/components/urlbar/UrlbarSearchTermsPersistence.sys.mjs:76:74
capability	Native headless capability and exact clear/readPixels	2026-10-06T16:13:14.1696895Z 2026-10-06T16:13:14.168Z pw:browser [pid=5385][out] fn@resource://gre/modules/BrowserUtils.sys.mjs:83:33
capability	Native headless capability and exact clear/readPixels	2026-10-06T16:13:14.1697920Z 2026-10-06T16:13:14.168Z pw:browser [pid=5385][out] callSingleListener@resource://gre/modules/BrowserUtils.sys.mjs:763:15
capability	Native headless capability and exact clear/readPixels	2026-10-06T16:13:14.1699283Z 2026-10-06T16:13:14.168Z pw:browser [pid=5385][out] callModulesFromCategory/</<@resource://gre/modules/BrowserUtils.sys.mjs:803:23
capability	Native headless capability and exact clear/readPixels	2026-10-06T16:13:14.1700210Z 2026-10-06T16:13:14.168Z pw:browser [pid=5385][out] observe@resource://gre/modules/AsyncShutdown.sys.mjs:587:17
capability	Native headless capability and exact clear/readPixels	2026-10-06T16:13:14.1700805Z 2026-10-06T16:13:14.168Z pw:browser [pid=5385][out]
capability	Native headless capability and exact clear/readPixels	2026-10-06T16:13:14.1744824Z 2026-10-06T16:13:14.174Z pw:browser [pid=5385][out] console.error: "Error in processing browser-idle-startup for BuiltInThemes.ensureBuiltInThemes"
capability	Native headless capability and exact clear/readPixels	2026-10-06T16:13:14.1747647Z 2026-10-06T16:13:14.174Z pw:browser [pid=5385][out] console.error: [Exception... "AddonManager is not initialized"  nsresult: "0xc1f30001 (NS_ERROR_NOT_INITIALIZED)"  location: "JS frame :: resource://gre/modules/AddonManager.sys.mjs :: maybeInstallBuiltinAddon :: line 2828"  data: no]
capability	Native headless capability and exact clear/readPixels	2026-10-06T16:13:14.1836426Z 2026-10-06T16:13:14.183Z pw:browser [pid=5385][out] console.error: "Error in processing browser-idle-startup for RustLogForwarder.init"
capability	Native headless capability and exact clear/readPixels	2026-10-06T16:13:14.1839584Z 2026-10-06T16:13:14.183Z pw:browser [pid=5385][out] console.error: (new TypeError("can't access property \"maxLevel\", this.minLevelCallbackList is null", "resource://gre/modules/AppServicesTracing.sys.mjs", 195))
capability	Native headless capability and exact clear/readPixels	2026-10-06T16:13:14.1886998Z 2026-10-06T16:13:14.188Z pw:browser [pid=5385][out] console.warn: "Error on uninstalling all colorways builtin themes" [Exception... "AddonManager is not initialized"  nsresult: "0xc1f30001 (NS_ERROR_NOT_INITIALIZED)"  location: "JS frame :: resource://gre/modules/AddonManager.sys.mjs :: getAddonsByTypes :: line 3038"  data: no]
capability	Native headless capability and exact clear/readPixels	2026-10-06T16:13:14.1925752Z 2026-10-06T16:13:14.192Z pw:browser [pid=5385][err] JavaScript error: resource://gre/modules/UpdateTimerManager.sys.mjs, line 418: TypeError: right-hand side of 'in' should be an object, got null
capability	Native headless capability and exact clear/readPixels	2026-10-06T16:13:14.1928922Z 2026-10-06T16:13:14.192Z pw:browser [pid=5385][out] console.error: "Error in processing browser-idle-startup for ContentRelevancyManager.init"
capability	Native headless capability and exact clear/readPixels	2026-10-06T16:13:14.1934951Z 2026-10-06T16:13:14.192Z pw:browser [pid=5385][out] console.error: [Exception... "[JavaScript Error: "right-hand side of 'in' should be an object, got null" {file: "resource://gre/modules/UpdateTimerManager.sys.mjs" line: 418}]'[JavaScript Error: "right-hand side of 'in' should be an object, got null" {file: "resource://gre/modules/UpdateTimerManager.sys.mjs" line: 418}]' when calling method: [nsIUpdateTimerManager::unregisterTimer]"  nsresult: "0x80570021 (NS_ERROR_XPC_JAVASCRIPT_ERROR_WITH_DETAILS)"  location: "JS frame :: resource://gre/modules/ContentRelevancyManager.sys.mjs :: #disable :: line 208"  data: yes]
capability	Native headless capability and exact clear/readPixels	2026-10-06T16:13:14.2244196Z 2026-10-06T16:13:14.224Z pw:browser [pid=5385] <process did exit: exitCode=0, signal=null>
capability	Native headless capability and exact clear/readPixels	2026-10-06T16:13:14.2245289Z 2026-10-06T16:13:14.224Z pw:browser [pid=5385] starting temporary directories cleanup
capability	Native headless capability and exact clear/readPixels	2026-10-06T16:13:14.2295706Z 2026-10-06T16:13:14.229Z pw:browser [pid=5385] finished temporary directories cleanup
capability	Native headless capability and exact clear/readPixels	2026-10-06T16:13:14.2296503Z 2026-10-06T16:13:14.229Z pw:browser [pid=5385] <gracefully close end>
capability	Native headless capability and exact clear/readPixels	2026-10-06T16:13:14.2307213Z {"sourceCommit":"2134b131575ac30db48691e839f627405da66b52","platform":"linux","release":"6.17.0-1022-azure","node":"v24.4.0","name":"firefox","kind":"pure capability probe; no Rust/game assertions","launchOptions":{"headless":true},"customPreferences":null,"customGPUFlags":[],"sandboxOverrides":[],"console":[{"type":"warning","text":"[JavaScript Warning: \"Failed to create WebGL context: WebGL creation failed: \n* WebglAllowWindowsNativeGl:false restricts context creation on this system. ()\n* Exhausted GL driver options. (FEATURE_FAILURE_WEBGL_EXHAUSTED_DRIVERS)\" {file: \"debugger eval code line 311 > eval\" line: 7}]"},{"type":"warning","text":"[JavaScript Warning: \"Failed to create WebGL context: WebGL creation failed: \n* AllowWebgl2:false restricts context creation on this system. ()\" {file: \"debugger eval code line 311 > eval\" line: 7}]"}],"pageErrors":[],"browserVersion":"155.0","capabilities":{"userAgent":"Mozilla/5.0 (X11; Linux x86_64; rv:155.0) Gecko/20100101 Firefox/155.0","secureContext":true,"webgl":[{"type":"webgl","creationErrors":["WebGL creation failed: \n* WebglAllowWindowsNativeGl:false restricts context creation on this system. ()\n* Exhausted GL driver options. (FEATURE_FAILURE_WEBGL_EXHAUSTED_DRIVERS)"],"available":false},{"type":"webgl2","creationErrors":["WebGL creation failed: \n* AllowWebgl2:false restricts context creation on this system. ()"],"available":false}],"webgpu":{"present":false}}}
capability	Native headless capability and exact clear/readPixels	2026-10-06T16:13:14.2314558Z 2026-10-06T16:13:14.231Z pw:browser <launching> /home/runner/.cache/ms-playwright/webkit-2359/pw_run.sh --inspector-pipe --headless --no-startup-window
capability	Native headless capability and exact clear/readPixels	2026-10-06T16:13:14.2334417Z 2026-10-06T16:13:14.233Z pw:browser <launched> pid=5547
capability	Native headless capability and exact clear/readPixels	2026-10-06T16:13:14.7341741Z 2026-10-06T16:13:14.733Z pw:browser [pid=5547][err]
capability	Native headless capability and exact clear/readPixels	2026-10-06T16:13:14.7343366Z 2026-10-06T16:13:14.733Z pw:browser [pid=5547][err] ** (MiniBrowser:5553): CRITICAL **: 16:13:14.732: WebKitWebView is-controlled-by-automation set but automation is not allowed in the context, falling back to default session.
capability	Native headless capability and exact clear/readPixels	2026-10-06T16:13:19.5481174Z 2026-10-06T16:13:19.547Z pw:browser [pid=5547] <gracefully close start>
capability	Native headless capability and exact clear/readPixels	2026-10-06T16:13:19.6794937Z 2026-10-06T16:13:19.679Z pw:browser [pid=5547] <process did exit: exitCode=0, signal=null>
capability	Native headless capability and exact clear/readPixels	2026-10-06T16:13:19.6796593Z 2026-10-06T16:13:19.679Z pw:browser [pid=5547] starting temporary directories cleanup
capability	Native headless capability and exact clear/readPixels	2026-10-06T16:13:19.6799789Z 2026-10-06T16:13:19.679Z pw:browser [pid=5547] finished temporary directories cleanup
capability	Native headless capability and exact clear/readPixels	2026-10-06T16:13:19.6801217Z 2026-10-06T16:13:19.679Z pw:browser [pid=5547] <gracefully close end>
capability	Native headless capability and exact clear/readPixels	2026-10-06T16:13:19.6825125Z {"sourceCommit":"2134b131575ac30db48691e839f627405da66b52","platform":"linux","release":"6.17.0-1022-azure","node":"v24.4.0","name":"webkit","kind":"pure capability probe; no Rust/game assertions","launchOptions":{"headless":true},"customPreferences":null,"customGPUFlags":[],"sandboxOverrides":[],"console":[],"pageErrors":[],"browserVersion":"26.6","capabilities":{"userAgent":"Mozilla/5.0 (Macintosh; Intel Mac OS X 10_15_7) AppleWebKit/605.1.15 (KHTML, like Gecko) Version/26.6 Safari/605.1.15","secureContext":true,"webgl":[{"type":"webgl","creationErrors":[],"available":true,"version":"WebGL 1.0","vendor":"WebKit","renderer":"Apple GPU","maxTextureSize":16384,"extensions":["ANGLE_instanced_arrays","EXT_blend_minmax","EXT_clip_control","EXT_color_buffer_half_float","EXT_depth_clamp","EXT_float_blend","EXT_frag_depth","EXT_polygon_offset_clamp","EXT_texture_compression_bptc","EXT_texture_compression_rgtc","EXT_texture_filter_anisotropic","EXT_texture_mirror_clamp_to_edge","EXT_sRGB","KHR_parallel_shader_compile","OES_element_index_uint","OES_fbo_render_mipmap","OES_standard_derivatives","OES_texture_float","OES_texture_float_linear","OES_texture_half_float","OES_texture_half_float_linear","OES_vertex_array_object","WEBGL_blend_func_extended","WEBGL_color_buffer_float","WEBGL_compressed_texture_astc","WEBGL_compressed_texture_etc","WEBGL_compressed_texture_etc1","WEBGL_compressed_texture_s3tc","WEBGL_compressed_texture_s3tc_srgb","WEBGL_debug_renderer_info","WEBGL_debug_shaders","WEBGL_draw_buffers","WEBGL_lose_context","WEBGL_multi_draw"],"pixel":[37,91,173,255],"glError":0,"expectedPixel":[37,91,173,255],"pixelMatches":true},{"type":"webgl2","creationErrors":[],"available":true,"version":"WebGL 2.0","vendor":"WebKit","renderer":"Apple GPU","maxTextureSize":16384,"extensions":["EXT_clip_control","EXT_color_buffer_float","EXT_color_buffer_half_float","EXT_conservative_depth","EXT_depth_clamp","EXT_float_blend","EXT_polygon_offset_clamp","EXT_render_snorm","EXT_texture_compression_bptc","EXT_texture_compression_rgtc","EXT_texture_filter_anisotropic","EXT_texture_mirror_clamp_to_edge","EXT_texture_norm16","KHR_parallel_shader_compile","NV_shader_noperspective_interpolation","OES_draw_buffers_indexed","OES_sample_variables","OES_shader_multisample_interpolation","OES_texture_float_linear","WEBGL_blend_func_extended","WEBGL_clip_cull_distance","WEBGL_compressed_texture_astc","WEBGL_compressed_texture_etc","WEBGL_compressed_texture_etc1","WEBGL_compressed_texture_s3tc","WEBGL_compressed_texture_s3tc_srgb","WEBGL_debug_renderer_info","WEBGL_debug_shaders","WEBGL_lose_context","WEBGL_multi_draw","WEBGL_stencil_texturing"],"pixel":[37,91,173,255],"glError":0,"expectedPixel":[37,91,173,255],"pixelMatches":true}],"webgpu":{"present":false}}}
capability	Same browser build under temporary Xvfb display	﻿2026-10-06T16:13:19.6995162Z ##[group]Run xvfb-run -a node tools/wp08_linux_probe.cjs --headed
capability	Same browser build under temporary Xvfb display	2026-10-06T16:13:19.6995726Z [36;1mxvfb-run -a node tools/wp08_linux_probe.cjs --headed[0m
capability	Same browser build under temporary Xvfb display	2026-10-06T16:13:19.7060418Z shell: /usr/bin/bash -e {0}
capability	Same browser build under temporary Xvfb display	2026-10-06T16:13:19.7060764Z env:
capability	Same browser build under temporary Xvfb display	2026-10-06T16:13:19.7061018Z   DEBUG: pw:browser
capability	Same browser build under temporary Xvfb display	2026-10-06T16:13:19.7061287Z ##[endgroup]
capability	Same browser build under temporary Xvfb display	2026-10-06T16:13:20.4856651Z 2026-10-06T16:13:20.483Z pw:browser <launching> /home/runner/.cache/ms-playwright/chromium-1243/chrome-linux64/chrome --disable-field-trial-config --disable-background-networking --disable-background-timer-throttling --disable-backgrounding-occluded-windows --disable-back-forward-cache --disable-breakpad --disable-client-side-phishing-detection --disable-component-extensions-with-background-pages --disable-component-update --no-default-browser-check --disable-default-apps --disable-dev-shm-usage --disable-edgeupdater --disable-extensions --disable-features=AvoidUnnecessaryBeforeUnloadCheckSync,DestroyProfileOnBrowserClose,DialMediaRouteProvider,GlobalMediaControls,HttpsUpgrades,LensOverlay,MediaRouter,PaintHolding,ThirdPartyStoragePartitioning,BlockOriginHeaderModificationOnRedirect,Translate,AutoDeElevate,OptimizationHints,msForceBrowserSignIn,msEdgeUpdateLaunchServicesPreferredVersion --enable-features=CDPScreenshotNewSurface --allow-pre-commit-input --disable-hang-monitor --disable-ipc-flooding-protection --disable-popup-blocking --disable-prompt-on-repost --disable-renderer-backgrounding --disable-updater-scheduler --force-color-profile=srgb --metrics-recording-only --no-first-run --password-store=basic --use-mock-keychain --no-service-autorun --export-tagged-pdf --disable-search-engine-choice-screen --unsafely-disable-devtools-self-xss-warnings --edge-skip-compat-layer-relaunch --disable-infobars --disable-search-engine-choice-screen --disable-sync --enable-unsafe-swiftshader --no-sandbox --user-data-dir=/tmp/playwright_chromiumdev_profile-NNKR5c --remote-debugging-pipe --no-startup-window
capability	Same browser build under temporary Xvfb display	2026-10-06T16:13:20.4898976Z 2026-10-06T16:13:20.489Z pw:browser <launched> pid=5644
capability	Same browser build under temporary Xvfb display	2026-10-06T16:13:21.0474974Z 2026-10-06T16:13:21.047Z pw:browser [pid=5644][err] [5644:5658:1006/161321.044821:ERROR:dbus/bus.cc:405] Failed to connect to the bus: Could not parse server address: Unknown address type (examples of valid types are "tcp" and on UNIX "unix")
capability	Same browser build under temporary Xvfb display	2026-10-06T16:13:21.0479424Z 2026-10-06T16:13:21.047Z pw:browser [pid=5644][err] [5644:5658:1006/161321.046172:ERROR:dbus/bus.cc:405] Failed to connect to the bus: Could not parse server address: Unknown address type (examples of valid types are "tcp" and on UNIX "unix")
capability	Same browser build under temporary Xvfb display	2026-10-06T16:13:21.0967557Z 2026-10-06T16:13:21.094Z pw:browser [pid=5644][err] [5644:5658:1006/161321.093837:ERROR:dbus/bus.cc:405] Failed to connect to the bus: Could not parse server address: Unknown address type (examples of valid types are "tcp" and on UNIX "unix")
capability	Same browser build under temporary Xvfb display	2026-10-06T16:13:21.1217109Z 2026-10-06T16:13:21.120Z pw:browser [pid=5644][err] [5644:5644:1006/161321.120491:ERROR:dbus/object_proxy.cc:572] Failed to call method: org.freedesktop.DBus.NameHasOwner: object_path= /org/freedesktop/DBus: unknown error type:
capability	Same browser build under temporary Xvfb display	2026-10-06T16:13:21.1246992Z 2026-10-06T16:13:21.123Z pw:browser [pid=5644][err] [5644:5644:1006/161321.122133:ERROR:dbus/object_proxy.cc:572] Failed to call method: org.freedesktop.DBus.NameHasOwner: object_path= /org/freedesktop/DBus: unknown error type:
capability	Same browser build under temporary Xvfb display	2026-10-06T16:13:21.1251245Z 2026-10-06T16:13:21.123Z pw:browser [pid=5644][err] [5644:5658:1006/161321.122585:ERROR:dbus/bus.cc:405] Failed to connect to the bus: Could not parse server address: Unknown address type (examples of valid types are "tcp" and on UNIX "unix")
capability	Same browser build under temporary Xvfb display	2026-10-06T16:13:21.1256064Z 2026-10-06T16:13:21.123Z pw:browser [pid=5644][err] [5644:5658:1006/161321.122600:ERROR:dbus/bus.cc:405] Failed to connect to the bus: Could not parse server address: Unknown address type (examples of valid types are "tcp" and on UNIX "unix")
capability	Same browser build under temporary Xvfb display	2026-10-06T16:13:21.1326888Z 2026-10-06T16:13:21.131Z pw:browser [pid=5644][err] [5644:5644:1006/161321.131483:ERROR:dbus/object_proxy.cc:572] Failed to call method: org.freedesktop.DBus.NameHasOwner: object_path= /org/freedesktop/DBus: unknown error type:
capability	Same browser build under temporary Xvfb display	2026-10-06T16:13:21.1353215Z 2026-10-06T16:13:21.132Z pw:browser [pid=5644][err] [5644:5658:1006/161321.131594:ERROR:dbus/bus.cc:405] Failed to connect to the bus: Could not parse server address: Unknown address type (examples of valid types are "tcp" and on UNIX "unix")
capability	Same browser build under temporary Xvfb display	2026-10-06T16:13:21.1422565Z 2026-10-06T16:13:21.141Z pw:browser [pid=5644][err] [5644:5644:1006/161321.139533:ERROR:dbus/object_proxy.cc:572] Failed to call method: org.freedesktop.DBus.NameHasOwner: object_path= /org/freedesktop/DBus: unknown error type:
capability	Same browser build under temporary Xvfb display	2026-10-06T16:13:21.1444709Z 2026-10-06T16:13:21.141Z pw:browser [pid=5644][err] [5644:5644:1006/161321.139565:ERROR:dbus/object_proxy.cc:572] Failed to call method: org.freedesktop.DBus.NameHasOwner: object_path= /org/freedesktop/DBus: unknown error type:
capability	Same browser build under temporary Xvfb display	2026-10-06T16:13:21.1449049Z 2026-10-06T16:13:21.141Z pw:browser [pid=5644][err] [5644:5658:1006/161321.140259:ERROR:dbus/bus.cc:405] Failed to connect to the bus: Could not parse server address: Unknown address type (examples of valid types are "tcp" and on UNIX "unix")
capability	Same browser build under temporary Xvfb display	2026-10-06T16:13:21.1456163Z 2026-10-06T16:13:21.143Z pw:browser [pid=5644][err] [5644:5644:1006/161321.143001:ERROR:dbus/object_proxy.cc:572] Failed to call method: org.freedesktop.DBus.NameHasOwner: object_path= /org/freedesktop/DBus: unknown error type:
capability	Same browser build under temporary Xvfb display	2026-10-06T16:13:21.1499457Z 2026-10-06T16:13:21.147Z pw:browser [pid=5644][err] [5644:5644:1006/161321.147291:ERROR:dbus/object_proxy.cc:572] Failed to call method: org.freedesktop.DBus.NameHasOwner: object_path= /org/freedesktop/DBus: unknown error type:
capability	Same browser build under temporary Xvfb display	2026-10-06T16:13:21.1505281Z 2026-10-06T16:13:21.147Z pw:browser [pid=5644][err] [5644:5658:1006/161321.147800:ERROR:dbus/bus.cc:405] Failed to connect to the bus: Could not parse server address: Unknown address type (examples of valid types are "tcp" and on UNIX "unix")
capability	Same browser build under temporary Xvfb display	2026-10-06T16:13:21.1511116Z 2026-10-06T16:13:21.148Z pw:browser [pid=5644][err] [5644:5644:1006/161321.147975:ERROR:dbus/object_proxy.cc:572] Failed to call method: org.freedesktop.DBus.Properties.GetAll: object_path= /org/freedesktop/UPower/devices/DisplayDevice: org.freedesktop.DBus.Error.ServiceUnknown: The name org.freedesktop.UPower was not provided by any .service files
capability	Same browser build under temporary Xvfb display	2026-10-06T16:13:21.1600852Z 2026-10-06T16:13:21.155Z pw:browser [pid=5644][err] [5644:5644:1006/161321.153236:ERROR:dbus/object_proxy.cc:572] Failed to call method: org.freedesktop.DBus.NameHasOwner: object_path= /org/freedesktop/DBus: unknown error type:
capability	Same browser build under temporary Xvfb display	2026-10-06T16:13:21.1619757Z 2026-10-06T16:13:21.156Z pw:browser [pid=5644][err] [5644:5658:1006/161321.153397:ERROR:dbus/bus.cc:405] Failed to connect to the bus: Could not parse server address: Unknown address type (examples of valid types are "tcp" and on UNIX "unix")
capability	Same browser build under temporary Xvfb display	2026-10-06T16:13:21.1622372Z 2026-10-06T16:13:21.156Z pw:browser [pid=5644][err] [5671:5671:1006/161321.153933:ERROR:components/viz/service/main/viz_main_impl.cc:190] Exiting GPU process due to errors during initialization
capability	Same browser build under temporary Xvfb display	2026-10-06T16:13:21.1624772Z 2026-10-06T16:13:21.156Z pw:browser [pid=5644][err] [5644:5644:1006/161321.154582:ERROR:dbus/object_proxy.cc:572] Failed to call method: org.freedesktop.DBus.NameHasOwner: object_path= /org/freedesktop/DBus: unknown error type:
capability	Same browser build under temporary Xvfb display	2026-10-06T16:13:21.1952156Z 2026-10-06T16:13:21.194Z pw:browser [pid=5644][err] [5644:5658:1006/161321.194408:ERROR:dbus/bus.cc:405] Failed to connect to the bus: Could not parse server address: Unknown address type (examples of valid types are "tcp" and on UNIX "unix")
capability	Same browser build under temporary Xvfb display	2026-10-06T16:13:21.1956408Z 2026-10-06T16:13:21.194Z pw:browser [pid=5644][err] [5644:5658:1006/161321.194427:ERROR:dbus/bus.cc:405] Failed to connect to the bus: Could not parse server address: Unknown address type (examples of valid types are "tcp" and on UNIX "unix")
capability	Same browser build under temporary Xvfb display	2026-10-06T16:13:21.3991444Z 2026-10-06T16:13:21.397Z pw:browser [pid=5644][err] [5717:5717:1006/161321.397522:ERROR:gpu/command_buffer/service/gl_utils.cc:427] [.WebGL-0x3b94001c3800]GL Driver Message (OpenGL, Performance, GL_CLOSE_PATH_NV, High): GPU stall due to ReadPixels
capability	Same browser build under temporary Xvfb display	2026-10-06T16:13:21.4082025Z 2026-10-06T16:13:21.407Z pw:browser [pid=5644][err] [5717:5717:1006/161321.407394:ERROR:gpu/command_buffer/service/gl_utils.cc:427] [.WebGL-0x3b94001c3200]GL Driver Message (OpenGL, Performance, GL_CLOSE_PATH_NV, High): GPU stall due to ReadPixels
capability	Same browser build under temporary Xvfb display	2026-10-06T16:13:21.4143449Z 2026-10-06T16:13:21.413Z pw:browser [pid=5644][err] [5717:5717:1006/161321.413648:ERROR:gpu/command_buffer/service/gl_utils.cc:427] [.WebGL-0x3b94001c3800]GL Driver Message (OpenGL, Performance, GL_CLOSE_PATH_NV, High): GPU stall due to ReadPixels
capability	Same browser build under temporary Xvfb display	2026-10-06T16:13:21.4175167Z 2026-10-06T16:13:21.414Z pw:browser [pid=5644][err] [5717:5717:1006/161321.414719:ERROR:gpu/command_buffer/service/gl_utils.cc:427] [.WebGL-0x3b94001c3200]GL Driver Message (OpenGL, Performance, GL_CLOSE_PATH_NV, High): GPU stall due to ReadPixels (this message will no longer repeat)
capability	Same browser build under temporary Xvfb display	2026-10-06T16:13:21.4321648Z 2026-10-06T16:13:21.431Z pw:browser [pid=5644][err] [5644:5658:1006/161321.431183:ERROR:dbus/bus.cc:405] Failed to connect to the bus: Could not parse server address: Unknown address type (examples of valid types are "tcp" and on UNIX "unix")
capability	Same browser build under temporary Xvfb display	2026-10-06T16:13:21.4325179Z 2026-10-06T16:13:21.431Z pw:browser [pid=5644][err] [5644:5644:1006/161321.431324:ERROR:dbus/object_proxy.cc:572] Failed to call method: org.freedesktop.DBus.NameHasOwner: object_path= /org/freedesktop/DBus: unknown error type:
capability	Same browser build under temporary Xvfb display	2026-10-06T16:13:21.4328103Z 2026-10-06T16:13:21.431Z pw:browser [pid=5644][err] [5644:5658:1006/161321.431637:ERROR:dbus/bus.cc:405] Failed to connect to the bus: Could not parse server address: Unknown address type (examples of valid types are "tcp" and on UNIX "unix")
capability	Same browser build under temporary Xvfb display	2026-10-06T16:13:21.4330218Z 2026-10-06T16:13:21.431Z pw:browser [pid=5644][err] [5644:5644:1006/161321.431806:ERROR:dbus/object_proxy.cc:572] Failed to call method: org.freedesktop.DBus.NameHasOwner: object_path= /org/freedesktop/DBus: unknown error type:
capability	Same browser build under temporary Xvfb display	2026-10-06T16:13:21.4790652Z 2026-10-06T16:13:21.478Z pw:browser [pid=5644] <gracefully close start>
capability	Same browser build under temporary Xvfb display	2026-10-06T16:13:21.5890369Z 2026-10-06T16:13:21.588Z pw:browser [pid=5644] <process did exit: exitCode=0, signal=null>
capability	Same browser build under temporary Xvfb display	2026-10-06T16:13:21.5893692Z 2026-10-06T16:13:21.589Z pw:browser [pid=5644] starting temporary directories cleanup
capability	Same browser build under temporary Xvfb display	2026-10-06T16:13:21.6010649Z 2026-10-06T16:13:21.600Z pw:browser [pid=5644] finished temporary directories cleanup
capability	Same browser build under temporary Xvfb display	2026-10-06T16:13:21.6011999Z 2026-10-06T16:13:21.600Z pw:browser [pid=5644] <gracefully close end>
capability	Same browser build under temporary Xvfb display	2026-10-06T16:13:21.6038213Z {"sourceCommit":"2134b131575ac30db48691e839f627405da66b52","platform":"linux","release":"6.17.0-1022-azure","node":"v24.4.0","name":"chromium","kind":"pure capability probe; no Rust/game assertions","launchOptions":{"headless":false},"customPreferences":null,"customGPUFlags":[],"sandboxOverrides":[],"console":[{"type":"warning","text":"[.WebGL-0x3b94001c3800]GL Driver Message (OpenGL, Performance, GL_CLOSE_PATH_NV, High): GPU stall due to ReadPixels"},{"type":"warning","text":"[.WebGL-0x3b94001c3200]GL Driver Message (OpenGL, Performance, GL_CLOSE_PATH_NV, High): GPU stall due to ReadPixels"},{"type":"warning","text":"[.WebGL-0x3b94001c3800]GL Driver Message (OpenGL, Performance, GL_CLOSE_PATH_NV, High): GPU stall due to ReadPixels"},{"type":"warning","text":"[.WebGL-0x3b94001c3200]GL Driver Message (OpenGL, Performance, GL_CLOSE_PATH_NV, High): GPU stall due to ReadPixels (this message will no longer repeat)"},{"type":"warning","text":"No available adapters."}],"pageErrors":[],"browserVersion":"153.0.8010.12","capabilities":{"userAgent":"Mozilla/5.0 (X11; Linux x86_64) AppleWebKit/537.36 (KHTML, like Gecko) Chrome/153.0.0.0 Safari/537.36","secureContext":true,"webgl":[{"type":"webgl","creationErrors":[],"available":true,"version":"WebGL 1.0 (OpenGL ES 2.0 Chromium)","vendor":"WebKit","renderer":"ANGLE (Google, Vulkan 1.3.0 (SwiftShader Device (Subzero) (0x0000C0DE)), SwiftShader driver)","maxTextureSize":8192,"extensions":["ANGLE_instanced_arrays","EXT_blend_minmax","EXT_clip_control","EXT_color_buffer_half_float","EXT_depth_clamp","EXT_float_blend","EXT_frag_depth","EXT_polygon_offset_clamp","EXT_shader_texture_lod","EXT_texture_compression_bptc","EXT_texture_compression_rgtc","EXT_texture_filter_anisotropic","EXT_texture_mirror_clamp_to_edge","EXT_sRGB","OES_element_index_uint","OES_fbo_render_mipmap","OES_standard_derivatives","OES_texture_float","OES_texture_float_linear","OES_texture_half_float","OES_texture_half_float_linear","OES_vertex_array_object","WEBGL_color_buffer_float","WEBGL_compressed_texture_astc","WEBGL_compressed_texture_etc","WEBGL_compressed_texture_etc1","WEBGL_compressed_texture_s3tc","WEBGL_compressed_texture_s3tc_srgb","WEBGL_debug_renderer_info","WEBGL_debug_shaders","WEBGL_depth_texture","WEBGL_draw_buffers","WEBGL_lose_context","WEBGL_multi_draw","WEBGL_polygon_mode"],"pixel":[37,91,173,255],"glError":0,"expectedPixel":[37,91,173,255],"pixelMatches":true},{"type":"webgl2","creationErrors":[],"available":true,"version":"WebGL 2.0 (OpenGL ES 3.0 Chromium)","vendor":"WebKit","renderer":"ANGLE (Google, Vulkan 1.3.0 (SwiftShader Device (Subzero) (0x0000C0DE)), SwiftShader driver)","maxTextureSize":8192,"extensions":["EXT_clip_control","EXT_color_buffer_float","EXT_color_buffer_half_float","EXT_conservative_depth","EXT_depth_clamp","EXT_float_blend","EXT_polygon_offset_clamp","EXT_texture_compression_bptc","EXT_texture_compression_rgtc","EXT_texture_filter_anisotropic","EXT_texture_mirror_clamp_to_edge","NV_shader_noperspective_interpolation","OES_draw_buffers_indexed","OES_sample_variables","OES_shader_multisample_interpolation","OES_texture_float_linear","OVR_multiview2","WEBGL_clip_cull_distance","WEBGL_compressed_texture_astc","WEBGL_compressed_texture_etc","WEBGL_compressed_texture_etc1","WEBGL_compressed_texture_s3tc","WEBGL_compressed_texture_s3tc_srgb","WEBGL_debug_renderer_info","WEBGL_debug_shaders","WEBGL_lose_context","WEBGL_multi_draw","WEBGL_polygon_mode","WEBGL_stencil_texturing"],"pixel":[37,91,173,255],"glError":0,"expectedPixel":[37,91,173,255],"pixelMatches":true}],"webgpu":{"present":true,"adapterAvailable":false}}}
capability	Same browser build under temporary Xvfb display	2026-10-06T16:13:21.6055386Z 2026-10-06T16:13:21.604Z pw:browser <launching> /home/runner/.cache/ms-playwright/firefox-1543/firefox/firefox -no-remote -wait-for-browser -foreground -profile /tmp/playwright_firefoxdev_profile-OAVegO -juggler-pipe -silent
capability	Same browser build under temporary Xvfb display	2026-10-06T16:13:21.6089042Z 2026-10-06T16:13:21.608Z pw:browser <launched> pid=5774
capability	Same browser build under temporary Xvfb display	2026-10-06T16:13:21.6129484Z 2026-10-06T16:13:21.611Z pw:browser [pid=5774][err] [5776] Sandbox: CanCreateUserNamespace() unshare(CLONE_NEWPID): EPERM
capability	Same browser build under temporary Xvfb display	2026-10-06T16:13:22.0528707Z 2026-10-06T16:13:22.052Z pw:browser [pid=5774][err] JavaScript warning: resource://services-settings/Utils.sys.mjs, line 125: unreachable code after return statement
capability	Same browser build under temporary Xvfb display	2026-10-06T16:13:22.2579249Z 2026-10-06T16:13:22.257Z pw:browser [pid=5774][out]
capability	Same browser build under temporary Xvfb display	2026-10-06T16:13:22.2580766Z 2026-10-06T16:13:22.257Z pw:browser [pid=5774][out] Juggler listening to the pipe
capability	Same browser build under temporary Xvfb display	2026-10-06T16:13:22.3316896Z 2026-10-06T16:13:22.331Z pw:browser [pid=5774][out] console.error: "Warning: unrecognized command line flag" "-foreground"
capability	Same browser build under temporary Xvfb display	2026-10-06T16:13:23.5620708Z 2026-10-06T16:13:23.561Z pw:browser [pid=5774][out] console.error: (new TypeError("can't access property \"find\", this._searchProviderInfo is null", "moz-src:///browser/components/search/SearchSERPTelemetry.sys.mjs", 1222))
capability	Same browser build under temporary Xvfb display	2026-10-06T16:13:23.8374415Z 2026-10-06T16:13:23.837Z pw:browser [pid=5774][err] libEGL warning: DRI3 error: Could not get DRI3 device
capability	Same browser build under temporary Xvfb display	2026-10-06T16:13:23.8376792Z 2026-10-06T16:13:23.837Z pw:browser [pid=5774][err] libEGL warning: Ensure your X server supports DRI3 to get accelerated rendering
capability	Same browser build under temporary Xvfb display	2026-10-06T16:13:23.8480307Z 2026-10-06T16:13:23.847Z pw:browser [pid=5774][out] console.warn: services.settings: #fetchAttachment: Forcing fallbackToDump to false due to Utils.LOAD_DUMPS being false
capability	Same browser build under temporary Xvfb display	2026-10-06T16:13:23.8491049Z 2026-10-06T16:13:23.848Z pw:browser [pid=5774][out] console.error: (new NotFoundError("Could not find fa0fc42c-d91d-fca7-34eb-806ff46062dc in cache or dump", "resource://services-settings/Attachments.sys.mjs", 48))
capability	Same browser build under temporary Xvfb display	2026-10-06T16:13:23.8493676Z 2026-10-06T16:13:23.848Z pw:browser [pid=5774][out] console.warn: "Unable to find the attachment for" "fa0fc42c-d91d-fca7-34eb-806ff46062dc"
capability	Same browser build under temporary Xvfb display	2026-10-06T16:13:23.8666526Z 2026-10-06T16:13:23.866Z pw:browser [pid=5774][err] JavaScript warning: debugger eval code line 311 > eval, line 8: WEBGL_debug_renderer_info is deprecated in Firefox and will be removed. Please use RENDERER.
capability	Same browser build under temporary Xvfb display	2026-10-06T16:13:23.9412999Z 2026-10-06T16:13:23.940Z pw:browser [pid=5774][err] JavaScript warning: debugger eval code line 311 > eval, line 8: WEBGL_debug_renderer_info is deprecated in Firefox and will be removed. Please use RENDERER.
capability	Same browser build under temporary Xvfb display	2026-10-06T16:13:24.0130823Z 2026-10-06T16:13:24.012Z pw:browser [pid=5774][err] JavaScript error: , line 0: SyntaxError: JSON.parse: unexpected end of data at line 1 column 1 of the JSON data
capability	Same browser build under temporary Xvfb display	2026-10-06T16:13:24.0171565Z 2026-10-06T16:13:24.016Z pw:browser [pid=5774][out] console.error: services.settings:
capability	Same browser build under temporary Xvfb display	2026-10-06T16:13:24.0173940Z 2026-10-06T16:13:24.017Z pw:browser [pid=5774][out]   Message: EmptyDatabaseError: "main/nimbus-desktop-experiments" has not been synced yet
capability	Same browser build under temporary Xvfb display	2026-10-06T16:13:24.0175752Z 2026-10-06T16:13:24.017Z pw:browser [pid=5774][out]   Stack:
capability	Same browser build under temporary Xvfb display	2026-10-06T16:13:24.0177364Z 2026-10-06T16:13:24.017Z pw:browser [pid=5774][out]     EmptyDatabaseError@resource://services-settings/Database.sys.mjs:19:5
capability	Same browser build under temporary Xvfb display	2026-10-06T16:13:24.0179292Z 2026-10-06T16:13:24.017Z pw:browser [pid=5774][out] list@resource://services-settings/Database.sys.mjs:96:13
capability	Same browser build under temporary Xvfb display	2026-10-06T16:13:24.0180407Z 2026-10-06T16:13:24.017Z pw:browser [pid=5774][out]
capability	Same browser build under temporary Xvfb display	2026-10-06T16:13:24.1412132Z 2026-10-06T16:13:24.140Z pw:browser [pid=5774][out] console.error: [Exception... "Component returned failure code: 0x80040111 (NS_ERROR_NOT_AVAILABLE) [nsIContentSniffer.getMIMETypeFromContent]"  nsresult: "0x80040111 (NS_ERROR_NOT_AVAILABLE)"  location: "JS frame :: resource:///modules/FaviconLoader.sys.mjs :: onStopRequest :: line 353"  data: no]
capability	Same browser build under temporary Xvfb display	2026-10-06T16:13:24.2848570Z 2026-10-06T16:13:24.284Z pw:browser [pid=5774] <gracefully close start>
capability	Same browser build under temporary Xvfb display	2026-10-06T16:13:24.4833282Z 2026-10-06T16:13:24.482Z pw:browser [pid=5774][err] JavaScript error: chrome://juggler/content/Helper.js, line 82: NS_ERROR_FAILURE: Component returned failure code: 0x80004005 (NS_ERROR_FAILURE) [nsIWebProgress.removeProgressListener]
capability	Same browser build under temporary Xvfb display	2026-10-06T16:13:24.8583004Z 2026-10-06T16:13:24.858Z pw:browser [pid=5774] <process did exit: exitCode=0, signal=null>
capability	Same browser build under temporary Xvfb display	2026-10-06T16:13:24.8584492Z 2026-10-06T16:13:24.858Z pw:browser [pid=5774] starting temporary directories cleanup
capability	Same browser build under temporary Xvfb display	2026-10-06T16:13:24.8663505Z 2026-10-06T16:13:24.866Z pw:browser [pid=5774] finished temporary directories cleanup
capability	Same browser build under temporary Xvfb display	2026-10-06T16:13:24.8664660Z 2026-10-06T16:13:24.866Z pw:browser [pid=5774] <gracefully close end>
capability	Same browser build under temporary Xvfb display	2026-10-06T16:13:24.8682249Z {"sourceCommit":"2134b131575ac30db48691e839f627405da66b52","platform":"linux","release":"6.17.0-1022-azure","node":"v24.4.0","name":"firefox","kind":"pure capability probe; no Rust/game assertions","launchOptions":{"headless":false},"customPreferences":null,"customGPUFlags":[],"sandboxOverrides":[],"console":[{"type":"warning","text":"[JavaScript Warning: \"WEBGL_debug_renderer_info is deprecated in Firefox and will be removed. Please use RENDERER.\" {file: \"debugger eval code line 311 > eval\" line: 8}]"},{"type":"warning","text":"[JavaScript Warning: \"WEBGL_debug_renderer_info is deprecated in Firefox and will be removed. Please use RENDERER.\" {file: \"debugger eval code line 311 > eval\" line: 8}]"}],"pageErrors":[],"browserVersion":"155.0","capabilities":{"userAgent":"Mozilla/5.0 (X11; Linux x86_64; rv:155.0) Gecko/20100101 Firefox/155.0","secureContext":true,"webgl":[{"type":"webgl","creationErrors":[],"available":true,"version":"WebGL 1.0","vendor":"Mozilla","renderer":"llvmpipe, or similar","maxTextureSize":16384,"extensions":["ANGLE_instanced_arrays","EXT_blend_minmax","EXT_color_buffer_half_float","EXT_depth_clamp","EXT_float_blend","EXT_frag_depth","EXT_shader_texture_lod","EXT_sRGB","EXT_texture_compression_bptc","EXT_texture_compression_rgtc","EXT_texture_filter_anisotropic","OES_element_index_uint","OES_fbo_render_mipmap","OES_standard_derivatives","OES_texture_float","OES_texture_float_linear","OES_texture_half_float","OES_texture_half_float_linear","OES_vertex_array_object","WEBGL_color_buffer_float","WEBGL_compressed_texture_astc","WEBGL_compressed_texture_etc","WEBGL_compressed_texture_s3tc","WEBGL_compressed_texture_s3tc_srgb","WEBGL_debug_renderer_info","WEBGL_debug_shaders","WEBGL_depth_texture","WEBGL_draw_buffers","WEBGL_lose_context"],"pixel":[37,91,173,255],"glError":0,"expectedPixel":[37,91,173,255],"pixelMatches":true},{"type":"webgl2","creationErrors":[],"available":true,"version":"WebGL 2.0","vendor":"Mozilla","renderer":"llvmpipe, or similar","maxTextureSize":16384,"extensions":["EXT_color_buffer_float","EXT_depth_clamp","EXT_float_blend","EXT_texture_compression_bptc","EXT_texture_compression_rgtc","EXT_texture_filter_anisotropic","OES_draw_buffers_indexed","OES_texture_float_linear","OVR_multiview2","WEBGL_compressed_texture_astc","WEBGL_compressed_texture_etc","WEBGL_compressed_texture_s3tc","WEBGL_compressed_texture_s3tc_srgb","WEBGL_debug_renderer_info","WEBGL_debug_shaders","WEBGL_lose_context"],"pixel":[37,91,173,255],"glError":0,"expectedPixel":[37,91,173,255],"pixelMatches":true}],"webgpu":{"present":false}}}
capability	Same browser build under temporary Xvfb display	2026-10-06T16:13:24.8694284Z 2026-10-06T16:13:24.868Z pw:browser <launching> /home/runner/.cache/ms-playwright/webkit-2359/pw_run.sh --inspector-pipe --no-startup-window
capability	Same browser build under temporary Xvfb display	2026-10-06T16:13:24.8716480Z 2026-10-06T16:13:24.871Z pw:browser <launched> pid=5978
capability	Same browser build under temporary Xvfb display	2026-10-06T16:13:24.9689068Z 2026-10-06T16:13:24.968Z pw:browser [pid=5978][err] libEGL warning: DRI3 error: Could not get DRI3 device
capability	Same browser build under temporary Xvfb display	2026-10-06T16:13:24.9690894Z 2026-10-06T16:13:24.968Z pw:browser [pid=5978][err] libEGL warning: Ensure your X server supports DRI3 to get accelerated rendering
capability	Same browser build under temporary Xvfb display	2026-10-06T16:13:25.0279705Z 2026-10-06T16:13:25.027Z pw:browser [pid=5978][err]
capability	Same browser build under temporary Xvfb display	2026-10-06T16:13:25.0291433Z 2026-10-06T16:13:25.027Z pw:browser [pid=5978][err] (MiniBrowser:5984): Gtk-WARNING **: 16:13:25.027: Unable to acquire the address of the accessibility bus: GDBus.Error:org.freedesktop.DBus.Error.ServiceUnknown: The name org.a11y.Bus was not provided by any .service files. If you are attempting to run GTK without a11y support, GTK_A11Y should be set to 'none'.
capability	Same browser build under temporary Xvfb display	2026-10-06T16:13:25.0295499Z 2026-10-06T16:13:25.029Z pw:browser [pid=5978][err]
capability	Same browser build under temporary Xvfb display	2026-10-06T16:13:25.0298303Z 2026-10-06T16:13:25.029Z pw:browser [pid=5978][err] ** (MiniBrowser:5984): CRITICAL **: 16:13:25.029: WebKitWebView is-controlled-by-automation set but automation is not allowed in the context, falling back to default session.
capability	Same browser build under temporary Xvfb display	2026-10-06T16:13:27.3159941Z 2026-10-06T16:13:27.315Z pw:browser [pid=5978] <gracefully close start>
capability	Same browser build under temporary Xvfb display	2026-10-06T16:13:27.3663605Z 2026-10-06T16:13:27.366Z pw:browser [pid=5978] <process did exit: exitCode=0, signal=null>
capability	Same browser build under temporary Xvfb display	2026-10-06T16:13:27.3668412Z 2026-10-06T16:13:27.366Z pw:browser [pid=5978] starting temporary directories cleanup
capability	Same browser build under temporary Xvfb display	2026-10-06T16:13:27.3669574Z 2026-10-06T16:13:27.366Z pw:browser [pid=5978] finished temporary directories cleanup
capability	Same browser build under temporary Xvfb display	2026-10-06T16:13:27.3670420Z 2026-10-06T16:13:27.366Z pw:browser [pid=5978] <gracefully close end>
capability	Same browser build under temporary Xvfb display	2026-10-06T16:13:27.3685253Z {"sourceCommit":"2134b131575ac30db48691e839f627405da66b52","platform":"linux","release":"6.17.0-1022-azure","node":"v24.4.0","name":"webkit","kind":"pure capability probe; no Rust/game assertions","launchOptions":{"headless":false},"customPreferences":null,"customGPUFlags":[],"sandboxOverrides":[],"console":[],"pageErrors":[],"browserVersion":"26.6","capabilities":{"userAgent":"Mozilla/5.0 (Macintosh; Intel Mac OS X 10_15_7) AppleWebKit/605.1.15 (KHTML, like Gecko) Version/26.6 Safari/605.1.15","secureContext":true,"webgl":[{"type":"webgl","creationErrors":[],"available":true,"version":"WebGL 1.0","vendor":"WebKit","renderer":"Apple GPU","maxTextureSize":16384,"extensions":["ANGLE_instanced_arrays","EXT_blend_minmax","EXT_clip_control","EXT_color_buffer_half_float","EXT_depth_clamp","EXT_float_blend","EXT_frag_depth","EXT_polygon_offset_clamp","EXT_texture_compression_bptc","EXT_texture_compression_rgtc","EXT_texture_filter_anisotropic","EXT_texture_mirror_clamp_to_edge","EXT_sRGB","KHR_parallel_shader_compile","OES_element_index_uint","OES_fbo_render_mipmap","OES_standard_derivatives","OES_texture_float","OES_texture_float_linear","OES_texture_half_float","OES_texture_half_float_linear","OES_vertex_array_object","WEBGL_blend_func_extended","WEBGL_color_buffer_float","WEBGL_compressed_texture_astc","WEBGL_compressed_texture_etc","WEBGL_compressed_texture_etc1","WEBGL_compressed_texture_s3tc","WEBGL_compressed_texture_s3tc_srgb","WEBGL_debug_renderer_info","WEBGL_debug_shaders","WEBGL_draw_buffers","WEBGL_lose_context","WEBGL_multi_draw"],"pixel":[37,91,173,255],"glError":0,"expectedPixel":[37,91,173,255],"pixelMatches":true},{"type":"webgl2","creationErrors":[],"available":true,"version":"WebGL 2.0","vendor":"WebKit","renderer":"Apple GPU","maxTextureSize":16384,"extensions":["EXT_clip_control","EXT_color_buffer_float","EXT_color_buffer_half_float","EXT_conservative_depth","EXT_depth_clamp","EXT_float_blend","EXT_polygon_offset_clamp","EXT_render_snorm","EXT_texture_compression_bptc","EXT_texture_compression_rgtc","EXT_texture_filter_anisotropic","EXT_texture_mirror_clamp_to_edge","EXT_texture_norm16","KHR_parallel_shader_compile","NV_shader_noperspective_interpolation","OES_draw_buffers_indexed","OES_sample_variables","OES_shader_multisample_interpolation","OES_texture_float_linear","WEBGL_blend_func_extended","WEBGL_clip_cull_distance","WEBGL_compressed_texture_astc","WEBGL_compressed_texture_etc","WEBGL_compressed_texture_etc1","WEBGL_compressed_texture_s3tc","WEBGL_compressed_texture_s3tc_srgb","WEBGL_debug_renderer_info","WEBGL_debug_shaders","WEBGL_lose_context","WEBGL_multi_draw","WEBGL_stencil_texturing"],"pixel":[37,91,173,255],"glError":0,"expectedPixel":[37,91,173,255],"pixelMatches":true}],"webgpu":{"present":false}}}
capability	Preserve raw capability evidence (no game validation claim)	﻿2026-10-06T16:13:27.3944777Z ##[group]Run actions/upload-artifact@043fb46d1a93c77aae656e7c1c64a875d1fc6a0a
capability	Preserve raw capability evidence (no game validation claim)	2026-10-06T16:13:27.3945235Z with:
capability	Preserve raw capability evidence (no game validation claim)	2026-10-06T16:13:27.3945459Z   name: wp08-linux-capability-probe
capability	Preserve raw capability evidence (no game validation claim)	2026-10-06T16:13:27.3945742Z   path: target/wp08/linux-probe/
capability	Preserve raw capability evidence (no game validation claim)	2026-10-06T16:13:27.3946001Z   if-no-files-found: error
capability	Preserve raw capability evidence (no game validation claim)	2026-10-06T16:13:27.3946237Z   compression-level: 6
capability	Preserve raw capability evidence (no game validation claim)	2026-10-06T16:13:27.3946461Z   overwrite: false
capability	Preserve raw capability evidence (no game validation claim)	2026-10-06T16:13:27.3946702Z   include-hidden-files: false
capability	Preserve raw capability evidence (no game validation claim)	2026-10-06T16:13:27.3946935Z   archive: true
capability	Preserve raw capability evidence (no game validation claim)	2026-10-06T16:13:27.3947152Z ##[endgroup]
capability	Preserve raw capability evidence (no game validation claim)	2026-10-06T16:13:27.5518789Z With the provided path, there will be 12 files uploaded
capability	Preserve raw capability evidence (no game validation claim)	2026-10-06T16:13:27.5524127Z Artifact name is valid!
capability	Preserve raw capability evidence (no game validation claim)	2026-10-06T16:13:27.5524908Z Root directory input is valid!
capability	Preserve raw capability evidence (no game validation claim)	2026-10-06T16:13:27.9311970Z Uploading artifact: wp08-linux-capability-probe.zip
capability	Preserve raw capability evidence (no game validation claim)	2026-10-06T16:13:27.9359607Z Beginning upload of artifact content to blob storage
capability	Preserve raw capability evidence (no game validation claim)	2026-10-06T16:13:28.2728775Z Uploaded bytes 9400
capability	Preserve raw capability evidence (no game validation claim)	2026-10-06T16:13:28.3510784Z Finished uploading artifact content to blob storage!
capability	Preserve raw capability evidence (no game validation claim)	2026-10-06T16:13:28.3512790Z SHA256 digest of uploaded artifact is 3816dc0db972596914542727dbe7c78daa388a05cc4c006cee18d5e072487a77
capability	Preserve raw capability evidence (no game validation claim)	2026-10-06T16:13:28.3514191Z Finalizing artifact upload
capability	Preserve raw capability evidence (no game validation claim)	2026-10-06T16:13:28.7756810Z Artifact wp08-linux-capability-probe successfully finalized. Artifact ID 11426408161
capability	Preserve raw capability evidence (no game validation claim)	2026-10-06T16:13:28.7760061Z Artifact wp08-linux-capability-probe has been successfully uploaded! Final size is 9400 bytes. Artifact ID is 11426408161
capability	Preserve raw capability evidence (no game validation claim)	2026-10-06T16:13:28.7762085Z Artifact download URL: https://github.com/peppone-choi/OpenHOI4/actions/runs/37493784925/artifacts/11426408161
capability	Post Run actions/setup-node@v7.0.0	﻿2026-10-06T16:13:28.7929049Z Post job cleanup.
capability	Post Run actions/checkout@v7.0.1	﻿2026-10-06T16:13:28.9238545Z Post job cleanup.
capability	Post Run actions/checkout@v7.0.1	2026-10-06T16:13:29.0173038Z [command]/usr/bin/git version
capability	Post Run actions/checkout@v7.0.1	2026-10-06T16:13:29.0231606Z git version 2.55.0
capability	Post Run actions/checkout@v7.0.1	2026-10-06T16:13:29.0299913Z Temporarily overriding HOME='/home/runner/work/_temp/a2342b9d-376c-49d2-94d7-7fe968e44baf' before making global git config changes
capability	Post Run actions/checkout@v7.0.1	2026-10-06T16:13:29.0301486Z Adding repository directory to the temporary git global config as a safe directory
capability	Post Run actions/checkout@v7.0.1	2026-10-06T16:13:29.0307895Z [command]/usr/bin/git config --global --add safe.directory /home/runner/work/OpenHOI4/OpenHOI4
capability	Post Run actions/checkout@v7.0.1	2026-10-06T16:13:29.0357239Z Removing SSH command configuration
capability	Post Run actions/checkout@v7.0.1	2026-10-06T16:13:29.0362342Z [command]/usr/bin/git config --local --name-only --get-regexp core\.sshCommand
capability	Post Run actions/checkout@v7.0.1	2026-10-06T16:13:29.0413459Z [command]/usr/bin/git submodule foreach --recursive sh -c "git config --local --name-only --get-regexp 'core\.sshCommand' && git config --local --unset-all 'core.sshCommand' || :"
capability	Post Run actions/checkout@v7.0.1	2026-10-06T16:13:29.0689595Z Removing HTTP extra header
capability	Post Run actions/checkout@v7.0.1	2026-10-06T16:13:29.0695572Z [command]/usr/bin/git config --local --name-only --get-regexp http\.https\:\/\/github\.com\/\.extraheader
capability	Post Run actions/checkout@v7.0.1	2026-10-06T16:13:29.0741288Z [command]/usr/bin/git submodule foreach --recursive sh -c "git config --local --name-only --get-regexp 'http\.https\:\/\/github\.com\/\.extraheader' && git config --local --unset-all 'http.https://github.com/.extraheader' || :"
capability	Post Run actions/checkout@v7.0.1	2026-10-06T16:13:29.1010870Z Removing includeIf entries pointing to credentials config files
capability	Post Run actions/checkout@v7.0.1	2026-10-06T16:13:29.1023343Z [command]/usr/bin/git config --local --name-only --get-regexp ^includeIf\.gitdir:
capability	Post Run actions/checkout@v7.0.1	2026-10-06T16:13:29.1065128Z includeif.gitdir:/home/runner/work/OpenHOI4/OpenHOI4/.git.path
capability	Post Run actions/checkout@v7.0.1	2026-10-06T16:13:29.1066538Z includeif.gitdir:/home/runner/work/OpenHOI4/OpenHOI4/.git/worktrees/*.path
capability	Post Run actions/checkout@v7.0.1	2026-10-06T16:13:29.1068122Z includeif.gitdir:/github/workspace/.git.path
capability	Post Run actions/checkout@v7.0.1	2026-10-06T16:13:29.1069308Z includeif.gitdir:/github/workspace/.git/worktrees/*.path
capability	Post Run actions/checkout@v7.0.1	2026-10-06T16:13:29.1076829Z [command]/usr/bin/git config --local --get-all includeif.gitdir:/home/runner/work/OpenHOI4/OpenHOI4/.git.path
capability	Post Run actions/checkout@v7.0.1	2026-10-06T16:13:29.1106189Z /home/runner/work/_temp/git-credentials-8d083591-c8c9-496b-954d-7ca3731aa0d9.config
capability	Post Run actions/checkout@v7.0.1	2026-10-06T16:13:29.1119652Z [command]/usr/bin/git config --local --unset includeif.gitdir:/home/runner/work/OpenHOI4/OpenHOI4/.git.path \/home\/runner\/work\/_temp\/git\-credentials\-8d083591\-c8c9\-496b\-954d\-7ca3731aa0d9\.config
capability	Post Run actions/checkout@v7.0.1	2026-10-06T16:13:29.1160819Z [command]/usr/bin/git config --local --get-all includeif.gitdir:/home/runner/work/OpenHOI4/OpenHOI4/.git/worktrees/*.path
capability	Post Run actions/checkout@v7.0.1	2026-10-06T16:13:29.1186845Z /home/runner/work/_temp/git-credentials-8d083591-c8c9-496b-954d-7ca3731aa0d9.config
capability	Post Run actions/checkout@v7.0.1	2026-10-06T16:13:29.1197567Z [command]/usr/bin/git config --local --unset includeif.gitdir:/home/runner/work/OpenHOI4/OpenHOI4/.git/worktrees/*.path \/home\/runner\/work\/_temp\/git\-credentials\-8d083591\-c8c9\-496b\-954d\-7ca3731aa0d9\.config
capability	Post Run actions/checkout@v7.0.1	2026-10-06T16:13:29.1243692Z [command]/usr/bin/git config --local --get-all includeif.gitdir:/github/workspace/.git.path
capability	Post Run actions/checkout@v7.0.1	2026-10-06T16:13:29.1269077Z /github/runner_temp/git-credentials-8d083591-c8c9-496b-954d-7ca3731aa0d9.config
capability	Post Run actions/checkout@v7.0.1	2026-10-06T16:13:29.1281559Z [command]/usr/bin/git config --local --unset includeif.gitdir:/github/workspace/.git.path \/github\/runner_temp\/git\-credentials\-8d083591\-c8c9\-496b\-954d\-7ca3731aa0d9\.config
capability	Post Run actions/checkout@v7.0.1	2026-10-06T16:13:29.1317128Z [command]/usr/bin/git config --local --get-all includeif.gitdir:/github/workspace/.git/worktrees/*.path
capability	Post Run actions/checkout@v7.0.1	2026-10-06T16:13:29.1341757Z /github/runner_temp/git-credentials-8d083591-c8c9-496b-954d-7ca3731aa0d9.config
capability	Post Run actions/checkout@v7.0.1	2026-10-06T16:13:29.1351206Z [command]/usr/bin/git config --local --unset includeif.gitdir:/github/workspace/.git/worktrees/*.path \/github\/runner_temp\/git\-credentials\-8d083591\-c8c9\-496b\-954d\-7ca3731aa0d9\.config
capability	Post Run actions/checkout@v7.0.1	2026-10-06T16:13:29.1389081Z [command]/usr/bin/git submodule foreach --recursive git config --local --show-origin --name-only --get-regexp remote.origin.url
capability	Post Run actions/checkout@v7.0.1	2026-10-06T16:13:29.1636305Z Removing credentials config '/home/runner/work/_temp/git-credentials-8d083591-c8c9-496b-954d-7ca3731aa0d9.config'
capability	Complete job	﻿2026-10-06T16:13:29.1810434Z Cleaning up orphan processes
