docs	Set up job	﻿2026-10-06T10:05:46.5085000Z Current runner version: '2.337.0'
docs	Set up job	2026-10-06T10:05:46.5100232Z ##[group]Runner Image Provisioner
docs	Set up job	2026-10-06T10:05:46.5100734Z Hosted Compute Agent
docs	Set up job	2026-10-06T10:05:46.5101144Z Version: 20260901.588
docs	Set up job	2026-10-06T10:05:46.5101512Z Commit: f88ec8081b781fac6c440065ac7ff9e710ce3d0b
docs	Set up job	2026-10-06T10:05:46.5101954Z Build Date: 2026-09-01T19:56:44Z
docs	Set up job	2026-10-06T10:05:46.5102368Z Worker ID: {668d16c0-05ae-49d0-9df7-6fa34a60e78d}
docs	Set up job	2026-10-06T10:05:46.5102771Z Azure Region: centralus
docs	Set up job	2026-10-06T10:05:46.5103422Z ##[endgroup]
docs	Set up job	2026-10-06T10:05:46.5104249Z ##[group]Operating System
docs	Set up job	2026-10-06T10:05:46.5104659Z Ubuntu
docs	Set up job	2026-10-06T10:05:46.5104988Z 24.04.5
docs	Set up job	2026-10-06T10:05:46.5105294Z LTS
docs	Set up job	2026-10-06T10:05:46.5105604Z ##[endgroup]
docs	Set up job	2026-10-06T10:05:46.5105955Z ##[group]Runner Image
docs	Set up job	2026-10-06T10:05:46.5106322Z Image: ubuntu-24.04
docs	Set up job	2026-10-06T10:05:46.5106696Z Version: 20260927.320.1
docs	Set up job	2026-10-06T10:05:46.5107343Z Included Software: https://github.com/actions/runner-images/blob/ubuntu24/20260927.320/images/ubuntu/Ubuntu2404-Readme.md
docs	Set up job	2026-10-06T10:05:46.5108338Z Image Release: https://github.com/actions/runner-images/releases/tag/ubuntu24%2F20260927.320
docs	Set up job	2026-10-06T10:05:46.5108894Z ##[endgroup]
docs	Set up job	2026-10-06T10:05:46.5109529Z ##[group]GITHUB_TOKEN Permissions
docs	Set up job	2026-10-06T10:05:46.5110765Z Contents: read
docs	Set up job	2026-10-06T10:05:46.5111132Z Metadata: read
docs	Set up job	2026-10-06T10:05:46.5111495Z ##[endgroup]
docs	Set up job	2026-10-06T10:05:46.5112682Z Secret source: Actions
docs	Set up job	2026-10-06T10:05:46.5113450Z Cache mode: write
docs	Set up job	2026-10-06T10:05:46.5113976Z Prepare workflow directory
docs	Set up job	2026-10-06T10:05:46.5328541Z Prepare all required actions
docs	Set up job	2026-10-06T10:05:46.5357334Z Getting action download info
docs	Set up job	2026-10-06T10:05:46.7602314Z Download action repository 'actions/checkout@v7.0.1' (SHA:3d3c42e5aac5ba805825da76410c181273ba90b1)
docs	Set up job	2026-10-06T10:05:46.8628331Z Download action repository 'actions/setup-python@v7.0.0' (SHA:5fda3b95a4ea91299a34e894583c3862153e4b97)
docs	Set up job	2026-10-06T10:05:47.0179242Z Complete job name: docs
docs	Run actions/checkout@v7.0.1	﻿2026-10-06T10:05:47.0602057Z ##[group]Run actions/checkout@v7.0.1
docs	Run actions/checkout@v7.0.1	2026-10-06T10:05:47.0602495Z with:
docs	Run actions/checkout@v7.0.1	2026-10-06T10:05:47.0602739Z   repository: peppone-choi/OpenHOI4
docs	Run actions/checkout@v7.0.1	2026-10-06T10:05:47.0604944Z   token: ***
docs	Run actions/checkout@v7.0.1	2026-10-06T10:05:47.0605172Z   ssh-strict: true
docs	Run actions/checkout@v7.0.1	2026-10-06T10:05:47.0605403Z   ssh-user: git
docs	Run actions/checkout@v7.0.1	2026-10-06T10:05:47.0605641Z   persist-credentials: true
docs	Run actions/checkout@v7.0.1	2026-10-06T10:05:47.0605901Z   clean: true
docs	Run actions/checkout@v7.0.1	2026-10-06T10:05:47.0606142Z   sparse-checkout-cone-mode: true
docs	Run actions/checkout@v7.0.1	2026-10-06T10:05:47.0606417Z   fetch-depth: 1
docs	Run actions/checkout@v7.0.1	2026-10-06T10:05:47.0606646Z   fetch-tags: false
docs	Run actions/checkout@v7.0.1	2026-10-06T10:05:47.0606879Z   show-progress: true
docs	Run actions/checkout@v7.0.1	2026-10-06T10:05:47.0607114Z   lfs: false
docs	Run actions/checkout@v7.0.1	2026-10-06T10:05:47.0607333Z   submodules: false
docs	Run actions/checkout@v7.0.1	2026-10-06T10:05:47.0607574Z   set-safe-directory: true
docs	Run actions/checkout@v7.0.1	2026-10-06T10:05:47.0607846Z   allow-unsafe-pr-checkout: false
docs	Run actions/checkout@v7.0.1	2026-10-06T10:05:47.0608194Z ##[endgroup]
docs	Run actions/checkout@v7.0.1	2026-10-06T10:05:47.1218260Z Syncing repository: peppone-choi/OpenHOI4
docs	Run actions/checkout@v7.0.1	2026-10-06T10:05:47.1219299Z ##[group]Getting Git version info
docs	Run actions/checkout@v7.0.1	2026-10-06T10:05:47.1219659Z Working directory is '/home/runner/work/OpenHOI4/OpenHOI4'
docs	Run actions/checkout@v7.0.1	2026-10-06T10:05:47.1220267Z [command]/usr/bin/git version
docs	Run actions/checkout@v7.0.1	2026-10-06T10:05:47.1279965Z git version 2.55.0
docs	Run actions/checkout@v7.0.1	2026-10-06T10:05:47.1293186Z ##[endgroup]
docs	Run actions/checkout@v7.0.1	2026-10-06T10:05:47.1296976Z Temporarily overriding HOME='/home/runner/work/_temp/72d4d5f9-c093-4dc5-9499-65a98dcc0d9e' before making global git config changes
docs	Run actions/checkout@v7.0.1	2026-10-06T10:05:47.1298072Z Adding repository directory to the temporary git global config as a safe directory
docs	Run actions/checkout@v7.0.1	2026-10-06T10:05:47.1300276Z [command]/usr/bin/git config --global --add safe.directory /home/runner/work/OpenHOI4/OpenHOI4
docs	Run actions/checkout@v7.0.1	2026-10-06T10:05:47.1335630Z Deleting the contents of '/home/runner/work/OpenHOI4/OpenHOI4'
docs	Run actions/checkout@v7.0.1	2026-10-06T10:05:47.1337610Z ##[group]Determining repository object format
docs	Run actions/checkout@v7.0.1	2026-10-06T10:05:47.1338519Z ##[endgroup]
docs	Run actions/checkout@v7.0.1	2026-10-06T10:05:47.1338897Z ##[group]Initializing the repository
docs	Run actions/checkout@v7.0.1	2026-10-06T10:05:47.1341369Z [command]/usr/bin/git init /home/runner/work/OpenHOI4/OpenHOI4
docs	Run actions/checkout@v7.0.1	2026-10-06T10:05:47.1442152Z hint: Using 'master' as the name for the initial branch. This default branch name
docs	Run actions/checkout@v7.0.1	2026-10-06T10:05:47.1443439Z hint: will change to "main" in Git 3.0. To configure the initial branch name
docs	Run actions/checkout@v7.0.1	2026-10-06T10:05:47.1444211Z hint: to use in all of your new repositories, which will suppress this warning,
docs	Run actions/checkout@v7.0.1	2026-10-06T10:05:47.1444805Z hint: call:
docs	Run actions/checkout@v7.0.1	2026-10-06T10:05:47.1445123Z hint:
docs	Run actions/checkout@v7.0.1	2026-10-06T10:05:47.1445515Z hint: 	git config --global init.defaultBranch <name>
docs	Run actions/checkout@v7.0.1	2026-10-06T10:05:47.1446001Z hint:
docs	Run actions/checkout@v7.0.1	2026-10-06T10:05:47.1446451Z hint: Names commonly chosen instead of 'master' are 'main', 'trunk' and
docs	Run actions/checkout@v7.0.1	2026-10-06T10:05:47.1447187Z hint: 'development'. The just-created branch can be renamed via this command:
docs	Run actions/checkout@v7.0.1	2026-10-06T10:05:47.1447571Z hint:
docs	Run actions/checkout@v7.0.1	2026-10-06T10:05:47.1447786Z hint: 	git branch -m <name>
docs	Run actions/checkout@v7.0.1	2026-10-06T10:05:47.1448103Z hint:
docs	Run actions/checkout@v7.0.1	2026-10-06T10:05:47.1448587Z hint: Disable this message with "git config set advice.defaultBranchName false"
docs	Run actions/checkout@v7.0.1	2026-10-06T10:05:47.1449176Z Initialized empty Git repository in /home/runner/work/OpenHOI4/OpenHOI4/.git/
docs	Run actions/checkout@v7.0.1	2026-10-06T10:05:47.1450934Z [command]/usr/bin/git remote add origin https://github.com/peppone-choi/OpenHOI4
docs	Run actions/checkout@v7.0.1	2026-10-06T10:05:47.1720348Z ##[endgroup]
docs	Run actions/checkout@v7.0.1	2026-10-06T10:05:47.1721080Z ##[group]Disabling automatic garbage collection
docs	Run actions/checkout@v7.0.1	2026-10-06T10:05:47.1722826Z [command]/usr/bin/git config --local gc.auto 0
docs	Run actions/checkout@v7.0.1	2026-10-06T10:05:47.1745389Z ##[endgroup]
docs	Run actions/checkout@v7.0.1	2026-10-06T10:05:47.1745858Z ##[group]Setting up auth
docs	Run actions/checkout@v7.0.1	2026-10-06T10:05:47.1746140Z Removing SSH command configuration
docs	Run actions/checkout@v7.0.1	2026-10-06T10:05:47.1749911Z [command]/usr/bin/git config --local --name-only --get-regexp core\.sshCommand
docs	Run actions/checkout@v7.0.1	2026-10-06T10:05:47.1771735Z [command]/usr/bin/git submodule foreach --recursive sh -c "git config --local --name-only --get-regexp 'core\.sshCommand' && git config --local --unset-all 'core.sshCommand' || :"
docs	Run actions/checkout@v7.0.1	2026-10-06T10:05:47.2179469Z Removing HTTP extra header
docs	Run actions/checkout@v7.0.1	2026-10-06T10:05:47.2182219Z [command]/usr/bin/git config --local --name-only --get-regexp http\.https\:\/\/github\.com\/\.extraheader
docs	Run actions/checkout@v7.0.1	2026-10-06T10:05:47.2203043Z [command]/usr/bin/git submodule foreach --recursive sh -c "git config --local --name-only --get-regexp 'http\.https\:\/\/github\.com\/\.extraheader' && git config --local --unset-all 'http.https://github.com/.extraheader' || :"
docs	Run actions/checkout@v7.0.1	2026-10-06T10:05:47.2356091Z Removing includeIf entries pointing to credentials config files
docs	Run actions/checkout@v7.0.1	2026-10-06T10:05:47.2358643Z [command]/usr/bin/git config --local --name-only --get-regexp ^includeIf\.gitdir:
docs	Run actions/checkout@v7.0.1	2026-10-06T10:05:47.2380566Z [command]/usr/bin/git submodule foreach --recursive git config --local --show-origin --name-only --get-regexp remote.origin.url
docs	Run actions/checkout@v7.0.1	2026-10-06T10:05:47.2546175Z [command]/usr/bin/git config --file /home/runner/work/_temp/git-credentials-4e79736e-d0c7-4ee4-a42c-c3050f36aec6.config http.https://github.com/.extraheader AUTHORIZATION: basic ***
docs	Run actions/checkout@v7.0.1	2026-10-06T10:05:47.2617316Z [command]/usr/bin/git config --local includeIf.gitdir:/home/runner/work/OpenHOI4/OpenHOI4/.git.path /home/runner/work/_temp/git-credentials-4e79736e-d0c7-4ee4-a42c-c3050f36aec6.config
docs	Run actions/checkout@v7.0.1	2026-10-06T10:05:47.2920710Z [command]/usr/bin/git config --local includeIf.gitdir:/home/runner/work/OpenHOI4/OpenHOI4/.git/worktrees/*.path /home/runner/work/_temp/git-credentials-4e79736e-d0c7-4ee4-a42c-c3050f36aec6.config
docs	Run actions/checkout@v7.0.1	2026-10-06T10:05:47.3138273Z [command]/usr/bin/git config --local includeIf.gitdir:/github/workspace/.git.path /github/runner_temp/git-credentials-4e79736e-d0c7-4ee4-a42c-c3050f36aec6.config
docs	Run actions/checkout@v7.0.1	2026-10-06T10:05:47.3223171Z [command]/usr/bin/git config --local includeIf.gitdir:/github/workspace/.git/worktrees/*.path /github/runner_temp/git-credentials-4e79736e-d0c7-4ee4-a42c-c3050f36aec6.config
docs	Run actions/checkout@v7.0.1	2026-10-06T10:05:47.3317124Z ##[endgroup]
docs	Run actions/checkout@v7.0.1	2026-10-06T10:05:47.3317708Z ##[group]Fetching the repository
docs	Run actions/checkout@v7.0.1	2026-10-06T10:05:47.3320834Z [command]/usr/bin/git -c protocol.version=2 fetch --no-tags --prune --no-recurse-submodules --depth=1 origin +f12b30345c7255bdceb4d0e6b32405f5c48dd5b6:refs/remotes/origin/main
docs	Run actions/checkout@v7.0.1	2026-10-06T10:05:48.4228146Z From https://github.com/peppone-choi/OpenHOI4
docs	Run actions/checkout@v7.0.1	2026-10-06T10:05:48.4229533Z  * [new ref]         f12b30345c7255bdceb4d0e6b32405f5c48dd5b6 -> origin/main
docs	Run actions/checkout@v7.0.1	2026-10-06T10:05:48.4234708Z [command]/usr/bin/git branch --list --remote origin/main
docs	Run actions/checkout@v7.0.1	2026-10-06T10:05:48.4253744Z   origin/main
docs	Run actions/checkout@v7.0.1	2026-10-06T10:05:48.4258586Z [command]/usr/bin/git rev-parse refs/remotes/origin/main
docs	Run actions/checkout@v7.0.1	2026-10-06T10:05:48.4275160Z f12b30345c7255bdceb4d0e6b32405f5c48dd5b6
docs	Run actions/checkout@v7.0.1	2026-10-06T10:05:48.4279075Z ##[endgroup]
docs	Run actions/checkout@v7.0.1	2026-10-06T10:05:48.4280231Z ##[group]Determining the checkout info
docs	Run actions/checkout@v7.0.1	2026-10-06T10:05:48.4281569Z ##[endgroup]
docs	Run actions/checkout@v7.0.1	2026-10-06T10:05:48.4282388Z [command]/usr/bin/git sparse-checkout disable
docs	Run actions/checkout@v7.0.1	2026-10-06T10:05:48.4588558Z [command]/usr/bin/git config --local --unset-all extensions.worktreeConfig
docs	Run actions/checkout@v7.0.1	2026-10-06T10:05:48.4691944Z ##[group]Checking out the ref
docs	Run actions/checkout@v7.0.1	2026-10-06T10:05:48.4693389Z [command]/usr/bin/git checkout --progress --force -B main refs/remotes/origin/main
docs	Run actions/checkout@v7.0.1	2026-10-06T10:05:48.5203804Z Switched to a new branch 'main'
docs	Run actions/checkout@v7.0.1	2026-10-06T10:05:48.5205003Z branch 'main' set up to track 'origin/main'.
docs	Run actions/checkout@v7.0.1	2026-10-06T10:05:48.5224148Z ##[endgroup]
docs	Run actions/checkout@v7.0.1	2026-10-06T10:05:48.5226562Z [command]/usr/bin/git log -1 --format=%H
docs	Run actions/checkout@v7.0.1	2026-10-06T10:05:48.5245011Z f12b30345c7255bdceb4d0e6b32405f5c48dd5b6
docs	Run actions/setup-python@v7.0.0	﻿2026-10-06T10:05:48.5499907Z ##[group]Run actions/setup-python@v7.0.0
docs	Run actions/setup-python@v7.0.0	2026-10-06T10:05:48.5500967Z with:
docs	Run actions/setup-python@v7.0.0	2026-10-06T10:05:48.5501697Z   python-version: 3.11
docs	Run actions/setup-python@v7.0.0	2026-10-06T10:05:48.5502458Z   check-latest: false
docs	Run actions/setup-python@v7.0.0	2026-10-06T10:05:48.5508504Z   token: ***
docs	Run actions/setup-python@v7.0.0	2026-10-06T10:05:48.5509051Z   update-environment: true
docs	Run actions/setup-python@v7.0.0	2026-10-06T10:05:48.5509683Z   allow-prereleases: false
docs	Run actions/setup-python@v7.0.0	2026-10-06T10:05:48.5510304Z   freethreaded: false
docs	Run actions/setup-python@v7.0.0	2026-10-06T10:05:48.5510859Z ##[endgroup]
docs	Run actions/setup-python@v7.0.0	2026-10-06T10:05:48.6238765Z ##[group]Installed versions
docs	Run actions/setup-python@v7.0.0	2026-10-06T10:05:48.6286420Z Successfully set up CPython (3.11.16)
docs	Run actions/setup-python@v7.0.0	2026-10-06T10:05:48.6288003Z ##[endgroup]
docs	Run python tools/check_docs.py	﻿2026-10-06T10:05:48.6454383Z ##[group]Run python tools/check_docs.py
docs	Run python tools/check_docs.py	2026-10-06T10:05:48.6455268Z [36;1mpython tools/check_docs.py[0m
docs	Run python tools/check_docs.py	2026-10-06T10:05:48.7177348Z shell: /usr/bin/bash -e {0}
docs	Run python tools/check_docs.py	2026-10-06T10:05:48.7178266Z env:
docs	Run python tools/check_docs.py	2026-10-06T10:05:48.7179178Z   pythonLocation: /opt/hostedtoolcache/Python/3.11.16/x64
docs	Run python tools/check_docs.py	2026-10-06T10:05:48.7180704Z   PKG_CONFIG_PATH: /opt/hostedtoolcache/Python/3.11.16/x64/lib/pkgconfig
docs	Run python tools/check_docs.py	2026-10-06T10:05:48.7182232Z   Python_ROOT_DIR: /opt/hostedtoolcache/Python/3.11.16/x64
docs	Run python tools/check_docs.py	2026-10-06T10:05:48.7183739Z   Python2_ROOT_DIR: /opt/hostedtoolcache/Python/3.11.16/x64
docs	Run python tools/check_docs.py	2026-10-06T10:05:48.7185122Z   Python3_ROOT_DIR: /opt/hostedtoolcache/Python/3.11.16/x64
docs	Run python tools/check_docs.py	2026-10-06T10:05:48.7186513Z   LD_LIBRARY_PATH: /opt/hostedtoolcache/Python/3.11.16/x64/lib
docs	Run python tools/check_docs.py	2026-10-06T10:05:48.7187701Z ##[endgroup]
docs	Run python tools/check_docs.py	2026-10-06T10:05:48.8026489Z OpenHOI 문서 검사
docs	Run python tools/check_docs.py	2026-10-06T10:05:48.8027328Z   D 16 · REQ 143 · OPEN 12 · AC 37 · WP 50 · DR 10 · P 12
docs	Run python tools/check_docs.py	2026-10-06T10:05:48.8028242Z   마일스톤별 REQ: M0 14, M1 14, M2 48, M3 44, M4 11, M5 7, M6 5
docs	Run python tools/check_docs.py	2026-10-06T10:05:48.8029430Z   사용 금지 표현 11개 · orch.sh 하위 명령 ['impl', 'selftest', 'start', 'status', 'verify', 'wait'] · 템플릿 5개
docs	Run python tools/check_docs.py	2026-10-06T10:05:48.8030428Z 결과: 오류 0 · 경고 0
docs	Post Run actions/setup-python@v7.0.0	﻿2026-10-06T10:05:48.8318397Z Post job cleanup.
docs	Post Run actions/checkout@v7.0.1	﻿2026-10-06T10:05:48.9213536Z Post job cleanup.
docs	Post Run actions/checkout@v7.0.1	2026-10-06T10:05:48.9748466Z [command]/usr/bin/git version
docs	Post Run actions/checkout@v7.0.1	2026-10-06T10:05:48.9778312Z git version 2.55.0
docs	Post Run actions/checkout@v7.0.1	2026-10-06T10:05:48.9798976Z Temporarily overriding HOME='/home/runner/work/_temp/22a1fc05-a7df-43ee-ba19-413cb34b786f' before making global git config changes
docs	Post Run actions/checkout@v7.0.1	2026-10-06T10:05:48.9801903Z Adding repository directory to the temporary git global config as a safe directory
docs	Post Run actions/checkout@v7.0.1	2026-10-06T10:05:48.9804652Z [command]/usr/bin/git config --global --add safe.directory /home/runner/work/OpenHOI4/OpenHOI4
docs	Post Run actions/checkout@v7.0.1	2026-10-06T10:05:49.0405611Z Removing SSH command configuration
docs	Post Run actions/checkout@v7.0.1	2026-10-06T10:05:49.0417636Z [command]/usr/bin/git config --local --name-only --get-regexp core\.sshCommand
docs	Post Run actions/checkout@v7.0.1	2026-10-06T10:05:49.0443814Z [command]/usr/bin/git submodule foreach --recursive sh -c "git config --local --name-only --get-regexp 'core\.sshCommand' && git config --local --unset-all 'core.sshCommand' || :"
docs	Post Run actions/checkout@v7.0.1	2026-10-06T10:05:49.0609522Z Removing HTTP extra header
docs	Post Run actions/checkout@v7.0.1	2026-10-06T10:05:49.0612623Z [command]/usr/bin/git config --local --name-only --get-regexp http\.https\:\/\/github\.com\/\.extraheader
docs	Post Run actions/checkout@v7.0.1	2026-10-06T10:05:49.0636819Z [command]/usr/bin/git submodule foreach --recursive sh -c "git config --local --name-only --get-regexp 'http\.https\:\/\/github\.com\/\.extraheader' && git config --local --unset-all 'http.https://github.com/.extraheader' || :"
docs	Post Run actions/checkout@v7.0.1	2026-10-06T10:05:49.0800800Z Removing includeIf entries pointing to credentials config files
docs	Post Run actions/checkout@v7.0.1	2026-10-06T10:05:49.0803985Z [command]/usr/bin/git config --local --name-only --get-regexp ^includeIf\.gitdir:
docs	Post Run actions/checkout@v7.0.1	2026-10-06T10:05:49.0823862Z includeif.gitdir:/home/runner/work/OpenHOI4/OpenHOI4/.git.path
docs	Post Run actions/checkout@v7.0.1	2026-10-06T10:05:49.0825780Z includeif.gitdir:/home/runner/work/OpenHOI4/OpenHOI4/.git/worktrees/*.path
docs	Post Run actions/checkout@v7.0.1	2026-10-06T10:05:49.0827558Z includeif.gitdir:/github/workspace/.git.path
docs	Post Run actions/checkout@v7.0.1	2026-10-06T10:05:49.0828994Z includeif.gitdir:/github/workspace/.git/worktrees/*.path
docs	Post Run actions/checkout@v7.0.1	2026-10-06T10:05:49.0832556Z [command]/usr/bin/git config --local --get-all includeif.gitdir:/home/runner/work/OpenHOI4/OpenHOI4/.git.path
docs	Post Run actions/checkout@v7.0.1	2026-10-06T10:05:49.0847622Z /home/runner/work/_temp/git-credentials-4e79736e-d0c7-4ee4-a42c-c3050f36aec6.config
docs	Post Run actions/checkout@v7.0.1	2026-10-06T10:05:49.0854522Z [command]/usr/bin/git config --local --unset includeif.gitdir:/home/runner/work/OpenHOI4/OpenHOI4/.git.path \/home\/runner\/work\/_temp\/git\-credentials\-4e79736e\-d0c7\-4ee4\-a42c\-c3050f36aec6\.config
docs	Post Run actions/checkout@v7.0.1	2026-10-06T10:05:49.0880923Z [command]/usr/bin/git config --local --get-all includeif.gitdir:/home/runner/work/OpenHOI4/OpenHOI4/.git/worktrees/*.path
docs	Post Run actions/checkout@v7.0.1	2026-10-06T10:05:49.0899817Z /home/runner/work/_temp/git-credentials-4e79736e-d0c7-4ee4-a42c-c3050f36aec6.config
docs	Post Run actions/checkout@v7.0.1	2026-10-06T10:05:49.0910222Z [command]/usr/bin/git config --local --unset includeif.gitdir:/home/runner/work/OpenHOI4/OpenHOI4/.git/worktrees/*.path \/home\/runner\/work\/_temp\/git\-credentials\-4e79736e\-d0c7\-4ee4\-a42c\-c3050f36aec6\.config
docs	Post Run actions/checkout@v7.0.1	2026-10-06T10:05:49.0980003Z [command]/usr/bin/git config --local --get-all includeif.gitdir:/github/workspace/.git.path
docs	Post Run actions/checkout@v7.0.1	2026-10-06T10:05:49.0996437Z /github/runner_temp/git-credentials-4e79736e-d0c7-4ee4-a42c-c3050f36aec6.config
docs	Post Run actions/checkout@v7.0.1	2026-10-06T10:05:49.1001987Z [command]/usr/bin/git config --local --unset includeif.gitdir:/github/workspace/.git.path \/github\/runner_temp\/git\-credentials\-4e79736e\-d0c7\-4ee4\-a42c\-c3050f36aec6\.config
docs	Post Run actions/checkout@v7.0.1	2026-10-06T10:05:49.1094916Z [command]/usr/bin/git config --local --get-all includeif.gitdir:/github/workspace/.git/worktrees/*.path
docs	Post Run actions/checkout@v7.0.1	2026-10-06T10:05:49.1111137Z /github/runner_temp/git-credentials-4e79736e-d0c7-4ee4-a42c-c3050f36aec6.config
docs	Post Run actions/checkout@v7.0.1	2026-10-06T10:05:49.1118208Z [command]/usr/bin/git config --local --unset includeif.gitdir:/github/workspace/.git/worktrees/*.path \/github\/runner_temp\/git\-credentials\-4e79736e\-d0c7\-4ee4\-a42c\-c3050f36aec6\.config
docs	Post Run actions/checkout@v7.0.1	2026-10-06T10:05:49.1184260Z [command]/usr/bin/git submodule foreach --recursive git config --local --show-origin --name-only --get-regexp remote.origin.url
docs	Post Run actions/checkout@v7.0.1	2026-10-06T10:05:49.1363185Z Removing credentials config '/home/runner/work/_temp/git-credentials-4e79736e-d0c7-4ee4-a42c-c3050f36aec6.config'
docs	Complete job	﻿2026-10-06T10:05:49.1495640Z Cleaning up orphan processes
licenses	Set up job	﻿2026-10-06T10:04:48.1140341Z Current runner version: '2.337.0'
licenses	Set up job	2026-10-06T10:04:48.1164824Z ##[group]Runner Image Provisioner
licenses	Set up job	2026-10-06T10:04:48.1165904Z Hosted Compute Agent
licenses	Set up job	2026-10-06T10:04:48.1166782Z Version: 20260901.588
licenses	Set up job	2026-10-06T10:04:48.1167384Z Commit: f88ec8081b781fac6c440065ac7ff9e710ce3d0b
licenses	Set up job	2026-10-06T10:04:48.1168130Z Build Date: 2026-09-01T19:56:44Z
licenses	Set up job	2026-10-06T10:04:48.1168740Z Worker ID: {795809ff-fe88-4349-a739-c7aac55c93af}
licenses	Set up job	2026-10-06T10:04:48.1169382Z Azure Region: westus3
licenses	Set up job	2026-10-06T10:04:48.1169895Z ##[endgroup]
licenses	Set up job	2026-10-06T10:04:48.1171549Z ##[group]Operating System
licenses	Set up job	2026-10-06T10:04:48.1172175Z Ubuntu
licenses	Set up job	2026-10-06T10:04:48.1172650Z 24.04.5
licenses	Set up job	2026-10-06T10:04:48.1173096Z LTS
licenses	Set up job	2026-10-06T10:04:48.1173586Z ##[endgroup]
licenses	Set up job	2026-10-06T10:04:48.1174137Z ##[group]Runner Image
licenses	Set up job	2026-10-06T10:04:48.1174688Z Image: ubuntu-24.04
licenses	Set up job	2026-10-06T10:04:48.1175243Z Version: 20260927.320.1
licenses	Set up job	2026-10-06T10:04:48.1176182Z Included Software: https://github.com/actions/runner-images/blob/ubuntu24/20260927.320/images/ubuntu/Ubuntu2404-Readme.md
licenses	Set up job	2026-10-06T10:04:48.1177932Z Image Release: https://github.com/actions/runner-images/releases/tag/ubuntu24%2F20260927.320
licenses	Set up job	2026-10-06T10:04:48.1178799Z ##[endgroup]
licenses	Set up job	2026-10-06T10:04:48.1179780Z ##[group]GITHUB_TOKEN Permissions
licenses	Set up job	2026-10-06T10:04:48.1181974Z Contents: read
licenses	Set up job	2026-10-06T10:04:48.1182529Z Metadata: read
licenses	Set up job	2026-10-06T10:04:48.1183037Z ##[endgroup]
licenses	Set up job	2026-10-06T10:04:48.1185048Z Secret source: Actions
licenses	Set up job	2026-10-06T10:04:48.1185904Z Cache mode: write
licenses	Set up job	2026-10-06T10:04:48.1187127Z Prepare workflow directory
licenses	Set up job	2026-10-06T10:04:48.1550578Z Prepare all required actions
licenses	Set up job	2026-10-06T10:04:48.1598418Z Getting action download info
licenses	Set up job	2026-10-06T10:04:48.4666841Z Download action repository 'actions/checkout@v7.0.1' (SHA:3d3c42e5aac5ba805825da76410c181273ba90b1)
licenses	Set up job	2026-10-06T10:04:48.5680403Z Download action repository 'actions/setup-node@v7.0.0' (SHA:820762786026740c76f36085b0efc47a31fe5020)
licenses	Set up job	2026-10-06T10:04:48.6367291Z Download action repository 'actions/setup-python@v7.0.0' (SHA:5fda3b95a4ea91299a34e894583c3862153e4b97)
licenses	Set up job	2026-10-06T10:04:48.8794616Z Complete job name: licenses
licenses	Run actions/checkout@v7.0.1	﻿2026-10-06T10:04:48.9590731Z ##[group]Run actions/checkout@v7.0.1
licenses	Run actions/checkout@v7.0.1	2026-10-06T10:04:48.9591625Z with:
licenses	Run actions/checkout@v7.0.1	2026-10-06T10:04:48.9592097Z   repository: peppone-choi/OpenHOI4
licenses	Run actions/checkout@v7.0.1	2026-10-06T10:04:48.9595600Z   token: ***
licenses	Run actions/checkout@v7.0.1	2026-10-06T10:04:48.9595980Z   ssh-strict: true
licenses	Run actions/checkout@v7.0.1	2026-10-06T10:04:48.9596526Z   ssh-user: git
licenses	Run actions/checkout@v7.0.1	2026-10-06T10:04:48.9596925Z   persist-credentials: true
licenses	Run actions/checkout@v7.0.1	2026-10-06T10:04:48.9597373Z   clean: true
licenses	Run actions/checkout@v7.0.1	2026-10-06T10:04:48.9597768Z   sparse-checkout-cone-mode: true
licenses	Run actions/checkout@v7.0.1	2026-10-06T10:04:48.9598234Z   fetch-depth: 1
licenses	Run actions/checkout@v7.0.1	2026-10-06T10:04:48.9598614Z   fetch-tags: false
licenses	Run actions/checkout@v7.0.1	2026-10-06T10:04:48.9599001Z   show-progress: true
licenses	Run actions/checkout@v7.0.1	2026-10-06T10:04:48.9599400Z   lfs: false
licenses	Run actions/checkout@v7.0.1	2026-10-06T10:04:48.9599769Z   submodules: false
licenses	Run actions/checkout@v7.0.1	2026-10-06T10:04:48.9600163Z   set-safe-directory: true
licenses	Run actions/checkout@v7.0.1	2026-10-06T10:04:48.9600612Z   allow-unsafe-pr-checkout: false
licenses	Run actions/checkout@v7.0.1	2026-10-06T10:04:48.9601317Z ##[endgroup]
licenses	Run actions/checkout@v7.0.1	2026-10-06T10:04:49.0567629Z Syncing repository: peppone-choi/OpenHOI4
licenses	Run actions/checkout@v7.0.1	2026-10-06T10:04:49.0569376Z ##[group]Getting Git version info
licenses	Run actions/checkout@v7.0.1	2026-10-06T10:04:49.0570068Z Working directory is '/home/runner/work/OpenHOI4/OpenHOI4'
licenses	Run actions/checkout@v7.0.1	2026-10-06T10:04:49.0571171Z [command]/usr/bin/git version
licenses	Run actions/checkout@v7.0.1	2026-10-06T10:04:49.0636742Z git version 2.55.0
licenses	Run actions/checkout@v7.0.1	2026-10-06T10:04:49.0655175Z ##[endgroup]
licenses	Run actions/checkout@v7.0.1	2026-10-06T10:04:49.0666802Z Temporarily overriding HOME='/home/runner/work/_temp/33ccd25d-839d-441e-860b-3609e2f45dfb' before making global git config changes
licenses	Run actions/checkout@v7.0.1	2026-10-06T10:04:49.0669196Z Adding repository directory to the temporary git global config as a safe directory
licenses	Run actions/checkout@v7.0.1	2026-10-06T10:04:49.0673422Z [command]/usr/bin/git config --global --add safe.directory /home/runner/work/OpenHOI4/OpenHOI4
licenses	Run actions/checkout@v7.0.1	2026-10-06T10:04:49.0718166Z Deleting the contents of '/home/runner/work/OpenHOI4/OpenHOI4'
licenses	Run actions/checkout@v7.0.1	2026-10-06T10:04:49.0721786Z ##[group]Determining repository object format
licenses	Run actions/checkout@v7.0.1	2026-10-06T10:04:49.0723738Z ##[endgroup]
licenses	Run actions/checkout@v7.0.1	2026-10-06T10:04:49.0724447Z ##[group]Initializing the repository
licenses	Run actions/checkout@v7.0.1	2026-10-06T10:04:49.0728493Z [command]/usr/bin/git init /home/runner/work/OpenHOI4/OpenHOI4
licenses	Run actions/checkout@v7.0.1	2026-10-06T10:04:49.0838544Z hint: Using 'master' as the name for the initial branch. This default branch name
licenses	Run actions/checkout@v7.0.1	2026-10-06T10:04:49.0840131Z hint: will change to "main" in Git 3.0. To configure the initial branch name
licenses	Run actions/checkout@v7.0.1	2026-10-06T10:04:49.0843114Z hint: to use in all of your new repositories, which will suppress this warning,
licenses	Run actions/checkout@v7.0.1	2026-10-06T10:04:49.0844318Z hint: call:
licenses	Run actions/checkout@v7.0.1	2026-10-06T10:04:49.0844988Z hint:
licenses	Run actions/checkout@v7.0.1	2026-10-06T10:04:49.0845786Z hint: 	git config --global init.defaultBranch <name>
licenses	Run actions/checkout@v7.0.1	2026-10-06T10:04:49.0846954Z hint:
licenses	Run actions/checkout@v7.0.1	2026-10-06T10:04:49.0847938Z hint: Names commonly chosen instead of 'master' are 'main', 'trunk' and
licenses	Run actions/checkout@v7.0.1	2026-10-06T10:04:49.0849503Z hint: 'development'. The just-created branch can be renamed via this command:
licenses	Run actions/checkout@v7.0.1	2026-10-06T10:04:49.0850720Z hint:
licenses	Run actions/checkout@v7.0.1	2026-10-06T10:04:49.0851416Z hint: 	git branch -m <name>
licenses	Run actions/checkout@v7.0.1	2026-10-06T10:04:49.0852235Z hint:
licenses	Run actions/checkout@v7.0.1	2026-10-06T10:04:49.0853500Z hint: Disable this message with "git config set advice.defaultBranchName false"
licenses	Run actions/checkout@v7.0.1	2026-10-06T10:04:49.0855588Z Initialized empty Git repository in /home/runner/work/OpenHOI4/OpenHOI4/.git/
licenses	Run actions/checkout@v7.0.1	2026-10-06T10:04:49.0860269Z [command]/usr/bin/git remote add origin https://github.com/peppone-choi/OpenHOI4
licenses	Run actions/checkout@v7.0.1	2026-10-06T10:04:49.0897910Z ##[endgroup]
licenses	Run actions/checkout@v7.0.1	2026-10-06T10:04:49.0899080Z ##[group]Disabling automatic garbage collection
licenses	Run actions/checkout@v7.0.1	2026-10-06T10:04:49.0900660Z [command]/usr/bin/git config --local gc.auto 0
licenses	Run actions/checkout@v7.0.1	2026-10-06T10:04:49.0927154Z ##[endgroup]
licenses	Run actions/checkout@v7.0.1	2026-10-06T10:04:49.0928397Z ##[group]Setting up auth
licenses	Run actions/checkout@v7.0.1	2026-10-06T10:04:49.0929357Z Removing SSH command configuration
licenses	Run actions/checkout@v7.0.1	2026-10-06T10:04:49.0933591Z [command]/usr/bin/git config --local --name-only --get-regexp core\.sshCommand
licenses	Run actions/checkout@v7.0.1	2026-10-06T10:04:49.0958630Z [command]/usr/bin/git submodule foreach --recursive sh -c "git config --local --name-only --get-regexp 'core\.sshCommand' && git config --local --unset-all 'core.sshCommand' || :"
licenses	Run actions/checkout@v7.0.1	2026-10-06T10:04:49.1260989Z Removing HTTP extra header
licenses	Run actions/checkout@v7.0.1	2026-10-06T10:04:49.1266567Z [command]/usr/bin/git config --local --name-only --get-regexp http\.https\:\/\/github\.com\/\.extraheader
licenses	Run actions/checkout@v7.0.1	2026-10-06T10:04:49.1290345Z [command]/usr/bin/git submodule foreach --recursive sh -c "git config --local --name-only --get-regexp 'http\.https\:\/\/github\.com\/\.extraheader' && git config --local --unset-all 'http.https://github.com/.extraheader' || :"
licenses	Run actions/checkout@v7.0.1	2026-10-06T10:04:49.1451463Z Removing includeIf entries pointing to credentials config files
licenses	Run actions/checkout@v7.0.1	2026-10-06T10:04:49.1456569Z [command]/usr/bin/git config --local --name-only --get-regexp ^includeIf\.gitdir:
licenses	Run actions/checkout@v7.0.1	2026-10-06T10:04:49.1481340Z [command]/usr/bin/git submodule foreach --recursive git config --local --show-origin --name-only --get-regexp remote.origin.url
licenses	Run actions/checkout@v7.0.1	2026-10-06T10:04:49.1658706Z [command]/usr/bin/git config --file /home/runner/work/_temp/git-credentials-7a773d8d-cc4a-425d-8849-5ddf75edee76.config http.https://github.com/.extraheader AUTHORIZATION: basic ***
licenses	Run actions/checkout@v7.0.1	2026-10-06T10:04:49.1689391Z [command]/usr/bin/git config --local includeIf.gitdir:/home/runner/work/OpenHOI4/OpenHOI4/.git.path /home/runner/work/_temp/git-credentials-7a773d8d-cc4a-425d-8849-5ddf75edee76.config
licenses	Run actions/checkout@v7.0.1	2026-10-06T10:04:49.1715535Z [command]/usr/bin/git config --local includeIf.gitdir:/home/runner/work/OpenHOI4/OpenHOI4/.git/worktrees/*.path /home/runner/work/_temp/git-credentials-7a773d8d-cc4a-425d-8849-5ddf75edee76.config
licenses	Run actions/checkout@v7.0.1	2026-10-06T10:04:49.1745301Z [command]/usr/bin/git config --local includeIf.gitdir:/github/workspace/.git.path /github/runner_temp/git-credentials-7a773d8d-cc4a-425d-8849-5ddf75edee76.config
licenses	Run actions/checkout@v7.0.1	2026-10-06T10:04:49.1773168Z [command]/usr/bin/git config --local includeIf.gitdir:/github/workspace/.git/worktrees/*.path /github/runner_temp/git-credentials-7a773d8d-cc4a-425d-8849-5ddf75edee76.config
licenses	Run actions/checkout@v7.0.1	2026-10-06T10:04:49.1796116Z ##[endgroup]
licenses	Run actions/checkout@v7.0.1	2026-10-06T10:04:49.1797243Z ##[group]Fetching the repository
licenses	Run actions/checkout@v7.0.1	2026-10-06T10:04:49.1804669Z [command]/usr/bin/git -c protocol.version=2 fetch --no-tags --prune --no-recurse-submodules --depth=1 origin +f12b30345c7255bdceb4d0e6b32405f5c48dd5b6:refs/remotes/origin/main
licenses	Run actions/checkout@v7.0.1	2026-10-06T10:04:50.4754400Z From https://github.com/peppone-choi/OpenHOI4
licenses	Run actions/checkout@v7.0.1	2026-10-06T10:04:50.4757271Z  * [new ref]         f12b30345c7255bdceb4d0e6b32405f5c48dd5b6 -> origin/main
licenses	Run actions/checkout@v7.0.1	2026-10-06T10:04:50.4764559Z [command]/usr/bin/git branch --list --remote origin/main
licenses	Run actions/checkout@v7.0.1	2026-10-06T10:04:50.4784868Z   origin/main
licenses	Run actions/checkout@v7.0.1	2026-10-06T10:04:50.4792524Z [command]/usr/bin/git rev-parse refs/remotes/origin/main
licenses	Run actions/checkout@v7.0.1	2026-10-06T10:04:50.4813723Z f12b30345c7255bdceb4d0e6b32405f5c48dd5b6
licenses	Run actions/checkout@v7.0.1	2026-10-06T10:04:50.4817137Z ##[endgroup]
licenses	Run actions/checkout@v7.0.1	2026-10-06T10:04:50.4818246Z ##[group]Determining the checkout info
licenses	Run actions/checkout@v7.0.1	2026-10-06T10:04:50.4819076Z ##[endgroup]
licenses	Run actions/checkout@v7.0.1	2026-10-06T10:04:50.4823335Z [command]/usr/bin/git sparse-checkout disable
licenses	Run actions/checkout@v7.0.1	2026-10-06T10:04:50.4865809Z [command]/usr/bin/git config --local --unset-all extensions.worktreeConfig
licenses	Run actions/checkout@v7.0.1	2026-10-06T10:04:50.4887208Z ##[group]Checking out the ref
licenses	Run actions/checkout@v7.0.1	2026-10-06T10:04:50.4890152Z [command]/usr/bin/git checkout --progress --force -B main refs/remotes/origin/main
licenses	Run actions/checkout@v7.0.1	2026-10-06T10:04:50.5146857Z Switched to a new branch 'main'
licenses	Run actions/checkout@v7.0.1	2026-10-06T10:04:50.5150987Z branch 'main' set up to track 'origin/main'.
licenses	Run actions/checkout@v7.0.1	2026-10-06T10:04:50.5157821Z ##[endgroup]
licenses	Run actions/checkout@v7.0.1	2026-10-06T10:04:50.5191961Z [command]/usr/bin/git log -1 --format=%H
licenses	Run actions/checkout@v7.0.1	2026-10-06T10:04:50.5210010Z f12b30345c7255bdceb4d0e6b32405f5c48dd5b6
licenses	Run rustup toolchain install 1.99.0 --profile minimal --component rustfmt --component clippy	﻿2026-10-06T10:04:50.5409939Z ##[group]Run rustup toolchain install 1.99.0 --profile minimal --component rustfmt --component clippy
licenses	Run rustup toolchain install 1.99.0 --profile minimal --component rustfmt --component clippy	2026-10-06T10:04:50.5411455Z [36;1mrustup toolchain install 1.99.0 --profile minimal --component rustfmt --component clippy[0m
licenses	Run rustup toolchain install 1.99.0 --profile minimal --component rustfmt --component clippy	2026-10-06T10:04:50.5602656Z shell: /usr/bin/bash -e {0}
licenses	Run rustup toolchain install 1.99.0 --profile minimal --component rustfmt --component clippy	2026-10-06T10:04:50.5603262Z ##[endgroup]
licenses	Run rustup toolchain install 1.99.0 --profile minimal --component rustfmt --component clippy	2026-10-06T10:04:50.6084685Z info: syncing channel updates for 1.99.0-x86_64-unknown-linux-gnu
licenses	Run rustup toolchain install 1.99.0 --profile minimal --component rustfmt --component clippy	2026-10-06T10:04:50.7078720Z info: latest update on 2026-10-01 for version 1.99.0 (b940084d7 2026-09-28)
licenses	Run rustup toolchain install 1.99.0 --profile minimal --component rustfmt --component clippy	2026-10-06T10:04:50.7079761Z info: downloading 5 components
licenses	Run rustup toolchain install 1.99.0 --profile minimal --component rustfmt --component clippy	2026-10-06T10:04:59.7992439Z
licenses	Run rustup toolchain install 1.99.0 --profile minimal --component rustfmt --component clippy	2026-10-06T10:04:59.8059228Z   1.99.0-x86_64-unknown-linux-gnu installed - rustc 1.99.0 (b940084d7 2026-09-28)
licenses	Run rustup toolchain install 1.99.0 --profile minimal --component rustfmt --component clippy	2026-10-06T10:04:59.8060082Z
licenses	Run cargo install cargo-deny --version 0.20.2 --locked	﻿2026-10-06T10:04:59.8137920Z ##[group]Run cargo install cargo-deny --version 0.20.2 --locked
licenses	Run cargo install cargo-deny --version 0.20.2 --locked	2026-10-06T10:04:59.8138484Z [36;1mcargo install cargo-deny --version 0.20.2 --locked[0m
licenses	Run cargo install cargo-deny --version 0.20.2 --locked	2026-10-06T10:04:59.8179472Z shell: /usr/bin/bash -e {0}
licenses	Run cargo install cargo-deny --version 0.20.2 --locked	2026-10-06T10:04:59.8179823Z ##[endgroup]
licenses	Run cargo install cargo-deny --version 0.20.2 --locked	2026-10-06T10:04:59.8580217Z     Updating crates.io index
licenses	Run cargo install cargo-deny --version 0.20.2 --locked	2026-10-06T10:04:59.9467499Z  Downloading crates ...
licenses	Run cargo install cargo-deny --version 0.20.2 --locked	2026-10-06T10:05:00.0236663Z   Downloaded cargo-deny v0.20.2
licenses	Run cargo install cargo-deny --version 0.20.2 --locked	2026-10-06T10:05:00.0666124Z   Installing cargo-deny v0.20.2
licenses	Run cargo install cargo-deny --version 0.20.2 --locked	2026-10-06T10:05:00.0667060Z warning: default toolchain implicitly overridden with `1.99.0-x86_64-unknown-linux-gnu` by rustup toolchain file
licenses	Run cargo install cargo-deny --version 0.20.2 --locked	2026-10-06T10:05:00.0667634Z   |
licenses	Run cargo install cargo-deny --version 0.20.2 --locked	2026-10-06T10:05:00.0668008Z   = help: use `cargo +stable install` if you meant to use the stable toolchain
licenses	Run cargo install cargo-deny --version 0.20.2 --locked	2026-10-06T10:05:00.0668723Z   = note: rustup selects the toolchain based on the parent environment and not the environment of the package being installed
licenses	Run cargo install cargo-deny --version 0.20.2 --locked	2026-10-06T10:05:00.0688075Z     Updating crates.io index
licenses	Run cargo install cargo-deny --version 0.20.2 --locked	2026-10-06T10:05:00.4390023Z     Updating crates.io index
licenses	Run cargo install cargo-deny --version 0.20.2 --locked	2026-10-06T10:05:00.5500888Z  Downloading crates ...
licenses	Run cargo install cargo-deny --version 0.20.2 --locked	2026-10-06T10:05:00.5701861Z   Downloaded aho-corasick v1.1.4
licenses	Run cargo install cargo-deny --version 0.20.2 --locked	2026-10-06T10:05:00.5741509Z   Downloaded allocator-api2 v0.2.21
licenses	Run cargo install cargo-deny --version 0.20.2 --locked	2026-10-06T10:05:00.5757477Z   Downloaded anstyle-query v1.1.5
licenses	Run cargo install cargo-deny --version 0.20.2 --locked	2026-10-06T10:05:00.5797808Z   Downloaded anstream v1.0.0
licenses	Run cargo install cargo-deny --version 0.20.2 --locked	2026-10-06T10:05:00.5814045Z   Downloaded anstyle v1.0.14
licenses	Run cargo install cargo-deny --version 0.20.2 --locked	2026-10-06T10:05:00.5824557Z   Downloaded anstyle-parse v1.0.0
licenses	Run cargo install cargo-deny --version 0.20.2 --locked	2026-10-06T10:05:00.5835680Z   Downloaded anyhow v1.0.103
licenses	Run cargo install cargo-deny --version 0.20.2 --locked	2026-10-06T10:05:00.5865540Z   Downloaded bitvec v1.0.1
licenses	Run cargo install cargo-deny --version 0.20.2 --locked	2026-10-06T10:05:00.5961361Z   Downloaded codespan-reporting v0.13.1
licenses	Run cargo install cargo-deny --version 0.20.2 --locked	2026-10-06T10:05:00.6003488Z   Downloaded cc v1.2.62
licenses	Run cargo install cargo-deny --version 0.20.2 --locked	2026-10-06T10:05:00.6023301Z   Downloaded cfg_aliases v0.2.1
licenses	Run cargo install cargo-deny --version 0.20.2 --locked	2026-10-06T10:05:00.6037292Z   Downloaded cpufeatures v0.2.17
licenses	Run cargo install cargo-deny --version 0.20.2 --locked	2026-10-06T10:05:00.6046915Z   Downloaded quote v1.0.45
licenses	Run cargo install cargo-deny --version 0.20.2 --locked	2026-10-06T10:05:00.6069636Z   Downloaded codespan v0.13.1
licenses	Run cargo install cargo-deny --version 0.20.2 --locked	2026-10-06T10:05:00.6076693Z   Downloaded foldhash v0.1.5
licenses	Run cargo install cargo-deny --version 0.20.2 --locked	2026-10-06T10:05:00.6107401Z   Downloaded smol_str v0.3.2
licenses	Run cargo install cargo-deny --version 0.20.2 --locked	2026-10-06T10:05:00.6108330Z   Downloaded tinyvec_macros v0.1.1
licenses	Run cargo install cargo-deny --version 0.20.2 --locked	2026-10-06T10:05:00.6108771Z   Downloaded cfg-expr v0.20.7
licenses	Run cargo install cargo-deny --version 0.20.2 --locked	2026-10-06T10:05:00.6123800Z   Downloaded cfg-if v1.0.4
licenses	Run cargo install cargo-deny --version 0.20.2 --locked	2026-10-06T10:05:00.6134910Z   Downloaded block-buffer v0.10.4
licenses	Run cargo install cargo-deny --version 0.20.2 --locked	2026-10-06T10:05:00.6144516Z   Downloaded colorchoice v1.0.5
licenses	Run cargo install cargo-deny --version 0.20.2 --locked	2026-10-06T10:05:00.6152688Z   Downloaded crossbeam v0.8.4
licenses	Run cargo install cargo-deny --version 0.20.2 --locked	2026-10-06T10:05:00.6160431Z   Downloaded idna_adapter v1.2.2
licenses	Run cargo install cargo-deny --version 0.20.2 --locked	2026-10-06T10:05:00.6165930Z   Downloaded camino v1.2.2
licenses	Run cargo install cargo-deny --version 0.20.2 --locked	2026-10-06T10:05:00.6178206Z   Downloaded generic-array v0.14.7
licenses	Run cargo install cargo-deny --version 0.20.2 --locked	2026-10-06T10:05:00.6186797Z   Downloaded funty v2.0.0
licenses	Run cargo install cargo-deny --version 0.20.2 --locked	2026-10-06T10:05:00.6192589Z   Downloaded clap_lex v1.1.0
licenses	Run cargo install cargo-deny --version 0.20.2 --locked	2026-10-06T10:05:00.6207284Z   Downloaded crypto-common v0.1.7
licenses	Run cargo install cargo-deny --version 0.20.2 --locked	2026-10-06T10:05:00.6227099Z   Downloaded equivalent v1.0.2
licenses	Run cargo install cargo-deny --version 0.20.2 --locked	2026-10-06T10:05:00.6237266Z   Downloaded same-file v1.0.6
licenses	Run cargo install cargo-deny --version 0.20.2 --locked	2026-10-06T10:05:00.6237695Z   Downloaded itoa v1.0.18
licenses	Run cargo install cargo-deny --version 0.20.2 --locked	2026-10-06T10:05:00.6237966Z   Downloaded percent-encoding v2.3.2
licenses	Run cargo install cargo-deny --version 0.20.2 --locked	2026-10-06T10:05:00.6238893Z   Downloaded crossbeam-queue v0.3.12
licenses	Run cargo install cargo-deny --version 0.20.2 --locked	2026-10-06T10:05:00.6246039Z   Downloaded plain v0.2.3
licenses	Run cargo install cargo-deny --version 0.20.2 --locked	2026-10-06T10:05:00.6252027Z   Downloaded scopeguard v1.2.0
licenses	Run cargo install cargo-deny --version 0.20.2 --locked	2026-10-06T10:05:00.6260004Z   Downloaded scroll_derive v0.13.1
licenses	Run cargo install cargo-deny --version 0.20.2 --locked	2026-10-06T10:05:00.6264439Z   Downloaded heck v0.5.0
licenses	Run cargo install cargo-deny --version 0.20.2 --locked	2026-10-06T10:05:00.6271969Z   Downloaded is_terminal_polyfill v1.70.2
licenses	Run cargo install cargo-deny --version 0.20.2 --locked	2026-10-06T10:05:00.6284436Z   Downloaded radium v0.7.0
licenses	Run cargo install cargo-deny --version 0.20.2 --locked	2026-10-06T10:05:00.6294396Z   Downloaded strsim v0.11.1
licenses	Run cargo install cargo-deny --version 0.20.2 --locked	2026-10-06T10:05:00.6306201Z   Downloaded tinyvec v1.11.0
licenses	Run cargo install cargo-deny --version 0.20.2 --locked	2026-10-06T10:05:00.6331887Z   Downloaded twox-hash v2.1.2
licenses	Run cargo install cargo-deny --version 0.20.2 --locked	2026-10-06T10:05:00.6347740Z   Downloaded crossbeam-deque v0.8.6
licenses	Run cargo install cargo-deny --version 0.20.2 --locked	2026-10-06T10:05:00.6357408Z   Downloaded displaydoc v0.2.5
licenses	Run cargo install cargo-deny --version 0.20.2 --locked	2026-10-06T10:05:00.6381747Z   Downloaded find-msvc-tools v0.1.9
licenses	Run cargo install cargo-deny --version 0.20.2 --locked	2026-10-06T10:05:00.6395944Z   Downloaded fixedbitset v0.5.7
licenses	Run cargo install cargo-deny --version 0.20.2 --locked	2026-10-06T10:05:00.6410772Z   Downloaded form_urlencoded v1.2.2
licenses	Run cargo install cargo-deny --version 0.20.2 --locked	2026-10-06T10:05:00.6416751Z   Downloaded potential_utf v0.1.5
licenses	Run cargo install cargo-deny --version 0.20.2 --locked	2026-10-06T10:05:00.6424058Z   Downloaded rustc-stable-hash v0.1.2
licenses	Run cargo install cargo-deny --version 0.20.2 --locked	2026-10-06T10:05:00.6434235Z   Downloaded serde v1.0.228
licenses	Run cargo install cargo-deny --version 0.20.2 --locked	2026-10-06T10:05:00.6463817Z   Downloaded toml-span v0.7.1
licenses	Run cargo install cargo-deny --version 0.20.2 --locked	2026-10-06T10:05:00.6477541Z   Downloaded zerofrom-derive v0.1.7
licenses	Run cargo install cargo-deny --version 0.20.2 --locked	2026-10-06T10:05:00.6483811Z   Downloaded digest v0.10.7
licenses	Run cargo install cargo-deny --version 0.20.2 --locked	2026-10-06T10:05:00.6494903Z   Downloaded either v1.16.0
licenses	Run cargo install cargo-deny --version 0.20.2 --locked	2026-10-06T10:05:00.6504503Z   Downloaded jobserver v0.1.34
licenses	Run cargo install cargo-deny --version 0.20.2 --locked	2026-10-06T10:05:00.6520815Z   Downloaded lock_api v0.4.14
licenses	Run cargo install cargo-deny --version 0.20.2 --locked	2026-10-06T10:05:00.6531498Z   Downloaded nu-ansi-term v0.50.3
licenses	Run cargo install cargo-deny --version 0.20.2 --locked	2026-10-06T10:05:00.6547672Z   Downloaded scroll v0.13.0
licenses	Run cargo install cargo-deny --version 0.20.2 --locked	2026-10-06T10:05:00.6556857Z   Downloaded shlex v1.3.0
licenses	Run cargo install cargo-deny --version 0.20.2 --locked	2026-10-06T10:05:00.6563976Z   Downloaded stable_deref_trait v1.2.1
licenses	Run cargo install cargo-deny --version 0.20.2 --locked	2026-10-06T10:05:00.6570614Z   Downloaded strum v0.28.0
licenses	Run cargo install cargo-deny --version 0.20.2 --locked	2026-10-06T10:05:00.6574554Z   Downloaded synstructure v0.13.2
licenses	Run cargo install cargo-deny --version 0.20.2 --locked	2026-10-06T10:05:00.6581018Z   Downloaded termcolor v1.4.1
licenses	Run cargo install cargo-deny --version 0.20.2 --locked	2026-10-06T10:05:00.6588448Z   Downloaded bytes v1.11.1
licenses	Run cargo install cargo-deny --version 0.20.2 --locked	2026-10-06T10:05:00.6612827Z   Downloaded globset v0.4.18
licenses	Run cargo install cargo-deny --version 0.20.2 --locked	2026-10-06T10:05:00.6622486Z   Downloaded utf8_iter v1.0.4
licenses	Run cargo install cargo-deny --version 0.20.2 --locked	2026-10-06T10:05:00.6628619Z   Downloaded sha2 v0.10.9
licenses	Run cargo install cargo-deny --version 0.20.2 --locked	2026-10-06T10:05:00.6643440Z   Downloaded clap v4.6.1
licenses	Run cargo install cargo-deny --version 0.20.2 --locked	2026-10-06T10:05:00.6695462Z   Downloaded getrandom v0.2.17
licenses	Run cargo install cargo-deny --version 0.20.2 --locked	2026-10-06T10:05:00.6713432Z   Downloaded litemap v0.8.2
licenses	Run cargo install cargo-deny --version 0.20.2 --locked	2026-10-06T10:05:00.6727769Z   Downloaded parking_lot v0.12.5
licenses	Run cargo install cargo-deny --version 0.20.2 --locked	2026-10-06T10:05:00.6742689Z   Downloaded pkg-config v0.3.33
licenses	Run cargo install cargo-deny --version 0.20.2 --locked	2026-10-06T10:05:00.6751836Z   Downloaded semver v1.0.28
licenses	Run cargo install cargo-deny --version 0.20.2 --locked	2026-10-06T10:05:00.6764927Z   Downloaded strum_macros v0.28.0
licenses	Run cargo install cargo-deny --version 0.20.2 --locked	2026-10-06T10:05:00.6779838Z   Downloaded crossbeam-epoch v0.9.20
licenses	Run cargo install cargo-deny --version 0.20.2 --locked	2026-10-06T10:05:00.6796178Z   Downloaded parking_lot_core v0.9.12
licenses	Run cargo install cargo-deny --version 0.20.2 --locked	2026-10-06T10:05:00.6811341Z   Downloaded crossbeam-utils v0.8.21
licenses	Run cargo install cargo-deny --version 0.20.2 --locked	2026-10-06T10:05:00.6828604Z   Downloaded smallvec v1.15.1
licenses	Run cargo install cargo-deny --version 0.20.2 --locked	2026-10-06T10:05:00.6841289Z   Downloaded serde_core v1.0.228
licenses	Run cargo install cargo-deny --version 0.20.2 --locked	2026-10-06T10:05:00.6862720Z   Downloaded icu_provider v2.2.0
licenses	Run cargo install cargo-deny --version 0.20.2 --locked	2026-10-06T10:05:00.6880561Z   Downloaded log v0.4.29
licenses	Run cargo install cargo-deny --version 0.20.2 --locked	2026-10-06T10:05:00.6895608Z   Downloaded memmap2 v0.9.11
licenses	Run cargo install cargo-deny --version 0.20.2 --locked	2026-10-06T10:05:00.6906191Z   Downloaded proc-macro2 v1.0.106
licenses	Run cargo install cargo-deny --version 0.20.2 --locked	2026-10-06T10:05:00.6925333Z   Downloaded krates v0.21.2
licenses	Run cargo install cargo-deny --version 0.20.2 --locked	2026-10-06T10:05:00.6941028Z   Downloaded http v1.4.0
licenses	Run cargo install cargo-deny --version 0.20.2 --locked	2026-10-06T10:05:00.6965663Z   Downloaded icu_properties v2.2.0
licenses	Run cargo install cargo-deny --version 0.20.2 --locked	2026-10-06T10:05:00.6983784Z   Downloaded serde_derive v1.0.228
licenses	Run cargo install cargo-deny --version 0.20.2 --locked	2026-10-06T10:05:00.7005798Z   Downloaded version_check v0.9.5
licenses	Run cargo install cargo-deny --version 0.20.2 --locked	2026-10-06T10:05:00.7012866Z   Downloaded tap v1.0.1
licenses	Run cargo install cargo-deny --version 0.20.2 --locked	2026-10-06T10:05:00.7018375Z   Downloaded zerofrom v0.1.8
licenses	Run cargo install cargo-deny --version 0.20.2 --locked	2026-10-06T10:05:00.7024239Z   Downloaded borsh v1.6.1
licenses	Run cargo install cargo-deny --version 0.20.2 --locked	2026-10-06T10:05:00.7062908Z   Downloaded crossbeam-channel v0.5.15
licenses	Run cargo install cargo-deny --version 0.20.2 --locked	2026-10-06T10:05:00.7088343Z   Downloaded icu_locale_core v2.2.0
licenses	Run cargo install cargo-deny --version 0.20.2 --locked	2026-10-06T10:05:00.7125890Z   Downloaded icu_normalizer_data v2.2.0
licenses	Run cargo install cargo-deny --version 0.20.2 --locked	2026-10-06T10:05:00.7142362Z   Downloaded rayon-core v1.13.0
licenses	Run cargo install cargo-deny --version 0.20.2 --locked	2026-10-06T10:05:00.7165707Z   Downloaded icu_collections v2.2.0
licenses	Run cargo install cargo-deny --version 0.20.2 --locked	2026-10-06T10:05:00.7204715Z   Downloaded icu_normalizer v2.2.0
licenses	Run cargo install cargo-deny --version 0.20.2 --locked	2026-10-06T10:05:00.7228288Z   Downloaded indexmap v2.14.0
licenses	Run cargo install cargo-deny --version 0.20.2 --locked	2026-10-06T10:05:00.7255286Z   Downloaded memchr v2.8.0
licenses	Run cargo install cargo-deny --version 0.20.2 --locked	2026-10-06T10:05:00.7287690Z   Downloaded hashbrown v0.17.1
licenses	Run cargo install cargo-deny --version 0.20.2 --locked	2026-10-06T10:05:00.7321081Z   Downloaded clap_builder v4.6.0
licenses	Run cargo install cargo-deny --version 0.20.2 --locked	2026-10-06T10:05:00.7360545Z   Downloaded idna v1.1.0
licenses	Run cargo install cargo-deny --version 0.20.2 --locked	2026-10-06T10:05:00.7387187Z   Downloaded regex v1.12.3
licenses	Run cargo install cargo-deny --version 0.20.2 --locked	2026-10-06T10:05:00.7421162Z   Downloaded hashbrown v0.15.5
licenses	Run cargo install cargo-deny --version 0.20.2 --locked	2026-10-06T10:05:00.7452561Z   Downloaded rayon v1.12.0
licenses	Run cargo install cargo-deny --version 0.20.2 --locked	2026-10-06T10:05:00.7506094Z   Downloaded serde_json v1.0.150
licenses	Run cargo install cargo-deny --version 0.20.2 --locked	2026-10-06T10:05:00.7549932Z   Downloaded icu_properties_data v2.2.0
licenses	Run cargo install cargo-deny --version 0.20.2 --locked	2026-10-06T10:05:00.7609651Z   Downloaded utf8parse v0.2.2
licenses	Run cargo install cargo-deny --version 0.20.2 --locked	2026-10-06T10:05:00.7615367Z   Downloaded goblin v0.10.5
licenses	Run cargo install cargo-deny --version 0.20.2 --locked	2026-10-06T10:05:00.7661564Z   Downloaded fern v0.7.1
licenses	Run cargo install cargo-deny --version 0.20.2 --locked	2026-10-06T10:05:00.7690676Z   Downloaded regex-syntax v0.8.10
licenses	Run cargo install cargo-deny --version 0.20.2 --locked	2026-10-06T10:05:00.7738595Z   Downloaded bstr v1.12.1
licenses	Run cargo install cargo-deny --version 0.20.2 --locked	2026-10-06T10:05:00.7791816Z   Downloaded thiserror-impl v2.0.18
licenses	Run cargo install cargo-deny --version 0.20.2 --locked	2026-10-06T10:05:00.7800592Z   Downloaded yoke-derive v0.8.2
licenses	Run cargo install cargo-deny --version 0.20.2 --locked	2026-10-06T10:05:00.7809365Z   Downloaded zstd-safe v7.2.4
licenses	Run cargo install cargo-deny --version 0.20.2 --locked	2026-10-06T10:05:00.7820635Z   Downloaded regex-automata v0.4.14
licenses	Run cargo install cargo-deny --version 0.20.2 --locked	2026-10-06T10:05:00.7915212Z   Downloaded jiff v0.2.24
licenses	Run cargo install cargo-deny --version 0.20.2 --locked	2026-10-06T10:05:00.8031929Z   Downloaded petgraph v0.8.1
licenses	Run cargo install cargo-deny --version 0.20.2 --locked	2026-10-06T10:05:00.8166202Z   Downloaded libc v0.2.186
licenses	Run cargo install cargo-deny --version 0.20.2 --locked	2026-10-06T10:05:00.8388586Z   Downloaded wyz v0.5.1
licenses	Run cargo install cargo-deny --version 0.20.2 --locked	2026-10-06T10:05:00.8395769Z   Downloaded ring v0.17.14
licenses	Run cargo install cargo-deny --version 0.20.2 --locked	2026-10-06T10:05:00.8660816Z   Downloaded writeable v0.6.3
licenses	Run cargo install cargo-deny --version 0.20.2 --locked	2026-10-06T10:05:00.8672639Z   Downloaded target-lexicon v0.13.3
licenses	Run cargo install cargo-deny --version 0.20.2 --locked	2026-10-06T10:05:00.8684785Z   Downloaded zstd v0.13.3
licenses	Run cargo install cargo-deny --version 0.20.2 --locked	2026-10-06T10:05:00.8700882Z   Downloaded spdx v0.13.4
licenses	Run cargo install cargo-deny --version 0.20.2 --locked	2026-10-06T10:05:00.9063583Z   Downloaded tinystr v0.8.3
licenses	Run cargo install cargo-deny --version 0.20.2 --locked	2026-10-06T10:05:00.9076362Z   Downloaded walkdir v2.5.0
licenses	Run cargo install cargo-deny --version 0.20.2 --locked	2026-10-06T10:05:00.9086560Z   Downloaded thiserror v2.0.18
licenses	Run cargo install cargo-deny --version 0.20.2 --locked	2026-10-06T10:05:00.9119329Z   Downloaded untrusted v0.9.0
licenses	Run cargo install cargo-deny --version 0.20.2 --locked	2026-10-06T10:05:00.9127940Z   Downloaded yoke v0.8.2
licenses	Run cargo install cargo-deny --version 0.20.2 --locked	2026-10-06T10:05:00.9139227Z   Downloaded zmij v1.0.21
licenses	Run cargo install cargo-deny --version 0.20.2 --locked	2026-10-06T10:05:00.9149495Z   Downloaded unicode-ident v1.0.24
licenses	Run cargo install cargo-deny --version 0.20.2 --locked	2026-10-06T10:05:00.9166873Z   Downloaded zerovec-derive v0.11.3
licenses	Run cargo install cargo-deny --version 0.20.2 --locked	2026-10-06T10:05:00.9176705Z   Downloaded tame-index v0.26.3
licenses	Run cargo install cargo-deny --version 0.20.2 --locked	2026-10-06T10:05:00.9201601Z   Downloaded url v2.5.8
licenses	Run cargo install cargo-deny --version 0.20.2 --locked	2026-10-06T10:05:00.9218876Z   Downloaded zerotrie v0.2.4
licenses	Run cargo install cargo-deny --version 0.20.2 --locked	2026-10-06T10:05:00.9242759Z   Downloaded typenum v1.20.0
licenses	Run cargo install cargo-deny --version 0.20.2 --locked	2026-10-06T10:05:00.9265119Z   Downloaded zerovec v0.11.6
licenses	Run cargo install cargo-deny --version 0.20.2 --locked	2026-10-06T10:05:00.9308306Z   Downloaded unicode-normalization v0.1.25
licenses	Run cargo install cargo-deny --version 0.20.2 --locked	2026-10-06T10:05:00.9332625Z   Downloaded unicode-width v0.2.2
licenses	Run cargo install cargo-deny --version 0.20.2 --locked	2026-10-06T10:05:00.9377651Z   Downloaded syn v2.0.117
licenses	Run cargo install cargo-deny --version 0.20.2 --locked	2026-10-06T10:05:00.9443220Z   Downloaded zstd-sys v2.0.16+zstd.1.5.7
licenses	Run cargo install cargo-deny --version 0.20.2 --locked	2026-10-06T10:05:00.9849460Z    Compiling proc-macro2 v1.0.106
licenses	Run cargo install cargo-deny --version 0.20.2 --locked	2026-10-06T10:05:00.9850155Z    Compiling quote v1.0.45
licenses	Run cargo install cargo-deny --version 0.20.2 --locked	2026-10-06T10:05:00.9850409Z    Compiling unicode-ident v1.0.24
licenses	Run cargo install cargo-deny --version 0.20.2 --locked	2026-10-06T10:05:00.9850656Z    Compiling libc v0.2.186
licenses	Run cargo install cargo-deny --version 0.20.2 --locked	2026-10-06T10:05:01.0397616Z    Compiling stable_deref_trait v1.2.1
licenses	Run cargo install cargo-deny --version 0.20.2 --locked	2026-10-06T10:05:01.0593717Z    Compiling serde_core v1.0.228
licenses	Run cargo install cargo-deny --version 0.20.2 --locked	2026-10-06T10:05:01.1227332Z    Compiling smallvec v1.15.1
licenses	Run cargo install cargo-deny --version 0.20.2 --locked	2026-10-06T10:05:01.2177820Z    Compiling find-msvc-tools v0.1.9
licenses	Run cargo install cargo-deny --version 0.20.2 --locked	2026-10-06T10:05:01.3037296Z    Compiling shlex v1.3.0
licenses	Run cargo install cargo-deny --version 0.20.2 --locked	2026-10-06T10:05:01.3982659Z    Compiling crossbeam-utils v0.8.21
licenses	Run cargo install cargo-deny --version 0.20.2 --locked	2026-10-06T10:05:01.5148038Z    Compiling memchr v2.8.0
licenses	Run cargo install cargo-deny --version 0.20.2 --locked	2026-10-06T10:05:01.8868285Z    Compiling syn v2.0.117
licenses	Run cargo install cargo-deny --version 0.20.2 --locked	2026-10-06T10:05:02.0377445Z    Compiling jobserver v0.1.34
licenses	Run cargo install cargo-deny --version 0.20.2 --locked	2026-10-06T10:05:02.2887285Z    Compiling cc v1.2.62
licenses	Run cargo install cargo-deny --version 0.20.2 --locked	2026-10-06T10:05:02.7992186Z    Compiling serde v1.0.228
licenses	Run cargo install cargo-deny --version 0.20.2 --locked	2026-10-06T10:05:02.9237467Z    Compiling version_check v0.9.5
licenses	Run cargo install cargo-deny --version 0.20.2 --locked	2026-10-06T10:05:03.1037340Z    Compiling generic-array v0.14.7
licenses	Run cargo install cargo-deny --version 0.20.2 --locked	2026-10-06T10:05:03.1837372Z    Compiling crossbeam-epoch v0.9.20
licenses	Run cargo install cargo-deny --version 0.20.2 --locked	2026-10-06T10:05:03.2727897Z    Compiling pkg-config v0.3.33
licenses	Run cargo install cargo-deny --version 0.20.2 --locked	2026-10-06T10:05:03.5957433Z    Compiling writeable v0.6.3
licenses	Run cargo install cargo-deny --version 0.20.2 --locked	2026-10-06T10:05:03.6307623Z    Compiling litemap v0.8.2
licenses	Run cargo install cargo-deny --version 0.20.2 --locked	2026-10-06T10:05:03.6707083Z    Compiling zstd-sys v2.0.16+zstd.1.5.7
licenses	Run cargo install cargo-deny --version 0.20.2 --locked	2026-10-06T10:05:03.7916948Z    Compiling synstructure v0.13.2
licenses	Run cargo install cargo-deny --version 0.20.2 --locked	2026-10-06T10:05:03.8531059Z    Compiling icu_normalizer_data v2.2.0
licenses	Run cargo install cargo-deny --version 0.20.2 --locked	2026-10-06T10:05:03.9177133Z    Compiling typenum v1.20.0
licenses	Run cargo install cargo-deny --version 0.20.2 --locked	2026-10-06T10:05:04.1637081Z    Compiling utf8_iter v1.0.4
licenses	Run cargo install cargo-deny --version 0.20.2 --locked	2026-10-06T10:05:04.2388761Z    Compiling cfg-if v1.0.4
licenses	Run cargo install cargo-deny --version 0.20.2 --locked	2026-10-06T10:05:04.2707310Z    Compiling icu_properties_data v2.2.0
licenses	Run cargo install cargo-deny --version 0.20.2 --locked	2026-10-06T10:05:04.5847427Z    Compiling zerofrom-derive v0.1.7
licenses	Run cargo install cargo-deny --version 0.20.2 --locked	2026-10-06T10:05:04.6381658Z    Compiling yoke-derive v0.8.2
licenses	Run cargo install cargo-deny --version 0.20.2 --locked	2026-10-06T10:05:05.0162637Z    Compiling zerovec-derive v0.11.3
licenses	Run cargo install cargo-deny --version 0.20.2 --locked	2026-10-06T10:05:05.0859977Z    Compiling zerofrom v0.1.8
licenses	Run cargo install cargo-deny --version 0.20.2 --locked	2026-10-06T10:05:05.1283417Z    Compiling displaydoc v0.2.5
licenses	Run cargo install cargo-deny --version 0.20.2 --locked	2026-10-06T10:05:05.1435909Z    Compiling yoke v0.8.2
licenses	Run cargo install cargo-deny --version 0.20.2 --locked	2026-10-06T10:05:05.2697478Z    Compiling serde_derive v1.0.228
licenses	Run cargo install cargo-deny --version 0.20.2 --locked	2026-10-06T10:05:05.5189387Z    Compiling zerotrie v0.2.4
licenses	Run cargo install cargo-deny --version 0.20.2 --locked	2026-10-06T10:05:05.7587539Z    Compiling zerovec v0.11.6
licenses	Run cargo install cargo-deny --version 0.20.2 --locked	2026-10-06T10:05:06.0617639Z    Compiling zmij v1.0.21
licenses	Run cargo install cargo-deny --version 0.20.2 --locked	2026-10-06T10:05:06.1677139Z    Compiling crossbeam-deque v0.8.6
licenses	Run cargo install cargo-deny --version 0.20.2 --locked	2026-10-06T10:05:06.2718023Z    Compiling tinystr v0.8.3
licenses	Run cargo install cargo-deny --version 0.20.2 --locked	2026-10-06T10:05:06.3019090Z    Compiling potential_utf v0.1.5
licenses	Run cargo install cargo-deny --version 0.20.2 --locked	2026-10-06T10:05:06.3707377Z    Compiling icu_collections v2.2.0
licenses	Run cargo install cargo-deny --version 0.20.2 --locked	2026-10-06T10:05:06.4017695Z    Compiling icu_locale_core v2.2.0
licenses	Run cargo install cargo-deny --version 0.20.2 --locked	2026-10-06T10:05:06.8717712Z    Compiling aho-corasick v1.1.4
licenses	Run cargo install cargo-deny --version 0.20.2 --locked	2026-10-06T10:05:08.1027600Z    Compiling icu_provider v2.2.0
licenses	Run cargo install cargo-deny --version 0.20.2 --locked	2026-10-06T10:05:08.3117469Z    Compiling utf8parse v0.2.2
licenses	Run cargo install cargo-deny --version 0.20.2 --locked	2026-10-06T10:05:08.3647389Z    Compiling serde_json v1.0.150
licenses	Run cargo install cargo-deny --version 0.20.2 --locked	2026-10-06T10:05:08.4347206Z    Compiling termcolor v1.4.1
licenses	Run cargo install cargo-deny --version 0.20.2 --locked	2026-10-06T10:05:08.4767379Z    Compiling itoa v1.0.18
licenses	Run cargo install cargo-deny --version 0.20.2 --locked	2026-10-06T10:05:08.6007264Z    Compiling equivalent v1.0.2
licenses	Run cargo install cargo-deny --version 0.20.2 --locked	2026-10-06T10:05:08.6212785Z    Compiling target-lexicon v0.13.3
licenses	Run cargo install cargo-deny --version 0.20.2 --locked	2026-10-06T10:05:08.7277112Z    Compiling unicode-width v0.2.2
licenses	Run cargo install cargo-deny --version 0.20.2 --locked	2026-10-06T10:05:08.8658600Z    Compiling regex-syntax v0.8.10
licenses	Run cargo install cargo-deny --version 0.20.2 --locked	2026-10-06T10:05:08.9147315Z    Compiling camino v1.2.2
licenses	Run cargo install cargo-deny --version 0.20.2 --locked	2026-10-06T10:05:09.0382782Z    Compiling rayon-core v1.13.0
licenses	Run cargo install cargo-deny --version 0.20.2 --locked	2026-10-06T10:05:09.1027209Z    Compiling zstd-safe v7.2.4
licenses	Run cargo install cargo-deny --version 0.20.2 --locked	2026-10-06T10:05:09.1917409Z    Compiling codespan-reporting v0.13.1
licenses	Run cargo install cargo-deny --version 0.20.2 --locked	2026-10-06T10:05:09.8765983Z    Compiling anstyle-parse v1.0.0
licenses	Run cargo install cargo-deny --version 0.20.2 --locked	2026-10-06T10:05:09.9885802Z    Compiling icu_normalizer v2.2.0
licenses	Run cargo install cargo-deny --version 0.20.2 --locked	2026-10-06T10:05:10.0000552Z    Compiling icu_properties v2.2.0
licenses	Run cargo install cargo-deny --version 0.20.2 --locked	2026-10-06T10:05:10.7527425Z    Compiling regex-automata v0.4.14
licenses	Run cargo install cargo-deny --version 0.20.2 --locked	2026-10-06T10:05:11.4551904Z    Compiling block-buffer v0.10.4
licenses	Run cargo install cargo-deny --version 0.20.2 --locked	2026-10-06T10:05:11.5257246Z    Compiling crypto-common v0.1.7
licenses	Run cargo install cargo-deny --version 0.20.2 --locked	2026-10-06T10:05:11.5717197Z    Compiling hashbrown v0.17.1
licenses	Run cargo install cargo-deny --version 0.20.2 --locked	2026-10-06T10:05:12.2165561Z    Compiling thiserror v2.0.18
licenses	Run cargo install cargo-deny --version 0.20.2 --locked	2026-10-06T10:05:12.3637308Z    Compiling anstyle v1.0.14
licenses	Run cargo install cargo-deny --version 0.20.2 --locked	2026-10-06T10:05:12.4841068Z    Compiling is_terminal_polyfill v1.70.2
licenses	Run cargo install cargo-deny --version 0.20.2 --locked	2026-10-06T10:05:12.5045980Z    Compiling tinyvec_macros v0.1.1
licenses	Run cargo install cargo-deny --version 0.20.2 --locked	2026-10-06T10:05:12.5208860Z    Compiling foldhash v0.1.5
licenses	Run cargo install cargo-deny --version 0.20.2 --locked	2026-10-06T10:05:12.5891524Z    Compiling colorchoice v1.0.5
licenses	Run cargo install cargo-deny --version 0.20.2 --locked	2026-10-06T10:05:12.6152594Z    Compiling anstyle-query v1.1.5
licenses	Run cargo install cargo-deny --version 0.20.2 --locked	2026-10-06T10:05:12.6537319Z    Compiling parking_lot_core v0.9.12
licenses	Run cargo install cargo-deny --version 0.20.2 --locked	2026-10-06T10:05:12.7427248Z    Compiling radium v0.7.0
licenses	Run cargo install cargo-deny --version 0.20.2 --locked	2026-10-06T10:05:12.8239261Z    Compiling log v0.4.29
licenses	Run cargo install cargo-deny --version 0.20.2 --locked	2026-10-06T10:05:12.9557137Z    Compiling allocator-api2 v0.2.21
licenses	Run cargo install cargo-deny --version 0.20.2 --locked	2026-10-06T10:05:13.0377470Z    Compiling anstream v1.0.0
licenses	Run cargo install cargo-deny --version 0.20.2 --locked	2026-10-06T10:05:13.2737663Z    Compiling hashbrown v0.15.5
licenses	Run cargo install cargo-deny --version 0.20.2 --locked	2026-10-06T10:05:13.2987660Z    Compiling tinyvec v1.11.0
licenses	Run cargo install cargo-deny --version 0.20.2 --locked	2026-10-06T10:05:13.7257456Z    Compiling indexmap v2.14.0
licenses	Run cargo install cargo-deny --version 0.20.2 --locked	2026-10-06T10:05:13.8837366Z    Compiling digest v0.10.7
licenses	Run cargo install cargo-deny --version 0.20.2 --locked	2026-10-06T10:05:14.5891486Z    Compiling idna_adapter v1.2.2
licenses	Run cargo install cargo-deny --version 0.20.2 --locked	2026-10-06T10:05:15.6377344Z    Compiling thiserror-impl v2.0.18
licenses	Run cargo install cargo-deny --version 0.20.2 --locked	2026-10-06T10:05:16.2587737Z    Compiling scroll_derive v0.13.1
licenses	Run cargo install cargo-deny --version 0.20.2 --locked	2026-10-06T10:05:16.5327330Z    Compiling ring v0.17.14
licenses	Run cargo install cargo-deny --version 0.20.2 --locked	2026-10-06T10:05:16.5617419Z    Compiling semver v1.0.28
licenses	Run cargo install cargo-deny --version 0.20.2 --locked	2026-10-06T10:05:16.7984963Z    Compiling percent-encoding v2.3.2
licenses	Run cargo install cargo-deny --version 0.20.2 --locked	2026-10-06T10:05:16.8077941Z    Compiling anyhow v1.0.103
licenses	Run cargo install cargo-deny --version 0.20.2 --locked	2026-10-06T10:05:16.9178758Z    Compiling clap_lex v1.1.0
licenses	Run cargo install cargo-deny --version 0.20.2 --locked	2026-10-06T10:05:16.9304684Z    Compiling fixedbitset v0.5.7
licenses	Run cargo install cargo-deny --version 0.20.2 --locked	2026-10-06T10:05:16.9316688Z    Compiling strsim v0.11.1
licenses	Run cargo install cargo-deny --version 0.20.2 --locked	2026-10-06T10:05:17.1007493Z    Compiling tap v1.0.1
licenses	Run cargo install cargo-deny --version 0.20.2 --locked	2026-10-06T10:05:17.1498291Z    Compiling heck v0.5.0
licenses	Run cargo install cargo-deny --version 0.20.2 --locked	2026-10-06T10:05:17.1917556Z    Compiling scopeguard v1.2.0
licenses	Run cargo install cargo-deny --version 0.20.2 --locked	2026-10-06T10:05:17.2160148Z    Compiling cpufeatures v0.2.17
licenses	Run cargo install cargo-deny --version 0.20.2 --locked	2026-10-06T10:05:17.2370447Z    Compiling either v1.16.0
licenses	Run cargo install cargo-deny --version 0.20.2 --locked	2026-10-06T10:05:17.2560886Z    Compiling bytes v1.11.1
licenses	Run cargo install cargo-deny --version 0.20.2 --locked	2026-10-06T10:05:17.3532378Z    Compiling strum_macros v0.28.0
licenses	Run cargo install cargo-deny --version 0.20.2 --locked	2026-10-06T10:05:17.3742840Z    Compiling rayon v1.12.0
licenses	Run cargo install cargo-deny --version 0.20.2 --locked	2026-10-06T10:05:17.8287275Z    Compiling http v1.4.0
licenses	Run cargo install cargo-deny --version 0.20.2 --locked	2026-10-06T10:05:19.0067354Z    Compiling sha2 v0.10.9
licenses	Run cargo install cargo-deny --version 0.20.2 --locked	2026-10-06T10:05:19.0977344Z    Compiling lock_api v0.4.14
licenses	Run cargo install cargo-deny --version 0.20.2 --locked	2026-10-06T10:05:19.2797353Z    Compiling wyz v0.5.1
licenses	Run cargo install cargo-deny --version 0.20.2 --locked	2026-10-06T10:05:19.4167147Z    Compiling petgraph v0.8.1
licenses	Run cargo install cargo-deny --version 0.20.2 --locked	2026-10-06T10:05:19.7117313Z    Compiling clap_builder v4.6.0
licenses	Run cargo install cargo-deny --version 0.20.2 --locked	2026-10-06T10:05:19.8677969Z    Compiling form_urlencoded v1.2.2
licenses	Run cargo install cargo-deny --version 0.20.2 --locked	2026-10-06T10:05:20.0037243Z    Compiling scroll v0.13.0
licenses	Run cargo install cargo-deny --version 0.20.2 --locked	2026-10-06T10:05:21.1607349Z    Compiling cfg-expr v0.20.7
licenses	Run cargo install cargo-deny --version 0.20.2 --locked	2026-10-06T10:05:21.8048124Z    Compiling idna v1.1.0
licenses	Run cargo install cargo-deny --version 0.20.2 --locked	2026-10-06T10:05:23.0207323Z    Compiling unicode-normalization v0.1.25
licenses	Run cargo install cargo-deny --version 0.20.2 --locked	2026-10-06T10:05:23.9172377Z    Compiling regex v1.12.3
licenses	Run cargo install cargo-deny --version 0.20.2 --locked	2026-10-06T10:05:24.9174423Z    Compiling toml-span v0.7.1
licenses	Run cargo install cargo-deny --version 0.20.2 --locked	2026-10-06T10:05:26.3898911Z    Compiling smol_str v0.3.2
licenses	Run cargo install cargo-deny --version 0.20.2 --locked	2026-10-06T10:05:26.5186822Z    Compiling getrandom v0.2.17
licenses	Run cargo install cargo-deny --version 0.20.2 --locked	2026-10-06T10:05:26.5620280Z    Compiling crossbeam-channel v0.5.15
licenses	Run cargo install cargo-deny --version 0.20.2 --locked	2026-10-06T10:05:26.6042758Z    Compiling crossbeam-queue v0.3.12
licenses	Run cargo install cargo-deny --version 0.20.2 --locked	2026-10-06T10:05:26.6907513Z    Compiling bstr v1.12.1
licenses	Run cargo install cargo-deny --version 0.20.2 --locked	2026-10-06T10:05:27.0290990Z    Compiling rustc-stable-hash v0.1.2
licenses	Run cargo install cargo-deny --version 0.20.2 --locked	2026-10-06T10:05:27.1218979Z    Compiling funty v2.0.0
licenses	Run cargo install cargo-deny --version 0.20.2 --locked	2026-10-06T10:05:27.1997625Z    Compiling untrusted v0.9.0
licenses	Run cargo install cargo-deny --version 0.20.2 --locked	2026-10-06T10:05:27.2507302Z    Compiling same-file v1.0.6
licenses	Run cargo install cargo-deny --version 0.20.2 --locked	2026-10-06T10:05:27.3137875Z    Compiling plain v0.2.3
licenses	Run cargo install cargo-deny --version 0.20.2 --locked	2026-10-06T10:05:27.3561824Z    Compiling twox-hash v2.1.2
licenses	Run cargo install cargo-deny --version 0.20.2 --locked	2026-10-06T10:05:27.4537280Z    Compiling tame-index v0.26.3
licenses	Run cargo install cargo-deny --version 0.20.2 --locked	2026-10-06T10:05:27.7942954Z    Compiling bitvec v1.0.1
licenses	Run cargo install cargo-deny --version 0.20.2 --locked	2026-10-06T10:05:30.2825146Z    Compiling goblin v0.10.5
licenses	Run cargo install cargo-deny --version 0.20.2 --locked	2026-10-06T10:05:30.4997116Z    Compiling walkdir v2.5.0
licenses	Run cargo install cargo-deny --version 0.20.2 --locked	2026-10-06T10:05:30.8335091Z    Compiling globset v0.4.18
licenses	Run cargo install cargo-deny --version 0.20.2 --locked	2026-10-06T10:05:32.0955375Z    Compiling crossbeam v0.8.4
licenses	Run cargo install cargo-deny --version 0.20.2 --locked	2026-10-06T10:05:32.1259239Z    Compiling parking_lot v0.12.5
licenses	Run cargo install cargo-deny --version 0.20.2 --locked	2026-10-06T10:05:32.5696943Z    Compiling url v2.5.8
licenses	Run cargo install cargo-deny --version 0.20.2 --locked	2026-10-06T10:05:33.9738182Z    Compiling clap v4.6.1
licenses	Run cargo install cargo-deny --version 0.20.2 --locked	2026-10-06T10:05:33.9971091Z    Compiling krates v0.21.2
licenses	Run cargo install cargo-deny --version 0.20.2 --locked	2026-10-06T10:05:36.6857205Z    Compiling strum v0.28.0
licenses	Run cargo install cargo-deny --version 0.20.2 --locked	2026-10-06T10:05:36.7229460Z    Compiling fern v0.7.1
licenses	Run cargo install cargo-deny --version 0.20.2 --locked	2026-10-06T10:05:36.9057713Z    Compiling codespan v0.13.1
licenses	Run cargo install cargo-deny --version 0.20.2 --locked	2026-10-06T10:05:37.1811863Z    Compiling memmap2 v0.9.11
licenses	Run cargo install cargo-deny --version 0.20.2 --locked	2026-10-06T10:05:37.3437349Z    Compiling nu-ansi-term v0.50.3
licenses	Run cargo install cargo-deny --version 0.20.2 --locked	2026-10-06T10:05:37.4594987Z    Compiling jiff v0.2.24
licenses	Run cargo install cargo-deny --version 0.20.2 --locked	2026-10-06T10:05:44.8945391Z    Compiling zstd v0.13.3
licenses	Run cargo install cargo-deny --version 0.20.2 --locked	2026-10-06T10:05:45.0257436Z    Compiling spdx v0.13.4
licenses	Run cargo install cargo-deny --version 0.20.2 --locked	2026-10-06T10:05:45.4435326Z    Compiling cargo-deny v0.20.2
licenses	Run cargo install cargo-deny --version 0.20.2 --locked	2026-10-06T10:06:46.3751500Z     Finished `release` profile [optimized] target(s) in 1m 46s
licenses	Run cargo install cargo-deny --version 0.20.2 --locked	2026-10-06T10:06:46.3859638Z   Installing /home/runner/.cargo/bin/cargo-deny
licenses	Run cargo install cargo-deny --version 0.20.2 --locked	2026-10-06T10:06:46.3862231Z    Installed package `cargo-deny v0.20.2` (executable `cargo-deny`)
licenses	Run cargo deny check licenses bans advisories sources	﻿2026-10-06T10:06:46.4800118Z ##[group]Run cargo deny check licenses bans advisories sources
licenses	Run cargo deny check licenses bans advisories sources	2026-10-06T10:06:46.4800717Z [36;1mcargo deny check licenses bans advisories sources[0m
licenses	Run cargo deny check licenses bans advisories sources	2026-10-06T10:06:46.4837108Z shell: /usr/bin/bash -e {0}
licenses	Run cargo deny check licenses bans advisories sources	2026-10-06T10:06:46.4837389Z ##[endgroup]
licenses	Run cargo deny check licenses bans advisories sources	2026-10-06T10:06:47.3983430Z warning[duplicate]: found 2 duplicate entries for crate 'rand_chacha'
licenses	Run cargo deny check licenses bans advisories sources	2026-10-06T10:06:47.3984703Z    ┌─ /home/runner/work/OpenHOI4/OpenHOI4/Cargo.lock:61:1
licenses	Run cargo deny check licenses bans advisories sources	2026-10-06T10:06:47.3985453Z    │
licenses	Run cargo deny check licenses bans advisories sources	2026-10-06T10:06:47.3986444Z 61 │ ╭ rand_chacha 0.9.0 registry+https://github.com/rust-lang/crates.io-index
licenses	Run cargo deny check licenses bans advisories sources	2026-10-06T10:06:47.3987534Z 62 │ │ rand_chacha 0.10.0 registry+https://github.com/rust-lang/crates.io-index
licenses	Run cargo deny check licenses bans advisories sources	2026-10-06T10:06:47.3988820Z    │ ╰────────────────────────────────────────────────────────────────────────┘ lock entries
licenses	Run cargo deny check licenses bans advisories sources	2026-10-06T10:06:47.3989744Z    │
licenses	Run cargo deny check licenses bans advisories sources	2026-10-06T10:06:47.3990185Z    ├ rand_chacha v0.9.0
licenses	Run cargo deny check licenses bans advisories sources	2026-10-06T10:06:47.3990756Z      ├── proptest v1.11.0
licenses	Run cargo deny check licenses bans advisories sources	2026-10-06T10:06:47.3991394Z      │   └── (dev) oh_core v0.1.0
licenses	Run cargo deny check licenses bans advisories sources	2026-10-06T10:06:47.3992063Z      │       ├── oh_data v0.1.0
licenses	Run cargo deny check licenses bans advisories sources	2026-10-06T10:06:47.3992676Z      │       │   ├── oh_cli v0.1.0
licenses	Run cargo deny check licenses bans advisories sources	2026-10-06T10:06:47.3993261Z      │       │   ├── oh_server v0.1.0
licenses	Run cargo deny check licenses bans advisories sources	2026-10-06T10:06:47.3993848Z      │       │   └── oh_sim v0.1.0
licenses	Run cargo deny check licenses bans advisories sources	2026-10-06T10:06:47.3994409Z      │       │       ├── oh_ai v0.1.0
licenses	Run cargo deny check licenses bans advisories sources	2026-10-06T10:06:47.3995013Z      │       │       │   ├── oh_cli v0.1.0 (*)
licenses	Run cargo deny check licenses bans advisories sources	2026-10-06T10:06:47.3995753Z      │       │       │   └── oh_server v0.1.0 (*)
licenses	Run cargo deny check licenses bans advisories sources	2026-10-06T10:06:47.3996579Z      │       │       ├── oh_cli v0.1.0 (*)
licenses	Run cargo deny check licenses bans advisories sources	2026-10-06T10:06:47.3997170Z      │       │       ├── oh_proto v0.1.0
licenses	Run cargo deny check licenses bans advisories sources	2026-10-06T10:06:47.3997778Z      │       │       │   └── oh_server v0.1.0 (*)
licenses	Run cargo deny check licenses bans advisories sources	2026-10-06T10:06:47.3998410Z      │       │       ├── oh_save v0.1.0
licenses	Run cargo deny check licenses bans advisories sources	2026-10-06T10:06:47.3999048Z      │       │       │   ├── oh_cli v0.1.0 (*)
licenses	Run cargo deny check licenses bans advisories sources	2026-10-06T10:06:47.3999662Z      │       │       │   └── oh_server v0.1.0 (*)
licenses	Run cargo deny check licenses bans advisories sources	2026-10-06T10:06:47.4000349Z      │       │       └── oh_server v0.1.0 (*)
licenses	Run cargo deny check licenses bans advisories sources	2026-10-06T10:06:47.4000913Z      │       ├── oh_server v0.1.0 (*)
licenses	Run cargo deny check licenses bans advisories sources	2026-10-06T10:06:47.4001559Z      │       └── oh_sim v0.1.0 (*)
licenses	Run cargo deny check licenses bans advisories sources	2026-10-06T10:06:47.4002109Z      └── rand v0.9.5
licenses	Run cargo deny check licenses bans advisories sources	2026-10-06T10:06:47.4002657Z          ├── proptest v1.11.0 (*)
licenses	Run cargo deny check licenses bans advisories sources	2026-10-06T10:06:47.4003276Z          └── tungstenite v0.29.0
licenses	Run cargo deny check licenses bans advisories sources	2026-10-06T10:06:47.4003890Z              └── tokio-tungstenite v0.29.0
licenses	Run cargo deny check licenses bans advisories sources	2026-10-06T10:06:47.4004490Z                  └── axum v0.8.9
licenses	Run cargo deny check licenses bans advisories sources	2026-10-06T10:06:47.4005071Z                      └── oh_server v0.1.0 (*)
licenses	Run cargo deny check licenses bans advisories sources	2026-10-06T10:06:47.4005633Z    ├ rand_chacha v0.10.0
licenses	Run cargo deny check licenses bans advisories sources	2026-10-06T10:06:47.4006152Z      └── oh_core v0.1.0
licenses	Run cargo deny check licenses bans advisories sources	2026-10-06T10:06:47.4006790Z          ├── oh_data v0.1.0
licenses	Run cargo deny check licenses bans advisories sources	2026-10-06T10:06:47.4007322Z          │   ├── oh_cli v0.1.0
licenses	Run cargo deny check licenses bans advisories sources	2026-10-06T10:06:47.4007822Z          │   ├── oh_server v0.1.0
licenses	Run cargo deny check licenses bans advisories sources	2026-10-06T10:06:47.4008407Z          │   └── oh_sim v0.1.0
licenses	Run cargo deny check licenses bans advisories sources	2026-10-06T10:06:47.4008910Z          │       ├── oh_ai v0.1.0
licenses	Run cargo deny check licenses bans advisories sources	2026-10-06T10:06:47.4009661Z          │       │   ├── oh_cli v0.1.0 (*)
licenses	Run cargo deny check licenses bans advisories sources	2026-10-06T10:06:47.4010262Z          │       │   └── oh_server v0.1.0 (*)
licenses	Run cargo deny check licenses bans advisories sources	2026-10-06T10:06:47.4010885Z          │       ├── oh_cli v0.1.0 (*)
licenses	Run cargo deny check licenses bans advisories sources	2026-10-06T10:06:47.4011521Z          │       ├── oh_proto v0.1.0
licenses	Run cargo deny check licenses bans advisories sources	2026-10-06T10:06:47.4012121Z          │       │   └── oh_server v0.1.0 (*)
licenses	Run cargo deny check licenses bans advisories sources	2026-10-06T10:06:47.4012788Z          │       ├── oh_save v0.1.0
licenses	Run cargo deny check licenses bans advisories sources	2026-10-06T10:06:47.4013416Z          │       │   ├── oh_cli v0.1.0 (*)
licenses	Run cargo deny check licenses bans advisories sources	2026-10-06T10:06:47.4014032Z          │       │   └── oh_server v0.1.0 (*)
licenses	Run cargo deny check licenses bans advisories sources	2026-10-06T10:06:47.4014626Z          │       └── oh_server v0.1.0 (*)
licenses	Run cargo deny check licenses bans advisories sources	2026-10-06T10:06:47.4015202Z          ├── oh_server v0.1.0 (*)
licenses	Run cargo deny check licenses bans advisories sources	2026-10-06T10:06:47.4015803Z          └── oh_sim v0.1.0 (*)
licenses	Run cargo deny check licenses bans advisories sources	2026-10-06T10:06:47.4016159Z
licenses	Run cargo deny check licenses bans advisories sources	2026-10-06T10:06:47.4017017Z warning[duplicate]: found 2 duplicate entries for crate 'rand_core'
licenses	Run cargo deny check licenses bans advisories sources	2026-10-06T10:06:47.4017907Z    ┌─ /home/runner/work/OpenHOI4/OpenHOI4/Cargo.lock:63:1
licenses	Run cargo deny check licenses bans advisories sources	2026-10-06T10:06:47.4018549Z    │
licenses	Run cargo deny check licenses bans advisories sources	2026-10-06T10:06:47.4019266Z 63 │ ╭ rand_core 0.9.5 registry+https://github.com/rust-lang/crates.io-index
licenses	Run cargo deny check licenses bans advisories sources	2026-10-06T10:06:47.4020342Z 64 │ │ rand_core 0.10.1 registry+https://github.com/rust-lang/crates.io-index
licenses	Run cargo deny check licenses bans advisories sources	2026-10-06T10:06:47.4022268Z    │ ╰──────────────────────────────────────────────────────────────────────┘ lock entries
licenses	Run cargo deny check licenses bans advisories sources	2026-10-06T10:06:47.4023193Z    │
licenses	Run cargo deny check licenses bans advisories sources	2026-10-06T10:06:47.4023620Z    ├ rand_core v0.9.5
licenses	Run cargo deny check licenses bans advisories sources	2026-10-06T10:06:47.4024123Z      ├── rand v0.9.5
licenses	Run cargo deny check licenses bans advisories sources	2026-10-06T10:06:47.4024594Z      │   ├── proptest v1.11.0
licenses	Run cargo deny check licenses bans advisories sources	2026-10-06T10:06:47.4025194Z      │   │   └── (dev) oh_core v0.1.0
licenses	Run cargo deny check licenses bans advisories sources	2026-10-06T10:06:47.4025778Z      │   │       ├── oh_data v0.1.0
licenses	Run cargo deny check licenses bans advisories sources	2026-10-06T10:06:47.4026514Z      │   │       │   ├── oh_cli v0.1.0
licenses	Run cargo deny check licenses bans advisories sources	2026-10-06T10:06:47.4027112Z      │   │       │   ├── oh_server v0.1.0
licenses	Run cargo deny check licenses bans advisories sources	2026-10-06T10:06:47.4027728Z      │   │       │   └── oh_sim v0.1.0
licenses	Run cargo deny check licenses bans advisories sources	2026-10-06T10:06:47.4028290Z      │   │       │       ├── oh_ai v0.1.0
licenses	Run cargo deny check licenses bans advisories sources	2026-10-06T10:06:47.4028886Z      │   │       │       │   ├── oh_cli v0.1.0 (*)
licenses	Run cargo deny check licenses bans advisories sources	2026-10-06T10:06:47.4127586Z      │   │       │       │   └── oh_server v0.1.0 (*)
licenses	Run cargo deny check licenses bans advisories sources	2026-10-06T10:06:47.4156591Z      │   │       │       ├── oh_cli v0.1.0 (*)
licenses	Run cargo deny check licenses bans advisories sources	2026-10-06T10:06:47.4157300Z      │   │       │       ├── oh_proto v0.1.0
licenses	Run cargo deny check licenses bans advisories sources	2026-10-06T10:06:47.4157873Z      │   │       │       │   └── oh_server v0.1.0 (*)
licenses	Run cargo deny check licenses bans advisories sources	2026-10-06T10:06:47.4158364Z      │   │       │       ├── oh_save v0.1.0
licenses	Run cargo deny check licenses bans advisories sources	2026-10-06T10:06:47.4158860Z      │   │       │       │   ├── oh_cli v0.1.0 (*)
licenses	Run cargo deny check licenses bans advisories sources	2026-10-06T10:06:47.4159376Z      │   │       │       │   └── oh_server v0.1.0 (*)
licenses	Run cargo deny check licenses bans advisories sources	2026-10-06T10:06:47.4159870Z      │   │       │       └── oh_server v0.1.0 (*)
licenses	Run cargo deny check licenses bans advisories sources	2026-10-06T10:06:47.4160365Z      │   │       ├── oh_server v0.1.0 (*)
licenses	Run cargo deny check licenses bans advisories sources	2026-10-06T10:06:47.4160833Z      │   │       └── oh_sim v0.1.0 (*)
licenses	Run cargo deny check licenses bans advisories sources	2026-10-06T10:06:47.4161270Z      │   └── tungstenite v0.29.0
licenses	Run cargo deny check licenses bans advisories sources	2026-10-06T10:06:47.4161708Z      │       └── tokio-tungstenite v0.29.0
licenses	Run cargo deny check licenses bans advisories sources	2026-10-06T10:06:47.4162135Z      │           └── axum v0.8.9
licenses	Run cargo deny check licenses bans advisories sources	2026-10-06T10:06:47.4162588Z      │               └── oh_server v0.1.0 (*)
licenses	Run cargo deny check licenses bans advisories sources	2026-10-06T10:06:47.4163027Z      ├── rand_chacha v0.9.0
licenses	Run cargo deny check licenses bans advisories sources	2026-10-06T10:06:47.4163420Z      │   ├── proptest v1.11.0 (*)
licenses	Run cargo deny check licenses bans advisories sources	2026-10-06T10:06:47.4163862Z      │   └── rand v0.9.5 (*)
licenses	Run cargo deny check licenses bans advisories sources	2026-10-06T10:06:47.4164282Z      └── rand_xorshift v0.4.0
licenses	Run cargo deny check licenses bans advisories sources	2026-10-06T10:06:47.4164695Z          └── proptest v1.11.0 (*)
licenses	Run cargo deny check licenses bans advisories sources	2026-10-06T10:06:47.4165099Z    ├ rand_core v0.10.1
licenses	Run cargo deny check licenses bans advisories sources	2026-10-06T10:06:47.4165471Z      └── rand_chacha v0.10.0
licenses	Run cargo deny check licenses bans advisories sources	2026-10-06T10:06:47.4165844Z          └── oh_core v0.1.0
licenses	Run cargo deny check licenses bans advisories sources	2026-10-06T10:06:47.4166347Z              ├── oh_data v0.1.0
licenses	Run cargo deny check licenses bans advisories sources	2026-10-06T10:06:47.4166736Z              │   ├── oh_cli v0.1.0
licenses	Run cargo deny check licenses bans advisories sources	2026-10-06T10:06:47.4167168Z              │   ├── oh_server v0.1.0
licenses	Run cargo deny check licenses bans advisories sources	2026-10-06T10:06:47.4167624Z              │   └── oh_sim v0.1.0
licenses	Run cargo deny check licenses bans advisories sources	2026-10-06T10:06:47.4168030Z              │       ├── oh_ai v0.1.0
licenses	Run cargo deny check licenses bans advisories sources	2026-10-06T10:06:47.4168467Z              │       │   ├── oh_cli v0.1.0 (*)
licenses	Run cargo deny check licenses bans advisories sources	2026-10-06T10:06:47.4168948Z              │       │   └── oh_server v0.1.0 (*)
licenses	Run cargo deny check licenses bans advisories sources	2026-10-06T10:06:47.4169427Z              │       ├── oh_cli v0.1.0 (*)
licenses	Run cargo deny check licenses bans advisories sources	2026-10-06T10:06:47.4169926Z              │       ├── oh_proto v0.1.0
licenses	Run cargo deny check licenses bans advisories sources	2026-10-06T10:06:47.4170415Z              │       │   └── oh_server v0.1.0 (*)
licenses	Run cargo deny check licenses bans advisories sources	2026-10-06T10:06:47.4171174Z              │       ├── oh_save v0.1.0
licenses	Run cargo deny check licenses bans advisories sources	2026-10-06T10:06:47.4171802Z              │       │   ├── oh_cli v0.1.0 (*)
licenses	Run cargo deny check licenses bans advisories sources	2026-10-06T10:06:47.4172296Z              │       │   └── oh_server v0.1.0 (*)
licenses	Run cargo deny check licenses bans advisories sources	2026-10-06T10:06:47.4172818Z              │       └── oh_server v0.1.0 (*)
licenses	Run cargo deny check licenses bans advisories sources	2026-10-06T10:06:47.4173304Z              ├── oh_server v0.1.0 (*)
licenses	Run cargo deny check licenses bans advisories sources	2026-10-06T10:06:47.4173761Z              └── oh_sim v0.1.0 (*)
licenses	Run cargo deny check licenses bans advisories sources	2026-10-06T10:06:47.4173999Z
licenses	Run cargo deny check licenses bans advisories sources	2026-10-06T10:06:47.4174291Z warning[duplicate]: found 2 duplicate entries for crate 'syn'
licenses	Run cargo deny check licenses bans advisories sources	2026-10-06T10:06:47.4174978Z    ┌─ /home/runner/work/OpenHOI4/OpenHOI4/Cargo.lock:85:1
licenses	Run cargo deny check licenses bans advisories sources	2026-10-06T10:06:47.4175431Z    │
licenses	Run cargo deny check licenses bans advisories sources	2026-10-06T10:06:47.4175947Z 85 │ ╭ syn 2.0.119 registry+https://github.com/rust-lang/crates.io-index
licenses	Run cargo deny check licenses bans advisories sources	2026-10-06T10:06:47.4176917Z 86 │ │ syn 3.0.6 registry+https://github.com/rust-lang/crates.io-index
licenses	Run cargo deny check licenses bans advisories sources	2026-10-06T10:06:47.4177929Z    │ ╰───────────────────────────────────────────────────────────────┘ lock entries
licenses	Run cargo deny check licenses bans advisories sources	2026-10-06T10:06:47.4178729Z    │
licenses	Run cargo deny check licenses bans advisories sources	2026-10-06T10:06:47.4179022Z    ├ syn v2.0.119
licenses	Run cargo deny check licenses bans advisories sources	2026-10-06T10:06:47.4179440Z      ├── ts-rs-macros v12.0.1
licenses	Run cargo deny check licenses bans advisories sources	2026-10-06T10:06:47.4179825Z      │   └── ts-rs v12.0.1
licenses	Run cargo deny check licenses bans advisories sources	2026-10-06T10:06:47.4180210Z      │       └── oh_proto v0.1.0
licenses	Run cargo deny check licenses bans advisories sources	2026-10-06T10:06:47.4180640Z      │           └── oh_server v0.1.0
licenses	Run cargo deny check licenses bans advisories sources	2026-10-06T10:06:47.4181083Z      └── zerocopy-derive v0.8.60
licenses	Run cargo deny check licenses bans advisories sources	2026-10-06T10:06:47.4181514Z          └── zerocopy v0.8.60
licenses	Run cargo deny check licenses bans advisories sources	2026-10-06T10:06:47.4181884Z              ├── half v2.7.1
licenses	Run cargo deny check licenses bans advisories sources	2026-10-06T10:06:47.4182254Z              │   └── fixed v1.31.0
licenses	Run cargo deny check licenses bans advisories sources	2026-10-06T10:06:47.4182675Z              │       ├── oh_core v0.1.0
licenses	Run cargo deny check licenses bans advisories sources	2026-10-06T10:06:47.4183175Z              │       │   ├── oh_data v0.1.0
licenses	Run cargo deny check licenses bans advisories sources	2026-10-06T10:06:47.4183663Z              │       │   │   ├── oh_cli v0.1.0
licenses	Run cargo deny check licenses bans advisories sources	2026-10-06T10:06:47.4184154Z              │       │   │   ├── oh_server v0.1.0 (*)
licenses	Run cargo deny check licenses bans advisories sources	2026-10-06T10:06:47.4184636Z              │       │   │   └── oh_sim v0.1.0
licenses	Run cargo deny check licenses bans advisories sources	2026-10-06T10:06:47.4185113Z              │       │   │       ├── oh_ai v0.1.0
licenses	Run cargo deny check licenses bans advisories sources	2026-10-06T10:06:47.4185831Z              │       │   │       │   ├── oh_cli v0.1.0 (*)
licenses	Run cargo deny check licenses bans advisories sources	2026-10-06T10:06:47.4186570Z              │       │   │       │   └── oh_server v0.1.0 (*)
licenses	Run cargo deny check licenses bans advisories sources	2026-10-06T10:06:47.4187109Z              │       │   │       ├── oh_cli v0.1.0 (*)
licenses	Run cargo deny check licenses bans advisories sources	2026-10-06T10:06:47.4187625Z              │       │   │       ├── oh_proto v0.1.0 (*)
licenses	Run cargo deny check licenses bans advisories sources	2026-10-06T10:06:47.4188122Z              │       │   │       ├── oh_save v0.1.0
licenses	Run cargo deny check licenses bans advisories sources	2026-10-06T10:06:47.4188641Z              │       │   │       │   ├── oh_cli v0.1.0 (*)
licenses	Run cargo deny check licenses bans advisories sources	2026-10-06T10:06:47.4189164Z              │       │   │       │   └── oh_server v0.1.0 (*)
licenses	Run cargo deny check licenses bans advisories sources	2026-10-06T10:06:47.4189695Z              │       │   │       └── oh_server v0.1.0 (*)
licenses	Run cargo deny check licenses bans advisories sources	2026-10-06T10:06:47.4190244Z              │       │   ├── oh_server v0.1.0 (*)
licenses	Run cargo deny check licenses bans advisories sources	2026-10-06T10:06:47.4190821Z              │       │   └── oh_sim v0.1.0 (*)
licenses	Run cargo deny check licenses bans advisories sources	2026-10-06T10:06:47.4191284Z              │       └── oh_data v0.1.0 (*)
licenses	Run cargo deny check licenses bans advisories sources	2026-10-06T10:06:47.4191889Z              └── ppv-lite86 v0.2.21
licenses	Run cargo deny check licenses bans advisories sources	2026-10-06T10:06:47.4192331Z                  ├── rand_chacha v0.10.0
licenses	Run cargo deny check licenses bans advisories sources	2026-10-06T10:06:47.4192862Z                  │   └── oh_core v0.1.0 (*)
licenses	Run cargo deny check licenses bans advisories sources	2026-10-06T10:06:47.4193358Z                  └── rand_chacha v0.9.0
licenses	Run cargo deny check licenses bans advisories sources	2026-10-06T10:06:47.4193818Z                      ├── proptest v1.11.0
licenses	Run cargo deny check licenses bans advisories sources	2026-10-06T10:06:47.4194285Z                      │   └── (dev) oh_core v0.1.0 (*)
licenses	Run cargo deny check licenses bans advisories sources	2026-10-06T10:06:47.4194730Z                      └── rand v0.9.5
licenses	Run cargo deny check licenses bans advisories sources	2026-10-06T10:06:47.4195174Z                          ├── proptest v1.11.0 (*)
licenses	Run cargo deny check licenses bans advisories sources	2026-10-06T10:06:47.4195726Z                          └── tungstenite v0.29.0
licenses	Run cargo deny check licenses bans advisories sources	2026-10-06T10:06:47.4196167Z                              └── tokio-tungstenite v0.29.0
licenses	Run cargo deny check licenses bans advisories sources	2026-10-06T10:06:47.4196762Z                                  └── axum v0.8.9
licenses	Run cargo deny check licenses bans advisories sources	2026-10-06T10:06:47.4197247Z                                      └── oh_server v0.1.0 (*)
licenses	Run cargo deny check licenses bans advisories sources	2026-10-06T10:06:47.4197673Z    ├ syn v3.0.6
licenses	Run cargo deny check licenses bans advisories sources	2026-10-06T10:06:47.4198052Z      ├── ref-cast-impl v1.0.27
licenses	Run cargo deny check licenses bans advisories sources	2026-10-06T10:06:47.4198516Z      │   └── ref-cast v1.0.27
licenses	Run cargo deny check licenses bans advisories sources	2026-10-06T10:06:47.4198953Z      │       └── schemars v1.2.2
licenses	Run cargo deny check licenses bans advisories sources	2026-10-06T10:06:47.4199552Z      │           └── oh_data v0.1.0
licenses	Run cargo deny check licenses bans advisories sources	2026-10-06T10:06:47.4200145Z      │               ├── oh_cli v0.1.0
licenses	Run cargo deny check licenses bans advisories sources	2026-10-06T10:06:47.4200577Z      │               ├── oh_server v0.1.0
licenses	Run cargo deny check licenses bans advisories sources	2026-10-06T10:06:47.4201015Z      │               └── oh_sim v0.1.0
licenses	Run cargo deny check licenses bans advisories sources	2026-10-06T10:06:47.4201431Z      │                   ├── oh_ai v0.1.0
licenses	Run cargo deny check licenses bans advisories sources	2026-10-06T10:06:47.4201899Z      │                   │   ├── oh_cli v0.1.0 (*)
licenses	Run cargo deny check licenses bans advisories sources	2026-10-06T10:06:47.4202402Z      │                   │   └── oh_server v0.1.0 (*)
licenses	Run cargo deny check licenses bans advisories sources	2026-10-06T10:06:47.4202928Z      │                   ├── oh_cli v0.1.0 (*)
licenses	Run cargo deny check licenses bans advisories sources	2026-10-06T10:06:47.4203359Z      │                   ├── oh_proto v0.1.0
licenses	Run cargo deny check licenses bans advisories sources	2026-10-06T10:06:47.4203821Z      │                   │   └── oh_server v0.1.0 (*)
licenses	Run cargo deny check licenses bans advisories sources	2026-10-06T10:06:47.4204283Z      │                   ├── oh_save v0.1.0
licenses	Run cargo deny check licenses bans advisories sources	2026-10-06T10:06:47.4204744Z      │                   │   ├── oh_cli v0.1.0 (*)
licenses	Run cargo deny check licenses bans advisories sources	2026-10-06T10:06:47.4205234Z      │                   │   └── oh_server v0.1.0 (*)
licenses	Run cargo deny check licenses bans advisories sources	2026-10-06T10:06:47.4205714Z      │                   └── oh_server v0.1.0 (*)
licenses	Run cargo deny check licenses bans advisories sources	2026-10-06T10:06:47.4206173Z      ├── schemars_derive v1.2.2
licenses	Run cargo deny check licenses bans advisories sources	2026-10-06T10:06:47.4206605Z      │   └── schemars v1.2.2 (*)
licenses	Run cargo deny check licenses bans advisories sources	2026-10-06T10:06:47.4206882Z      ├── serde_derive v1.0.229
licenses	Run cargo deny check licenses bans advisories sources	2026-10-06T10:06:47.4207151Z      │   └── serde v1.0.229
licenses	Run cargo deny check licenses bans advisories sources	2026-10-06T10:06:47.4207555Z      │       ├── fixed v1.31.0
licenses	Run cargo deny check licenses bans advisories sources	2026-10-06T10:06:47.4207935Z      │       │   ├── oh_core v0.1.0
licenses	Run cargo deny check licenses bans advisories sources	2026-10-06T10:06:47.4208360Z      │       │   │   ├── oh_data v0.1.0 (*)
licenses	Run cargo deny check licenses bans advisories sources	2026-10-06T10:06:47.4208808Z      │       │   │   ├── oh_server v0.1.0 (*)
licenses	Run cargo deny check licenses bans advisories sources	2026-10-06T10:06:47.4209312Z      │       │   │   └── oh_sim v0.1.0 (*)
licenses	Run cargo deny check licenses bans advisories sources	2026-10-06T10:06:47.4209830Z      │       │   └── oh_data v0.1.0 (*)
licenses	Run cargo deny check licenses bans advisories sources	2026-10-06T10:06:47.4210266Z      │       ├── oh_cli v0.1.0 (*)
licenses	Run cargo deny check licenses bans advisories sources	2026-10-06T10:06:47.4210649Z      │       ├── oh_core v0.1.0 (*)
licenses	Run cargo deny check licenses bans advisories sources	2026-10-06T10:06:47.4211067Z      │       ├── oh_data v0.1.0 (*)
licenses	Run cargo deny check licenses bans advisories sources	2026-10-06T10:06:47.4211467Z      │       ├── oh_proto v0.1.0 (*)
licenses	Run cargo deny check licenses bans advisories sources	2026-10-06T10:06:47.4211867Z      │       ├── oh_sim v0.1.0 (*)
licenses	Run cargo deny check licenses bans advisories sources	2026-10-06T10:06:47.4212275Z      │       ├── postcard v1.1.3
licenses	Run cargo deny check licenses bans advisories sources	2026-10-06T10:06:47.4212606Z      │       │   └── oh_core v0.1.0 (*)
licenses	Run cargo deny check licenses bans advisories sources	2026-10-06T10:06:47.4212904Z      │       ├── rmp-serde v1.3.1
licenses	Run cargo deny check licenses bans advisories sources	2026-10-06T10:06:47.4213384Z      │       │   └── oh_proto v0.1.0 (*)
licenses	Run cargo deny check licenses bans advisories sources	2026-10-06T10:06:47.4213811Z      │       └── schemars v1.2.2 (*)
licenses	Run cargo deny check licenses bans advisories sources	2026-10-06T10:06:47.4214229Z      ├── serde_derive_internals v0.30.0
licenses	Run cargo deny check licenses bans advisories sources	2026-10-06T10:06:47.4214658Z      │   └── schemars_derive v1.2.2 (*)
licenses	Run cargo deny check licenses bans advisories sources	2026-10-06T10:06:47.4215090Z      ├── thiserror-impl v2.0.21
licenses	Run cargo deny check licenses bans advisories sources	2026-10-06T10:06:47.4215404Z      │   └── thiserror v2.0.21
licenses	Run cargo deny check licenses bans advisories sources	2026-10-06T10:06:47.4215771Z      │       ├── cobs v0.3.0
licenses	Run cargo deny check licenses bans advisories sources	2026-10-06T10:06:47.4216164Z      │       │   └── postcard v1.1.3 (*)
licenses	Run cargo deny check licenses bans advisories sources	2026-10-06T10:06:47.4216740Z      │       ├── ts-rs v12.0.1
licenses	Run cargo deny check licenses bans advisories sources	2026-10-06T10:06:47.4217180Z      │       │   └── oh_proto v0.1.0 (*)
licenses	Run cargo deny check licenses bans advisories sources	2026-10-06T10:06:47.4217618Z      │       └── tungstenite v0.29.0
licenses	Run cargo deny check licenses bans advisories sources	2026-10-06T10:06:47.4218127Z      │           └── tokio-tungstenite v0.29.0
licenses	Run cargo deny check licenses bans advisories sources	2026-10-06T10:06:47.4218564Z      │               └── axum v0.8.9
licenses	Run cargo deny check licenses bans advisories sources	2026-10-06T10:06:47.4219062Z      │                   └── oh_server v0.1.0 (*)
licenses	Run cargo deny check licenses bans advisories sources	2026-10-06T10:06:47.4219576Z      └── tokio-macros v2.7.2
licenses	Run cargo deny check licenses bans advisories sources	2026-10-06T10:06:47.4219938Z          └── tokio v1.53.2
licenses	Run cargo deny check licenses bans advisories sources	2026-10-06T10:06:47.4220299Z              ├── axum v0.8.9 (*)
licenses	Run cargo deny check licenses bans advisories sources	2026-10-06T10:06:47.4220676Z              ├── hyper v1.11.1
licenses	Run cargo deny check licenses bans advisories sources	2026-10-06T10:06:47.4221100Z              │   ├── axum v0.8.9 (*)
licenses	Run cargo deny check licenses bans advisories sources	2026-10-06T10:06:47.4221393Z              │   └── hyper-util v0.1.21
licenses	Run cargo deny check licenses bans advisories sources	2026-10-06T10:06:47.4221787Z              │       └── axum v0.8.9 (*)
licenses	Run cargo deny check licenses bans advisories sources	2026-10-06T10:06:47.4222254Z              ├── hyper-util v0.1.21 (*)
licenses	Run cargo deny check licenses bans advisories sources	2026-10-06T10:06:47.4222745Z              ├── oh_server v0.1.0 (*)
licenses	Run cargo deny check licenses bans advisories sources	2026-10-06T10:06:47.4223216Z              ├── tokio-tungstenite v0.29.0 (*)
licenses	Run cargo deny check licenses bans advisories sources	2026-10-06T10:06:47.4223655Z              └── tower v0.5.3
licenses	Run cargo deny check licenses bans advisories sources	2026-10-06T10:06:47.4224088Z                  └── axum v0.8.9 (*)
licenses	Run cargo deny check licenses bans advisories sources	2026-10-06T10:06:47.4224352Z
licenses	Run cargo deny check licenses bans advisories sources	2026-10-06T10:06:47.4224578Z warning[license-not-encountered]: license was not encountered
licenses	Run cargo deny check licenses bans advisories sources	2026-10-06T10:06:47.4225226Z   ┌─ /home/runner/work/OpenHOI4/OpenHOI4/deny.toml:3:105
licenses	Run cargo deny check licenses bans advisories sources	2026-10-06T10:06:47.4225872Z   │
licenses	Run cargo deny check licenses bans advisories sources	2026-10-06T10:06:47.4226859Z 3 │ allow = ["MIT", "Apache-2.0", "BSD-2-Clause", "BSD-3-Clause", "ISC", "Zlib", "MPL-2.0", "Unicode-3.0", "BSL-1.0", "CC0-1.0"]
licenses	Run cargo deny check licenses bans advisories sources	2026-10-06T10:06:47.4228043Z   │                                                                                                         ━━━━━━━ unmatched license allowance
licenses	Run cargo deny check licenses bans advisories sources	2026-10-06T10:06:47.4228499Z
licenses	Run cargo deny check licenses bans advisories sources	2026-10-06T10:06:47.4228744Z warning[license-not-encountered]: license was not encountered
licenses	Run cargo deny check licenses bans advisories sources	2026-10-06T10:06:47.4229430Z   ┌─ /home/runner/work/OpenHOI4/OpenHOI4/deny.toml:3:116
licenses	Run cargo deny check licenses bans advisories sources	2026-10-06T10:06:47.4229880Z   │
licenses	Run cargo deny check licenses bans advisories sources	2026-10-06T10:06:47.4230726Z 3 │ allow = ["MIT", "Apache-2.0", "BSD-2-Clause", "BSD-3-Clause", "ISC", "Zlib", "MPL-2.0", "Unicode-3.0", "BSL-1.0", "CC0-1.0"]
licenses	Run cargo deny check licenses bans advisories sources	2026-10-06T10:06:47.4231885Z   │                                                                                                                    ━━━━━━━ unmatched license allowance
licenses	Run cargo deny check licenses bans advisories sources	2026-10-06T10:06:47.4232355Z
licenses	Run cargo deny check licenses bans advisories sources	2026-10-06T10:06:47.4232605Z warning[license-not-encountered]: license was not encountered
licenses	Run cargo deny check licenses bans advisories sources	2026-10-06T10:06:47.4233339Z   ┌─ /home/runner/work/OpenHOI4/OpenHOI4/deny.toml:3:64
licenses	Run cargo deny check licenses bans advisories sources	2026-10-06T10:06:47.4233801Z   │
licenses	Run cargo deny check licenses bans advisories sources	2026-10-06T10:06:47.4234552Z 3 │ allow = ["MIT", "Apache-2.0", "BSD-2-Clause", "BSD-3-Clause", "ISC", "Zlib", "MPL-2.0", "Unicode-3.0", "BSL-1.0", "CC0-1.0"]
licenses	Run cargo deny check licenses bans advisories sources	2026-10-06T10:06:47.4235498Z   │                                                                ━━━ unmatched license allowance
licenses	Run cargo deny check licenses bans advisories sources	2026-10-06T10:06:47.4235884Z
licenses	Run cargo deny check licenses bans advisories sources	2026-10-06T10:06:47.4236108Z warning[license-not-encountered]: license was not encountered
licenses	Run cargo deny check licenses bans advisories sources	2026-10-06T10:06:47.4236838Z   ┌─ /home/runner/work/OpenHOI4/OpenHOI4/deny.toml:3:79
licenses	Run cargo deny check licenses bans advisories sources	2026-10-06T10:06:47.4237328Z   │
licenses	Run cargo deny check licenses bans advisories sources	2026-10-06T10:06:47.4238102Z 3 │ allow = ["MIT", "Apache-2.0", "BSD-2-Clause", "BSD-3-Clause", "ISC", "Zlib", "MPL-2.0", "Unicode-3.0", "BSL-1.0", "CC0-1.0"]
licenses	Run cargo deny check licenses bans advisories sources	2026-10-06T10:06:47.4239135Z   │                                                                               ━━━━━━━ unmatched license allowance
licenses	Run cargo deny check licenses bans advisories sources	2026-10-06T10:06:47.4239619Z
licenses	Run cargo deny check licenses bans advisories sources	2026-10-06T10:06:47.4549907Z advisories ok, bans ok, licenses ok, sources ok
licenses	Run actions/setup-node@v7.0.0	﻿2026-10-06T10:06:47.4664894Z ##[group]Run actions/setup-node@v7.0.0
licenses	Run actions/setup-node@v7.0.0	2026-10-06T10:06:47.4665187Z with:
licenses	Run actions/setup-node@v7.0.0	2026-10-06T10:06:47.4665374Z   node-version: 24.4.0
licenses	Run actions/setup-node@v7.0.0	2026-10-06T10:06:47.4665587Z   check-latest: false
licenses	Run actions/setup-node@v7.0.0	2026-10-06T10:06:47.4668104Z   token: ***
licenses	Run actions/setup-node@v7.0.0	2026-10-06T10:06:47.4668316Z   package-manager-cache: true
licenses	Run actions/setup-node@v7.0.0	2026-10-06T10:06:47.4668549Z ##[endgroup]
licenses	Run actions/setup-node@v7.0.0	2026-10-06T10:06:47.5843503Z Attempting to download 24.4.0...
licenses	Run actions/setup-node@v7.0.0	2026-10-06T10:06:48.6055452Z Acquiring 24.4.0 - x64 from https://github.com/actions/node-versions/releases/download/24.4.0-16210503505/node-24.4.0-linux-x64.tar.gz
licenses	Run actions/setup-node@v7.0.0	2026-10-06T10:06:49.1762117Z Extracting ...
licenses	Run actions/setup-node@v7.0.0	2026-10-06T10:06:49.1872483Z [command]/usr/bin/tar xz --strip 1 --warning=no-unknown-keyword --overwrite -C /home/runner/work/_temp/afedda6b-b813-47e3-88c7-45807c885ef0 -f /home/runner/work/_temp/abe7d149-7fa5-47a5-89f1-2a0e55bde888
licenses	Run actions/setup-node@v7.0.0	2026-10-06T10:06:50.3344201Z Adding to the cache ...
licenses	Run actions/setup-node@v7.0.0	2026-10-06T10:06:51.6109787Z ##[group]Environment details
licenses	Run actions/setup-node@v7.0.0	2026-10-06T10:06:51.8362641Z node: v24.4.0
licenses	Run actions/setup-node@v7.0.0	2026-10-06T10:06:51.8363130Z npm: 11.4.2
licenses	Run actions/setup-node@v7.0.0	2026-10-06T10:06:51.8363443Z yarn: 1.22.22
licenses	Run actions/setup-node@v7.0.0	2026-10-06T10:06:51.8363947Z ##[endgroup]
licenses	Run actions/setup-python@v7.0.0	﻿2026-10-06T10:06:51.8536203Z ##[group]Run actions/setup-python@v7.0.0
licenses	Run actions/setup-python@v7.0.0	2026-10-06T10:06:51.8536769Z with:
licenses	Run actions/setup-python@v7.0.0	2026-10-06T10:06:51.8536969Z   python-version: 3.11
licenses	Run actions/setup-python@v7.0.0	2026-10-06T10:06:51.8537180Z   check-latest: false
licenses	Run actions/setup-python@v7.0.0	2026-10-06T10:06:51.8539482Z   token: ***
licenses	Run actions/setup-python@v7.0.0	2026-10-06T10:06:51.8539684Z   update-environment: true
licenses	Run actions/setup-python@v7.0.0	2026-10-06T10:06:51.8539917Z   allow-prereleases: false
licenses	Run actions/setup-python@v7.0.0	2026-10-06T10:06:51.8540140Z   freethreaded: false
licenses	Run actions/setup-python@v7.0.0	2026-10-06T10:06:51.8540344Z ##[endgroup]
licenses	Run actions/setup-python@v7.0.0	2026-10-06T10:06:51.9671646Z ##[group]Installed versions
licenses	Run actions/setup-python@v7.0.0	2026-10-06T10:06:51.9752184Z Successfully set up CPython (3.11.16)
licenses	Run actions/setup-python@v7.0.0	2026-10-06T10:06:51.9752728Z ##[endgroup]
licenses	Run npm --prefix client ci	﻿2026-10-06T10:06:51.9825080Z ##[group]Run npm --prefix client ci
licenses	Run npm --prefix client ci	2026-10-06T10:06:51.9825405Z [36;1mnpm --prefix client ci[0m
licenses	Run npm --prefix client ci	2026-10-06T10:06:51.9872727Z shell: /usr/bin/bash -e {0}
licenses	Run npm --prefix client ci	2026-10-06T10:06:51.9872995Z env:
licenses	Run npm --prefix client ci	2026-10-06T10:06:51.9873259Z   pythonLocation: /opt/hostedtoolcache/Python/3.11.16/x64
licenses	Run npm --prefix client ci	2026-10-06T10:06:51.9873704Z   PKG_CONFIG_PATH: /opt/hostedtoolcache/Python/3.11.16/x64/lib/pkgconfig
licenses	Run npm --prefix client ci	2026-10-06T10:06:51.9874110Z   Python_ROOT_DIR: /opt/hostedtoolcache/Python/3.11.16/x64
licenses	Run npm --prefix client ci	2026-10-06T10:06:51.9874478Z   Python2_ROOT_DIR: /opt/hostedtoolcache/Python/3.11.16/x64
licenses	Run npm --prefix client ci	2026-10-06T10:06:51.9874843Z   Python3_ROOT_DIR: /opt/hostedtoolcache/Python/3.11.16/x64
licenses	Run npm --prefix client ci	2026-10-06T10:06:51.9875220Z   LD_LIBRARY_PATH: /opt/hostedtoolcache/Python/3.11.16/x64/lib
licenses	Run npm --prefix client ci	2026-10-06T10:06:51.9875530Z ##[endgroup]
licenses	Run npm --prefix client ci	2026-10-06T10:06:53.7763162Z
licenses	Run npm --prefix client ci	2026-10-06T10:06:53.7763922Z added 94 packages, and audited 95 packages in 2s
licenses	Run npm --prefix client ci	2026-10-06T10:06:53.7764316Z
licenses	Run npm --prefix client ci	2026-10-06T10:06:53.7770668Z 22 packages are looking for funding
licenses	Run npm --prefix client ci	2026-10-06T10:06:53.7771293Z   run `npm fund` for details
licenses	Run npm --prefix client ci	2026-10-06T10:06:53.7776981Z
licenses	Run npm --prefix client ci	2026-10-06T10:06:53.7777684Z found 0 vulnerabilities
licenses	Run npm --prefix client run licenses	﻿2026-10-06T10:06:53.8038683Z ##[group]Run npm --prefix client run licenses
licenses	Run npm --prefix client run licenses	2026-10-06T10:06:53.8039045Z [36;1mnpm --prefix client run licenses[0m
licenses	Run npm --prefix client run licenses	2026-10-06T10:06:53.8074755Z shell: /usr/bin/bash -e {0}
licenses	Run npm --prefix client run licenses	2026-10-06T10:06:53.8075024Z env:
licenses	Run npm --prefix client run licenses	2026-10-06T10:06:53.8075290Z   pythonLocation: /opt/hostedtoolcache/Python/3.11.16/x64
licenses	Run npm --prefix client run licenses	2026-10-06T10:06:53.8075713Z   PKG_CONFIG_PATH: /opt/hostedtoolcache/Python/3.11.16/x64/lib/pkgconfig
licenses	Run npm --prefix client run licenses	2026-10-06T10:06:53.8076124Z   Python_ROOT_DIR: /opt/hostedtoolcache/Python/3.11.16/x64
licenses	Run npm --prefix client run licenses	2026-10-06T10:06:53.8076728Z   Python2_ROOT_DIR: /opt/hostedtoolcache/Python/3.11.16/x64
licenses	Run npm --prefix client run licenses	2026-10-06T10:06:53.8077095Z   Python3_ROOT_DIR: /opt/hostedtoolcache/Python/3.11.16/x64
licenses	Run npm --prefix client run licenses	2026-10-06T10:06:53.8077460Z   LD_LIBRARY_PATH: /opt/hostedtoolcache/Python/3.11.16/x64/lib
licenses	Run npm --prefix client run licenses	2026-10-06T10:06:53.8077768Z ##[endgroup]
licenses	Run npm --prefix client run licenses	2026-10-06T10:06:53.8924447Z
licenses	Run npm --prefix client run licenses	2026-10-06T10:06:53.8925190Z > openhoi-client@0.1.0 licenses
licenses	Run npm --prefix client run licenses	2026-10-06T10:06:53.8925844Z > node ../tools/check_npm_licenses.cjs
licenses	Run npm --prefix client run licenses	2026-10-06T10:06:53.8926185Z
licenses	Run npm --prefix client run licenses	2026-10-06T10:06:53.9152761Z npm licenses: 94 dependencies; 0 error(s)
licenses	Requirement and violation fixtures	﻿2026-10-06T10:06:53.9238126Z ##[group]Run python -m unittest discover -s tools/tests -p test_wp01.py -v
licenses	Requirement and violation fixtures	2026-10-06T10:06:53.9238655Z [36;1mpython -m unittest discover -s tools/tests -p test_wp01.py -v[0m
licenses	Requirement and violation fixtures	2026-10-06T10:06:53.9274129Z shell: /usr/bin/bash -e {0}
licenses	Requirement and violation fixtures	2026-10-06T10:06:53.9274393Z env:
licenses	Requirement and violation fixtures	2026-10-06T10:06:53.9274652Z   pythonLocation: /opt/hostedtoolcache/Python/3.11.16/x64
licenses	Requirement and violation fixtures	2026-10-06T10:06:53.9275066Z   PKG_CONFIG_PATH: /opt/hostedtoolcache/Python/3.11.16/x64/lib/pkgconfig
licenses	Requirement and violation fixtures	2026-10-06T10:06:53.9275465Z   Python_ROOT_DIR: /opt/hostedtoolcache/Python/3.11.16/x64
licenses	Requirement and violation fixtures	2026-10-06T10:06:53.9275832Z   Python2_ROOT_DIR: /opt/hostedtoolcache/Python/3.11.16/x64
licenses	Requirement and violation fixtures	2026-10-06T10:06:53.9276191Z   Python3_ROOT_DIR: /opt/hostedtoolcache/Python/3.11.16/x64
licenses	Requirement and violation fixtures	2026-10-06T10:06:53.9276727Z   LD_LIBRARY_PATH: /opt/hostedtoolcache/Python/3.11.16/x64/lib
licenses	Requirement and violation fixtures	2026-10-06T10:06:53.9277037Z ##[endgroup]
licenses	Requirement and violation fixtures	2026-10-06T10:06:54.2996889Z test_req_leg_02_ai_asset_dev_passes (test_wp01.AssetTests.test_req_leg_02_ai_asset_dev_passes) ... ok
licenses	Requirement and violation fixtures	2026-10-06T10:06:54.3344570Z test_req_leg_02_ai_asset_release_fails (test_wp01.AssetTests.test_req_leg_02_ai_asset_release_fails) ... ok
licenses	Requirement and violation fixtures	2026-10-06T10:06:54.3695545Z test_req_leg_02_boolean_string_fails (test_wp01.AssetTests.test_req_leg_02_boolean_string_fails) ... ok
licenses	Requirement and violation fixtures	2026-10-06T10:06:54.4055823Z test_req_leg_02_duplicate_fails (test_wp01.AssetTests.test_req_leg_02_duplicate_fails) ... ok
licenses	Requirement and violation fixtures	2026-10-06T10:06:54.4407492Z test_req_leg_02_missing_file_fails (test_wp01.AssetTests.test_req_leg_02_missing_file_fails) ... ok
licenses	Requirement and violation fixtures	2026-10-06T10:06:54.4773022Z test_req_leg_02_missing_metadata_fails (test_wp01.AssetTests.test_req_leg_02_missing_metadata_fails) ... ok
licenses	Requirement and violation fixtures	2026-10-06T10:06:54.5162276Z test_req_leg_02_registered_data_passes (test_wp01.AssetTests.test_req_leg_02_registered_data_passes) ... ok
licenses	Requirement and violation fixtures	2026-10-06T10:06:54.5508825Z test_req_leg_02_traversal_fails (test_wp01.AssetTests.test_req_leg_02_traversal_fails) ... ok
licenses	Requirement and violation fixtures	2026-10-06T10:06:54.5851960Z test_req_leg_02_unapproved_asset_license_fails (test_wp01.AssetTests.test_req_leg_02_unapproved_asset_license_fails) ... ok
licenses	Requirement and violation fixtures	2026-10-06T10:06:54.6198098Z test_req_leg_02_unregistered_data_fails (test_wp01.AssetTests.test_req_leg_02_unregistered_data_fails) ... ok
licenses	Requirement and violation fixtures	2026-10-06T10:06:54.6549880Z test_req_leg_02_unregistered_imported_asset_fails (test_wp01.AssetTests.test_req_leg_02_unregistered_imported_asset_fails) ... ok
licenses	Requirement and violation fixtures	2026-10-06T10:06:54.6967162Z test_req_leg_02_unregistered_localization_fails (test_wp01.AssetTests.test_req_leg_02_unregistered_localization_fails) ... ok
licenses	Requirement and violation fixtures	2026-10-06T10:06:54.7314688Z test_req_leg_02_unregistered_public_file_fails (test_wp01.AssetTests.test_req_leg_02_unregistered_public_file_fails) ... ok
licenses	Requirement and violation fixtures	2026-10-06T10:06:54.9017069Z test_req_leg_03_cargo_gpl_and_bincode_fail (test_wp01.CargoLicenseTests.test_req_leg_03_cargo_gpl_and_bincode_fail) ... ok
licenses	Requirement and violation fixtures	2026-10-06T10:06:54.9233291Z test_req_leg_03_and_requires_both_licenses (test_wp01.NpmLicenseTests.test_req_leg_03_and_requires_both_licenses) ... ok
licenses	Requirement and violation fixtures	2026-10-06T10:06:54.9448092Z test_req_leg_03_exception_not_silently_ignored (test_wp01.NpmLicenseTests.test_req_leg_03_exception_not_silently_ignored) ... ok
licenses	Requirement and violation fixtures	2026-10-06T10:06:54.9659295Z test_req_leg_03_gpl_dependency_fails (test_wp01.NpmLicenseTests.test_req_leg_03_gpl_dependency_fails) ... ok
licenses	Requirement and violation fixtures	2026-10-06T10:06:54.9863339Z $ /opt/hostedtoolcache/Python/3.11.16/x64/bin/python /home/runner/work/OpenHOI4/OpenHOI4/tools/check_assets.py --root /tmp/tmp64uio3sf
licenses	Requirement and violation fixtures	2026-10-06T10:06:54.9864187Z exit=0
licenses	Requirement and violation fixtures	2026-10-06T10:06:54.9864408Z assets: 0 error(s)
licenses	Requirement and violation fixtures	2026-10-06T10:06:54.9864540Z
licenses	Requirement and violation fixtures	2026-10-06T10:06:54.9865085Z $ /opt/hostedtoolcache/Python/3.11.16/x64/bin/python /home/runner/work/OpenHOI4/OpenHOI4/tools/check_assets.py --root /tmp/tmpmxo6aq5g --release
licenses	Requirement and violation fixtures	2026-10-06T10:06:54.9865675Z exit=1
licenses	Requirement and violation fixtures	2026-10-06T10:06:54.9865942Z assets: 1 error(s)
licenses	Requirement and violation fixtures	2026-10-06T10:06:54.9866598Z [ASSET] data/packs/demo/defines.toml: AI-generated asset blocked for release (OPEN-09)
licenses	Requirement and violation fixtures	2026-10-06T10:06:54.9867162Z
licenses	Requirement and violation fixtures	2026-10-06T10:06:54.9867754Z $ /opt/hostedtoolcache/Python/3.11.16/x64/bin/python /home/runner/work/OpenHOI4/OpenHOI4/tools/check_assets.py --root /tmp/tmpaa6m6x3h
licenses	Requirement and violation fixtures	2026-10-06T10:06:54.9868642Z exit=1
licenses	Requirement and violation fixtures	2026-10-06T10:06:54.9868851Z assets: 1 error(s)
licenses	Requirement and violation fixtures	2026-10-06T10:06:54.9869215Z [ASSET] data/packs/demo/defines.toml: ai_generated must be a boolean
licenses	Requirement and violation fixtures	2026-10-06T10:06:54.9869471Z
licenses	Requirement and violation fixtures	2026-10-06T10:06:54.9869956Z $ /opt/hostedtoolcache/Python/3.11.16/x64/bin/python /home/runner/work/OpenHOI4/OpenHOI4/tools/check_assets.py --root /tmp/tmpybcc320y
licenses	Requirement and violation fixtures	2026-10-06T10:06:54.9870474Z exit=1
licenses	Requirement and violation fixtures	2026-10-06T10:06:54.9870660Z assets: 1 error(s)
licenses	Requirement and violation fixtures	2026-10-06T10:06:54.9870963Z [ASSET] data/packs/demo/defines.toml: duplicate record
licenses	Requirement and violation fixtures	2026-10-06T10:06:54.9871184Z
licenses	Requirement and violation fixtures	2026-10-06T10:06:54.9871664Z $ /opt/hostedtoolcache/Python/3.11.16/x64/bin/python /home/runner/work/OpenHOI4/OpenHOI4/tools/check_assets.py --root /tmp/tmp1gxp2svc
licenses	Requirement and violation fixtures	2026-10-06T10:06:54.9872178Z exit=1
licenses	Requirement and violation fixtures	2026-10-06T10:06:54.9872364Z assets: 2 error(s)
licenses	Requirement and violation fixtures	2026-10-06T10:06:54.9872623Z [ASSET] assets/missing.png: missing file
licenses	Requirement and violation fixtures	2026-10-06T10:06:54.9873024Z [ASSET] data/packs/demo/defines.toml: unregistered asset/data file
licenses	Requirement and violation fixtures	2026-10-06T10:06:54.9873279Z
licenses	Requirement and violation fixtures	2026-10-06T10:06:54.9873761Z $ /opt/hostedtoolcache/Python/3.11.16/x64/bin/python /home/runner/work/OpenHOI4/OpenHOI4/tools/check_assets.py --root /tmp/tmp7qxx6abj
licenses	Requirement and violation fixtures	2026-10-06T10:06:54.9874387Z exit=1
licenses	Requirement and violation fixtures	2026-10-06T10:06:54.9874577Z assets: 1 error(s)
licenses	Requirement and violation fixtures	2026-10-06T10:06:54.9874870Z [ASSET] data/packs/demo/defines.toml: missing author
licenses	Requirement and violation fixtures	2026-10-06T10:06:54.9875083Z
licenses	Requirement and violation fixtures	2026-10-06T10:06:54.9875552Z $ /opt/hostedtoolcache/Python/3.11.16/x64/bin/python /home/runner/work/OpenHOI4/OpenHOI4/tools/check_assets.py --root /tmp/tmpyq5s05ca
licenses	Requirement and violation fixtures	2026-10-06T10:06:54.9876077Z exit=0
licenses	Requirement and violation fixtures	2026-10-06T10:06:54.9876452Z assets: 0 error(s)
licenses	Requirement and violation fixtures	2026-10-06T10:06:54.9876645Z
licenses	Requirement and violation fixtures	2026-10-06T10:06:54.9877453Z $ /opt/hostedtoolcache/Python/3.11.16/x64/bin/python /home/runner/work/OpenHOI4/OpenHOI4/tools/check_assets.py --root /tmp/tmp3yqqze2s
licenses	Requirement and violation fixtures	2026-10-06T10:06:54.9878005Z exit=1
licenses	Requirement and violation fixtures	2026-10-06T10:06:54.9878200Z assets: 2 error(s)
licenses	Requirement and violation fixtures	2026-10-06T10:06:54.9878564Z [ASSET] ../outside.png: path must be a normalized relative POSIX path
licenses	Requirement and violation fixtures	2026-10-06T10:06:54.9879053Z [ASSET] data/packs/demo/defines.toml: unregistered asset/data file
licenses	Requirement and violation fixtures	2026-10-06T10:06:54.9879312Z
licenses	Requirement and violation fixtures	2026-10-06T10:06:54.9879796Z $ /opt/hostedtoolcache/Python/3.11.16/x64/bin/python /home/runner/work/OpenHOI4/OpenHOI4/tools/check_assets.py --root /tmp/tmpwsa_ee_s
licenses	Requirement and violation fixtures	2026-10-06T10:06:54.9880313Z exit=1
licenses	Requirement and violation fixtures	2026-10-06T10:06:54.9880507Z assets: 1 error(s)
licenses	Requirement and violation fixtures	2026-10-06T10:06:54.9880883Z [ASSET] data/packs/demo/defines.toml: unapproved license 'CC-BY-NC-4.0'
licenses	Requirement and violation fixtures	2026-10-06T10:06:54.9881151Z
licenses	Requirement and violation fixtures	2026-10-06T10:06:54.9881633Z $ /opt/hostedtoolcache/Python/3.11.16/x64/bin/python /home/runner/work/OpenHOI4/OpenHOI4/tools/check_assets.py --root /tmp/tmpscse787s
licenses	Requirement and violation fixtures	2026-10-06T10:06:54.9882152Z exit=1
licenses	Requirement and violation fixtures	2026-10-06T10:06:54.9882340Z assets: 1 error(s)
licenses	Requirement and violation fixtures	2026-10-06T10:06:54.9882676Z [ASSET] data/packs/demo/defines.toml: unregistered asset/data file
licenses	Requirement and violation fixtures	2026-10-06T10:06:54.9882928Z
licenses	Requirement and violation fixtures	2026-10-06T10:06:54.9883404Z $ /opt/hostedtoolcache/Python/3.11.16/x64/bin/python /home/runner/work/OpenHOI4/OpenHOI4/tools/check_assets.py --root /tmp/tmpr1v64mli
licenses	Requirement and violation fixtures	2026-10-06T10:06:54.9883934Z exit=1
licenses	Requirement and violation fixtures	2026-10-06T10:06:54.9884125Z assets: 1 error(s)
licenses	Requirement and violation fixtures	2026-10-06T10:06:54.9884455Z [ASSET] client/src/assets/logo.svg: unregistered asset/data file
licenses	Requirement and violation fixtures	2026-10-06T10:06:54.9884699Z
licenses	Requirement and violation fixtures	2026-10-06T10:06:54.9885174Z $ /opt/hostedtoolcache/Python/3.11.16/x64/bin/python /home/runner/work/OpenHOI4/OpenHOI4/tools/check_assets.py --root /tmp/tmpzqzv1a7u
licenses	Requirement and violation fixtures	2026-10-06T10:06:54.9885707Z exit=1
licenses	Requirement and violation fixtures	2026-10-06T10:06:54.9885894Z assets: 1 error(s)
licenses	Requirement and violation fixtures	2026-10-06T10:06:54.9886366Z [ASSET] client/src/locales/ko.ftl: unregistered asset/data file
licenses	Requirement and violation fixtures	2026-10-06T10:06:54.9886744Z
licenses	Requirement and violation fixtures	2026-10-06T10:06:54.9887221Z $ /opt/hostedtoolcache/Python/3.11.16/x64/bin/python /home/runner/work/OpenHOI4/OpenHOI4/tools/check_assets.py --root /tmp/tmpqio16d9z
licenses	Requirement and violation fixtures	2026-10-06T10:06:54.9887745Z exit=1
licenses	Requirement and violation fixtures	2026-10-06T10:06:54.9887945Z assets: 1 error(s)
licenses	Requirement and violation fixtures	2026-10-06T10:06:54.9888278Z [ASSET] client/public/unlisted.svg: unregistered asset/data file
licenses	Requirement and violation fixtures	2026-10-06T10:06:54.9888517Z
licenses	Requirement and violation fixtures	2026-10-06T10:06:54.9889104Z $ /home/runner/.cargo/bin/cargo deny --manifest-path /tmp/tmpvsfejcj4/Cargo.toml --config /home/runner/work/OpenHOI4/OpenHOI4/deny.toml check licenses bans
licenses	Requirement and violation fixtures	2026-10-06T10:06:54.9889873Z exit=6
licenses	Requirement and violation fixtures	2026-10-06T10:06:54.9890092Z bans FAILED, licenses FAILED
licenses	Requirement and violation fixtures	2026-10-06T10:06:54.9890443Z error[rejected]: failed to satisfy license requirements
licenses	Requirement and violation fixtures	2026-10-06T10:06:54.9891037Z   ┌─ /tmp/tmpvsfejcj4/gpl-dep/Cargo.toml:5:10
licenses	Requirement and violation fixtures	2026-10-06T10:06:54.9891317Z   │
licenses	Requirement and violation fixtures	2026-10-06T10:06:54.9891564Z 5 │ license="GPL-3.0-only"
licenses	Requirement and violation fixtures	2026-10-06T10:06:54.9891837Z   │          ━━━━━━━━━━━━
licenses	Requirement and violation fixtures	2026-10-06T10:06:54.9892077Z   │          │
licenses	Requirement and violation fixtures	2026-10-06T10:06:54.9892407Z   │          rejected: license is not explicitly allowed
licenses	Requirement and violation fixtures	2026-10-06T10:06:54.9892702Z   │
licenses	Requirement and violation fixtures	2026-10-06T10:06:54.9893013Z   ├ GPL-3.0-only - GNU General Public License v3.0 only:
licenses	Requirement and violation fixtures	2026-10-06T10:06:54.9893503Z   ├   - OSI approved
licenses	Requirement and violation fixtures	2026-10-06T10:06:54.9893755Z   ├   - FSF Free/Libre
licenses	Requirement and violation fixtures	2026-10-06T10:06:54.9893992Z   ├   - Copyleft
licenses	Requirement and violation fixtures	2026-10-06T10:06:54.9894232Z   ├ gpl-dep v0.1.0
licenses	Requirement and violation fixtures	2026-10-06T10:06:54.9894480Z     └── fixture-root v0.1.0
licenses	Requirement and violation fixtures	2026-10-06T10:06:54.9894641Z
licenses	Requirement and violation fixtures	2026-10-06T10:06:54.9894847Z error[banned]: crate 'bincode = 0.1.0' is explicitly banned
licenses	Requirement and violation fixtures	2026-10-06T10:06:54.9895395Z    ┌─ /home/runner/work/OpenHOI4/OpenHOI4/deny.toml:14:19
licenses	Requirement and violation fixtures	2026-10-06T10:06:54.9895695Z    │
licenses	Requirement and violation fixtures	2026-10-06T10:06:54.9895959Z 14 │ deny = [{ name = "bincode" }]
licenses	Requirement and violation fixtures	2026-10-06T10:06:54.9896477Z    │                   ━━━━━━━ banned here
licenses	Requirement and violation fixtures	2026-10-06T10:06:54.9896823Z    │
licenses	Requirement and violation fixtures	2026-10-06T10:06:54.9897038Z    ├ bincode v0.1.0
licenses	Requirement and violation fixtures	2026-10-06T10:06:54.9897299Z      └── fixture-root v0.1.0
licenses	Requirement and violation fixtures	2026-10-06T10:06:54.9897455Z
licenses	Requirement and violation fixtures	2026-10-06T10:06:54.9897682Z warning[license-not-encountered]: license was not encountered
licenses	Requirement and violation fixtures	2026-10-06T10:06:54.9898145Z   ┌─ /home/runner/work/OpenHOI4/OpenHOI4/deny.toml:3:18
licenses	Requirement and violation fixtures	2026-10-06T10:06:54.9898439Z   │
licenses	Requirement and violation fixtures	2026-10-06T10:06:54.9899055Z 3 │ allow = ["MIT", "Apache-2.0", "BSD-2-Clause", "BSD-3-Clause", "ISC", "Zlib", "MPL-2.0", "Unicode-3.0", "BSL-1.0", "CC0-1.0"]
licenses	Requirement and violation fixtures	2026-10-06T10:06:54.9899639Z   │                  ━━━━━━━━━━ unmatched license allowance
licenses	Requirement and violation fixtures	2026-10-06T10:06:54.9899846Z
licenses	Requirement and violation fixtures	2026-10-06T10:06:54.9900083Z warning[license-not-encountered]: license was not encountered
licenses	Requirement and violation fixtures	2026-10-06T10:06:54.9900548Z   ┌─ /home/runner/work/OpenHOI4/OpenHOI4/deny.toml:3:32
licenses	Requirement and violation fixtures	2026-10-06T10:06:54.9900840Z   │
licenses	Requirement and violation fixtures	2026-10-06T10:06:54.9901425Z 3 │ allow = ["MIT", "Apache-2.0", "BSD-2-Clause", "BSD-3-Clause", "ISC", "Zlib", "MPL-2.0", "Unicode-3.0", "BSL-1.0", "CC0-1.0"]
licenses	Requirement and violation fixtures	2026-10-06T10:06:54.9902028Z   │                                ━━━━━━━━━━━━ unmatched license allowance
licenses	Requirement and violation fixtures	2026-10-06T10:06:54.9902252Z
licenses	Requirement and violation fixtures	2026-10-06T10:06:54.9902468Z warning[license-not-encountered]: license was not encountered
licenses	Requirement and violation fixtures	2026-10-06T10:06:54.9902923Z   ┌─ /home/runner/work/OpenHOI4/OpenHOI4/deny.toml:3:48
licenses	Requirement and violation fixtures	2026-10-06T10:06:54.9903208Z   │
licenses	Requirement and violation fixtures	2026-10-06T10:06:54.9903783Z 3 │ allow = ["MIT", "Apache-2.0", "BSD-2-Clause", "BSD-3-Clause", "ISC", "Zlib", "MPL-2.0", "Unicode-3.0", "BSL-1.0", "CC0-1.0"]
licenses	Requirement and violation fixtures	2026-10-06T10:06:54.9904409Z   │                                                ━━━━━━━━━━━━ unmatched license allowance
licenses	Requirement and violation fixtures	2026-10-06T10:06:54.9904651Z
licenses	Requirement and violation fixtures	2026-10-06T10:06:54.9904877Z warning[license-not-encountered]: license was not encountered
licenses	Requirement and violation fixtures	2026-10-06T10:06:54.9905336Z   ┌─ /home/runner/work/OpenHOI4/OpenHOI4/deny.toml:3:105
licenses	Requirement and violation fixtures	2026-10-06T10:06:54.9905618Z   │
licenses	Requirement and violation fixtures	2026-10-06T10:06:54.9906192Z 3 │ allow = ["MIT", "Apache-2.0", "BSD-2-Clause", "BSD-3-Clause", "ISC", "Zlib", "MPL-2.0", "Unicode-3.0", "BSL-1.0", "CC0-1.0"]
licenses	Requirement and violation fixtures	2026-10-06T10:06:54.9907368Z   │                                                                                                         ━━━━━━━ unmatched license allowance
licenses	Requirement and violation fixtures	2026-10-06T10:06:54.9907671Z
licenses	Requirement and violation fixtures	2026-10-06T10:06:54.9907897Z warning[license-not-encountered]: license was not encountered
licenses	Requirement and violation fixtures	2026-10-06T10:06:54.9908348Z   ┌─ /home/runner/work/OpenHOI4/OpenHOI4/deny.toml:3:116
licenses	Requirement and violation fixtures	2026-10-06T10:06:54.9908634Z   │
licenses	Requirement and violation fixtures	2026-10-06T10:06:54.9909207Z 3 │ allow = ["MIT", "Apache-2.0", "BSD-2-Clause", "BSD-3-Clause", "ISC", "Zlib", "MPL-2.0", "Unicode-3.0", "BSL-1.0", "CC0-1.0"]
licenses	Requirement and violation fixtures	2026-10-06T10:06:54.9909948Z   │                                                                                                                    ━━━━━━━ unmatched license allowance
licenses	Requirement and violation fixtures	2026-10-06T10:06:54.9910405Z
licenses	Requirement and violation fixtures	2026-10-06T10:06:54.9910625Z warning[license-not-encountered]: license was not encountered
licenses	Requirement and violation fixtures	2026-10-06T10:06:54.9911067Z   ┌─ /home/runner/work/OpenHOI4/OpenHOI4/deny.toml:3:64
licenses	Requirement and violation fixtures	2026-10-06T10:06:54.9911353Z   │
licenses	Requirement and violation fixtures	2026-10-06T10:06:54.9912059Z 3 │ allow = ["MIT", "Apache-2.0", "BSD-2-Clause", "BSD-3-Clause", "ISC", "Zlib", "MPL-2.0", "Unicode-3.0", "BSL-1.0", "CC0-1.0"]
licenses	Requirement and violation fixtures	2026-10-06T10:06:54.9912701Z   │                                                                ━━━ unmatched license allowance
licenses	Requirement and violation fixtures	2026-10-06T10:06:54.9912944Z
licenses	Requirement and violation fixtures	2026-10-06T10:06:54.9913167Z warning[license-not-encountered]: license was not encountered
licenses	Requirement and violation fixtures	2026-10-06T10:06:54.9913609Z   ┌─ /home/runner/work/OpenHOI4/OpenHOI4/deny.toml:3:79
licenses	Requirement and violation fixtures	2026-10-06T10:06:54.9913895Z   │
licenses	Requirement and violation fixtures	2026-10-06T10:06:54.9914464Z 3 │ allow = ["MIT", "Apache-2.0", "BSD-2-Clause", "BSD-3-Clause", "ISC", "Zlib", "MPL-2.0", "Unicode-3.0", "BSL-1.0", "CC0-1.0"]
licenses	Requirement and violation fixtures	2026-10-06T10:06:54.9915147Z   │                                                                               ━━━━━━━ unmatched license allowance
licenses	Requirement and violation fixtures	2026-10-06T10:06:54.9915503Z
licenses	Requirement and violation fixtures	2026-10-06T10:06:54.9915723Z warning[license-not-encountered]: license was not encountered
licenses	Requirement and violation fixtures	2026-10-06T10:06:54.9916164Z   ┌─ /home/runner/work/OpenHOI4/OpenHOI4/deny.toml:3:90
licenses	Requirement and violation fixtures	2026-10-06T10:06:54.9916735Z   │
licenses	Requirement and violation fixtures	2026-10-06T10:06:54.9917320Z 3 │ allow = ["MIT", "Apache-2.0", "BSD-2-Clause", "BSD-3-Clause", "ISC", "Zlib", "MPL-2.0", "Unicode-3.0", "BSL-1.0", "CC0-1.0"]
licenses	Requirement and violation fixtures	2026-10-06T10:06:54.9918036Z   │                                                                                          ━━━━━━━━━━━ unmatched license allowance
licenses	Requirement and violation fixtures	2026-10-06T10:06:54.9918309Z
licenses	Requirement and violation fixtures	2026-10-06T10:06:54.9918534Z warning[license-not-encountered]: license was not encountered
licenses	Requirement and violation fixtures	2026-10-06T10:06:54.9918973Z   ┌─ /home/runner/work/OpenHOI4/OpenHOI4/deny.toml:3:71
licenses	Requirement and violation fixtures	2026-10-06T10:06:54.9919265Z   │
licenses	Requirement and violation fixtures	2026-10-06T10:06:54.9919843Z 3 │ allow = ["MIT", "Apache-2.0", "BSD-2-Clause", "BSD-3-Clause", "ISC", "Zlib", "MPL-2.0", "Unicode-3.0", "BSL-1.0", "CC0-1.0"]
licenses	Requirement and violation fixtures	2026-10-06T10:06:54.9920521Z   │                                                                       ━━━━ unmatched license allowance
licenses	Requirement and violation fixtures	2026-10-06T10:06:54.9920768Z
licenses	Requirement and violation fixtures	2026-10-06T10:06:54.9920775Z
licenses	Requirement and violation fixtures	2026-10-06T10:06:54.9921136Z $ node /home/runner/work/OpenHOI4/OpenHOI4/tools/check_npm_licenses.cjs --root /tmp/tmpnfn67pgh
licenses	Requirement and violation fixtures	2026-10-06T10:06:54.9921567Z exit=1
licenses	Requirement and violation fixtures	2026-10-06T10:06:54.9921825Z npm licenses: 1 dependencies; 1 error(s)
licenses	Requirement and violation fixtures	2026-10-06T10:06:54.9922315Z [LICENSE] node_modules/fixture-dep@1.0.0: unapproved license "MIT AND GPL-3.0-only"
licenses	Requirement and violation fixtures	2026-10-06T10:06:54.9922616Z
licenses	Requirement and violation fixtures	2026-10-06T10:06:54.9922968Z $ node /home/runner/work/OpenHOI4/OpenHOI4/tools/check_npm_licenses.cjs --root /tmp/tmpocktb6ht
licenses	Requirement and violation fixtures	2026-10-06T10:06:54.9923382Z exit=1
licenses	Requirement and violation fixtures	2026-10-06T10:06:54.9923631Z npm licenses: 1 dependencies; 1 error(s)
licenses	Requirement and violation fixtures	2026-10-06T10:06:54.9924143Z [LICENSE] node_modules/fixture-dep@1.0.0: unapproved license "Apache-2.0 WITH LLVM-exception"
licenses	Requirement and violation fixtures	2026-10-06T10:06:54.9924476Z
licenses	Requirement and violation fixtures	2026-10-06T10:06:54.9924828Z $ node /home/runner/work/OpenHOI4/OpenHOI4/tools/check_npm_licenses.cjs --root /tmp/tmpdsp9026z
licenses	Requirement and violation fixtures	2026-10-06T10:06:54.9925247Z exit=1
licenses	Requirement and violation fixtures	2026-10-06T10:06:54.9925489Z npm licenses: 1 dependencies; 1 error(s)
licenses	Requirement and violation fixtures	2026-10-06T10:06:54.9925925Z [LICENSE] node_modules/fixture-dep@1.0.0: unapproved license "GPL-3.0-only"
licenses	Requirement and violation fixtures	2026-10-06T10:06:54.9926206Z
licenses	Requirement and violation fixtures	2026-10-06T10:06:54.9926720Z $ node /home/runner/work/OpenHOI4/OpenHOI4/tools/check_npm_licenses.cjs --root /tmp/tmpgnadxv4b
licenses	Requirement and violation fixtures	2026-10-06T10:06:54.9927148Z exit=0
licenses	Requirement and violation fixtures	2026-10-06T10:06:54.9927398Z npm licenses: 1 dependencies; 0 error(s)
licenses	Requirement and violation fixtures	2026-10-06T10:06:54.9928071Z test_req_leg_03_or_accepts_permitted_choice (test_wp01.NpmLicenseTests.test_req_leg_03_or_accepts_permitted_choice) ... ok
licenses	Requirement and violation fixtures	2026-10-06T10:06:55.0074503Z test_req_leg_03_permitted_license_passes (test_wp01.NpmLicenseTests.test_req_leg_03_permitted_license_passes) ... ok
licenses	Requirement and violation fixtures	2026-10-06T10:06:55.0286937Z test_req_leg_03_unknown_license_fails (test_wp01.NpmLicenseTests.test_req_leg_03_unknown_license_fails) ... ok
licenses	Requirement and violation fixtures	2026-10-06T10:06:55.0299161Z test_req_plat_01_buildable_workspace_and_ci (test_wp01.PlatformTests.test_req_plat_01_buildable_workspace_and_ci) ... ok
licenses	Requirement and violation fixtures	2026-10-06T10:06:55.0300004Z
licenses	Requirement and violation fixtures	2026-10-06T10:06:55.0300252Z ----------------------------------------------------------------------
licenses	Requirement and violation fixtures	2026-10-06T10:06:55.0300622Z Ran 21 tests in 0.765s
licenses	Requirement and violation fixtures	2026-10-06T10:06:55.0300765Z
licenses	Requirement and violation fixtures	2026-10-06T10:06:55.0300848Z OK
licenses	Requirement and violation fixtures	2026-10-06T10:06:55.0300979Z
licenses	Requirement and violation fixtures	2026-10-06T10:06:55.0301356Z $ node /home/runner/work/OpenHOI4/OpenHOI4/tools/check_npm_licenses.cjs --root /tmp/tmp23onbaht
licenses	Requirement and violation fixtures	2026-10-06T10:06:55.0301793Z exit=0
licenses	Requirement and violation fixtures	2026-10-06T10:06:55.0302049Z npm licenses: 1 dependencies; 0 error(s)
licenses	Requirement and violation fixtures	2026-10-06T10:06:55.0302233Z
licenses	Requirement and violation fixtures	2026-10-06T10:06:55.0302578Z $ node /home/runner/work/OpenHOI4/OpenHOI4/tools/check_npm_licenses.cjs --root /tmp/tmpxdvee1fo
licenses	Requirement and violation fixtures	2026-10-06T10:06:55.0302997Z exit=1
licenses	Requirement and violation fixtures	2026-10-06T10:06:55.0303253Z npm licenses: 1 dependencies; 1 error(s)
licenses	Requirement and violation fixtures	2026-10-06T10:06:55.0303672Z [LICENSE] node_modules/fixture-dep@1.0.0: unapproved license undefined
licenses	Requirement and violation fixtures	2026-10-06T10:06:55.0303938Z
licenses	Post Run actions/setup-python@v7.0.0	﻿2026-10-06T10:06:55.0487348Z Post job cleanup.
licenses	Post Run actions/setup-node@v7.0.0	﻿2026-10-06T10:06:55.1629210Z Post job cleanup.
licenses	Post Run actions/checkout@v7.0.1	﻿2026-10-06T10:06:55.2834943Z Post job cleanup.
licenses	Post Run actions/checkout@v7.0.1	2026-10-06T10:06:55.3651132Z [command]/usr/bin/git version
licenses	Post Run actions/checkout@v7.0.1	2026-10-06T10:06:55.3692033Z git version 2.55.0
licenses	Post Run actions/checkout@v7.0.1	2026-10-06T10:06:55.3723795Z Temporarily overriding HOME='/home/runner/work/_temp/1d83b611-1804-4622-8be4-dd1c86d50c93' before making global git config changes
licenses	Post Run actions/checkout@v7.0.1	2026-10-06T10:06:55.3725323Z Adding repository directory to the temporary git global config as a safe directory
licenses	Post Run actions/checkout@v7.0.1	2026-10-06T10:06:55.3729700Z [command]/usr/bin/git config --global --add safe.directory /home/runner/work/OpenHOI4/OpenHOI4
licenses	Post Run actions/checkout@v7.0.1	2026-10-06T10:06:55.3754510Z Removing SSH command configuration
licenses	Post Run actions/checkout@v7.0.1	2026-10-06T10:06:55.3760044Z [command]/usr/bin/git config --local --name-only --get-regexp core\.sshCommand
licenses	Post Run actions/checkout@v7.0.1	2026-10-06T10:06:55.3789396Z [command]/usr/bin/git submodule foreach --recursive sh -c "git config --local --name-only --get-regexp 'core\.sshCommand' && git config --local --unset-all 'core.sshCommand' || :"
licenses	Post Run actions/checkout@v7.0.1	2026-10-06T10:06:55.3968691Z Removing HTTP extra header
licenses	Post Run actions/checkout@v7.0.1	2026-10-06T10:06:55.3973627Z [command]/usr/bin/git config --local --name-only --get-regexp http\.https\:\/\/github\.com\/\.extraheader
licenses	Post Run actions/checkout@v7.0.1	2026-10-06T10:06:55.4000550Z [command]/usr/bin/git submodule foreach --recursive sh -c "git config --local --name-only --get-regexp 'http\.https\:\/\/github\.com\/\.extraheader' && git config --local --unset-all 'http.https://github.com/.extraheader' || :"
licenses	Post Run actions/checkout@v7.0.1	2026-10-06T10:06:55.4165142Z Removing includeIf entries pointing to credentials config files
licenses	Post Run actions/checkout@v7.0.1	2026-10-06T10:06:55.4170543Z [command]/usr/bin/git config --local --name-only --get-regexp ^includeIf\.gitdir:
licenses	Post Run actions/checkout@v7.0.1	2026-10-06T10:06:55.4192447Z includeif.gitdir:/home/runner/work/OpenHOI4/OpenHOI4/.git.path
licenses	Post Run actions/checkout@v7.0.1	2026-10-06T10:06:55.4193056Z includeif.gitdir:/home/runner/work/OpenHOI4/OpenHOI4/.git/worktrees/*.path
licenses	Post Run actions/checkout@v7.0.1	2026-10-06T10:06:55.4193511Z includeif.gitdir:/github/workspace/.git.path
licenses	Post Run actions/checkout@v7.0.1	2026-10-06T10:06:55.4193904Z includeif.gitdir:/github/workspace/.git/worktrees/*.path
licenses	Post Run actions/checkout@v7.0.1	2026-10-06T10:06:55.4199808Z [command]/usr/bin/git config --local --get-all includeif.gitdir:/home/runner/work/OpenHOI4/OpenHOI4/.git.path
licenses	Post Run actions/checkout@v7.0.1	2026-10-06T10:06:55.4216670Z /home/runner/work/_temp/git-credentials-7a773d8d-cc4a-425d-8849-5ddf75edee76.config
licenses	Post Run actions/checkout@v7.0.1	2026-10-06T10:06:55.4224078Z [command]/usr/bin/git config --local --unset includeif.gitdir:/home/runner/work/OpenHOI4/OpenHOI4/.git.path \/home\/runner\/work\/_temp\/git\-credentials\-7a773d8d\-cc4a\-425d\-8849\-5ddf75edee76\.config
licenses	Post Run actions/checkout@v7.0.1	2026-10-06T10:06:55.4253671Z [command]/usr/bin/git config --local --get-all includeif.gitdir:/home/runner/work/OpenHOI4/OpenHOI4/.git/worktrees/*.path
licenses	Post Run actions/checkout@v7.0.1	2026-10-06T10:06:55.4271855Z /home/runner/work/_temp/git-credentials-7a773d8d-cc4a-425d-8849-5ddf75edee76.config
licenses	Post Run actions/checkout@v7.0.1	2026-10-06T10:06:55.4280550Z [command]/usr/bin/git config --local --unset includeif.gitdir:/home/runner/work/OpenHOI4/OpenHOI4/.git/worktrees/*.path \/home\/runner\/work\/_temp\/git\-credentials\-7a773d8d\-cc4a\-425d\-8849\-5ddf75edee76\.config
licenses	Post Run actions/checkout@v7.0.1	2026-10-06T10:06:55.4312170Z [command]/usr/bin/git config --local --get-all includeif.gitdir:/github/workspace/.git.path
licenses	Post Run actions/checkout@v7.0.1	2026-10-06T10:06:55.4329917Z /github/runner_temp/git-credentials-7a773d8d-cc4a-425d-8849-5ddf75edee76.config
licenses	Post Run actions/checkout@v7.0.1	2026-10-06T10:06:55.4335598Z [command]/usr/bin/git config --local --unset includeif.gitdir:/github/workspace/.git.path \/github\/runner_temp\/git\-credentials\-7a773d8d\-cc4a\-425d\-8849\-5ddf75edee76\.config
licenses	Post Run actions/checkout@v7.0.1	2026-10-06T10:06:55.4359573Z [command]/usr/bin/git config --local --get-all includeif.gitdir:/github/workspace/.git/worktrees/*.path
licenses	Post Run actions/checkout@v7.0.1	2026-10-06T10:06:55.4375782Z /github/runner_temp/git-credentials-7a773d8d-cc4a-425d-8849-5ddf75edee76.config
licenses	Post Run actions/checkout@v7.0.1	2026-10-06T10:06:55.4384537Z [command]/usr/bin/git config --local --unset includeif.gitdir:/github/workspace/.git/worktrees/*.path \/github\/runner_temp\/git\-credentials\-7a773d8d\-cc4a\-425d\-8849\-5ddf75edee76\.config
licenses	Post Run actions/checkout@v7.0.1	2026-10-06T10:06:55.4411744Z [command]/usr/bin/git submodule foreach --recursive git config --local --show-origin --name-only --get-regexp remote.origin.url
licenses	Post Run actions/checkout@v7.0.1	2026-10-06T10:06:55.4578792Z Removing credentials config '/home/runner/work/_temp/git-credentials-7a773d8d-cc4a-425d-8849-5ddf75edee76.config'
licenses	Complete job	﻿2026-10-06T10:06:55.4696817Z Cleaning up orphan processes
server (macos-latest)	Set up job	﻿2026-10-06T10:04:37.9375420Z Current runner version: '2.337.0'
server (macos-latest)	Set up job	2026-10-06T10:04:37.9397220Z ##[group]Runner Image Provisioner
server (macos-latest)	Set up job	2026-10-06T10:04:37.9397920Z Hosted Compute Agent
server (macos-latest)	Set up job	2026-10-06T10:04:37.9398310Z Version: 20260828.587
server (macos-latest)	Set up job	2026-10-06T10:04:37.9398730Z Commit: abac92662cab4cc7352de4f9f9d2e2419aad9c29
server (macos-latest)	Set up job	2026-10-06T10:04:37.9399260Z Build Date: 2026-08-28T16:44:25Z
server (macos-latest)	Set up job	2026-10-06T10:04:37.9399730Z Worker ID: {4278620d-0435-49fd-a314-f811c7f67032}
server (macos-latest)	Set up job	2026-10-06T10:04:37.9400230Z Azure Region: westus
server (macos-latest)	Set up job	2026-10-06T10:04:37.9400630Z ##[endgroup]
server (macos-latest)	Set up job	2026-10-06T10:04:37.9401690Z ##[group]Operating System
server (macos-latest)	Set up job	2026-10-06T10:04:37.9402210Z macOS
server (macos-latest)	Set up job	2026-10-06T10:04:37.9402590Z 26.6.2
server (macos-latest)	Set up job	2026-10-06T10:04:37.9402920Z 25G83
server (macos-latest)	Set up job	2026-10-06T10:04:37.9403280Z ##[endgroup]
server (macos-latest)	Set up job	2026-10-06T10:04:37.9403680Z ##[group]Runner Image
server (macos-latest)	Set up job	2026-10-06T10:04:37.9404110Z Image: macos-26-arm64
server (macos-latest)	Set up job	2026-10-06T10:04:37.9404500Z Version: 20260907.0351.1
server (macos-latest)	Set up job	2026-10-06T10:04:37.9405270Z Included Software: https://github.com/actions/runner-images/blob/macos-26-arm64/20260907.0351/images/macos/macos-26-arm64-Readme.md
server (macos-latest)	Set up job	2026-10-06T10:04:37.9406650Z Image Release: https://github.com/actions/runner-images/releases/tag/macos-26-arm64%2F20260907.0351
server (macos-latest)	Set up job	2026-10-06T10:04:37.9407530Z ##[endgroup]
server (macos-latest)	Set up job	2026-10-06T10:04:37.9408400Z ##[group]GITHUB_TOKEN Permissions
server (macos-latest)	Set up job	2026-10-06T10:04:37.9410420Z Contents: read
server (macos-latest)	Set up job	2026-10-06T10:04:37.9410850Z Metadata: read
server (macos-latest)	Set up job	2026-10-06T10:04:37.9411240Z ##[endgroup]
server (macos-latest)	Set up job	2026-10-06T10:04:37.9412950Z Secret source: Actions
server (macos-latest)	Set up job	2026-10-06T10:04:37.9413560Z Cache mode: write
server (macos-latest)	Set up job	2026-10-06T10:04:37.9414060Z Prepare workflow directory
server (macos-latest)	Set up job	2026-10-06T10:04:37.9923880Z Prepare all required actions
server (macos-latest)	Set up job	2026-10-06T10:04:38.0006180Z Getting action download info
server (macos-latest)	Set up job	2026-10-06T10:04:38.3164100Z Download action repository 'actions/checkout@v7.0.1' (SHA:3d3c42e5aac5ba805825da76410c181273ba90b1)
server (macos-latest)	Set up job	2026-10-06T10:04:38.6718370Z Download action repository 'actions/setup-node@v7.0.0' (SHA:820762786026740c76f36085b0efc47a31fe5020)
server (macos-latest)	Set up job	2026-10-06T10:04:38.7967350Z Download action repository 'actions/setup-python@v7.0.0' (SHA:5fda3b95a4ea91299a34e894583c3862153e4b97)
server (macos-latest)	Set up job	2026-10-06T10:04:38.9763290Z Complete job name: server (macos-latest)
server (macos-latest)	Run actions/checkout@v7.0.1	﻿2026-10-06T10:04:39.0613630Z ##[group]Run actions/checkout@v7.0.1
server (macos-latest)	Run actions/checkout@v7.0.1	2026-10-06T10:04:39.0614340Z with:
server (macos-latest)	Run actions/checkout@v7.0.1	2026-10-06T10:04:39.0614670Z   repository: peppone-choi/OpenHOI4
server (macos-latest)	Run actions/checkout@v7.0.1	2026-10-06T10:04:39.0617430Z   token: ***
server (macos-latest)	Run actions/checkout@v7.0.1	2026-10-06T10:04:39.0617730Z   ssh-strict: true
server (macos-latest)	Run actions/checkout@v7.0.1	2026-10-06T10:04:39.0618030Z   ssh-user: git
server (macos-latest)	Run actions/checkout@v7.0.1	2026-10-06T10:04:39.0618350Z   persist-credentials: true
server (macos-latest)	Run actions/checkout@v7.0.1	2026-10-06T10:04:39.0618690Z   clean: true
server (macos-latest)	Run actions/checkout@v7.0.1	2026-10-06T10:04:39.0619000Z   sparse-checkout-cone-mode: true
server (macos-latest)	Run actions/checkout@v7.0.1	2026-10-06T10:04:39.0619360Z   fetch-depth: 1
server (macos-latest)	Run actions/checkout@v7.0.1	2026-10-06T10:04:39.0619660Z   fetch-tags: false
server (macos-latest)	Run actions/checkout@v7.0.1	2026-10-06T10:04:39.0619970Z   show-progress: true
server (macos-latest)	Run actions/checkout@v7.0.1	2026-10-06T10:04:39.0620280Z   lfs: false
server (macos-latest)	Run actions/checkout@v7.0.1	2026-10-06T10:04:39.0620570Z   submodules: false
server (macos-latest)	Run actions/checkout@v7.0.1	2026-10-06T10:04:39.0620890Z   set-safe-directory: true
server (macos-latest)	Run actions/checkout@v7.0.1	2026-10-06T10:04:39.0621240Z   allow-unsafe-pr-checkout: false
server (macos-latest)	Run actions/checkout@v7.0.1	2026-10-06T10:04:39.0621700Z ##[endgroup]
server (macos-latest)	Run actions/checkout@v7.0.1	2026-10-06T10:04:39.4609560Z Syncing repository: peppone-choi/OpenHOI4
server (macos-latest)	Run actions/checkout@v7.0.1	2026-10-06T10:04:39.4611970Z ##[group]Getting Git version info
server (macos-latest)	Run actions/checkout@v7.0.1	2026-10-06T10:04:39.4612840Z Working directory is '/Users/runner/work/OpenHOI4/OpenHOI4'
server (macos-latest)	Run actions/checkout@v7.0.1	2026-10-06T10:04:39.4613940Z [command]/opt/homebrew/bin/git version
server (macos-latest)	Run actions/checkout@v7.0.1	2026-10-06T10:04:39.5114800Z git version 2.55.0
server (macos-latest)	Run actions/checkout@v7.0.1	2026-10-06T10:04:39.5144700Z ##[endgroup]
server (macos-latest)	Run actions/checkout@v7.0.1	2026-10-06T10:04:39.5157240Z Copying '/Users/runner/.gitconfig' to '/Users/runner/work/_temp/c4a626cb-4826-4175-a0fd-8ce2b03ba4fc/.gitconfig'
server (macos-latest)	Run actions/checkout@v7.0.1	2026-10-06T10:04:39.5159450Z Temporarily overriding HOME='/Users/runner/work/_temp/c4a626cb-4826-4175-a0fd-8ce2b03ba4fc' before making global git config changes
server (macos-latest)	Run actions/checkout@v7.0.1	2026-10-06T10:04:39.5160850Z Adding repository directory to the temporary git global config as a safe directory
server (macos-latest)	Run actions/checkout@v7.0.1	2026-10-06T10:04:39.5164220Z [command]/opt/homebrew/bin/git config --global --add safe.directory /Users/runner/work/OpenHOI4/OpenHOI4
server (macos-latest)	Run actions/checkout@v7.0.1	2026-10-06T10:04:39.5332770Z Deleting the contents of '/Users/runner/work/OpenHOI4/OpenHOI4'
server (macos-latest)	Run actions/checkout@v7.0.1	2026-10-06T10:04:39.5336730Z ##[group]Determining repository object format
server (macos-latest)	Run actions/checkout@v7.0.1	2026-10-06T10:04:39.5340270Z ##[endgroup]
server (macos-latest)	Run actions/checkout@v7.0.1	2026-10-06T10:04:39.5342040Z ##[group]Initializing the repository
server (macos-latest)	Run actions/checkout@v7.0.1	2026-10-06T10:04:39.5343910Z [command]/opt/homebrew/bin/git init /Users/runner/work/OpenHOI4/OpenHOI4
server (macos-latest)	Run actions/checkout@v7.0.1	2026-10-06T10:04:39.5553960Z hint: Using 'master' as the name for the initial branch. This default branch name
server (macos-latest)	Run actions/checkout@v7.0.1	2026-10-06T10:04:39.5555090Z hint: will change to "main" in Git 3.0. To configure the initial branch name
server (macos-latest)	Run actions/checkout@v7.0.1	2026-10-06T10:04:39.5555950Z hint: to use in all of your new repositories, which will suppress this warning,
server (macos-latest)	Run actions/checkout@v7.0.1	2026-10-06T10:04:39.5556550Z hint: call:
server (macos-latest)	Run actions/checkout@v7.0.1	2026-10-06T10:04:39.5556920Z hint:
server (macos-latest)	Run actions/checkout@v7.0.1	2026-10-06T10:04:39.5557450Z hint: 	git config --global init.defaultBranch <name>
server (macos-latest)	Run actions/checkout@v7.0.1	2026-10-06T10:04:39.5558020Z hint:
server (macos-latest)	Run actions/checkout@v7.0.1	2026-10-06T10:04:39.5558540Z hint: Names commonly chosen instead of 'master' are 'main', 'trunk' and
server (macos-latest)	Run actions/checkout@v7.0.1	2026-10-06T10:04:39.5559280Z hint: 'development'. The just-created branch can be renamed via this command:
server (macos-latest)	Run actions/checkout@v7.0.1	2026-10-06T10:04:39.5560020Z hint:
server (macos-latest)	Run actions/checkout@v7.0.1	2026-10-06T10:04:39.5560390Z hint: 	git branch -m <name>
server (macos-latest)	Run actions/checkout@v7.0.1	2026-10-06T10:04:39.5560840Z hint:
server (macos-latest)	Run actions/checkout@v7.0.1	2026-10-06T10:04:39.5561530Z hint: Disable this message with "git config set advice.defaultBranchName false"
server (macos-latest)	Run actions/checkout@v7.0.1	2026-10-06T10:04:39.5562480Z Initialized empty Git repository in /Users/runner/work/OpenHOI4/OpenHOI4/.git/
server (macos-latest)	Run actions/checkout@v7.0.1	2026-10-06T10:04:39.5564490Z [command]/opt/homebrew/bin/git remote add origin https://github.com/peppone-choi/OpenHOI4
server (macos-latest)	Run actions/checkout@v7.0.1	2026-10-06T10:04:39.5649120Z ##[endgroup]
server (macos-latest)	Run actions/checkout@v7.0.1	2026-10-06T10:04:39.5650220Z ##[group]Disabling automatic garbage collection
server (macos-latest)	Run actions/checkout@v7.0.1	2026-10-06T10:04:39.5651710Z [command]/opt/homebrew/bin/git config --local gc.auto 0
server (macos-latest)	Run actions/checkout@v7.0.1	2026-10-06T10:04:39.5722840Z ##[endgroup]
server (macos-latest)	Run actions/checkout@v7.0.1	2026-10-06T10:04:39.5723730Z ##[group]Setting up auth
server (macos-latest)	Run actions/checkout@v7.0.1	2026-10-06T10:04:39.5724190Z Removing SSH command configuration
server (macos-latest)	Run actions/checkout@v7.0.1	2026-10-06T10:04:39.5726010Z [command]/opt/homebrew/bin/git config --local --name-only --get-regexp core\.sshCommand
server (macos-latest)	Run actions/checkout@v7.0.1	2026-10-06T10:04:39.5795450Z [command]/opt/homebrew/bin/git submodule foreach --recursive sh -c "git config --local --name-only --get-regexp 'core\.sshCommand' && git config --local --unset-all 'core.sshCommand' || :"
server (macos-latest)	Run actions/checkout@v7.0.1	2026-10-06T10:04:39.7067880Z Removing HTTP extra header
server (macos-latest)	Run actions/checkout@v7.0.1	2026-10-06T10:04:39.7071510Z [command]/opt/homebrew/bin/git config --local --name-only --get-regexp http\.https\:\/\/github\.com\/\.extraheader
server (macos-latest)	Run actions/checkout@v7.0.1	2026-10-06T10:04:39.7153790Z [command]/opt/homebrew/bin/git submodule foreach --recursive sh -c "git config --local --name-only --get-regexp 'http\.https\:\/\/github\.com\/\.extraheader' && git config --local --unset-all 'http.https://github.com/.extraheader' || :"
server (macos-latest)	Run actions/checkout@v7.0.1	2026-10-06T10:04:39.8027770Z Removing includeIf entries pointing to credentials config files
server (macos-latest)	Run actions/checkout@v7.0.1	2026-10-06T10:04:39.8031340Z [command]/opt/homebrew/bin/git config --local --name-only --get-regexp ^includeIf\.gitdir:
server (macos-latest)	Run actions/checkout@v7.0.1	2026-10-06T10:04:39.8094130Z [command]/opt/homebrew/bin/git submodule foreach --recursive git config --local --show-origin --name-only --get-regexp remote.origin.url
server (macos-latest)	Run actions/checkout@v7.0.1	2026-10-06T10:04:39.9937010Z [command]/opt/homebrew/bin/git config --file /Users/runner/work/_temp/git-credentials-daf64016-eebf-4bfe-a9b9-8dcd99a76f02.config http.https://github.com/.extraheader AUTHORIZATION: basic ***
server (macos-latest)	Run actions/checkout@v7.0.1	2026-10-06T10:04:39.9940150Z [command]/opt/homebrew/bin/git config --local includeIf.gitdir:/Users/runner/work/OpenHOI4/OpenHOI4/.git.path /Users/runner/work/_temp/git-credentials-daf64016-eebf-4bfe-a9b9-8dcd99a76f02.config
server (macos-latest)	Run actions/checkout@v7.0.1	2026-10-06T10:04:39.9942500Z [command]/opt/homebrew/bin/git config --local includeIf.gitdir:/Users/runner/work/OpenHOI4/OpenHOI4/.git/worktrees/*.path /Users/runner/work/_temp/git-credentials-daf64016-eebf-4bfe-a9b9-8dcd99a76f02.config
server (macos-latest)	Run actions/checkout@v7.0.1	2026-10-06T10:04:39.9988160Z [command]/opt/homebrew/bin/git config --local includeIf.gitdir:/github/workspace/.git.path /github/runner_temp/git-credentials-daf64016-eebf-4bfe-a9b9-8dcd99a76f02.config
server (macos-latest)	Run actions/checkout@v7.0.1	2026-10-06T10:04:40.0054220Z [command]/opt/homebrew/bin/git config --local includeIf.gitdir:/github/workspace/.git/worktrees/*.path /github/runner_temp/git-credentials-daf64016-eebf-4bfe-a9b9-8dcd99a76f02.config
server (macos-latest)	Run actions/checkout@v7.0.1	2026-10-06T10:04:40.0112480Z ##[endgroup]
server (macos-latest)	Run actions/checkout@v7.0.1	2026-10-06T10:04:40.0113660Z ##[group]Fetching the repository
server (macos-latest)	Run actions/checkout@v7.0.1	2026-10-06T10:04:40.0116430Z [command]/opt/homebrew/bin/git -c protocol.version=2 fetch --no-tags --prune --no-recurse-submodules --depth=1 origin +f12b30345c7255bdceb4d0e6b32405f5c48dd5b6:refs/remotes/origin/main
server (macos-latest)	Run actions/checkout@v7.0.1	2026-10-06T10:04:41.2913080Z From https://github.com/peppone-choi/OpenHOI4
server (macos-latest)	Run actions/checkout@v7.0.1	2026-10-06T10:04:41.2915050Z  * [new ref]         f12b30345c7255bdceb4d0e6b32405f5c48dd5b6 -> origin/main
server (macos-latest)	Run actions/checkout@v7.0.1	2026-10-06T10:04:41.2922480Z [command]/opt/homebrew/bin/git branch --list --remote origin/main
server (macos-latest)	Run actions/checkout@v7.0.1	2026-10-06T10:04:41.2999180Z   origin/main
server (macos-latest)	Run actions/checkout@v7.0.1	2026-10-06T10:04:41.3005450Z [command]/opt/homebrew/bin/git rev-parse refs/remotes/origin/main
server (macos-latest)	Run actions/checkout@v7.0.1	2026-10-06T10:04:41.3062300Z f12b30345c7255bdceb4d0e6b32405f5c48dd5b6
server (macos-latest)	Run actions/checkout@v7.0.1	2026-10-06T10:04:41.3065410Z ##[endgroup]
server (macos-latest)	Run actions/checkout@v7.0.1	2026-10-06T10:04:41.3066200Z ##[group]Determining the checkout info
server (macos-latest)	Run actions/checkout@v7.0.1	2026-10-06T10:04:41.3067120Z ##[endgroup]
server (macos-latest)	Run actions/checkout@v7.0.1	2026-10-06T10:04:41.3069450Z [command]/opt/homebrew/bin/git sparse-checkout disable
server (macos-latest)	Run actions/checkout@v7.0.1	2026-10-06T10:04:41.3165900Z [command]/opt/homebrew/bin/git config --local --unset-all extensions.worktreeConfig
server (macos-latest)	Run actions/checkout@v7.0.1	2026-10-06T10:04:41.3325860Z ##[group]Checking out the ref
server (macos-latest)	Run actions/checkout@v7.0.1	2026-10-06T10:04:41.3329190Z [command]/opt/homebrew/bin/git checkout --progress --force -B main refs/remotes/origin/main
server (macos-latest)	Run actions/checkout@v7.0.1	2026-10-06T10:04:41.4427210Z Switched to a new branch 'main'
server (macos-latest)	Run actions/checkout@v7.0.1	2026-10-06T10:04:41.4437760Z branch 'main' set up to track 'origin/main'.
server (macos-latest)	Run actions/checkout@v7.0.1	2026-10-06T10:04:41.4445430Z ##[endgroup]
server (macos-latest)	Run actions/checkout@v7.0.1	2026-10-06T10:04:41.4555540Z [command]/opt/homebrew/bin/git log -1 --format=%H
server (macos-latest)	Run actions/checkout@v7.0.1	2026-10-06T10:04:41.4634730Z f12b30345c7255bdceb4d0e6b32405f5c48dd5b6
server (macos-latest)	Install pinned Rust toolchain	﻿2026-10-06T10:04:41.4905670Z ##[group]Run rustup toolchain install 1.99.0 --profile minimal --component rustfmt --component clippy
server (macos-latest)	Install pinned Rust toolchain	2026-10-06T10:04:41.4908000Z [36;1mrustup toolchain install 1.99.0 --profile minimal --component rustfmt --component clippy[0m
server (macos-latest)	Install pinned Rust toolchain	2026-10-06T10:04:41.4952780Z shell: /bin/bash -e {0}
server (macos-latest)	Install pinned Rust toolchain	2026-10-06T10:04:41.4953590Z ##[endgroup]
server (macos-latest)	Install pinned Rust toolchain	2026-10-06T10:04:41.6001370Z info: syncing channel updates for 1.99.0-aarch64-apple-darwin
server (macos-latest)	Install pinned Rust toolchain	2026-10-06T10:04:41.8330050Z info: latest update on 2026-10-01 for version 1.99.0 (b940084d7 2026-09-28)
server (macos-latest)	Install pinned Rust toolchain	2026-10-06T10:04:41.8375800Z info: downloading 5 components
server (macos-latest)	Install pinned Rust toolchain	2026-10-06T10:04:48.4639770Z
server (macos-latest)	Install pinned Rust toolchain	2026-10-06T10:04:48.5128350Z   1.99.0-aarch64-apple-darwin installed - rustc 1.99.0 (b940084d7 2026-09-28)
server (macos-latest)	Install pinned Rust toolchain	2026-10-06T10:04:48.5129590Z
server (macos-latest)	Install pinned Rust toolchain	2026-10-06T10:04:48.5129930Z info: self-update is disabled for this build of rustup
server (macos-latest)	Install pinned Rust toolchain	2026-10-06T10:04:48.5131540Z info: any updates to rustup will need to be fetched with your system package manager
server (macos-latest)	Run actions/setup-node@v7.0.0	﻿2026-10-06T10:04:48.5522810Z ##[group]Run actions/setup-node@v7.0.0
server (macos-latest)	Run actions/setup-node@v7.0.0	2026-10-06T10:04:48.5523340Z with:
server (macos-latest)	Run actions/setup-node@v7.0.0	2026-10-06T10:04:48.5523580Z   node-version: 24.4.0
server (macos-latest)	Run actions/setup-node@v7.0.0	2026-10-06T10:04:48.5523850Z   cache: npm
server (macos-latest)	Run actions/setup-node@v7.0.0	2026-10-06T10:04:48.5524090Z   cache-dependency-path: client/package-lock.json
server (macos-latest)	Run actions/setup-node@v7.0.0	2026-10-06T10:04:48.5524470Z   check-latest: false
server (macos-latest)	Run actions/setup-node@v7.0.0	2026-10-06T10:04:48.5526720Z   token: ***
server (macos-latest)	Run actions/setup-node@v7.0.0	2026-10-06T10:04:48.5527010Z   package-manager-cache: true
server (macos-latest)	Run actions/setup-node@v7.0.0	2026-10-06T10:04:48.5527330Z ##[endgroup]
server (macos-latest)	Run actions/setup-node@v7.0.0	2026-10-06T10:04:48.7217270Z Attempting to download 24.4.0...
server (macos-latest)	Run actions/setup-node@v7.0.0	2026-10-06T10:04:49.4691940Z Acquiring 24.4.0 - arm64 from https://github.com/actions/node-versions/releases/download/24.4.0-16210503505/node-24.4.0-darwin-arm64.tar.gz
server (macos-latest)	Run actions/setup-node@v7.0.0	2026-10-06T10:04:50.1487520Z Extracting ...
server (macos-latest)	Run actions/setup-node@v7.0.0	2026-10-06T10:04:50.1737880Z [command]/usr/bin/tar xz --strip 1 -C /Users/runner/work/_temp/6f17e968-e004-4a44-a41c-10dd29d7724b -f /Users/runner/work/_temp/cd3833c6-8334-4646-a215-4192e8d3188d
server (macos-latest)	Run actions/setup-node@v7.0.0	2026-10-06T10:04:51.1277930Z Adding to the cache ...
server (macos-latest)	Run actions/setup-node@v7.0.0	2026-10-06T10:04:52.9827870Z ##[group]Environment details
server (macos-latest)	Run actions/setup-node@v7.0.0	2026-10-06T10:04:53.2816450Z node: v24.4.0
server (macos-latest)	Run actions/setup-node@v7.0.0	2026-10-06T10:04:53.2818040Z npm: 11.4.2
server (macos-latest)	Run actions/setup-node@v7.0.0	2026-10-06T10:04:53.2819200Z yarn: 1.22.22
server (macos-latest)	Run actions/setup-node@v7.0.0	2026-10-06T10:04:53.2819920Z ##[endgroup]
server (macos-latest)	Run actions/setup-node@v7.0.0	2026-10-06T10:04:53.2839770Z [command]/Users/runner/hostedtoolcache/node/24.4.0/arm64/bin/npm config get cache
server (macos-latest)	Run actions/setup-node@v7.0.0	2026-10-06T10:04:53.4127710Z /Users/runner/.npm
server (macos-latest)	Run actions/setup-node@v7.0.0	2026-10-06T10:04:53.5750690Z npm cache is not found
server (macos-latest)	Build embedded production client before Rust server	﻿2026-10-06T10:04:53.6278520Z ##[group]Run npm --prefix client ci
server (macos-latest)	Build embedded production client before Rust server	2026-10-06T10:04:53.6278810Z [36;1mnpm --prefix client ci[0m
server (macos-latest)	Build embedded production client before Rust server	2026-10-06T10:04:53.6407100Z [36;1mnpm --prefix client run build[0m
server (macos-latest)	Build embedded production client before Rust server	2026-10-06T10:04:53.6445640Z shell: /bin/bash -e {0}
server (macos-latest)	Build embedded production client before Rust server	2026-10-06T10:04:53.6445830Z ##[endgroup]
server (macos-latest)	Build embedded production client before Rust server	2026-10-06T10:04:54.8383290Z
server (macos-latest)	Build embedded production client before Rust server	2026-10-06T10:04:54.8388760Z added 94 packages, and audited 95 packages in 1s
server (macos-latest)	Build embedded production client before Rust server	2026-10-06T10:04:54.8389080Z
server (macos-latest)	Build embedded production client before Rust server	2026-10-06T10:04:54.8389280Z 22 packages are looking for funding
server (macos-latest)	Build embedded production client before Rust server	2026-10-06T10:04:54.8389540Z   run `npm fund` for details
server (macos-latest)	Build embedded production client before Rust server	2026-10-06T10:04:54.8389680Z
server (macos-latest)	Build embedded production client before Rust server	2026-10-06T10:04:54.8389780Z found 0 vulnerabilities
server (macos-latest)	Build embedded production client before Rust server	2026-10-06T10:04:55.0487490Z
server (macos-latest)	Build embedded production client before Rust server	2026-10-06T10:04:55.0488220Z > openhoi-client@0.1.0 build
server (macos-latest)	Build embedded production client before Rust server	2026-10-06T10:04:55.0488670Z > tsc --noEmit && vite build
server (macos-latest)	Build embedded production client before Rust server	2026-10-06T10:04:55.0488980Z
server (macos-latest)	Build embedded production client before Rust server	2026-10-06T10:04:55.4213020Z [36mvite v8.3.3 [32mbuilding client environment for production...[36m[39m
server (macos-latest)	Build embedded production client before Rust server	2026-10-06T10:04:55.4272360Z transforming...
server (macos-latest)	Build embedded production client before Rust server	2026-10-06T10:04:55.4678010Z ✓ 36 modules transformed.
server (macos-latest)	Build embedded production client before Rust server	2026-10-06T10:04:55.4826170Z rendering chunks...
server (macos-latest)	Build embedded production client before Rust server	2026-10-06T10:04:55.5041130Z computing gzip size...
server (macos-latest)	Build embedded production client before Rust server	2026-10-06T10:04:55.5071950Z dist/index.html                   0.36 kB │ gzip:  0.25 kB
server (macos-latest)	Build embedded production client before Rust server	2026-10-06T10:04:55.5072500Z dist/assets/index-Clqajp1P.css    1.05 kB │ gzip:  0.56 kB
server (macos-latest)	Build embedded production client before Rust server	2026-10-06T10:04:55.5073080Z dist/assets/index-B5ffLlxA.js   245.50 kB │ gzip: 76.24 kB
server (macos-latest)	Build embedded production client before Rust server	2026-10-06T10:04:55.5073310Z
server (macos-latest)	Build embedded production client before Rust server	2026-10-06T10:04:55.5073830Z [32m✓ built in 86ms[39m
server (macos-latest)	Run cargo fmt --check	﻿2026-10-06T10:04:55.5304280Z ##[group]Run cargo fmt --check
server (macos-latest)	Run cargo fmt --check	2026-10-06T10:04:55.5304510Z [36;1mcargo fmt --check[0m
server (macos-latest)	Run cargo fmt --check	2026-10-06T10:04:55.5333100Z shell: /bin/bash -e {0}
server (macos-latest)	Run cargo fmt --check	2026-10-06T10:04:55.5333300Z ##[endgroup]
server (macos-latest)	Run cargo clippy --workspace --locked -- -D warnings	﻿2026-10-06T10:04:55.8296870Z ##[group]Run cargo clippy --workspace --locked -- -D warnings
server (macos-latest)	Run cargo clippy --workspace --locked -- -D warnings	2026-10-06T10:04:55.8297240Z [36;1mcargo clippy --workspace --locked -- -D warnings[0m
server (macos-latest)	Run cargo clippy --workspace --locked -- -D warnings	2026-10-06T10:04:55.8328970Z shell: /bin/bash -e {0}
server (macos-latest)	Run cargo clippy --workspace --locked -- -D warnings	2026-10-06T10:04:55.8329200Z ##[endgroup]
server (macos-latest)	Run cargo clippy --workspace --locked -- -D warnings	2026-10-06T10:04:56.1009460Z     Updating crates.io index
server (macos-latest)	Run cargo clippy --workspace --locked -- -D warnings	2026-10-06T10:04:56.4388370Z  Downloading crates ...
server (macos-latest)	Run cargo clippy --workspace --locked -- -D warnings	2026-10-06T10:04:56.5088630Z   Downloaded embedded-io v0.4.0
server (macos-latest)	Run cargo clippy --workspace --locked -- -D warnings	2026-10-06T10:04:56.5137230Z   Downloaded atomic-waker v1.1.2
server (macos-latest)	Run cargo clippy --workspace --locked -- -D warnings	2026-10-06T10:04:56.5165910Z   Downloaded cpufeatures v0.2.17
server (macos-latest)	Run cargo clippy --workspace --locked -- -D warnings	2026-10-06T10:04:56.5199560Z   Downloaded futures-channel v0.3.34
server (macos-latest)	Run cargo clippy --workspace --locked -- -D warnings	2026-10-06T10:04:56.5253770Z   Downloaded cobs v0.3.0
server (macos-latest)	Run cargo clippy --workspace --locked -- -D warnings	2026-10-06T10:04:56.5279980Z   Downloaded equivalent v1.0.2
server (macos-latest)	Run cargo clippy --workspace --locked -- -D warnings	2026-10-06T10:04:56.5293810Z   Downloaded futures-sink v0.3.34
server (macos-latest)	Run cargo clippy --workspace --locked -- -D warnings	2026-10-06T10:04:56.5306340Z   Downloaded crypto-common v0.1.7
server (macos-latest)	Run cargo clippy --workspace --locked -- -D warnings	2026-10-06T10:04:56.5324410Z   Downloaded embedded-io v0.6.1
server (macos-latest)	Run cargo clippy --workspace --locked -- -D warnings	2026-10-06T10:04:56.5344800Z   Downloaded futures-core v0.3.34
server (macos-latest)	Run cargo clippy --workspace --locked -- -D warnings	2026-10-06T10:04:56.5367970Z   Downloaded dyn-clone v1.0.20
server (macos-latest)	Run cargo clippy --workspace --locked -- -D warnings	2026-10-06T10:04:56.5417540Z   Downloaded futures-task v0.3.34
server (macos-latest)	Run cargo clippy --workspace --locked -- -D warnings	2026-10-06T10:04:56.5440720Z   Downloaded cfg-if v1.0.5
server (macos-latest)	Run cargo clippy --workspace --locked -- -D warnings	2026-10-06T10:04:56.5467860Z   Downloaded errno v0.3.14
server (macos-latest)	Run cargo clippy --workspace --locked -- -D warnings	2026-10-06T10:04:56.5488580Z   Downloaded block-buffer v0.10.4
server (macos-latest)	Run cargo clippy --workspace --locked -- -D warnings	2026-10-06T10:04:56.5505720Z   Downloaded bytes v1.12.1
server (macos-latest)	Run cargo clippy --workspace --locked -- -D warnings	2026-10-06T10:04:56.5614210Z   Downloaded autocfg v1.5.1
server (macos-latest)	Run cargo clippy --workspace --locked -- -D warnings	2026-10-06T10:04:56.5693200Z   Downloaded axum-core v0.5.6
server (macos-latest)	Run cargo clippy --workspace --locked -- -D warnings	2026-10-06T10:04:56.5808900Z   Downloaded data-encoding v2.11.1
server (macos-latest)	Run cargo clippy --workspace --locked -- -D warnings	2026-10-06T10:04:56.5911990Z   Downloaded percent-encoding v2.3.2
server (macos-latest)	Run cargo clippy --workspace --locked -- -D warnings	2026-10-06T10:04:56.5925230Z   Downloaded ref-cast-impl v1.0.27
server (macos-latest)	Run cargo clippy --workspace --locked -- -D warnings	2026-10-06T10:04:56.5925990Z   Downloaded sha1 v0.10.7
server (macos-latest)	Run cargo clippy --workspace --locked -- -D warnings	2026-10-06T10:04:56.5935210Z   Downloaded digest v0.10.7
server (macos-latest)	Run cargo clippy --workspace --locked -- -D warnings	2026-10-06T10:04:56.5973430Z   Downloaded tower-layer v0.3.3
server (macos-latest)	Run cargo clippy --workspace --locked -- -D warnings	2026-10-06T10:04:56.5989040Z   Downloaded generic-array v0.14.7
server (macos-latest)	Run cargo clippy --workspace --locked -- -D warnings	2026-10-06T10:04:56.6010380Z   Downloaded zmij v1.0.23
server (macos-latest)	Run cargo clippy --workspace --locked -- -D warnings	2026-10-06T10:04:56.6035040Z   Downloaded version_check v0.9.5
server (macos-latest)	Run cargo clippy --workspace --locked -- -D warnings	2026-10-06T10:04:56.6054540Z   Downloaded httpdate v1.0.3
server (macos-latest)	Run cargo clippy --workspace --locked -- -D warnings	2026-10-06T10:04:56.6071770Z   Downloaded ref-cast v1.0.27
server (macos-latest)	Run cargo clippy --workspace --locked -- -D warnings	2026-10-06T10:04:56.6121620Z   Downloaded serde_spanned v1.1.1
server (macos-latest)	Run cargo clippy --workspace --locked -- -D warnings	2026-10-06T10:04:56.6153290Z   Downloaded sync_wrapper v1.0.2
server (macos-latest)	Run cargo clippy --workspace --locked -- -D warnings	2026-10-06T10:04:56.6163840Z   Downloaded itoa v1.0.18
server (macos-latest)	Run cargo clippy --workspace --locked -- -D warnings	2026-10-06T10:04:56.6185810Z   Downloaded tower-service v0.3.3
server (macos-latest)	Run cargo clippy --workspace --locked -- -D warnings	2026-10-06T10:04:56.6196700Z   Downloaded http-body v1.1.0
server (macos-latest)	Run cargo clippy --workspace --locked -- -D warnings	2026-10-06T10:04:56.6212510Z   Downloaded mime v0.3.17
server (macos-latest)	Run cargo clippy --workspace --locked -- -D warnings	2026-10-06T10:04:56.6235270Z   Downloaded rand_chacha v0.9.0
server (macos-latest)	Run cargo clippy --workspace --locked -- -D warnings	2026-10-06T10:04:56.6259180Z   Downloaded thiserror-impl v2.0.21
server (macos-latest)	Run cargo clippy --workspace --locked -- -D warnings	2026-10-06T10:04:56.6296450Z   Downloaded pin-project-lite v0.2.17
server (macos-latest)	Run cargo clippy --workspace --locked -- -D warnings	2026-10-06T10:04:56.6399120Z   Downloaded ppv-lite86 v0.2.21
server (macos-latest)	Run cargo clippy --workspace --locked -- -D warnings	2026-10-06T10:04:56.6437980Z   Downloaded rand_chacha v0.10.0
server (macos-latest)	Run cargo clippy --workspace --locked -- -D warnings	2026-10-06T10:04:56.6455960Z   Downloaded rand_core v0.9.5
server (macos-latest)	Run cargo clippy --workspace --locked -- -D warnings	2026-10-06T10:04:56.6478540Z   Downloaded rand_core v0.10.1
server (macos-latest)	Run cargo clippy --workspace --locked -- -D warnings	2026-10-06T10:04:56.6507100Z   Downloaded serde_derive_internals v0.30.0
server (macos-latest)	Run cargo clippy --workspace --locked -- -D warnings	2026-10-06T10:04:56.6534740Z   Downloaded slab v0.4.12
server (macos-latest)	Run cargo clippy --workspace --locked -- -D warnings	2026-10-06T10:04:56.6559580Z   Downloaded termcolor v1.4.1
server (macos-latest)	Run cargo clippy --workspace --locked -- -D warnings	2026-10-06T10:04:56.6579840Z   Downloaded tokio-macros v2.7.2
server (macos-latest)	Run cargo clippy --workspace --locked -- -D warnings	2026-10-06T10:04:56.6597480Z   Downloaded tokio-tungstenite v0.29.0
server (macos-latest)	Run cargo clippy --workspace --locked -- -D warnings	2026-10-06T10:04:56.6630650Z   Downloaded toml_datetime v1.1.1+spec-1.1.0
server (macos-latest)	Run cargo clippy --workspace --locked -- -D warnings	2026-10-06T10:04:56.6647920Z   Downloaded toml_parser v1.1.3+spec-1.1.0
server (macos-latest)	Run cargo clippy --workspace --locked -- -D warnings	2026-10-06T10:04:56.6679560Z   Downloaded toml_writer v1.1.2+spec-1.1.0
server (macos-latest)	Run cargo clippy --workspace --locked -- -D warnings	2026-10-06T10:04:56.6697790Z   Downloaded az v1.3.0
server (macos-latest)	Run cargo clippy --workspace --locked -- -D warnings	2026-10-06T10:04:56.6743310Z   Downloaded bytemuck v1.25.2
server (macos-latest)	Run cargo clippy --workspace --locked -- -D warnings	2026-10-06T10:04:56.6796840Z   Downloaded getrandom v0.3.4
server (macos-latest)	Run cargo clippy --workspace --locked -- -D warnings	2026-10-06T10:04:56.6849330Z   Downloaded half v2.7.1
server (macos-latest)	Run cargo clippy --workspace --locked -- -D warnings	2026-10-06T10:04:56.6886200Z   Downloaded http-body-util v0.1.5
server (macos-latest)	Run cargo clippy --workspace --locked -- -D warnings	2026-10-06T10:04:56.6919520Z   Downloaded signal-hook-registry v1.4.8
server (macos-latest)	Run cargo clippy --workspace --locked -- -D warnings	2026-10-06T10:04:56.6937520Z   Downloaded matchit v0.8.4
server (macos-latest)	Run cargo clippy --workspace --locked -- -D warnings	2026-10-06T10:04:56.6977030Z   Downloaded rmp v0.8.15
server (macos-latest)	Run cargo clippy --workspace --locked -- -D warnings	2026-10-06T10:04:56.7060840Z   Downloaded rmp-serde v1.3.1
server (macos-latest)	Run cargo clippy --workspace --locked -- -D warnings	2026-10-06T10:04:56.7089280Z   Downloaded schemars_derive v1.2.2
server (macos-latest)	Run cargo clippy --workspace --locked -- -D warnings	2026-10-06T10:04:56.7117210Z   Downloaded semver v1.0.28
server (macos-latest)	Run cargo clippy --workspace --locked -- -D warnings	2026-10-06T10:04:56.7151980Z   Downloaded smallvec v1.16.2
server (macos-latest)	Run cargo clippy --workspace --locked -- -D warnings	2026-10-06T10:04:56.7173700Z   Downloaded thiserror v2.0.21
server (macos-latest)	Run cargo clippy --workspace --locked -- -D warnings	2026-10-06T10:04:56.7381170Z   Downloaded ts-rs-macros v12.0.1
server (macos-latest)	Run cargo clippy --workspace --locked -- -D warnings	2026-10-06T10:04:56.7413490Z   Downloaded httparse v1.10.1
server (macos-latest)	Run cargo clippy --workspace --locked -- -D warnings	2026-10-06T10:04:56.7466260Z   Downloaded quote v1.0.47
server (macos-latest)	Run cargo clippy --workspace --locked -- -D warnings	2026-10-06T10:04:56.7524670Z   Downloaded postcard v1.1.3
server (macos-latest)	Run cargo clippy --workspace --locked -- -D warnings	2026-10-06T10:04:56.7572610Z   Downloaded proc-macro2 v1.0.107
server (macos-latest)	Run cargo clippy --workspace --locked -- -D warnings	2026-10-06T10:04:56.7626890Z   Downloaded toml v1.1.6+spec-1.1.0
server (macos-latest)	Run cargo clippy --workspace --locked -- -D warnings	2026-10-06T10:04:56.7752070Z   Downloaded unicode-ident v1.0.26
server (macos-latest)	Run cargo clippy --workspace --locked -- -D warnings	2026-10-06T10:04:56.7798850Z   Downloaded base64 v0.22.1
server (macos-latest)	Run cargo clippy --workspace --locked -- -D warnings	2026-10-06T10:04:56.7864500Z   Downloaded log v0.4.34
server (macos-latest)	Run cargo clippy --workspace --locked -- -D warnings	2026-10-06T10:04:56.7902780Z   Downloaded num-traits v0.2.19
server (macos-latest)	Run cargo clippy --workspace --locked -- -D warnings	2026-10-06T10:04:56.7948530Z   Downloaded serde v1.0.229
server (macos-latest)	Run cargo clippy --workspace --locked -- -D warnings	2026-10-06T10:04:56.8015320Z   Downloaded serde_core v1.0.229
server (macos-latest)	Run cargo clippy --workspace --locked -- -D warnings	2026-10-06T10:04:56.8053540Z   Downloaded socket2 v0.6.5
server (macos-latest)	Run cargo clippy --workspace --locked -- -D warnings	2026-10-06T10:04:56.8076980Z   Downloaded ts-rs v12.0.1
server (macos-latest)	Run cargo clippy --workspace --locked -- -D warnings	2026-10-06T10:04:56.8176400Z   Downloaded indexmap v2.14.2
server (macos-latest)	Run cargo clippy --workspace --locked -- -D warnings	2026-10-06T10:04:56.8258190Z   Downloaded rand v0.9.5
server (macos-latest)	Run cargo clippy --workspace --locked -- -D warnings	2026-10-06T10:04:56.8316230Z   Downloaded schemars v1.2.2
server (macos-latest)	Run cargo clippy --workspace --locked -- -D warnings	2026-10-06T10:04:56.8652920Z   Downloaded serde_derive v1.0.229
server (macos-latest)	Run cargo clippy --workspace --locked -- -D warnings	2026-10-06T10:04:56.8709400Z   Downloaded tungstenite v0.29.0
server (macos-latest)	Run cargo clippy --workspace --locked -- -D warnings	2026-10-06T10:04:56.8763650Z   Downloaded http v1.5.0
server (macos-latest)	Run cargo clippy --workspace --locked -- -D warnings	2026-10-06T10:04:56.8835380Z   Downloaded memchr v2.8.3
server (macos-latest)	Run cargo clippy --workspace --locked -- -D warnings	2026-10-06T10:04:56.8924320Z   Downloaded mio v1.2.4
server (macos-latest)	Run cargo clippy --workspace --locked -- -D warnings	2026-10-06T10:04:56.9026270Z   Downloaded tower v0.5.3
server (macos-latest)	Run cargo clippy --workspace --locked -- -D warnings	2026-10-06T10:04:56.9207140Z   Downloaded typenum v1.20.1
server (macos-latest)	Run cargo clippy --workspace --locked -- -D warnings	2026-10-06T10:04:56.9259020Z   Downloaded hyper-util v0.1.21
server (macos-latest)	Run cargo clippy --workspace --locked -- -D warnings	2026-10-06T10:04:56.9469020Z   Downloaded serde_json v1.0.151
server (macos-latest)	Run cargo clippy --workspace --locked -- -D warnings	2026-10-06T10:04:56.9798120Z   Downloaded zerocopy-derive v0.8.60
server (macos-latest)	Run cargo clippy --workspace --locked -- -D warnings	2026-10-06T10:04:56.9993900Z   Downloaded axum v0.8.9
server (macos-latest)	Run cargo clippy --workspace --locked -- -D warnings	2026-10-06T10:04:57.0121540Z   Downloaded hashbrown v0.17.1
server (macos-latest)	Run cargo clippy --workspace --locked -- -D warnings	2026-10-06T10:04:57.0225310Z   Downloaded hyper v1.11.1
server (macos-latest)	Run cargo clippy --workspace --locked -- -D warnings	2026-10-06T10:04:57.0335300Z   Downloaded futures-util v0.3.34
server (macos-latest)	Run cargo clippy --workspace --locked -- -D warnings	2026-10-06T10:04:57.0578160Z   Downloaded winnow v1.0.4
server (macos-latest)	Run cargo clippy --workspace --locked -- -D warnings	2026-10-06T10:04:57.0753690Z   Downloaded fixed v1.31.0
server (macos-latest)	Run cargo clippy --workspace --locked -- -D warnings	2026-10-06T10:04:57.0872780Z   Downloaded syn v2.0.119
server (macos-latest)	Run cargo clippy --workspace --locked -- -D warnings	2026-10-06T10:04:57.1030260Z   Downloaded syn v3.0.6
server (macos-latest)	Run cargo clippy --workspace --locked -- -D warnings	2026-10-06T10:04:57.1225010Z   Downloaded zerocopy v0.8.60
server (macos-latest)	Run cargo clippy --workspace --locked -- -D warnings	2026-10-06T10:04:57.1637200Z   Downloaded libc v0.2.190
server (macos-latest)	Run cargo clippy --workspace --locked -- -D warnings	2026-10-06T10:04:57.2405880Z   Downloaded tokio v1.53.2
server (macos-latest)	Run cargo clippy --workspace --locked -- -D warnings	2026-10-06T10:04:57.3821990Z    Compiling proc-macro2 v1.0.107
server (macos-latest)	Run cargo clippy --workspace --locked -- -D warnings	2026-10-06T10:04:57.3824500Z    Compiling quote v1.0.47
server (macos-latest)	Run cargo clippy --workspace --locked -- -D warnings	2026-10-06T10:04:57.3824890Z    Compiling unicode-ident v1.0.26
server (macos-latest)	Run cargo clippy --workspace --locked -- -D warnings	2026-10-06T10:04:57.8931850Z    Compiling serde_core v1.0.229
server (macos-latest)	Run cargo clippy --workspace --locked -- -D warnings	2026-10-06T10:05:02.0202240Z    Compiling libc v0.2.190
server (macos-latest)	Run cargo clippy --workspace --locked -- -D warnings	2026-10-06T10:05:02.0203960Z    Compiling zerocopy v0.8.60
server (macos-latest)	Run cargo clippy --workspace --locked -- -D warnings	2026-10-06T10:05:02.3734730Z     Checking itoa v1.0.18
server (macos-latest)	Run cargo clippy --workspace --locked -- -D warnings	2026-10-06T10:05:02.4585070Z     Checking cfg-if v1.0.5
server (macos-latest)	Run cargo clippy --workspace --locked -- -D warnings	2026-10-06T10:05:02.6117010Z    Compiling syn v3.0.6
server (macos-latest)	Run cargo clippy --workspace --locked -- -D warnings	2026-10-06T10:05:02.6145290Z    Compiling syn v2.0.119
server (macos-latest)	Run cargo clippy --workspace --locked -- -D warnings	2026-10-06T10:05:03.9279850Z     Checking typenum v1.20.1
server (macos-latest)	Run cargo clippy --workspace --locked -- -D warnings	2026-10-06T10:05:04.2909440Z    Compiling thiserror v2.0.21
server (macos-latest)	Run cargo clippy --workspace --locked -- -D warnings	2026-10-06T10:05:04.5158090Z    Compiling serde v1.0.229
server (macos-latest)	Run cargo clippy --workspace --locked -- -D warnings	2026-10-06T10:05:04.6861930Z     Checking bytes v1.12.1
server (macos-latest)	Run cargo clippy --workspace --locked -- -D warnings	2026-10-06T10:05:04.6963280Z    Compiling thiserror-impl v2.0.21
server (macos-latest)	Run cargo clippy --workspace --locked -- -D warnings	2026-10-06T10:05:04.9088980Z    Compiling serde_derive v1.0.229
server (macos-latest)	Run cargo clippy --workspace --locked -- -D warnings	2026-10-06T10:05:05.1102210Z    Compiling zerocopy-derive v0.8.60
server (macos-latest)	Run cargo clippy --workspace --locked -- -D warnings	2026-10-06T10:05:05.3875500Z    Compiling zmij v1.0.23
server (macos-latest)	Run cargo clippy --workspace --locked -- -D warnings	2026-10-06T10:05:05.5528340Z    Compiling ref-cast v1.0.27
server (macos-latest)	Run cargo clippy --workspace --locked -- -D warnings	2026-10-06T10:05:05.7039210Z    Compiling fixed v1.31.0
server (macos-latest)	Run cargo clippy --workspace --locked -- -D warnings	2026-10-06T10:05:05.8170960Z    Compiling version_check v0.9.5
server (macos-latest)	Run cargo clippy --workspace --locked -- -D warnings	2026-10-06T10:05:05.9490920Z    Compiling serde_json v1.0.151
server (macos-latest)	Run cargo clippy --workspace --locked -- -D warnings	2026-10-06T10:05:06.0592660Z     Checking memchr v2.8.3
server (macos-latest)	Run cargo clippy --workspace --locked -- -D warnings	2026-10-06T10:05:06.2566250Z    Compiling generic-array v0.14.7
server (macos-latest)	Run cargo clippy --workspace --locked -- -D warnings	2026-10-06T10:05:06.5578100Z     Checking cobs v0.3.0
server (macos-latest)	Run cargo clippy --workspace --locked -- -D warnings	2026-10-06T10:05:06.6068570Z    Compiling ref-cast-impl v1.0.27
server (macos-latest)	Run cargo clippy --workspace --locked -- -D warnings	2026-10-06T10:05:06.7586270Z    Compiling serde_derive_internals v0.30.0
server (macos-latest)	Run cargo clippy --workspace --locked -- -D warnings	2026-10-06T10:05:06.8122240Z     Checking rand_core v0.10.1
server (macos-latest)	Run cargo clippy --workspace --locked -- -D warnings	2026-10-06T10:05:06.8826070Z     Checking pin-project-lite v0.2.17
server (macos-latest)	Run cargo clippy --workspace --locked -- -D warnings	2026-10-06T10:05:06.9175050Z     Checking az v1.3.0
server (macos-latest)	Run cargo clippy --workspace --locked -- -D warnings	2026-10-06T10:05:07.2285900Z     Checking futures-core v0.3.34
server (macos-latest)	Run cargo clippy --workspace --locked -- -D warnings	2026-10-06T10:05:07.2723200Z     Checking bytemuck v1.25.2
server (macos-latest)	Run cargo clippy --workspace --locked -- -D warnings	2026-10-06T10:05:07.3197330Z     Checking winnow v1.0.4
server (macos-latest)	Run cargo clippy --workspace --locked -- -D warnings	2026-10-06T10:05:07.3550410Z    Compiling schemars_derive v1.2.2
server (macos-latest)	Run cargo clippy --workspace --locked -- -D warnings	2026-10-06T10:05:07.4742630Z     Checking toml_parser v1.1.3+spec-1.1.0
server (macos-latest)	Run cargo clippy --workspace --locked -- -D warnings	2026-10-06T10:05:07.6698910Z     Checking postcard v1.1.3
server (macos-latest)	Run cargo clippy --workspace --locked -- -D warnings	2026-10-06T10:05:08.1016930Z     Checking ppv-lite86 v0.2.21
server (macos-latest)	Run cargo clippy --workspace --locked -- -D warnings	2026-10-06T10:05:08.1557540Z     Checking half v2.7.1
server (macos-latest)	Run cargo clippy --workspace --locked -- -D warnings	2026-10-06T10:05:08.2162760Z     Checking http v1.5.0
server (macos-latest)	Run cargo clippy --workspace --locked -- -D warnings	2026-10-06T10:05:08.2208480Z     Checking rand_chacha v0.10.0
server (macos-latest)	Run cargo clippy --workspace --locked -- -D warnings	2026-10-06T10:05:08.2830970Z     Checking toml_datetime v1.1.1+spec-1.1.0
server (macos-latest)	Run cargo clippy --workspace --locked -- -D warnings	2026-10-06T10:05:08.3647380Z     Checking serde_spanned v1.1.1
server (macos-latest)	Run cargo clippy --workspace --locked -- -D warnings	2026-10-06T10:05:08.4108770Z     Checking dyn-clone v1.0.20
server (macos-latest)	Run cargo clippy --workspace --locked -- -D warnings	2026-10-06T10:05:08.4414390Z    Compiling getrandom v0.3.4
server (macos-latest)	Run cargo clippy --workspace --locked -- -D warnings	2026-10-06T10:05:08.5453160Z     Checking toml_writer v1.1.2+spec-1.1.0
server (macos-latest)	Run cargo clippy --workspace --locked -- -D warnings	2026-10-06T10:05:08.5876090Z     Checking semver v1.0.28
server (macos-latest)	Run cargo clippy --workspace --locked -- -D warnings	2026-10-06T10:05:08.6259110Z     Checking toml v1.1.6+spec-1.1.0
server (macos-latest)	Run cargo clippy --workspace --locked -- -D warnings	2026-10-06T10:05:08.6742400Z     Checking schemars v1.2.2
server (macos-latest)	Run cargo clippy --workspace --locked -- -D warnings	2026-10-06T10:05:09.0022510Z     Checking errno v0.3.14
server (macos-latest)	Run cargo clippy --workspace --locked -- -D warnings	2026-10-06T10:05:09.0453510Z    Compiling httparse v1.10.1
server (macos-latest)	Run cargo clippy --workspace --locked -- -D warnings	2026-10-06T10:05:09.2220540Z     Checking signal-hook-registry v1.4.8
server (macos-latest)	Run cargo clippy --workspace --locked -- -D warnings	2026-10-06T10:05:09.2854360Z    Compiling tokio-macros v2.7.2
server (macos-latest)	Run cargo clippy --workspace --locked -- -D warnings	2026-10-06T10:05:09.3020360Z     Checking mio v1.2.4
server (macos-latest)	Run cargo clippy --workspace --locked -- -D warnings	2026-10-06T10:05:09.4716450Z     Checking socket2 v0.6.5
server (macos-latest)	Run cargo clippy --workspace --locked -- -D warnings	2026-10-06T10:05:09.5946400Z    Compiling autocfg v1.5.1
server (macos-latest)	Run cargo clippy --workspace --locked -- -D warnings	2026-10-06T10:05:09.6052390Z     Checking tokio v1.53.2
server (macos-latest)	Run cargo clippy --workspace --locked -- -D warnings	2026-10-06T10:05:09.7941990Z    Compiling num-traits v0.2.19
server (macos-latest)	Run cargo clippy --workspace --locked -- -D warnings	2026-10-06T10:05:09.8982980Z     Checking rand_core v0.9.5
server (macos-latest)	Run cargo clippy --workspace --locked -- -D warnings	2026-10-06T10:05:09.9715920Z     Checking block-buffer v0.10.4
server (macos-latest)	Run cargo clippy --workspace --locked -- -D warnings	2026-10-06T10:05:10.0236260Z     Checking crypto-common v0.1.7
server (macos-latest)	Run cargo clippy --workspace --locked -- -D warnings	2026-10-06T10:05:10.1590820Z     Checking http-body v1.1.0
server (macos-latest)	Run cargo clippy --workspace --locked -- -D warnings	2026-10-06T10:05:10.2305130Z     Checking digest v0.10.7
server (macos-latest)	Run cargo clippy --workspace --locked -- -D warnings	2026-10-06T10:05:10.3291900Z     Checking rand_chacha v0.9.0
server (macos-latest)	Run cargo clippy --workspace --locked -- -D warnings	2026-10-06T10:05:10.4846520Z     Checking cpufeatures v0.2.17
server (macos-latest)	Run cargo clippy --workspace --locked -- -D warnings	2026-10-06T10:05:10.5170920Z     Checking slab v0.4.12
server (macos-latest)	Run cargo clippy --workspace --locked -- -D warnings	2026-10-06T10:05:10.5838870Z     Checking futures-sink v0.3.34
server (macos-latest)	Run cargo clippy --workspace --locked -- -D warnings	2026-10-06T10:05:10.6164310Z     Checking futures-task v0.3.34
server (macos-latest)	Run cargo clippy --workspace --locked -- -D warnings	2026-10-06T10:05:10.6755720Z     Checking tower-service v0.3.3
server (macos-latest)	Run cargo clippy --workspace --locked -- -D warnings	2026-10-06T10:05:10.7196430Z     Checking futures-util v0.3.34
server (macos-latest)	Run cargo clippy --workspace --locked -- -D warnings	2026-10-06T10:05:12.0467500Z     Checking sha1 v0.10.7
server (macos-latest)	Run cargo clippy --workspace --locked -- -D warnings	2026-10-06T10:05:12.2576690Z     Checking rand v0.9.5
server (macos-latest)	Run cargo clippy --workspace --locked -- -D warnings	2026-10-06T10:05:12.4841310Z     Checking futures-channel v0.3.34
server (macos-latest)	Run cargo clippy --workspace --locked -- -D warnings	2026-10-06T10:05:12.5533540Z     Checking tower-layer v0.3.3
server (macos-latest)	Run cargo clippy --workspace --locked -- -D warnings	2026-10-06T10:05:12.5784820Z     Checking log v0.4.34
server (macos-latest)	Run cargo clippy --workspace --locked -- -D warnings	2026-10-06T10:05:12.6202530Z     Checking smallvec v1.16.2
server (macos-latest)	Run cargo clippy --workspace --locked -- -D warnings	2026-10-06T10:05:12.6394550Z     Checking sync_wrapper v1.0.2
server (macos-latest)	Run cargo clippy --workspace --locked -- -D warnings	2026-10-06T10:05:12.6693640Z    Compiling termcolor v1.4.1
server (macos-latest)	Run cargo clippy --workspace --locked -- -D warnings	2026-10-06T10:05:12.7040750Z     Checking data-encoding v2.11.1
server (macos-latest)	Run cargo clippy --workspace --locked -- -D warnings	2026-10-06T10:05:12.8253470Z     Checking httpdate v1.0.3
server (macos-latest)	Run cargo clippy --workspace --locked -- -D warnings	2026-10-06T10:05:12.8447020Z     Checking atomic-waker v1.1.2
server (macos-latest)	Run cargo clippy --workspace --locked -- -D warnings	2026-10-06T10:05:12.8782440Z     Checking tungstenite v0.29.0
server (macos-latest)	Run cargo clippy --workspace --locked -- -D warnings	2026-10-06T10:05:12.8817710Z     Checking hyper v1.11.1
server (macos-latest)	Run cargo clippy --workspace --locked -- -D warnings	2026-10-06T10:05:13.1092050Z    Compiling ts-rs-macros v12.0.1
server (macos-latest)	Run cargo clippy --workspace --locked -- -D warnings	2026-10-06T10:05:13.1960610Z     Checking rmp v0.8.15
server (macos-latest)	Run cargo clippy --workspace --locked -- -D warnings	2026-10-06T10:05:13.2714280Z     Checking oh_core v0.1.0 (/Users/runner/work/OpenHOI4/OpenHOI4/crates/oh_core)
server (macos-latest)	Run cargo clippy --workspace --locked -- -D warnings	2026-10-06T10:05:13.3258640Z     Checking http-body-util v0.1.5
server (macos-latest)	Run cargo clippy --workspace --locked -- -D warnings	2026-10-06T10:05:13.4356890Z     Checking oh_data v0.1.0 (/Users/runner/work/OpenHOI4/OpenHOI4/crates/oh_data)
server (macos-latest)	Run cargo clippy --workspace --locked -- -D warnings	2026-10-06T10:05:13.4726620Z     Checking mime v0.3.17
server (macos-latest)	Run cargo clippy --workspace --locked -- -D warnings	2026-10-06T10:05:13.5513420Z     Checking axum-core v0.5.6
server (macos-latest)	Run cargo clippy --workspace --locked -- -D warnings	2026-10-06T10:05:13.5832090Z     Checking oh_sim v0.1.0 (/Users/runner/work/OpenHOI4/OpenHOI4/crates/oh_sim)
server (macos-latest)	Run cargo clippy --workspace --locked -- -D warnings	2026-10-06T10:05:13.6586860Z     Checking oh_save v0.1.0 (/Users/runner/work/OpenHOI4/OpenHOI4/crates/oh_save)
server (macos-latest)	Run cargo clippy --workspace --locked -- -D warnings	2026-10-06T10:05:13.6927520Z     Checking oh_ai v0.1.0 (/Users/runner/work/OpenHOI4/OpenHOI4/crates/oh_ai)
server (macos-latest)	Run cargo clippy --workspace --locked -- -D warnings	2026-10-06T10:05:13.7105040Z     Checking rmp-serde v1.3.1
server (macos-latest)	Run cargo clippy --workspace --locked -- -D warnings	2026-10-06T10:05:13.8863960Z     Checking hyper-util v0.1.21
server (macos-latest)	Run cargo clippy --workspace --locked -- -D warnings	2026-10-06T10:05:13.9769140Z     Checking ts-rs v12.0.1
server (macos-latest)	Run cargo clippy --workspace --locked -- -D warnings	2026-10-06T10:05:14.0163580Z     Checking tokio-tungstenite v0.29.0
server (macos-latest)	Run cargo clippy --workspace --locked -- -D warnings	2026-10-06T10:05:14.0978960Z     Checking tower v0.5.3
server (macos-latest)	Run cargo clippy --workspace --locked -- -D warnings	2026-10-06T10:05:14.1202160Z    Compiling oh_server v0.1.0 (/Users/runner/work/OpenHOI4/OpenHOI4/crates/oh_server)
server (macos-latest)	Run cargo clippy --workspace --locked -- -D warnings	2026-10-06T10:05:14.2086590Z     Checking percent-encoding v2.3.2
server (macos-latest)	Run cargo clippy --workspace --locked -- -D warnings	2026-10-06T10:05:14.2747510Z     Checking base64 v0.22.1
server (macos-latest)	Run cargo clippy --workspace --locked -- -D warnings	2026-10-06T10:05:14.2852160Z     Checking matchit v0.8.4
server (macos-latest)	Run cargo clippy --workspace --locked -- -D warnings	2026-10-06T10:05:14.2971500Z     Checking oh_proto v0.1.0 (/Users/runner/work/OpenHOI4/OpenHOI4/crates/oh_proto)
server (macos-latest)	Run cargo clippy --workspace --locked -- -D warnings	2026-10-06T10:05:14.3638850Z     Checking oh_cli v0.1.0 (/Users/runner/work/OpenHOI4/OpenHOI4/crates/oh_cli)
server (macos-latest)	Run cargo clippy --workspace --locked -- -D warnings	2026-10-06T10:05:14.3815090Z     Checking axum v0.8.9
server (macos-latest)	Run cargo clippy --workspace --locked -- -D warnings	2026-10-06T10:05:16.2108480Z     Finished `dev` profile [unoptimized + debuginfo] target(s) in 20.28s
server (macos-latest)	Run cargo build --workspace --locked	﻿2026-10-06T10:05:16.2601480Z ##[group]Run cargo build --workspace --locked
server (macos-latest)	Run cargo build --workspace --locked	2026-10-06T10:05:16.2601880Z [36;1mcargo build --workspace --locked[0m
server (macos-latest)	Run cargo build --workspace --locked	2026-10-06T10:05:16.2638400Z shell: /bin/bash -e {0}
server (macos-latest)	Run cargo build --workspace --locked	2026-10-06T10:05:16.2638630Z ##[endgroup]
server (macos-latest)	Run cargo build --workspace --locked	2026-10-06T10:05:16.6130820Z    Compiling serde_core v1.0.229
server (macos-latest)	Run cargo build --workspace --locked	2026-10-06T10:05:16.6135330Z    Compiling cfg-if v1.0.5
server (macos-latest)	Run cargo build --workspace --locked	2026-10-06T10:05:16.6135860Z    Compiling itoa v1.0.18
server (macos-latest)	Run cargo build --workspace --locked	2026-10-06T10:05:16.6514670Z    Compiling zerocopy v0.8.60
server (macos-latest)	Run cargo build --workspace --locked	2026-10-06T10:05:16.7398560Z    Compiling libc v0.2.190
server (macos-latest)	Run cargo build --workspace --locked	2026-10-06T10:05:17.2305450Z    Compiling typenum v1.20.1
server (macos-latest)	Run cargo build --workspace --locked	2026-10-06T10:05:17.6204790Z    Compiling thiserror v2.0.21
server (macos-latest)	Run cargo build --workspace --locked	2026-10-06T10:05:17.6671330Z    Compiling bytes v1.12.1
server (macos-latest)	Run cargo build --workspace --locked	2026-10-06T10:05:17.8937610Z    Compiling serde v1.0.229
server (macos-latest)	Run cargo build --workspace --locked	2026-10-06T10:05:18.0754320Z    Compiling memchr v2.8.3
server (macos-latest)	Run cargo build --workspace --locked	2026-10-06T10:05:18.2071010Z    Compiling zmij v1.0.23
server (macos-latest)	Run cargo build --workspace --locked	2026-10-06T10:05:18.3393300Z    Compiling cobs v0.3.0
server (macos-latest)	Run cargo build --workspace --locked	2026-10-06T10:05:18.3888740Z    Compiling az v1.3.0
server (macos-latest)	Run cargo build --workspace --locked	2026-10-06T10:05:18.4166020Z    Compiling rand_core v0.10.1
server (macos-latest)	Run cargo build --workspace --locked	2026-10-06T10:05:18.4811550Z    Compiling pin-project-lite v0.2.17
server (macos-latest)	Run cargo build --workspace --locked	2026-10-06T10:05:18.5172170Z    Compiling bytemuck v1.25.2
server (macos-latest)	Run cargo build --workspace --locked	2026-10-06T10:05:18.6081670Z    Compiling futures-core v0.3.34
server (macos-latest)	Run cargo build --workspace --locked	2026-10-06T10:05:18.6666740Z    Compiling winnow v1.0.4
server (macos-latest)	Run cargo build --workspace --locked	2026-10-06T10:05:18.8470950Z    Compiling ppv-lite86 v0.2.21
server (macos-latest)	Run cargo build --workspace --locked	2026-10-06T10:05:18.8617580Z    Compiling half v2.7.1
server (macos-latest)	Run cargo build --workspace --locked	2026-10-06T10:05:18.9487620Z    Compiling toml_parser v1.1.3+spec-1.1.0
server (macos-latest)	Run cargo build --workspace --locked	2026-10-06T10:05:18.9606290Z    Compiling rand_chacha v0.10.0
server (macos-latest)	Run cargo build --workspace --locked	2026-10-06T10:05:19.0187810Z    Compiling fixed v1.31.0
server (macos-latest)	Run cargo build --workspace --locked	2026-10-06T10:05:19.2276350Z    Compiling postcard v1.1.3
server (macos-latest)	Run cargo build --workspace --locked	2026-10-06T10:05:19.3608080Z    Compiling ref-cast v1.0.27
server (macos-latest)	Run cargo build --workspace --locked	2026-10-06T10:05:19.3962460Z    Compiling serde_json v1.0.151
server (macos-latest)	Run cargo build --workspace --locked	2026-10-06T10:05:19.4016980Z    Compiling http v1.5.0
server (macos-latest)	Run cargo build --workspace --locked	2026-10-06T10:05:20.0124150Z    Compiling serde_spanned v1.1.1
server (macos-latest)	Run cargo build --workspace --locked	2026-10-06T10:05:20.0753120Z    Compiling toml_datetime v1.1.1+spec-1.1.0
server (macos-latest)	Run cargo build --workspace --locked	2026-10-06T10:05:20.1066410Z    Compiling semver v1.0.28
server (macos-latest)	Run cargo build --workspace --locked	2026-10-06T10:05:20.2295370Z    Compiling dyn-clone v1.0.20
server (macos-latest)	Run cargo build --workspace --locked	2026-10-06T10:05:20.2721380Z    Compiling toml_writer v1.1.2+spec-1.1.0
server (macos-latest)	Run cargo build --workspace --locked	2026-10-06T10:05:20.2861980Z    Compiling schemars v1.2.2
server (macos-latest)	Run cargo build --workspace --locked	2026-10-06T10:05:20.3581370Z    Compiling toml v1.1.6+spec-1.1.0
server (macos-latest)	Run cargo build --workspace --locked	2026-10-06T10:05:21.2312150Z    Compiling generic-array v0.14.7
server (macos-latest)	Run cargo build --workspace --locked	2026-10-06T10:05:21.2442010Z    Compiling errno v0.3.14
server (macos-latest)	Run cargo build --workspace --locked	2026-10-06T10:05:21.3090660Z    Compiling signal-hook-registry v1.4.8
server (macos-latest)	Run cargo build --workspace --locked	2026-10-06T10:05:21.4634100Z    Compiling getrandom v0.3.4
server (macos-latest)	Run cargo build --workspace --locked	2026-10-06T10:05:21.5650910Z    Compiling mio v1.2.4
server (macos-latest)	Run cargo build --workspace --locked	2026-10-06T10:05:21.5977030Z    Compiling socket2 v0.6.5
server (macos-latest)	Run cargo build --workspace --locked	2026-10-06T10:05:21.8722040Z    Compiling tokio v1.53.2
server (macos-latest)	Run cargo build --workspace --locked	2026-10-06T10:05:21.9428090Z    Compiling crypto-common v0.1.7
server (macos-latest)	Run cargo build --workspace --locked	2026-10-06T10:05:21.9970660Z    Compiling block-buffer v0.10.4
server (macos-latest)	Run cargo build --workspace --locked	2026-10-06T10:05:22.0502390Z    Compiling rand_core v0.9.5
server (macos-latest)	Run cargo build --workspace --locked	2026-10-06T10:05:22.1456880Z    Compiling httparse v1.10.1
server (macos-latest)	Run cargo build --workspace --locked	2026-10-06T10:05:22.3419360Z    Compiling http-body v1.1.0
server (macos-latest)	Run cargo build --workspace --locked	2026-10-06T10:05:22.4275080Z    Compiling rand_chacha v0.9.0
server (macos-latest)	Run cargo build --workspace --locked	2026-10-06T10:05:22.7461130Z    Compiling digest v0.10.7
server (macos-latest)	Run cargo build --workspace --locked	2026-10-06T10:05:22.8466530Z    Compiling cpufeatures v0.2.17
server (macos-latest)	Run cargo build --workspace --locked	2026-10-06T10:05:22.9461830Z    Compiling slab v0.4.12
server (macos-latest)	Run cargo build --workspace --locked	2026-10-06T10:05:23.0326990Z    Compiling futures-sink v0.3.34
server (macos-latest)	Run cargo build --workspace --locked	2026-10-06T10:05:23.0697050Z    Compiling futures-task v0.3.34
server (macos-latest)	Run cargo build --workspace --locked	2026-10-06T10:05:23.1471770Z    Compiling tower-service v0.3.3
server (macos-latest)	Run cargo build --workspace --locked	2026-10-06T10:05:23.1824380Z    Compiling futures-util v0.3.34
server (macos-latest)	Run cargo build --workspace --locked	2026-10-06T10:05:24.1794130Z    Compiling oh_core v0.1.0 (/Users/runner/work/OpenHOI4/OpenHOI4/crates/oh_core)
server (macos-latest)	Run cargo build --workspace --locked	2026-10-06T10:05:24.2923250Z    Compiling oh_data v0.1.0 (/Users/runner/work/OpenHOI4/OpenHOI4/crates/oh_data)
server (macos-latest)	Run cargo build --workspace --locked	2026-10-06T10:05:24.4765680Z    Compiling oh_sim v0.1.0 (/Users/runner/work/OpenHOI4/OpenHOI4/crates/oh_sim)
server (macos-latest)	Run cargo build --workspace --locked	2026-10-06T10:05:24.7120420Z    Compiling sha1 v0.10.7
server (macos-latest)	Run cargo build --workspace --locked	2026-10-06T10:05:24.7541220Z    Compiling num-traits v0.2.19
server (macos-latest)	Run cargo build --workspace --locked	2026-10-06T10:05:24.7943490Z    Compiling rand v0.9.5
server (macos-latest)	Run cargo build --workspace --locked	2026-10-06T10:05:25.1147290Z    Compiling futures-channel v0.3.34
server (macos-latest)	Run cargo build --workspace --locked	2026-10-06T10:05:25.1215490Z    Compiling httpdate v1.0.3
server (macos-latest)	Run cargo build --workspace --locked	2026-10-06T10:05:25.2119120Z    Compiling atomic-waker v1.1.2
server (macos-latest)	Run cargo build --workspace --locked	2026-10-06T10:05:25.2297150Z    Compiling tower-layer v0.3.3
server (macos-latest)	Run cargo build --workspace --locked	2026-10-06T10:05:25.2569170Z    Compiling log v0.4.34
server (macos-latest)	Run cargo build --workspace --locked	2026-10-06T10:05:25.2938910Z    Compiling smallvec v1.16.2
server (macos-latest)	Run cargo build --workspace --locked	2026-10-06T10:05:25.3229570Z    Compiling sync_wrapper v1.0.2
server (macos-latest)	Run cargo build --workspace --locked	2026-10-06T10:05:25.3497580Z    Compiling data-encoding v2.11.1
server (macos-latest)	Run cargo build --workspace --locked	2026-10-06T10:05:25.3593380Z    Compiling rmp v0.8.15
server (macos-latest)	Run cargo build --workspace --locked	2026-10-06T10:05:25.4015230Z    Compiling hyper v1.11.1
server (macos-latest)	Run cargo build --workspace --locked	2026-10-06T10:05:25.5269850Z    Compiling tungstenite v0.29.0
server (macos-latest)	Run cargo build --workspace --locked	2026-10-06T10:05:25.8614920Z    Compiling oh_save v0.1.0 (/Users/runner/work/OpenHOI4/OpenHOI4/crates/oh_save)
server (macos-latest)	Run cargo build --workspace --locked	2026-10-06T10:05:25.8908860Z    Compiling oh_ai v0.1.0 (/Users/runner/work/OpenHOI4/OpenHOI4/crates/oh_ai)
server (macos-latest)	Run cargo build --workspace --locked	2026-10-06T10:05:25.9183480Z    Compiling http-body-util v0.1.5
server (macos-latest)	Run cargo build --workspace --locked	2026-10-06T10:05:26.1091730Z    Compiling mime v0.3.17
server (macos-latest)	Run cargo build --workspace --locked	2026-10-06T10:05:26.1773680Z    Compiling tokio-tungstenite v0.29.0
server (macos-latest)	Run cargo build --workspace --locked	2026-10-06T10:05:26.2813840Z    Compiling axum-core v0.5.6
server (macos-latest)	Run cargo build --workspace --locked	2026-10-06T10:05:26.2836570Z    Compiling hyper-util v0.1.21
server (macos-latest)	Run cargo build --workspace --locked	2026-10-06T10:05:26.3415900Z    Compiling rmp-serde v1.3.1
server (macos-latest)	Run cargo build --workspace --locked	2026-10-06T10:05:26.4584530Z    Compiling ts-rs v12.0.1
server (macos-latest)	Run cargo build --workspace --locked	2026-10-06T10:05:26.5876620Z    Compiling tower v0.5.3
server (macos-latest)	Run cargo build --workspace --locked	2026-10-06T10:05:26.8189020Z    Compiling matchit v0.8.4
server (macos-latest)	Run cargo build --workspace --locked	2026-10-06T10:05:26.9664000Z    Compiling oh_server v0.1.0 (/Users/runner/work/OpenHOI4/OpenHOI4/crates/oh_server)
server (macos-latest)	Run cargo build --workspace --locked	2026-10-06T10:05:27.0575750Z    Compiling percent-encoding v2.3.2
server (macos-latest)	Run cargo build --workspace --locked	2026-10-06T10:05:27.1698170Z    Compiling base64 v0.22.1
server (macos-latest)	Run cargo build --workspace --locked	2026-10-06T10:05:27.2038600Z    Compiling oh_proto v0.1.0 (/Users/runner/work/OpenHOI4/OpenHOI4/crates/oh_proto)
server (macos-latest)	Run cargo build --workspace --locked	2026-10-06T10:05:27.2654870Z    Compiling oh_cli v0.1.0 (/Users/runner/work/OpenHOI4/OpenHOI4/crates/oh_cli)
server (macos-latest)	Run cargo build --workspace --locked	2026-10-06T10:05:27.3847680Z    Compiling axum v0.8.9
server (macos-latest)	Run cargo build --workspace --locked	2026-10-06T10:05:31.2329080Z     Finished `dev` profile [unoptimized + debuginfo] target(s) in 14.85s
server (macos-latest)	Run cargo test --workspace --locked	﻿2026-10-06T10:05:31.2546930Z ##[group]Run cargo test --workspace --locked
server (macos-latest)	Run cargo test --workspace --locked	2026-10-06T10:05:31.2547480Z [36;1mcargo test --workspace --locked[0m
server (macos-latest)	Run cargo test --workspace --locked	2026-10-06T10:05:31.2596330Z shell: /bin/bash -e {0}
server (macos-latest)	Run cargo test --workspace --locked	2026-10-06T10:05:31.2596620Z ##[endgroup]
server (macos-latest)	Run cargo test --workspace --locked	2026-10-06T10:05:31.4283490Z  Downloading crates ...
server (macos-latest)	Run cargo test --workspace --locked	2026-10-06T10:05:31.5193340Z   Downloaded bitflags v2.13.2
server (macos-latest)	Run cargo test --workspace --locked	2026-10-06T10:05:31.5366970Z   Downloaded rand_xorshift v0.4.0
server (macos-latest)	Run cargo test --workspace --locked	2026-10-06T10:05:31.5456660Z   Downloaded proptest v1.11.0
server (macos-latest)	Run cargo test --workspace --locked	2026-10-06T10:05:31.5654340Z   Downloaded unarray v0.1.4
server (macos-latest)	Run cargo test --workspace --locked	2026-10-06T10:05:31.5964630Z   Downloaded regex-syntax v0.8.11
server (macos-latest)	Run cargo test --workspace --locked	2026-10-06T10:05:31.6595390Z    Compiling rand_xorshift v0.4.0
server (macos-latest)	Run cargo test --workspace --locked	2026-10-06T10:05:31.6595890Z    Compiling regex-syntax v0.8.11
server (macos-latest)	Run cargo test --workspace --locked	2026-10-06T10:05:31.6607330Z    Compiling bitflags v2.13.2
server (macos-latest)	Run cargo test --workspace --locked	2026-10-06T10:05:31.7457440Z    Compiling unarray v0.1.4
server (macos-latest)	Run cargo test --workspace --locked	2026-10-06T10:05:31.7980790Z    Compiling oh_cli v0.1.0 (/Users/runner/work/OpenHOI4/OpenHOI4/crates/oh_cli)
server (macos-latest)	Run cargo test --workspace --locked	2026-10-06T10:05:31.9909390Z    Compiling oh_server v0.1.0 (/Users/runner/work/OpenHOI4/OpenHOI4/crates/oh_server)
server (macos-latest)	Run cargo test --workspace --locked	2026-10-06T10:05:32.3734340Z    Compiling oh_proto v0.1.0 (/Users/runner/work/OpenHOI4/OpenHOI4/crates/oh_proto)
server (macos-latest)	Run cargo test --workspace --locked	2026-10-06T10:05:33.4886030Z    Compiling proptest v1.11.0
server (macos-latest)	Run cargo test --workspace --locked	2026-10-06T10:05:33.7223140Z    Compiling oh_ai v0.1.0 (/Users/runner/work/OpenHOI4/OpenHOI4/crates/oh_ai)
server (macos-latest)	Run cargo test --workspace --locked	2026-10-06T10:05:33.8898660Z    Compiling oh_sim v0.1.0 (/Users/runner/work/OpenHOI4/OpenHOI4/crates/oh_sim)
server (macos-latest)	Run cargo test --workspace --locked	2026-10-06T10:05:34.4579900Z    Compiling oh_save v0.1.0 (/Users/runner/work/OpenHOI4/OpenHOI4/crates/oh_save)
server (macos-latest)	Run cargo test --workspace --locked	2026-10-06T10:05:34.5847660Z    Compiling oh_data v0.1.0 (/Users/runner/work/OpenHOI4/OpenHOI4/crates/oh_data)
server (macos-latest)	Run cargo test --workspace --locked	2026-10-06T10:05:36.4174220Z    Compiling oh_core v0.1.0 (/Users/runner/work/OpenHOI4/OpenHOI4/crates/oh_core)
server (macos-latest)	Run cargo test --workspace --locked	2026-10-06T10:05:37.4866560Z     Finished `test` profile [unoptimized + debuginfo] target(s) in 6.12s
server (macos-latest)	Run cargo test --workspace --locked	2026-10-06T10:05:37.5015030Z      Running unittests src/lib.rs (target/debug/deps/oh_ai-cc7d9066fdf7bafe)
server (macos-latest)	Run cargo test --workspace --locked	2026-10-06T10:05:37.5055940Z
server (macos-latest)	Run cargo test --workspace --locked	2026-10-06T10:05:37.5056250Z running 0 tests
server (macos-latest)	Run cargo test --workspace --locked	2026-10-06T10:05:37.5056480Z
server (macos-latest)	Run cargo test --workspace --locked	2026-10-06T10:05:37.5056940Z test result: ok. 0 passed; 0 failed; 0 ignored; 0 measured; 0 filtered out; finished in 0.00s
server (macos-latest)	Run cargo test --workspace --locked	2026-10-06T10:05:37.5057410Z
server (macos-latest)	Run cargo test --workspace --locked	2026-10-06T10:05:37.5057940Z      Running unittests src/lib.rs (target/debug/deps/oh_cli-536ff446a2274a6e)
server (macos-latest)	Run cargo test --workspace --locked	2026-10-06T10:05:37.5083740Z
server (macos-latest)	Run cargo test --workspace --locked	2026-10-06T10:05:37.5084140Z running 0 tests
server (macos-latest)	Run cargo test --workspace --locked	2026-10-06T10:05:37.5084930Z
server (macos-latest)	Run cargo test --workspace --locked	2026-10-06T10:05:37.5087690Z      Running unittests src/main.rs (target/debug/deps/oh_cli-454337895c7b9489)
server (macos-latest)	Run cargo test --workspace --locked	2026-10-06T10:05:37.5088590Z test result: ok. 0 passed; 0 failed; 0 ignored; 0 measured; 0 filtered out; finished in 0.00s
server (macos-latest)	Run cargo test --workspace --locked	2026-10-06T10:05:37.5090580Z
server (macos-latest)	Run cargo test --workspace --locked	2026-10-06T10:05:37.5117780Z
server (macos-latest)	Run cargo test --workspace --locked	2026-10-06T10:05:37.5118230Z running 0 tests
server (macos-latest)	Run cargo test --workspace --locked	2026-10-06T10:05:37.5118510Z
server (macos-latest)	Run cargo test --workspace --locked	2026-10-06T10:05:37.5119000Z test result: ok. 0 passed; 0 failed; 0 ignored; 0 measured; 0 filtered out; finished in 0.00s
server (macos-latest)	Run cargo test --workspace --locked	2026-10-06T10:05:37.5119300Z
server (macos-latest)	Run cargo test --workspace --locked	2026-10-06T10:05:37.5120280Z      Running tests/run.rs (target/debug/deps/run-dfcea4a6d6275ed8)
server (macos-latest)	Run cargo test --workspace --locked	2026-10-06T10:05:37.5147950Z
server (macos-latest)	Run cargo test --workspace --locked	2026-10-06T10:05:37.5149140Z running 5 tests
server (macos-latest)	Run cargo test --workspace --locked	2026-10-06T10:05:37.5218600Z test library_loads_data_epoch_and_rejects_bad_or_nonempty_scenario ... ok
server (macos-latest)	Run cargo test --workspace --locked	2026-10-06T10:05:37.5283330Z test m0_load_boundary_and_help_identify_unique_self_contained_pack ... ok
server (macos-latest)	Run cargo test --workspace --locked	2026-10-06T10:05:37.5395620Z test req_gen_06_ac_m0_02_exact_ticks_and_repeated_hash ... ok
server (macos-latest)	Run cargo test --workspace --locked	2026-10-06T10:05:37.5447730Z test req_gen_06_days_path_is_exact_and_zero_ticks_stays_initial ... ok
server (macos-latest)	Run cargo test --workspace --locked	2026-10-06T10:05:37.5529760Z test cli_rejects_ambiguous_missing_invalid_and_unimplemented_inputs ... ok
server (macos-latest)	Run cargo test --workspace --locked	2026-10-06T10:05:37.5530510Z
server (macos-latest)	Run cargo test --workspace --locked	2026-10-06T10:05:37.5531800Z      Running unittests src/lib.rs (target/debug/deps/oh_core-2e357e031fea7966)
server (macos-latest)	Run cargo test --workspace --locked	2026-10-06T10:05:37.5533920Z test result: ok. 5 passed; 0 failed; 0 ignored; 0 measured; 0 filtered out; finished in 0.04s
server (macos-latest)	Run cargo test --workspace --locked	2026-10-06T10:05:37.5534240Z
server (macos-latest)	Run cargo test --workspace --locked	2026-10-06T10:05:37.5556490Z
server (macos-latest)	Run cargo test --workspace --locked	2026-10-06T10:05:37.5556910Z running 0 tests
server (macos-latest)	Run cargo test --workspace --locked	2026-10-06T10:05:37.5557200Z
server (macos-latest)	Run cargo test --workspace --locked	2026-10-06T10:05:37.5557780Z test result: ok. 0 passed; 0 failed; 0 ignored; 0 measured; 0 filtered out; finished in 0.00s
server (macos-latest)	Run cargo test --workspace --locked	2026-10-06T10:05:37.5559520Z      Running tests/core.rs (target/debug/deps/core-54f73432320b4cd6)
server (macos-latest)	Run cargo test --workspace --locked	2026-10-06T10:05:37.5559830Z
server (macos-latest)	Run cargo test --workspace --locked	2026-10-06T10:05:37.5584930Z
server (macos-latest)	Run cargo test --workspace --locked	2026-10-06T10:05:37.5587680Z running 16 tests
server (macos-latest)	Run cargo test --workspace --locked	2026-10-06T10:05:37.5690230Z test req_gen_04_fixed_and_id_wire_encoding ... ok
server (macos-latest)	Run cargo test --workspace --locked	2026-10-06T10:05:37.5791850Z test req_gen_04_canonical_map_order_and_strict_decode ... ok
server (macos-latest)	Run cargo test --workspace --locked	2026-10-06T10:05:37.5894420Z test req_gen_04_fixed_exact_arithmetic_and_rounding ... ok
server (macos-latest)	Run cargo test --workspace --locked	2026-10-06T10:05:37.5955680Z test req_gen_04_fnv1a_reference_vectors_and_incremental_hash ... ok
server (macos-latest)	Run cargo test --workspace --locked	2026-10-06T10:05:37.5957990Z test req_gen_04_fixed_checked_arithmetic_matches_integer_reference ... ok
server (macos-latest)	Run cargo test --workspace --locked	2026-10-06T10:05:37.5959630Z test req_gen_04_fixed_serialization_preserves_all_bits ... ok
server (macos-latest)	Run cargo test --workspace --locked	2026-10-06T10:05:37.5961800Z test req_gen_04_rng_order_and_unrelated_draws_do_not_affect_entity_streams ... ok
server (macos-latest)	Run cargo test --workspace --locked	2026-10-06T10:05:37.5965490Z test req_gen_04_rng_reconstruction ... ok
server (macos-latest)	Run cargo test --workspace --locked	2026-10-06T10:05:37.5966210Z test req_gen_04_rng_tuple_fields_and_entity_domains_are_distinct ... ok
server (macos-latest)	Run cargo test --workspace --locked	2026-10-06T10:05:37.6011600Z test req_gen_04_serialization_errors_are_propagated ... ok
server (macos-latest)	Run cargo test --workspace --locked	2026-10-06T10:05:37.6012340Z test req_gen_04_typed_ids_round_trip ... ok
server (macos-latest)	Run cargo test --workspace --locked	2026-10-06T10:05:37.6013680Z test req_plat_02_chacha8_zero_seed_reference_vector ... ok
server (macos-latest)	Run cargo test --workspace --locked	2026-10-06T10:05:37.6014360Z test req_plat_02_full_diagnostic_matches_independent_reference ... ok
server (macos-latest)	Run cargo test --workspace --locked	2026-10-06T10:05:37.6015080Z test req_plat_02_portable_postcard_hash_vector ... ok
server (macos-latest)	Run cargo test --workspace --locked	2026-10-06T10:05:37.6209430Z test req_gen_04_map_permutations_are_canonical ... ok
server (macos-latest)	Run cargo test --workspace --locked	2026-10-06T10:05:37.6938580Z test req_gen_04_fnv_chunking_is_independent ... ok
server (macos-latest)	Run cargo test --workspace --locked	2026-10-06T10:05:37.6938980Z
server (macos-latest)	Run cargo test --workspace --locked	2026-10-06T10:05:37.6939800Z test result: ok. 16 passed; 0 failed; 0 ignored; 0 measured; 0 filtered out; finished in 0.14s
server (macos-latest)	Run cargo test --workspace --locked	2026-10-06T10:05:37.6940840Z
server (macos-latest)	Run cargo test --workspace --locked	2026-10-06T10:05:37.6941380Z      Running unittests src/lib.rs (target/debug/deps/oh_data-49714d0a1d749135)
server (macos-latest)	Run cargo test --workspace --locked	2026-10-06T10:05:37.6973250Z
server (macos-latest)	Run cargo test --workspace --locked	2026-10-06T10:05:37.6973710Z running 0 tests
server (macos-latest)	Run cargo test --workspace --locked	2026-10-06T10:05:37.6973990Z
server (macos-latest)	Run cargo test --workspace --locked	2026-10-06T10:05:37.6974460Z test result: ok. 0 passed; 0 failed; 0 ignored; 0 measured; 0 filtered out; finished in 0.00s
server (macos-latest)	Run cargo test --workspace --locked	2026-10-06T10:05:37.6974760Z
server (macos-latest)	Run cargo test --workspace --locked	2026-10-06T10:05:37.6975950Z      Running tests/loader.rs (target/debug/deps/loader-ea0d6c40dba52422)
server (macos-latest)	Run cargo test --workspace --locked	2026-10-06T10:05:37.7005360Z
server (macos-latest)	Run cargo test --workspace --locked	2026-10-06T10:05:37.7007800Z running 12 tests
server (macos-latest)	Run cargo test --workspace --locked	2026-10-06T10:05:37.7021650Z test ac_m0_03_crlf_unicode_error_location ... ok
server (macos-latest)	Run cargo test --workspace --locked	2026-10-06T10:05:37.7033920Z test ac_m0_03_additional_io_and_schema_cases ... ok
server (macos-latest)	Run cargo test --workspace --locked	2026-10-06T10:05:37.7035430Z test ac_m0_03_missing_file_has_path_and_io_diagnostic ... ok
server (macos-latest)	Run cargo test --workspace --locked	2026-10-06T10:05:37.7045510Z test ac_m0_03_schema_snapshots_match_generated_types ... ok
server (macos-latest)	Run cargo test --workspace --locked	2026-10-06T10:05:37.7048130Z test ac_m0_03_manifest_schema_errors_have_source_locations ... ok
server (macos-latest)	Run cargo test --workspace --locked	2026-10-06T10:05:37.7051680Z test ac_m0_03_toml_syntax_errors_have_source_locations ... ok
server (macos-latest)	Run cargo test --workspace --locked	2026-10-06T10:05:37.7052470Z test req_gen_02_decimal_precision_does_not_round_through_float ... ok
server (macos-latest)	Run cargo test --workspace --locked	2026-10-06T10:05:37.7056570Z test req_gen_02_manifest_and_data_defined_numbers ... ok
server (macos-latest)	Run cargo test --workspace --locked	2026-10-06T10:05:37.7058490Z test ac_m0_03_defines_schema_errors_have_source_locations ... ok
server (macos-latest)	Run cargo test --workspace --locked	2026-10-06T10:05:37.7059320Z test req_gen_02_no_gameplay_defaults_in_skeleton ... ok
server (macos-latest)	Run cargo test --workspace --locked	2026-10-06T10:05:37.7060770Z test req_gen_02_repeat_load_and_order_are_stable ... ok
server (macos-latest)	Run cargo test --workspace --locked	2026-10-06T10:05:37.7062030Z test req_gen_02_values_change_with_data ... ok
server (macos-latest)	Run cargo test --workspace --locked	2026-10-06T10:05:37.7062400Z
server (macos-latest)	Run cargo test --workspace --locked	2026-10-06T10:05:37.7062850Z test result: ok. 12 passed; 0 failed; 0 ignored; 0 measured; 0 filtered out; finished in 0.01s
server (macos-latest)	Run cargo test --workspace --locked	2026-10-06T10:05:37.7063140Z
server (macos-latest)	Run cargo test --workspace --locked	2026-10-06T10:05:37.7065020Z      Running unittests src/lib.rs (target/debug/deps/oh_proto-81502c95615c15a5)
server (macos-latest)	Run cargo test --workspace --locked	2026-10-06T10:05:37.7093890Z
server (macos-latest)	Run cargo test --workspace --locked	2026-10-06T10:05:37.7094240Z running 0 tests
server (macos-latest)	Run cargo test --workspace --locked	2026-10-06T10:05:37.7094450Z
server (macos-latest)	Run cargo test --workspace --locked	2026-10-06T10:05:37.7094880Z test result: ok. 0 passed; 0 failed; 0 ignored; 0 measured; 0 filtered out; finished in 0.00s
server (macos-latest)	Run cargo test --workspace --locked	2026-10-06T10:05:37.7095170Z
server (macos-latest)	Run cargo test --workspace --locked	2026-10-06T10:05:37.7096250Z      Running tests/contract.rs (target/debug/deps/contract-3beed625b3e71382)
server (macos-latest)	Run cargo test --workspace --locked	2026-10-06T10:05:37.7126230Z
server (macos-latest)	Run cargo test --workspace --locked	2026-10-06T10:05:37.7126710Z running 2 tests
server (macos-latest)	Run cargo test --workspace --locked	2026-10-06T10:05:37.7133070Z test req_net_04_generated_types_are_current ... ok
server (macos-latest)	Run cargo test --workspace --locked	2026-10-06T10:05:37.7133610Z test req_net_01_messagepack_roundtrip ... ok
server (macos-latest)	Run cargo test --workspace --locked	2026-10-06T10:05:37.7133880Z
server (macos-latest)	Run cargo test --workspace --locked	2026-10-06T10:05:37.7134310Z test result: ok. 2 passed; 0 failed; 0 ignored; 0 measured; 0 filtered out; finished in 0.00s
server (macos-latest)	Run cargo test --workspace --locked	2026-10-06T10:05:37.7135200Z
server (macos-latest)	Run cargo test --workspace --locked	2026-10-06T10:05:37.7135610Z      Running unittests src/lib.rs (target/debug/deps/oh_save-ccf06e278012dacb)
server (macos-latest)	Run cargo test --workspace --locked	2026-10-06T10:05:37.7162580Z
server (macos-latest)	Run cargo test --workspace --locked	2026-10-06T10:05:37.7163010Z running 0 tests
server (macos-latest)	Run cargo test --workspace --locked	2026-10-06T10:05:37.7163300Z
server (macos-latest)	Run cargo test --workspace --locked	2026-10-06T10:05:37.7163750Z test result: ok. 0 passed; 0 failed; 0 ignored; 0 measured; 0 filtered out; finished in 0.00s
server (macos-latest)	Run cargo test --workspace --locked	2026-10-06T10:05:37.7164530Z
server (macos-latest)	Run cargo test --workspace --locked	2026-10-06T10:05:37.7165110Z      Running unittests src/lib.rs (target/debug/deps/oh_server-a9160cc35cb86f58)
server (macos-latest)	Run cargo test --workspace --locked	2026-10-06T10:05:37.7204770Z
server (macos-latest)	Run cargo test --workspace --locked	2026-10-06T10:05:37.7205300Z running 1 test
server (macos-latest)	Run cargo test --workspace --locked	2026-10-06T10:05:37.7229230Z test session::tests::req_gen_05_thread_uses_simulation_and_stops_with_queued_input ... ok
server (macos-latest)	Run cargo test --workspace --locked	2026-10-06T10:05:37.7229840Z
server (macos-latest)	Run cargo test --workspace --locked	2026-10-06T10:05:37.7230390Z test result: ok. 1 passed; 0 failed; 0 ignored; 0 measured; 0 filtered out; finished in 0.00s
server (macos-latest)	Run cargo test --workspace --locked	2026-10-06T10:05:37.7231830Z      Running unittests src/main.rs (target/debug/deps/oh_server-ef4b59e3d3d9c96f)
server (macos-latest)	Run cargo test --workspace --locked	2026-10-06T10:05:37.7232910Z
server (macos-latest)	Run cargo test --workspace --locked	2026-10-06T10:05:37.7261640Z
server (macos-latest)	Run cargo test --workspace --locked	2026-10-06T10:05:37.7261880Z running 0 tests
server (macos-latest)	Run cargo test --workspace --locked	2026-10-06T10:05:37.7279880Z
server (macos-latest)	Run cargo test --workspace --locked	2026-10-06T10:05:37.7280380Z test result: ok. 0 passed; 0 failed; 0 ignored; 0 measured; 0 filtered out; finished in 0.00s
server (macos-latest)	Run cargo test --workspace --locked	2026-10-06T10:05:37.7280750Z
server (macos-latest)	Run cargo test --workspace --locked	2026-10-06T10:05:37.7288170Z      Running tests/startup.rs (target/debug/deps/startup-620a26e497269e45)
server (macos-latest)	Run cargo test --workspace --locked	2026-10-06T10:05:37.7299940Z
server (macos-latest)	Run cargo test --workspace --locked	2026-10-06T10:05:37.7301010Z running 2 tests
server (macos-latest)	Run cargo test --workspace --locked	2026-10-06T10:05:37.7537440Z test req_net_06_port_conflict ... ok
server (macos-latest)	Run cargo test --workspace --locked	2026-10-06T10:05:37.7683010Z test req_net_06_help_and_invalid_options ... ok
server (macos-latest)	Run cargo test --workspace --locked	2026-10-06T10:05:37.7683800Z
server (macos-latest)	Run cargo test --workspace --locked	2026-10-06T10:05:37.7684750Z test result: ok. 2 passed; 0 failed; 0 ignored; 0 measured; 0 filtered out; finished in 0.04s
server (macos-latest)	Run cargo test --workspace --locked	2026-10-06T10:05:37.7685510Z      Running unittests src/lib.rs (target/debug/deps/oh_sim-b6ef2635510f38f6)
server (macos-latest)	Run cargo test --workspace --locked	2026-10-06T10:05:37.7685780Z
server (macos-latest)	Run cargo test --workspace --locked	2026-10-06T10:05:37.7713620Z
server (macos-latest)	Run cargo test --workspace --locked	2026-10-06T10:05:37.7715150Z running 0 tests
server (macos-latest)	Run cargo test --workspace --locked	2026-10-06T10:05:37.7715800Z
server (macos-latest)	Run cargo test --workspace --locked	2026-10-06T10:05:37.7716960Z      Running tests/scheduler.rs (target/debug/deps/scheduler-ed58ead15383944b)
server (macos-latest)	Run cargo test --workspace --locked	2026-10-06T10:05:37.7718810Z test result: ok. 0 passed; 0 failed; 0 ignored; 0 measured; 0 filtered out; finished in 0.00s
server (macos-latest)	Run cargo test --workspace --locked	2026-10-06T10:05:37.7719940Z
server (macos-latest)	Run cargo test --workspace --locked	2026-10-06T10:05:37.7745560Z
server (macos-latest)	Run cargo test --workspace --locked	2026-10-06T10:05:37.7748900Z running 8 tests
server (macos-latest)	Run cargo test --workspace --locked	2026-10-06T10:05:37.7751680Z test hash_includes_seed_config_and_pending_commands ... ok
server (macos-latest)	Run cargo test --workspace --locked	2026-10-06T10:05:37.7752710Z test calendar_leap_year_and_year_boundaries ... ok
server (macos-latest)	Run cargo test --workspace --locked	2026-10-06T10:05:37.7753440Z test overflow_preserves_state_and_queued_commands_and_pause_still_works ... ok
server (macos-latest)	Run cargo test --workspace --locked	2026-10-06T10:05:37.7755320Z test req_time_01_pause_resume_and_five_data_driven_speeds ... ok
server (macos-latest)	Run cargo test --workspace --locked	2026-10-06T10:05:37.7755970Z test req_gen_05_commands_are_sorted_and_future_commands_wait ... ok
server (macos-latest)	Run cargo test --workspace --locked	2026-10-06T10:05:37.7756540Z test req_time_02_tick_day_month_snapshot_order ... ok
server (macos-latest)	Run cargo test --workspace --locked	2026-10-06T10:05:37.7757040Z test time_defines_are_required_checked_and_change_host_pacing ... ok
server (macos-latest)	Run cargo test --workspace --locked	2026-10-06T10:05:37.7759400Z test req_gen_01_headless_state_and_hash_are_repeatable ... ok
server (macos-latest)	Run cargo test --workspace --locked	2026-10-06T10:05:37.7759750Z
server (macos-latest)	Run cargo test --workspace --locked	2026-10-06T10:05:37.7760150Z test result: ok. 8 passed; 0 failed; 0 ignored; 0 measured; 0 filtered out; finished in 0.00s
server (macos-latest)	Run cargo test --workspace --locked	2026-10-06T10:05:37.7760440Z
server (macos-latest)	Run cargo test --workspace --locked	2026-10-06T10:05:37.7761380Z    Doc-tests oh_ai
server (macos-latest)	Run cargo test --workspace --locked	2026-10-06T10:05:37.8317330Z
server (macos-latest)	Run cargo test --workspace --locked	2026-10-06T10:05:37.8317850Z running 0 tests
server (macos-latest)	Run cargo test --workspace --locked	2026-10-06T10:05:37.8318710Z
server (macos-latest)	Run cargo test --workspace --locked	2026-10-06T10:05:37.8322170Z test result: ok. 0 passed; 0 failed; 0 ignored; 0 measured; 0 filtered out; finished in 0.00s
server (macos-latest)	Run cargo test --workspace --locked	2026-10-06T10:05:37.8322730Z
server (macos-latest)	Run cargo test --workspace --locked	2026-10-06T10:05:37.8329440Z    Doc-tests oh_cli
server (macos-latest)	Run cargo test --workspace --locked	2026-10-06T10:05:37.8745880Z
server (macos-latest)	Run cargo test --workspace --locked	2026-10-06T10:05:37.8746520Z running 0 tests
server (macos-latest)	Run cargo test --workspace --locked	2026-10-06T10:05:37.8746770Z
server (macos-latest)	Run cargo test --workspace --locked	2026-10-06T10:05:37.8749620Z test result: ok. 0 passed; 0 failed; 0 ignored; 0 measured; 0 filtered out; finished in 0.00s
server (macos-latest)	Run cargo test --workspace --locked	2026-10-06T10:05:37.8756410Z
server (macos-latest)	Run cargo test --workspace --locked	2026-10-06T10:05:37.8759860Z    Doc-tests oh_core
server (macos-latest)	Run cargo test --workspace --locked	2026-10-06T10:05:37.9222380Z
server (macos-latest)	Run cargo test --workspace --locked	2026-10-06T10:05:37.9222730Z running 1 test
server (macos-latest)	Run cargo test --workspace --locked	2026-10-06T10:05:38.0204590Z test crates/oh_core/src/ids.rs - ids (line 7) - compile fail ... ok
server (macos-latest)	Run cargo test --workspace --locked	2026-10-06T10:05:38.0205010Z
server (macos-latest)	Run cargo test --workspace --locked	2026-10-06T10:05:38.0205430Z test result: ok. 1 passed; 0 failed; 0 ignored; 0 measured; 0 filtered out; finished in 0.10s
server (macos-latest)	Run cargo test --workspace --locked	2026-10-06T10:05:38.0205800Z
server (macos-latest)	Run cargo test --workspace --locked	2026-10-06T10:05:38.0212900Z    Doc-tests oh_data
server (macos-latest)	Run cargo test --workspace --locked	2026-10-06T10:05:38.0660420Z
server (macos-latest)	Run cargo test --workspace --locked	2026-10-06T10:05:38.0660910Z running 0 tests
server (macos-latest)	Run cargo test --workspace --locked	2026-10-06T10:05:38.0661160Z
server (macos-latest)	Run cargo test --workspace --locked	2026-10-06T10:05:38.0661580Z test result: ok. 0 passed; 0 failed; 0 ignored; 0 measured; 0 filtered out; finished in 0.00s
server (macos-latest)	Run cargo test --workspace --locked	2026-10-06T10:05:38.0661940Z
server (macos-latest)	Run cargo test --workspace --locked	2026-10-06T10:05:38.0670790Z    Doc-tests oh_proto
server (macos-latest)	Run cargo test --workspace --locked	2026-10-06T10:05:38.1381350Z
server (macos-latest)	Run cargo test --workspace --locked	2026-10-06T10:05:38.1381750Z running 0 tests
server (macos-latest)	Run cargo test --workspace --locked	2026-10-06T10:05:38.1382020Z
server (macos-latest)	Run cargo test --workspace --locked	2026-10-06T10:05:38.1382490Z test result: ok. 0 passed; 0 failed; 0 ignored; 0 measured; 0 filtered out; finished in 0.00s
server (macos-latest)	Run cargo test --workspace --locked	2026-10-06T10:05:38.1382920Z
server (macos-latest)	Run cargo test --workspace --locked	2026-10-06T10:05:38.1392180Z    Doc-tests oh_save
server (macos-latest)	Run cargo test --workspace --locked	2026-10-06T10:05:38.1652350Z
server (macos-latest)	Run cargo test --workspace --locked	2026-10-06T10:05:38.1652840Z running 0 tests
server (macos-latest)	Run cargo test --workspace --locked	2026-10-06T10:05:38.1653070Z
server (macos-latest)	Run cargo test --workspace --locked	2026-10-06T10:05:38.1653600Z test result: ok. 0 passed; 0 failed; 0 ignored; 0 measured; 0 filtered out; finished in 0.00s
server (macos-latest)	Run cargo test --workspace --locked	2026-10-06T10:05:38.1653970Z
server (macos-latest)	Run cargo test --workspace --locked	2026-10-06T10:05:38.1661990Z    Doc-tests oh_server
server (macos-latest)	Run cargo test --workspace --locked	2026-10-06T10:05:38.2195720Z
server (macos-latest)	Run cargo test --workspace --locked	2026-10-06T10:05:38.2196770Z running 0 tests
server (macos-latest)	Run cargo test --workspace --locked	2026-10-06T10:05:38.2197150Z
server (macos-latest)	Run cargo test --workspace --locked	2026-10-06T10:05:38.2198230Z test result: ok. 0 passed; 0 failed; 0 ignored; 0 measured; 0 filtered out; finished in 0.00s
server (macos-latest)	Run cargo test --workspace --locked	2026-10-06T10:05:38.2199200Z
server (macos-latest)	Run cargo test --workspace --locked	2026-10-06T10:05:38.2206300Z    Doc-tests oh_sim
server (macos-latest)	Run cargo test --workspace --locked	2026-10-06T10:05:38.2633280Z
server (macos-latest)	Run cargo test --workspace --locked	2026-10-06T10:05:38.2633790Z running 1 test
server (macos-latest)	Run cargo test --workspace --locked	2026-10-06T10:05:38.3096220Z test crates/oh_sim/src/lib.rs - State (line 64) - compile fail ... ok
server (macos-latest)	Run cargo test --workspace --locked	2026-10-06T10:05:38.3096920Z
server (macos-latest)	Run cargo test --workspace --locked	2026-10-06T10:05:38.3097920Z test result: ok. 1 passed; 0 failed; 0 ignored; 0 measured; 0 filtered out; finished in 0.05s
server (macos-latest)	Run cargo test --workspace --locked	2026-10-06T10:05:38.3098440Z
server (macos-latest)	Run actions/setup-python@v7.0.0	﻿2026-10-06T10:05:38.3241170Z ##[group]Run actions/setup-python@v7.0.0
server (macos-latest)	Run actions/setup-python@v7.0.0	2026-10-06T10:05:38.3241470Z with:
server (macos-latest)	Run actions/setup-python@v7.0.0	2026-10-06T10:05:38.3241640Z   python-version: 3.11
server (macos-latest)	Run actions/setup-python@v7.0.0	2026-10-06T10:05:38.3241860Z   check-latest: false
server (macos-latest)	Run actions/setup-python@v7.0.0	2026-10-06T10:05:38.3244360Z   token: ***
server (macos-latest)	Run actions/setup-python@v7.0.0	2026-10-06T10:05:38.3244540Z   update-environment: true
server (macos-latest)	Run actions/setup-python@v7.0.0	2026-10-06T10:05:38.3244730Z   allow-prereleases: false
server (macos-latest)	Run actions/setup-python@v7.0.0	2026-10-06T10:05:38.3244890Z   freethreaded: false
server (macos-latest)	Run actions/setup-python@v7.0.0	2026-10-06T10:05:38.3245070Z ##[endgroup]
server (macos-latest)	Run actions/setup-python@v7.0.0	2026-10-06T10:05:38.6972870Z ##[group]Installed versions
server (macos-latest)	Run actions/setup-python@v7.0.0	2026-10-06T10:05:38.7051000Z Successfully set up CPython (3.11.9)
server (macos-latest)	Run actions/setup-python@v7.0.0	2026-10-06T10:05:38.7052440Z ##[endgroup]
server (macos-latest)	Enforce simulation dependency boundaries	﻿2026-10-06T10:05:38.7191160Z ##[group]Run python tools/check_architecture.py
server (macos-latest)	Enforce simulation dependency boundaries	2026-10-06T10:05:38.7191850Z [36;1mpython tools/check_architecture.py[0m
server (macos-latest)	Enforce simulation dependency boundaries	2026-10-06T10:05:38.7268690Z shell: /bin/bash -e {0}
server (macos-latest)	Enforce simulation dependency boundaries	2026-10-06T10:05:38.7268950Z env:
server (macos-latest)	Enforce simulation dependency boundaries	2026-10-06T10:05:38.7269290Z   pythonLocation: /Users/runner/hostedtoolcache/Python/3.11.9/arm64
server (macos-latest)	Enforce simulation dependency boundaries	2026-10-06T10:05:38.7269770Z   PKG_CONFIG_PATH: /Users/runner/hostedtoolcache/Python/3.11.9/arm64/lib/pkgconfig
server (macos-latest)	Enforce simulation dependency boundaries	2026-10-06T10:05:38.7270180Z   Python_ROOT_DIR: /Users/runner/hostedtoolcache/Python/3.11.9/arm64
server (macos-latest)	Enforce simulation dependency boundaries	2026-10-06T10:05:38.7271010Z   Python2_ROOT_DIR: /Users/runner/hostedtoolcache/Python/3.11.9/arm64
server (macos-latest)	Enforce simulation dependency boundaries	2026-10-06T10:05:38.7271720Z   Python3_ROOT_DIR: /Users/runner/hostedtoolcache/Python/3.11.9/arm64
server (macos-latest)	Enforce simulation dependency boundaries	2026-10-06T10:05:38.7286780Z ##[endgroup]
server (macos-latest)	Enforce simulation dependency boundaries	2026-10-06T10:05:39.0738970Z  Downloading crates ...
server (macos-latest)	Enforce simulation dependency boundaries	2026-10-06T10:05:39.1304300Z   Downloaded windows-link v0.2.1
server (macos-latest)	Enforce simulation dependency boundaries	2026-10-06T10:05:39.1406820Z   Downloaded wasi v0.11.1+wasi-snapshot-preview1
server (macos-latest)	Enforce simulation dependency boundaries	2026-10-06T10:05:39.1509530Z   Downloaded winapi-util v0.1.11
server (macos-latest)	Enforce simulation dependency boundaries	2026-10-06T10:05:39.1611950Z   Downloaded r-efi v5.3.0
server (macos-latest)	Enforce simulation dependency boundaries	2026-10-06T10:05:39.1707860Z   Downloaded crunchy v0.2.4
server (macos-latest)	Enforce simulation dependency boundaries	2026-10-06T10:05:39.1708250Z   Downloaded wit-bindgen v0.57.1
server (macos-latest)	Enforce simulation dependency boundaries	2026-10-06T10:05:39.1723750Z   Downloaded wasip2 v1.0.4+wasi-0.2.12
server (macos-latest)	Enforce simulation dependency boundaries	2026-10-06T10:05:39.1904520Z   Downloaded windows-sys v0.61.2
server (macos-latest)	Enforce simulation dependency boundaries	2026-10-06T10:05:39.3615310Z oh_ai v0.1.0 (/Users/runner/work/OpenHOI4/OpenHOI4/crates/oh_ai)
server (macos-latest)	Enforce simulation dependency boundaries	2026-10-06T10:05:39.3617150Z └── oh_sim v0.1.0 (/Users/runner/work/OpenHOI4/OpenHOI4/crates/oh_sim)
server (macos-latest)	Enforce simulation dependency boundaries	2026-10-06T10:05:39.3617770Z     ├── oh_core v0.1.0 (/Users/runner/work/OpenHOI4/OpenHOI4/crates/oh_core)
server (macos-latest)	Enforce simulation dependency boundaries	2026-10-06T10:05:39.3618270Z     │   ├── fixed v1.31.0
server (macos-latest)	Enforce simulation dependency boundaries	2026-10-06T10:05:39.3618590Z     │   │   ├── az v1.3.0
server (macos-latest)	Enforce simulation dependency boundaries	2026-10-06T10:05:39.3619170Z     │   │   ├── bytemuck v1.25.2
server (macos-latest)	Enforce simulation dependency boundaries	2026-10-06T10:05:39.3619430Z     │   │   ├── half v2.7.1
server (macos-latest)	Enforce simulation dependency boundaries	2026-10-06T10:05:39.3619740Z     │   │   │   ├── cfg-if v1.0.5
server (macos-latest)	Enforce simulation dependency boundaries	2026-10-06T10:05:39.3620030Z     │   │   │   └── zerocopy v0.8.60
server (macos-latest)	Enforce simulation dependency boundaries	2026-10-06T10:05:39.3620450Z     │   │   │       └── zerocopy-derive v0.8.60 (proc-macro)
server (macos-latest)	Enforce simulation dependency boundaries	2026-10-06T10:05:39.3620960Z     │   │   │           ├── proc-macro2 v1.0.107
server (macos-latest)	Enforce simulation dependency boundaries	2026-10-06T10:05:39.3621290Z     │   │   │           │   └── unicode-ident v1.0.26
server (macos-latest)	Enforce simulation dependency boundaries	2026-10-06T10:05:39.3621610Z     │   │   │           ├── quote v1.0.47
server (macos-latest)	Enforce simulation dependency boundaries	2026-10-06T10:05:39.3621920Z     │   │   │           │   └── proc-macro2 v1.0.107 (*)
server (macos-latest)	Enforce simulation dependency boundaries	2026-10-06T10:05:39.3622230Z     │   │   │           └── syn v2.0.119
server (macos-latest)	Enforce simulation dependency boundaries	2026-10-06T10:05:39.3622550Z     │   │   │               ├── proc-macro2 v1.0.107 (*)
server (macos-latest)	Enforce simulation dependency boundaries	2026-10-06T10:05:39.3622860Z     │   │   │               ├── quote v1.0.47 (*)
server (macos-latest)	Enforce simulation dependency boundaries	2026-10-06T10:05:39.3623190Z     │   │   │               └── unicode-ident v1.0.26
server (macos-latest)	Enforce simulation dependency boundaries	2026-10-06T10:05:39.3623470Z     │   │   ├── serde v1.0.229
server (macos-latest)	Enforce simulation dependency boundaries	2026-10-06T10:05:39.3623760Z     │   │   │   ├── serde_core v1.0.229
server (macos-latest)	Enforce simulation dependency boundaries	2026-10-06T10:05:39.3624080Z     │   │   │   └── serde_derive v1.0.229 (proc-macro)
server (macos-latest)	Enforce simulation dependency boundaries	2026-10-06T10:05:39.3624410Z     │   │   │       ├── proc-macro2 v1.0.107 (*)
server (macos-latest)	Enforce simulation dependency boundaries	2026-10-06T10:05:39.3624730Z     │   │   │       ├── quote v1.0.47 (*)
server (macos-latest)	Enforce simulation dependency boundaries	2026-10-06T10:05:39.3625020Z     │   │   │       └── syn v3.0.6
server (macos-latest)	Enforce simulation dependency boundaries	2026-10-06T10:05:39.3625320Z     │   │   │           ├── proc-macro2 v1.0.107 (*)
server (macos-latest)	Enforce simulation dependency boundaries	2026-10-06T10:05:39.3625640Z     │   │   │           ├── quote v1.0.47 (*)
server (macos-latest)	Enforce simulation dependency boundaries	2026-10-06T10:05:39.3625960Z     │   │   │           └── unicode-ident v1.0.26
server (macos-latest)	Enforce simulation dependency boundaries	2026-10-06T10:05:39.3626250Z     │   │   └── typenum v1.20.1
server (macos-latest)	Enforce simulation dependency boundaries	2026-10-06T10:05:39.3628340Z     │   ├── postcard v1.1.3
server (macos-latest)	Enforce simulation dependency boundaries	2026-10-06T10:05:39.3628770Z     │   │   ├── cobs v0.3.0
server (macos-latest)	Enforce simulation dependency boundaries	2026-10-06T10:05:39.3629060Z     │   │   │   └── thiserror v2.0.21
server (macos-latest)	Enforce simulation dependency boundaries	2026-10-06T10:05:39.3629480Z     │   │   │       └── thiserror-impl v2.0.21 (proc-macro)
server (macos-latest)	Enforce simulation dependency boundaries	2026-10-06T10:05:39.3629970Z     │   │   │           ├── proc-macro2 v1.0.107 (*)
server (macos-latest)	Enforce simulation dependency boundaries	2026-10-06T10:05:39.3630480Z     │   │   │           ├── quote v1.0.47 (*)
server (macos-latest)	Enforce simulation dependency boundaries	2026-10-06T10:05:39.3630870Z     │   │   │           └── syn v3.0.6 (*)
server (macos-latest)	Enforce simulation dependency boundaries	2026-10-06T10:05:39.3631280Z     │   │   └── serde v1.0.229 (*)
server (macos-latest)	Enforce simulation dependency boundaries	2026-10-06T10:05:39.3631740Z     │   ├── rand_chacha v0.10.0
server (macos-latest)	Enforce simulation dependency boundaries	2026-10-06T10:05:39.3632090Z     │   │   ├── ppv-lite86 v0.2.21
server (macos-latest)	Enforce simulation dependency boundaries	2026-10-06T10:05:39.3633140Z     │   │   │   └── zerocopy v0.8.60 (*)
server (macos-latest)	Enforce simulation dependency boundaries	2026-10-06T10:05:39.3634570Z     │   │   └── rand_core v0.10.1
server (macos-latest)	Enforce simulation dependency boundaries	2026-10-06T10:05:39.3635110Z     │   └── serde v1.0.229 (*)
server (macos-latest)	Enforce simulation dependency boundaries	2026-10-06T10:05:39.3635720Z     ├── oh_data v0.1.0 (/Users/runner/work/OpenHOI4/OpenHOI4/crates/oh_data)
server (macos-latest)	Enforce simulation dependency boundaries	2026-10-06T10:05:39.3636290Z     │   ├── fixed v1.31.0 (*)
server (macos-latest)	Enforce simulation dependency boundaries	2026-10-06T10:05:39.3636970Z     │   ├── oh_core v0.1.0 (/Users/runner/work/OpenHOI4/OpenHOI4/crates/oh_core) (*)
server (macos-latest)	Enforce simulation dependency boundaries	2026-10-06T10:05:39.3637420Z     │   ├── schemars v1.2.2
server (macos-latest)	Enforce simulation dependency boundaries	2026-10-06T10:05:39.3637770Z     │   │   ├── dyn-clone v1.0.20
server (macos-latest)	Enforce simulation dependency boundaries	2026-10-06T10:05:39.3638050Z     │   │   ├── ref-cast v1.0.27
server (macos-latest)	Enforce simulation dependency boundaries	2026-10-06T10:05:39.3638410Z     │   │   │   └── ref-cast-impl v1.0.27 (proc-macro)
server (macos-latest)	Enforce simulation dependency boundaries	2026-10-06T10:05:39.3638870Z     │   │   │       ├── proc-macro2 v1.0.107 (*)
server (macos-latest)	Enforce simulation dependency boundaries	2026-10-06T10:05:39.3639230Z     │   │   │       ├── quote v1.0.47 (*)
server (macos-latest)	Enforce simulation dependency boundaries	2026-10-06T10:05:39.3640230Z     │   │   │       └── syn v3.0.6 (*)
server (macos-latest)	Enforce simulation dependency boundaries	2026-10-06T10:05:39.3641050Z     │   │   ├── schemars_derive v1.2.2 (proc-macro)
server (macos-latest)	Enforce simulation dependency boundaries	2026-10-06T10:05:39.3641480Z     │   │   │   ├── proc-macro2 v1.0.107 (*)
server (macos-latest)	Enforce simulation dependency boundaries	2026-10-06T10:05:39.3641900Z     │   │   │   ├── quote v1.0.47 (*)
server (macos-latest)	Enforce simulation dependency boundaries	2026-10-06T10:05:39.3642400Z     │   │   │   ├── serde_derive_internals v0.30.0
server (macos-latest)	Enforce simulation dependency boundaries	2026-10-06T10:05:39.3642890Z     │   │   │   │   ├── proc-macro2 v1.0.107 (*)
server (macos-latest)	Enforce simulation dependency boundaries	2026-10-06T10:05:39.3643350Z     │   │   │   │   ├── quote v1.0.47 (*)
server (macos-latest)	Enforce simulation dependency boundaries	2026-10-06T10:05:39.3643720Z     │   │   │   │   └── syn v3.0.6 (*)
server (macos-latest)	Enforce simulation dependency boundaries	2026-10-06T10:05:39.3644140Z     │   │   │   └── syn v3.0.6 (*)
server (macos-latest)	Enforce simulation dependency boundaries	2026-10-06T10:05:39.3644480Z     │   │   ├── semver v1.0.28
server (macos-latest)	Enforce simulation dependency boundaries	2026-10-06T10:05:39.3644880Z     │   │   ├── serde v1.0.229 (*)
server (macos-latest)	Enforce simulation dependency boundaries	2026-10-06T10:05:39.3645350Z     │   │   └── serde_json v1.0.151
server (macos-latest)	Enforce simulation dependency boundaries	2026-10-06T10:05:39.3645680Z     │   │       ├── itoa v1.0.18
server (macos-latest)	Enforce simulation dependency boundaries	2026-10-06T10:05:39.3646070Z     │   │       ├── memchr v2.8.3
server (macos-latest)	Enforce simulation dependency boundaries	2026-10-06T10:05:39.3646420Z     │   │       ├── serde_core v1.0.229
server (macos-latest)	Enforce simulation dependency boundaries	2026-10-06T10:05:39.3646830Z     │   │       └── zmij v1.0.23
server (macos-latest)	Enforce simulation dependency boundaries	2026-10-06T10:05:39.3647190Z     │   ├── semver v1.0.28
server (macos-latest)	Enforce simulation dependency boundaries	2026-10-06T10:05:39.3647510Z     │   ├── serde v1.0.229 (*)
server (macos-latest)	Enforce simulation dependency boundaries	2026-10-06T10:05:39.3647900Z     │   ├── serde_json v1.0.151 (*)
server (macos-latest)	Enforce simulation dependency boundaries	2026-10-06T10:05:39.3648240Z     │   └── toml v1.1.6+spec-1.1.0
server (macos-latest)	Enforce simulation dependency boundaries	2026-10-06T10:05:39.3648630Z     │       ├── serde_core v1.0.229
server (macos-latest)	Enforce simulation dependency boundaries	2026-10-06T10:05:39.3649030Z     │       ├── serde_spanned v1.1.1
server (macos-latest)	Enforce simulation dependency boundaries	2026-10-06T10:05:39.3649510Z     │       │   └── serde_core v1.0.229
server (macos-latest)	Enforce simulation dependency boundaries	2026-10-06T10:05:39.3650000Z     │       ├── toml_datetime v1.1.1+spec-1.1.0
server (macos-latest)	Enforce simulation dependency boundaries	2026-10-06T10:05:39.3650440Z     │       │   └── serde_core v1.0.229
server (macos-latest)	Enforce simulation dependency boundaries	2026-10-06T10:05:39.3650860Z     │       ├── toml_parser v1.1.3+spec-1.1.0
server (macos-latest)	Enforce simulation dependency boundaries	2026-10-06T10:05:39.3651220Z     │       │   └── winnow v1.0.4
server (macos-latest)	Enforce simulation dependency boundaries	2026-10-06T10:05:39.3651700Z     │       ├── toml_writer v1.1.2+spec-1.1.0
server (macos-latest)	Enforce simulation dependency boundaries	2026-10-06T10:05:39.3652150Z     │       └── winnow v1.0.4
server (macos-latest)	Enforce simulation dependency boundaries	2026-10-06T10:05:39.3652470Z     └── serde v1.0.229 (*)
server (macos-latest)	Enforce simulation dependency boundaries	2026-10-06T10:05:39.4222250Z oh_core v0.1.0 (/Users/runner/work/OpenHOI4/OpenHOI4/crates/oh_core)
server (macos-latest)	Enforce simulation dependency boundaries	2026-10-06T10:05:39.4224700Z ├── fixed v1.31.0
server (macos-latest)	Enforce simulation dependency boundaries	2026-10-06T10:05:39.4225170Z │   ├── az v1.3.0
server (macos-latest)	Enforce simulation dependency boundaries	2026-10-06T10:05:39.4225530Z │   ├── bytemuck v1.25.2
server (macos-latest)	Enforce simulation dependency boundaries	2026-10-06T10:05:39.4225960Z │   ├── half v2.7.1
server (macos-latest)	Enforce simulation dependency boundaries	2026-10-06T10:05:39.4226330Z │   │   ├── cfg-if v1.0.5
server (macos-latest)	Enforce simulation dependency boundaries	2026-10-06T10:05:39.4226770Z │   │   └── zerocopy v0.8.60
server (macos-latest)	Enforce simulation dependency boundaries	2026-10-06T10:05:39.4227410Z │   │       └── zerocopy-derive v0.8.60 (proc-macro)
server (macos-latest)	Enforce simulation dependency boundaries	2026-10-06T10:05:39.4227920Z │   │           ├── proc-macro2 v1.0.107
server (macos-latest)	Enforce simulation dependency boundaries	2026-10-06T10:05:39.4228460Z │   │           │   └── unicode-ident v1.0.26
server (macos-latest)	Enforce simulation dependency boundaries	2026-10-06T10:05:39.4228910Z │   │           ├── quote v1.0.47
server (macos-latest)	Enforce simulation dependency boundaries	2026-10-06T10:05:39.4229430Z │   │           │   └── proc-macro2 v1.0.107 (*)
server (macos-latest)	Enforce simulation dependency boundaries	2026-10-06T10:05:39.4229910Z │   │           └── syn v2.0.119
server (macos-latest)	Enforce simulation dependency boundaries	2026-10-06T10:05:39.4233320Z │   │               ├── proc-macro2 v1.0.107 (*)
server (macos-latest)	Enforce simulation dependency boundaries	2026-10-06T10:05:39.4233720Z │   │               ├── quote v1.0.47 (*)
server (macos-latest)	Enforce simulation dependency boundaries	2026-10-06T10:05:39.4234170Z │   │               └── unicode-ident v1.0.26
server (macos-latest)	Enforce simulation dependency boundaries	2026-10-06T10:05:39.4234550Z │   ├── serde v1.0.229
server (macos-latest)	Enforce simulation dependency boundaries	2026-10-06T10:05:39.4234870Z │   │   ├── serde_core v1.0.229
server (macos-latest)	Enforce simulation dependency boundaries	2026-10-06T10:05:39.4235770Z │   │   └── serde_derive v1.0.229 (proc-macro)
server (macos-latest)	Enforce simulation dependency boundaries	2026-10-06T10:05:39.4236180Z │   │       ├── proc-macro2 v1.0.107 (*)
server (macos-latest)	Enforce simulation dependency boundaries	2026-10-06T10:05:39.4237320Z │   │       ├── quote v1.0.47 (*)
server (macos-latest)	Enforce simulation dependency boundaries	2026-10-06T10:05:39.4238000Z │   │       └── syn v3.0.6
server (macos-latest)	Enforce simulation dependency boundaries	2026-10-06T10:05:39.4238520Z │   │           ├── proc-macro2 v1.0.107 (*)
server (macos-latest)	Enforce simulation dependency boundaries	2026-10-06T10:05:39.4238910Z │   │           ├── quote v1.0.47 (*)
server (macos-latest)	Enforce simulation dependency boundaries	2026-10-06T10:05:39.4239340Z │   │           └── unicode-ident v1.0.26
server (macos-latest)	Enforce simulation dependency boundaries	2026-10-06T10:05:39.4239780Z │   └── typenum v1.20.1
server (macos-latest)	Enforce simulation dependency boundaries	2026-10-06T10:05:39.4240090Z ├── postcard v1.1.3
server (macos-latest)	Enforce simulation dependency boundaries	2026-10-06T10:05:39.4240360Z │   ├── cobs v0.3.0
server (macos-latest)	Enforce simulation dependency boundaries	2026-10-06T10:05:39.4240660Z │   │   └── thiserror v2.0.21
server (macos-latest)	Enforce simulation dependency boundaries	2026-10-06T10:05:39.4241170Z │   │       └── thiserror-impl v2.0.21 (proc-macro)
server (macos-latest)	Enforce simulation dependency boundaries	2026-10-06T10:05:39.4241590Z │   │           ├── proc-macro2 v1.0.107 (*)
server (macos-latest)	Enforce simulation dependency boundaries	2026-10-06T10:05:39.4241990Z │   │           ├── quote v1.0.47 (*)
server (macos-latest)	Enforce simulation dependency boundaries	2026-10-06T10:05:39.4242800Z │   │           └── syn v3.0.6 (*)
server (macos-latest)	Enforce simulation dependency boundaries	2026-10-06T10:05:39.4243230Z │   └── serde v1.0.229 (*)
server (macos-latest)	Enforce simulation dependency boundaries	2026-10-06T10:05:39.4246110Z ├── rand_chacha v0.10.0
server (macos-latest)	Enforce simulation dependency boundaries	2026-10-06T10:05:39.4246580Z │   ├── ppv-lite86 v0.2.21
server (macos-latest)	Enforce simulation dependency boundaries	2026-10-06T10:05:39.4247080Z │   │   └── zerocopy v0.8.60 (*)
server (macos-latest)	Enforce simulation dependency boundaries	2026-10-06T10:05:39.4247460Z │   └── rand_core v0.10.1
server (macos-latest)	Enforce simulation dependency boundaries	2026-10-06T10:05:39.4247840Z └── serde v1.0.229 (*)
server (macos-latest)	Enforce simulation dependency boundaries	2026-10-06T10:05:39.4986370Z oh_data v0.1.0 (/Users/runner/work/OpenHOI4/OpenHOI4/crates/oh_data)
server (macos-latest)	Enforce simulation dependency boundaries	2026-10-06T10:05:39.5087910Z ├── fixed v1.31.0
server (macos-latest)	Enforce simulation dependency boundaries	2026-10-06T10:05:39.5189490Z │   ├── az v1.3.0
server (macos-latest)	Enforce simulation dependency boundaries	2026-10-06T10:05:39.5291750Z │   ├── bytemuck v1.25.2
server (macos-latest)	Enforce simulation dependency boundaries	2026-10-06T10:05:39.5393510Z │   ├── half v2.7.1
server (macos-latest)	Enforce simulation dependency boundaries	2026-10-06T10:05:39.5495720Z │   │   ├── cfg-if v1.0.5
server (macos-latest)	Enforce simulation dependency boundaries	2026-10-06T10:05:39.5506700Z │   │   └── zerocopy v0.8.60
server (macos-latest)	Enforce simulation dependency boundaries	2026-10-06T10:05:39.5507200Z │   │       └── zerocopy-derive v0.8.60 (proc-macro)
server (macos-latest)	Enforce simulation dependency boundaries	2026-10-06T10:05:39.5507710Z │   │           ├── proc-macro2 v1.0.107
server (macos-latest)	Enforce simulation dependency boundaries	2026-10-06T10:05:39.5508150Z │   │           │   └── unicode-ident v1.0.26
server (macos-latest)	Enforce simulation dependency boundaries	2026-10-06T10:05:39.5508970Z │   │           ├── quote v1.0.47
server (macos-latest)	Enforce simulation dependency boundaries	2026-10-06T10:05:39.5509360Z │   │           │   └── proc-macro2 v1.0.107 (*)
server (macos-latest)	Enforce simulation dependency boundaries	2026-10-06T10:05:39.5509750Z │   │           └── syn v2.0.119
server (macos-latest)	Enforce simulation dependency boundaries	2026-10-06T10:05:39.5510250Z │   │               ├── proc-macro2 v1.0.107 (*)
server (macos-latest)	Enforce simulation dependency boundaries	2026-10-06T10:05:39.5510740Z │   │               ├── quote v1.0.47 (*)
server (macos-latest)	Enforce simulation dependency boundaries	2026-10-06T10:05:39.5511250Z │   │               └── unicode-ident v1.0.26
server (macos-latest)	Enforce simulation dependency boundaries	2026-10-06T10:05:39.5511620Z │   ├── serde v1.0.229
server (macos-latest)	Enforce simulation dependency boundaries	2026-10-06T10:05:39.5513740Z │   │   ├── serde_core v1.0.229
server (macos-latest)	Enforce simulation dependency boundaries	2026-10-06T10:05:39.5515030Z │   │   └── serde_derive v1.0.229 (proc-macro)
server (macos-latest)	Enforce simulation dependency boundaries	2026-10-06T10:05:39.5516170Z │   │       ├── proc-macro2 v1.0.107 (*)
server (macos-latest)	Enforce simulation dependency boundaries	2026-10-06T10:05:39.5517260Z │   │       ├── quote v1.0.47 (*)
server (macos-latest)	Enforce simulation dependency boundaries	2026-10-06T10:05:39.5518110Z │   │       └── syn v3.0.6
server (macos-latest)	Enforce simulation dependency boundaries	2026-10-06T10:05:39.5520180Z │   │           ├── proc-macro2 v1.0.107 (*)
server (macos-latest)	Enforce simulation dependency boundaries	2026-10-06T10:05:39.5520740Z │   │           ├── quote v1.0.47 (*)
server (macos-latest)	Enforce simulation dependency boundaries	2026-10-06T10:05:39.5521160Z │   │           └── unicode-ident v1.0.26
server (macos-latest)	Enforce simulation dependency boundaries	2026-10-06T10:05:39.5521590Z │   └── typenum v1.20.1
server (macos-latest)	Enforce simulation dependency boundaries	2026-10-06T10:05:39.5522070Z ├── oh_core v0.1.0 (/Users/runner/work/OpenHOI4/OpenHOI4/crates/oh_core)
server (macos-latest)	Enforce simulation dependency boundaries	2026-10-06T10:05:39.5523840Z │   ├── fixed v1.31.0 (*)
server (macos-latest)	Enforce simulation dependency boundaries	2026-10-06T10:05:39.5525700Z │   ├── postcard v1.1.3
server (macos-latest)	Enforce simulation dependency boundaries	2026-10-06T10:05:39.5526630Z │   │   ├── cobs v0.3.0
server (macos-latest)	Enforce simulation dependency boundaries	2026-10-06T10:05:39.5527470Z │   │   │   └── thiserror v2.0.21
server (macos-latest)	Enforce simulation dependency boundaries	2026-10-06T10:05:39.5528500Z │   │   │       └── thiserror-impl v2.0.21 (proc-macro)
server (macos-latest)	Enforce simulation dependency boundaries	2026-10-06T10:05:39.5529150Z │   │   │           ├── proc-macro2 v1.0.107 (*)
server (macos-latest)	Enforce simulation dependency boundaries	2026-10-06T10:05:39.5529930Z │   │   │           ├── quote v1.0.47 (*)
server (macos-latest)	Enforce simulation dependency boundaries	2026-10-06T10:05:39.5530410Z │   │   │           └── syn v3.0.6 (*)
server (macos-latest)	Enforce simulation dependency boundaries	2026-10-06T10:05:39.5532190Z │   │   └── serde v1.0.229 (*)
server (macos-latest)	Enforce simulation dependency boundaries	2026-10-06T10:05:39.5533260Z │   ├── rand_chacha v0.10.0
server (macos-latest)	Enforce simulation dependency boundaries	2026-10-06T10:05:39.5533820Z │   │   ├── ppv-lite86 v0.2.21
server (macos-latest)	Enforce simulation dependency boundaries	2026-10-06T10:05:39.5534200Z │   │   │   └── zerocopy v0.8.60 (*)
server (macos-latest)	Enforce simulation dependency boundaries	2026-10-06T10:05:39.5534560Z │   │   └── rand_core v0.10.1
server (macos-latest)	Enforce simulation dependency boundaries	2026-10-06T10:05:39.5535820Z │   └── serde v1.0.229 (*)
server (macos-latest)	Enforce simulation dependency boundaries	2026-10-06T10:05:39.5537750Z ├── schemars v1.2.2
server (macos-latest)	Enforce simulation dependency boundaries	2026-10-06T10:05:39.5538510Z │   ├── dyn-clone v1.0.20
server (macos-latest)	Enforce simulation dependency boundaries	2026-10-06T10:05:39.5539400Z │   ├── ref-cast v1.0.27
server (macos-latest)	Enforce simulation dependency boundaries	2026-10-06T10:05:39.5541270Z │   │   └── ref-cast-impl v1.0.27 (proc-macro)
server (macos-latest)	Enforce simulation dependency boundaries	2026-10-06T10:05:39.5541860Z │   │       ├── proc-macro2 v1.0.107 (*)
server (macos-latest)	Enforce simulation dependency boundaries	2026-10-06T10:05:39.5542220Z │   │       ├── quote v1.0.47 (*)
server (macos-latest)	Enforce simulation dependency boundaries	2026-10-06T10:05:39.5542560Z │   │       └── syn v3.0.6 (*)
server (macos-latest)	Enforce simulation dependency boundaries	2026-10-06T10:05:39.5543080Z │   ├── schemars_derive v1.2.2 (proc-macro)
server (macos-latest)	Enforce simulation dependency boundaries	2026-10-06T10:05:39.5543480Z │   │   ├── proc-macro2 v1.0.107 (*)
server (macos-latest)	Enforce simulation dependency boundaries	2026-10-06T10:05:39.5543870Z │   │   ├── quote v1.0.47 (*)
server (macos-latest)	Enforce simulation dependency boundaries	2026-10-06T10:05:39.5544230Z │   │   ├── serde_derive_internals v0.30.0
server (macos-latest)	Enforce simulation dependency boundaries	2026-10-06T10:05:39.5544630Z │   │   │   ├── proc-macro2 v1.0.107 (*)
server (macos-latest)	Enforce simulation dependency boundaries	2026-10-06T10:05:39.5545050Z │   │   │   ├── quote v1.0.47 (*)
server (macos-latest)	Enforce simulation dependency boundaries	2026-10-06T10:05:39.5545390Z │   │   │   └── syn v3.0.6 (*)
server (macos-latest)	Enforce simulation dependency boundaries	2026-10-06T10:05:39.5545700Z │   │   └── syn v3.0.6 (*)
server (macos-latest)	Enforce simulation dependency boundaries	2026-10-06T10:05:39.5545970Z │   ├── semver v1.0.28
server (macos-latest)	Enforce simulation dependency boundaries	2026-10-06T10:05:39.5546260Z │   ├── serde v1.0.229 (*)
server (macos-latest)	Enforce simulation dependency boundaries	2026-10-06T10:05:39.5546680Z │   └── serde_json v1.0.151
server (macos-latest)	Enforce simulation dependency boundaries	2026-10-06T10:05:39.5557250Z │       ├── itoa v1.0.18
server (macos-latest)	Enforce simulation dependency boundaries	2026-10-06T10:05:39.5557510Z │       ├── memchr v2.8.3
server (macos-latest)	Enforce simulation dependency boundaries	2026-10-06T10:05:39.5557920Z │       ├── serde_core v1.0.229
server (macos-latest)	Enforce simulation dependency boundaries	2026-10-06T10:05:39.5558200Z │       └── zmij v1.0.23
server (macos-latest)	Enforce simulation dependency boundaries	2026-10-06T10:05:39.5558450Z ├── semver v1.0.28
server (macos-latest)	Enforce simulation dependency boundaries	2026-10-06T10:05:39.5558680Z ├── serde v1.0.229 (*)
server (macos-latest)	Enforce simulation dependency boundaries	2026-10-06T10:05:39.5558910Z ├── serde_json v1.0.151 (*)
server (macos-latest)	Enforce simulation dependency boundaries	2026-10-06T10:05:39.5559200Z └── toml v1.1.6+spec-1.1.0
server (macos-latest)	Enforce simulation dependency boundaries	2026-10-06T10:05:39.5559410Z     ├── serde_core v1.0.229
server (macos-latest)	Enforce simulation dependency boundaries	2026-10-06T10:05:39.5559660Z     ├── serde_spanned v1.1.1
server (macos-latest)	Enforce simulation dependency boundaries	2026-10-06T10:05:39.5559940Z     │   └── serde_core v1.0.229
server (macos-latest)	Enforce simulation dependency boundaries	2026-10-06T10:05:39.5560280Z     ├── toml_datetime v1.1.1+spec-1.1.0
server (macos-latest)	Enforce simulation dependency boundaries	2026-10-06T10:05:39.5560590Z     │   └── serde_core v1.0.229
server (macos-latest)	Enforce simulation dependency boundaries	2026-10-06T10:05:39.5560940Z     ├── toml_parser v1.1.3+spec-1.1.0
server (macos-latest)	Enforce simulation dependency boundaries	2026-10-06T10:05:39.5561190Z     │   └── winnow v1.0.4
server (macos-latest)	Enforce simulation dependency boundaries	2026-10-06T10:05:39.5561480Z     ├── toml_writer v1.1.2+spec-1.1.0
server (macos-latest)	Enforce simulation dependency boundaries	2026-10-06T10:05:39.5561760Z     └── winnow v1.0.4
server (macos-latest)	Enforce simulation dependency boundaries	2026-10-06T10:05:39.5922280Z oh_save v0.1.0 (/Users/runner/work/OpenHOI4/OpenHOI4/crates/oh_save)
server (macos-latest)	Enforce simulation dependency boundaries	2026-10-06T10:05:39.5927090Z └── oh_sim v0.1.0 (/Users/runner/work/OpenHOI4/OpenHOI4/crates/oh_sim)
server (macos-latest)	Enforce simulation dependency boundaries	2026-10-06T10:05:39.5927650Z     ├── oh_core v0.1.0 (/Users/runner/work/OpenHOI4/OpenHOI4/crates/oh_core)
server (macos-latest)	Enforce simulation dependency boundaries	2026-10-06T10:05:39.5928050Z     │   ├── fixed v1.31.0
server (macos-latest)	Enforce simulation dependency boundaries	2026-10-06T10:05:39.5928290Z     │   │   ├── az v1.3.0
server (macos-latest)	Enforce simulation dependency boundaries	2026-10-06T10:05:39.5928570Z     │   │   ├── bytemuck v1.25.2
server (macos-latest)	Enforce simulation dependency boundaries	2026-10-06T10:05:39.5928830Z     │   │   ├── half v2.7.1
server (macos-latest)	Enforce simulation dependency boundaries	2026-10-06T10:05:39.5929110Z     │   │   │   ├── cfg-if v1.0.5
server (macos-latest)	Enforce simulation dependency boundaries	2026-10-06T10:05:39.5929350Z     │   │   │   └── zerocopy v0.8.60
server (macos-latest)	Enforce simulation dependency boundaries	2026-10-06T10:05:39.5929680Z     │   │   │       └── zerocopy-derive v0.8.60 (proc-macro)
server (macos-latest)	Enforce simulation dependency boundaries	2026-10-06T10:05:39.5930070Z     │   │   │           ├── proc-macro2 v1.0.107
server (macos-latest)	Enforce simulation dependency boundaries	2026-10-06T10:05:39.5930430Z     │   │   │           │   └── unicode-ident v1.0.26
server (macos-latest)	Enforce simulation dependency boundaries	2026-10-06T10:05:39.5930720Z     │   │   │           ├── quote v1.0.47
server (macos-latest)	Enforce simulation dependency boundaries	2026-10-06T10:05:39.5931080Z     │   │   │           │   └── proc-macro2 v1.0.107 (*)
server (macos-latest)	Enforce simulation dependency boundaries	2026-10-06T10:05:39.5931960Z     │   │   │           └── syn v2.0.119
server (macos-latest)	Enforce simulation dependency boundaries	2026-10-06T10:05:39.5932270Z     │   │   │               ├── proc-macro2 v1.0.107 (*)
server (macos-latest)	Enforce simulation dependency boundaries	2026-10-06T10:05:39.5932640Z     │   │   │               ├── quote v1.0.47 (*)
server (macos-latest)	Enforce simulation dependency boundaries	2026-10-06T10:05:39.5933020Z     │   │   │               └── unicode-ident v1.0.26
server (macos-latest)	Enforce simulation dependency boundaries	2026-10-06T10:05:39.5933350Z     │   │   ├── serde v1.0.229
server (macos-latest)	Enforce simulation dependency boundaries	2026-10-06T10:05:39.5933650Z     │   │   │   ├── serde_core v1.0.229
server (macos-latest)	Enforce simulation dependency boundaries	2026-10-06T10:05:39.5934020Z     │   │   │   └── serde_derive v1.0.229 (proc-macro)
server (macos-latest)	Enforce simulation dependency boundaries	2026-10-06T10:05:39.5934380Z     │   │   │       ├── proc-macro2 v1.0.107 (*)
server (macos-latest)	Enforce simulation dependency boundaries	2026-10-06T10:05:39.5934720Z     │   │   │       ├── quote v1.0.47 (*)
server (macos-latest)	Enforce simulation dependency boundaries	2026-10-06T10:05:39.5935010Z     │   │   │       └── syn v3.0.6
server (macos-latest)	Enforce simulation dependency boundaries	2026-10-06T10:05:39.5935290Z     │   │   │           ├── proc-macro2 v1.0.107 (*)
server (macos-latest)	Enforce simulation dependency boundaries	2026-10-06T10:05:39.5935640Z     │   │   │           ├── quote v1.0.47 (*)
server (macos-latest)	Enforce simulation dependency boundaries	2026-10-06T10:05:39.5935970Z     │   │   │           └── unicode-ident v1.0.26
server (macos-latest)	Enforce simulation dependency boundaries	2026-10-06T10:05:39.5936450Z     │   │   └── typenum v1.20.1
server (macos-latest)	Enforce simulation dependency boundaries	2026-10-06T10:05:39.5938530Z     │   ├── postcard v1.1.3
server (macos-latest)	Enforce simulation dependency boundaries	2026-10-06T10:05:39.5938760Z     │   │   ├── cobs v0.3.0
server (macos-latest)	Enforce simulation dependency boundaries	2026-10-06T10:05:39.5939000Z     │   │   │   └── thiserror v2.0.21
server (macos-latest)	Enforce simulation dependency boundaries	2026-10-06T10:05:39.5939350Z     │   │   │       └── thiserror-impl v2.0.21 (proc-macro)
server (macos-latest)	Enforce simulation dependency boundaries	2026-10-06T10:05:39.5939750Z     │   │   │           ├── proc-macro2 v1.0.107 (*)
server (macos-latest)	Enforce simulation dependency boundaries	2026-10-06T10:05:39.5940070Z     │   │   │           ├── quote v1.0.47 (*)
server (macos-latest)	Enforce simulation dependency boundaries	2026-10-06T10:05:39.5940420Z     │   │   │           └── syn v3.0.6 (*)
server (macos-latest)	Enforce simulation dependency boundaries	2026-10-06T10:05:39.5940730Z     │   │   └── serde v1.0.229 (*)
server (macos-latest)	Enforce simulation dependency boundaries	2026-10-06T10:05:39.5941040Z     │   ├── rand_chacha v0.10.0
server (macos-latest)	Enforce simulation dependency boundaries	2026-10-06T10:05:39.5941340Z     │   │   ├── ppv-lite86 v0.2.21
server (macos-latest)	Enforce simulation dependency boundaries	2026-10-06T10:05:39.5941640Z     │   │   │   └── zerocopy v0.8.60 (*)
server (macos-latest)	Enforce simulation dependency boundaries	2026-10-06T10:05:39.5941910Z     │   │   └── rand_core v0.10.1
server (macos-latest)	Enforce simulation dependency boundaries	2026-10-06T10:05:39.5942200Z     │   └── serde v1.0.229 (*)
server (macos-latest)	Enforce simulation dependency boundaries	2026-10-06T10:05:39.5942590Z     ├── oh_data v0.1.0 (/Users/runner/work/OpenHOI4/OpenHOI4/crates/oh_data)
server (macos-latest)	Enforce simulation dependency boundaries	2026-10-06T10:05:39.5942930Z     │   ├── fixed v1.31.0 (*)
server (macos-latest)	Enforce simulation dependency boundaries	2026-10-06T10:05:39.5943420Z     │   ├── oh_core v0.1.0 (/Users/runner/work/OpenHOI4/OpenHOI4/crates/oh_core) (*)
server (macos-latest)	Enforce simulation dependency boundaries	2026-10-06T10:05:39.5943800Z     │   ├── schemars v1.2.2
server (macos-latest)	Enforce simulation dependency boundaries	2026-10-06T10:05:39.5944090Z     │   │   ├── dyn-clone v1.0.20
server (macos-latest)	Enforce simulation dependency boundaries	2026-10-06T10:05:39.5945610Z     │   │   ├── ref-cast v1.0.27
server (macos-latest)	Enforce simulation dependency boundaries	2026-10-06T10:05:39.5946110Z     │   │   │   └── ref-cast-impl v1.0.27 (proc-macro)
server (macos-latest)	Enforce simulation dependency boundaries	2026-10-06T10:05:39.5946460Z     │   │   │       ├── proc-macro2 v1.0.107 (*)
server (macos-latest)	Enforce simulation dependency boundaries	2026-10-06T10:05:39.5946760Z     │   │   │       ├── quote v1.0.47 (*)
server (macos-latest)	Enforce simulation dependency boundaries	2026-10-06T10:05:39.5947040Z     │   │   │       └── syn v3.0.6 (*)
server (macos-latest)	Enforce simulation dependency boundaries	2026-10-06T10:05:39.5947350Z     │   │   ├── schemars_derive v1.2.2 (proc-macro)
server (macos-latest)	Enforce simulation dependency boundaries	2026-10-06T10:05:39.5947660Z     │   │   │   ├── proc-macro2 v1.0.107 (*)
server (macos-latest)	Enforce simulation dependency boundaries	2026-10-06T10:05:39.5947980Z     │   │   │   ├── quote v1.0.47 (*)
server (macos-latest)	Enforce simulation dependency boundaries	2026-10-06T10:05:39.5948350Z     │   │   │   ├── serde_derive_internals v0.30.0
server (macos-latest)	Enforce simulation dependency boundaries	2026-10-06T10:05:39.5948710Z     │   │   │   │   ├── proc-macro2 v1.0.107 (*)
server (macos-latest)	Enforce simulation dependency boundaries	2026-10-06T10:05:39.5949730Z     │   │   │   │   ├── quote v1.0.47 (*)
server (macos-latest)	Enforce simulation dependency boundaries	2026-10-06T10:05:39.5950000Z     │   │   │   │   └── syn v3.0.6 (*)
server (macos-latest)	Enforce simulation dependency boundaries	2026-10-06T10:05:39.5950260Z     │   │   │   └── syn v3.0.6 (*)
server (macos-latest)	Enforce simulation dependency boundaries	2026-10-06T10:05:39.5950860Z     │   │   ├── semver v1.0.28
server (macos-latest)	Enforce simulation dependency boundaries	2026-10-06T10:05:39.5951130Z     │   │   ├── serde v1.0.229 (*)
server (macos-latest)	Enforce simulation dependency boundaries	2026-10-06T10:05:39.5951400Z     │   │   └── serde_json v1.0.151
server (macos-latest)	Enforce simulation dependency boundaries	2026-10-06T10:05:39.5951650Z     │   │       ├── itoa v1.0.18
server (macos-latest)	Enforce simulation dependency boundaries	2026-10-06T10:05:39.5951920Z     │   │       ├── memchr v2.8.3
server (macos-latest)	Enforce simulation dependency boundaries	2026-10-06T10:05:39.5952250Z     │   │       ├── serde_core v1.0.229
server (macos-latest)	Enforce simulation dependency boundaries	2026-10-06T10:05:39.5952520Z     │   │       └── zmij v1.0.23
server (macos-latest)	Enforce simulation dependency boundaries	2026-10-06T10:05:39.5952740Z     │   ├── semver v1.0.28
server (macos-latest)	Enforce simulation dependency boundaries	2026-10-06T10:05:39.5952970Z     │   ├── serde v1.0.229 (*)
server (macos-latest)	Enforce simulation dependency boundaries	2026-10-06T10:05:39.5953200Z     │   ├── serde_json v1.0.151 (*)
server (macos-latest)	Enforce simulation dependency boundaries	2026-10-06T10:05:39.5953500Z     │   └── toml v1.1.6+spec-1.1.0
server (macos-latest)	Enforce simulation dependency boundaries	2026-10-06T10:05:39.5953810Z     │       ├── serde_core v1.0.229
server (macos-latest)	Enforce simulation dependency boundaries	2026-10-06T10:05:39.5954410Z     │       ├── serde_spanned v1.1.1
server (macos-latest)	Enforce simulation dependency boundaries	2026-10-06T10:05:39.5954740Z     │       │   └── serde_core v1.0.229
server (macos-latest)	Enforce simulation dependency boundaries	2026-10-06T10:05:39.5955060Z     │       ├── toml_datetime v1.1.1+spec-1.1.0
server (macos-latest)	Enforce simulation dependency boundaries	2026-10-06T10:05:39.5955350Z     │       │   └── serde_core v1.0.229
server (macos-latest)	Enforce simulation dependency boundaries	2026-10-06T10:05:39.5955680Z     │       ├── toml_parser v1.1.3+spec-1.1.0
server (macos-latest)	Enforce simulation dependency boundaries	2026-10-06T10:05:39.5956030Z     │       │   └── winnow v1.0.4
server (macos-latest)	Enforce simulation dependency boundaries	2026-10-06T10:05:39.5956350Z     │       ├── toml_writer v1.1.2+spec-1.1.0
server (macos-latest)	Enforce simulation dependency boundaries	2026-10-06T10:05:39.5956600Z     │       └── winnow v1.0.4
server (macos-latest)	Enforce simulation dependency boundaries	2026-10-06T10:05:39.5956870Z     └── serde v1.0.229 (*)
server (macos-latest)	Enforce simulation dependency boundaries	2026-10-06T10:05:39.6692690Z oh_sim v0.1.0 (/Users/runner/work/OpenHOI4/OpenHOI4/crates/oh_sim)
server (macos-latest)	Enforce simulation dependency boundaries	2026-10-06T10:05:39.6742430Z ├── oh_core v0.1.0 (/Users/runner/work/OpenHOI4/OpenHOI4/crates/oh_core)
server (macos-latest)	Enforce simulation dependency boundaries	2026-10-06T10:05:39.6797390Z │   ├── fixed v1.31.0
server (macos-latest)	Enforce simulation dependency boundaries	2026-10-06T10:05:39.6797800Z │   │   ├── az v1.3.0
server (macos-latest)	Enforce simulation dependency boundaries	2026-10-06T10:05:39.6798110Z │   │   ├── bytemuck v1.25.2
server (macos-latest)	Enforce simulation dependency boundaries	2026-10-06T10:05:39.6798660Z │   │   ├── half v2.7.1
server (macos-latest)	Enforce simulation dependency boundaries	2026-10-06T10:05:39.6799150Z │   │   │   ├── cfg-if v1.0.5
server (macos-latest)	Enforce simulation dependency boundaries	2026-10-06T10:05:39.6800510Z │   │   │   └── zerocopy v0.8.60
server (macos-latest)	Enforce simulation dependency boundaries	2026-10-06T10:05:39.6800930Z │   │   │       └── zerocopy-derive v0.8.60 (proc-macro)
server (macos-latest)	Enforce simulation dependency boundaries	2026-10-06T10:05:39.6801300Z │   │   │           ├── proc-macro2 v1.0.107
server (macos-latest)	Enforce simulation dependency boundaries	2026-10-06T10:05:39.6801630Z │   │   │           │   └── unicode-ident v1.0.26
server (macos-latest)	Enforce simulation dependency boundaries	2026-10-06T10:05:39.6801940Z │   │   │           ├── quote v1.0.47
server (macos-latest)	Enforce simulation dependency boundaries	2026-10-06T10:05:39.6802270Z │   │   │           │   └── proc-macro2 v1.0.107 (*)
server (macos-latest)	Enforce simulation dependency boundaries	2026-10-06T10:05:39.6802590Z │   │   │           └── syn v2.0.119
server (macos-latest)	Enforce simulation dependency boundaries	2026-10-06T10:05:39.6802910Z │   │   │               ├── proc-macro2 v1.0.107 (*)
server (macos-latest)	Enforce simulation dependency boundaries	2026-10-06T10:05:39.6803230Z │   │   │               ├── quote v1.0.47 (*)
server (macos-latest)	Enforce simulation dependency boundaries	2026-10-06T10:05:39.6803560Z │   │   │               └── unicode-ident v1.0.26
server (macos-latest)	Enforce simulation dependency boundaries	2026-10-06T10:05:39.6803840Z │   │   ├── serde v1.0.229
server (macos-latest)	Enforce simulation dependency boundaries	2026-10-06T10:05:39.6804150Z │   │   │   ├── serde_core v1.0.229
server (macos-latest)	Enforce simulation dependency boundaries	2026-10-06T10:05:39.6804480Z │   │   │   └── serde_derive v1.0.229 (proc-macro)
server (macos-latest)	Enforce simulation dependency boundaries	2026-10-06T10:05:39.6804820Z │   │   │       ├── proc-macro2 v1.0.107 (*)
server (macos-latest)	Enforce simulation dependency boundaries	2026-10-06T10:05:39.6805140Z │   │   │       ├── quote v1.0.47 (*)
server (macos-latest)	Enforce simulation dependency boundaries	2026-10-06T10:05:39.6805410Z │   │   │       └── syn v3.0.6
server (macos-latest)	Enforce simulation dependency boundaries	2026-10-06T10:05:39.6805700Z │   │   │           ├── proc-macro2 v1.0.107 (*)
server (macos-latest)	Enforce simulation dependency boundaries	2026-10-06T10:05:39.6806020Z │   │   │           ├── quote v1.0.47 (*)
server (macos-latest)	Enforce simulation dependency boundaries	2026-10-06T10:05:39.6806330Z │   │   │           └── unicode-ident v1.0.26
server (macos-latest)	Enforce simulation dependency boundaries	2026-10-06T10:05:39.6806620Z │   │   └── typenum v1.20.1
server (macos-latest)	Enforce simulation dependency boundaries	2026-10-06T10:05:39.6806900Z │   ├── postcard v1.1.3
server (macos-latest)	Enforce simulation dependency boundaries	2026-10-06T10:05:39.6807090Z │   │   ├── cobs v0.3.0
server (macos-latest)	Enforce simulation dependency boundaries	2026-10-06T10:05:39.6807340Z │   │   │   └── thiserror v2.0.21
server (macos-latest)	Enforce simulation dependency boundaries	2026-10-06T10:05:39.6807690Z │   │   │       └── thiserror-impl v2.0.21 (proc-macro)
server (macos-latest)	Enforce simulation dependency boundaries	2026-10-06T10:05:39.6808100Z │   │   │           ├── proc-macro2 v1.0.107 (*)
server (macos-latest)	Enforce simulation dependency boundaries	2026-10-06T10:05:39.6808410Z │   │   │           ├── quote v1.0.47 (*)
server (macos-latest)	Enforce simulation dependency boundaries	2026-10-06T10:05:39.6808690Z │   │   │           └── syn v3.0.6 (*)
server (macos-latest)	Enforce simulation dependency boundaries	2026-10-06T10:05:39.6808960Z │   │   └── serde v1.0.229 (*)
server (macos-latest)	Enforce simulation dependency boundaries	2026-10-06T10:05:39.6809200Z │   ├── rand_chacha v0.10.0
server (macos-latest)	Enforce simulation dependency boundaries	2026-10-06T10:05:39.6809440Z │   │   ├── ppv-lite86 v0.2.21
server (macos-latest)	Enforce simulation dependency boundaries	2026-10-06T10:05:39.6810160Z │   │   │   └── zerocopy v0.8.60 (*)
server (macos-latest)	Enforce simulation dependency boundaries	2026-10-06T10:05:39.6810430Z │   │   └── rand_core v0.10.1
server (macos-latest)	Enforce simulation dependency boundaries	2026-10-06T10:05:39.6810710Z │   └── serde v1.0.229 (*)
server (macos-latest)	Enforce simulation dependency boundaries	2026-10-06T10:05:39.6811140Z ├── oh_data v0.1.0 (/Users/runner/work/OpenHOI4/OpenHOI4/crates/oh_data)
server (macos-latest)	Enforce simulation dependency boundaries	2026-10-06T10:05:39.6811510Z │   ├── fixed v1.31.0 (*)
server (macos-latest)	Enforce simulation dependency boundaries	2026-10-06T10:05:39.6811930Z │   ├── oh_core v0.1.0 (/Users/runner/work/OpenHOI4/OpenHOI4/crates/oh_core) (*)
server (macos-latest)	Enforce simulation dependency boundaries	2026-10-06T10:05:39.6812330Z │   ├── schemars v1.2.2
server (macos-latest)	Enforce simulation dependency boundaries	2026-10-06T10:05:39.6812600Z │   │   ├── dyn-clone v1.0.20
server (macos-latest)	Enforce simulation dependency boundaries	2026-10-06T10:05:39.6812880Z │   │   ├── ref-cast v1.0.27
server (macos-latest)	Enforce simulation dependency boundaries	2026-10-06T10:05:39.6813240Z │   │   │   └── ref-cast-impl v1.0.27 (proc-macro)
server (macos-latest)	Enforce simulation dependency boundaries	2026-10-06T10:05:39.6813630Z │   │   │       ├── proc-macro2 v1.0.107 (*)
server (macos-latest)	Enforce simulation dependency boundaries	2026-10-06T10:05:39.6813940Z │   │   │       ├── quote v1.0.47 (*)
server (macos-latest)	Enforce simulation dependency boundaries	2026-10-06T10:05:39.6814230Z │   │   │       └── syn v3.0.6 (*)
server (macos-latest)	Enforce simulation dependency boundaries	2026-10-06T10:05:39.6814700Z │   │   ├── schemars_derive v1.2.2 (proc-macro)
server (macos-latest)	Enforce simulation dependency boundaries	2026-10-06T10:05:39.6815120Z │   │   │   ├── proc-macro2 v1.0.107 (*)
server (macos-latest)	Enforce simulation dependency boundaries	2026-10-06T10:05:39.6815440Z │   │   │   ├── quote v1.0.47 (*)
server (macos-latest)	Enforce simulation dependency boundaries	2026-10-06T10:05:39.6815760Z │   │   │   ├── serde_derive_internals v0.30.0
server (macos-latest)	Enforce simulation dependency boundaries	2026-10-06T10:05:39.6816100Z │   │   │   │   ├── proc-macro2 v1.0.107 (*)
server (macos-latest)	Enforce simulation dependency boundaries	2026-10-06T10:05:39.6816410Z │   │   │   │   ├── quote v1.0.47 (*)
server (macos-latest)	Enforce simulation dependency boundaries	2026-10-06T10:05:39.6816760Z │   │   │   │   └── syn v3.0.6 (*)
server (macos-latest)	Enforce simulation dependency boundaries	2026-10-06T10:05:39.6817070Z │   │   │   └── syn v3.0.6 (*)
server (macos-latest)	Enforce simulation dependency boundaries	2026-10-06T10:05:39.6817350Z │   │   ├── semver v1.0.28
server (macos-latest)	Enforce simulation dependency boundaries	2026-10-06T10:05:39.6817600Z │   │   ├── serde v1.0.229 (*)
server (macos-latest)	Enforce simulation dependency boundaries	2026-10-06T10:05:39.6817860Z │   │   └── serde_json v1.0.151
server (macos-latest)	Enforce simulation dependency boundaries	2026-10-06T10:05:39.6818170Z │   │       ├── itoa v1.0.18
server (macos-latest)	Enforce simulation dependency boundaries	2026-10-06T10:05:39.6818460Z │   │       ├── memchr v2.8.3
server (macos-latest)	Enforce simulation dependency boundaries	2026-10-06T10:05:39.6818800Z │   │       ├── serde_core v1.0.229
server (macos-latest)	Enforce simulation dependency boundaries	2026-10-06T10:05:39.6819050Z │   │       └── zmij v1.0.23
server (macos-latest)	Enforce simulation dependency boundaries	2026-10-06T10:05:39.6819270Z │   ├── semver v1.0.28
server (macos-latest)	Enforce simulation dependency boundaries	2026-10-06T10:05:39.6819490Z │   ├── serde v1.0.229 (*)
server (macos-latest)	Enforce simulation dependency boundaries	2026-10-06T10:05:39.6819740Z │   ├── serde_json v1.0.151 (*)
server (macos-latest)	Enforce simulation dependency boundaries	2026-10-06T10:05:39.6820010Z │   └── toml v1.1.6+spec-1.1.0
server (macos-latest)	Enforce simulation dependency boundaries	2026-10-06T10:05:39.6820360Z │       ├── serde_core v1.0.229
server (macos-latest)	Enforce simulation dependency boundaries	2026-10-06T10:05:39.6820690Z │       ├── serde_spanned v1.1.1
server (macos-latest)	Enforce simulation dependency boundaries	2026-10-06T10:05:39.6820980Z │       │   └── serde_core v1.0.229
server (macos-latest)	Enforce simulation dependency boundaries	2026-10-06T10:05:39.6821280Z │       ├── toml_datetime v1.1.1+spec-1.1.0
server (macos-latest)	Enforce simulation dependency boundaries	2026-10-06T10:05:39.6821580Z │       │   └── serde_core v1.0.229
server (macos-latest)	Enforce simulation dependency boundaries	2026-10-06T10:05:39.6821870Z │       ├── toml_parser v1.1.3+spec-1.1.0
server (macos-latest)	Enforce simulation dependency boundaries	2026-10-06T10:05:39.6822120Z │       │   └── winnow v1.0.4
server (macos-latest)	Enforce simulation dependency boundaries	2026-10-06T10:05:39.6822390Z │       ├── toml_writer v1.1.2+spec-1.1.0
server (macos-latest)	Enforce simulation dependency boundaries	2026-10-06T10:05:39.6822630Z │       └── winnow v1.0.4
server (macos-latest)	Enforce simulation dependency boundaries	2026-10-06T10:05:39.6822840Z └── serde v1.0.229 (*)
server (macos-latest)	Run cargo run -p oh_proto --locked --example wire_fixtures	﻿2026-10-06T10:05:39.6871710Z ##[group]Run cargo run -p oh_proto --locked --example wire_fixtures
server (macos-latest)	Run cargo run -p oh_proto --locked --example wire_fixtures	2026-10-06T10:05:39.6872130Z [36;1mcargo run -p oh_proto --locked --example wire_fixtures[0m
server (macos-latest)	Run cargo run -p oh_proto --locked --example wire_fixtures	2026-10-06T10:05:39.6913880Z shell: /bin/bash -e {0}
server (macos-latest)	Run cargo run -p oh_proto --locked --example wire_fixtures	2026-10-06T10:05:39.6914170Z env:
server (macos-latest)	Run cargo run -p oh_proto --locked --example wire_fixtures	2026-10-06T10:05:39.6914460Z   pythonLocation: /Users/runner/hostedtoolcache/Python/3.11.9/arm64
server (macos-latest)	Run cargo run -p oh_proto --locked --example wire_fixtures	2026-10-06T10:05:39.6914950Z   PKG_CONFIG_PATH: /Users/runner/hostedtoolcache/Python/3.11.9/arm64/lib/pkgconfig
server (macos-latest)	Run cargo run -p oh_proto --locked --example wire_fixtures	2026-10-06T10:05:39.6915380Z   Python_ROOT_DIR: /Users/runner/hostedtoolcache/Python/3.11.9/arm64
server (macos-latest)	Run cargo run -p oh_proto --locked --example wire_fixtures	2026-10-06T10:05:39.6915810Z   Python2_ROOT_DIR: /Users/runner/hostedtoolcache/Python/3.11.9/arm64
server (macos-latest)	Run cargo run -p oh_proto --locked --example wire_fixtures	2026-10-06T10:05:39.6916210Z   Python3_ROOT_DIR: /Users/runner/hostedtoolcache/Python/3.11.9/arm64
server (macos-latest)	Run cargo run -p oh_proto --locked --example wire_fixtures	2026-10-06T10:05:39.6916550Z ##[endgroup]
server (macos-latest)	Run cargo run -p oh_proto --locked --example wire_fixtures	2026-10-06T10:05:39.8002450Z    Compiling serde_core v1.0.229
server (macos-latest)	Run cargo run -p oh_proto --locked --example wire_fixtures	2026-10-06T10:05:39.8014240Z    Compiling syn v3.0.6
server (macos-latest)	Run cargo run -p oh_proto --locked --example wire_fixtures	2026-10-06T10:05:39.8072400Z    Compiling ppv-lite86 v0.2.21
server (macos-latest)	Run cargo run -p oh_proto --locked --example wire_fixtures	2026-10-06T10:05:40.0025690Z    Compiling memchr v2.8.3
server (macos-latest)	Run cargo run -p oh_proto --locked --example wire_fixtures	2026-10-06T10:05:40.4424740Z    Compiling rand_chacha v0.10.0
server (macos-latest)	Run cargo run -p oh_proto --locked --example wire_fixtures	2026-10-06T10:05:40.8757240Z    Compiling serde_derive_internals v0.30.0
server (macos-latest)	Run cargo run -p oh_proto --locked --example wire_fixtures	2026-10-06T10:05:41.5099660Z    Compiling serde_derive v1.0.229
server (macos-latest)	Run cargo run -p oh_proto --locked --example wire_fixtures	2026-10-06T10:05:41.5203010Z    Compiling thiserror-impl v2.0.21
server (macos-latest)	Run cargo run -p oh_proto --locked --example wire_fixtures	2026-10-06T10:05:41.7084500Z    Compiling ref-cast-impl v1.0.27
server (macos-latest)	Run cargo run -p oh_proto --locked --example wire_fixtures	2026-10-06T10:05:42.0285520Z    Compiling ref-cast v1.0.27
server (macos-latest)	Run cargo run -p oh_proto --locked --example wire_fixtures	2026-10-06T10:05:42.0809980Z    Compiling toml_datetime v1.1.1+spec-1.1.0
server (macos-latest)	Run cargo run -p oh_proto --locked --example wire_fixtures	2026-10-06T10:05:42.2789840Z    Compiling serde_spanned v1.1.1
server (macos-latest)	Run cargo run -p oh_proto --locked --example wire_fixtures	2026-10-06T10:05:42.3540030Z    Compiling thiserror v2.0.21
server (macos-latest)	Run cargo run -p oh_proto --locked --example wire_fixtures	2026-10-06T10:05:42.3668090Z    Compiling serde_json v1.0.151
server (macos-latest)	Run cargo run -p oh_proto --locked --example wire_fixtures	2026-10-06T10:05:42.4080950Z    Compiling cobs v0.3.0
server (macos-latest)	Run cargo run -p oh_proto --locked --example wire_fixtures	2026-10-06T10:05:42.5050450Z    Compiling schemars_derive v1.2.2
server (macos-latest)	Run cargo run -p oh_proto --locked --example wire_fixtures	2026-10-06T10:05:43.4708570Z    Compiling toml v1.1.6+spec-1.1.0
server (macos-latest)	Run cargo run -p oh_proto --locked --example wire_fixtures	2026-10-06T10:05:43.7043220Z    Compiling serde v1.0.229
server (macos-latest)	Run cargo run -p oh_proto --locked --example wire_fixtures	2026-10-06T10:05:43.8494880Z    Compiling ts-rs v12.0.1
server (macos-latest)	Run cargo run -p oh_proto --locked --example wire_fixtures	2026-10-06T10:05:44.0747490Z    Compiling postcard v1.1.3
server (macos-latest)	Run cargo run -p oh_proto --locked --example wire_fixtures	2026-10-06T10:05:44.2864420Z    Compiling fixed v1.31.0
server (macos-latest)	Run cargo run -p oh_proto --locked --example wire_fixtures	2026-10-06T10:05:44.3777880Z    Compiling schemars v1.2.2
server (macos-latest)	Run cargo run -p oh_proto --locked --example wire_fixtures	2026-10-06T10:05:44.6901500Z    Compiling rmp-serde v1.3.1
server (macos-latest)	Run cargo run -p oh_proto --locked --example wire_fixtures	2026-10-06T10:05:50.3596730Z    Compiling oh_core v0.1.0 (/Users/runner/work/OpenHOI4/OpenHOI4/crates/oh_core)
server (macos-latest)	Run cargo run -p oh_proto --locked --example wire_fixtures	2026-10-06T10:05:50.4724120Z    Compiling oh_data v0.1.0 (/Users/runner/work/OpenHOI4/OpenHOI4/crates/oh_data)
server (macos-latest)	Run cargo run -p oh_proto --locked --example wire_fixtures	2026-10-06T10:05:50.6858550Z    Compiling oh_sim v0.1.0 (/Users/runner/work/OpenHOI4/OpenHOI4/crates/oh_sim)
server (macos-latest)	Run cargo run -p oh_proto --locked --example wire_fixtures	2026-10-06T10:05:50.8639500Z    Compiling oh_proto v0.1.0 (/Users/runner/work/OpenHOI4/OpenHOI4/crates/oh_proto)
server (macos-latest)	Run cargo run -p oh_proto --locked --example wire_fixtures	2026-10-06T10:05:51.6181240Z     Finished `dev` profile [unoptimized + debuginfo] target(s) in 11.85s
server (macos-latest)	Run cargo run -p oh_proto --locked --example wire_fixtures	2026-10-06T10:05:51.6229160Z      Running `target/debug/examples/wire_fixtures`
server (macos-latest)	Real executable HTTP and Ctrl+C lifecycle	﻿2026-10-06T10:05:51.6335650Z ##[group]Run python crates/oh_server/tests/lifecycle.py
server (macos-latest)	Real executable HTTP and Ctrl+C lifecycle	2026-10-06T10:05:51.6336130Z [36;1mpython crates/oh_server/tests/lifecycle.py[0m
server (macos-latest)	Real executable HTTP and Ctrl+C lifecycle	2026-10-06T10:05:51.6372200Z shell: /bin/bash -e {0}
server (macos-latest)	Real executable HTTP and Ctrl+C lifecycle	2026-10-06T10:05:51.6372390Z env:
server (macos-latest)	Real executable HTTP and Ctrl+C lifecycle	2026-10-06T10:05:51.6372640Z   pythonLocation: /Users/runner/hostedtoolcache/Python/3.11.9/arm64
server (macos-latest)	Real executable HTTP and Ctrl+C lifecycle	2026-10-06T10:05:51.6373050Z   PKG_CONFIG_PATH: /Users/runner/hostedtoolcache/Python/3.11.9/arm64/lib/pkgconfig
server (macos-latest)	Real executable HTTP and Ctrl+C lifecycle	2026-10-06T10:05:51.6373470Z   Python_ROOT_DIR: /Users/runner/hostedtoolcache/Python/3.11.9/arm64
server (macos-latest)	Real executable HTTP and Ctrl+C lifecycle	2026-10-06T10:05:51.6373830Z   Python2_ROOT_DIR: /Users/runner/hostedtoolcache/Python/3.11.9/arm64
server (macos-latest)	Real executable HTTP and Ctrl+C lifecycle	2026-10-06T10:05:51.6374230Z   Python3_ROOT_DIR: /Users/runner/hostedtoolcache/Python/3.11.9/arm64
server (macos-latest)	Real executable HTTP and Ctrl+C lifecycle	2026-10-06T10:05:51.6374520Z ##[endgroup]
server (macos-latest)	Real executable HTTP and Ctrl+C lifecycle	2026-10-06T10:05:51.9562430Z OpenHOI M0: http://127.0.0.1:49197/
server (macos-latest)	Real executable HTTP and Ctrl+C lifecycle	2026-10-06T10:05:51.9563580Z Pack: m0_testland (f611416c817dc014) from /Users/runner/work/OpenHOI4/OpenHOI4/data/packs/examples/m0
server (macos-latest)	Real executable HTTP and Ctrl+C lifecycle	2026-10-06T10:05:51.9564330Z Open this address in a browser. Ctrl+C to shut down. --help for usage.
server (macos-latest)	Real executable HTTP and Ctrl+C lifecycle	2026-10-06T10:05:51.9565090Z Shutting down OpenHOI.
server (macos-latest)	Real executable HTTP and Ctrl+C lifecycle	2026-10-06T10:05:51.9565630Z OpenHOI stopped normally.
server (macos-latest)	Real executable HTTP and Ctrl+C lifecycle	2026-10-06T10:05:51.9565890Z
server (macos-latest)	Real executable HTTP and Ctrl+C lifecycle	2026-10-06T10:05:51.9565960Z
server (macos-latest)	Real executable HTTP and Ctrl+C lifecycle	2026-10-06T10:05:51.9566310Z REQ-NET-02 isolated executable assets: PASS
server (macos-latest)	Real executable HTTP and Ctrl+C lifecycle	2026-10-06T10:05:51.9567310Z REQ-NET-06 actual CTRL_C_EVENT/SIGINT, active WS closure, exit 0, released port: PASS
server (macos-latest)	Post Run actions/setup-python@v7.0.0	﻿2026-10-06T10:05:51.9733940Z Post job cleanup.
server (macos-latest)	Post Run actions/setup-node@v7.0.0	﻿2026-10-06T10:05:52.1354900Z Post job cleanup.
server (macos-latest)	Post Run actions/setup-node@v7.0.0	2026-10-06T10:05:52.2756740Z [command]/opt/homebrew/bin/gtar --posix -cf cache.tzst --exclude cache.tzst -P -C /Users/runner/work/OpenHOI4/OpenHOI4 --files-from manifest.txt --delay-directory-restore --use-compress-program zstdmt
server (macos-latest)	Post Run actions/setup-node@v7.0.0	2026-10-06T10:05:53.5759550Z Sent 28882740 of 28882740 (100.0%), 27.7 MBs/sec
server (macos-latest)	Post Run actions/setup-node@v7.0.0	2026-10-06T10:05:53.7912610Z Cache saved with the key: node-cache-macOS-arm64-npm-c82ada87881698fff77d1628c98f08773c3d345fc1ac819064a7882b2d511ff1
server (macos-latest)	Post Run actions/checkout@v7.0.1	﻿2026-10-06T10:05:53.8013460Z Post job cleanup.
server (macos-latest)	Post Run actions/checkout@v7.0.1	2026-10-06T10:05:53.8854010Z [command]/opt/homebrew/bin/git version
server (macos-latest)	Post Run actions/checkout@v7.0.1	2026-10-06T10:05:53.9057360Z git version 2.55.0
server (macos-latest)	Post Run actions/checkout@v7.0.1	2026-10-06T10:05:53.9075310Z Copying '/Users/runner/.gitconfig' to '/Users/runner/work/_temp/437ca4e5-9fc0-49a7-9477-d5d600bc27bf/.gitconfig'
server (macos-latest)	Post Run actions/checkout@v7.0.1	2026-10-06T10:05:53.9086060Z Temporarily overriding HOME='/Users/runner/work/_temp/437ca4e5-9fc0-49a7-9477-d5d600bc27bf' before making global git config changes
server (macos-latest)	Post Run actions/checkout@v7.0.1	2026-10-06T10:05:53.9086950Z Adding repository directory to the temporary git global config as a safe directory
server (macos-latest)	Post Run actions/checkout@v7.0.1	2026-10-06T10:05:53.9090230Z [command]/opt/homebrew/bin/git config --global --add safe.directory /Users/runner/work/OpenHOI4/OpenHOI4
server (macos-latest)	Post Run actions/checkout@v7.0.1	2026-10-06T10:05:53.9206490Z Removing SSH command configuration
server (macos-latest)	Post Run actions/checkout@v7.0.1	2026-10-06T10:05:53.9211610Z [command]/opt/homebrew/bin/git config --local --name-only --get-regexp core\.sshCommand
server (macos-latest)	Post Run actions/checkout@v7.0.1	2026-10-06T10:05:53.9273870Z [command]/opt/homebrew/bin/git submodule foreach --recursive sh -c "git config --local --name-only --get-regexp 'core\.sshCommand' && git config --local --unset-all 'core.sshCommand' || :"
server (macos-latest)	Post Run actions/checkout@v7.0.1	2026-10-06T10:05:54.0103060Z Removing HTTP extra header
server (macos-latest)	Post Run actions/checkout@v7.0.1	2026-10-06T10:05:54.0106940Z [command]/opt/homebrew/bin/git config --local --name-only --get-regexp http\.https\:\/\/github\.com\/\.extraheader
server (macos-latest)	Post Run actions/checkout@v7.0.1	2026-10-06T10:05:54.0178620Z [command]/opt/homebrew/bin/git submodule foreach --recursive sh -c "git config --local --name-only --get-regexp 'http\.https\:\/\/github\.com\/\.extraheader' && git config --local --unset-all 'http.https://github.com/.extraheader' || :"
server (macos-latest)	Post Run actions/checkout@v7.0.1	2026-10-06T10:05:54.1067920Z Removing includeIf entries pointing to credentials config files
server (macos-latest)	Post Run actions/checkout@v7.0.1	2026-10-06T10:05:54.1084270Z [command]/opt/homebrew/bin/git config --local --name-only --get-regexp ^includeIf\.gitdir:
server (macos-latest)	Post Run actions/checkout@v7.0.1	2026-10-06T10:05:54.1115630Z includeif.gitdir:/Users/runner/work/OpenHOI4/OpenHOI4/.git.path
server (macos-latest)	Post Run actions/checkout@v7.0.1	2026-10-06T10:05:54.1116240Z includeif.gitdir:/Users/runner/work/OpenHOI4/OpenHOI4/.git/worktrees/*.path
server (macos-latest)	Post Run actions/checkout@v7.0.1	2026-10-06T10:05:54.1116690Z includeif.gitdir:/github/workspace/.git.path
server (macos-latest)	Post Run actions/checkout@v7.0.1	2026-10-06T10:05:54.1117120Z includeif.gitdir:/github/workspace/.git/worktrees/*.path
server (macos-latest)	Post Run actions/checkout@v7.0.1	2026-10-06T10:05:54.1132490Z [command]/opt/homebrew/bin/git config --local --get-all includeif.gitdir:/Users/runner/work/OpenHOI4/OpenHOI4/.git.path
server (macos-latest)	Post Run actions/checkout@v7.0.1	2026-10-06T10:05:54.1205820Z /Users/runner/work/_temp/git-credentials-daf64016-eebf-4bfe-a9b9-8dcd99a76f02.config
server (macos-latest)	Post Run actions/checkout@v7.0.1	2026-10-06T10:05:54.1214390Z [command]/opt/homebrew/bin/git config --local --unset includeif.gitdir:/Users/runner/work/OpenHOI4/OpenHOI4/.git.path \/Users\/runner\/work\/_temp\/git\-credentials\-daf64016\-eebf\-4bfe\-a9b9\-8dcd99a76f02\.config
server (macos-latest)	Post Run actions/checkout@v7.0.1	2026-10-06T10:05:54.1450030Z [command]/opt/homebrew/bin/git config --local --get-all includeif.gitdir:/Users/runner/work/OpenHOI4/OpenHOI4/.git/worktrees/*.path
server (macos-latest)	Post Run actions/checkout@v7.0.1	2026-10-06T10:05:54.1452440Z /Users/runner/work/_temp/git-credentials-daf64016-eebf-4bfe-a9b9-8dcd99a76f02.config
server (macos-latest)	Post Run actions/checkout@v7.0.1	2026-10-06T10:05:54.1457150Z [command]/opt/homebrew/bin/git config --local --unset includeif.gitdir:/Users/runner/work/OpenHOI4/OpenHOI4/.git/worktrees/*.path \/Users\/runner\/work\/_temp\/git\-credentials\-daf64016\-eebf\-4bfe\-a9b9\-8dcd99a76f02\.config
server (macos-latest)	Post Run actions/checkout@v7.0.1	2026-10-06T10:05:54.1498520Z [command]/opt/homebrew/bin/git config --local --get-all includeif.gitdir:/github/workspace/.git.path
server (macos-latest)	Post Run actions/checkout@v7.0.1	2026-10-06T10:05:54.1583470Z /github/runner_temp/git-credentials-daf64016-eebf-4bfe-a9b9-8dcd99a76f02.config
server (macos-latest)	Post Run actions/checkout@v7.0.1	2026-10-06T10:05:54.1595910Z [command]/opt/homebrew/bin/git config --local --unset includeif.gitdir:/github/workspace/.git.path \/github\/runner_temp\/git\-credentials\-daf64016\-eebf\-4bfe\-a9b9\-8dcd99a76f02\.config
server (macos-latest)	Post Run actions/checkout@v7.0.1	2026-10-06T10:05:54.1700740Z [command]/opt/homebrew/bin/git config --local --get-all includeif.gitdir:/github/workspace/.git/worktrees/*.path
server (macos-latest)	Post Run actions/checkout@v7.0.1	2026-10-06T10:05:54.1770750Z /github/runner_temp/git-credentials-daf64016-eebf-4bfe-a9b9-8dcd99a76f02.config
server (macos-latest)	Post Run actions/checkout@v7.0.1	2026-10-06T10:05:54.1780090Z [command]/opt/homebrew/bin/git config --local --unset includeif.gitdir:/github/workspace/.git/worktrees/*.path \/github\/runner_temp\/git\-credentials\-daf64016\-eebf\-4bfe\-a9b9\-8dcd99a76f02\.config
server (macos-latest)	Post Run actions/checkout@v7.0.1	2026-10-06T10:05:54.1859720Z [command]/opt/homebrew/bin/git submodule foreach --recursive git config --local --show-origin --name-only --get-regexp remote.origin.url
server (macos-latest)	Post Run actions/checkout@v7.0.1	2026-10-06T10:05:54.2841380Z Removing credentials config '/Users/runner/work/_temp/git-credentials-daf64016-eebf-4bfe-a9b9-8dcd99a76f02.config'
server (macos-latest)	Complete job	﻿2026-10-06T10:05:54.2954700Z Cleaning up orphan processes
server (ubuntu-latest)	Set up job	﻿2026-10-06T10:05:56.3800369Z Current runner version: '2.337.0'
server (ubuntu-latest)	Set up job	2026-10-06T10:05:56.3839505Z ##[group]Runner Image Provisioner
server (ubuntu-latest)	Set up job	2026-10-06T10:05:56.3841299Z Hosted Compute Agent
server (ubuntu-latest)	Set up job	2026-10-06T10:05:56.3842368Z Version: 20260901.588
server (ubuntu-latest)	Set up job	2026-10-06T10:05:56.3843545Z Commit: f88ec8081b781fac6c440065ac7ff9e710ce3d0b
server (ubuntu-latest)	Set up job	2026-10-06T10:05:56.3844805Z Build Date: 2026-09-01T19:56:44Z
server (ubuntu-latest)	Set up job	2026-10-06T10:05:56.3846015Z Worker ID: {bdad32b9-ab93-40be-8a3e-96f94542605a}
server (ubuntu-latest)	Set up job	2026-10-06T10:05:56.3847280Z Azure Region: eastus2
server (ubuntu-latest)	Set up job	2026-10-06T10:05:56.3848271Z ##[endgroup]
server (ubuntu-latest)	Set up job	2026-10-06T10:05:56.3850936Z ##[group]Operating System
server (ubuntu-latest)	Set up job	2026-10-06T10:05:56.3852078Z Ubuntu
server (ubuntu-latest)	Set up job	2026-10-06T10:05:56.3853146Z 24.04.5
server (ubuntu-latest)	Set up job	2026-10-06T10:05:56.3854271Z LTS
server (ubuntu-latest)	Set up job	2026-10-06T10:05:56.3855196Z ##[endgroup]
server (ubuntu-latest)	Set up job	2026-10-06T10:05:56.3856438Z ##[group]Runner Image
server (ubuntu-latest)	Set up job	2026-10-06T10:05:56.3857458Z Image: ubuntu-24.04
server (ubuntu-latest)	Set up job	2026-10-06T10:05:56.3858394Z Version: 20260927.320.1
server (ubuntu-latest)	Set up job	2026-10-06T10:05:56.3860445Z Included Software: https://github.com/actions/runner-images/blob/ubuntu24/20260927.320/images/ubuntu/Ubuntu2404-Readme.md
server (ubuntu-latest)	Set up job	2026-10-06T10:05:56.3863660Z Image Release: https://github.com/actions/runner-images/releases/tag/ubuntu24%2F20260927.320
server (ubuntu-latest)	Set up job	2026-10-06T10:05:56.3865511Z ##[endgroup]
server (ubuntu-latest)	Set up job	2026-10-06T10:05:56.3867504Z ##[group]GITHUB_TOKEN Permissions
server (ubuntu-latest)	Set up job	2026-10-06T10:05:56.3870728Z Contents: read
server (ubuntu-latest)	Set up job	2026-10-06T10:05:56.3871783Z Metadata: read
server (ubuntu-latest)	Set up job	2026-10-06T10:05:56.3872686Z ##[endgroup]
server (ubuntu-latest)	Set up job	2026-10-06T10:05:56.3876074Z Secret source: Actions
server (ubuntu-latest)	Set up job	2026-10-06T10:05:56.3877680Z Cache mode: write
server (ubuntu-latest)	Set up job	2026-10-06T10:05:56.3879240Z Prepare workflow directory
server (ubuntu-latest)	Set up job	2026-10-06T10:05:56.4367531Z Prepare all required actions
server (ubuntu-latest)	Set up job	2026-10-06T10:05:56.4438927Z Getting action download info
server (ubuntu-latest)	Set up job	2026-10-06T10:05:56.6796148Z Download action repository 'actions/checkout@v7.0.1' (SHA:3d3c42e5aac5ba805825da76410c181273ba90b1)
server (ubuntu-latest)	Set up job	2026-10-06T10:05:56.7968556Z Download action repository 'actions/setup-node@v7.0.0' (SHA:820762786026740c76f36085b0efc47a31fe5020)
server (ubuntu-latest)	Set up job	2026-10-06T10:05:56.8850924Z Download action repository 'actions/setup-python@v7.0.0' (SHA:5fda3b95a4ea91299a34e894583c3862153e4b97)
server (ubuntu-latest)	Set up job	2026-10-06T10:05:57.0691206Z Complete job name: server (ubuntu-latest)
server (ubuntu-latest)	Run actions/checkout@v7.0.1	﻿2026-10-06T10:05:57.1498712Z ##[group]Run actions/checkout@v7.0.1
server (ubuntu-latest)	Run actions/checkout@v7.0.1	2026-10-06T10:05:57.1499668Z with:
server (ubuntu-latest)	Run actions/checkout@v7.0.1	2026-10-06T10:05:57.1500360Z   repository: peppone-choi/OpenHOI4
server (ubuntu-latest)	Run actions/checkout@v7.0.1	2026-10-06T10:05:57.1504101Z   token: ***
server (ubuntu-latest)	Run actions/checkout@v7.0.1	2026-10-06T10:05:57.1504540Z   ssh-strict: true
server (ubuntu-latest)	Run actions/checkout@v7.0.1	2026-10-06T10:05:57.1504970Z   ssh-user: git
server (ubuntu-latest)	Run actions/checkout@v7.0.1	2026-10-06T10:05:57.1505406Z   persist-credentials: true
server (ubuntu-latest)	Run actions/checkout@v7.0.1	2026-10-06T10:05:57.1505879Z   clean: true
server (ubuntu-latest)	Run actions/checkout@v7.0.1	2026-10-06T10:05:57.1506322Z   sparse-checkout-cone-mode: true
server (ubuntu-latest)	Run actions/checkout@v7.0.1	2026-10-06T10:05:57.1506840Z   fetch-depth: 1
server (ubuntu-latest)	Run actions/checkout@v7.0.1	2026-10-06T10:05:57.1507262Z   fetch-tags: false
server (ubuntu-latest)	Run actions/checkout@v7.0.1	2026-10-06T10:05:57.1507700Z   show-progress: true
server (ubuntu-latest)	Run actions/checkout@v7.0.1	2026-10-06T10:05:57.1508153Z   lfs: false
server (ubuntu-latest)	Run actions/checkout@v7.0.1	2026-10-06T10:05:57.1508557Z   submodules: false
server (ubuntu-latest)	Run actions/checkout@v7.0.1	2026-10-06T10:05:57.1509046Z   set-safe-directory: true
server (ubuntu-latest)	Run actions/checkout@v7.0.1	2026-10-06T10:05:57.1509549Z   allow-unsafe-pr-checkout: false
server (ubuntu-latest)	Run actions/checkout@v7.0.1	2026-10-06T10:05:57.1510773Z ##[endgroup]
server (ubuntu-latest)	Run actions/checkout@v7.0.1	2026-10-06T10:05:57.2567155Z Syncing repository: peppone-choi/OpenHOI4
server (ubuntu-latest)	Run actions/checkout@v7.0.1	2026-10-06T10:05:57.2570331Z ##[group]Getting Git version info
server (ubuntu-latest)	Run actions/checkout@v7.0.1	2026-10-06T10:05:57.2571206Z Working directory is '/home/runner/work/OpenHOI4/OpenHOI4'
server (ubuntu-latest)	Run actions/checkout@v7.0.1	2026-10-06T10:05:57.2572365Z [command]/usr/bin/git version
server (ubuntu-latest)	Run actions/checkout@v7.0.1	2026-10-06T10:05:57.2657295Z git version 2.55.0
server (ubuntu-latest)	Run actions/checkout@v7.0.1	2026-10-06T10:05:57.2681326Z ##[endgroup]
server (ubuntu-latest)	Run actions/checkout@v7.0.1	2026-10-06T10:05:57.2693130Z Temporarily overriding HOME='/home/runner/work/_temp/2f1dd593-d667-4eec-b33e-b5f66ab8cf96' before making global git config changes
server (ubuntu-latest)	Run actions/checkout@v7.0.1	2026-10-06T10:05:57.2695546Z Adding repository directory to the temporary git global config as a safe directory
server (ubuntu-latest)	Run actions/checkout@v7.0.1	2026-10-06T10:05:57.2700789Z [command]/usr/bin/git config --global --add safe.directory /home/runner/work/OpenHOI4/OpenHOI4
server (ubuntu-latest)	Run actions/checkout@v7.0.1	2026-10-06T10:05:57.2756725Z Deleting the contents of '/home/runner/work/OpenHOI4/OpenHOI4'
server (ubuntu-latest)	Run actions/checkout@v7.0.1	2026-10-06T10:05:57.2760630Z ##[group]Determining repository object format
server (ubuntu-latest)	Run actions/checkout@v7.0.1	2026-10-06T10:05:57.2762358Z ##[endgroup]
server (ubuntu-latest)	Run actions/checkout@v7.0.1	2026-10-06T10:05:57.2763182Z ##[group]Initializing the repository
server (ubuntu-latest)	Run actions/checkout@v7.0.1	2026-10-06T10:05:57.2766811Z [command]/usr/bin/git init /home/runner/work/OpenHOI4/OpenHOI4
server (ubuntu-latest)	Run actions/checkout@v7.0.1	2026-10-06T10:05:57.2883821Z hint: Using 'master' as the name for the initial branch. This default branch name
server (ubuntu-latest)	Run actions/checkout@v7.0.1	2026-10-06T10:05:57.2885993Z hint: will change to "main" in Git 3.0. To configure the initial branch name
server (ubuntu-latest)	Run actions/checkout@v7.0.1	2026-10-06T10:05:57.2888448Z hint: to use in all of your new repositories, which will suppress this warning,
server (ubuntu-latest)	Run actions/checkout@v7.0.1	2026-10-06T10:05:57.2889911Z hint: call:
server (ubuntu-latest)	Run actions/checkout@v7.0.1	2026-10-06T10:05:57.2891014Z hint:
server (ubuntu-latest)	Run actions/checkout@v7.0.1	2026-10-06T10:05:57.2891746Z hint: 	git config --global init.defaultBranch <name>
server (ubuntu-latest)	Run actions/checkout@v7.0.1	2026-10-06T10:05:57.2893204Z hint:
server (ubuntu-latest)	Run actions/checkout@v7.0.1	2026-10-06T10:05:57.2894262Z hint: Names commonly chosen instead of 'master' are 'main', 'trunk' and
server (ubuntu-latest)	Run actions/checkout@v7.0.1	2026-10-06T10:05:57.2895614Z hint: 'development'. The just-created branch can be renamed via this command:
server (ubuntu-latest)	Run actions/checkout@v7.0.1	2026-10-06T10:05:57.2896546Z hint:
server (ubuntu-latest)	Run actions/checkout@v7.0.1	2026-10-06T10:05:57.2897049Z hint: 	git branch -m <name>
server (ubuntu-latest)	Run actions/checkout@v7.0.1	2026-10-06T10:05:57.2898038Z hint:
server (ubuntu-latest)	Run actions/checkout@v7.0.1	2026-10-06T10:05:57.2899096Z hint: Disable this message with "git config set advice.defaultBranchName false"
server (ubuntu-latest)	Run actions/checkout@v7.0.1	2026-10-06T10:05:57.2900353Z Initialized empty Git repository in /home/runner/work/OpenHOI4/OpenHOI4/.git/
server (ubuntu-latest)	Run actions/checkout@v7.0.1	2026-10-06T10:05:57.2902160Z [command]/usr/bin/git remote add origin https://github.com/peppone-choi/OpenHOI4
server (ubuntu-latest)	Run actions/checkout@v7.0.1	2026-10-06T10:05:57.2958638Z ##[endgroup]
server (ubuntu-latest)	Run actions/checkout@v7.0.1	2026-10-06T10:05:57.2959438Z ##[group]Disabling automatic garbage collection
server (ubuntu-latest)	Run actions/checkout@v7.0.1	2026-10-06T10:05:57.2962578Z [command]/usr/bin/git config --local gc.auto 0
server (ubuntu-latest)	Run actions/checkout@v7.0.1	2026-10-06T10:05:57.2994817Z ##[endgroup]
server (ubuntu-latest)	Run actions/checkout@v7.0.1	2026-10-06T10:05:57.2995920Z ##[group]Setting up auth
server (ubuntu-latest)	Run actions/checkout@v7.0.1	2026-10-06T10:05:57.2996672Z Removing SSH command configuration
server (ubuntu-latest)	Run actions/checkout@v7.0.1	2026-10-06T10:05:57.3001009Z [command]/usr/bin/git config --local --name-only --get-regexp core\.sshCommand
server (ubuntu-latest)	Run actions/checkout@v7.0.1	2026-10-06T10:05:57.3032398Z [command]/usr/bin/git submodule foreach --recursive sh -c "git config --local --name-only --get-regexp 'core\.sshCommand' && git config --local --unset-all 'core.sshCommand' || :"
server (ubuntu-latest)	Run actions/checkout@v7.0.1	2026-10-06T10:05:57.3407226Z Removing HTTP extra header
server (ubuntu-latest)	Run actions/checkout@v7.0.1	2026-10-06T10:05:57.3414716Z [command]/usr/bin/git config --local --name-only --get-regexp http\.https\:\/\/github\.com\/\.extraheader
server (ubuntu-latest)	Run actions/checkout@v7.0.1	2026-10-06T10:05:57.3454953Z [command]/usr/bin/git submodule foreach --recursive sh -c "git config --local --name-only --get-regexp 'http\.https\:\/\/github\.com\/\.extraheader' && git config --local --unset-all 'http.https://github.com/.extraheader' || :"
server (ubuntu-latest)	Run actions/checkout@v7.0.1	2026-10-06T10:05:57.3675083Z Removing includeIf entries pointing to credentials config files
server (ubuntu-latest)	Run actions/checkout@v7.0.1	2026-10-06T10:05:57.3681432Z [command]/usr/bin/git config --local --name-only --get-regexp ^includeIf\.gitdir:
server (ubuntu-latest)	Run actions/checkout@v7.0.1	2026-10-06T10:05:57.3717470Z [command]/usr/bin/git submodule foreach --recursive git config --local --show-origin --name-only --get-regexp remote.origin.url
server (ubuntu-latest)	Run actions/checkout@v7.0.1	2026-10-06T10:05:57.3966560Z [command]/usr/bin/git config --file /home/runner/work/_temp/git-credentials-7be27d3f-9f69-4e01-91fa-295c603bd73f.config http.https://github.com/.extraheader AUTHORIZATION: basic ***
server (ubuntu-latest)	Run actions/checkout@v7.0.1	2026-10-06T10:05:57.4012807Z [command]/usr/bin/git config --local includeIf.gitdir:/home/runner/work/OpenHOI4/OpenHOI4/.git.path /home/runner/work/_temp/git-credentials-7be27d3f-9f69-4e01-91fa-295c603bd73f.config
server (ubuntu-latest)	Run actions/checkout@v7.0.1	2026-10-06T10:05:57.4049597Z [command]/usr/bin/git config --local includeIf.gitdir:/home/runner/work/OpenHOI4/OpenHOI4/.git/worktrees/*.path /home/runner/work/_temp/git-credentials-7be27d3f-9f69-4e01-91fa-295c603bd73f.config
server (ubuntu-latest)	Run actions/checkout@v7.0.1	2026-10-06T10:05:57.4089909Z [command]/usr/bin/git config --local includeIf.gitdir:/github/workspace/.git.path /github/runner_temp/git-credentials-7be27d3f-9f69-4e01-91fa-295c603bd73f.config
server (ubuntu-latest)	Run actions/checkout@v7.0.1	2026-10-06T10:05:57.4125719Z [command]/usr/bin/git config --local includeIf.gitdir:/github/workspace/.git/worktrees/*.path /github/runner_temp/git-credentials-7be27d3f-9f69-4e01-91fa-295c603bd73f.config
server (ubuntu-latest)	Run actions/checkout@v7.0.1	2026-10-06T10:05:57.4160985Z ##[endgroup]
server (ubuntu-latest)	Run actions/checkout@v7.0.1	2026-10-06T10:05:57.4162545Z ##[group]Fetching the repository
server (ubuntu-latest)	Run actions/checkout@v7.0.1	2026-10-06T10:05:57.4171704Z [command]/usr/bin/git -c protocol.version=2 fetch --no-tags --prune --no-recurse-submodules --depth=1 origin +f12b30345c7255bdceb4d0e6b32405f5c48dd5b6:refs/remotes/origin/main
server (ubuntu-latest)	Run actions/checkout@v7.0.1	2026-10-06T10:05:57.9811653Z From https://github.com/peppone-choi/OpenHOI4
server (ubuntu-latest)	Run actions/checkout@v7.0.1	2026-10-06T10:05:57.9814014Z  * [new ref]         f12b30345c7255bdceb4d0e6b32405f5c48dd5b6 -> origin/main
server (ubuntu-latest)	Run actions/checkout@v7.0.1	2026-10-06T10:05:57.9842296Z [command]/usr/bin/git branch --list --remote origin/main
server (ubuntu-latest)	Run actions/checkout@v7.0.1	2026-10-06T10:05:57.9871975Z   origin/main
server (ubuntu-latest)	Run actions/checkout@v7.0.1	2026-10-06T10:05:57.9884627Z [command]/usr/bin/git rev-parse refs/remotes/origin/main
server (ubuntu-latest)	Run actions/checkout@v7.0.1	2026-10-06T10:05:57.9911038Z f12b30345c7255bdceb4d0e6b32405f5c48dd5b6
server (ubuntu-latest)	Run actions/checkout@v7.0.1	2026-10-06T10:05:57.9925811Z ##[endgroup]
server (ubuntu-latest)	Run actions/checkout@v7.0.1	2026-10-06T10:05:57.9927651Z ##[group]Determining the checkout info
server (ubuntu-latest)	Run actions/checkout@v7.0.1	2026-10-06T10:05:57.9929672Z ##[endgroup]
server (ubuntu-latest)	Run actions/checkout@v7.0.1	2026-10-06T10:05:57.9930852Z [command]/usr/bin/git sparse-checkout disable
server (ubuntu-latest)	Run actions/checkout@v7.0.1	2026-10-06T10:05:57.9984691Z [command]/usr/bin/git config --local --unset-all extensions.worktreeConfig
server (ubuntu-latest)	Run actions/checkout@v7.0.1	2026-10-06T10:05:58.0021150Z ##[group]Checking out the ref
server (ubuntu-latest)	Run actions/checkout@v7.0.1	2026-10-06T10:05:58.0026893Z [command]/usr/bin/git checkout --progress --force -B main refs/remotes/origin/main
server (ubuntu-latest)	Run actions/checkout@v7.0.1	2026-10-06T10:05:58.0437347Z Switched to a new branch 'main'
server (ubuntu-latest)	Run actions/checkout@v7.0.1	2026-10-06T10:05:58.0441593Z branch 'main' set up to track 'origin/main'.
server (ubuntu-latest)	Run actions/checkout@v7.0.1	2026-10-06T10:05:58.0453781Z ##[endgroup]
server (ubuntu-latest)	Run actions/checkout@v7.0.1	2026-10-06T10:05:58.0496714Z [command]/usr/bin/git log -1 --format=%H
server (ubuntu-latest)	Run actions/checkout@v7.0.1	2026-10-06T10:05:58.0520947Z f12b30345c7255bdceb4d0e6b32405f5c48dd5b6
server (ubuntu-latest)	Install pinned Rust toolchain	﻿2026-10-06T10:05:58.0859408Z ##[group]Run rustup toolchain install 1.99.0 --profile minimal --component rustfmt --component clippy
server (ubuntu-latest)	Install pinned Rust toolchain	2026-10-06T10:05:58.0862740Z [36;1mrustup toolchain install 1.99.0 --profile minimal --component rustfmt --component clippy[0m
server (ubuntu-latest)	Install pinned Rust toolchain	2026-10-06T10:05:58.1180452Z shell: /usr/bin/bash -e {0}
server (ubuntu-latest)	Install pinned Rust toolchain	2026-10-06T10:05:58.1181829Z ##[endgroup]
server (ubuntu-latest)	Install pinned Rust toolchain	2026-10-06T10:05:58.1826843Z info: syncing channel updates for 1.99.0-x86_64-unknown-linux-gnu
server (ubuntu-latest)	Install pinned Rust toolchain	2026-10-06T10:05:58.3415333Z info: latest update on 2026-10-01 for version 1.99.0 (b940084d7 2026-09-28)
server (ubuntu-latest)	Install pinned Rust toolchain	2026-10-06T10:05:58.3416205Z info: downloading 5 components
server (ubuntu-latest)	Install pinned Rust toolchain	2026-10-06T10:06:07.7493320Z
server (ubuntu-latest)	Install pinned Rust toolchain	2026-10-06T10:06:07.7561572Z   1.99.0-x86_64-unknown-linux-gnu installed - rustc 1.99.0 (b940084d7 2026-09-28)
server (ubuntu-latest)	Install pinned Rust toolchain	2026-10-06T10:06:07.7562256Z
server (ubuntu-latest)	Run actions/setup-node@v7.0.0	﻿2026-10-06T10:06:07.7716033Z ##[group]Run actions/setup-node@v7.0.0
server (ubuntu-latest)	Run actions/setup-node@v7.0.0	2026-10-06T10:06:07.7716423Z with:
server (ubuntu-latest)	Run actions/setup-node@v7.0.0	2026-10-06T10:06:07.7716634Z   node-version: 24.4.0
server (ubuntu-latest)	Run actions/setup-node@v7.0.0	2026-10-06T10:06:07.7716849Z   cache: npm
server (ubuntu-latest)	Run actions/setup-node@v7.0.0	2026-10-06T10:06:07.7717120Z   cache-dependency-path: client/package-lock.json
server (ubuntu-latest)	Run actions/setup-node@v7.0.0	2026-10-06T10:06:07.7717436Z   check-latest: false
server (ubuntu-latest)	Run actions/setup-node@v7.0.0	2026-10-06T10:06:07.7719722Z   token: ***
server (ubuntu-latest)	Run actions/setup-node@v7.0.0	2026-10-06T10:06:07.7720700Z   package-manager-cache: true
server (ubuntu-latest)	Run actions/setup-node@v7.0.0	2026-10-06T10:06:07.7721007Z ##[endgroup]
server (ubuntu-latest)	Run actions/setup-node@v7.0.0	2026-10-06T10:06:07.8982581Z Attempting to download 24.4.0...
server (ubuntu-latest)	Run actions/setup-node@v7.0.0	2026-10-06T10:06:08.4034682Z Acquiring 24.4.0 - x64 from https://github.com/actions/node-versions/releases/download/24.4.0-16210503505/node-24.4.0-linux-x64.tar.gz
server (ubuntu-latest)	Run actions/setup-node@v7.0.0	2026-10-06T10:06:08.8605783Z Extracting ...
server (ubuntu-latest)	Run actions/setup-node@v7.0.0	2026-10-06T10:06:08.8729092Z [command]/usr/bin/tar xz --strip 1 --warning=no-unknown-keyword --overwrite -C /home/runner/work/_temp/0ffd75b7-9318-4d48-802c-645e45364353 -f /home/runner/work/_temp/3178429c-e3fc-4a13-827b-ac8e117e8afe
server (ubuntu-latest)	Run actions/setup-node@v7.0.0	2026-10-06T10:06:10.0829267Z Adding to the cache ...
server (ubuntu-latest)	Run actions/setup-node@v7.0.0	2026-10-06T10:06:12.0441343Z ##[group]Environment details
server (ubuntu-latest)	Run actions/setup-node@v7.0.0	2026-10-06T10:06:12.2758063Z node: v24.4.0
server (ubuntu-latest)	Run actions/setup-node@v7.0.0	2026-10-06T10:06:12.2758582Z npm: 11.4.2
server (ubuntu-latest)	Run actions/setup-node@v7.0.0	2026-10-06T10:06:12.2758963Z yarn: 1.22.22
server (ubuntu-latest)	Run actions/setup-node@v7.0.0	2026-10-06T10:06:12.2759696Z ##[endgroup]
server (ubuntu-latest)	Run actions/setup-node@v7.0.0	2026-10-06T10:06:12.2777557Z [command]/opt/hostedtoolcache/node/24.4.0/x64/bin/npm config get cache
server (ubuntu-latest)	Run actions/setup-node@v7.0.0	2026-10-06T10:06:12.3718509Z /home/runner/.npm
server (ubuntu-latest)	Run actions/setup-node@v7.0.0	2026-10-06T10:06:12.4650678Z npm cache is not found
server (ubuntu-latest)	Build embedded production client before Rust server	﻿2026-10-06T10:06:12.4810555Z ##[group]Run npm --prefix client ci
server (ubuntu-latest)	Build embedded production client before Rust server	2026-10-06T10:06:12.4810953Z [36;1mnpm --prefix client ci[0m
server (ubuntu-latest)	Build embedded production client before Rust server	2026-10-06T10:06:12.4811240Z [36;1mnpm --prefix client run build[0m
server (ubuntu-latest)	Build embedded production client before Rust server	2026-10-06T10:06:12.4876566Z shell: /usr/bin/bash -e {0}
server (ubuntu-latest)	Build embedded production client before Rust server	2026-10-06T10:06:12.4876849Z ##[endgroup]
server (ubuntu-latest)	Build embedded production client before Rust server	2026-10-06T10:06:14.5267827Z
server (ubuntu-latest)	Build embedded production client before Rust server	2026-10-06T10:06:14.5277523Z added 94 packages, and audited 95 packages in 2s
server (ubuntu-latest)	Build embedded production client before Rust server	2026-10-06T10:06:14.5278098Z
server (ubuntu-latest)	Build embedded production client before Rust server	2026-10-06T10:06:14.5278454Z 22 packages are looking for funding
server (ubuntu-latest)	Build embedded production client before Rust server	2026-10-06T10:06:14.5279082Z   run `npm fund` for details
server (ubuntu-latest)	Build embedded production client before Rust server	2026-10-06T10:06:14.5280343Z
server (ubuntu-latest)	Build embedded production client before Rust server	2026-10-06T10:06:14.5280621Z found 0 vulnerabilities
server (ubuntu-latest)	Build embedded production client before Rust server	2026-10-06T10:06:14.6616186Z
server (ubuntu-latest)	Build embedded production client before Rust server	2026-10-06T10:06:14.6616916Z > openhoi-client@0.1.0 build
server (ubuntu-latest)	Build embedded production client before Rust server	2026-10-06T10:06:14.6617564Z > tsc --noEmit && vite build
server (ubuntu-latest)	Build embedded production client before Rust server	2026-10-06T10:06:14.6617888Z
server (ubuntu-latest)	Build embedded production client before Rust server	2026-10-06T10:06:15.0757546Z [36mvite v8.3.3 [32mbuilding client environment for production...[36m[39m
server (ubuntu-latest)	Build embedded production client before Rust server	2026-10-06T10:06:15.0864006Z transforming...
server (ubuntu-latest)	Build embedded production client before Rust server	2026-10-06T10:06:15.1452810Z ✓ 36 modules transformed.
server (ubuntu-latest)	Build embedded production client before Rust server	2026-10-06T10:06:15.1685410Z rendering chunks...
server (ubuntu-latest)	Build embedded production client before Rust server	2026-10-06T10:06:15.2078256Z computing gzip size...
server (ubuntu-latest)	Build embedded production client before Rust server	2026-10-06T10:06:15.2123220Z dist/index.html                   0.36 kB │ gzip:  0.25 kB
server (ubuntu-latest)	Build embedded production client before Rust server	2026-10-06T10:06:15.2123852Z dist/assets/index-Clqajp1P.css    1.05 kB │ gzip:  0.56 kB
server (ubuntu-latest)	Build embedded production client before Rust server	2026-10-06T10:06:15.2124919Z dist/assets/index-B5ffLlxA.js   245.50 kB │ gzip: 76.24 kB
server (ubuntu-latest)	Build embedded production client before Rust server	2026-10-06T10:06:15.2125366Z
server (ubuntu-latest)	Build embedded production client before Rust server	2026-10-06T10:06:15.2127616Z [32m✓ built in 136ms[39m
server (ubuntu-latest)	Run cargo fmt --check	﻿2026-10-06T10:06:15.2338840Z ##[group]Run cargo fmt --check
server (ubuntu-latest)	Run cargo fmt --check	2026-10-06T10:06:15.2339177Z [36;1mcargo fmt --check[0m
server (ubuntu-latest)	Run cargo fmt --check	2026-10-06T10:06:15.2401033Z shell: /usr/bin/bash -e {0}
server (ubuntu-latest)	Run cargo fmt --check	2026-10-06T10:06:15.2401325Z ##[endgroup]
server (ubuntu-latest)	Run cargo clippy --workspace --locked -- -D warnings	﻿2026-10-06T10:06:15.3480458Z ##[group]Run cargo clippy --workspace --locked -- -D warnings
server (ubuntu-latest)	Run cargo clippy --workspace --locked -- -D warnings	2026-10-06T10:06:15.3481159Z [36;1mcargo clippy --workspace --locked -- -D warnings[0m
server (ubuntu-latest)	Run cargo clippy --workspace --locked -- -D warnings	2026-10-06T10:06:15.3542755Z shell: /usr/bin/bash -e {0}
server (ubuntu-latest)	Run cargo clippy --workspace --locked -- -D warnings	2026-10-06T10:06:15.3543028Z ##[endgroup]
server (ubuntu-latest)	Run cargo clippy --workspace --locked -- -D warnings	2026-10-06T10:06:15.4356272Z     Updating crates.io index
server (ubuntu-latest)	Run cargo clippy --workspace --locked -- -D warnings	2026-10-06T10:06:15.7277759Z  Downloading crates ...
server (ubuntu-latest)	Run cargo clippy --workspace --locked -- -D warnings	2026-10-06T10:06:15.9560545Z   Downloaded atomic-waker v1.1.2
server (ubuntu-latest)	Run cargo clippy --workspace --locked -- -D warnings	2026-10-06T10:06:15.9617045Z   Downloaded generic-array v0.14.7
server (ubuntu-latest)	Run cargo clippy --workspace --locked -- -D warnings	2026-10-06T10:06:15.9632059Z   Downloaded futures-sink v0.3.34
server (ubuntu-latest)	Run cargo clippy --workspace --locked -- -D warnings	2026-10-06T10:06:15.9641691Z   Downloaded zmij v1.0.23
server (ubuntu-latest)	Run cargo clippy --workspace --locked -- -D warnings	2026-10-06T10:06:15.9659924Z   Downloaded equivalent v1.0.2
server (ubuntu-latest)	Run cargo clippy --workspace --locked -- -D warnings	2026-10-06T10:06:15.9669973Z   Downloaded errno v0.3.14
server (ubuntu-latest)	Run cargo clippy --workspace --locked -- -D warnings	2026-10-06T10:06:15.9685430Z   Downloaded autocfg v1.5.1
server (ubuntu-latest)	Run cargo clippy --workspace --locked -- -D warnings	2026-10-06T10:06:15.9705060Z   Downloaded axum-core v0.5.6
server (ubuntu-latest)	Run cargo clippy --workspace --locked -- -D warnings	2026-10-06T10:06:15.9727769Z   Downloaded az v1.3.0
server (ubuntu-latest)	Run cargo clippy --workspace --locked -- -D warnings	2026-10-06T10:06:15.9748937Z   Downloaded embedded-io v0.6.1
server (ubuntu-latest)	Run cargo clippy --workspace --locked -- -D warnings	2026-10-06T10:06:15.9763443Z   Downloaded futures-core v0.3.34
server (ubuntu-latest)	Run cargo clippy --workspace --locked -- -D warnings	2026-10-06T10:06:15.9777018Z   Downloaded quote v1.0.47
server (ubuntu-latest)	Run cargo clippy --workspace --locked -- -D warnings	2026-10-06T10:06:15.9806110Z   Downloaded rand_core v0.10.1
server (ubuntu-latest)	Run cargo clippy --workspace --locked -- -D warnings	2026-10-06T10:06:15.9825137Z   Downloaded toml_parser v1.1.3+spec-1.1.0
server (ubuntu-latest)	Run cargo clippy --workspace --locked -- -D warnings	2026-10-06T10:06:15.9849066Z   Downloaded embedded-io v0.4.0
server (ubuntu-latest)	Run cargo clippy --workspace --locked -- -D warnings	2026-10-06T10:06:15.9870343Z   Downloaded futures-channel v0.3.34
server (ubuntu-latest)	Run cargo clippy --workspace --locked -- -D warnings	2026-10-06T10:06:15.9888488Z   Downloaded getrandom v0.3.4
server (ubuntu-latest)	Run cargo clippy --workspace --locked -- -D warnings	2026-10-06T10:06:15.9924724Z   Downloaded half v2.7.1
server (ubuntu-latest)	Run cargo clippy --workspace --locked -- -D warnings	2026-10-06T10:06:15.9958017Z   Downloaded tokio-macros v2.7.2
server (ubuntu-latest)	Run cargo clippy --workspace --locked -- -D warnings	2026-10-06T10:06:15.9970926Z   Downloaded http v1.5.0
server (ubuntu-latest)	Run cargo clippy --workspace --locked -- -D warnings	2026-10-06T10:06:16.0018980Z   Downloaded indexmap v2.14.2
server (ubuntu-latest)	Run cargo clippy --workspace --locked -- -D warnings	2026-10-06T10:06:16.0078774Z   Downloaded crypto-common v0.1.7
server (ubuntu-latest)	Run cargo clippy --workspace --locked -- -D warnings	2026-10-06T10:06:16.0092136Z   Downloaded hashbrown v0.17.1
server (ubuntu-latest)	Run cargo clippy --workspace --locked -- -D warnings	2026-10-06T10:06:16.0149109Z   Downloaded httpdate v1.0.3
server (ubuntu-latest)	Run cargo clippy --workspace --locked -- -D warnings	2026-10-06T10:06:16.0160529Z   Downloaded itoa v1.0.18
server (ubuntu-latest)	Run cargo clippy --workspace --locked -- -D warnings	2026-10-06T10:06:16.0174477Z   Downloaded percent-encoding v2.3.2
server (ubuntu-latest)	Run cargo clippy --workspace --locked -- -D warnings	2026-10-06T10:06:16.0182823Z   Downloaded ref-cast v1.0.27
server (ubuntu-latest)	Run cargo clippy --workspace --locked -- -D warnings	2026-10-06T10:06:16.0211083Z   Downloaded axum v0.8.9
server (ubuntu-latest)	Run cargo clippy --workspace --locked -- -D warnings	2026-10-06T10:06:16.0292986Z   Downloaded cfg-if v1.0.5
server (ubuntu-latest)	Run cargo clippy --workspace --locked -- -D warnings	2026-10-06T10:06:16.0305676Z   Downloaded http-body-util v0.1.5
server (ubuntu-latest)	Run cargo clippy --workspace --locked -- -D warnings	2026-10-06T10:06:16.0324810Z   Downloaded http-body v1.1.0
server (ubuntu-latest)	Run cargo clippy --workspace --locked -- -D warnings	2026-10-06T10:06:16.0334764Z   Downloaded tower-layer v0.3.3
server (ubuntu-latest)	Run cargo clippy --workspace --locked -- -D warnings	2026-10-06T10:06:16.0344055Z   Downloaded futures-task v0.3.34
server (ubuntu-latest)	Run cargo clippy --workspace --locked -- -D warnings	2026-10-06T10:06:16.0355245Z   Downloaded mime v0.3.17
server (ubuntu-latest)	Run cargo clippy --workspace --locked -- -D warnings	2026-10-06T10:06:16.0367654Z   Downloaded digest v0.10.7
server (ubuntu-latest)	Run cargo clippy --workspace --locked -- -D warnings	2026-10-06T10:06:16.0384774Z   Downloaded termcolor v1.4.1
server (ubuntu-latest)	Run cargo clippy --workspace --locked -- -D warnings	2026-10-06T10:06:16.0396793Z   Downloaded futures-util v0.3.34
server (ubuntu-latest)	Run cargo clippy --workspace --locked -- -D warnings	2026-10-06T10:06:16.0526808Z   Downloaded rand_chacha v0.10.0
server (ubuntu-latest)	Run cargo clippy --workspace --locked -- -D warnings	2026-10-06T10:06:16.0538166Z   Downloaded rmp v0.8.15
server (ubuntu-latest)	Run cargo clippy --workspace --locked -- -D warnings	2026-10-06T10:06:16.0578819Z   Downloaded semver v1.0.28
server (ubuntu-latest)	Run cargo clippy --workspace --locked -- -D warnings	2026-10-06T10:06:16.0601324Z   Downloaded serde_spanned v1.1.1
server (ubuntu-latest)	Run cargo clippy --workspace --locked -- -D warnings	2026-10-06T10:06:16.0612575Z   Downloaded sha1 v0.10.7
server (ubuntu-latest)	Run cargo clippy --workspace --locked -- -D warnings	2026-10-06T10:06:16.0627528Z   Downloaded tower-service v0.3.3
server (ubuntu-latest)	Run cargo clippy --workspace --locked -- -D warnings	2026-10-06T10:06:16.0635272Z   Downloaded block-buffer v0.10.4
server (ubuntu-latest)	Run cargo clippy --workspace --locked -- -D warnings	2026-10-06T10:06:16.0645708Z   Downloaded cpufeatures v0.2.17
server (ubuntu-latest)	Run cargo clippy --workspace --locked -- -D warnings	2026-10-06T10:06:16.0658501Z   Downloaded ref-cast-impl v1.0.27
server (ubuntu-latest)	Run cargo clippy --workspace --locked -- -D warnings	2026-10-06T10:06:16.0666482Z   Downloaded memchr v2.8.3
server (ubuntu-latest)	Run cargo clippy --workspace --locked -- -D warnings	2026-10-06T10:06:16.0720901Z   Downloaded pin-project-lite v0.2.17
server (ubuntu-latest)	Run cargo clippy --workspace --locked -- -D warnings	2026-10-06T10:06:16.0779485Z   Downloaded ppv-lite86 v0.2.21
server (ubuntu-latest)	Run cargo clippy --workspace --locked -- -D warnings	2026-10-06T10:06:16.0791937Z   Downloaded rand_chacha v0.9.0
server (ubuntu-latest)	Run cargo clippy --workspace --locked -- -D warnings	2026-10-06T10:06:16.0803020Z   Downloaded rand_core v0.9.5
server (ubuntu-latest)	Run cargo clippy --workspace --locked -- -D warnings	2026-10-06T10:06:16.0815876Z   Downloaded signal-hook-registry v1.4.8
server (ubuntu-latest)	Run cargo clippy --workspace --locked -- -D warnings	2026-10-06T10:06:16.0827103Z   Downloaded sync_wrapper v1.0.2
server (ubuntu-latest)	Run cargo clippy --workspace --locked -- -D warnings	2026-10-06T10:06:16.0834883Z   Downloaded thiserror v2.0.21
server (ubuntu-latest)	Run cargo clippy --workspace --locked -- -D warnings	2026-10-06T10:06:16.0897835Z   Downloaded thiserror-impl v2.0.21
server (ubuntu-latest)	Run cargo clippy --workspace --locked -- -D warnings	2026-10-06T10:06:16.0912156Z   Downloaded toml_datetime v1.1.1+spec-1.1.0
server (ubuntu-latest)	Run cargo clippy --workspace --locked -- -D warnings	2026-10-06T10:06:16.0924316Z   Downloaded toml_writer v1.1.2+spec-1.1.0
server (ubuntu-latest)	Run cargo clippy --workspace --locked -- -D warnings	2026-10-06T10:06:16.0937938Z   Downloaded version_check v0.9.5
server (ubuntu-latest)	Run cargo clippy --workspace --locked -- -D warnings	2026-10-06T10:06:16.0950227Z   Downloaded cobs v0.3.0
server (ubuntu-latest)	Run cargo clippy --workspace --locked -- -D warnings	2026-10-06T10:06:16.0963383Z   Downloaded data-encoding v2.11.1
server (ubuntu-latest)	Run cargo clippy --workspace --locked -- -D warnings	2026-10-06T10:06:16.0972899Z   Downloaded serde_derive_internals v0.30.0
server (ubuntu-latest)	Run cargo clippy --workspace --locked -- -D warnings	2026-10-06T10:06:16.0987556Z   Downloaded dyn-clone v1.0.20
server (ubuntu-latest)	Run cargo clippy --workspace --locked -- -D warnings	2026-10-06T10:06:16.1003844Z   Downloaded slab v0.4.12
server (ubuntu-latest)	Run cargo clippy --workspace --locked -- -D warnings	2026-10-06T10:06:16.1016171Z   Downloaded tokio-tungstenite v0.29.0
server (ubuntu-latest)	Run cargo clippy --workspace --locked -- -D warnings	2026-10-06T10:06:16.1035571Z   Downloaded ts-rs-macros v12.0.1
server (ubuntu-latest)	Run cargo clippy --workspace --locked -- -D warnings	2026-10-06T10:06:16.1052990Z   Downloaded unicode-ident v1.0.26
server (ubuntu-latest)	Run cargo clippy --workspace --locked -- -D warnings	2026-10-06T10:06:16.1079673Z   Downloaded schemars_derive v1.2.2
server (ubuntu-latest)	Run cargo clippy --workspace --locked -- -D warnings	2026-10-06T10:06:16.1098168Z   Downloaded smallvec v1.16.2
server (ubuntu-latest)	Run cargo clippy --workspace --locked -- -D warnings	2026-10-06T10:06:16.1111208Z   Downloaded matchit v0.8.4
server (ubuntu-latest)	Run cargo clippy --workspace --locked -- -D warnings	2026-10-06T10:06:16.1132778Z   Downloaded rmp-serde v1.3.1
server (ubuntu-latest)	Run cargo clippy --workspace --locked -- -D warnings	2026-10-06T10:06:16.1150029Z   Downloaded postcard v1.1.3
server (ubuntu-latest)	Run cargo clippy --workspace --locked -- -D warnings	2026-10-06T10:06:16.1172767Z   Downloaded proc-macro2 v1.0.107
server (ubuntu-latest)	Run cargo clippy --workspace --locked -- -D warnings	2026-10-06T10:06:16.1201488Z   Downloaded socket2 v0.6.5
server (ubuntu-latest)	Run cargo clippy --workspace --locked -- -D warnings	2026-10-06T10:06:16.1218813Z   Downloaded httparse v1.10.1
server (ubuntu-latest)	Run cargo clippy --workspace --locked -- -D warnings	2026-10-06T10:06:16.1243235Z   Downloaded log v0.4.34
server (ubuntu-latest)	Run cargo clippy --workspace --locked -- -D warnings	2026-10-06T10:06:16.1267631Z   Downloaded num-traits v0.2.19
server (ubuntu-latest)	Run cargo clippy --workspace --locked -- -D warnings	2026-10-06T10:06:16.1293042Z   Downloaded serde_core v1.0.229
server (ubuntu-latest)	Run cargo clippy --workspace --locked -- -D warnings	2026-10-06T10:06:16.1319813Z   Downloaded serde_derive v1.0.229
server (ubuntu-latest)	Run cargo clippy --workspace --locked -- -D warnings	2026-10-06T10:06:16.1349623Z   Downloaded ts-rs v12.0.1
server (ubuntu-latest)	Run cargo clippy --workspace --locked -- -D warnings	2026-10-06T10:06:16.1408392Z   Downloaded serde v1.0.229
server (ubuntu-latest)	Run cargo clippy --workspace --locked -- -D warnings	2026-10-06T10:06:16.1442352Z   Downloaded toml v1.1.6+spec-1.1.0
server (ubuntu-latest)	Run cargo clippy --workspace --locked -- -D warnings	2026-10-06T10:06:16.1484059Z   Downloaded tungstenite v0.29.0
server (ubuntu-latest)	Run cargo clippy --workspace --locked -- -D warnings	2026-10-06T10:06:16.1522180Z   Downloaded base64 v0.22.1
server (ubuntu-latest)	Run cargo clippy --workspace --locked -- -D warnings	2026-10-06T10:06:16.1560754Z   Downloaded bytemuck v1.25.2
server (ubuntu-latest)	Run cargo clippy --workspace --locked -- -D warnings	2026-10-06T10:06:16.1592885Z   Downloaded bytes v1.12.1
server (ubuntu-latest)	Run cargo clippy --workspace --locked -- -D warnings	2026-10-06T10:06:16.1627737Z   Downloaded schemars v1.2.2
server (ubuntu-latest)	Run cargo clippy --workspace --locked -- -D warnings	2026-10-06T10:06:16.1802978Z   Downloaded typenum v1.20.1
server (ubuntu-latest)	Run cargo clippy --workspace --locked -- -D warnings	2026-10-06T10:06:16.1836878Z   Downloaded mio v1.2.4
server (ubuntu-latest)	Run cargo clippy --workspace --locked -- -D warnings	2026-10-06T10:06:16.1897620Z   Downloaded rand v0.9.5
server (ubuntu-latest)	Run cargo clippy --workspace --locked -- -D warnings	2026-10-06T10:06:16.1935269Z   Downloaded tower v0.5.3
server (ubuntu-latest)	Run cargo clippy --workspace --locked -- -D warnings	2026-10-06T10:06:16.2037981Z   Downloaded fixed v1.31.0
server (ubuntu-latest)	Run cargo clippy --workspace --locked -- -D warnings	2026-10-06T10:06:16.2107266Z   Downloaded zerocopy-derive v0.8.60
server (ubuntu-latest)	Run cargo clippy --workspace --locked -- -D warnings	2026-10-06T10:06:16.2232500Z   Downloaded hyper-util v0.1.21
server (ubuntu-latest)	Run cargo clippy --workspace --locked -- -D warnings	2026-10-06T10:06:16.2296352Z   Downloaded serde_json v1.0.151
server (ubuntu-latest)	Run cargo clippy --workspace --locked -- -D warnings	2026-10-06T10:06:16.2367877Z   Downloaded hyper v1.11.1
server (ubuntu-latest)	Run cargo clippy --workspace --locked -- -D warnings	2026-10-06T10:06:16.2436018Z   Downloaded winnow v1.0.4
server (ubuntu-latest)	Run cargo clippy --workspace --locked -- -D warnings	2026-10-06T10:06:16.2533011Z   Downloaded syn v2.0.119
server (ubuntu-latest)	Run cargo clippy --workspace --locked -- -D warnings	2026-10-06T10:06:16.2635191Z   Downloaded syn v3.0.6
server (ubuntu-latest)	Run cargo clippy --workspace --locked -- -D warnings	2026-10-06T10:06:16.2737705Z   Downloaded zerocopy v0.8.60
server (ubuntu-latest)	Run cargo clippy --workspace --locked -- -D warnings	2026-10-06T10:06:16.2949498Z   Downloaded tokio v1.53.2
server (ubuntu-latest)	Run cargo clippy --workspace --locked -- -D warnings	2026-10-06T10:06:16.3401037Z   Downloaded libc v0.2.190
server (ubuntu-latest)	Run cargo clippy --workspace --locked -- -D warnings	2026-10-06T10:06:16.4191976Z    Compiling proc-macro2 v1.0.107
server (ubuntu-latest)	Run cargo clippy --workspace --locked -- -D warnings	2026-10-06T10:06:16.4192795Z    Compiling quote v1.0.47
server (ubuntu-latest)	Run cargo clippy --workspace --locked -- -D warnings	2026-10-06T10:06:16.4193743Z    Compiling unicode-ident v1.0.26
server (ubuntu-latest)	Run cargo clippy --workspace --locked -- -D warnings	2026-10-06T10:06:16.4219195Z    Compiling serde_core v1.0.229
server (ubuntu-latest)	Run cargo clippy --workspace --locked -- -D warnings	2026-10-06T10:06:16.4774784Z    Compiling zerocopy v0.8.60
server (ubuntu-latest)	Run cargo clippy --workspace --locked -- -D warnings	2026-10-06T10:06:16.5935588Z     Checking itoa v1.0.18
server (ubuntu-latest)	Run cargo clippy --workspace --locked -- -D warnings	2026-10-06T10:06:16.6821135Z     Checking cfg-if v1.0.5
server (ubuntu-latest)	Run cargo clippy --workspace --locked -- -D warnings	2026-10-06T10:06:16.7011363Z     Checking typenum v1.20.1
server (ubuntu-latest)	Run cargo clippy --workspace --locked -- -D warnings	2026-10-06T10:06:16.7121575Z    Compiling libc v0.2.190
server (ubuntu-latest)	Run cargo clippy --workspace --locked -- -D warnings	2026-10-06T10:06:17.0148289Z    Compiling thiserror v2.0.21
server (ubuntu-latest)	Run cargo clippy --workspace --locked -- -D warnings	2026-10-06T10:06:17.3501453Z    Compiling serde v1.0.229
server (ubuntu-latest)	Run cargo clippy --workspace --locked -- -D warnings	2026-10-06T10:06:17.4241349Z    Compiling syn v3.0.6
server (ubuntu-latest)	Run cargo clippy --workspace --locked -- -D warnings	2026-10-06T10:06:17.5201206Z    Compiling syn v2.0.119
server (ubuntu-latest)	Run cargo clippy --workspace --locked -- -D warnings	2026-10-06T10:06:18.2681653Z    Compiling zmij v1.0.23
server (ubuntu-latest)	Run cargo clippy --workspace --locked -- -D warnings	2026-10-06T10:06:18.3981439Z     Checking bytes v1.12.1
server (ubuntu-latest)	Run cargo clippy --workspace --locked -- -D warnings	2026-10-06T10:06:18.6107585Z    Compiling ref-cast v1.0.27
server (ubuntu-latest)	Run cargo clippy --workspace --locked -- -D warnings	2026-10-06T10:06:18.7612742Z     Checking memchr v2.8.3
server (ubuntu-latest)	Run cargo clippy --workspace --locked -- -D warnings	2026-10-06T10:06:18.7708734Z    Compiling version_check v0.9.5
server (ubuntu-latest)	Run cargo clippy --workspace --locked -- -D warnings	2026-10-06T10:06:18.9771501Z    Compiling fixed v1.31.0
server (ubuntu-latest)	Run cargo clippy --workspace --locked -- -D warnings	2026-10-06T10:06:19.0872536Z    Compiling serde_json v1.0.151
server (ubuntu-latest)	Run cargo clippy --workspace --locked -- -D warnings	2026-10-06T10:06:19.1145253Z    Compiling generic-array v0.14.7
server (ubuntu-latest)	Run cargo clippy --workspace --locked -- -D warnings	2026-10-06T10:06:19.2114789Z     Checking futures-core v0.3.34
server (ubuntu-latest)	Run cargo clippy --workspace --locked -- -D warnings	2026-10-06T10:06:19.2601293Z     Checking az v1.3.0
server (ubuntu-latest)	Run cargo clippy --workspace --locked -- -D warnings	2026-10-06T10:06:19.4324005Z     Checking rand_core v0.10.1
server (ubuntu-latest)	Run cargo clippy --workspace --locked -- -D warnings	2026-10-06T10:06:19.5101087Z     Checking bytemuck v1.25.2
server (ubuntu-latest)	Run cargo clippy --workspace --locked -- -D warnings	2026-10-06T10:06:19.6331350Z     Checking pin-project-lite v0.2.17
server (ubuntu-latest)	Run cargo clippy --workspace --locked -- -D warnings	2026-10-06T10:06:19.6579843Z     Checking winnow v1.0.4
server (ubuntu-latest)	Run cargo clippy --workspace --locked -- -D warnings	2026-10-06T10:06:19.9191231Z    Compiling serde_derive_internals v0.30.0
server (ubuntu-latest)	Run cargo clippy --workspace --locked -- -D warnings	2026-10-06T10:06:20.1031306Z     Checking toml_parser v1.1.3+spec-1.1.0
server (ubuntu-latest)	Run cargo clippy --workspace --locked -- -D warnings	2026-10-06T10:06:20.7261274Z     Checking http v1.5.0
server (ubuntu-latest)	Run cargo clippy --workspace --locked -- -D warnings	2026-10-06T10:06:21.0561510Z     Checking serde_spanned v1.1.1
server (ubuntu-latest)	Run cargo clippy --workspace --locked -- -D warnings	2026-10-06T10:06:21.1091823Z     Checking toml_datetime v1.1.1+spec-1.1.0
server (ubuntu-latest)	Run cargo clippy --workspace --locked -- -D warnings	2026-10-06T10:06:21.1942350Z    Compiling thiserror-impl v2.0.21
server (ubuntu-latest)	Run cargo clippy --workspace --locked -- -D warnings	2026-10-06T10:06:21.2348353Z    Compiling serde_derive v1.0.229
server (ubuntu-latest)	Run cargo clippy --workspace --locked -- -D warnings	2026-10-06T10:06:21.2618333Z    Compiling ref-cast-impl v1.0.27
server (ubuntu-latest)	Run cargo clippy --workspace --locked -- -D warnings	2026-10-06T10:06:21.5981231Z    Compiling schemars_derive v1.2.2
server (ubuntu-latest)	Run cargo clippy --workspace --locked -- -D warnings	2026-10-06T10:06:22.0341377Z    Compiling zerocopy-derive v0.8.60
server (ubuntu-latest)	Run cargo clippy --workspace --locked -- -D warnings	2026-10-06T10:06:22.2711050Z     Checking cobs v0.3.0
server (ubuntu-latest)	Run cargo clippy --workspace --locked -- -D warnings	2026-10-06T10:06:22.3311190Z     Checking toml_writer v1.1.2+spec-1.1.0
server (ubuntu-latest)	Run cargo clippy --workspace --locked -- -D warnings	2026-10-06T10:06:22.4511305Z     Checking dyn-clone v1.0.20
server (ubuntu-latest)	Run cargo clippy --workspace --locked -- -D warnings	2026-10-06T10:06:22.4881365Z     Checking semver v1.0.28
server (ubuntu-latest)	Run cargo clippy --workspace --locked -- -D warnings	2026-10-06T10:06:22.6271241Z    Compiling getrandom v0.3.4
server (ubuntu-latest)	Run cargo clippy --workspace --locked -- -D warnings	2026-10-06T10:06:22.7896411Z     Checking toml v1.1.6+spec-1.1.0
server (ubuntu-latest)	Run cargo clippy --workspace --locked -- -D warnings	2026-10-06T10:06:23.5241230Z     Checking errno v0.3.14
server (ubuntu-latest)	Run cargo clippy --workspace --locked -- -D warnings	2026-10-06T10:06:23.5337899Z    Compiling httparse v1.10.1
server (ubuntu-latest)	Run cargo clippy --workspace --locked -- -D warnings	2026-10-06T10:06:23.5793675Z     Checking signal-hook-registry v1.4.8
server (ubuntu-latest)	Run cargo clippy --workspace --locked -- -D warnings	2026-10-06T10:06:23.7541724Z    Compiling tokio-macros v2.7.2
server (ubuntu-latest)	Run cargo clippy --workspace --locked -- -D warnings	2026-10-06T10:06:23.7771270Z     Checking mio v1.2.4
server (ubuntu-latest)	Run cargo clippy --workspace --locked -- -D warnings	2026-10-06T10:06:24.0031427Z     Checking socket2 v0.6.5
server (ubuntu-latest)	Run cargo clippy --workspace --locked -- -D warnings	2026-10-06T10:06:24.2417054Z    Compiling autocfg v1.5.1
server (ubuntu-latest)	Run cargo clippy --workspace --locked -- -D warnings	2026-10-06T10:06:24.2461316Z     Checking tokio v1.53.2
server (ubuntu-latest)	Run cargo clippy --workspace --locked -- -D warnings	2026-10-06T10:06:24.5282199Z    Compiling num-traits v0.2.19
server (ubuntu-latest)	Run cargo clippy --workspace --locked -- -D warnings	2026-10-06T10:06:24.6911031Z     Checking postcard v1.1.3
server (ubuntu-latest)	Run cargo clippy --workspace --locked -- -D warnings	2026-10-06T10:06:24.7521118Z     Checking schemars v1.2.2
server (ubuntu-latest)	Run cargo clippy --workspace --locked -- -D warnings	2026-10-06T10:06:24.9201404Z     Checking rand_core v0.9.5
server (ubuntu-latest)	Run cargo clippy --workspace --locked -- -D warnings	2026-10-06T10:06:25.0201149Z     Checking block-buffer v0.10.4
server (ubuntu-latest)	Run cargo clippy --workspace --locked -- -D warnings	2026-10-06T10:06:25.0751106Z     Checking crypto-common v0.1.7
server (ubuntu-latest)	Run cargo clippy --workspace --locked -- -D warnings	2026-10-06T10:06:25.1161030Z     Checking http-body v1.1.0
server (ubuntu-latest)	Run cargo clippy --workspace --locked -- -D warnings	2026-10-06T10:06:25.1651081Z     Checking digest v0.10.7
server (ubuntu-latest)	Run cargo clippy --workspace --locked -- -D warnings	2026-10-06T10:06:25.3351527Z     Checking futures-task v0.3.34
server (ubuntu-latest)	Run cargo clippy --workspace --locked -- -D warnings	2026-10-06T10:06:25.3361187Z     Checking tower-service v0.3.3
server (ubuntu-latest)	Run cargo clippy --workspace --locked -- -D warnings	2026-10-06T10:06:25.3671192Z     Checking slab v0.4.12
server (ubuntu-latest)	Run cargo clippy --workspace --locked -- -D warnings	2026-10-06T10:06:25.4061415Z     Checking cpufeatures v0.2.17
server (ubuntu-latest)	Run cargo clippy --workspace --locked -- -D warnings	2026-10-06T10:06:25.4301064Z     Checking futures-sink v0.3.34
server (ubuntu-latest)	Run cargo clippy --workspace --locked -- -D warnings	2026-10-06T10:06:25.4548346Z     Checking sha1 v0.10.7
server (ubuntu-latest)	Run cargo clippy --workspace --locked -- -D warnings	2026-10-06T10:06:25.4587226Z     Checking futures-util v0.3.34
server (ubuntu-latest)	Run cargo clippy --workspace --locked -- -D warnings	2026-10-06T10:06:26.1401211Z     Checking futures-channel v0.3.34
server (ubuntu-latest)	Run cargo clippy --workspace --locked -- -D warnings	2026-10-06T10:06:26.2641268Z     Checking httpdate v1.0.3
server (ubuntu-latest)	Run cargo clippy --workspace --locked -- -D warnings	2026-10-06T10:06:26.3301226Z     Checking smallvec v1.16.2
server (ubuntu-latest)	Run cargo clippy --workspace --locked -- -D warnings	2026-10-06T10:06:26.4561082Z     Checking tower-layer v0.3.3
server (ubuntu-latest)	Run cargo clippy --workspace --locked -- -D warnings	2026-10-06T10:06:26.5451213Z     Checking sync_wrapper v1.0.2
server (ubuntu-latest)	Run cargo clippy --workspace --locked -- -D warnings	2026-10-06T10:06:26.5721047Z     Checking log v0.4.34
server (ubuntu-latest)	Run cargo clippy --workspace --locked -- -D warnings	2026-10-06T10:06:26.6531180Z    Compiling termcolor v1.4.1
server (ubuntu-latest)	Run cargo clippy --workspace --locked -- -D warnings	2026-10-06T10:06:26.8831299Z     Checking atomic-waker v1.1.2
server (ubuntu-latest)	Run cargo clippy --workspace --locked -- -D warnings	2026-10-06T10:06:26.9171231Z     Checking data-encoding v2.11.1
server (ubuntu-latest)	Run cargo clippy --workspace --locked -- -D warnings	2026-10-06T10:06:27.1321337Z    Compiling ts-rs-macros v12.0.1
server (ubuntu-latest)	Run cargo clippy --workspace --locked -- -D warnings	2026-10-06T10:06:27.3445379Z     Checking hyper v1.11.1
server (ubuntu-latest)	Run cargo clippy --workspace --locked -- -D warnings	2026-10-06T10:06:27.3501276Z     Checking rmp v0.8.15
server (ubuntu-latest)	Run cargo clippy --workspace --locked -- -D warnings	2026-10-06T10:06:27.5006197Z     Checking ppv-lite86 v0.2.21
server (ubuntu-latest)	Run cargo clippy --workspace --locked -- -D warnings	2026-10-06T10:06:27.5491169Z     Checking half v2.7.1
server (ubuntu-latest)	Run cargo clippy --workspace --locked -- -D warnings	2026-10-06T10:06:27.7751436Z     Checking rand_chacha v0.10.0
server (ubuntu-latest)	Run cargo clippy --workspace --locked -- -D warnings	2026-10-06T10:06:27.8684457Z     Checking rand_chacha v0.9.0
server (ubuntu-latest)	Run cargo clippy --workspace --locked -- -D warnings	2026-10-06T10:06:27.8741757Z     Checking http-body-util v0.1.5
server (ubuntu-latest)	Run cargo clippy --workspace --locked -- -D warnings	2026-10-06T10:06:27.9901297Z     Checking rand v0.9.5
server (ubuntu-latest)	Run cargo clippy --workspace --locked -- -D warnings	2026-10-06T10:06:28.0411350Z     Checking mime v0.3.17
server (ubuntu-latest)	Run cargo clippy --workspace --locked -- -D warnings	2026-10-06T10:06:28.1441273Z     Checking axum-core v0.5.6
server (ubuntu-latest)	Run cargo clippy --workspace --locked -- -D warnings	2026-10-06T10:06:28.4392014Z     Checking tungstenite v0.29.0
server (ubuntu-latest)	Run cargo clippy --workspace --locked -- -D warnings	2026-10-06T10:06:28.5771105Z     Checking ts-rs v12.0.1
server (ubuntu-latest)	Run cargo clippy --workspace --locked -- -D warnings	2026-10-06T10:06:28.7731131Z     Checking hyper-util v0.1.21
server (ubuntu-latest)	Run cargo clippy --workspace --locked -- -D warnings	2026-10-06T10:06:28.8431606Z     Checking tokio-tungstenite v0.29.0
server (ubuntu-latest)	Run cargo clippy --workspace --locked -- -D warnings	2026-10-06T10:06:28.9542635Z     Checking rmp-serde v1.3.1
server (ubuntu-latest)	Run cargo clippy --workspace --locked -- -D warnings	2026-10-06T10:06:29.0141255Z     Checking tower v0.5.3
server (ubuntu-latest)	Run cargo clippy --workspace --locked -- -D warnings	2026-10-06T10:06:29.2600940Z     Checking base64 v0.22.1
server (ubuntu-latest)	Run cargo clippy --workspace --locked -- -D warnings	2026-10-06T10:06:29.2881280Z     Checking percent-encoding v2.3.2
server (ubuntu-latest)	Run cargo clippy --workspace --locked -- -D warnings	2026-10-06T10:06:29.3191534Z    Compiling oh_server v0.1.0 (/home/runner/work/OpenHOI4/OpenHOI4/crates/oh_server)
server (ubuntu-latest)	Run cargo clippy --workspace --locked -- -D warnings	2026-10-06T10:06:29.3608652Z     Checking matchit v0.8.4
server (ubuntu-latest)	Run cargo clippy --workspace --locked -- -D warnings	2026-10-06T10:06:29.4871431Z     Checking axum v0.8.9
server (ubuntu-latest)	Run cargo clippy --workspace --locked -- -D warnings	2026-10-06T10:06:33.3166512Z     Checking oh_core v0.1.0 (/home/runner/work/OpenHOI4/OpenHOI4/crates/oh_core)
server (ubuntu-latest)	Run cargo clippy --workspace --locked -- -D warnings	2026-10-06T10:06:33.4027191Z     Checking oh_data v0.1.0 (/home/runner/work/OpenHOI4/OpenHOI4/crates/oh_data)
server (ubuntu-latest)	Run cargo clippy --workspace --locked -- -D warnings	2026-10-06T10:06:33.5229514Z     Checking oh_sim v0.1.0 (/home/runner/work/OpenHOI4/OpenHOI4/crates/oh_sim)
server (ubuntu-latest)	Run cargo clippy --workspace --locked -- -D warnings	2026-10-06T10:06:33.5934645Z     Checking oh_ai v0.1.0 (/home/runner/work/OpenHOI4/OpenHOI4/crates/oh_ai)
server (ubuntu-latest)	Run cargo clippy --workspace --locked -- -D warnings	2026-10-06T10:06:33.5935723Z     Checking oh_save v0.1.0 (/home/runner/work/OpenHOI4/OpenHOI4/crates/oh_save)
server (ubuntu-latest)	Run cargo clippy --workspace --locked -- -D warnings	2026-10-06T10:06:33.5951188Z     Checking oh_proto v0.1.0 (/home/runner/work/OpenHOI4/OpenHOI4/crates/oh_proto)
server (ubuntu-latest)	Run cargo clippy --workspace --locked -- -D warnings	2026-10-06T10:06:33.6161538Z     Checking oh_cli v0.1.0 (/home/runner/work/OpenHOI4/OpenHOI4/crates/oh_cli)
server (ubuntu-latest)	Run cargo clippy --workspace --locked -- -D warnings	2026-10-06T10:06:34.0732660Z     Finished `dev` profile [unoptimized + debuginfo] target(s) in 18.66s
server (ubuntu-latest)	Run cargo build --workspace --locked	﻿2026-10-06T10:06:34.1150883Z ##[group]Run cargo build --workspace --locked
server (ubuntu-latest)	Run cargo build --workspace --locked	2026-10-06T10:06:34.1151316Z [36;1mcargo build --workspace --locked[0m
server (ubuntu-latest)	Run cargo build --workspace --locked	2026-10-06T10:06:34.1211960Z shell: /usr/bin/bash -e {0}
server (ubuntu-latest)	Run cargo build --workspace --locked	2026-10-06T10:06:34.1212243Z ##[endgroup]
server (ubuntu-latest)	Run cargo build --workspace --locked	2026-10-06T10:06:34.2428458Z    Compiling serde_core v1.0.229
server (ubuntu-latest)	Run cargo build --workspace --locked	2026-10-06T10:06:34.2429127Z    Compiling itoa v1.0.18
server (ubuntu-latest)	Run cargo build --workspace --locked	2026-10-06T10:06:34.2448307Z    Compiling cfg-if v1.0.5
server (ubuntu-latest)	Run cargo build --workspace --locked	2026-10-06T10:06:34.2470892Z    Compiling zerocopy v0.8.60
server (ubuntu-latest)	Run cargo build --workspace --locked	2026-10-06T10:06:34.2775809Z    Compiling typenum v1.20.1
server (ubuntu-latest)	Run cargo build --workspace --locked	2026-10-06T10:06:34.3861044Z    Compiling libc v0.2.190
server (ubuntu-latest)	Run cargo build --workspace --locked	2026-10-06T10:06:35.0311335Z    Compiling thiserror v2.0.21
server (ubuntu-latest)	Run cargo build --workspace --locked	2026-10-06T10:06:35.0671407Z    Compiling bytes v1.12.1
server (ubuntu-latest)	Run cargo build --workspace --locked	2026-10-06T10:06:35.5171585Z    Compiling memchr v2.8.3
server (ubuntu-latest)	Run cargo build --workspace --locked	2026-10-06T10:06:35.6951472Z    Compiling zmij v1.0.23
server (ubuntu-latest)	Run cargo build --workspace --locked	2026-10-06T10:06:35.9831583Z    Compiling cobs v0.3.0
server (ubuntu-latest)	Run cargo build --workspace --locked	2026-10-06T10:06:36.0831278Z    Compiling bytemuck v1.25.2
server (ubuntu-latest)	Run cargo build --workspace --locked	2026-10-06T10:06:36.2067217Z    Compiling rand_core v0.10.1
server (ubuntu-latest)	Run cargo build --workspace --locked	2026-10-06T10:06:36.2301247Z    Compiling az v1.3.0
server (ubuntu-latest)	Run cargo build --workspace --locked	2026-10-06T10:06:36.2911279Z    Compiling futures-core v0.3.34
server (ubuntu-latest)	Run cargo build --workspace --locked	2026-10-06T10:06:36.3551063Z    Compiling winnow v1.0.4
server (ubuntu-latest)	Run cargo build --workspace --locked	2026-10-06T10:06:36.5391987Z    Compiling serde v1.0.229
server (ubuntu-latest)	Run cargo build --workspace --locked	2026-10-06T10:06:36.6771041Z    Compiling pin-project-lite v0.2.17
server (ubuntu-latest)	Run cargo build --workspace --locked	2026-10-06T10:06:36.7116386Z    Compiling toml_parser v1.1.3+spec-1.1.0
server (ubuntu-latest)	Run cargo build --workspace --locked	2026-10-06T10:06:37.0864702Z    Compiling postcard v1.1.3
server (ubuntu-latest)	Run cargo build --workspace --locked	2026-10-06T10:06:37.3621213Z    Compiling serde_spanned v1.1.1
server (ubuntu-latest)	Run cargo build --workspace --locked	2026-10-06T10:06:37.3952047Z    Compiling serde_json v1.0.151
server (ubuntu-latest)	Run cargo build --workspace --locked	2026-10-06T10:06:37.4072676Z    Compiling toml_datetime v1.1.1+spec-1.1.0
server (ubuntu-latest)	Run cargo build --workspace --locked	2026-10-06T10:06:37.4188620Z    Compiling ref-cast v1.0.27
server (ubuntu-latest)	Run cargo build --workspace --locked	2026-10-06T10:06:37.4541428Z    Compiling http v1.5.0
server (ubuntu-latest)	Run cargo build --workspace --locked	2026-10-06T10:06:37.6481790Z    Compiling toml_writer v1.1.2+spec-1.1.0
server (ubuntu-latest)	Run cargo build --workspace --locked	2026-10-06T10:06:37.7831250Z    Compiling dyn-clone v1.0.20
server (ubuntu-latest)	Run cargo build --workspace --locked	2026-10-06T10:06:37.8411351Z    Compiling semver v1.0.28
server (ubuntu-latest)	Run cargo build --workspace --locked	2026-10-06T10:06:38.0801200Z    Compiling toml v1.1.6+spec-1.1.0
server (ubuntu-latest)	Run cargo build --workspace --locked	2026-10-06T10:06:38.3331266Z    Compiling ppv-lite86 v0.2.21
server (ubuntu-latest)	Run cargo build --workspace --locked	2026-10-06T10:06:38.5361600Z    Compiling half v2.7.1
server (ubuntu-latest)	Run cargo build --workspace --locked	2026-10-06T10:06:38.6081315Z    Compiling rand_chacha v0.10.0
server (ubuntu-latest)	Run cargo build --workspace --locked	2026-10-06T10:06:38.6141227Z    Compiling schemars v1.2.2
server (ubuntu-latest)	Run cargo build --workspace --locked	2026-10-06T10:06:38.7902132Z    Compiling fixed v1.31.0
server (ubuntu-latest)	Run cargo build --workspace --locked	2026-10-06T10:06:38.7912813Z    Compiling generic-array v0.14.7
server (ubuntu-latest)	Run cargo build --workspace --locked	2026-10-06T10:06:39.3271257Z    Compiling errno v0.3.14
server (ubuntu-latest)	Run cargo build --workspace --locked	2026-10-06T10:06:39.3971595Z    Compiling signal-hook-registry v1.4.8
server (ubuntu-latest)	Run cargo build --workspace --locked	2026-10-06T10:06:39.6071464Z    Compiling getrandom v0.3.4
server (ubuntu-latest)	Run cargo build --workspace --locked	2026-10-06T10:06:39.7282189Z    Compiling mio v1.2.4
server (ubuntu-latest)	Run cargo build --workspace --locked	2026-10-06T10:06:39.7441288Z    Compiling socket2 v0.6.5
server (ubuntu-latest)	Run cargo build --workspace --locked	2026-10-06T10:06:40.1921570Z    Compiling tokio v1.53.2
server (ubuntu-latest)	Run cargo build --workspace --locked	2026-10-06T10:06:40.2218833Z    Compiling rand_core v0.9.5
server (ubuntu-latest)	Run cargo build --workspace --locked	2026-10-06T10:06:40.3661195Z    Compiling httparse v1.10.1
server (ubuntu-latest)	Run cargo build --workspace --locked	2026-10-06T10:06:40.3991937Z    Compiling block-buffer v0.10.4
server (ubuntu-latest)	Run cargo build --workspace --locked	2026-10-06T10:06:40.4721552Z    Compiling crypto-common v0.1.7
server (ubuntu-latest)	Run cargo build --workspace --locked	2026-10-06T10:06:40.5193610Z    Compiling http-body v1.1.0
server (ubuntu-latest)	Run cargo build --workspace --locked	2026-10-06T10:06:40.5851164Z    Compiling digest v0.10.7
server (ubuntu-latest)	Run cargo build --workspace --locked	2026-10-06T10:06:40.5961722Z    Compiling rand_chacha v0.9.0
server (ubuntu-latest)	Run cargo build --workspace --locked	2026-10-06T10:06:40.7081230Z    Compiling futures-sink v0.3.34
server (ubuntu-latest)	Run cargo build --workspace --locked	2026-10-06T10:06:40.7406897Z    Compiling futures-task v0.3.34
server (ubuntu-latest)	Run cargo build --workspace --locked	2026-10-06T10:06:40.8431325Z    Compiling cpufeatures v0.2.17
server (ubuntu-latest)	Run cargo build --workspace --locked	2026-10-06T10:06:40.8691960Z    Compiling tower-service v0.3.3
server (ubuntu-latest)	Run cargo build --workspace --locked	2026-10-06T10:06:40.9002362Z    Compiling slab v0.4.12
server (ubuntu-latest)	Run cargo build --workspace --locked	2026-10-06T10:06:40.9071425Z    Compiling sha1 v0.10.7
server (ubuntu-latest)	Run cargo build --workspace --locked	2026-10-06T10:06:41.0032213Z    Compiling futures-util v0.3.34
server (ubuntu-latest)	Run cargo build --workspace --locked	2026-10-06T10:06:41.0468401Z    Compiling rand v0.9.5
server (ubuntu-latest)	Run cargo build --workspace --locked	2026-10-06T10:06:41.5981294Z    Compiling num-traits v0.2.19
server (ubuntu-latest)	Run cargo build --workspace --locked	2026-10-06T10:06:42.3251321Z    Compiling futures-channel v0.3.34
server (ubuntu-latest)	Run cargo build --workspace --locked	2026-10-06T10:06:42.4741240Z    Compiling atomic-waker v1.1.2
server (ubuntu-latest)	Run cargo build --workspace --locked	2026-10-06T10:06:42.5211189Z    Compiling log v0.4.34
server (ubuntu-latest)	Run cargo build --workspace --locked	2026-10-06T10:06:42.6330928Z    Compiling httpdate v1.0.3
server (ubuntu-latest)	Run cargo build --workspace --locked	2026-10-06T10:06:42.7941582Z    Compiling smallvec v1.16.2
server (ubuntu-latest)	Run cargo build --workspace --locked	2026-10-06T10:06:42.9471558Z    Compiling tower-layer v0.3.3
server (ubuntu-latest)	Run cargo build --workspace --locked	2026-10-06T10:06:43.0461129Z    Compiling sync_wrapper v1.0.2
server (ubuntu-latest)	Run cargo build --workspace --locked	2026-10-06T10:06:43.0771742Z    Compiling data-encoding v2.11.1
server (ubuntu-latest)	Run cargo build --workspace --locked	2026-10-06T10:06:43.1931249Z    Compiling rmp v0.8.15
server (ubuntu-latest)	Run cargo build --workspace --locked	2026-10-06T10:06:43.4661126Z    Compiling tungstenite v0.29.0
server (ubuntu-latest)	Run cargo build --workspace --locked	2026-10-06T10:06:43.9001928Z    Compiling http-body-util v0.1.5
server (ubuntu-latest)	Run cargo build --workspace --locked	2026-10-06T10:06:44.0986166Z    Compiling hyper v1.11.1
server (ubuntu-latest)	Run cargo build --workspace --locked	2026-10-06T10:06:44.6231461Z    Compiling mime v0.3.17
server (ubuntu-latest)	Run cargo build --workspace --locked	2026-10-06T10:06:44.8241202Z    Compiling axum-core v0.5.6
server (ubuntu-latest)	Run cargo build --workspace --locked	2026-10-06T10:06:45.4721453Z    Compiling hyper-util v0.1.21
server (ubuntu-latest)	Run cargo build --workspace --locked	2026-10-06T10:06:45.7171156Z    Compiling tokio-tungstenite v0.29.0
server (ubuntu-latest)	Run cargo build --workspace --locked	2026-10-06T10:06:45.9271528Z    Compiling tower v0.5.3
server (ubuntu-latest)	Run cargo build --workspace --locked	2026-10-06T10:06:46.0441067Z    Compiling rmp-serde v1.3.1
server (ubuntu-latest)	Run cargo build --workspace --locked	2026-10-06T10:06:46.2861156Z    Compiling ts-rs v12.0.1
server (ubuntu-latest)	Run cargo build --workspace --locked	2026-10-06T10:06:46.2891079Z    Compiling percent-encoding v2.3.2
server (ubuntu-latest)	Run cargo build --workspace --locked	2026-10-06T10:06:46.3981411Z    Compiling oh_server v0.1.0 (/home/runner/work/OpenHOI4/OpenHOI4/crates/oh_server)
server (ubuntu-latest)	Run cargo build --workspace --locked	2026-10-06T10:06:46.4280704Z    Compiling base64 v0.22.1
server (ubuntu-latest)	Run cargo build --workspace --locked	2026-10-06T10:06:46.5791727Z    Compiling matchit v0.8.4
server (ubuntu-latest)	Run cargo build --workspace --locked	2026-10-06T10:06:46.7731290Z    Compiling axum v0.8.9
server (ubuntu-latest)	Run cargo build --workspace --locked	2026-10-06T10:06:47.4222935Z    Compiling oh_core v0.1.0 (/home/runner/work/OpenHOI4/OpenHOI4/crates/oh_core)
server (ubuntu-latest)	Run cargo build --workspace --locked	2026-10-06T10:06:47.5710695Z    Compiling oh_data v0.1.0 (/home/runner/work/OpenHOI4/OpenHOI4/crates/oh_data)
server (ubuntu-latest)	Run cargo build --workspace --locked	2026-10-06T10:06:47.7698978Z    Compiling oh_sim v0.1.0 (/home/runner/work/OpenHOI4/OpenHOI4/crates/oh_sim)
server (ubuntu-latest)	Run cargo build --workspace --locked	2026-10-06T10:06:47.9739825Z    Compiling oh_save v0.1.0 (/home/runner/work/OpenHOI4/OpenHOI4/crates/oh_save)
server (ubuntu-latest)	Run cargo build --workspace --locked	2026-10-06T10:06:48.0104246Z    Compiling oh_ai v0.1.0 (/home/runner/work/OpenHOI4/OpenHOI4/crates/oh_ai)
server (ubuntu-latest)	Run cargo build --workspace --locked	2026-10-06T10:06:48.0491605Z    Compiling oh_proto v0.1.0 (/home/runner/work/OpenHOI4/OpenHOI4/crates/oh_proto)
server (ubuntu-latest)	Run cargo build --workspace --locked	2026-10-06T10:06:48.1341635Z    Compiling oh_cli v0.1.0 (/home/runner/work/OpenHOI4/OpenHOI4/crates/oh_cli)
server (ubuntu-latest)	Run cargo build --workspace --locked	2026-10-06T10:06:50.6392537Z     Finished `dev` profile [unoptimized + debuginfo] target(s) in 16.48s
server (ubuntu-latest)	Run cargo test --workspace --locked	﻿2026-10-06T10:06:50.6538865Z ##[group]Run cargo test --workspace --locked
server (ubuntu-latest)	Run cargo test --workspace --locked	2026-10-06T10:06:50.6539244Z [36;1mcargo test --workspace --locked[0m
server (ubuntu-latest)	Run cargo test --workspace --locked	2026-10-06T10:06:50.6599495Z shell: /usr/bin/bash -e {0}
server (ubuntu-latest)	Run cargo test --workspace --locked	2026-10-06T10:06:50.6599764Z ##[endgroup]
server (ubuntu-latest)	Run cargo test --workspace --locked	2026-10-06T10:06:50.7211351Z  Downloading crates ...
server (ubuntu-latest)	Run cargo test --workspace --locked	2026-10-06T10:06:50.7567444Z   Downloaded unarray v0.1.4
server (ubuntu-latest)	Run cargo test --workspace --locked	2026-10-06T10:06:50.7650650Z   Downloaded rand_xorshift v0.4.0
server (ubuntu-latest)	Run cargo test --workspace --locked	2026-10-06T10:06:50.7668661Z   Downloaded bitflags v2.13.2
server (ubuntu-latest)	Run cargo test --workspace --locked	2026-10-06T10:06:50.7812705Z   Downloaded proptest v1.11.0
server (ubuntu-latest)	Run cargo test --workspace --locked	2026-10-06T10:06:50.7910143Z   Downloaded regex-syntax v0.8.11
server (ubuntu-latest)	Run cargo test --workspace --locked	2026-10-06T10:06:50.8170732Z    Compiling rand_xorshift v0.4.0
server (ubuntu-latest)	Run cargo test --workspace --locked	2026-10-06T10:06:50.8171454Z    Compiling bitflags v2.13.2
server (ubuntu-latest)	Run cargo test --workspace --locked	2026-10-06T10:06:50.8171997Z    Compiling unarray v0.1.4
server (ubuntu-latest)	Run cargo test --workspace --locked	2026-10-06T10:06:50.8172573Z    Compiling regex-syntax v0.8.11
server (ubuntu-latest)	Run cargo test --workspace --locked	2026-10-06T10:06:50.8636243Z    Compiling oh_cli v0.1.0 (/home/runner/work/OpenHOI4/OpenHOI4/crates/oh_cli)
server (ubuntu-latest)	Run cargo test --workspace --locked	2026-10-06T10:06:50.9690552Z    Compiling oh_server v0.1.0 (/home/runner/work/OpenHOI4/OpenHOI4/crates/oh_server)
server (ubuntu-latest)	Run cargo test --workspace --locked	2026-10-06T10:06:51.2010777Z    Compiling oh_proto v0.1.0 (/home/runner/work/OpenHOI4/OpenHOI4/crates/oh_proto)
server (ubuntu-latest)	Run cargo test --workspace --locked	2026-10-06T10:06:51.9686295Z    Compiling oh_sim v0.1.0 (/home/runner/work/OpenHOI4/OpenHOI4/crates/oh_sim)
server (ubuntu-latest)	Run cargo test --workspace --locked	2026-10-06T10:06:52.0797614Z    Compiling oh_ai v0.1.0 (/home/runner/work/OpenHOI4/OpenHOI4/crates/oh_ai)
server (ubuntu-latest)	Run cargo test --workspace --locked	2026-10-06T10:06:52.1371356Z    Compiling oh_save v0.1.0 (/home/runner/work/OpenHOI4/OpenHOI4/crates/oh_save)
server (ubuntu-latest)	Run cargo test --workspace --locked	2026-10-06T10:06:52.1793864Z    Compiling oh_data v0.1.0 (/home/runner/work/OpenHOI4/OpenHOI4/crates/oh_data)
server (ubuntu-latest)	Run cargo test --workspace --locked	2026-10-06T10:06:52.5846828Z    Compiling proptest v1.11.0
server (ubuntu-latest)	Run cargo test --workspace --locked	2026-10-06T10:06:54.9572670Z    Compiling oh_core v0.1.0 (/home/runner/work/OpenHOI4/OpenHOI4/crates/oh_core)
server (ubuntu-latest)	Run cargo test --workspace --locked	2026-10-06T10:06:55.6917140Z     Finished `test` profile [unoptimized + debuginfo] target(s) in 4.99s
server (ubuntu-latest)	Run cargo test --workspace --locked	2026-10-06T10:06:55.6996335Z      Running unittests src/lib.rs (target/debug/deps/oh_ai-1cfbeb8734c7499a)
server (ubuntu-latest)	Run cargo test --workspace --locked	2026-10-06T10:06:55.7007441Z
server (ubuntu-latest)	Run cargo test --workspace --locked	2026-10-06T10:06:55.7007671Z running 0 tests
server (ubuntu-latest)	Run cargo test --workspace --locked	2026-10-06T10:06:55.7008120Z
server (ubuntu-latest)	Run cargo test --workspace --locked	2026-10-06T10:06:55.7008561Z test result: ok. 0 passed; 0 failed; 0 ignored; 0 measured; 0 filtered out; finished in 0.00s
server (ubuntu-latest)	Run cargo test --workspace --locked	2026-10-06T10:06:55.7008940Z
server (ubuntu-latest)	Run cargo test --workspace --locked	2026-10-06T10:06:55.7010285Z      Running unittests src/lib.rs (target/debug/deps/oh_cli-d89eda20dc564789)
server (ubuntu-latest)	Run cargo test --workspace --locked	2026-10-06T10:06:55.7018913Z
server (ubuntu-latest)	Run cargo test --workspace --locked	2026-10-06T10:06:55.7019149Z running 0 tests
server (ubuntu-latest)	Run cargo test --workspace --locked	2026-10-06T10:06:55.7019495Z
server (ubuntu-latest)	Run cargo test --workspace --locked	2026-10-06T10:06:55.7020634Z test result: ok. 0 passed; 0 failed; 0 ignored; 0 measured; 0 filtered out; finished in 0.00s
server (ubuntu-latest)	Run cargo test --workspace --locked	2026-10-06T10:06:55.7021742Z      Running unittests src/main.rs (target/debug/deps/oh_cli-1107e840a44b0845)
server (ubuntu-latest)	Run cargo test --workspace --locked	2026-10-06T10:06:55.7022370Z
server (ubuntu-latest)	Run cargo test --workspace --locked	2026-10-06T10:06:55.7030763Z
server (ubuntu-latest)	Run cargo test --workspace --locked	2026-10-06T10:06:55.7030970Z running 0 tests
server (ubuntu-latest)	Run cargo test --workspace --locked	2026-10-06T10:06:55.7031271Z
server (ubuntu-latest)	Run cargo test --workspace --locked	2026-10-06T10:06:55.7031916Z test result: ok. 0 passed; 0 failed; 0 ignored; 0 measured; 0 filtered out; finished in 0.00s
server (ubuntu-latest)	Run cargo test --workspace --locked	2026-10-06T10:06:55.7032545Z
server (ubuntu-latest)	Run cargo test --workspace --locked	2026-10-06T10:06:55.7033658Z      Running tests/run.rs (target/debug/deps/run-3e1fa524fe3f8308)
server (ubuntu-latest)	Run cargo test --workspace --locked	2026-10-06T10:06:55.7043121Z
server (ubuntu-latest)	Run cargo test --workspace --locked	2026-10-06T10:06:55.7043418Z running 5 tests
server (ubuntu-latest)	Run cargo test --workspace --locked	2026-10-06T10:06:55.7071695Z test m0_load_boundary_and_help_identify_unique_self_contained_pack ... ok
server (ubuntu-latest)	Run cargo test --workspace --locked	2026-10-06T10:06:55.7078685Z test library_loads_data_epoch_and_rejects_bad_or_nonempty_scenario ... ok
server (ubuntu-latest)	Run cargo test --workspace --locked	2026-10-06T10:06:55.7124660Z test req_gen_06_ac_m0_02_exact_ticks_and_repeated_hash ... ok
server (ubuntu-latest)	Run cargo test --workspace --locked	2026-10-06T10:06:55.7182193Z test cli_rejects_ambiguous_missing_invalid_and_unimplemented_inputs ... ok
server (ubuntu-latest)	Run cargo test --workspace --locked	2026-10-06T10:06:55.7212311Z test req_gen_06_days_path_is_exact_and_zero_ticks_stays_initial ... ok
server (ubuntu-latest)	Run cargo test --workspace --locked	2026-10-06T10:06:55.7212844Z
server (ubuntu-latest)	Run cargo test --workspace --locked	2026-10-06T10:06:55.7213272Z test result: ok. 5 passed; 0 failed; 0 ignored; 0 measured; 0 filtered out; finished in 0.02s
server (ubuntu-latest)	Run cargo test --workspace --locked	2026-10-06T10:06:55.7213638Z
server (ubuntu-latest)	Run cargo test --workspace --locked	2026-10-06T10:06:55.7214740Z      Running unittests src/lib.rs (target/debug/deps/oh_core-da5fa828fe0e02b6)
server (ubuntu-latest)	Run cargo test --workspace --locked	2026-10-06T10:06:55.7224108Z
server (ubuntu-latest)	Run cargo test --workspace --locked	2026-10-06T10:06:55.7224284Z running 0 tests
server (ubuntu-latest)	Run cargo test --workspace --locked	2026-10-06T10:06:55.7224512Z
server (ubuntu-latest)	Run cargo test --workspace --locked	2026-10-06T10:06:55.7225157Z test result: ok. 0 passed; 0 failed; 0 ignored; 0 measured; 0 filtered out; finished in 0.00s
server (ubuntu-latest)	Run cargo test --workspace --locked	2026-10-06T10:06:55.7225970Z
server (ubuntu-latest)	Run cargo test --workspace --locked	2026-10-06T10:06:55.7226411Z      Running tests/core.rs (target/debug/deps/core-4c4bc2459720e99b)
server (ubuntu-latest)	Run cargo test --workspace --locked	2026-10-06T10:06:55.7235913Z
server (ubuntu-latest)	Run cargo test --workspace --locked	2026-10-06T10:06:55.7236407Z running 16 tests
server (ubuntu-latest)	Run cargo test --workspace --locked	2026-10-06T10:06:55.7240950Z test req_gen_04_canonical_map_order_and_strict_decode ... ok
server (ubuntu-latest)	Run cargo test --workspace --locked	2026-10-06T10:06:55.7241858Z test req_gen_04_fixed_and_id_wire_encoding ... ok
server (ubuntu-latest)	Run cargo test --workspace --locked	2026-10-06T10:06:55.7242474Z test req_gen_04_fixed_exact_arithmetic_and_rounding ... ok
server (ubuntu-latest)	Run cargo test --workspace --locked	2026-10-06T10:06:55.7261161Z test req_gen_04_fnv1a_reference_vectors_and_incremental_hash ... ok
server (ubuntu-latest)	Run cargo test --workspace --locked	2026-10-06T10:06:55.7380948Z test req_gen_04_fixed_checked_arithmetic_matches_integer_reference ... ok
server (ubuntu-latest)	Run cargo test --workspace --locked	2026-10-06T10:06:55.7390388Z test req_gen_04_rng_order_and_unrelated_draws_do_not_affect_entity_streams ... ok
server (ubuntu-latest)	Run cargo test --workspace --locked	2026-10-06T10:06:55.7411049Z test req_gen_04_fixed_serialization_preserves_all_bits ... ok
server (ubuntu-latest)	Run cargo test --workspace --locked	2026-10-06T10:06:55.7421036Z test req_gen_04_rng_tuple_fields_and_entity_domains_are_distinct ... ok
server (ubuntu-latest)	Run cargo test --workspace --locked	2026-10-06T10:06:55.7422000Z test req_gen_04_serialization_errors_are_propagated ... ok
server (ubuntu-latest)	Run cargo test --workspace --locked	2026-10-06T10:06:55.7550911Z test req_gen_04_typed_ids_round_trip ... ok
server (ubuntu-latest)	Run cargo test --workspace --locked	2026-10-06T10:06:55.7561145Z test req_plat_02_chacha8_zero_seed_reference_vector ... ok
server (ubuntu-latest)	Run cargo test --workspace --locked	2026-10-06T10:06:55.7562332Z test req_plat_02_full_diagnostic_matches_independent_reference ... ok
server (ubuntu-latest)	Run cargo test --workspace --locked	2026-10-06T10:06:55.7563387Z test req_plat_02_portable_postcard_hash_vector ... ok
server (ubuntu-latest)	Run cargo test --workspace --locked	2026-10-06T10:06:55.7595833Z test req_gen_04_rng_reconstruction ... ok
server (ubuntu-latest)	Run cargo test --workspace --locked	2026-10-06T10:06:55.7910684Z test req_gen_04_map_permutations_are_canonical ... ok
server (ubuntu-latest)	Run cargo test --workspace --locked	2026-10-06T10:06:55.8822748Z test req_gen_04_fnv_chunking_is_independent ... ok
server (ubuntu-latest)	Run cargo test --workspace --locked	2026-10-06T10:06:55.8823118Z
server (ubuntu-latest)	Run cargo test --workspace --locked	2026-10-06T10:06:55.8823548Z test result: ok. 16 passed; 0 failed; 0 ignored; 0 measured; 0 filtered out; finished in 0.16s
server (ubuntu-latest)	Run cargo test --workspace --locked	2026-10-06T10:06:55.8823956Z
server (ubuntu-latest)	Run cargo test --workspace --locked	2026-10-06T10:06:55.8826785Z      Running unittests src/lib.rs (target/debug/deps/oh_data-9ac677fe031b178f)
server (ubuntu-latest)	Run cargo test --workspace --locked	2026-10-06T10:06:55.8838401Z
server (ubuntu-latest)	Run cargo test --workspace --locked	2026-10-06T10:06:55.8838635Z running 0 tests
server (ubuntu-latest)	Run cargo test --workspace --locked	2026-10-06T10:06:55.8838917Z
server (ubuntu-latest)	Run cargo test --workspace --locked	2026-10-06T10:06:55.8839801Z test result: ok. 0 passed; 0 failed; 0 ignored; 0 measured; 0 filtered out; finished in 0.00s
server (ubuntu-latest)	Run cargo test --workspace --locked	2026-10-06T10:06:55.8840783Z
server (ubuntu-latest)	Run cargo test --workspace --locked	2026-10-06T10:06:55.8841363Z      Running tests/loader.rs (target/debug/deps/loader-9c05908ea1901aed)
server (ubuntu-latest)	Run cargo test --workspace --locked	2026-10-06T10:06:55.8852075Z
server (ubuntu-latest)	Run cargo test --workspace --locked	2026-10-06T10:06:55.8852274Z running 12 tests
server (ubuntu-latest)	Run cargo test --workspace --locked	2026-10-06T10:06:55.8867587Z test ac_m0_03_crlf_unicode_error_location ... ok
server (ubuntu-latest)	Run cargo test --workspace --locked	2026-10-06T10:06:55.8868731Z test ac_m0_03_missing_file_has_path_and_io_diagnostic ... ok
server (ubuntu-latest)	Run cargo test --workspace --locked	2026-10-06T10:06:55.8869517Z test ac_m0_03_additional_io_and_schema_cases ... ok
server (ubuntu-latest)	Run cargo test --workspace --locked	2026-10-06T10:06:55.8870649Z test ac_m0_03_manifest_schema_errors_have_source_locations ... ok
server (ubuntu-latest)	Run cargo test --workspace --locked	2026-10-06T10:06:55.8871594Z test ac_m0_03_defines_schema_errors_have_source_locations ... ok
server (ubuntu-latest)	Run cargo test --workspace --locked	2026-10-06T10:06:55.8876908Z test ac_m0_03_toml_syntax_errors_have_source_locations ... ok
server (ubuntu-latest)	Run cargo test --workspace --locked	2026-10-06T10:06:55.8878067Z test req_gen_02_decimal_precision_does_not_round_through_float ... ok
server (ubuntu-latest)	Run cargo test --workspace --locked	2026-10-06T10:06:55.8879298Z test ac_m0_03_schema_snapshots_match_generated_types ... ok
server (ubuntu-latest)	Run cargo test --workspace --locked	2026-10-06T10:06:55.8880724Z test req_gen_02_manifest_and_data_defined_numbers ... ok
server (ubuntu-latest)	Run cargo test --workspace --locked	2026-10-06T10:06:55.8881842Z test req_gen_02_no_gameplay_defaults_in_skeleton ... ok
server (ubuntu-latest)	Run cargo test --workspace --locked	2026-10-06T10:06:55.8882756Z test req_gen_02_values_change_with_data ... ok
server (ubuntu-latest)	Run cargo test --workspace --locked	2026-10-06T10:06:55.8883557Z test req_gen_02_repeat_load_and_order_are_stable ... ok
server (ubuntu-latest)	Run cargo test --workspace --locked	2026-10-06T10:06:55.8883944Z
server (ubuntu-latest)	Run cargo test --workspace --locked	2026-10-06T10:06:55.8884464Z test result: ok. 12 passed; 0 failed; 0 ignored; 0 measured; 0 filtered out; finished in 0.00s
server (ubuntu-latest)	Run cargo test --workspace --locked	2026-10-06T10:06:55.8884837Z
server (ubuntu-latest)	Run cargo test --workspace --locked	2026-10-06T10:06:55.8885927Z      Running unittests src/lib.rs (target/debug/deps/oh_proto-d5b3ee52d39fa629)
server (ubuntu-latest)	Run cargo test --workspace --locked	2026-10-06T10:06:55.8895785Z
server (ubuntu-latest)	Run cargo test --workspace --locked	2026-10-06T10:06:55.8896021Z running 0 tests
server (ubuntu-latest)	Run cargo test --workspace --locked	2026-10-06T10:06:55.8896275Z
server (ubuntu-latest)	Run cargo test --workspace --locked	2026-10-06T10:06:55.8896935Z test result: ok. 0 passed; 0 failed; 0 ignored; 0 measured; 0 filtered out; finished in 0.00s
server (ubuntu-latest)	Run cargo test --workspace --locked	2026-10-06T10:06:55.8897554Z
server (ubuntu-latest)	Run cargo test --workspace --locked	2026-10-06T10:06:55.8898360Z      Running tests/contract.rs (target/debug/deps/contract-9711c386339674f1)
server (ubuntu-latest)	Run cargo test --workspace --locked	2026-10-06T10:06:55.8907914Z
server (ubuntu-latest)	Run cargo test --workspace --locked	2026-10-06T10:06:55.8908105Z running 2 tests
server (ubuntu-latest)	Run cargo test --workspace --locked	2026-10-06T10:06:55.8911683Z test req_net_01_messagepack_roundtrip ... ok
server (ubuntu-latest)	Run cargo test --workspace --locked	2026-10-06T10:06:55.8912446Z test req_net_04_generated_types_are_current ... ok
server (ubuntu-latest)	Run cargo test --workspace --locked	2026-10-06T10:06:55.8913156Z
server (ubuntu-latest)	Run cargo test --workspace --locked	2026-10-06T10:06:55.8913646Z test result: ok. 2 passed; 0 failed; 0 ignored; 0 measured; 0 filtered out; finished in 0.00s
server (ubuntu-latest)	Run cargo test --workspace --locked	2026-10-06T10:06:55.8914194Z
server (ubuntu-latest)	Run cargo test --workspace --locked	2026-10-06T10:06:55.8914671Z      Running unittests src/lib.rs (target/debug/deps/oh_save-97fecf4b8648f9ef)
server (ubuntu-latest)	Run cargo test --workspace --locked	2026-10-06T10:06:55.8923250Z
server (ubuntu-latest)	Run cargo test --workspace --locked	2026-10-06T10:06:55.8923528Z running 0 tests
server (ubuntu-latest)	Run cargo test --workspace --locked	2026-10-06T10:06:55.8923775Z
server (ubuntu-latest)	Run cargo test --workspace --locked	2026-10-06T10:06:55.8924433Z test result: ok. 0 passed; 0 failed; 0 ignored; 0 measured; 0 filtered out; finished in 0.00s
server (ubuntu-latest)	Run cargo test --workspace --locked	2026-10-06T10:06:55.8925016Z
server (ubuntu-latest)	Run cargo test --workspace --locked	2026-10-06T10:06:55.8925940Z      Running unittests src/lib.rs (target/debug/deps/oh_server-030740fd1446fb9a)
server (ubuntu-latest)	Run cargo test --workspace --locked	2026-10-06T10:06:55.8937222Z
server (ubuntu-latest)	Run cargo test --workspace --locked	2026-10-06T10:06:55.8937714Z running 1 test
server (ubuntu-latest)	Run cargo test --workspace --locked	2026-10-06T10:06:55.8951081Z test session::tests::req_gen_05_thread_uses_simulation_and_stops_with_queued_input ... ok
server (ubuntu-latest)	Run cargo test --workspace --locked	2026-10-06T10:06:55.8951783Z
server (ubuntu-latest)	Run cargo test --workspace --locked	2026-10-06T10:06:55.8952261Z test result: ok. 1 passed; 0 failed; 0 ignored; 0 measured; 0 filtered out; finished in 0.00s
server (ubuntu-latest)	Run cargo test --workspace --locked	2026-10-06T10:06:55.8952650Z
server (ubuntu-latest)	Run cargo test --workspace --locked	2026-10-06T10:06:55.8953671Z      Running unittests src/main.rs (target/debug/deps/oh_server-22937541ff1c15d1)
server (ubuntu-latest)	Run cargo test --workspace --locked	2026-10-06T10:06:55.8963255Z
server (ubuntu-latest)	Run cargo test --workspace --locked	2026-10-06T10:06:55.8963438Z running 0 tests
server (ubuntu-latest)	Run cargo test --workspace --locked	2026-10-06T10:06:55.8963666Z
server (ubuntu-latest)	Run cargo test --workspace --locked	2026-10-06T10:06:55.8964284Z test result: ok. 0 passed; 0 failed; 0 ignored; 0 measured; 0 filtered out; finished in 0.00s
server (ubuntu-latest)	Run cargo test --workspace --locked	2026-10-06T10:06:55.8964745Z
server (ubuntu-latest)	Run cargo test --workspace --locked	2026-10-06T10:06:55.8965543Z      Running tests/startup.rs (target/debug/deps/startup-5d8ec1e4bfcb5c2a)
server (ubuntu-latest)	Run cargo test --workspace --locked	2026-10-06T10:06:55.8974746Z
server (ubuntu-latest)	Run cargo test --workspace --locked	2026-10-06T10:06:55.8975467Z running 2 tests
server (ubuntu-latest)	Run cargo test --workspace --locked	2026-10-06T10:06:55.8998185Z test req_net_06_port_conflict ... ok
server (ubuntu-latest)	Run cargo test --workspace --locked	2026-10-06T10:06:55.9086424Z test req_net_06_help_and_invalid_options ... ok
server (ubuntu-latest)	Run cargo test --workspace --locked	2026-10-06T10:06:55.9086910Z
server (ubuntu-latest)	Run cargo test --workspace --locked	2026-10-06T10:06:55.9087448Z test result: ok. 2 passed; 0 failed; 0 ignored; 0 measured; 0 filtered out; finished in 0.01s
server (ubuntu-latest)	Run cargo test --workspace --locked	2026-10-06T10:06:55.9087862Z
server (ubuntu-latest)	Run cargo test --workspace --locked	2026-10-06T10:06:55.9089237Z      Running unittests src/lib.rs (target/debug/deps/oh_sim-ebf1eb517952f0f6)
server (ubuntu-latest)	Run cargo test --workspace --locked	2026-10-06T10:06:55.9098645Z
server (ubuntu-latest)	Run cargo test --workspace --locked	2026-10-06T10:06:55.9098887Z running 0 tests
server (ubuntu-latest)	Run cargo test --workspace --locked	2026-10-06T10:06:55.9099088Z
server (ubuntu-latest)	Run cargo test --workspace --locked	2026-10-06T10:06:55.9099474Z test result: ok. 0 passed; 0 failed; 0 ignored; 0 measured; 0 filtered out; finished in 0.00s
server (ubuntu-latest)	Run cargo test --workspace --locked	2026-10-06T10:06:55.9099836Z
server (ubuntu-latest)	Run cargo test --workspace --locked	2026-10-06T10:06:55.9101917Z      Running tests/scheduler.rs (target/debug/deps/scheduler-a0e7f4d5ab631f5b)
server (ubuntu-latest)	Run cargo test --workspace --locked	2026-10-06T10:06:55.9110309Z
server (ubuntu-latest)	Run cargo test --workspace --locked	2026-10-06T10:06:55.9110565Z running 8 tests
server (ubuntu-latest)	Run cargo test --workspace --locked	2026-10-06T10:06:55.9113916Z test hash_includes_seed_config_and_pending_commands ... ok
server (ubuntu-latest)	Run cargo test --workspace --locked	2026-10-06T10:06:55.9114774Z test calendar_leap_year_and_year_boundaries ... ok
server (ubuntu-latest)	Run cargo test --workspace --locked	2026-10-06T10:06:55.9115747Z test overflow_preserves_state_and_queued_commands_and_pause_still_works ... ok
server (ubuntu-latest)	Run cargo test --workspace --locked	2026-10-06T10:06:55.9121551Z test req_gen_05_commands_are_sorted_and_future_commands_wait ... ok
server (ubuntu-latest)	Run cargo test --workspace --locked	2026-10-06T10:06:55.9122523Z test req_time_01_pause_resume_and_five_data_driven_speeds ... ok
server (ubuntu-latest)	Run cargo test --workspace --locked	2026-10-06T10:06:55.9123489Z test time_defines_are_required_checked_and_change_host_pacing ... ok
server (ubuntu-latest)	Run cargo test --workspace --locked	2026-10-06T10:06:55.9124272Z test req_time_02_tick_day_month_snapshot_order ... ok
server (ubuntu-latest)	Run cargo test --workspace --locked	2026-10-06T10:06:55.9127081Z test req_gen_01_headless_state_and_hash_are_repeatable ... ok
server (ubuntu-latest)	Run cargo test --workspace --locked	2026-10-06T10:06:55.9127351Z
server (ubuntu-latest)	Run cargo test --workspace --locked	2026-10-06T10:06:55.9127757Z test result: ok. 8 passed; 0 failed; 0 ignored; 0 measured; 0 filtered out; finished in 0.00s
server (ubuntu-latest)	Run cargo test --workspace --locked	2026-10-06T10:06:55.9128117Z
server (ubuntu-latest)	Run cargo test --workspace --locked	2026-10-06T10:06:55.9128773Z    Doc-tests oh_ai
server (ubuntu-latest)	Run cargo test --workspace --locked	2026-10-06T10:06:55.9243534Z
server (ubuntu-latest)	Run cargo test --workspace --locked	2026-10-06T10:06:55.9244068Z running 0 tests
server (ubuntu-latest)	Run cargo test --workspace --locked	2026-10-06T10:06:55.9244341Z
server (ubuntu-latest)	Run cargo test --workspace --locked	2026-10-06T10:06:55.9244908Z test result: ok. 0 passed; 0 failed; 0 ignored; 0 measured; 0 filtered out; finished in 0.00s
server (ubuntu-latest)	Run cargo test --workspace --locked	2026-10-06T10:06:55.9245282Z
server (ubuntu-latest)	Run cargo test --workspace --locked	2026-10-06T10:06:55.9253034Z    Doc-tests oh_cli
server (ubuntu-latest)	Run cargo test --workspace --locked	2026-10-06T10:06:55.9436550Z
server (ubuntu-latest)	Run cargo test --workspace --locked	2026-10-06T10:06:55.9437096Z running 0 tests
server (ubuntu-latest)	Run cargo test --workspace --locked	2026-10-06T10:06:55.9437367Z
server (ubuntu-latest)	Run cargo test --workspace --locked	2026-10-06T10:06:55.9438210Z test result: ok. 0 passed; 0 failed; 0 ignored; 0 measured; 0 filtered out; finished in 0.00s
server (ubuntu-latest)	Run cargo test --workspace --locked	2026-10-06T10:06:55.9438579Z
server (ubuntu-latest)	Run cargo test --workspace --locked	2026-10-06T10:06:55.9449037Z    Doc-tests oh_core
server (ubuntu-latest)	Run cargo test --workspace --locked	2026-10-06T10:06:55.9749201Z
server (ubuntu-latest)	Run cargo test --workspace --locked	2026-10-06T10:06:55.9749779Z running 1 test
server (ubuntu-latest)	Run cargo test --workspace --locked	2026-10-06T10:06:56.0026870Z test crates/oh_core/src/ids.rs - ids (line 7) - compile fail ... ok
server (ubuntu-latest)	Run cargo test --workspace --locked	2026-10-06T10:06:56.0027326Z
server (ubuntu-latest)	Run cargo test --workspace --locked	2026-10-06T10:06:56.0027821Z test result: ok. 1 passed; 0 failed; 0 ignored; 0 measured; 0 filtered out; finished in 0.03s
server (ubuntu-latest)	Run cargo test --workspace --locked	2026-10-06T10:06:56.0028284Z
server (ubuntu-latest)	Run cargo test --workspace --locked	2026-10-06T10:06:56.0037401Z    Doc-tests oh_data
server (ubuntu-latest)	Run cargo test --workspace --locked	2026-10-06T10:06:56.0371032Z
server (ubuntu-latest)	Run cargo test --workspace --locked	2026-10-06T10:06:56.0371453Z running 0 tests
server (ubuntu-latest)	Run cargo test --workspace --locked	2026-10-06T10:06:56.0371653Z
server (ubuntu-latest)	Run cargo test --workspace --locked	2026-10-06T10:06:56.0372067Z test result: ok. 0 passed; 0 failed; 0 ignored; 0 measured; 0 filtered out; finished in 0.00s
server (ubuntu-latest)	Run cargo test --workspace --locked	2026-10-06T10:06:56.0372437Z
server (ubuntu-latest)	Run cargo test --workspace --locked	2026-10-06T10:06:56.0384651Z    Doc-tests oh_proto
server (ubuntu-latest)	Run cargo test --workspace --locked	2026-10-06T10:06:56.0970569Z
server (ubuntu-latest)	Run cargo test --workspace --locked	2026-10-06T10:06:56.0971078Z running 0 tests
server (ubuntu-latest)	Run cargo test --workspace --locked	2026-10-06T10:06:56.0971293Z
server (ubuntu-latest)	Run cargo test --workspace --locked	2026-10-06T10:06:56.0971749Z test result: ok. 0 passed; 0 failed; 0 ignored; 0 measured; 0 filtered out; finished in 0.00s
server (ubuntu-latest)	Run cargo test --workspace --locked	2026-10-06T10:06:56.0972109Z
server (ubuntu-latest)	Run cargo test --workspace --locked	2026-10-06T10:06:56.0985256Z    Doc-tests oh_save
server (ubuntu-latest)	Run cargo test --workspace --locked	2026-10-06T10:06:56.1103601Z
server (ubuntu-latest)	Run cargo test --workspace --locked	2026-10-06T10:06:56.1104157Z running 0 tests
server (ubuntu-latest)	Run cargo test --workspace --locked	2026-10-06T10:06:56.1104466Z
server (ubuntu-latest)	Run cargo test --workspace --locked	2026-10-06T10:06:56.1105128Z test result: ok. 0 passed; 0 failed; 0 ignored; 0 measured; 0 filtered out; finished in 0.00s
server (ubuntu-latest)	Run cargo test --workspace --locked	2026-10-06T10:06:56.1105588Z
server (ubuntu-latest)	Run cargo test --workspace --locked	2026-10-06T10:06:56.1114503Z    Doc-tests oh_server
server (ubuntu-latest)	Run cargo test --workspace --locked	2026-10-06T10:06:56.1461547Z
server (ubuntu-latest)	Run cargo test --workspace --locked	2026-10-06T10:06:56.1462198Z running 0 tests
server (ubuntu-latest)	Run cargo test --workspace --locked	2026-10-06T10:06:56.1462553Z
server (ubuntu-latest)	Run cargo test --workspace --locked	2026-10-06T10:06:56.1463165Z test result: ok. 0 passed; 0 failed; 0 ignored; 0 measured; 0 filtered out; finished in 0.00s
server (ubuntu-latest)	Run cargo test --workspace --locked	2026-10-06T10:06:56.1463549Z
server (ubuntu-latest)	Run cargo test --workspace --locked	2026-10-06T10:06:56.1478995Z    Doc-tests oh_sim
server (ubuntu-latest)	Run cargo test --workspace --locked	2026-10-06T10:06:56.1725367Z
server (ubuntu-latest)	Run cargo test --workspace --locked	2026-10-06T10:06:56.1725980Z running 1 test
server (ubuntu-latest)	Run cargo test --workspace --locked	2026-10-06T10:06:56.1961725Z test crates/oh_sim/src/lib.rs - State (line 64) - compile fail ... ok
server (ubuntu-latest)	Run cargo test --workspace --locked	2026-10-06T10:06:56.1962316Z
server (ubuntu-latest)	Run cargo test --workspace --locked	2026-10-06T10:06:56.1962981Z test result: ok. 1 passed; 0 failed; 0 ignored; 0 measured; 0 filtered out; finished in 0.02s
server (ubuntu-latest)	Run cargo test --workspace --locked	2026-10-06T10:06:56.1963623Z
server (ubuntu-latest)	Run actions/setup-python@v7.0.0	﻿2026-10-06T10:06:56.2113281Z ##[group]Run actions/setup-python@v7.0.0
server (ubuntu-latest)	Run actions/setup-python@v7.0.0	2026-10-06T10:06:56.2113631Z with:
server (ubuntu-latest)	Run actions/setup-python@v7.0.0	2026-10-06T10:06:56.2113832Z   python-version: 3.11
server (ubuntu-latest)	Run actions/setup-python@v7.0.0	2026-10-06T10:06:56.2114057Z   check-latest: false
server (ubuntu-latest)	Run actions/setup-python@v7.0.0	2026-10-06T10:06:56.2116431Z   token: ***
server (ubuntu-latest)	Run actions/setup-python@v7.0.0	2026-10-06T10:06:56.2116663Z   update-environment: true
server (ubuntu-latest)	Run actions/setup-python@v7.0.0	2026-10-06T10:06:56.2116907Z   allow-prereleases: false
server (ubuntu-latest)	Run actions/setup-python@v7.0.0	2026-10-06T10:06:56.2117139Z   freethreaded: false
server (ubuntu-latest)	Run actions/setup-python@v7.0.0	2026-10-06T10:06:56.2117348Z ##[endgroup]
server (ubuntu-latest)	Run actions/setup-python@v7.0.0	2026-10-06T10:06:56.3355248Z ##[group]Installed versions
server (ubuntu-latest)	Run actions/setup-python@v7.0.0	2026-10-06T10:06:56.3460301Z Successfully set up CPython (3.11.16)
server (ubuntu-latest)	Run actions/setup-python@v7.0.0	2026-10-06T10:06:56.3461131Z ##[endgroup]
server (ubuntu-latest)	Enforce simulation dependency boundaries	﻿2026-10-06T10:06:56.3589091Z ##[group]Run python tools/check_architecture.py
server (ubuntu-latest)	Enforce simulation dependency boundaries	2026-10-06T10:06:56.3589487Z [36;1mpython tools/check_architecture.py[0m
server (ubuntu-latest)	Enforce simulation dependency boundaries	2026-10-06T10:06:56.3816936Z shell: /usr/bin/bash -e {0}
server (ubuntu-latest)	Enforce simulation dependency boundaries	2026-10-06T10:06:56.3817220Z env:
server (ubuntu-latest)	Enforce simulation dependency boundaries	2026-10-06T10:06:56.3817511Z   pythonLocation: /opt/hostedtoolcache/Python/3.11.16/x64
server (ubuntu-latest)	Enforce simulation dependency boundaries	2026-10-06T10:06:56.3818008Z   PKG_CONFIG_PATH: /opt/hostedtoolcache/Python/3.11.16/x64/lib/pkgconfig
server (ubuntu-latest)	Enforce simulation dependency boundaries	2026-10-06T10:06:56.3818470Z   Python_ROOT_DIR: /opt/hostedtoolcache/Python/3.11.16/x64
server (ubuntu-latest)	Enforce simulation dependency boundaries	2026-10-06T10:06:56.3818898Z   Python2_ROOT_DIR: /opt/hostedtoolcache/Python/3.11.16/x64
server (ubuntu-latest)	Enforce simulation dependency boundaries	2026-10-06T10:06:56.3819334Z   Python3_ROOT_DIR: /opt/hostedtoolcache/Python/3.11.16/x64
server (ubuntu-latest)	Enforce simulation dependency boundaries	2026-10-06T10:06:56.3819752Z   LD_LIBRARY_PATH: /opt/hostedtoolcache/Python/3.11.16/x64/lib
server (ubuntu-latest)	Enforce simulation dependency boundaries	2026-10-06T10:06:56.3820422Z ##[endgroup]
server (ubuntu-latest)	Enforce simulation dependency boundaries	2026-10-06T10:06:56.9612203Z  Downloading crates ...
server (ubuntu-latest)	Enforce simulation dependency boundaries	2026-10-06T10:06:56.9941148Z   Downloaded winapi-util v0.1.11
server (ubuntu-latest)	Enforce simulation dependency boundaries	2026-10-06T10:06:56.9957566Z   Downloaded crunchy v0.2.4
server (ubuntu-latest)	Enforce simulation dependency boundaries	2026-10-06T10:06:56.9982432Z   Downloaded wasi v0.11.1+wasi-snapshot-preview1
server (ubuntu-latest)	Enforce simulation dependency boundaries	2026-10-06T10:06:57.0018211Z   Downloaded r-efi v5.3.0
server (ubuntu-latest)	Enforce simulation dependency boundaries	2026-10-06T10:06:57.0085837Z   Downloaded windows-link v0.2.1
server (ubuntu-latest)	Enforce simulation dependency boundaries	2026-10-06T10:06:57.0125462Z   Downloaded wit-bindgen v0.57.1
server (ubuntu-latest)	Enforce simulation dependency boundaries	2026-10-06T10:06:57.0160803Z   Downloaded wasip2 v1.0.4+wasi-0.2.12
server (ubuntu-latest)	Enforce simulation dependency boundaries	2026-10-06T10:06:57.0411797Z   Downloaded windows-sys v0.61.2
server (ubuntu-latest)	Enforce simulation dependency boundaries	2026-10-06T10:06:57.1883976Z oh_ai v0.1.0 (/home/runner/work/OpenHOI4/OpenHOI4/crates/oh_ai)
server (ubuntu-latest)	Enforce simulation dependency boundaries	2026-10-06T10:06:57.1886006Z └── oh_sim v0.1.0 (/home/runner/work/OpenHOI4/OpenHOI4/crates/oh_sim)
server (ubuntu-latest)	Enforce simulation dependency boundaries	2026-10-06T10:06:57.1886987Z     ├── oh_core v0.1.0 (/home/runner/work/OpenHOI4/OpenHOI4/crates/oh_core)
server (ubuntu-latest)	Enforce simulation dependency boundaries	2026-10-06T10:06:57.1887694Z     │   ├── fixed v1.31.0
server (ubuntu-latest)	Enforce simulation dependency boundaries	2026-10-06T10:06:57.1888136Z     │   │   ├── az v1.3.0
server (ubuntu-latest)	Enforce simulation dependency boundaries	2026-10-06T10:06:57.1888626Z     │   │   ├── bytemuck v1.25.2
server (ubuntu-latest)	Enforce simulation dependency boundaries	2026-10-06T10:06:57.1889104Z     │   │   ├── half v2.7.1
server (ubuntu-latest)	Enforce simulation dependency boundaries	2026-10-06T10:06:57.1889599Z     │   │   │   ├── cfg-if v1.0.5
server (ubuntu-latest)	Enforce simulation dependency boundaries	2026-10-06T10:06:57.1890416Z     │   │   │   └── zerocopy v0.8.60
server (ubuntu-latest)	Enforce simulation dependency boundaries	2026-10-06T10:06:57.1891104Z     │   │   │       └── zerocopy-derive v0.8.60 (proc-macro)
server (ubuntu-latest)	Enforce simulation dependency boundaries	2026-10-06T10:06:57.1891857Z     │   │   │           ├── proc-macro2 v1.0.107
server (ubuntu-latest)	Enforce simulation dependency boundaries	2026-10-06T10:06:57.1892528Z     │   │   │           │   └── unicode-ident v1.0.26
server (ubuntu-latest)	Enforce simulation dependency boundaries	2026-10-06T10:06:57.1893170Z     │   │   │           ├── quote v1.0.47
server (ubuntu-latest)	Enforce simulation dependency boundaries	2026-10-06T10:06:57.1893826Z     │   │   │           │   └── proc-macro2 v1.0.107 (*)
server (ubuntu-latest)	Enforce simulation dependency boundaries	2026-10-06T10:06:57.1894465Z     │   │   │           └── syn v2.0.119
server (ubuntu-latest)	Enforce simulation dependency boundaries	2026-10-06T10:06:57.1895151Z     │   │   │               ├── proc-macro2 v1.0.107 (*)
server (ubuntu-latest)	Enforce simulation dependency boundaries	2026-10-06T10:06:57.1895800Z     │   │   │               ├── quote v1.0.47 (*)
server (ubuntu-latest)	Enforce simulation dependency boundaries	2026-10-06T10:06:57.1896451Z     │   │   │               └── unicode-ident v1.0.26
server (ubuntu-latest)	Enforce simulation dependency boundaries	2026-10-06T10:06:57.1897039Z     │   │   ├── serde v1.0.229
server (ubuntu-latest)	Enforce simulation dependency boundaries	2026-10-06T10:06:57.1897561Z     │   │   │   ├── serde_core v1.0.229
server (ubuntu-latest)	Enforce simulation dependency boundaries	2026-10-06T10:06:57.1898184Z     │   │   │   └── serde_derive v1.0.229 (proc-macro)
server (ubuntu-latest)	Enforce simulation dependency boundaries	2026-10-06T10:06:57.1898828Z     │   │   │       ├── proc-macro2 v1.0.107 (*)
server (ubuntu-latest)	Enforce simulation dependency boundaries	2026-10-06T10:06:57.1899423Z     │   │   │       ├── quote v1.0.47 (*)
server (ubuntu-latest)	Enforce simulation dependency boundaries	2026-10-06T10:06:57.1900216Z     │   │   │       └── syn v3.0.6
server (ubuntu-latest)	Enforce simulation dependency boundaries	2026-10-06T10:06:57.1900839Z     │   │   │           ├── proc-macro2 v1.0.107 (*)
server (ubuntu-latest)	Enforce simulation dependency boundaries	2026-10-06T10:06:57.1901480Z     │   │   │           ├── quote v1.0.47 (*)
server (ubuntu-latest)	Enforce simulation dependency boundaries	2026-10-06T10:06:57.1902105Z     │   │   │           └── unicode-ident v1.0.26
server (ubuntu-latest)	Enforce simulation dependency boundaries	2026-10-06T10:06:57.1902633Z     │   │   └── typenum v1.20.1
server (ubuntu-latest)	Enforce simulation dependency boundaries	2026-10-06T10:06:57.1903071Z     │   ├── postcard v1.1.3
server (ubuntu-latest)	Enforce simulation dependency boundaries	2026-10-06T10:06:57.1903494Z     │   │   ├── cobs v0.3.0
server (ubuntu-latest)	Enforce simulation dependency boundaries	2026-10-06T10:06:57.1903986Z     │   │   │   └── thiserror v2.0.21
server (ubuntu-latest)	Enforce simulation dependency boundaries	2026-10-06T10:06:57.1904708Z     │   │   │       └── thiserror-impl v2.0.21 (proc-macro)
server (ubuntu-latest)	Enforce simulation dependency boundaries	2026-10-06T10:06:57.1905350Z     │   │   │           ├── proc-macro2 v1.0.107 (*)
server (ubuntu-latest)	Enforce simulation dependency boundaries	2026-10-06T10:06:57.1905919Z     │   │   │           ├── quote v1.0.47 (*)
server (ubuntu-latest)	Enforce simulation dependency boundaries	2026-10-06T10:06:57.1906433Z     │   │   │           └── syn v3.0.6 (*)
server (ubuntu-latest)	Enforce simulation dependency boundaries	2026-10-06T10:06:57.1906969Z     │   │   └── serde v1.0.229 (*)
server (ubuntu-latest)	Enforce simulation dependency boundaries	2026-10-06T10:06:57.1907445Z     │   ├── rand_chacha v0.10.0
server (ubuntu-latest)	Enforce simulation dependency boundaries	2026-10-06T10:06:57.1908340Z     │   │   ├── ppv-lite86 v0.2.21
server (ubuntu-latest)	Enforce simulation dependency boundaries	2026-10-06T10:06:57.1908860Z     │   │   │   └── zerocopy v0.8.60 (*)
server (ubuntu-latest)	Enforce simulation dependency boundaries	2026-10-06T10:06:57.1909374Z     │   │   └── rand_core v0.10.1
server (ubuntu-latest)	Enforce simulation dependency boundaries	2026-10-06T10:06:57.1909885Z     │   └── serde v1.0.229 (*)
server (ubuntu-latest)	Enforce simulation dependency boundaries	2026-10-06T10:06:57.1910663Z     ├── oh_data v0.1.0 (/home/runner/work/OpenHOI4/OpenHOI4/crates/oh_data)
server (ubuntu-latest)	Enforce simulation dependency boundaries	2026-10-06T10:06:57.1911089Z     │   ├── fixed v1.31.0 (*)
server (ubuntu-latest)	Enforce simulation dependency boundaries	2026-10-06T10:06:57.1911553Z     │   ├── oh_core v0.1.0 (/home/runner/work/OpenHOI4/OpenHOI4/crates/oh_core) (*)
server (ubuntu-latest)	Enforce simulation dependency boundaries	2026-10-06T10:06:57.1912008Z     │   ├── schemars v1.2.2
server (ubuntu-latest)	Enforce simulation dependency boundaries	2026-10-06T10:06:57.1912312Z     │   │   ├── dyn-clone v1.0.20
server (ubuntu-latest)	Enforce simulation dependency boundaries	2026-10-06T10:06:57.1912621Z     │   │   ├── ref-cast v1.0.27
server (ubuntu-latest)	Enforce simulation dependency boundaries	2026-10-06T10:06:57.1912985Z     │   │   │   └── ref-cast-impl v1.0.27 (proc-macro)
server (ubuntu-latest)	Enforce simulation dependency boundaries	2026-10-06T10:06:57.1913382Z     │   │   │       ├── proc-macro2 v1.0.107 (*)
server (ubuntu-latest)	Enforce simulation dependency boundaries	2026-10-06T10:06:57.1913732Z     │   │   │       ├── quote v1.0.47 (*)
server (ubuntu-latest)	Enforce simulation dependency boundaries	2026-10-06T10:06:57.1914071Z     │   │   │       └── syn v3.0.6 (*)
server (ubuntu-latest)	Enforce simulation dependency boundaries	2026-10-06T10:06:57.1914442Z     │   │   ├── schemars_derive v1.2.2 (proc-macro)
server (ubuntu-latest)	Enforce simulation dependency boundaries	2026-10-06T10:06:57.1914816Z     │   │   │   ├── proc-macro2 v1.0.107 (*)
server (ubuntu-latest)	Enforce simulation dependency boundaries	2026-10-06T10:06:57.1915149Z     │   │   │   ├── quote v1.0.47 (*)
server (ubuntu-latest)	Enforce simulation dependency boundaries	2026-10-06T10:06:57.1915502Z     │   │   │   ├── serde_derive_internals v0.30.0
server (ubuntu-latest)	Enforce simulation dependency boundaries	2026-10-06T10:06:57.1915876Z     │   │   │   │   ├── proc-macro2 v1.0.107 (*)
server (ubuntu-latest)	Enforce simulation dependency boundaries	2026-10-06T10:06:57.1916221Z     │   │   │   │   ├── quote v1.0.47 (*)
server (ubuntu-latest)	Enforce simulation dependency boundaries	2026-10-06T10:06:57.1916743Z     │   │   │   │   └── syn v3.0.6 (*)
server (ubuntu-latest)	Enforce simulation dependency boundaries	2026-10-06T10:06:57.1917052Z     │   │   │   └── syn v3.0.6 (*)
server (ubuntu-latest)	Enforce simulation dependency boundaries	2026-10-06T10:06:57.1917348Z     │   │   ├── semver v1.0.28
server (ubuntu-latest)	Enforce simulation dependency boundaries	2026-10-06T10:06:57.1917635Z     │   │   ├── serde v1.0.229 (*)
server (ubuntu-latest)	Enforce simulation dependency boundaries	2026-10-06T10:06:57.1917958Z     │   │   └── serde_json v1.0.151
server (ubuntu-latest)	Enforce simulation dependency boundaries	2026-10-06T10:06:57.1918265Z     │   │       ├── itoa v1.0.18
server (ubuntu-latest)	Enforce simulation dependency boundaries	2026-10-06T10:06:57.1918562Z     │   │       ├── memchr v2.8.3
server (ubuntu-latest)	Enforce simulation dependency boundaries	2026-10-06T10:06:57.1918872Z     │   │       ├── serde_core v1.0.229
server (ubuntu-latest)	Enforce simulation dependency boundaries	2026-10-06T10:06:57.1919181Z     │   │       └── zmij v1.0.23
server (ubuntu-latest)	Enforce simulation dependency boundaries	2026-10-06T10:06:57.1919474Z     │   ├── semver v1.0.28
server (ubuntu-latest)	Enforce simulation dependency boundaries	2026-10-06T10:06:57.1919752Z     │   ├── serde v1.0.229 (*)
server (ubuntu-latest)	Enforce simulation dependency boundaries	2026-10-06T10:06:57.1920430Z     │   ├── serde_json v1.0.151 (*)
server (ubuntu-latest)	Enforce simulation dependency boundaries	2026-10-06T10:06:57.1920783Z     │   └── toml v1.1.6+spec-1.1.0
server (ubuntu-latest)	Enforce simulation dependency boundaries	2026-10-06T10:06:57.1921098Z     │       ├── serde_core v1.0.229
server (ubuntu-latest)	Enforce simulation dependency boundaries	2026-10-06T10:06:57.1921411Z     │       ├── serde_spanned v1.1.1
server (ubuntu-latest)	Enforce simulation dependency boundaries	2026-10-06T10:06:57.1921739Z     │       │   └── serde_core v1.0.229
server (ubuntu-latest)	Enforce simulation dependency boundaries	2026-10-06T10:06:57.1922109Z     │       ├── toml_datetime v1.1.1+spec-1.1.0
server (ubuntu-latest)	Enforce simulation dependency boundaries	2026-10-06T10:06:57.1922466Z     │       │   └── serde_core v1.0.229
server (ubuntu-latest)	Enforce simulation dependency boundaries	2026-10-06T10:06:57.1922809Z     │       ├── toml_parser v1.1.3+spec-1.1.0
server (ubuntu-latest)	Enforce simulation dependency boundaries	2026-10-06T10:06:57.1923137Z     │       │   └── winnow v1.0.4
server (ubuntu-latest)	Enforce simulation dependency boundaries	2026-10-06T10:06:57.1923463Z     │       ├── toml_writer v1.1.2+spec-1.1.0
server (ubuntu-latest)	Enforce simulation dependency boundaries	2026-10-06T10:06:57.1923773Z     │       └── winnow v1.0.4
server (ubuntu-latest)	Enforce simulation dependency boundaries	2026-10-06T10:06:57.1924045Z     └── serde v1.0.229 (*)
server (ubuntu-latest)	Enforce simulation dependency boundaries	2026-10-06T10:06:57.2450956Z oh_core v0.1.0 (/home/runner/work/OpenHOI4/OpenHOI4/crates/oh_core)
server (ubuntu-latest)	Enforce simulation dependency boundaries	2026-10-06T10:06:57.2452113Z ├── fixed v1.31.0
server (ubuntu-latest)	Enforce simulation dependency boundaries	2026-10-06T10:06:57.2452451Z │   ├── az v1.3.0
server (ubuntu-latest)	Enforce simulation dependency boundaries	2026-10-06T10:06:57.2452783Z │   ├── bytemuck v1.25.2
server (ubuntu-latest)	Enforce simulation dependency boundaries	2026-10-06T10:06:57.2453124Z │   ├── half v2.7.1
server (ubuntu-latest)	Enforce simulation dependency boundaries	2026-10-06T10:06:57.2453450Z │   │   ├── cfg-if v1.0.5
server (ubuntu-latest)	Enforce simulation dependency boundaries	2026-10-06T10:06:57.2453817Z │   │   └── zerocopy v0.8.60
server (ubuntu-latest)	Enforce simulation dependency boundaries	2026-10-06T10:06:57.2454314Z │   │       └── zerocopy-derive v0.8.60 (proc-macro)
server (ubuntu-latest)	Enforce simulation dependency boundaries	2026-10-06T10:06:57.2454848Z │   │           ├── proc-macro2 v1.0.107
server (ubuntu-latest)	Enforce simulation dependency boundaries	2026-10-06T10:06:57.2455367Z │   │           │   └── unicode-ident v1.0.26
server (ubuntu-latest)	Enforce simulation dependency boundaries	2026-10-06T10:06:57.2455826Z │   │           ├── quote v1.0.47
server (ubuntu-latest)	Enforce simulation dependency boundaries	2026-10-06T10:06:57.2456299Z │   │           │   └── proc-macro2 v1.0.107 (*)
server (ubuntu-latest)	Enforce simulation dependency boundaries	2026-10-06T10:06:57.2456757Z │   │           └── syn v2.0.119
server (ubuntu-latest)	Enforce simulation dependency boundaries	2026-10-06T10:06:57.2457221Z │   │               ├── proc-macro2 v1.0.107 (*)
server (ubuntu-latest)	Enforce simulation dependency boundaries	2026-10-06T10:06:57.2457696Z │   │               ├── quote v1.0.47 (*)
server (ubuntu-latest)	Enforce simulation dependency boundaries	2026-10-06T10:06:57.2458173Z │   │               └── unicode-ident v1.0.26
server (ubuntu-latest)	Enforce simulation dependency boundaries	2026-10-06T10:06:57.2458580Z │   ├── serde v1.0.229
server (ubuntu-latest)	Enforce simulation dependency boundaries	2026-10-06T10:06:57.2459317Z │   │   ├── serde_core v1.0.229
server (ubuntu-latest)	Enforce simulation dependency boundaries	2026-10-06T10:06:57.2459779Z │   │   └── serde_derive v1.0.229 (proc-macro)
server (ubuntu-latest)	Enforce simulation dependency boundaries	2026-10-06T10:06:57.2460560Z │   │       ├── proc-macro2 v1.0.107 (*)
server (ubuntu-latest)	Enforce simulation dependency boundaries	2026-10-06T10:06:57.2461005Z │   │       ├── quote v1.0.47 (*)
server (ubuntu-latest)	Enforce simulation dependency boundaries	2026-10-06T10:06:57.2461377Z │   │       └── syn v3.0.6
server (ubuntu-latest)	Enforce simulation dependency boundaries	2026-10-06T10:06:57.2461806Z │   │           ├── proc-macro2 v1.0.107 (*)
server (ubuntu-latest)	Enforce simulation dependency boundaries	2026-10-06T10:06:57.2462269Z │   │           ├── quote v1.0.47 (*)
server (ubuntu-latest)	Enforce simulation dependency boundaries	2026-10-06T10:06:57.2462917Z │   │           └── unicode-ident v1.0.26
server (ubuntu-latest)	Enforce simulation dependency boundaries	2026-10-06T10:06:57.2463335Z │   └── typenum v1.20.1
server (ubuntu-latest)	Enforce simulation dependency boundaries	2026-10-06T10:06:57.2463665Z ├── postcard v1.1.3
server (ubuntu-latest)	Enforce simulation dependency boundaries	2026-10-06T10:06:57.2463977Z │   ├── cobs v0.3.0
server (ubuntu-latest)	Enforce simulation dependency boundaries	2026-10-06T10:06:57.2464488Z │   │   └── thiserror v2.0.21
server (ubuntu-latest)	Enforce simulation dependency boundaries	2026-10-06T10:06:57.2465290Z │   │       └── thiserror-impl v2.0.21 (proc-macro)
server (ubuntu-latest)	Enforce simulation dependency boundaries	2026-10-06T10:06:57.2465927Z │   │           ├── proc-macro2 v1.0.107 (*)
server (ubuntu-latest)	Enforce simulation dependency boundaries	2026-10-06T10:06:57.2466518Z │   │           ├── quote v1.0.47 (*)
server (ubuntu-latest)	Enforce simulation dependency boundaries	2026-10-06T10:06:57.2467086Z │   │           └── syn v3.0.6 (*)
server (ubuntu-latest)	Enforce simulation dependency boundaries	2026-10-06T10:06:57.2467607Z │   └── serde v1.0.229 (*)
server (ubuntu-latest)	Enforce simulation dependency boundaries	2026-10-06T10:06:57.2468049Z ├── rand_chacha v0.10.0
server (ubuntu-latest)	Enforce simulation dependency boundaries	2026-10-06T10:06:57.2468489Z │   ├── ppv-lite86 v0.2.21
server (ubuntu-latest)	Enforce simulation dependency boundaries	2026-10-06T10:06:57.2469000Z │   │   └── zerocopy v0.8.60 (*)
server (ubuntu-latest)	Enforce simulation dependency boundaries	2026-10-06T10:06:57.2469515Z │   └── rand_core v0.10.1
server (ubuntu-latest)	Enforce simulation dependency boundaries	2026-10-06T10:06:57.2470154Z └── serde v1.0.229 (*)
server (ubuntu-latest)	Enforce simulation dependency boundaries	2026-10-06T10:06:57.3053637Z oh_data v0.1.0 (/home/runner/work/OpenHOI4/OpenHOI4/crates/oh_data)
server (ubuntu-latest)	Enforce simulation dependency boundaries	2026-10-06T10:06:57.3054707Z ├── fixed v1.31.0
server (ubuntu-latest)	Enforce simulation dependency boundaries	2026-10-06T10:06:57.3055256Z │   ├── az v1.3.0
server (ubuntu-latest)	Enforce simulation dependency boundaries	2026-10-06T10:06:57.3055832Z │   ├── bytemuck v1.25.2
server (ubuntu-latest)	Enforce simulation dependency boundaries	2026-10-06T10:06:57.3056373Z │   ├── half v2.7.1
server (ubuntu-latest)	Enforce simulation dependency boundaries	2026-10-06T10:06:57.3056891Z │   │   ├── cfg-if v1.0.5
server (ubuntu-latest)	Enforce simulation dependency boundaries	2026-10-06T10:06:57.3057459Z │   │   └── zerocopy v0.8.60
server (ubuntu-latest)	Enforce simulation dependency boundaries	2026-10-06T10:06:57.3058227Z │   │       └── zerocopy-derive v0.8.60 (proc-macro)
server (ubuntu-latest)	Enforce simulation dependency boundaries	2026-10-06T10:06:57.3059076Z │   │           ├── proc-macro2 v1.0.107
server (ubuntu-latest)	Enforce simulation dependency boundaries	2026-10-06T10:06:57.3060242Z │   │           │   └── unicode-ident v1.0.26
server (ubuntu-latest)	Enforce simulation dependency boundaries	2026-10-06T10:06:57.3060942Z │   │           ├── quote v1.0.47
server (ubuntu-latest)	Enforce simulation dependency boundaries	2026-10-06T10:06:57.3061454Z │   │           │   └── proc-macro2 v1.0.107 (*)
server (ubuntu-latest)	Enforce simulation dependency boundaries	2026-10-06T10:06:57.3061918Z │   │           └── syn v2.0.119
server (ubuntu-latest)	Enforce simulation dependency boundaries	2026-10-06T10:06:57.3062374Z │   │               ├── proc-macro2 v1.0.107 (*)
server (ubuntu-latest)	Enforce simulation dependency boundaries	2026-10-06T10:06:57.3062851Z │   │               ├── quote v1.0.47 (*)
server (ubuntu-latest)	Enforce simulation dependency boundaries	2026-10-06T10:06:57.3063667Z │   │               └── unicode-ident v1.0.26
server (ubuntu-latest)	Enforce simulation dependency boundaries	2026-10-06T10:06:57.3064224Z │   ├── serde v1.0.229
server (ubuntu-latest)	Enforce simulation dependency boundaries	2026-10-06T10:06:57.3064770Z │   │   ├── serde_core v1.0.229
server (ubuntu-latest)	Enforce simulation dependency boundaries	2026-10-06T10:06:57.3065506Z │   │   └── serde_derive v1.0.229 (proc-macro)
server (ubuntu-latest)	Enforce simulation dependency boundaries	2026-10-06T10:06:57.3066323Z │   │       ├── proc-macro2 v1.0.107 (*)
server (ubuntu-latest)	Enforce simulation dependency boundaries	2026-10-06T10:06:57.3066953Z │   │       ├── quote v1.0.47 (*)
server (ubuntu-latest)	Enforce simulation dependency boundaries	2026-10-06T10:06:57.3067388Z │   │       └── syn v3.0.6
server (ubuntu-latest)	Enforce simulation dependency boundaries	2026-10-06T10:06:57.3067746Z │   │           ├── proc-macro2 v1.0.107 (*)
server (ubuntu-latest)	Enforce simulation dependency boundaries	2026-10-06T10:06:57.3068126Z │   │           ├── quote v1.0.47 (*)
server (ubuntu-latest)	Enforce simulation dependency boundaries	2026-10-06T10:06:57.3068480Z │   │           └── unicode-ident v1.0.26
server (ubuntu-latest)	Enforce simulation dependency boundaries	2026-10-06T10:06:57.3068791Z │   └── typenum v1.20.1
server (ubuntu-latest)	Enforce simulation dependency boundaries	2026-10-06T10:06:57.3069638Z ├── oh_core v0.1.0 (/home/runner/work/OpenHOI4/OpenHOI4/crates/oh_core)
server (ubuntu-latest)	Enforce simulation dependency boundaries	2026-10-06T10:06:57.3070427Z │   ├── fixed v1.31.0 (*)
server (ubuntu-latest)	Enforce simulation dependency boundaries	2026-10-06T10:06:57.3070743Z │   ├── postcard v1.1.3
server (ubuntu-latest)	Enforce simulation dependency boundaries	2026-10-06T10:06:57.3071026Z │   │   ├── cobs v0.3.0
server (ubuntu-latest)	Enforce simulation dependency boundaries	2026-10-06T10:06:57.3071332Z │   │   │   └── thiserror v2.0.21
server (ubuntu-latest)	Enforce simulation dependency boundaries	2026-10-06T10:06:57.3071741Z │   │   │       └── thiserror-impl v2.0.21 (proc-macro)
server (ubuntu-latest)	Enforce simulation dependency boundaries	2026-10-06T10:06:57.3072162Z │   │   │           ├── proc-macro2 v1.0.107 (*)
server (ubuntu-latest)	Enforce simulation dependency boundaries	2026-10-06T10:06:57.3072562Z │   │   │           ├── quote v1.0.47 (*)
server (ubuntu-latest)	Enforce simulation dependency boundaries	2026-10-06T10:06:57.3072916Z │   │   │           └── syn v3.0.6 (*)
server (ubuntu-latest)	Enforce simulation dependency boundaries	2026-10-06T10:06:57.3073257Z │   │   └── serde v1.0.229 (*)
server (ubuntu-latest)	Enforce simulation dependency boundaries	2026-10-06T10:06:57.3073551Z │   ├── rand_chacha v0.10.0
server (ubuntu-latest)	Enforce simulation dependency boundaries	2026-10-06T10:06:57.3073857Z │   │   ├── ppv-lite86 v0.2.21
server (ubuntu-latest)	Enforce simulation dependency boundaries	2026-10-06T10:06:57.3074184Z │   │   │   └── zerocopy v0.8.60 (*)
server (ubuntu-latest)	Enforce simulation dependency boundaries	2026-10-06T10:06:57.3074512Z │   │   └── rand_core v0.10.1
server (ubuntu-latest)	Enforce simulation dependency boundaries	2026-10-06T10:06:57.3074808Z │   └── serde v1.0.229 (*)
server (ubuntu-latest)	Enforce simulation dependency boundaries	2026-10-06T10:06:57.3075082Z ├── schemars v1.2.2
server (ubuntu-latest)	Enforce simulation dependency boundaries	2026-10-06T10:06:57.3075356Z │   ├── dyn-clone v1.0.20
server (ubuntu-latest)	Enforce simulation dependency boundaries	2026-10-06T10:06:57.3075630Z │   ├── ref-cast v1.0.27
server (ubuntu-latest)	Enforce simulation dependency boundaries	2026-10-06T10:06:57.3075984Z │   │   └── ref-cast-impl v1.0.27 (proc-macro)
server (ubuntu-latest)	Enforce simulation dependency boundaries	2026-10-06T10:06:57.3076695Z │   │       ├── proc-macro2 v1.0.107 (*)
server (ubuntu-latest)	Enforce simulation dependency boundaries	2026-10-06T10:06:57.3077297Z │   │       ├── quote v1.0.47 (*)
server (ubuntu-latest)	Enforce simulation dependency boundaries	2026-10-06T10:06:57.3077793Z │   │       └── syn v3.0.6 (*)
server (ubuntu-latest)	Enforce simulation dependency boundaries	2026-10-06T10:06:57.3078329Z │   ├── schemars_derive v1.2.2 (proc-macro)
server (ubuntu-latest)	Enforce simulation dependency boundaries	2026-10-06T10:06:57.3079131Z │   │   ├── proc-macro2 v1.0.107 (*)
server (ubuntu-latest)	Enforce simulation dependency boundaries	2026-10-06T10:06:57.3079614Z │   │   ├── quote v1.0.47 (*)
server (ubuntu-latest)	Enforce simulation dependency boundaries	2026-10-06T10:06:57.3080360Z │   │   ├── serde_derive_internals v0.30.0
server (ubuntu-latest)	Enforce simulation dependency boundaries	2026-10-06T10:06:57.3080956Z │   │   │   ├── proc-macro2 v1.0.107 (*)
server (ubuntu-latest)	Enforce simulation dependency boundaries	2026-10-06T10:06:57.3081499Z │   │   │   ├── quote v1.0.47 (*)
server (ubuntu-latest)	Enforce simulation dependency boundaries	2026-10-06T10:06:57.3081995Z │   │   │   └── syn v3.0.6 (*)
server (ubuntu-latest)	Enforce simulation dependency boundaries	2026-10-06T10:06:57.3082421Z │   │   └── syn v3.0.6 (*)
server (ubuntu-latest)	Enforce simulation dependency boundaries	2026-10-06T10:06:57.3082829Z │   ├── semver v1.0.28
server (ubuntu-latest)	Enforce simulation dependency boundaries	2026-10-06T10:06:57.3083236Z │   ├── serde v1.0.229 (*)
server (ubuntu-latest)	Enforce simulation dependency boundaries	2026-10-06T10:06:57.3083667Z │   └── serde_json v1.0.151
server (ubuntu-latest)	Enforce simulation dependency boundaries	2026-10-06T10:06:57.3084124Z │       ├── itoa v1.0.18
server (ubuntu-latest)	Enforce simulation dependency boundaries	2026-10-06T10:06:57.3084546Z │       ├── memchr v2.8.3
server (ubuntu-latest)	Enforce simulation dependency boundaries	2026-10-06T10:06:57.3085038Z │       ├── serde_core v1.0.229
server (ubuntu-latest)	Enforce simulation dependency boundaries	2026-10-06T10:06:57.3085511Z │       └── zmij v1.0.23
server (ubuntu-latest)	Enforce simulation dependency boundaries	2026-10-06T10:06:57.3085934Z ├── semver v1.0.28
server (ubuntu-latest)	Enforce simulation dependency boundaries	2026-10-06T10:06:57.3086335Z ├── serde v1.0.229 (*)
server (ubuntu-latest)	Enforce simulation dependency boundaries	2026-10-06T10:06:57.3086822Z ├── serde_json v1.0.151 (*)
server (ubuntu-latest)	Enforce simulation dependency boundaries	2026-10-06T10:06:57.3087308Z └── toml v1.1.6+spec-1.1.0
server (ubuntu-latest)	Enforce simulation dependency boundaries	2026-10-06T10:06:57.3087779Z     ├── serde_core v1.0.229
server (ubuntu-latest)	Enforce simulation dependency boundaries	2026-10-06T10:06:57.3088234Z     ├── serde_spanned v1.1.1
server (ubuntu-latest)	Enforce simulation dependency boundaries	2026-10-06T10:06:57.3088734Z     │   └── serde_core v1.0.229
server (ubuntu-latest)	Enforce simulation dependency boundaries	2026-10-06T10:06:57.3089268Z     ├── toml_datetime v1.1.1+spec-1.1.0
server (ubuntu-latest)	Enforce simulation dependency boundaries	2026-10-06T10:06:57.3089814Z     │   └── serde_core v1.0.229
server (ubuntu-latest)	Enforce simulation dependency boundaries	2026-10-06T10:06:57.3090537Z     ├── toml_parser v1.1.3+spec-1.1.0
server (ubuntu-latest)	Enforce simulation dependency boundaries	2026-10-06T10:06:57.3091038Z     │   └── winnow v1.0.4
server (ubuntu-latest)	Enforce simulation dependency boundaries	2026-10-06T10:06:57.3091540Z     ├── toml_writer v1.1.2+spec-1.1.0
server (ubuntu-latest)	Enforce simulation dependency boundaries	2026-10-06T10:06:57.3092026Z     └── winnow v1.0.4
server (ubuntu-latest)	Enforce simulation dependency boundaries	2026-10-06T10:06:57.3687870Z oh_save v0.1.0 (/home/runner/work/OpenHOI4/OpenHOI4/crates/oh_save)
server (ubuntu-latest)	Enforce simulation dependency boundaries	2026-10-06T10:06:57.3689247Z └── oh_sim v0.1.0 (/home/runner/work/OpenHOI4/OpenHOI4/crates/oh_sim)
server (ubuntu-latest)	Enforce simulation dependency boundaries	2026-10-06T10:06:57.3690517Z     ├── oh_core v0.1.0 (/home/runner/work/OpenHOI4/OpenHOI4/crates/oh_core)
server (ubuntu-latest)	Enforce simulation dependency boundaries	2026-10-06T10:06:57.3691272Z     │   ├── fixed v1.31.0
server (ubuntu-latest)	Enforce simulation dependency boundaries	2026-10-06T10:06:57.3691749Z     │   │   ├── az v1.3.0
server (ubuntu-latest)	Enforce simulation dependency boundaries	2026-10-06T10:06:57.3692300Z     │   │   ├── bytemuck v1.25.2
server (ubuntu-latest)	Enforce simulation dependency boundaries	2026-10-06T10:06:57.3692854Z     │   │   ├── half v2.7.1
server (ubuntu-latest)	Enforce simulation dependency boundaries	2026-10-06T10:06:57.3693384Z     │   │   │   ├── cfg-if v1.0.5
server (ubuntu-latest)	Enforce simulation dependency boundaries	2026-10-06T10:06:57.3693951Z     │   │   │   └── zerocopy v0.8.60
server (ubuntu-latest)	Enforce simulation dependency boundaries	2026-10-06T10:06:57.3694544Z     │   │   │       └── zerocopy-derive v0.8.60 (proc-macro)
server (ubuntu-latest)	Enforce simulation dependency boundaries	2026-10-06T10:06:57.3695037Z     │   │   │           ├── proc-macro2 v1.0.107
server (ubuntu-latest)	Enforce simulation dependency boundaries	2026-10-06T10:06:57.3695503Z     │   │   │           │   └── unicode-ident v1.0.26
server (ubuntu-latest)	Enforce simulation dependency boundaries	2026-10-06T10:06:57.3695933Z     │   │   │           ├── quote v1.0.47
server (ubuntu-latest)	Enforce simulation dependency boundaries	2026-10-06T10:06:57.3696378Z     │   │   │           │   └── proc-macro2 v1.0.107 (*)
server (ubuntu-latest)	Enforce simulation dependency boundaries	2026-10-06T10:06:57.3697164Z     │   │   │           └── syn v2.0.119
server (ubuntu-latest)	Enforce simulation dependency boundaries	2026-10-06T10:06:57.3697543Z     │   │   │               ├── proc-macro2 v1.0.107 (*)
server (ubuntu-latest)	Enforce simulation dependency boundaries	2026-10-06T10:06:57.3697995Z     │   │   │               ├── quote v1.0.47 (*)
server (ubuntu-latest)	Enforce simulation dependency boundaries	2026-10-06T10:06:57.3698390Z     │   │   │               └── unicode-ident v1.0.26
server (ubuntu-latest)	Enforce simulation dependency boundaries	2026-10-06T10:06:57.3698736Z     │   │   ├── serde v1.0.229
server (ubuntu-latest)	Enforce simulation dependency boundaries	2026-10-06T10:06:57.3699045Z     │   │   │   ├── serde_core v1.0.229
server (ubuntu-latest)	Enforce simulation dependency boundaries	2026-10-06T10:06:57.3699610Z     │   │   │   └── serde_derive v1.0.229 (proc-macro)
server (ubuntu-latest)	Enforce simulation dependency boundaries	2026-10-06T10:06:57.3700347Z     │   │   │       ├── proc-macro2 v1.0.107 (*)
server (ubuntu-latest)	Enforce simulation dependency boundaries	2026-10-06T10:06:57.3700761Z     │   │   │       ├── quote v1.0.47 (*)
server (ubuntu-latest)	Enforce simulation dependency boundaries	2026-10-06T10:06:57.3701083Z     │   │   │       └── syn v3.0.6
server (ubuntu-latest)	Enforce simulation dependency boundaries	2026-10-06T10:06:57.3701434Z     │   │   │           ├── proc-macro2 v1.0.107 (*)
server (ubuntu-latest)	Enforce simulation dependency boundaries	2026-10-06T10:06:57.3701813Z     │   │   │           ├── quote v1.0.47 (*)
server (ubuntu-latest)	Enforce simulation dependency boundaries	2026-10-06T10:06:57.3702232Z     │   │   │           └── unicode-ident v1.0.26
server (ubuntu-latest)	Enforce simulation dependency boundaries	2026-10-06T10:06:57.3702596Z     │   │   └── typenum v1.20.1
server (ubuntu-latest)	Enforce simulation dependency boundaries	2026-10-06T10:06:57.3702879Z     │   ├── postcard v1.1.3
server (ubuntu-latest)	Enforce simulation dependency boundaries	2026-10-06T10:06:57.3703140Z     │   │   ├── cobs v0.3.0
server (ubuntu-latest)	Enforce simulation dependency boundaries	2026-10-06T10:06:57.3703459Z     │   │   │   └── thiserror v2.0.21
server (ubuntu-latest)	Enforce simulation dependency boundaries	2026-10-06T10:06:57.3703839Z     │   │   │       └── thiserror-impl v2.0.21 (proc-macro)
server (ubuntu-latest)	Enforce simulation dependency boundaries	2026-10-06T10:06:57.3704251Z     │   │   │           ├── proc-macro2 v1.0.107 (*)
server (ubuntu-latest)	Enforce simulation dependency boundaries	2026-10-06T10:06:57.3704610Z     │   │   │           ├── quote v1.0.47 (*)
server (ubuntu-latest)	Enforce simulation dependency boundaries	2026-10-06T10:06:57.3704964Z     │   │   │           └── syn v3.0.6 (*)
server (ubuntu-latest)	Enforce simulation dependency boundaries	2026-10-06T10:06:57.3705285Z     │   │   └── serde v1.0.229 (*)
server (ubuntu-latest)	Enforce simulation dependency boundaries	2026-10-06T10:06:57.3705588Z     │   ├── rand_chacha v0.10.0
server (ubuntu-latest)	Enforce simulation dependency boundaries	2026-10-06T10:06:57.3705897Z     │   │   ├── ppv-lite86 v0.2.21
server (ubuntu-latest)	Enforce simulation dependency boundaries	2026-10-06T10:06:57.3706214Z     │   │   │   └── zerocopy v0.8.60 (*)
server (ubuntu-latest)	Enforce simulation dependency boundaries	2026-10-06T10:06:57.3706531Z     │   │   └── rand_core v0.10.1
server (ubuntu-latest)	Enforce simulation dependency boundaries	2026-10-06T10:06:57.3706828Z     │   └── serde v1.0.229 (*)
server (ubuntu-latest)	Enforce simulation dependency boundaries	2026-10-06T10:06:57.3707263Z     ├── oh_data v0.1.0 (/home/runner/work/OpenHOI4/OpenHOI4/crates/oh_data)
server (ubuntu-latest)	Enforce simulation dependency boundaries	2026-10-06T10:06:57.3707688Z     │   ├── fixed v1.31.0 (*)
server (ubuntu-latest)	Enforce simulation dependency boundaries	2026-10-06T10:06:57.3708146Z     │   ├── oh_core v0.1.0 (/home/runner/work/OpenHOI4/OpenHOI4/crates/oh_core) (*)
server (ubuntu-latest)	Enforce simulation dependency boundaries	2026-10-06T10:06:57.3708554Z     │   ├── schemars v1.2.2
server (ubuntu-latest)	Enforce simulation dependency boundaries	2026-10-06T10:06:57.3708843Z     │   │   ├── dyn-clone v1.0.20
server (ubuntu-latest)	Enforce simulation dependency boundaries	2026-10-06T10:06:57.3709141Z     │   │   ├── ref-cast v1.0.27
server (ubuntu-latest)	Enforce simulation dependency boundaries	2026-10-06T10:06:57.3709488Z     │   │   │   └── ref-cast-impl v1.0.27 (proc-macro)
server (ubuntu-latest)	Enforce simulation dependency boundaries	2026-10-06T10:06:57.3709885Z     │   │   │       ├── proc-macro2 v1.0.107 (*)
server (ubuntu-latest)	Enforce simulation dependency boundaries	2026-10-06T10:06:57.3710398Z     │   │   │       ├── quote v1.0.47 (*)
server (ubuntu-latest)	Enforce simulation dependency boundaries	2026-10-06T10:06:57.3710728Z     │   │   │       └── syn v3.0.6 (*)
server (ubuntu-latest)	Enforce simulation dependency boundaries	2026-10-06T10:06:57.3711077Z     │   │   ├── schemars_derive v1.2.2 (proc-macro)
server (ubuntu-latest)	Enforce simulation dependency boundaries	2026-10-06T10:06:57.3711438Z     │   │   │   ├── proc-macro2 v1.0.107 (*)
server (ubuntu-latest)	Enforce simulation dependency boundaries	2026-10-06T10:06:57.3711769Z     │   │   │   ├── quote v1.0.47 (*)
server (ubuntu-latest)	Enforce simulation dependency boundaries	2026-10-06T10:06:57.3712117Z     │   │   │   ├── serde_derive_internals v0.30.0
server (ubuntu-latest)	Enforce simulation dependency boundaries	2026-10-06T10:06:57.3712484Z     │   │   │   │   ├── proc-macro2 v1.0.107 (*)
server (ubuntu-latest)	Enforce simulation dependency boundaries	2026-10-06T10:06:57.3713027Z     │   │   │   │   ├── quote v1.0.47 (*)
server (ubuntu-latest)	Enforce simulation dependency boundaries	2026-10-06T10:06:57.3713600Z     │   │   │   │   └── syn v3.0.6 (*)
server (ubuntu-latest)	Enforce simulation dependency boundaries	2026-10-06T10:06:57.3714145Z     │   │   │   └── syn v3.0.6 (*)
server (ubuntu-latest)	Enforce simulation dependency boundaries	2026-10-06T10:06:57.3714615Z     │   │   ├── semver v1.0.28
server (ubuntu-latest)	Enforce simulation dependency boundaries	2026-10-06T10:06:57.3715067Z     │   │   ├── serde v1.0.229 (*)
server (ubuntu-latest)	Enforce simulation dependency boundaries	2026-10-06T10:06:57.3715543Z     │   │   └── serde_json v1.0.151
server (ubuntu-latest)	Enforce simulation dependency boundaries	2026-10-06T10:06:57.3716012Z     │   │       ├── itoa v1.0.18
server (ubuntu-latest)	Enforce simulation dependency boundaries	2026-10-06T10:06:57.3716488Z     │   │       ├── memchr v2.8.3
server (ubuntu-latest)	Enforce simulation dependency boundaries	2026-10-06T10:06:57.3716972Z     │   │       ├── serde_core v1.0.229
server (ubuntu-latest)	Enforce simulation dependency boundaries	2026-10-06T10:06:57.3717460Z     │   │       └── zmij v1.0.23
server (ubuntu-latest)	Enforce simulation dependency boundaries	2026-10-06T10:06:57.3717870Z     │   ├── semver v1.0.28
server (ubuntu-latest)	Enforce simulation dependency boundaries	2026-10-06T10:06:57.3718293Z     │   ├── serde v1.0.229 (*)
server (ubuntu-latest)	Enforce simulation dependency boundaries	2026-10-06T10:06:57.3718743Z     │   ├── serde_json v1.0.151 (*)
server (ubuntu-latest)	Enforce simulation dependency boundaries	2026-10-06T10:06:57.3719218Z     │   └── toml v1.1.6+spec-1.1.0
server (ubuntu-latest)	Enforce simulation dependency boundaries	2026-10-06T10:06:57.3719754Z     │       ├── serde_core v1.0.229
server (ubuntu-latest)	Enforce simulation dependency boundaries	2026-10-06T10:06:57.3720471Z     │       ├── serde_spanned v1.1.1
server (ubuntu-latest)	Enforce simulation dependency boundaries	2026-10-06T10:06:57.3721005Z     │       │   └── serde_core v1.0.229
server (ubuntu-latest)	Enforce simulation dependency boundaries	2026-10-06T10:06:57.3721549Z     │       ├── toml_datetime v1.1.1+spec-1.1.0
server (ubuntu-latest)	Enforce simulation dependency boundaries	2026-10-06T10:06:57.3722098Z     │       │   └── serde_core v1.0.229
server (ubuntu-latest)	Enforce simulation dependency boundaries	2026-10-06T10:06:57.3722639Z     │       ├── toml_parser v1.1.3+spec-1.1.0
server (ubuntu-latest)	Enforce simulation dependency boundaries	2026-10-06T10:06:57.3723197Z     │       │   └── winnow v1.0.4
server (ubuntu-latest)	Enforce simulation dependency boundaries	2026-10-06T10:06:57.3723743Z     │       ├── toml_writer v1.1.2+spec-1.1.0
server (ubuntu-latest)	Enforce simulation dependency boundaries	2026-10-06T10:06:57.3724540Z     │       └── winnow v1.0.4
server (ubuntu-latest)	Enforce simulation dependency boundaries	2026-10-06T10:06:57.3724993Z     └── serde v1.0.229 (*)
server (ubuntu-latest)	Enforce simulation dependency boundaries	2026-10-06T10:06:57.4344981Z oh_sim v0.1.0 (/home/runner/work/OpenHOI4/OpenHOI4/crates/oh_sim)
server (ubuntu-latest)	Enforce simulation dependency boundaries	2026-10-06T10:06:57.4346583Z ├── oh_core v0.1.0 (/home/runner/work/OpenHOI4/OpenHOI4/crates/oh_core)
server (ubuntu-latest)	Enforce simulation dependency boundaries	2026-10-06T10:06:57.4347426Z │   ├── fixed v1.31.0
server (ubuntu-latest)	Enforce simulation dependency boundaries	2026-10-06T10:06:57.4347993Z │   │   ├── az v1.3.0
server (ubuntu-latest)	Enforce simulation dependency boundaries	2026-10-06T10:06:57.4348542Z │   │   ├── bytemuck v1.25.2
server (ubuntu-latest)	Enforce simulation dependency boundaries	2026-10-06T10:06:57.4349127Z │   │   ├── half v2.7.1
server (ubuntu-latest)	Enforce simulation dependency boundaries	2026-10-06T10:06:57.4349686Z │   │   │   ├── cfg-if v1.0.5
server (ubuntu-latest)	Enforce simulation dependency boundaries	2026-10-06T10:06:57.4350807Z │   │   │   └── zerocopy v0.8.60
server (ubuntu-latest)	Enforce simulation dependency boundaries	2026-10-06T10:06:57.4351685Z │   │   │       └── zerocopy-derive v0.8.60 (proc-macro)
server (ubuntu-latest)	Enforce simulation dependency boundaries	2026-10-06T10:06:57.4352503Z │   │   │           ├── proc-macro2 v1.0.107
server (ubuntu-latest)	Enforce simulation dependency boundaries	2026-10-06T10:06:57.4353061Z │   │   │           │   └── unicode-ident v1.0.26
server (ubuntu-latest)	Enforce simulation dependency boundaries	2026-10-06T10:06:57.4353561Z │   │   │           ├── quote v1.0.47
server (ubuntu-latest)	Enforce simulation dependency boundaries	2026-10-06T10:06:57.4354068Z │   │   │           │   └── proc-macro2 v1.0.107 (*)
server (ubuntu-latest)	Enforce simulation dependency boundaries	2026-10-06T10:06:57.4354572Z │   │   │           └── syn v2.0.119
server (ubuntu-latest)	Enforce simulation dependency boundaries	2026-10-06T10:06:57.4355061Z │   │   │               ├── proc-macro2 v1.0.107 (*)
server (ubuntu-latest)	Enforce simulation dependency boundaries	2026-10-06T10:06:57.4355562Z │   │   │               ├── quote v1.0.47 (*)
server (ubuntu-latest)	Enforce simulation dependency boundaries	2026-10-06T10:06:57.4356068Z │   │   │               └── unicode-ident v1.0.26
server (ubuntu-latest)	Enforce simulation dependency boundaries	2026-10-06T10:06:57.4356496Z │   │   ├── serde v1.0.229
server (ubuntu-latest)	Enforce simulation dependency boundaries	2026-10-06T10:06:57.4356894Z │   │   │   ├── serde_core v1.0.229
server (ubuntu-latest)	Enforce simulation dependency boundaries	2026-10-06T10:06:57.4357382Z │   │   │   └── serde_derive v1.0.229 (proc-macro)
server (ubuntu-latest)	Enforce simulation dependency boundaries	2026-10-06T10:06:57.4357893Z │   │   │       ├── proc-macro2 v1.0.107 (*)
server (ubuntu-latest)	Enforce simulation dependency boundaries	2026-10-06T10:06:57.4358388Z │   │   │       ├── quote v1.0.47 (*)
server (ubuntu-latest)	Enforce simulation dependency boundaries	2026-10-06T10:06:57.4358803Z │   │   │       └── syn v3.0.6
server (ubuntu-latest)	Enforce simulation dependency boundaries	2026-10-06T10:06:57.4359191Z │   │   │           ├── proc-macro2 v1.0.107 (*)
server (ubuntu-latest)	Enforce simulation dependency boundaries	2026-10-06T10:06:57.4359572Z │   │   │           ├── quote v1.0.47 (*)
server (ubuntu-latest)	Enforce simulation dependency boundaries	2026-10-06T10:06:57.4360174Z │   │   │           └── unicode-ident v1.0.26
server (ubuntu-latest)	Enforce simulation dependency boundaries	2026-10-06T10:06:57.4360592Z │   │   └── typenum v1.20.1
server (ubuntu-latest)	Enforce simulation dependency boundaries	2026-10-06T10:06:57.4360881Z │   ├── postcard v1.1.3
server (ubuntu-latest)	Enforce simulation dependency boundaries	2026-10-06T10:06:57.4361169Z │   │   ├── cobs v0.3.0
server (ubuntu-latest)	Enforce simulation dependency boundaries	2026-10-06T10:06:57.4361475Z │   │   │   └── thiserror v2.0.21
server (ubuntu-latest)	Enforce simulation dependency boundaries	2026-10-06T10:06:57.4361865Z │   │   │       └── thiserror-impl v2.0.21 (proc-macro)
server (ubuntu-latest)	Enforce simulation dependency boundaries	2026-10-06T10:06:57.4362287Z │   │   │           ├── proc-macro2 v1.0.107 (*)
server (ubuntu-latest)	Enforce simulation dependency boundaries	2026-10-06T10:06:57.4362661Z │   │   │           ├── quote v1.0.47 (*)
server (ubuntu-latest)	Enforce simulation dependency boundaries	2026-10-06T10:06:57.4363006Z │   │   │           └── syn v3.0.6 (*)
server (ubuntu-latest)	Enforce simulation dependency boundaries	2026-10-06T10:06:57.4363336Z │   │   └── serde v1.0.229 (*)
server (ubuntu-latest)	Enforce simulation dependency boundaries	2026-10-06T10:06:57.4363634Z │   ├── rand_chacha v0.10.0
server (ubuntu-latest)	Enforce simulation dependency boundaries	2026-10-06T10:06:57.4364297Z │   │   ├── ppv-lite86 v0.2.21
server (ubuntu-latest)	Enforce simulation dependency boundaries	2026-10-06T10:06:57.4364637Z │   │   │   └── zerocopy v0.8.60 (*)
server (ubuntu-latest)	Enforce simulation dependency boundaries	2026-10-06T10:06:57.4364954Z │   │   └── rand_core v0.10.1
server (ubuntu-latest)	Enforce simulation dependency boundaries	2026-10-06T10:06:57.4365237Z │   └── serde v1.0.229 (*)
server (ubuntu-latest)	Enforce simulation dependency boundaries	2026-10-06T10:06:57.4365710Z ├── oh_data v0.1.0 (/home/runner/work/OpenHOI4/OpenHOI4/crates/oh_data)
server (ubuntu-latest)	Enforce simulation dependency boundaries	2026-10-06T10:06:57.4366129Z │   ├── fixed v1.31.0 (*)
server (ubuntu-latest)	Enforce simulation dependency boundaries	2026-10-06T10:06:57.4366612Z │   ├── oh_core v0.1.0 (/home/runner/work/OpenHOI4/OpenHOI4/crates/oh_core) (*)
server (ubuntu-latest)	Enforce simulation dependency boundaries	2026-10-06T10:06:57.4367275Z │   ├── schemars v1.2.2
server (ubuntu-latest)	Enforce simulation dependency boundaries	2026-10-06T10:06:57.4367564Z │   │   ├── dyn-clone v1.0.20
server (ubuntu-latest)	Enforce simulation dependency boundaries	2026-10-06T10:06:57.4367855Z │   │   ├── ref-cast v1.0.27
server (ubuntu-latest)	Enforce simulation dependency boundaries	2026-10-06T10:06:57.4368233Z │   │   │   └── ref-cast-impl v1.0.27 (proc-macro)
server (ubuntu-latest)	Enforce simulation dependency boundaries	2026-10-06T10:06:57.4368645Z │   │   │       ├── proc-macro2 v1.0.107 (*)
server (ubuntu-latest)	Enforce simulation dependency boundaries	2026-10-06T10:06:57.4369003Z │   │   │       ├── quote v1.0.47 (*)
server (ubuntu-latest)	Enforce simulation dependency boundaries	2026-10-06T10:06:57.4369332Z │   │   │       └── syn v3.0.6 (*)
server (ubuntu-latest)	Enforce simulation dependency boundaries	2026-10-06T10:06:57.4369860Z │   │   ├── schemars_derive v1.2.2 (proc-macro)
server (ubuntu-latest)	Enforce simulation dependency boundaries	2026-10-06T10:06:57.4370743Z │   │   │   ├── proc-macro2 v1.0.107 (*)
server (ubuntu-latest)	Enforce simulation dependency boundaries	2026-10-06T10:06:57.4371317Z │   │   │   ├── quote v1.0.47 (*)
server (ubuntu-latest)	Enforce simulation dependency boundaries	2026-10-06T10:06:57.4371902Z │   │   │   ├── serde_derive_internals v0.30.0
server (ubuntu-latest)	Enforce simulation dependency boundaries	2026-10-06T10:06:57.4372509Z │   │   │   │   ├── proc-macro2 v1.0.107 (*)
server (ubuntu-latest)	Enforce simulation dependency boundaries	2026-10-06T10:06:57.4373059Z │   │   │   │   ├── quote v1.0.47 (*)
server (ubuntu-latest)	Enforce simulation dependency boundaries	2026-10-06T10:06:57.4373567Z │   │   │   │   └── syn v3.0.6 (*)
server (ubuntu-latest)	Enforce simulation dependency boundaries	2026-10-06T10:06:57.4374050Z │   │   │   └── syn v3.0.6 (*)
server (ubuntu-latest)	Enforce simulation dependency boundaries	2026-10-06T10:06:57.4374521Z │   │   ├── semver v1.0.28
server (ubuntu-latest)	Enforce simulation dependency boundaries	2026-10-06T10:06:57.4374981Z │   │   ├── serde v1.0.229 (*)
server (ubuntu-latest)	Enforce simulation dependency boundaries	2026-10-06T10:06:57.4375450Z │   │   └── serde_json v1.0.151
server (ubuntu-latest)	Enforce simulation dependency boundaries	2026-10-06T10:06:57.4375893Z │   │       ├── itoa v1.0.18
server (ubuntu-latest)	Enforce simulation dependency boundaries	2026-10-06T10:06:57.4376324Z │   │       ├── memchr v2.8.3
server (ubuntu-latest)	Enforce simulation dependency boundaries	2026-10-06T10:06:57.4376807Z │   │       ├── serde_core v1.0.229
server (ubuntu-latest)	Enforce simulation dependency boundaries	2026-10-06T10:06:57.4377283Z │   │       └── zmij v1.0.23
server (ubuntu-latest)	Enforce simulation dependency boundaries	2026-10-06T10:06:57.4377734Z │   ├── semver v1.0.28
server (ubuntu-latest)	Enforce simulation dependency boundaries	2026-10-06T10:06:57.4378164Z │   ├── serde v1.0.229 (*)
server (ubuntu-latest)	Enforce simulation dependency boundaries	2026-10-06T10:06:57.4378666Z │   ├── serde_json v1.0.151 (*)
server (ubuntu-latest)	Enforce simulation dependency boundaries	2026-10-06T10:06:57.4379212Z │   └── toml v1.1.6+spec-1.1.0
server (ubuntu-latest)	Enforce simulation dependency boundaries	2026-10-06T10:06:57.4379727Z │       ├── serde_core v1.0.229
server (ubuntu-latest)	Enforce simulation dependency boundaries	2026-10-06T10:06:57.4380445Z │       ├── serde_spanned v1.1.1
server (ubuntu-latest)	Enforce simulation dependency boundaries	2026-10-06T10:06:57.4381017Z │       │   └── serde_core v1.0.229
server (ubuntu-latest)	Enforce simulation dependency boundaries	2026-10-06T10:06:57.4381638Z │       ├── toml_datetime v1.1.1+spec-1.1.0
server (ubuntu-latest)	Enforce simulation dependency boundaries	2026-10-06T10:06:57.4382244Z │       │   └── serde_core v1.0.229
server (ubuntu-latest)	Enforce simulation dependency boundaries	2026-10-06T10:06:57.4382849Z │       ├── toml_parser v1.1.3+spec-1.1.0
server (ubuntu-latest)	Enforce simulation dependency boundaries	2026-10-06T10:06:57.4383435Z │       │   └── winnow v1.0.4
server (ubuntu-latest)	Enforce simulation dependency boundaries	2026-10-06T10:06:57.4383949Z │       ├── toml_writer v1.1.2+spec-1.1.0
server (ubuntu-latest)	Enforce simulation dependency boundaries	2026-10-06T10:06:57.4384442Z │       └── winnow v1.0.4
server (ubuntu-latest)	Enforce simulation dependency boundaries	2026-10-06T10:06:57.4384854Z └── serde v1.0.229 (*)
server (ubuntu-latest)	Run cargo run -p oh_proto --locked --example wire_fixtures	﻿2026-10-06T10:06:57.4492945Z ##[group]Run cargo run -p oh_proto --locked --example wire_fixtures
server (ubuntu-latest)	Run cargo run -p oh_proto --locked --example wire_fixtures	2026-10-06T10:06:57.4493801Z [36;1mcargo run -p oh_proto --locked --example wire_fixtures[0m
server (ubuntu-latest)	Run cargo run -p oh_proto --locked --example wire_fixtures	2026-10-06T10:06:57.4582018Z shell: /usr/bin/bash -e {0}
server (ubuntu-latest)	Run cargo run -p oh_proto --locked --example wire_fixtures	2026-10-06T10:06:57.4582487Z env:
server (ubuntu-latest)	Run cargo run -p oh_proto --locked --example wire_fixtures	2026-10-06T10:06:57.4582965Z   pythonLocation: /opt/hostedtoolcache/Python/3.11.16/x64
server (ubuntu-latest)	Run cargo run -p oh_proto --locked --example wire_fixtures	2026-10-06T10:06:57.4583769Z   PKG_CONFIG_PATH: /opt/hostedtoolcache/Python/3.11.16/x64/lib/pkgconfig
server (ubuntu-latest)	Run cargo run -p oh_proto --locked --example wire_fixtures	2026-10-06T10:06:57.4584458Z   Python_ROOT_DIR: /opt/hostedtoolcache/Python/3.11.16/x64
server (ubuntu-latest)	Run cargo run -p oh_proto --locked --example wire_fixtures	2026-10-06T10:06:57.4584880Z   Python2_ROOT_DIR: /opt/hostedtoolcache/Python/3.11.16/x64
server (ubuntu-latest)	Run cargo run -p oh_proto --locked --example wire_fixtures	2026-10-06T10:06:57.4585281Z   Python3_ROOT_DIR: /opt/hostedtoolcache/Python/3.11.16/x64
server (ubuntu-latest)	Run cargo run -p oh_proto --locked --example wire_fixtures	2026-10-06T10:06:57.4585703Z   LD_LIBRARY_PATH: /opt/hostedtoolcache/Python/3.11.16/x64/lib
server (ubuntu-latest)	Run cargo run -p oh_proto --locked --example wire_fixtures	2026-10-06T10:06:57.4586049Z ##[endgroup]
server (ubuntu-latest)	Run cargo run -p oh_proto --locked --example wire_fixtures	2026-10-06T10:06:57.5328844Z    Compiling serde_core v1.0.229
server (ubuntu-latest)	Run cargo run -p oh_proto --locked --example wire_fixtures	2026-10-06T10:06:57.5330115Z    Compiling syn v3.0.6
server (ubuntu-latest)	Run cargo run -p oh_proto --locked --example wire_fixtures	2026-10-06T10:06:57.5357794Z    Compiling ppv-lite86 v0.2.21
server (ubuntu-latest)	Run cargo run -p oh_proto --locked --example wire_fixtures	2026-10-06T10:06:57.5359158Z    Compiling memchr v2.8.3
server (ubuntu-latest)	Run cargo run -p oh_proto --locked --example wire_fixtures	2026-10-06T10:06:57.8461639Z    Compiling rand_chacha v0.10.0
server (ubuntu-latest)	Run cargo run -p oh_proto --locked --example wire_fixtures	2026-10-06T10:06:58.6996331Z    Compiling serde_derive_internals v0.30.0
server (ubuntu-latest)	Run cargo run -p oh_proto --locked --example wire_fixtures	2026-10-06T10:06:59.1712544Z    Compiling serde_derive v1.0.229
server (ubuntu-latest)	Run cargo run -p oh_proto --locked --example wire_fixtures	2026-10-06T10:06:59.2466430Z    Compiling thiserror-impl v2.0.21
server (ubuntu-latest)	Run cargo run -p oh_proto --locked --example wire_fixtures	2026-10-06T10:06:59.3312558Z    Compiling ref-cast-impl v1.0.27
server (ubuntu-latest)	Run cargo run -p oh_proto --locked --example wire_fixtures	2026-10-06T10:06:59.6151589Z    Compiling serde_spanned v1.1.1
server (ubuntu-latest)	Run cargo run -p oh_proto --locked --example wire_fixtures	2026-10-06T10:06:59.6371561Z    Compiling ref-cast v1.0.27
server (ubuntu-latest)	Run cargo run -p oh_proto --locked --example wire_fixtures	2026-10-06T10:06:59.6699725Z    Compiling serde_json v1.0.151
server (ubuntu-latest)	Run cargo run -p oh_proto --locked --example wire_fixtures	2026-10-06T10:06:59.6813446Z    Compiling toml_datetime v1.1.1+spec-1.1.0
server (ubuntu-latest)	Run cargo run -p oh_proto --locked --example wire_fixtures	2026-10-06T10:06:59.9371787Z    Compiling schemars_derive v1.2.2
server (ubuntu-latest)	Run cargo run -p oh_proto --locked --example wire_fixtures	2026-10-06T10:07:00.3011788Z    Compiling thiserror v2.0.21
server (ubuntu-latest)	Run cargo run -p oh_proto --locked --example wire_fixtures	2026-10-06T10:07:00.3358172Z    Compiling cobs v0.3.0
server (ubuntu-latest)	Run cargo run -p oh_proto --locked --example wire_fixtures	2026-10-06T10:07:00.4371842Z    Compiling toml v1.1.6+spec-1.1.0
server (ubuntu-latest)	Run cargo run -p oh_proto --locked --example wire_fixtures	2026-10-06T10:07:00.9011341Z    Compiling ts-rs v12.0.1
server (ubuntu-latest)	Run cargo run -p oh_proto --locked --example wire_fixtures	2026-10-06T10:07:01.8011641Z    Compiling serde v1.0.229
server (ubuntu-latest)	Run cargo run -p oh_proto --locked --example wire_fixtures	2026-10-06T10:07:02.0892611Z    Compiling postcard v1.1.3
server (ubuntu-latest)	Run cargo run -p oh_proto --locked --example wire_fixtures	2026-10-06T10:07:02.0893542Z    Compiling fixed v1.31.0
server (ubuntu-latest)	Run cargo run -p oh_proto --locked --example wire_fixtures	2026-10-06T10:07:02.0894270Z    Compiling schemars v1.2.2
server (ubuntu-latest)	Run cargo run -p oh_proto --locked --example wire_fixtures	2026-10-06T10:07:02.1441174Z    Compiling rmp-serde v1.3.1
server (ubuntu-latest)	Run cargo run -p oh_proto --locked --example wire_fixtures	2026-10-06T10:07:07.4471858Z    Compiling oh_core v0.1.0 (/home/runner/work/OpenHOI4/OpenHOI4/crates/oh_core)
server (ubuntu-latest)	Run cargo run -p oh_proto --locked --example wire_fixtures	2026-10-06T10:07:07.5621672Z    Compiling oh_data v0.1.0 (/home/runner/work/OpenHOI4/OpenHOI4/crates/oh_data)
server (ubuntu-latest)	Run cargo run -p oh_proto --locked --example wire_fixtures	2026-10-06T10:07:07.7307863Z    Compiling oh_sim v0.1.0 (/home/runner/work/OpenHOI4/OpenHOI4/crates/oh_sim)
server (ubuntu-latest)	Run cargo run -p oh_proto --locked --example wire_fixtures	2026-10-06T10:07:07.8401369Z    Compiling oh_proto v0.1.0 (/home/runner/work/OpenHOI4/OpenHOI4/crates/oh_proto)
server (ubuntu-latest)	Run cargo run -p oh_proto --locked --example wire_fixtures	2026-10-06T10:07:08.6113584Z     Finished `dev` profile [unoptimized + debuginfo] target(s) in 11.11s
server (ubuntu-latest)	Run cargo run -p oh_proto --locked --example wire_fixtures	2026-10-06T10:07:08.6151938Z      Running `target/debug/examples/wire_fixtures`
server (ubuntu-latest)	Real executable HTTP and Ctrl+C lifecycle	﻿2026-10-06T10:07:08.6222873Z ##[group]Run python crates/oh_server/tests/lifecycle.py
server (ubuntu-latest)	Real executable HTTP and Ctrl+C lifecycle	2026-10-06T10:07:08.6223312Z [36;1mpython crates/oh_server/tests/lifecycle.py[0m
server (ubuntu-latest)	Real executable HTTP and Ctrl+C lifecycle	2026-10-06T10:07:08.6285026Z shell: /usr/bin/bash -e {0}
server (ubuntu-latest)	Real executable HTTP and Ctrl+C lifecycle	2026-10-06T10:07:08.6285306Z env:
server (ubuntu-latest)	Real executable HTTP and Ctrl+C lifecycle	2026-10-06T10:07:08.6285583Z   pythonLocation: /opt/hostedtoolcache/Python/3.11.16/x64
server (ubuntu-latest)	Real executable HTTP and Ctrl+C lifecycle	2026-10-06T10:07:08.6286041Z   PKG_CONFIG_PATH: /opt/hostedtoolcache/Python/3.11.16/x64/lib/pkgconfig
server (ubuntu-latest)	Real executable HTTP and Ctrl+C lifecycle	2026-10-06T10:07:08.6286490Z   Python_ROOT_DIR: /opt/hostedtoolcache/Python/3.11.16/x64
server (ubuntu-latest)	Real executable HTTP and Ctrl+C lifecycle	2026-10-06T10:07:08.6286885Z   Python2_ROOT_DIR: /opt/hostedtoolcache/Python/3.11.16/x64
server (ubuntu-latest)	Real executable HTTP and Ctrl+C lifecycle	2026-10-06T10:07:08.6287276Z   Python3_ROOT_DIR: /opt/hostedtoolcache/Python/3.11.16/x64
server (ubuntu-latest)	Real executable HTTP and Ctrl+C lifecycle	2026-10-06T10:07:08.6287673Z   LD_LIBRARY_PATH: /opt/hostedtoolcache/Python/3.11.16/x64/lib
server (ubuntu-latest)	Real executable HTTP and Ctrl+C lifecycle	2026-10-06T10:07:08.6288004Z ##[endgroup]
server (ubuntu-latest)	Real executable HTTP and Ctrl+C lifecycle	2026-10-06T10:07:09.0998789Z OpenHOI M0: http://127.0.0.1:51339/
server (ubuntu-latest)	Real executable HTTP and Ctrl+C lifecycle	2026-10-06T10:07:09.1000193Z Pack: m0_testland (f611416c817dc014) from /home/runner/work/OpenHOI4/OpenHOI4/data/packs/examples/m0
server (ubuntu-latest)	Real executable HTTP and Ctrl+C lifecycle	2026-10-06T10:07:09.1001365Z Open this address in a browser. Ctrl+C to shut down. --help for usage.
server (ubuntu-latest)	Real executable HTTP and Ctrl+C lifecycle	2026-10-06T10:07:09.1002013Z Shutting down OpenHOI.
server (ubuntu-latest)	Real executable HTTP and Ctrl+C lifecycle	2026-10-06T10:07:09.1002419Z OpenHOI stopped normally.
server (ubuntu-latest)	Real executable HTTP and Ctrl+C lifecycle	2026-10-06T10:07:09.1002670Z
server (ubuntu-latest)	Real executable HTTP and Ctrl+C lifecycle	2026-10-06T10:07:09.1002681Z
server (ubuntu-latest)	Real executable HTTP and Ctrl+C lifecycle	2026-10-06T10:07:09.1002970Z REQ-NET-02 isolated executable assets: PASS
server (ubuntu-latest)	Real executable HTTP and Ctrl+C lifecycle	2026-10-06T10:07:09.1003900Z REQ-NET-06 actual CTRL_C_EVENT/SIGINT, active WS closure, exit 0, released port: PASS
server (ubuntu-latest)	Post Run actions/setup-python@v7.0.0	﻿2026-10-06T10:07:09.1178000Z Post job cleanup.
server (ubuntu-latest)	Post Run actions/setup-node@v7.0.0	﻿2026-10-06T10:07:09.2527231Z Post job cleanup.
server (ubuntu-latest)	Post Run actions/setup-node@v7.0.0	2026-10-06T10:07:09.3915695Z [command]/usr/bin/tar --posix -cf cache.tzst --exclude cache.tzst -P -C /home/runner/work/OpenHOI4/OpenHOI4 --files-from manifest.txt --use-compress-program zstdmt
server (ubuntu-latest)	Post Run actions/setup-node@v7.0.0	2026-10-06T10:07:10.1688372Z Sent 42338271 of 42338271 (100.0%), 66.0 MBs/sec
server (ubuntu-latest)	Post Run actions/setup-node@v7.0.0	2026-10-06T10:07:10.3205451Z Cache saved with the key: node-cache-Linux-x64-npm-c82ada87881698fff77d1628c98f08773c3d345fc1ac819064a7882b2d511ff1
server (ubuntu-latest)	Post Run actions/checkout@v7.0.1	﻿2026-10-06T10:07:10.3379110Z Post job cleanup.
server (ubuntu-latest)	Post Run actions/checkout@v7.0.1	2026-10-06T10:07:10.4270663Z [command]/usr/bin/git version
server (ubuntu-latest)	Post Run actions/checkout@v7.0.1	2026-10-06T10:07:10.4317819Z git version 2.55.0
server (ubuntu-latest)	Post Run actions/checkout@v7.0.1	2026-10-06T10:07:10.4355323Z Temporarily overriding HOME='/home/runner/work/_temp/f0940648-4b4a-40d6-bf30-de3090cc22d1' before making global git config changes
server (ubuntu-latest)	Post Run actions/checkout@v7.0.1	2026-10-06T10:07:10.4357080Z Adding repository directory to the temporary git global config as a safe directory
server (ubuntu-latest)	Post Run actions/checkout@v7.0.1	2026-10-06T10:07:10.4362123Z [command]/usr/bin/git config --global --add safe.directory /home/runner/work/OpenHOI4/OpenHOI4
server (ubuntu-latest)	Post Run actions/checkout@v7.0.1	2026-10-06T10:07:10.4395437Z Removing SSH command configuration
server (ubuntu-latest)	Post Run actions/checkout@v7.0.1	2026-10-06T10:07:10.4402189Z [command]/usr/bin/git config --local --name-only --get-regexp core\.sshCommand
server (ubuntu-latest)	Post Run actions/checkout@v7.0.1	2026-10-06T10:07:10.4438413Z [command]/usr/bin/git submodule foreach --recursive sh -c "git config --local --name-only --get-regexp 'core\.sshCommand' && git config --local --unset-all 'core.sshCommand' || :"
server (ubuntu-latest)	Post Run actions/checkout@v7.0.1	2026-10-06T10:07:10.4669506Z Removing HTTP extra header
server (ubuntu-latest)	Post Run actions/checkout@v7.0.1	2026-10-06T10:07:10.4676882Z [command]/usr/bin/git config --local --name-only --get-regexp http\.https\:\/\/github\.com\/\.extraheader
server (ubuntu-latest)	Post Run actions/checkout@v7.0.1	2026-10-06T10:07:10.4715352Z [command]/usr/bin/git submodule foreach --recursive sh -c "git config --local --name-only --get-regexp 'http\.https\:\/\/github\.com\/\.extraheader' && git config --local --unset-all 'http.https://github.com/.extraheader' || :"
server (ubuntu-latest)	Post Run actions/checkout@v7.0.1	2026-10-06T10:07:10.4942977Z Removing includeIf entries pointing to credentials config files
server (ubuntu-latest)	Post Run actions/checkout@v7.0.1	2026-10-06T10:07:10.4948948Z [command]/usr/bin/git config --local --name-only --get-regexp ^includeIf\.gitdir:
server (ubuntu-latest)	Post Run actions/checkout@v7.0.1	2026-10-06T10:07:10.4979301Z includeif.gitdir:/home/runner/work/OpenHOI4/OpenHOI4/.git.path
server (ubuntu-latest)	Post Run actions/checkout@v7.0.1	2026-10-06T10:07:10.4980321Z includeif.gitdir:/home/runner/work/OpenHOI4/OpenHOI4/.git/worktrees/*.path
server (ubuntu-latest)	Post Run actions/checkout@v7.0.1	2026-10-06T10:07:10.4980865Z includeif.gitdir:/github/workspace/.git.path
server (ubuntu-latest)	Post Run actions/checkout@v7.0.1	2026-10-06T10:07:10.4981319Z includeif.gitdir:/github/workspace/.git/worktrees/*.path
server (ubuntu-latest)	Post Run actions/checkout@v7.0.1	2026-10-06T10:07:10.4989647Z [command]/usr/bin/git config --local --get-all includeif.gitdir:/home/runner/work/OpenHOI4/OpenHOI4/.git.path
server (ubuntu-latest)	Post Run actions/checkout@v7.0.1	2026-10-06T10:07:10.5013398Z /home/runner/work/_temp/git-credentials-7be27d3f-9f69-4e01-91fa-295c603bd73f.config
server (ubuntu-latest)	Post Run actions/checkout@v7.0.1	2026-10-06T10:07:10.5023586Z [command]/usr/bin/git config --local --unset includeif.gitdir:/home/runner/work/OpenHOI4/OpenHOI4/.git.path \/home\/runner\/work\/_temp\/git\-credentials\-7be27d3f\-9f69\-4e01\-91fa\-295c603bd73f\.config
server (ubuntu-latest)	Post Run actions/checkout@v7.0.1	2026-10-06T10:07:10.5061676Z [command]/usr/bin/git config --local --get-all includeif.gitdir:/home/runner/work/OpenHOI4/OpenHOI4/.git/worktrees/*.path
server (ubuntu-latest)	Post Run actions/checkout@v7.0.1	2026-10-06T10:07:10.5086918Z /home/runner/work/_temp/git-credentials-7be27d3f-9f69-4e01-91fa-295c603bd73f.config
server (ubuntu-latest)	Post Run actions/checkout@v7.0.1	2026-10-06T10:07:10.5104193Z [command]/usr/bin/git config --local --unset includeif.gitdir:/home/runner/work/OpenHOI4/OpenHOI4/.git/worktrees/*.path \/home\/runner\/work\/_temp\/git\-credentials\-7be27d3f\-9f69\-4e01\-91fa\-295c603bd73f\.config
server (ubuntu-latest)	Post Run actions/checkout@v7.0.1	2026-10-06T10:07:10.5137843Z [command]/usr/bin/git config --local --get-all includeif.gitdir:/github/workspace/.git.path
server (ubuntu-latest)	Post Run actions/checkout@v7.0.1	2026-10-06T10:07:10.5160166Z /github/runner_temp/git-credentials-7be27d3f-9f69-4e01-91fa-295c603bd73f.config
server (ubuntu-latest)	Post Run actions/checkout@v7.0.1	2026-10-06T10:07:10.5167804Z [command]/usr/bin/git config --local --unset includeif.gitdir:/github/workspace/.git.path \/github\/runner_temp\/git\-credentials\-7be27d3f\-9f69\-4e01\-91fa\-295c603bd73f\.config
server (ubuntu-latest)	Post Run actions/checkout@v7.0.1	2026-10-06T10:07:10.5201244Z [command]/usr/bin/git config --local --get-all includeif.gitdir:/github/workspace/.git/worktrees/*.path
server (ubuntu-latest)	Post Run actions/checkout@v7.0.1	2026-10-06T10:07:10.5224551Z /github/runner_temp/git-credentials-7be27d3f-9f69-4e01-91fa-295c603bd73f.config
server (ubuntu-latest)	Post Run actions/checkout@v7.0.1	2026-10-06T10:07:10.5234448Z [command]/usr/bin/git config --local --unset includeif.gitdir:/github/workspace/.git/worktrees/*.path \/github\/runner_temp\/git\-credentials\-7be27d3f\-9f69\-4e01\-91fa\-295c603bd73f\.config
server (ubuntu-latest)	Post Run actions/checkout@v7.0.1	2026-10-06T10:07:10.5272731Z [command]/usr/bin/git submodule foreach --recursive git config --local --show-origin --name-only --get-regexp remote.origin.url
server (ubuntu-latest)	Post Run actions/checkout@v7.0.1	2026-10-06T10:07:10.5528194Z Removing credentials config '/home/runner/work/_temp/git-credentials-7be27d3f-9f69-4e01-91fa-295c603bd73f.config'
server (ubuntu-latest)	Complete job	﻿2026-10-06T10:07:10.5688567Z Cleaning up orphan processes
client	Set up job	﻿2026-10-06T10:08:40.9344971Z Current runner version: '2.337.0'
client	Set up job	2026-10-06T10:08:40.9370083Z ##[group]Runner Image Provisioner
client	Set up job	2026-10-06T10:08:40.9370905Z Hosted Compute Agent
client	Set up job	2026-10-06T10:08:40.9371397Z Version: 20260901.588
client	Set up job	2026-10-06T10:08:40.9371980Z Commit: f88ec8081b781fac6c440065ac7ff9e710ce3d0b
client	Set up job	2026-10-06T10:08:40.9372620Z Build Date: 2026-09-01T19:56:44Z
client	Set up job	2026-10-06T10:08:40.9373192Z Worker ID: {22a36ed3-fd2f-4828-bc27-6303e399b189}
client	Set up job	2026-10-06T10:08:40.9373831Z Azure Region: westus3
client	Set up job	2026-10-06T10:08:40.9374315Z ##[endgroup]
client	Set up job	2026-10-06T10:08:40.9375481Z ##[group]Operating System
client	Set up job	2026-10-06T10:08:40.9376042Z Ubuntu
client	Set up job	2026-10-06T10:08:40.9376472Z 24.04.5
client	Set up job	2026-10-06T10:08:40.9376931Z LTS
client	Set up job	2026-10-06T10:08:40.9377402Z ##[endgroup]
client	Set up job	2026-10-06T10:08:40.9378050Z ##[group]Runner Image
client	Set up job	2026-10-06T10:08:40.9378675Z Image: ubuntu-24.04
client	Set up job	2026-10-06T10:08:40.9379146Z Version: 20260927.320.1
client	Set up job	2026-10-06T10:08:40.9380045Z Included Software: https://github.com/actions/runner-images/blob/ubuntu24/20260927.320/images/ubuntu/Ubuntu2404-Readme.md
client	Set up job	2026-10-06T10:08:40.9381438Z Image Release: https://github.com/actions/runner-images/releases/tag/ubuntu24%2F20260927.320
client	Set up job	2026-10-06T10:08:40.9382347Z ##[endgroup]
client	Set up job	2026-10-06T10:08:40.9383226Z ##[group]GITHUB_TOKEN Permissions
client	Set up job	2026-10-06T10:08:40.9385215Z Contents: read
client	Set up job	2026-10-06T10:08:40.9385819Z Metadata: read
client	Set up job	2026-10-06T10:08:40.9386367Z ##[endgroup]
client	Set up job	2026-10-06T10:08:40.9388335Z Secret source: Actions
client	Set up job	2026-10-06T10:08:40.9389213Z Cache mode: write
client	Set up job	2026-10-06T10:08:40.9389812Z Prepare workflow directory
client	Set up job	2026-10-06T10:08:40.9657263Z Prepare all required actions
client	Set up job	2026-10-06T10:08:40.9696239Z Getting action download info
client	Set up job	2026-10-06T10:08:41.3095220Z Download action repository 'actions/checkout@v7.0.1' (SHA:3d3c42e5aac5ba805825da76410c181273ba90b1)
client	Set up job	2026-10-06T10:08:41.4565698Z Download action repository 'actions/setup-node@v7.0.0' (SHA:820762786026740c76f36085b0efc47a31fe5020)
client	Set up job	2026-10-06T10:08:41.5979188Z Download action repository 'actions/upload-artifact@043fb46d1a93c77aae656e7c1c64a875d1fc6a0a' (SHA:043fb46d1a93c77aae656e7c1c64a875d1fc6a0a)
client	Set up job	2026-10-06T10:08:41.7877926Z Complete job name: client
client	Run actions/checkout@v7.0.1	﻿2026-10-06T10:08:41.8543025Z ##[group]Run actions/checkout@v7.0.1
client	Run actions/checkout@v7.0.1	2026-10-06T10:08:41.8543755Z with:
client	Run actions/checkout@v7.0.1	2026-10-06T10:08:41.8544119Z   repository: peppone-choi/OpenHOI4
client	Run actions/checkout@v7.0.1	2026-10-06T10:08:41.8547093Z   token: ***
client	Run actions/checkout@v7.0.1	2026-10-06T10:08:41.8547439Z   ssh-strict: true
client	Run actions/checkout@v7.0.1	2026-10-06T10:08:41.8547932Z   ssh-user: git
client	Run actions/checkout@v7.0.1	2026-10-06T10:08:41.8548284Z   persist-credentials: true
client	Run actions/checkout@v7.0.1	2026-10-06T10:08:41.8548664Z   clean: true
client	Run actions/checkout@v7.0.1	2026-10-06T10:08:41.8549018Z   sparse-checkout-cone-mode: true
client	Run actions/checkout@v7.0.1	2026-10-06T10:08:41.8549437Z   fetch-depth: 1
client	Run actions/checkout@v7.0.1	2026-10-06T10:08:41.8549789Z   fetch-tags: false
client	Run actions/checkout@v7.0.1	2026-10-06T10:08:41.8550134Z   show-progress: true
client	Run actions/checkout@v7.0.1	2026-10-06T10:08:41.8550492Z   lfs: false
client	Run actions/checkout@v7.0.1	2026-10-06T10:08:41.8550837Z   submodules: false
client	Run actions/checkout@v7.0.1	2026-10-06T10:08:41.8551193Z   set-safe-directory: true
client	Run actions/checkout@v7.0.1	2026-10-06T10:08:41.8551597Z   allow-unsafe-pr-checkout: false
client	Run actions/checkout@v7.0.1	2026-10-06T10:08:41.8552161Z ##[endgroup]
client	Run actions/checkout@v7.0.1	2026-10-06T10:08:41.9361402Z Syncing repository: peppone-choi/OpenHOI4
client	Run actions/checkout@v7.0.1	2026-10-06T10:08:41.9363034Z ##[group]Getting Git version info
client	Run actions/checkout@v7.0.1	2026-10-06T10:08:41.9363621Z Working directory is '/home/runner/work/OpenHOI4/OpenHOI4'
client	Run actions/checkout@v7.0.1	2026-10-06T10:08:41.9364508Z [command]/usr/bin/git version
client	Run actions/checkout@v7.0.1	2026-10-06T10:08:41.9528036Z git version 2.55.0
client	Run actions/checkout@v7.0.1	2026-10-06T10:08:41.9543313Z ##[endgroup]
client	Run actions/checkout@v7.0.1	2026-10-06T10:08:41.9551631Z Temporarily overriding HOME='/home/runner/work/_temp/08f92441-defd-4210-abdc-f0ac092293eb' before making global git config changes
client	Run actions/checkout@v7.0.1	2026-10-06T10:08:41.9553397Z Adding repository directory to the temporary git global config as a safe directory
client	Run actions/checkout@v7.0.1	2026-10-06T10:08:41.9556190Z [command]/usr/bin/git config --global --add safe.directory /home/runner/work/OpenHOI4/OpenHOI4
client	Run actions/checkout@v7.0.1	2026-10-06T10:08:41.9592913Z Deleting the contents of '/home/runner/work/OpenHOI4/OpenHOI4'
client	Run actions/checkout@v7.0.1	2026-10-06T10:08:41.9595682Z ##[group]Determining repository object format
client	Run actions/checkout@v7.0.1	2026-10-06T10:08:41.9596765Z ##[endgroup]
client	Run actions/checkout@v7.0.1	2026-10-06T10:08:41.9597494Z ##[group]Initializing the repository
client	Run actions/checkout@v7.0.1	2026-10-06T10:08:41.9600035Z [command]/usr/bin/git init /home/runner/work/OpenHOI4/OpenHOI4
client	Run actions/checkout@v7.0.1	2026-10-06T10:08:41.9706772Z hint: Using 'master' as the name for the initial branch. This default branch name
client	Run actions/checkout@v7.0.1	2026-10-06T10:08:41.9708101Z hint: will change to "main" in Git 3.0. To configure the initial branch name
client	Run actions/checkout@v7.0.1	2026-10-06T10:08:41.9709266Z hint: to use in all of your new repositories, which will suppress this warning,
client	Run actions/checkout@v7.0.1	2026-10-06T10:08:41.9710192Z hint: call:
client	Run actions/checkout@v7.0.1	2026-10-06T10:08:41.9710704Z hint:
client	Run actions/checkout@v7.0.1	2026-10-06T10:08:41.9711344Z hint: 	git config --global init.defaultBranch <name>
client	Run actions/checkout@v7.0.1	2026-10-06T10:08:41.9712047Z hint:
client	Run actions/checkout@v7.0.1	2026-10-06T10:08:41.9712669Z hint: Names commonly chosen instead of 'master' are 'main', 'trunk' and
client	Run actions/checkout@v7.0.1	2026-10-06T10:08:41.9713418Z hint: 'development'. The just-created branch can be renamed via this command:
client	Run actions/checkout@v7.0.1	2026-10-06T10:08:41.9714013Z hint:
client	Run actions/checkout@v7.0.1	2026-10-06T10:08:41.9714350Z hint: 	git branch -m <name>
client	Run actions/checkout@v7.0.1	2026-10-06T10:08:41.9714730Z hint:
client	Run actions/checkout@v7.0.1	2026-10-06T10:08:41.9715219Z hint: Disable this message with "git config set advice.defaultBranchName false"
client	Run actions/checkout@v7.0.1	2026-10-06T10:08:41.9716227Z Initialized empty Git repository in /home/runner/work/OpenHOI4/OpenHOI4/.git/
client	Run actions/checkout@v7.0.1	2026-10-06T10:08:41.9718720Z [command]/usr/bin/git remote add origin https://github.com/peppone-choi/OpenHOI4
client	Run actions/checkout@v7.0.1	2026-10-06T10:08:41.9771423Z ##[endgroup]
client	Run actions/checkout@v7.0.1	2026-10-06T10:08:41.9772042Z ##[group]Disabling automatic garbage collection
client	Run actions/checkout@v7.0.1	2026-10-06T10:08:41.9774867Z [command]/usr/bin/git config --local gc.auto 0
client	Run actions/checkout@v7.0.1	2026-10-06T10:08:41.9806081Z ##[endgroup]
client	Run actions/checkout@v7.0.1	2026-10-06T10:08:41.9806684Z ##[group]Setting up auth
client	Run actions/checkout@v7.0.1	2026-10-06T10:08:41.9807121Z Removing SSH command configuration
client	Run actions/checkout@v7.0.1	2026-10-06T10:08:41.9814081Z [command]/usr/bin/git config --local --name-only --get-regexp core\.sshCommand
client	Run actions/checkout@v7.0.1	2026-10-06T10:08:41.9836522Z [command]/usr/bin/git submodule foreach --recursive sh -c "git config --local --name-only --get-regexp 'core\.sshCommand' && git config --local --unset-all 'core.sshCommand' || :"
client	Run actions/checkout@v7.0.1	2026-10-06T10:08:42.0137038Z Removing HTTP extra header
client	Run actions/checkout@v7.0.1	2026-10-06T10:08:42.0143003Z [command]/usr/bin/git config --local --name-only --get-regexp http\.https\:\/\/github\.com\/\.extraheader
client	Run actions/checkout@v7.0.1	2026-10-06T10:08:42.0169866Z [command]/usr/bin/git submodule foreach --recursive sh -c "git config --local --name-only --get-regexp 'http\.https\:\/\/github\.com\/\.extraheader' && git config --local --unset-all 'http.https://github.com/.extraheader' || :"
client	Run actions/checkout@v7.0.1	2026-10-06T10:08:42.0363522Z Removing includeIf entries pointing to credentials config files
client	Run actions/checkout@v7.0.1	2026-10-06T10:08:42.0364375Z [command]/usr/bin/git config --local --name-only --get-regexp ^includeIf\.gitdir:
client	Run actions/checkout@v7.0.1	2026-10-06T10:08:42.0390206Z [command]/usr/bin/git submodule foreach --recursive git config --local --show-origin --name-only --get-regexp remote.origin.url
client	Run actions/checkout@v7.0.1	2026-10-06T10:08:42.0569697Z [command]/usr/bin/git config --file /home/runner/work/_temp/git-credentials-6dcb519b-7731-450d-bd77-f1b555953817.config http.https://github.com/.extraheader AUTHORIZATION: basic ***
client	Run actions/checkout@v7.0.1	2026-10-06T10:08:42.0597723Z [command]/usr/bin/git config --local includeIf.gitdir:/home/runner/work/OpenHOI4/OpenHOI4/.git.path /home/runner/work/_temp/git-credentials-6dcb519b-7731-450d-bd77-f1b555953817.config
client	Run actions/checkout@v7.0.1	2026-10-06T10:08:42.0622414Z [command]/usr/bin/git config --local includeIf.gitdir:/home/runner/work/OpenHOI4/OpenHOI4/.git/worktrees/*.path /home/runner/work/_temp/git-credentials-6dcb519b-7731-450d-bd77-f1b555953817.config
client	Run actions/checkout@v7.0.1	2026-10-06T10:08:42.0651447Z [command]/usr/bin/git config --local includeIf.gitdir:/github/workspace/.git.path /github/runner_temp/git-credentials-6dcb519b-7731-450d-bd77-f1b555953817.config
client	Run actions/checkout@v7.0.1	2026-10-06T10:08:42.0675974Z [command]/usr/bin/git config --local includeIf.gitdir:/github/workspace/.git/worktrees/*.path /github/runner_temp/git-credentials-6dcb519b-7731-450d-bd77-f1b555953817.config
client	Run actions/checkout@v7.0.1	2026-10-06T10:08:42.0699137Z ##[endgroup]
client	Run actions/checkout@v7.0.1	2026-10-06T10:08:42.0699772Z ##[group]Fetching the repository
client	Run actions/checkout@v7.0.1	2026-10-06T10:08:42.0704543Z [command]/usr/bin/git -c protocol.version=2 fetch --no-tags --prune --no-recurse-submodules --depth=1 origin +f12b30345c7255bdceb4d0e6b32405f5c48dd5b6:refs/remotes/origin/main
client	Run actions/checkout@v7.0.1	2026-10-06T10:08:43.4629676Z From https://github.com/peppone-choi/OpenHOI4
client	Run actions/checkout@v7.0.1	2026-10-06T10:08:43.4632200Z  * [new ref]         f12b30345c7255bdceb4d0e6b32405f5c48dd5b6 -> origin/main
client	Run actions/checkout@v7.0.1	2026-10-06T10:08:43.4635706Z [command]/usr/bin/git branch --list --remote origin/main
client	Run actions/checkout@v7.0.1	2026-10-06T10:08:43.4659420Z   origin/main
client	Run actions/checkout@v7.0.1	2026-10-06T10:08:43.4666514Z [command]/usr/bin/git rev-parse refs/remotes/origin/main
client	Run actions/checkout@v7.0.1	2026-10-06T10:08:43.4686782Z f12b30345c7255bdceb4d0e6b32405f5c48dd5b6
client	Run actions/checkout@v7.0.1	2026-10-06T10:08:43.4691019Z ##[endgroup]
client	Run actions/checkout@v7.0.1	2026-10-06T10:08:43.4692011Z ##[group]Determining the checkout info
client	Run actions/checkout@v7.0.1	2026-10-06T10:08:43.4693099Z ##[endgroup]
client	Run actions/checkout@v7.0.1	2026-10-06T10:08:43.4695892Z [command]/usr/bin/git sparse-checkout disable
client	Run actions/checkout@v7.0.1	2026-10-06T10:08:43.5175305Z [command]/usr/bin/git config --local --unset-all extensions.worktreeConfig
client	Run actions/checkout@v7.0.1	2026-10-06T10:08:43.5204434Z ##[group]Checking out the ref
client	Run actions/checkout@v7.0.1	2026-10-06T10:08:43.5206547Z [command]/usr/bin/git checkout --progress --force -B main refs/remotes/origin/main
client	Run actions/checkout@v7.0.1	2026-10-06T10:08:43.5522747Z Switched to a new branch 'main'
client	Run actions/checkout@v7.0.1	2026-10-06T10:08:43.5526147Z branch 'main' set up to track 'origin/main'.
client	Run actions/checkout@v7.0.1	2026-10-06T10:08:43.5535196Z ##[endgroup]
client	Run actions/checkout@v7.0.1	2026-10-06T10:08:43.5572685Z [command]/usr/bin/git log -1 --format=%H
client	Run actions/checkout@v7.0.1	2026-10-06T10:08:43.5594322Z f12b30345c7255bdceb4d0e6b32405f5c48dd5b6
client	Run actions/setup-node@v7.0.0	﻿2026-10-06T10:08:43.5972784Z ##[group]Run actions/setup-node@v7.0.0
client	Run actions/setup-node@v7.0.0	2026-10-06T10:08:43.5973778Z with:
client	Run actions/setup-node@v7.0.0	2026-10-06T10:08:43.5974482Z   node-version: 24.4.0
client	Run actions/setup-node@v7.0.0	2026-10-06T10:08:43.5975253Z   cache: npm
client	Run actions/setup-node@v7.0.0	2026-10-06T10:08:43.5976083Z   cache-dependency-path: client/package-lock.json
client	Run actions/setup-node@v7.0.0	2026-10-06T10:08:43.5977161Z   check-latest: false
client	Run actions/setup-node@v7.0.0	2026-10-06T10:08:43.5984395Z   token: ***
client	Run actions/setup-node@v7.0.0	2026-10-06T10:08:43.5985152Z   package-manager-cache: true
client	Run actions/setup-node@v7.0.0	2026-10-06T10:08:43.5986008Z ##[endgroup]
client	Run actions/setup-node@v7.0.0	2026-10-06T10:08:43.7018674Z Attempting to download 24.4.0...
client	Run actions/setup-node@v7.0.0	2026-10-06T10:08:44.7241397Z Acquiring 24.4.0 - x64 from https://github.com/actions/node-versions/releases/download/24.4.0-16210503505/node-24.4.0-linux-x64.tar.gz
client	Run actions/setup-node@v7.0.0	2026-10-06T10:08:45.2630716Z Extracting ...
client	Run actions/setup-node@v7.0.0	2026-10-06T10:08:45.2722066Z [command]/usr/bin/tar xz --strip 1 --warning=no-unknown-keyword --overwrite -C /home/runner/work/_temp/adc2a7ea-321f-4457-aea7-bc30ff70494c -f /home/runner/work/_temp/c1bfc600-3bb3-48ca-a269-9d3b5dd4b872
client	Run actions/setup-node@v7.0.0	2026-10-06T10:08:46.2945242Z Adding to the cache ...
client	Run actions/setup-node@v7.0.0	2026-10-06T10:08:48.9561435Z ##[group]Environment details
client	Run actions/setup-node@v7.0.0	2026-10-06T10:08:49.1432085Z node: v24.4.0
client	Run actions/setup-node@v7.0.0	2026-10-06T10:08:49.1432361Z npm: 11.4.2
client	Run actions/setup-node@v7.0.0	2026-10-06T10:08:49.1432529Z yarn: 1.22.22
client	Run actions/setup-node@v7.0.0	2026-10-06T10:08:49.1433025Z ##[endgroup]
client	Run actions/setup-node@v7.0.0	2026-10-06T10:08:49.1445533Z [command]/opt/hostedtoolcache/node/24.4.0/x64/bin/npm config get cache
client	Run actions/setup-node@v7.0.0	2026-10-06T10:08:49.2211466Z /home/runner/.npm
client	Run actions/setup-node@v7.0.0	2026-10-06T10:08:49.6079090Z Cache hit for: node-cache-Linux-x64-npm-c82ada87881698fff77d1628c98f08773c3d345fc1ac819064a7882b2d511ff1
client	Run actions/setup-node@v7.0.0	2026-10-06T10:08:50.8231982Z Received 29755359 of 42338271 (70.3%), 28.4 MBs/sec
client	Run actions/setup-node@v7.0.0	2026-10-06T10:08:51.0241655Z Received 42338271 of 42338271 (100.0%), 33.6 MBs/sec
client	Run actions/setup-node@v7.0.0	2026-10-06T10:08:51.0242015Z Cache Size: ~40 MB (42338271 B)
client	Run actions/setup-node@v7.0.0	2026-10-06T10:08:51.0330037Z [command]/usr/bin/tar -xf /home/runner/work/_temp/978acd1a-59f2-47d8-a00f-e8d60a8b6c18/cache.tzst -P -C /home/runner/work/OpenHOI4/OpenHOI4 --use-compress-program unzstd
client	Run actions/setup-node@v7.0.0	2026-10-06T10:08:51.0896798Z Cache restored successfully
client	Run actions/setup-node@v7.0.0	2026-10-06T10:08:51.0922876Z Cache restored from key: node-cache-Linux-x64-npm-c82ada87881698fff77d1628c98f08773c3d345fc1ac819064a7882b2d511ff1
client	Install pinned Rust for protocol generation and real server	﻿2026-10-06T10:08:51.1852545Z ##[group]Run rustup toolchain install 1.99.0 --profile minimal
client	Install pinned Rust for protocol generation and real server	2026-10-06T10:08:51.1853176Z [36;1mrustup toolchain install 1.99.0 --profile minimal[0m
client	Install pinned Rust for protocol generation and real server	2026-10-06T10:08:51.5496182Z shell: /usr/bin/bash -e {0}
client	Install pinned Rust for protocol generation and real server	2026-10-06T10:08:51.5496468Z ##[endgroup]
client	Install pinned Rust for protocol generation and real server	2026-10-06T10:08:52.1443909Z info: syncing channel updates for 1.99.0-x86_64-unknown-linux-gnu
client	Install pinned Rust for protocol generation and real server	2026-10-06T10:08:52.7720817Z info: latest update on 2026-10-01 for version 1.99.0 (b940084d7 2026-09-28)
client	Install pinned Rust for protocol generation and real server	2026-10-06T10:08:52.7721298Z info: downloading 3 components
client	Install pinned Rust for protocol generation and real server	2026-10-06T10:09:01.2002975Z
client	Install pinned Rust for protocol generation and real server	2026-10-06T10:09:01.2066516Z   1.99.0-x86_64-unknown-linux-gnu installed - rustc 1.99.0 (b940084d7 2026-09-28)
client	Install pinned Rust for protocol generation and real server	2026-10-06T10:09:01.2067539Z
client	Run npm --prefix client ci	﻿2026-10-06T10:09:01.2135572Z ##[group]Run npm --prefix client ci
client	Run npm --prefix client ci	2026-10-06T10:09:01.2135867Z [36;1mnpm --prefix client ci[0m
client	Run npm --prefix client ci	2026-10-06T10:09:01.2190389Z shell: /usr/bin/bash -e {0}
client	Run npm --prefix client ci	2026-10-06T10:09:01.2190623Z ##[endgroup]
client	Run npm --prefix client ci	2026-10-06T10:09:02.3484904Z
client	Run npm --prefix client ci	2026-10-06T10:09:02.3485722Z added 94 packages, and audited 95 packages in 1s
client	Run npm --prefix client ci	2026-10-06T10:09:02.3485983Z
client	Run npm --prefix client ci	2026-10-06T10:09:02.3486269Z 22 packages are looking for funding
client	Run npm --prefix client ci	2026-10-06T10:09:02.3486620Z   run `npm fund` for details
client	Run npm --prefix client ci	2026-10-06T10:09:02.3493527Z
client	Run npm --prefix client ci	2026-10-06T10:09:02.3493831Z found 0 vulnerabilities
client	Regenerate protocol types and reject stale bindings	﻿2026-10-06T10:09:02.4050628Z ##[group]Run cargo run -p oh_proto --locked --example generate
client	Regenerate protocol types and reject stale bindings	2026-10-06T10:09:02.4051339Z [36;1mcargo run -p oh_proto --locked --example generate[0m
client	Regenerate protocol types and reject stale bindings	2026-10-06T10:09:02.4052285Z [36;1mgit diff --exit-code -- client/src/proto[0m
client	Regenerate protocol types and reject stale bindings	2026-10-06T10:09:02.4138308Z shell: /usr/bin/bash -e {0}
client	Regenerate protocol types and reject stale bindings	2026-10-06T10:09:02.4138568Z ##[endgroup]
client	Regenerate protocol types and reject stale bindings	2026-10-06T10:09:02.4930493Z info: syncing channel updates for 1.99.0-x86_64-unknown-linux-gnu
client	Regenerate protocol types and reject stale bindings	2026-10-06T10:09:02.9822197Z info: latest update on 2026-10-01 for version 1.99.0 (b940084d7 2026-09-28)
client	Regenerate protocol types and reject stale bindings	2026-10-06T10:09:02.9940946Z info: downloading 2 components
client	Regenerate protocol types and reject stale bindings	2026-10-06T10:09:05.1924077Z     Updating crates.io index
client	Regenerate protocol types and reject stale bindings	2026-10-06T10:09:05.4451933Z  Downloading crates ...
client	Regenerate protocol types and reject stale bindings	2026-10-06T10:09:05.5464649Z   Downloaded autocfg v1.5.1
client	Regenerate protocol types and reject stale bindings	2026-10-06T10:09:05.5530527Z   Downloaded az v1.3.0
client	Regenerate protocol types and reject stale bindings	2026-10-06T10:09:05.5578307Z   Downloaded postcard v1.1.3
client	Regenerate protocol types and reject stale bindings	2026-10-06T10:09:05.5629931Z   Downloaded equivalent v1.0.2
client	Regenerate protocol types and reject stale bindings	2026-10-06T10:09:05.5692125Z   Downloaded cobs v0.3.0
client	Regenerate protocol types and reject stale bindings	2026-10-06T10:09:05.5703703Z   Downloaded ref-cast-impl v1.0.27
client	Regenerate protocol types and reject stale bindings	2026-10-06T10:09:05.5710221Z   Downloaded embedded-io v0.4.0
client	Regenerate protocol types and reject stale bindings	2026-10-06T10:09:05.5723484Z   Downloaded dyn-clone v1.0.20
client	Regenerate protocol types and reject stale bindings	2026-10-06T10:09:05.5736140Z   Downloaded itoa v1.0.18
client	Regenerate protocol types and reject stale bindings	2026-10-06T10:09:05.5747960Z   Downloaded cfg-if v1.0.5
client	Regenerate protocol types and reject stale bindings	2026-10-06T10:09:05.5757832Z   Downloaded ref-cast v1.0.27
client	Regenerate protocol types and reject stale bindings	2026-10-06T10:09:05.5806632Z   Downloaded serde_spanned v1.1.1
client	Regenerate protocol types and reject stale bindings	2026-10-06T10:09:05.5938238Z   Downloaded embedded-io v0.6.1
client	Regenerate protocol types and reject stale bindings	2026-10-06T10:09:05.5948948Z   Downloaded ppv-lite86 v0.2.21
client	Regenerate protocol types and reject stale bindings	2026-10-06T10:09:05.5968582Z   Downloaded rand_chacha v0.10.0
client	Regenerate protocol types and reject stale bindings	2026-10-06T10:09:05.5969343Z   Downloaded serde_derive_internals v0.30.0
client	Regenerate protocol types and reject stale bindings	2026-10-06T10:09:05.5982176Z   Downloaded schemars_derive v1.2.2
client	Regenerate protocol types and reject stale bindings	2026-10-06T10:09:05.5998140Z   Downloaded quote v1.0.47
client	Regenerate protocol types and reject stale bindings	2026-10-06T10:09:05.6022700Z   Downloaded thiserror v2.0.21
client	Regenerate protocol types and reject stale bindings	2026-10-06T10:09:05.6079107Z   Downloaded toml_datetime v1.1.1+spec-1.1.0
client	Regenerate protocol types and reject stale bindings	2026-10-06T10:09:05.6089781Z   Downloaded zmij v1.0.23
client	Regenerate protocol types and reject stale bindings	2026-10-06T10:09:05.6105791Z   Downloaded termcolor v1.4.1
client	Regenerate protocol types and reject stale bindings	2026-10-06T10:09:05.6116110Z   Downloaded thiserror-impl v2.0.21
client	Regenerate protocol types and reject stale bindings	2026-10-06T10:09:05.6129522Z   Downloaded ts-rs-macros v12.0.1
client	Regenerate protocol types and reject stale bindings	2026-10-06T10:09:05.6145365Z   Downloaded rand_core v0.10.1
client	Regenerate protocol types and reject stale bindings	2026-10-06T10:09:05.6159020Z   Downloaded semver v1.0.28
client	Regenerate protocol types and reject stale bindings	2026-10-06T10:09:05.6178157Z   Downloaded rmp-serde v1.3.1
client	Regenerate protocol types and reject stale bindings	2026-10-06T10:09:05.6195746Z   Downloaded toml_writer v1.1.2+spec-1.1.0
client	Regenerate protocol types and reject stale bindings	2026-10-06T10:09:05.6208377Z   Downloaded bytemuck v1.25.2
client	Regenerate protocol types and reject stale bindings	2026-10-06T10:09:05.6236201Z   Downloaded toml_parser v1.1.3+spec-1.1.0
client	Regenerate protocol types and reject stale bindings	2026-10-06T10:09:05.6253894Z   Downloaded unicode-ident v1.0.26
client	Regenerate protocol types and reject stale bindings	2026-10-06T10:09:05.6275213Z   Downloaded half v2.7.1
client	Regenerate protocol types and reject stale bindings	2026-10-06T10:09:05.6295681Z   Downloaded num-traits v0.2.19
client	Regenerate protocol types and reject stale bindings	2026-10-06T10:09:05.6315727Z   Downloaded rmp v0.8.15
client	Regenerate protocol types and reject stale bindings	2026-10-06T10:09:05.6346684Z   Downloaded serde_core v1.0.229
client	Regenerate protocol types and reject stale bindings	2026-10-06T10:09:05.6369237Z   Downloaded proc-macro2 v1.0.107
client	Regenerate protocol types and reject stale bindings	2026-10-06T10:09:05.6392765Z   Downloaded serde_derive v1.0.229
client	Regenerate protocol types and reject stale bindings	2026-10-06T10:09:05.6416333Z   Downloaded toml v1.1.6+spec-1.1.0
client	Regenerate protocol types and reject stale bindings	2026-10-06T10:09:05.6448904Z   Downloaded ts-rs v12.0.1
client	Regenerate protocol types and reject stale bindings	2026-10-06T10:09:05.6496243Z   Downloaded serde v1.0.229
client	Regenerate protocol types and reject stale bindings	2026-10-06T10:09:05.6523409Z   Downloaded memchr v2.8.3
client	Regenerate protocol types and reject stale bindings	2026-10-06T10:09:05.6566575Z   Downloaded schemars v1.2.2
client	Regenerate protocol types and reject stale bindings	2026-10-06T10:09:05.6702334Z   Downloaded indexmap v2.14.2
client	Regenerate protocol types and reject stale bindings	2026-10-06T10:09:05.6735548Z   Downloaded typenum v1.20.1
client	Regenerate protocol types and reject stale bindings	2026-10-06T10:09:05.6767910Z   Downloaded hashbrown v0.17.1
client	Regenerate protocol types and reject stale bindings	2026-10-06T10:09:05.6810790Z   Downloaded zerocopy-derive v0.8.60
client	Regenerate protocol types and reject stale bindings	2026-10-06T10:09:05.6910164Z   Downloaded serde_json v1.0.151
client	Regenerate protocol types and reject stale bindings	2026-10-06T10:09:05.6967046Z   Downloaded winnow v1.0.4
client	Regenerate protocol types and reject stale bindings	2026-10-06T10:09:05.7043098Z   Downloaded fixed v1.31.0
client	Regenerate protocol types and reject stale bindings	2026-10-06T10:09:05.7098469Z   Downloaded syn v3.0.6
client	Regenerate protocol types and reject stale bindings	2026-10-06T10:09:05.7182656Z   Downloaded zerocopy v0.8.60
client	Regenerate protocol types and reject stale bindings	2026-10-06T10:09:05.7390278Z   Downloaded syn v2.0.119
client	Regenerate protocol types and reject stale bindings	2026-10-06T10:09:05.7644318Z    Compiling proc-macro2 v1.0.107
client	Regenerate protocol types and reject stale bindings	2026-10-06T10:09:05.7646041Z    Compiling unicode-ident v1.0.26
client	Regenerate protocol types and reject stale bindings	2026-10-06T10:09:05.7646390Z    Compiling quote v1.0.47
client	Regenerate protocol types and reject stale bindings	2026-10-06T10:09:05.7646687Z    Compiling serde_core v1.0.229
client	Regenerate protocol types and reject stale bindings	2026-10-06T10:09:05.8101620Z    Compiling zerocopy v0.8.60
client	Regenerate protocol types and reject stale bindings	2026-10-06T10:09:06.1160288Z    Compiling serde v1.0.229
client	Regenerate protocol types and reject stale bindings	2026-10-06T10:09:06.1469792Z    Compiling thiserror v2.0.21
client	Regenerate protocol types and reject stale bindings	2026-10-06T10:09:06.2559422Z    Compiling zmij v1.0.23
client	Regenerate protocol types and reject stale bindings	2026-10-06T10:09:06.3266808Z    Compiling autocfg v1.5.1
client	Regenerate protocol types and reject stale bindings	2026-10-06T10:09:06.3650747Z    Compiling serde_json v1.0.151
client	Regenerate protocol types and reject stale bindings	2026-10-06T10:09:06.4548909Z    Compiling ref-cast v1.0.27
client	Regenerate protocol types and reject stale bindings	2026-10-06T10:09:06.5779997Z    Compiling cfg-if v1.0.5
client	Regenerate protocol types and reject stale bindings	2026-10-06T10:09:06.6039203Z    Compiling fixed v1.31.0
client	Regenerate protocol types and reject stale bindings	2026-10-06T10:09:06.6428922Z    Compiling num-traits v0.2.19
client	Regenerate protocol types and reject stale bindings	2026-10-06T10:09:06.7103535Z    Compiling syn v3.0.6
client	Regenerate protocol types and reject stale bindings	2026-10-06T10:09:06.7496333Z    Compiling syn v2.0.119
client	Regenerate protocol types and reject stale bindings	2026-10-06T10:09:06.9690581Z    Compiling bytemuck v1.25.2
client	Regenerate protocol types and reject stale bindings	2026-10-06T10:09:07.0755429Z    Compiling az v1.3.0
client	Regenerate protocol types and reject stale bindings	2026-10-06T10:09:07.9483563Z    Compiling serde_derive_internals v0.30.0
client	Regenerate protocol types and reject stale bindings	2026-10-06T10:09:07.9539076Z    Compiling itoa v1.0.18
client	Regenerate protocol types and reject stale bindings	2026-10-06T10:09:08.0509011Z    Compiling typenum v1.20.1
client	Regenerate protocol types and reject stale bindings	2026-10-06T10:09:08.6295185Z    Compiling winnow v1.0.4
client	Regenerate protocol types and reject stale bindings	2026-10-06T10:09:08.6688942Z    Compiling memchr v2.8.3
client	Regenerate protocol types and reject stale bindings	2026-10-06T10:09:08.6718762Z    Compiling serde_derive v1.0.229
client	Regenerate protocol types and reject stale bindings	2026-10-06T10:09:08.8972973Z    Compiling thiserror-impl v2.0.21
client	Regenerate protocol types and reject stale bindings	2026-10-06T10:09:09.2058997Z    Compiling ref-cast-impl v1.0.27
client	Regenerate protocol types and reject stale bindings	2026-10-06T10:09:09.4788051Z    Compiling rand_core v0.10.1
client	Regenerate protocol types and reject stale bindings	2026-10-06T10:09:09.7934718Z    Compiling cobs v0.3.0
client	Regenerate protocol types and reject stale bindings	2026-10-06T10:09:09.8934394Z    Compiling toml_parser v1.1.3+spec-1.1.0
client	Regenerate protocol types and reject stale bindings	2026-10-06T10:09:10.2889835Z    Compiling zerocopy-derive v0.8.60
client	Regenerate protocol types and reject stale bindings	2026-10-06T10:09:10.4419468Z    Compiling schemars_derive v1.2.2
client	Regenerate protocol types and reject stale bindings	2026-10-06T10:09:10.5749145Z    Compiling serde_spanned v1.1.1
client	Regenerate protocol types and reject stale bindings	2026-10-06T10:09:10.6314775Z    Compiling toml_datetime v1.1.1+spec-1.1.0
client	Regenerate protocol types and reject stale bindings	2026-10-06T10:09:10.8778961Z    Compiling semver v1.0.28
client	Regenerate protocol types and reject stale bindings	2026-10-06T10:09:11.1157187Z    Compiling dyn-clone v1.0.20
client	Regenerate protocol types and reject stale bindings	2026-10-06T10:09:11.1799608Z    Compiling toml_writer v1.1.2+spec-1.1.0
client	Regenerate protocol types and reject stale bindings	2026-10-06T10:09:11.2989175Z    Compiling toml v1.1.6+spec-1.1.0
client	Regenerate protocol types and reject stale bindings	2026-10-06T10:09:11.4468985Z    Compiling postcard v1.1.3
client	Regenerate protocol types and reject stale bindings	2026-10-06T10:09:11.6088971Z    Compiling schemars v1.2.2
client	Regenerate protocol types and reject stale bindings	2026-10-06T10:09:12.1911136Z    Compiling termcolor v1.4.1
client	Regenerate protocol types and reject stale bindings	2026-10-06T10:09:12.3738937Z    Compiling ts-rs-macros v12.0.1
client	Regenerate protocol types and reject stale bindings	2026-10-06T10:09:12.5918958Z    Compiling rmp v0.8.15
client	Regenerate protocol types and reject stale bindings	2026-10-06T10:09:12.8328935Z    Compiling rmp-serde v1.3.1
client	Regenerate protocol types and reject stale bindings	2026-10-06T10:09:13.2598118Z    Compiling ts-rs v12.0.1
client	Regenerate protocol types and reject stale bindings	2026-10-06T10:09:14.3272761Z    Compiling ppv-lite86 v0.2.21
client	Regenerate protocol types and reject stale bindings	2026-10-06T10:09:14.3273778Z    Compiling half v2.7.1
client	Regenerate protocol types and reject stale bindings	2026-10-06T10:09:14.4877065Z    Compiling rand_chacha v0.10.0
client	Regenerate protocol types and reject stale bindings	2026-10-06T10:09:18.8690317Z    Compiling oh_core v0.1.0 (/home/runner/work/OpenHOI4/OpenHOI4/crates/oh_core)
client	Regenerate protocol types and reject stale bindings	2026-10-06T10:09:18.9678857Z    Compiling oh_data v0.1.0 (/home/runner/work/OpenHOI4/OpenHOI4/crates/oh_data)
client	Regenerate protocol types and reject stale bindings	2026-10-06T10:09:19.1097808Z    Compiling oh_sim v0.1.0 (/home/runner/work/OpenHOI4/OpenHOI4/crates/oh_sim)
client	Regenerate protocol types and reject stale bindings	2026-10-06T10:09:19.2018447Z    Compiling oh_proto v0.1.0 (/home/runner/work/OpenHOI4/OpenHOI4/crates/oh_proto)
client	Regenerate protocol types and reject stale bindings	2026-10-06T10:09:19.7796791Z     Finished `dev` profile [unoptimized + debuginfo] target(s) in 14.62s
client	Regenerate protocol types and reject stale bindings	2026-10-06T10:09:19.8064207Z      Running `target/debug/examples/generate`
client	Run npm --prefix client run typecheck	﻿2026-10-06T10:09:19.9084688Z ##[group]Run npm --prefix client run typecheck
client	Run npm --prefix client run typecheck	2026-10-06T10:09:19.9085032Z [36;1mnpm --prefix client run typecheck[0m
client	Run npm --prefix client run typecheck	2026-10-06T10:09:19.9143642Z shell: /usr/bin/bash -e {0}
client	Run npm --prefix client run typecheck	2026-10-06T10:09:19.9143978Z ##[endgroup]
client	Run npm --prefix client run typecheck	2026-10-06T10:09:20.0037345Z
client	Run npm --prefix client run typecheck	2026-10-06T10:09:20.0038585Z > openhoi-client@0.1.0 typecheck
client	Run npm --prefix client run typecheck	2026-10-06T10:09:20.0039010Z > tsc --noEmit
client	Run npm --prefix client run typecheck	2026-10-06T10:09:20.0039180Z
client	Run npm --prefix client test	﻿2026-10-06T10:09:20.1786557Z ##[group]Run npm --prefix client test
client	Run npm --prefix client test	2026-10-06T10:09:20.1786864Z [36;1mnpm --prefix client test[0m
client	Run npm --prefix client test	2026-10-06T10:09:20.1842490Z shell: /usr/bin/bash -e {0}
client	Run npm --prefix client test	2026-10-06T10:09:20.1842735Z ##[endgroup]
client	Run npm --prefix client test	2026-10-06T10:09:20.3404315Z
client	Run npm --prefix client test	2026-10-06T10:09:20.3404902Z > openhoi-client@0.1.0 pretest
client	Run npm --prefix client test	2026-10-06T10:09:20.3405298Z > cargo run -p oh_proto --example wire_fixtures
client	Run npm --prefix client test	2026-10-06T10:09:20.3405499Z
client	Run npm --prefix client test	2026-10-06T10:09:20.4024343Z    Compiling oh_proto v0.1.0 (/home/runner/work/OpenHOI4/OpenHOI4/crates/oh_proto)
client	Run npm --prefix client test	2026-10-06T10:09:20.5753863Z     Finished `dev` profile [unoptimized + debuginfo] target(s) in 0.20s
client	Run npm --prefix client test	2026-10-06T10:09:20.5793019Z      Running `/home/runner/work/OpenHOI4/OpenHOI4/target/debug/examples/wire_fixtures`
client	Run npm --prefix client test	2026-10-06T10:09:20.5831599Z
client	Run npm --prefix client test	2026-10-06T10:09:20.5832016Z > openhoi-client@0.1.0 test
client	Run npm --prefix client test	2026-10-06T10:09:20.5832288Z > vitest run
client	Run npm --prefix client test	2026-10-06T10:09:20.5832403Z
client	Run npm --prefix client test	2026-10-06T10:09:20.8049495Z
client	Run npm --prefix client test	2026-10-06T10:09:20.8052840Z [1m[30m[46m RUN [49m[39m[22m [36mv5.0.3 [39m[90m/home/runner/work/OpenHOI4/OpenHOI4/client[39m
client	Run npm --prefix client test	2026-10-06T10:09:20.8053502Z
client	Run npm --prefix client test	2026-10-06T10:09:20.9740067Z  [32m✓[39m src/network.test.ts [2m([22m[2m2 tests[22m[2m)[22m[32m 8[2mms[22m[39m
client	Run npm --prefix client test	2026-10-06T10:09:21.0306223Z  [32m✓[39m src/App.test.tsx [2m([22m[2m1 test[22m[2m)[22m[32m 9[2mms[22m[39m
client	Run npm --prefix client test	2026-10-06T10:09:21.0336135Z
client	Run npm --prefix client test	2026-10-06T10:09:21.0339911Z [2m Test Files [22m [1m[32m2 passed[39m[22m[90m (2)[39m
client	Run npm --prefix client test	2026-10-06T10:09:21.0340685Z [2m      Tests [22m [1m[32m3 passed[39m[22m[90m (3)[39m
client	Run npm --prefix client test	2026-10-06T10:09:21.0341261Z [2m   Start at [22m 10:09:20
client	Run npm --prefix client test	2026-10-06T10:09:21.0344324Z [2m   Duration [22m 224ms[2m (import 43%, transform 41%, tests 10%, worker 6%)[22m
client	Run npm --prefix client test	2026-10-06T10:09:21.0356055Z
client	Run npm --prefix client run build	﻿2026-10-06T10:09:21.2401324Z ##[group]Run npm --prefix client run build
client	Run npm --prefix client run build	2026-10-06T10:09:21.2401665Z [36;1mnpm --prefix client run build[0m
client	Run npm --prefix client run build	2026-10-06T10:09:21.2457779Z shell: /usr/bin/bash -e {0}
client	Run npm --prefix client run build	2026-10-06T10:09:21.2458050Z ##[endgroup]
client	Run npm --prefix client run build	2026-10-06T10:09:21.3835770Z
client	Run npm --prefix client run build	2026-10-06T10:09:21.3836475Z > openhoi-client@0.1.0 build
client	Run npm --prefix client run build	2026-10-06T10:09:21.3836969Z > tsc --noEmit && vite build
client	Run npm --prefix client run build	2026-10-06T10:09:21.3837195Z
client	Run npm --prefix client run build	2026-10-06T10:09:21.7039453Z [36mvite v8.3.3 [32mbuilding client environment for production...[36m[39m
client	Run npm --prefix client run build	2026-10-06T10:09:21.7118472Z transforming...
client	Run npm --prefix client run build	2026-10-06T10:09:21.7584090Z ✓ 36 modules transformed.
client	Run npm --prefix client run build	2026-10-06T10:09:21.8782846Z rendering chunks...
client	Run npm --prefix client run build	2026-10-06T10:09:21.9088996Z computing gzip size...
client	Run npm --prefix client run build	2026-10-06T10:09:21.9124572Z dist/index.html                   0.36 kB │ gzip:  0.25 kB
client	Run npm --prefix client run build	2026-10-06T10:09:21.9125110Z dist/assets/index-Clqajp1P.css    1.05 kB │ gzip:  0.56 kB
client	Run npm --prefix client run build	2026-10-06T10:09:21.9125554Z dist/assets/index-B5ffLlxA.js   245.50 kB │ gzip: 76.24 kB
client	Run npm --prefix client run build	2026-10-06T10:09:21.9125760Z
client	Run npm --prefix client run build	2026-10-06T10:09:21.9128891Z [32m✓ built in 208ms[39m
client	Run cargo build -p oh_server --locked	﻿2026-10-06T10:09:21.9325210Z ##[group]Run cargo build -p oh_server --locked
client	Run cargo build -p oh_server --locked	2026-10-06T10:09:21.9325702Z [36;1mcargo build -p oh_server --locked[0m
client	Run cargo build -p oh_server --locked	2026-10-06T10:09:21.9384632Z shell: /usr/bin/bash -e {0}
client	Run cargo build -p oh_server --locked	2026-10-06T10:09:21.9384907Z ##[endgroup]
client	Run cargo build -p oh_server --locked	2026-10-06T10:09:22.0157362Z  Downloading crates ...
client	Run cargo build -p oh_server --locked	2026-10-06T10:09:22.0647944Z   Downloaded axum-core v0.5.6
client	Run cargo build -p oh_server --locked	2026-10-06T10:09:22.0716725Z   Downloaded atomic-waker v1.1.2
client	Run cargo build -p oh_server --locked	2026-10-06T10:09:22.0728687Z   Downloaded block-buffer v0.10.4
client	Run cargo build -p oh_server --locked	2026-10-06T10:09:22.0759807Z   Downloaded bytes v1.12.1
client	Run cargo build -p oh_server --locked	2026-10-06T10:09:22.0800391Z   Downloaded cpufeatures v0.2.17
client	Run cargo build -p oh_server --locked	2026-10-06T10:09:22.0895363Z   Downloaded matchit v0.8.4
client	Run cargo build -p oh_server --locked	2026-10-06T10:09:22.0950613Z   Downloaded percent-encoding v2.3.2
client	Run cargo build -p oh_server --locked	2026-10-06T10:09:22.0958994Z   Downloaded futures-core v0.3.34
client	Run cargo build -p oh_server --locked	2026-10-06T10:09:22.1002105Z   Downloaded http-body v1.1.0
client	Run cargo build -p oh_server --locked	2026-10-06T10:09:22.1022219Z   Downloaded crypto-common v0.1.7
client	Run cargo build -p oh_server --locked	2026-10-06T10:09:22.1030280Z   Downloaded tower-layer v0.3.3
client	Run cargo build -p oh_server --locked	2026-10-06T10:09:22.1042192Z   Downloaded httpdate v1.0.3
client	Run cargo build -p oh_server --locked	2026-10-06T10:09:22.1051494Z   Downloaded mime v0.3.17
client	Run cargo build -p oh_server --locked	2026-10-06T10:09:22.1087082Z   Downloaded generic-array v0.14.7
client	Run cargo build -p oh_server --locked	2026-10-06T10:09:22.1097875Z   Downloaded sha1 v0.10.7
client	Run cargo build -p oh_server --locked	2026-10-06T10:09:22.1111562Z   Downloaded version_check v0.9.5
client	Run cargo build -p oh_server --locked	2026-10-06T10:09:22.1123111Z   Downloaded tower-service v0.3.3
client	Run cargo build -p oh_server --locked	2026-10-06T10:09:22.1130185Z   Downloaded tokio-macros v2.7.2
client	Run cargo build -p oh_server --locked	2026-10-06T10:09:22.1138053Z   Downloaded futures-sink v0.3.34
client	Run cargo build -p oh_server --locked	2026-10-06T10:09:22.1144285Z   Downloaded futures-task v0.3.34
client	Run cargo build -p oh_server --locked	2026-10-06T10:09:22.1153333Z   Downloaded sync_wrapper v1.0.2
client	Run cargo build -p oh_server --locked	2026-10-06T10:09:22.1159308Z   Downloaded base64 v0.22.1
client	Run cargo build -p oh_server --locked	2026-10-06T10:09:22.1191820Z   Downloaded errno v0.3.14
client	Run cargo build -p oh_server --locked	2026-10-06T10:09:22.1204445Z   Downloaded rand_chacha v0.9.0
client	Run cargo build -p oh_server --locked	2026-10-06T10:09:22.1215210Z   Downloaded pin-project-lite v0.2.17
client	Run cargo build -p oh_server --locked	2026-10-06T10:09:22.1262377Z   Downloaded digest v0.10.7
client	Run cargo build -p oh_server --locked	2026-10-06T10:09:22.1278503Z   Downloaded rand_core v0.9.5
client	Run cargo build -p oh_server --locked	2026-10-06T10:09:22.1289771Z   Downloaded signal-hook-registry v1.4.8
client	Run cargo build -p oh_server --locked	2026-10-06T10:09:22.1299839Z   Downloaded slab v0.4.12
client	Run cargo build -p oh_server --locked	2026-10-06T10:09:22.1310662Z   Downloaded http-body-util v0.1.5
client	Run cargo build -p oh_server --locked	2026-10-06T10:09:22.1325861Z   Downloaded httparse v1.10.1
client	Run cargo build -p oh_server --locked	2026-10-06T10:09:22.1345622Z   Downloaded tokio-tungstenite v0.29.0
client	Run cargo build -p oh_server --locked	2026-10-06T10:09:22.1365475Z   Downloaded data-encoding v2.11.1
client	Run cargo build -p oh_server --locked	2026-10-06T10:09:22.1373968Z   Downloaded socket2 v0.6.5
client	Run cargo build -p oh_server --locked	2026-10-06T10:09:22.1390561Z   Downloaded futures-channel v0.3.34
client	Run cargo build -p oh_server --locked	2026-10-06T10:09:22.1404580Z   Downloaded log v0.4.34
client	Run cargo build -p oh_server --locked	2026-10-06T10:09:22.1425596Z   Downloaded smallvec v1.16.2
client	Run cargo build -p oh_server --locked	2026-10-06T10:09:22.1436787Z   Downloaded getrandom v0.3.4
client	Run cargo build -p oh_server --locked	2026-10-06T10:09:22.1465265Z   Downloaded tungstenite v0.29.0
client	Run cargo build -p oh_server --locked	2026-10-06T10:09:22.1492935Z   Downloaded rand v0.9.5
client	Run cargo build -p oh_server --locked	2026-10-06T10:09:22.1522731Z   Downloaded http v1.5.0
client	Run cargo build -p oh_server --locked	2026-10-06T10:09:22.1551687Z   Downloaded mio v1.2.4
client	Run cargo build -p oh_server --locked	2026-10-06T10:09:22.1600306Z   Downloaded tower v0.5.3
client	Run cargo build -p oh_server --locked	2026-10-06T10:09:22.1681049Z   Downloaded hyper-util v0.1.21
client	Run cargo build -p oh_server --locked	2026-10-06T10:09:22.1731948Z   Downloaded hyper v1.11.1
client	Run cargo build -p oh_server --locked	2026-10-06T10:09:22.1787871Z   Downloaded futures-util v0.3.34
client	Run cargo build -p oh_server --locked	2026-10-06T10:09:22.1892510Z   Downloaded axum v0.8.9
client	Run cargo build -p oh_server --locked	2026-10-06T10:09:22.1959015Z   Downloaded libc v0.2.190
client	Run cargo build -p oh_server --locked	2026-10-06T10:09:22.2335962Z   Downloaded tokio v1.53.2
client	Run cargo build -p oh_server --locked	2026-10-06T10:09:22.8364775Z    Compiling serde_core v1.0.229
client	Run cargo build -p oh_server --locked	2026-10-06T10:09:22.8365382Z    Compiling libc v0.2.190
client	Run cargo build -p oh_server --locked	2026-10-06T10:09:22.8365818Z    Compiling syn v3.0.6
client	Run cargo build -p oh_server --locked	2026-10-06T10:09:22.8397356Z    Compiling ppv-lite86 v0.2.21
client	Run cargo build -p oh_server --locked	2026-10-06T10:09:23.0929426Z    Compiling bytes v1.12.1
client	Run cargo build -p oh_server --locked	2026-10-06T10:09:23.6069050Z    Compiling version_check v0.9.5
client	Run cargo build -p oh_server --locked	2026-10-06T10:09:23.7728978Z    Compiling generic-array v0.14.7
client	Run cargo build -p oh_server --locked	2026-10-06T10:09:23.8428901Z    Compiling pin-project-lite v0.2.17
client	Run cargo build -p oh_server --locked	2026-10-06T10:09:23.8729117Z    Compiling futures-core v0.3.34
client	Run cargo build -p oh_server --locked	2026-10-06T10:09:23.9369577Z    Compiling http v1.5.0
client	Run cargo build -p oh_server --locked	2026-10-06T10:09:23.9389364Z    Compiling memchr v2.8.3
client	Run cargo build -p oh_server --locked	2026-10-06T10:09:24.4820363Z    Compiling getrandom v0.3.4
client	Run cargo build -p oh_server --locked	2026-10-06T10:09:24.8087119Z    Compiling serde_derive_internals v0.30.0
client	Run cargo build -p oh_server --locked	2026-10-06T10:09:24.8222388Z    Compiling errno v0.3.14
client	Run cargo build -p oh_server --locked	2026-10-06T10:09:24.8768871Z    Compiling httparse v1.10.1
client	Run cargo build -p oh_server --locked	2026-10-06T10:09:25.0444372Z    Compiling rand_chacha v0.10.0
client	Run cargo build -p oh_server --locked	2026-10-06T10:09:25.0788954Z    Compiling signal-hook-registry v1.4.8
client	Run cargo build -p oh_server --locked	2026-10-06T10:09:25.2100206Z    Compiling serde_json v1.0.151
client	Run cargo build -p oh_server --locked	2026-10-06T10:09:25.2508230Z    Compiling serde_spanned v1.1.1
client	Run cargo build -p oh_server --locked	2026-10-06T10:09:25.3250915Z    Compiling toml_datetime v1.1.1+spec-1.1.0
client	Run cargo build -p oh_server --locked	2026-10-06T10:09:25.5089052Z    Compiling mio v1.2.4
client	Run cargo build -p oh_server --locked	2026-10-06T10:09:25.5839570Z    Compiling socket2 v0.6.5
client	Run cargo build -p oh_server --locked	2026-10-06T10:09:25.8718871Z    Compiling thiserror-impl v2.0.21
client	Run cargo build -p oh_server --locked	2026-10-06T10:09:25.8759352Z    Compiling serde_derive v1.0.229
client	Run cargo build -p oh_server --locked	2026-10-06T10:09:25.9714571Z    Compiling ref-cast-impl v1.0.27
client	Run cargo build -p oh_server --locked	2026-10-06T10:09:26.1849593Z    Compiling schemars_derive v1.2.2
client	Run cargo build -p oh_server --locked	2026-10-06T10:09:26.2418353Z    Compiling ref-cast v1.0.27
client	Run cargo build -p oh_server --locked	2026-10-06T10:09:26.2758944Z    Compiling tokio-macros v2.7.2
client	Run cargo build -p oh_server --locked	2026-10-06T10:09:26.6688971Z    Compiling toml v1.1.6+spec-1.1.0
client	Run cargo build -p oh_server --locked	2026-10-06T10:09:26.7399359Z    Compiling thiserror v2.0.21
client	Run cargo build -p oh_server --locked	2026-10-06T10:09:26.7748988Z    Compiling cobs v0.3.0
client	Run cargo build -p oh_server --locked	2026-10-06T10:09:26.8559754Z    Compiling tokio v1.53.2
client	Run cargo build -p oh_server --locked	2026-10-06T10:09:27.3832513Z    Compiling rand_core v0.9.5
client	Run cargo build -p oh_server --locked	2026-10-06T10:09:27.7029280Z    Compiling block-buffer v0.10.4
client	Run cargo build -p oh_server --locked	2026-10-06T10:09:27.7618877Z    Compiling crypto-common v0.1.7
client	Run cargo build -p oh_server --locked	2026-10-06T10:09:27.8098908Z    Compiling http-body v1.1.0
client	Run cargo build -p oh_server --locked	2026-10-06T10:09:27.8708856Z    Compiling digest v0.10.7
client	Run cargo build -p oh_server --locked	2026-10-06T10:09:27.9788967Z    Compiling rand_chacha v0.9.0
client	Run cargo build -p oh_server --locked	2026-10-06T10:09:28.1341817Z    Compiling cpufeatures v0.2.17
client	Run cargo build -p oh_server --locked	2026-10-06T10:09:28.1543273Z    Compiling slab v0.4.12
client	Run cargo build -p oh_server --locked	2026-10-06T10:09:28.2378849Z    Compiling futures-sink v0.3.34
client	Run cargo build -p oh_server --locked	2026-10-06T10:09:28.2450583Z    Compiling tower-service v0.3.3
client	Run cargo build -p oh_server --locked	2026-10-06T10:09:28.2684175Z    Compiling futures-task v0.3.34
client	Run cargo build -p oh_server --locked	2026-10-06T10:09:28.2839769Z    Compiling sha1 v0.10.7
client	Run cargo build -p oh_server --locked	2026-10-06T10:09:28.3190875Z    Compiling serde v1.0.229
client	Run cargo build -p oh_server --locked	2026-10-06T10:09:28.3719151Z    Compiling futures-util v0.3.34
client	Run cargo build -p oh_server --locked	2026-10-06T10:09:28.4192076Z    Compiling rand v0.9.5
client	Run cargo build -p oh_server --locked	2026-10-06T10:09:28.7321314Z    Compiling fixed v1.31.0
client	Run cargo build -p oh_server --locked	2026-10-06T10:09:28.9058937Z    Compiling postcard v1.1.3
client	Run cargo build -p oh_server --locked	2026-10-06T10:09:29.1219742Z    Compiling schemars v1.2.2
client	Run cargo build -p oh_server --locked	2026-10-06T10:09:30.2179460Z    Compiling futures-channel v0.3.34
client	Run cargo build -p oh_server --locked	2026-10-06T10:09:30.3433053Z    Compiling tower-layer v0.3.3
client	Run cargo build -p oh_server --locked	2026-10-06T10:09:30.4237827Z    Compiling httpdate v1.0.3
client	Run cargo build -p oh_server --locked	2026-10-06T10:09:30.5259185Z    Compiling smallvec v1.16.2
client	Run cargo build -p oh_server --locked	2026-10-06T10:09:30.5638899Z    Compiling atomic-waker v1.1.2
client	Run cargo build -p oh_server --locked	2026-10-06T10:09:30.6059020Z    Compiling sync_wrapper v1.0.2
client	Run cargo build -p oh_server --locked	2026-10-06T10:09:30.6359457Z    Compiling data-encoding v2.11.1
client	Run cargo build -p oh_server --locked	2026-10-06T10:09:30.6487042Z    Compiling log v0.4.34
client	Run cargo build -p oh_server --locked	2026-10-06T10:09:30.7418888Z    Compiling hyper v1.11.1
client	Run cargo build -p oh_server --locked	2026-10-06T10:09:31.3132575Z    Compiling tungstenite v0.29.0
client	Run cargo build -p oh_server --locked	2026-10-06T10:09:31.7554064Z    Compiling http-body-util v0.1.5
client	Run cargo build -p oh_server --locked	2026-10-06T10:09:31.8008903Z    Compiling mime v0.3.17
client	Run cargo build -p oh_server --locked	2026-10-06T10:09:31.9208858Z    Compiling axum-core v0.5.6
client	Run cargo build -p oh_server --locked	2026-10-06T10:09:31.9672490Z    Compiling tokio-tungstenite v0.29.0
client	Run cargo build -p oh_server --locked	2026-10-06T10:09:32.1398834Z    Compiling rmp-serde v1.3.1
client	Run cargo build -p oh_server --locked	2026-10-06T10:09:32.2398984Z    Compiling ts-rs v12.0.1
client	Run cargo build -p oh_server --locked	2026-10-06T10:09:32.4619865Z    Compiling hyper-util v0.1.21
client	Run cargo build -p oh_server --locked	2026-10-06T10:09:32.6619593Z    Compiling tower v0.5.3
client	Run cargo build -p oh_server --locked	2026-10-06T10:09:32.8628847Z    Compiling percent-encoding v2.3.2
client	Run cargo build -p oh_server --locked	2026-10-06T10:09:32.9475150Z    Compiling base64 v0.22.1
client	Run cargo build -p oh_server --locked	2026-10-06T10:09:32.9620268Z    Compiling matchit v0.8.4
client	Run cargo build -p oh_server --locked	2026-10-06T10:09:33.0969180Z    Compiling oh_server v0.1.0 (/home/runner/work/OpenHOI4/OpenHOI4/crates/oh_server)
client	Run cargo build -p oh_server --locked	2026-10-06T10:09:33.1653527Z    Compiling axum v0.8.9
client	Run cargo build -p oh_server --locked	2026-10-06T10:09:34.7769208Z    Compiling oh_core v0.1.0 (/home/runner/work/OpenHOI4/OpenHOI4/crates/oh_core)
client	Run cargo build -p oh_server --locked	2026-10-06T10:09:34.8969284Z    Compiling oh_data v0.1.0 (/home/runner/work/OpenHOI4/OpenHOI4/crates/oh_data)
client	Run cargo build -p oh_server --locked	2026-10-06T10:09:35.0758944Z    Compiling oh_sim v0.1.0 (/home/runner/work/OpenHOI4/OpenHOI4/crates/oh_sim)
client	Run cargo build -p oh_server --locked	2026-10-06T10:09:35.1698986Z    Compiling oh_save v0.1.0 (/home/runner/work/OpenHOI4/OpenHOI4/crates/oh_save)
client	Run cargo build -p oh_server --locked	2026-10-06T10:09:35.1989932Z    Compiling oh_ai v0.1.0 (/home/runner/work/OpenHOI4/OpenHOI4/crates/oh_ai)
client	Run cargo build -p oh_server --locked	2026-10-06T10:09:35.2198425Z    Compiling oh_proto v0.1.0 (/home/runner/work/OpenHOI4/OpenHOI4/crates/oh_proto)
client	Run cargo build -p oh_server --locked	2026-10-06T10:09:36.8123587Z     Finished `dev` profile [unoptimized + debuginfo] target(s) in 14.81s
client	Browser compatibility and Rust-server WebSocket E2E	﻿2026-10-06T10:09:36.8261747Z ##[group]Run npx playwright install --with-deps chromium firefox webkit
client	Browser compatibility and Rust-server WebSocket E2E	2026-10-06T10:09:36.8262199Z [36;1mnpx playwright install --with-deps chromium firefox webkit[0m
client	Browser compatibility and Rust-server WebSocket E2E	2026-10-06T10:09:36.8262498Z [36;1mnpm run test:e2e[0m
client	Browser compatibility and Rust-server WebSocket E2E	2026-10-06T10:09:36.8317991Z shell: /usr/bin/bash -e {0}
client	Browser compatibility and Rust-server WebSocket E2E	2026-10-06T10:09:36.8318233Z ##[endgroup]
client	Browser compatibility and Rust-server WebSocket E2E	2026-10-06T10:09:37.4032533Z Installing dependencies...
client	Browser compatibility and Rust-server WebSocket E2E	2026-10-06T10:09:37.4098178Z Switching to root user to install dependencies...
client	Browser compatibility and Rust-server WebSocket E2E	2026-10-06T10:09:37.9771439Z Get:1 file:/etc/apt/apt-mirrors.txt Mirrorlist [144 B]
client	Browser compatibility and Rust-server WebSocket E2E	2026-10-06T10:09:38.0091820Z Hit:2 http://azure.archive.ubuntu.com/ubuntu noble InRelease
client	Browser compatibility and Rust-server WebSocket E2E	2026-10-06T10:09:38.0109175Z Get:3 http://azure.archive.ubuntu.com/ubuntu noble-updates InRelease [126 kB]
client	Browser compatibility and Rust-server WebSocket E2E	2026-10-06T10:09:38.0137255Z Get:4 http://azure.archive.ubuntu.com/ubuntu noble-backports InRelease [126 kB]
client	Browser compatibility and Rust-server WebSocket E2E	2026-10-06T10:09:38.0166185Z Get:5 http://azure.archive.ubuntu.com/ubuntu noble-security InRelease [126 kB]
client	Browser compatibility and Rust-server WebSocket E2E	2026-10-06T10:09:38.1745207Z Get:6 http://azure.archive.ubuntu.com/ubuntu noble-updates/main amd64 Packages [1370 kB]
client	Browser compatibility and Rust-server WebSocket E2E	2026-10-06T10:09:38.2115044Z Get:7 http://azure.archive.ubuntu.com/ubuntu noble-updates/main Translation-en [305 kB]
client	Browser compatibility and Rust-server WebSocket E2E	2026-10-06T10:09:38.2133980Z Get:8 http://azure.archive.ubuntu.com/ubuntu noble-updates/main amd64 Components [181 kB]
client	Browser compatibility and Rust-server WebSocket E2E	2026-10-06T10:09:38.2194958Z Get:9 http://azure.archive.ubuntu.com/ubuntu noble-updates/universe amd64 Packages [1701 kB]
client	Browser compatibility and Rust-server WebSocket E2E	2026-10-06T10:09:38.5833623Z Get:10 http://azure.archive.ubuntu.com/ubuntu noble-updates/universe Translation-en [341 kB]
client	Browser compatibility and Rust-server WebSocket E2E	2026-10-06T10:09:38.5867524Z Get:11 http://azure.archive.ubuntu.com/ubuntu noble-updates/universe amd64 Components [388 kB]
client	Browser compatibility and Rust-server WebSocket E2E	2026-10-06T10:09:38.5872915Z Get:26 https://packages.microsoft.com/ubuntu/24.04/prod noble InRelease [3600 B]
client	Browser compatibility and Rust-server WebSocket E2E	2026-10-06T10:09:38.5979795Z Get:12 http://azure.archive.ubuntu.com/ubuntu noble-updates/restricted amd64 Packages [1728 kB]
client	Browser compatibility and Rust-server WebSocket E2E	2026-10-06T10:09:38.6069192Z Get:13 http://azure.archive.ubuntu.com/ubuntu noble-updates/restricted Translation-en [395 kB]
client	Browser compatibility and Rust-server WebSocket E2E	2026-10-06T10:09:38.6095274Z Get:14 http://azure.archive.ubuntu.com/ubuntu noble-updates/multiverse Translation-en [13.3 kB]
client	Browser compatibility and Rust-server WebSocket E2E	2026-10-06T10:09:38.6114593Z Get:15 http://azure.archive.ubuntu.com/ubuntu noble-updates/multiverse amd64 Components [940 B]
client	Browser compatibility and Rust-server WebSocket E2E	2026-10-06T10:09:38.6438688Z Get:27 https://packages.microsoft.com/ubuntu/24.04/prod noble/main armhf Packages [12.6 kB]
client	Browser compatibility and Rust-server WebSocket E2E	2026-10-06T10:09:38.6511588Z Get:28 https://packages.microsoft.com/ubuntu/24.04/prod noble/main arm64 Packages [458 kB]
client	Browser compatibility and Rust-server WebSocket E2E	2026-10-06T10:09:38.6572656Z Get:16 http://azure.archive.ubuntu.com/ubuntu noble-backports/main amd64 Components [5764 B]
client	Browser compatibility and Rust-server WebSocket E2E	2026-10-06T10:09:38.6583529Z Get:17 http://azure.archive.ubuntu.com/ubuntu noble-backports/universe amd64 Components [12.6 kB]
client	Browser compatibility and Rust-server WebSocket E2E	2026-10-06T10:09:38.6593257Z Get:18 http://azure.archive.ubuntu.com/ubuntu noble-security/main amd64 Packages [1071 kB]
client	Browser compatibility and Rust-server WebSocket E2E	2026-10-06T10:09:38.6608122Z Get:29 https://packages.microsoft.com/ubuntu/24.04/prod noble/main amd64 Packages [515 kB]
client	Browser compatibility and Rust-server WebSocket E2E	2026-10-06T10:09:38.6704477Z Get:19 http://azure.archive.ubuntu.com/ubuntu noble-security/main Translation-en [222 kB]
client	Browser compatibility and Rust-server WebSocket E2E	2026-10-06T10:09:38.6719973Z Get:20 http://azure.archive.ubuntu.com/ubuntu noble-security/main amd64 Components [46.4 kB]
client	Browser compatibility and Rust-server WebSocket E2E	2026-10-06T10:09:38.6729301Z Get:21 http://azure.archive.ubuntu.com/ubuntu noble-security/universe amd64 Packages [1216 kB]
client	Browser compatibility and Rust-server WebSocket E2E	2026-10-06T10:09:38.6792732Z Get:22 http://azure.archive.ubuntu.com/ubuntu noble-security/universe Translation-en [244 kB]
client	Browser compatibility and Rust-server WebSocket E2E	2026-10-06T10:09:38.6809021Z Get:23 http://azure.archive.ubuntu.com/ubuntu noble-security/universe amd64 Components [76.3 kB]
client	Browser compatibility and Rust-server WebSocket E2E	2026-10-06T10:09:38.6820088Z Get:24 http://azure.archive.ubuntu.com/ubuntu noble-security/restricted amd64 Packages [1566 kB]
client	Browser compatibility and Rust-server WebSocket E2E	2026-10-06T10:09:38.6898358Z Get:25 http://azure.archive.ubuntu.com/ubuntu noble-security/restricted Translation-en [361 kB]
client	Browser compatibility and Rust-server WebSocket E2E	2026-10-06T10:09:47.9148452Z Fetched 12.6 MB in 1s (8777 kB/s)
client	Browser compatibility and Rust-server WebSocket E2E	2026-10-06T10:09:48.6792465Z Reading package lists...
client	Browser compatibility and Rust-server WebSocket E2E	2026-10-06T10:09:48.7010804Z Reading package lists...
client	Browser compatibility and Rust-server WebSocket E2E	2026-10-06T10:09:48.9391170Z Building dependency tree...
client	Browser compatibility and Rust-server WebSocket E2E	2026-10-06T10:09:48.9398195Z Reading state information...
client	Browser compatibility and Rust-server WebSocket E2E	2026-10-06T10:09:48.9624449Z libasound2t64 is already the newest version (1.2.11-1ubuntu0.3).
client	Browser compatibility and Rust-server WebSocket E2E	2026-10-06T10:09:48.9624934Z libasound2t64 set to manually installed.
client	Browser compatibility and Rust-server WebSocket E2E	2026-10-06T10:09:48.9625308Z libatk-bridge2.0-0t64 is already the newest version (2.52.0-1build1).
client	Browser compatibility and Rust-server WebSocket E2E	2026-10-06T10:09:48.9625694Z libatk-bridge2.0-0t64 set to manually installed.
client	Browser compatibility and Rust-server WebSocket E2E	2026-10-06T10:09:48.9626049Z libatk1.0-0t64 is already the newest version (2.52.0-1build1).
client	Browser compatibility and Rust-server WebSocket E2E	2026-10-06T10:09:48.9626365Z libatk1.0-0t64 set to manually installed.
client	Browser compatibility and Rust-server WebSocket E2E	2026-10-06T10:09:48.9626711Z libatspi2.0-0t64 is already the newest version (2.52.0-1build1).
client	Browser compatibility and Rust-server WebSocket E2E	2026-10-06T10:09:48.9627046Z libatspi2.0-0t64 set to manually installed.
client	Browser compatibility and Rust-server WebSocket E2E	2026-10-06T10:09:48.9627368Z libcairo2 is already the newest version (1.18.0-3build1).
client	Browser compatibility and Rust-server WebSocket E2E	2026-10-06T10:09:48.9628351Z libcairo2 set to manually installed.
client	Browser compatibility and Rust-server WebSocket E2E	2026-10-06T10:09:48.9628691Z libcups2t64 is already the newest version (2.4.7-1.2ubuntu7.14).
client	Browser compatibility and Rust-server WebSocket E2E	2026-10-06T10:09:48.9629011Z libcups2t64 set to manually installed.
client	Browser compatibility and Rust-server WebSocket E2E	2026-10-06T10:09:48.9629351Z libdbus-1-3 is already the newest version (1.14.10-4ubuntu4.1).
client	Browser compatibility and Rust-server WebSocket E2E	2026-10-06T10:09:48.9629672Z libdbus-1-3 set to manually installed.
client	Browser compatibility and Rust-server WebSocket E2E	2026-10-06T10:09:48.9630004Z libdrm2 is already the newest version (2.4.125-1ubuntu0.1~24.04.2).
client	Browser compatibility and Rust-server WebSocket E2E	2026-10-06T10:09:48.9630338Z libdrm2 set to manually installed.
client	Browser compatibility and Rust-server WebSocket E2E	2026-10-06T10:09:48.9630671Z libglib2.0-0t64 is already the newest version (2.80.0-6ubuntu3.9).
client	Browser compatibility and Rust-server WebSocket E2E	2026-10-06T10:09:48.9631000Z libglib2.0-0t64 set to manually installed.
client	Browser compatibility and Rust-server WebSocket E2E	2026-10-06T10:09:48.9631335Z libnspr4 is already the newest version (2:4.35-1.1build1).
client	Browser compatibility and Rust-server WebSocket E2E	2026-10-06T10:09:48.9631655Z libnspr4 set to manually installed.
client	Browser compatibility and Rust-server WebSocket E2E	2026-10-06T10:09:48.9631959Z libnss3 is already the newest version (2:3.98-1ubuntu0.2).
client	Browser compatibility and Rust-server WebSocket E2E	2026-10-06T10:09:48.9632251Z libnss3 set to manually installed.
client	Browser compatibility and Rust-server WebSocket E2E	2026-10-06T10:09:48.9632587Z libpango-1.0-0 is already the newest version (1.52.1+ds-1build1).
client	Browser compatibility and Rust-server WebSocket E2E	2026-10-06T10:09:48.9632918Z libpango-1.0-0 set to manually installed.
client	Browser compatibility and Rust-server WebSocket E2E	2026-10-06T10:09:48.9633235Z libx11-6 is already the newest version (2:1.8.7-1build1).
client	Browser compatibility and Rust-server WebSocket E2E	2026-10-06T10:09:48.9633531Z libx11-6 set to manually installed.
client	Browser compatibility and Rust-server WebSocket E2E	2026-10-06T10:09:48.9633819Z libxcb1 is already the newest version (1.15-1ubuntu2).
client	Browser compatibility and Rust-server WebSocket E2E	2026-10-06T10:09:48.9634100Z libxcb1 set to manually installed.
client	Browser compatibility and Rust-server WebSocket E2E	2026-10-06T10:09:48.9634427Z libxcomposite1 is already the newest version (1:0.4.5-1build3).
client	Browser compatibility and Rust-server WebSocket E2E	2026-10-06T10:09:48.9634759Z libxcomposite1 set to manually installed.
client	Browser compatibility and Rust-server WebSocket E2E	2026-10-06T10:09:48.9635091Z libxdamage1 is already the newest version (1:1.1.6-1build1).
client	Browser compatibility and Rust-server WebSocket E2E	2026-10-06T10:09:48.9635401Z libxdamage1 set to manually installed.
client	Browser compatibility and Rust-server WebSocket E2E	2026-10-06T10:09:48.9635717Z libxext6 is already the newest version (2:1.3.4-1build2).
client	Browser compatibility and Rust-server WebSocket E2E	2026-10-06T10:09:48.9636011Z libxext6 set to manually installed.
client	Browser compatibility and Rust-server WebSocket E2E	2026-10-06T10:09:48.9636321Z libxfixes3 is already the newest version (1:6.0.0-2build1).
client	Browser compatibility and Rust-server WebSocket E2E	2026-10-06T10:09:48.9636635Z libxfixes3 set to manually installed.
client	Browser compatibility and Rust-server WebSocket E2E	2026-10-06T10:09:48.9636955Z libxkbcommon0 is already the newest version (1.6.0-1build1).
client	Browser compatibility and Rust-server WebSocket E2E	2026-10-06T10:09:48.9637269Z libxkbcommon0 set to manually installed.
client	Browser compatibility and Rust-server WebSocket E2E	2026-10-06T10:09:48.9637695Z libxrandr2 is already the newest version (2:1.5.2-2build1).
client	Browser compatibility and Rust-server WebSocket E2E	2026-10-06T10:09:48.9638005Z libxrandr2 set to manually installed.
client	Browser compatibility and Rust-server WebSocket E2E	2026-10-06T10:09:48.9638316Z xvfb is already the newest version (2:21.1.12-1ubuntu1.8).
client	Browser compatibility and Rust-server WebSocket E2E	2026-10-06T10:09:48.9638745Z fonts-noto-color-emoji is already the newest version (2.047-0ubuntu0.24.04.1).
client	Browser compatibility and Rust-server WebSocket E2E	2026-10-06T10:09:48.9639188Z libfontconfig1 is already the newest version (2.15.0-1.1ubuntu2).
client	Browser compatibility and Rust-server WebSocket E2E	2026-10-06T10:09:48.9639518Z libfontconfig1 set to manually installed.
client	Browser compatibility and Rust-server WebSocket E2E	2026-10-06T10:09:48.9639870Z libfreetype6 is already the newest version (2.13.2+dfsg-1ubuntu0.1).
client	Browser compatibility and Rust-server WebSocket E2E	2026-10-06T10:09:48.9640198Z libfreetype6 set to manually installed.
client	Browser compatibility and Rust-server WebSocket E2E	2026-10-06T10:09:48.9640518Z fonts-liberation is already the newest version (1:2.1.5-3).
client	Browser compatibility and Rust-server WebSocket E2E	2026-10-06T10:09:48.9640839Z fonts-liberation set to manually installed.
client	Browser compatibility and Rust-server WebSocket E2E	2026-10-06T10:09:48.9641190Z libcairo-gobject2 is already the newest version (1.18.0-3build1).
client	Browser compatibility and Rust-server WebSocket E2E	2026-10-06T10:09:48.9641524Z libcairo-gobject2 set to manually installed.
client	Browser compatibility and Rust-server WebSocket E2E	2026-10-06T10:09:48.9642106Z libgdk-pixbuf-2.0-0 is already the newest version (2.42.10+dfsg-3ubuntu3.3).
client	Browser compatibility and Rust-server WebSocket E2E	2026-10-06T10:09:48.9642485Z libgdk-pixbuf-2.0-0 set to manually installed.
client	Browser compatibility and Rust-server WebSocket E2E	2026-10-06T10:09:48.9642830Z libgtk-3-0t64 is already the newest version (3.24.41-4ubuntu1.3).
client	Browser compatibility and Rust-server WebSocket E2E	2026-10-06T10:09:48.9643142Z libgtk-3-0t64 set to manually installed.
client	Browser compatibility and Rust-server WebSocket E2E	2026-10-06T10:09:48.9643492Z libpangocairo-1.0-0 is already the newest version (1.52.1+ds-1build1).
client	Browser compatibility and Rust-server WebSocket E2E	2026-10-06T10:09:48.9643846Z libpangocairo-1.0-0 set to manually installed.
client	Browser compatibility and Rust-server WebSocket E2E	2026-10-06T10:09:48.9644184Z libx11-xcb1 is already the newest version (2:1.8.7-1build1).
client	Browser compatibility and Rust-server WebSocket E2E	2026-10-06T10:09:48.9644503Z libx11-xcb1 set to manually installed.
client	Browser compatibility and Rust-server WebSocket E2E	2026-10-06T10:09:48.9644819Z libxcb-shm0 is already the newest version (1.15-1ubuntu2).
client	Browser compatibility and Rust-server WebSocket E2E	2026-10-06T10:09:48.9645114Z libxcb-shm0 set to manually installed.
client	Browser compatibility and Rust-server WebSocket E2E	2026-10-06T10:09:48.9645552Z libxcursor1 is already the newest version (1:1.2.1-1build1).
client	Browser compatibility and Rust-server WebSocket E2E	2026-10-06T10:09:48.9645858Z libxcursor1 set to manually installed.
client	Browser compatibility and Rust-server WebSocket E2E	2026-10-06T10:09:48.9646165Z libxi6 is already the newest version (2:1.8.1-1build1).
client	Browser compatibility and Rust-server WebSocket E2E	2026-10-06T10:09:48.9646554Z libxi6 set to manually installed.
client	Browser compatibility and Rust-server WebSocket E2E	2026-10-06T10:09:48.9646917Z libxrender1 is already the newest version (1:0.9.10-1.1build1).
client	Browser compatibility and Rust-server WebSocket E2E	2026-10-06T10:09:48.9647240Z libxrender1 set to manually installed.
client	Browser compatibility and Rust-server WebSocket E2E	2026-10-06T10:09:48.9647555Z libicu74 is already the newest version (74.2-1ubuntu3.1).
client	Browser compatibility and Rust-server WebSocket E2E	2026-10-06T10:09:48.9648022Z libatomic1 is already the newest version (14.2.0-4ubuntu2~24.04.1).
client	Browser compatibility and Rust-server WebSocket E2E	2026-10-06T10:09:48.9648349Z libatomic1 set to manually installed.
client	Browser compatibility and Rust-server WebSocket E2E	2026-10-06T10:09:48.9648681Z libenchant-2-2 is already the newest version (2.3.3-2build2).
client	Browser compatibility and Rust-server WebSocket E2E	2026-10-06T10:09:48.9649001Z libenchant-2-2 set to manually installed.
client	Browser compatibility and Rust-server WebSocket E2E	2026-10-06T10:09:48.9649315Z libepoxy0 is already the newest version (1.5.10-1build1).
client	Browser compatibility and Rust-server WebSocket E2E	2026-10-06T10:09:48.9649615Z libepoxy0 set to manually installed.
client	Browser compatibility and Rust-server WebSocket E2E	2026-10-06T10:09:48.9649956Z libgstreamer1.0-0 is already the newest version (1.24.2-1ubuntu0.1).
client	Browser compatibility and Rust-server WebSocket E2E	2026-10-06T10:09:48.9650297Z libgstreamer1.0-0 set to manually installed.
client	Browser compatibility and Rust-server WebSocket E2E	2026-10-06T10:09:48.9650633Z libharfbuzz0b is already the newest version (8.3.0-2build2).
client	Browser compatibility and Rust-server WebSocket E2E	2026-10-06T10:09:48.9650940Z libharfbuzz0b set to manually installed.
client	Browser compatibility and Rust-server WebSocket E2E	2026-10-06T10:09:48.9651269Z libjpeg-turbo8 is already the newest version (2.1.5-2ubuntu2).
client	Browser compatibility and Rust-server WebSocket E2E	2026-10-06T10:09:49.1669646Z libjpeg-turbo8 set to manually installed.
client	Browser compatibility and Rust-server WebSocket E2E	2026-10-06T10:09:49.1670262Z liblcms2-2 is already the newest version (2.14-2ubuntu0.1).
client	Browser compatibility and Rust-server WebSocket E2E	2026-10-06T10:09:49.1670717Z liblcms2-2 set to manually installed.
client	Browser compatibility and Rust-server WebSocket E2E	2026-10-06T10:09:49.1671198Z libpng16-16t64 is already the newest version (1.6.43-5ubuntu0.6).
client	Browser compatibility and Rust-server WebSocket E2E	2026-10-06T10:09:49.1671654Z libpng16-16t64 set to manually installed.
client	Browser compatibility and Rust-server WebSocket E2E	2026-10-06T10:09:49.1672149Z libwayland-client0 is already the newest version (1.22.0-2.1build1).
client	Browser compatibility and Rust-server WebSocket E2E	2026-10-06T10:09:49.1672690Z libwayland-client0 set to manually installed.
client	Browser compatibility and Rust-server WebSocket E2E	2026-10-06T10:09:49.1673257Z libwayland-egl1 is already the newest version (1.22.0-2.1build1).
client	Browser compatibility and Rust-server WebSocket E2E	2026-10-06T10:09:49.1673797Z libwayland-egl1 set to manually installed.
client	Browser compatibility and Rust-server WebSocket E2E	2026-10-06T10:09:49.1674344Z libwebp7 is already the newest version (1.3.2-0.4build3).
client	Browser compatibility and Rust-server WebSocket E2E	2026-10-06T10:09:49.1674825Z libwebp7 set to manually installed.
client	Browser compatibility and Rust-server WebSocket E2E	2026-10-06T10:09:49.1675348Z libwebpdemux2 is already the newest version (1.3.2-0.4build3).
client	Browser compatibility and Rust-server WebSocket E2E	2026-10-06T10:09:49.1675744Z libwebpdemux2 set to manually installed.
client	Browser compatibility and Rust-server WebSocket E2E	2026-10-06T10:09:49.1676101Z libxml2 is already the newest version (2.9.14+dfsg-1.3ubuntu3.9).
client	Browser compatibility and Rust-server WebSocket E2E	2026-10-06T10:09:49.1676422Z libxml2 set to manually installed.
client	Browser compatibility and Rust-server WebSocket E2E	2026-10-06T10:09:49.1676765Z libxslt1.1 is already the newest version (1.1.39-0exp1ubuntu0.24.04.3).
client	Browser compatibility and Rust-server WebSocket E2E	2026-10-06T10:09:49.1677120Z libxslt1.1 set to manually installed.
client	Browser compatibility and Rust-server WebSocket E2E	2026-10-06T10:09:49.1677447Z The following additional packages will be installed:
client	Browser compatibility and Rust-server WebSocket E2E	2026-10-06T10:09:49.1678184Z   glib-networking glib-networking-common glib-networking-services
client	Browser compatibility and Rust-server WebSocket E2E	2026-10-06T10:09:49.1678871Z   gsettings-desktop-schemas libaa1 libabsl20220623t64 libass9 libasyncns0
client	Browser compatibility and Rust-server WebSocket E2E	2026-10-06T10:09:49.1679315Z   libavc1394-0 libavfilter9 libavformat60 libavtp0 libavutil58 libblas3
client	Browser compatibility and Rust-server WebSocket E2E	2026-10-06T10:09:49.1680179Z   libbluray2 libbs2b0 libcaca0 libcairo-script-interpreter2 libcdparanoia0
client	Browser compatibility and Rust-server WebSocket E2E	2026-10-06T10:09:49.1680617Z   libchromaprint1 libcjson1 libcodec2-1.2 libdav1d7 libdc1394-25 libdca0
client	Browser compatibility and Rust-server WebSocket E2E	2026-10-06T10:09:49.1681018Z   libde265-0 libdecor-0-0 libdirectfb-1.7-7t64 libdv4t64 libdvdnav4
client	Browser compatibility and Rust-server WebSocket E2E	2026-10-06T10:09:49.1681394Z   libdvdread8t64 libegl-mesa0 libegl1 libevent-core-2.1-7t64
client	Browser compatibility and Rust-server WebSocket E2E	2026-10-06T10:09:49.1681796Z   libevent-pthreads-2.1-7t64 libfaad2 libflac12t64 libfluidsynth3 libfreeaptx0
client	Browser compatibility and Rust-server WebSocket E2E	2026-10-06T10:09:49.1682231Z   libgav1-1 libgl1-mesa-dri libglx-mesa0 libgme0 libgraphene-1.0-0 libgsm1
client	Browser compatibility and Rust-server WebSocket E2E	2026-10-06T10:09:49.1682676Z   libgssdp-1.6-0 libgstreamer-plugins-good1.0-0 libgtk-4-common libgupnp-1.6-0
client	Browser compatibility and Rust-server WebSocket E2E	2026-10-06T10:09:49.1683087Z   libgupnp-igd-1.6-0 libhwy1t64 libiec61883-0 libimath-3-1-29t64
client	Browser compatibility and Rust-server WebSocket E2E	2026-10-06T10:09:49.1683627Z   libinstpatch-1.0-2 libjack-jackd2-0 libjxl0.7 liblapack3 liblc3-1
client	Browser compatibility and Rust-server WebSocket E2E	2026-10-06T10:09:49.1684461Z   libldacbt-enc2 liblilv-0-0 liblrdf0 libltc11 libmbedcrypto7t64 libmfx1
client	Browser compatibility and Rust-server WebSocket E2E	2026-10-06T10:09:49.1684849Z   libmjpegutils-2.1-0t64 libmodplug1 libmp3lame0 libmpcdec6
client	Browser compatibility and Rust-server WebSocket E2E	2026-10-06T10:09:49.1685244Z   libmpeg2encpp-2.1-0t64 libmpg123-0t64 libmplex2-2.1-0t64 libmysofa1
client	Browser compatibility and Rust-server WebSocket E2E	2026-10-06T10:09:49.1685640Z   libneon27t64 libnice10 libopenal-data libopenal1 libopenexr-3-1-30
client	Browser compatibility and Rust-server WebSocket E2E	2026-10-06T10:09:49.1686014Z   libopenh264-7 libopenmpt0t64 libopenni2-0 liborc-0.4-0t64
client	Browser compatibility and Rust-server WebSocket E2E	2026-10-06T10:09:49.1686378Z   libpipewire-0.3-0t64 libplacebo338 libpocketsphinx3 libpostproc57
client	Browser compatibility and Rust-server WebSocket E2E	2026-10-06T10:09:49.1686785Z   libproxy1v5 libpulse0 libqrencode4 libraptor2-0 librav1e0 libraw1394-11
client	Browser compatibility and Rust-server WebSocket E2E	2026-10-06T10:09:49.1687196Z   librist4 librsvg2-2 librubberband2 libsamplerate0 libsbc1 libsdl2-2.0-0
client	Browser compatibility and Rust-server WebSocket E2E	2026-10-06T10:09:49.1687711Z   libsecret-common libserd-0-0 libshine3 libshout3 libsndfile1 libsndio7.0
client	Browser compatibility and Rust-server WebSocket E2E	2026-10-06T10:09:49.1688125Z   libsord-0-0 libsoundtouch1 libsoup-3.0-0 libsoup-3.0-common libsoxr0
client	Browser compatibility and Rust-server WebSocket E2E	2026-10-06T10:09:49.1688557Z   libspa-0.2-modules libspandsp2t64 libspeex1 libsphinxbase3t64 libsratom-0-0
client	Browser compatibility and Rust-server WebSocket E2E	2026-10-06T10:09:49.1689003Z   libsrt1.5-gnutls libsrtp2-1 libssh-gcrypt-4 libsvtav1enc1d1 libswresample4
client	Browser compatibility and Rust-server WebSocket E2E	2026-10-06T10:09:49.1689433Z   libswscale7 libtag1v5 libtag1v5-vanilla libtheora0 libtwolame0 libudfread0
client	Browser compatibility and Rust-server WebSocket E2E	2026-10-06T10:09:49.1689854Z   libunibreak5 libv4l-0t64 libv4lconvert0t64 libva-drm2 libva-x11-2 libva2
client	Browser compatibility and Rust-server WebSocket E2E	2026-10-06T10:09:49.1690269Z   libvdpau1 libvidstab1.1 libvisual-0.4-0 libvo-aacenc0 libvo-amrwbenc0
client	Browser compatibility and Rust-server WebSocket E2E	2026-10-06T10:09:49.1690687Z   libvorbisenc2 libvpl2 libwavpack1 libwebrtc-audio-processing1 libwildmidi2
client	Browser compatibility and Rust-server WebSocket E2E	2026-10-06T10:09:49.1691106Z   libx265-199 libxcb-xkb1 libxkbcommon-x11-0 libxvidcore4 libyuv0 libzbar0t64
client	Browser compatibility and Rust-server WebSocket E2E	2026-10-06T10:09:49.1691525Z   libzimg2 libzix-0-0 libzvbi-common libzvbi0t64 libzxing3 mesa-libgallium
client	Browser compatibility and Rust-server WebSocket E2E	2026-10-06T10:09:49.1691945Z   ocl-icd-libopencl1 session-migration timgm6mb-soundfont xfonts-encodings
client	Browser compatibility and Rust-server WebSocket E2E	2026-10-06T10:09:49.1692248Z   xfonts-utils
client	Browser compatibility and Rust-server WebSocket E2E	2026-10-06T10:09:49.1692444Z Suggested packages:
client	Browser compatibility and Rust-server WebSocket E2E	2026-10-06T10:09:49.1692754Z   frei0r-plugins gvfs libcuda1 libnvcuvid1 libnvidia-encode1 libbluray-bdj
client	Browser compatibility and Rust-server WebSocket E2E	2026-10-06T10:09:49.1693171Z   libdirectfb-extra libdv-bin oss-compat libdvdcss2 libvisual-0.4-plugins
client	Browser compatibility and Rust-server WebSocket E2E	2026-10-06T10:09:49.1693588Z   jackd2 liblrdf0-dev libportaudio2 opus-tools pipewire pulseaudio
client	Browser compatibility and Rust-server WebSocket E2E	2026-10-06T10:09:49.1693969Z   raptor2-utils libraw1394-doc librsvg2-bin serdi sndiod sordi speex
client	Browser compatibility and Rust-server WebSocket E2E	2026-10-06T10:09:49.1694309Z   libwildmidi-config opencl-icd fluid-soundfont-gm
client	Browser compatibility and Rust-server WebSocket E2E	2026-10-06T10:09:49.1694575Z Recommended packages:
client	Browser compatibility and Rust-server WebSocket E2E	2026-10-06T10:09:49.1694853Z   fonts-ipafont-mincho fonts-tlwg-loma gstreamer1.0-x libaacs0
client	Browser compatibility and Rust-server WebSocket E2E	2026-10-06T10:09:49.1695238Z   default-libdecor-0-plugin-1 | libdecor-0-plugin-1 gstreamer1.0-gl
client	Browser compatibility and Rust-server WebSocket E2E	2026-10-06T10:09:49.1695677Z   libgtk-4-bin librsvg2-common libgtk-4-media-gstreamer libpipewire-0.3-common
client	Browser compatibility and Rust-server WebSocket E2E	2026-10-06T10:09:49.1696124Z   pocketsphinx-en-us va-driver-all | va-driver vdpau-driver-all | vdpau-driver
client	Browser compatibility and Rust-server WebSocket E2E	2026-10-06T10:09:49.1696446Z   libmagickcore-6.q16-7-extra
client	Browser compatibility and Rust-server WebSocket E2E	2026-10-06T10:09:49.2370942Z The following NEW packages will be installed:
client	Browser compatibility and Rust-server WebSocket E2E	2026-10-06T10:09:49.2371963Z   fonts-freefont-ttf fonts-ipafont-gothic fonts-tlwg-loma-otf fonts-unifont
client	Browser compatibility and Rust-server WebSocket E2E	2026-10-06T10:09:49.2373641Z   fonts-wqy-zenhei glib-networking glib-networking-common
client	Browser compatibility and Rust-server WebSocket E2E	2026-10-06T10:09:49.2374236Z   glib-networking-services gsettings-desktop-schemas gstreamer1.0-libav
client	Browser compatibility and Rust-server WebSocket E2E	2026-10-06T10:09:49.2374696Z   gstreamer1.0-plugins-bad gstreamer1.0-plugins-base gstreamer1.0-plugins-good
client	Browser compatibility and Rust-server WebSocket E2E	2026-10-06T10:09:49.2375162Z   libaa1 libabsl20220623t64 libass9 libasyncns0 libavc1394-0 libavcodec60
client	Browser compatibility and Rust-server WebSocket E2E	2026-10-06T10:09:49.2375589Z   libavfilter9 libavformat60 libavif16 libavtp0 libavutil58 libblas3
client	Browser compatibility and Rust-server WebSocket E2E	2026-10-06T10:09:49.2376157Z   libbluray2 libbs2b0 libcaca0 libcairo-script-interpreter2 libcdparanoia0
client	Browser compatibility and Rust-server WebSocket E2E	2026-10-06T10:09:49.2376856Z   libchromaprint1 libcjson1 libcodec2-1.2 libdav1d7 libdc1394-25 libdca0
client	Browser compatibility and Rust-server WebSocket E2E	2026-10-06T10:09:49.2377312Z   libde265-0 libdecor-0-0 libdirectfb-1.7-7t64 libdv4t64 libdvdnav4
client	Browser compatibility and Rust-server WebSocket E2E	2026-10-06T10:09:49.2377969Z   libdvdread8t64 libegl-mesa0 libegl1 libevent-2.1-7t64 libfaad2 libflac12t64
client	Browser compatibility and Rust-server WebSocket E2E	2026-10-06T10:09:49.2378555Z   libflite1 libfluidsynth3 libfreeaptx0 libgav1-1 libgles2 libgme0
client	Browser compatibility and Rust-server WebSocket E2E	2026-10-06T10:09:49.2378979Z   libgraphene-1.0-0 libgsm1 libgssdp-1.6-0 libgstreamer-gl1.0-0
client	Browser compatibility and Rust-server WebSocket E2E	2026-10-06T10:09:49.2379475Z   libgstreamer-plugins-bad1.0-0 libgstreamer-plugins-base1.0-0
client	Browser compatibility and Rust-server WebSocket E2E	2026-10-06T10:09:49.2379899Z   libgstreamer-plugins-good1.0-0 libgtk-4-1 libgtk-4-common libgupnp-1.6-0
client	Browser compatibility and Rust-server WebSocket E2E	2026-10-06T10:09:49.2380330Z   libgupnp-igd-1.6-0 libharfbuzz-icu0 libhwy1t64 libhyphen0 libiec61883-0
client	Browser compatibility and Rust-server WebSocket E2E	2026-10-06T10:09:49.2380772Z   libimath-3-1-29t64 libinstpatch-1.0-2 libjack-jackd2-0 libjxl0.7 liblapack3
client	Browser compatibility and Rust-server WebSocket E2E	2026-10-06T10:09:49.2381198Z   liblc3-1 libldacbt-enc2 liblilv-0-0 liblrdf0 libltc11 libmanette-0.2-0
client	Browser compatibility and Rust-server WebSocket E2E	2026-10-06T10:09:49.2381624Z   libmbedcrypto7t64 libmfx1 libmjpegutils-2.1-0t64 libmodplug1 libmp3lame0
client	Browser compatibility and Rust-server WebSocket E2E	2026-10-06T10:09:49.2382231Z   libmpcdec6 libmpeg2encpp-2.1-0t64 libmpg123-0t64 libmplex2-2.1-0t64
client	Browser compatibility and Rust-server WebSocket E2E	2026-10-06T10:09:49.2382621Z   libmysofa1 libneon27t64 libnice10 libopenal-data libopenal1
client	Browser compatibility and Rust-server WebSocket E2E	2026-10-06T10:09:49.2383010Z   libopenexr-3-1-30 libopenh264-7 libopenmpt0t64 libopenni2-0 libopus0
client	Browser compatibility and Rust-server WebSocket E2E	2026-10-06T10:09:49.2383395Z   liborc-0.4-0t64 libpipewire-0.3-0t64 libplacebo338 libpocketsphinx3
client	Browser compatibility and Rust-server WebSocket E2E	2026-10-06T10:09:49.2383791Z   libpostproc57 libproxy1v5 libpulse0 libqrencode4 libraptor2-0 librav1e0
client	Browser compatibility and Rust-server WebSocket E2E	2026-10-06T10:09:49.2384204Z   libraw1394-11 librist4 librsvg2-2 librubberband2 libsamplerate0 libsbc1
client	Browser compatibility and Rust-server WebSocket E2E	2026-10-06T10:09:49.2384623Z   libsdl2-2.0-0 libsecret-1-0 libsecret-common libserd-0-0 libshine3 libshout3
client	Browser compatibility and Rust-server WebSocket E2E	2026-10-06T10:09:49.2385037Z   libsndfile1 libsndio7.0 libsord-0-0 libsoundtouch1 libsoup-3.0-0
client	Browser compatibility and Rust-server WebSocket E2E	2026-10-06T10:09:49.2385442Z   libsoup-3.0-common libsoxr0 libspa-0.2-modules libspandsp2t64 libspeex1
client	Browser compatibility and Rust-server WebSocket E2E	2026-10-06T10:09:49.2385861Z   libsphinxbase3t64 libsratom-0-0 libsrt1.5-gnutls libsrtp2-1 libssh-gcrypt-4
client	Browser compatibility and Rust-server WebSocket E2E	2026-10-06T10:09:49.2386282Z   libsvtav1enc1d1 libswresample4 libswscale7 libtag1v5 libtag1v5-vanilla
client	Browser compatibility and Rust-server WebSocket E2E	2026-10-06T10:09:49.2386668Z   libtheora0 libtwolame0 libudfread0 libunibreak5 libv4l-0t64
client	Browser compatibility and Rust-server WebSocket E2E	2026-10-06T10:09:49.2387055Z   libv4lconvert0t64 libva-drm2 libva-x11-2 libva2 libvdpau1 libvidstab1.1
client	Browser compatibility and Rust-server WebSocket E2E	2026-10-06T10:09:49.2387470Z   libvisual-0.4-0 libvo-aacenc0 libvo-amrwbenc0 libvorbisenc2 libvpl2 libvpx9
client	Browser compatibility and Rust-server WebSocket E2E	2026-10-06T10:09:49.2388010Z   libwavpack1 libwayland-server0 libwebrtc-audio-processing1 libwildmidi2
client	Browser compatibility and Rust-server WebSocket E2E	2026-10-06T10:09:49.2388675Z   libwoff1 libx264-164 libx265-199 libxcb-xkb1 libxkbcommon-x11-0 libxvidcore4
client	Browser compatibility and Rust-server WebSocket E2E	2026-10-06T10:09:49.2389112Z   libyuv0 libzbar0t64 libzimg2 libzix-0-0 libzvbi-common libzvbi0t64 libzxing3
client	Browser compatibility and Rust-server WebSocket E2E	2026-10-06T10:09:49.2389540Z   ocl-icd-libopencl1 session-migration timgm6mb-soundfont xfonts-cyrillic
client	Browser compatibility and Rust-server WebSocket E2E	2026-10-06T10:09:49.2389893Z   xfonts-encodings xfonts-scalable xfonts-utils
client	Browser compatibility and Rust-server WebSocket E2E	2026-10-06T10:09:49.2390203Z The following packages will be upgraded:
client	Browser compatibility and Rust-server WebSocket E2E	2026-10-06T10:09:49.2390565Z   libevent-core-2.1-7t64 libevent-pthreads-2.1-7t64 libgbm1 libgl1-mesa-dri
client	Browser compatibility and Rust-server WebSocket E2E	2026-10-06T10:09:49.2394142Z   libglx-mesa0 mesa-libgallium
client	Browser compatibility and Rust-server WebSocket E2E	2026-10-06T10:09:49.2604756Z 6 upgraded, 181 newly installed, 0 to remove and 19 not upgraded.
client	Browser compatibility and Rust-server WebSocket E2E	2026-10-06T10:09:49.2605223Z Need to get 125 MB of archives.
client	Browser compatibility and Rust-server WebSocket E2E	2026-10-06T10:09:49.2605568Z After this operation, 364 MB of additional disk space will be used.
client	Browser compatibility and Rust-server WebSocket E2E	2026-10-06T10:09:49.2606245Z Get:1 file:/etc/apt/apt-mirrors.txt Mirrorlist [144 B]
client	Browser compatibility and Rust-server WebSocket E2E	2026-10-06T10:09:49.3471625Z Get:2 http://azure.archive.ubuntu.com/ubuntu noble/universe amd64 fonts-ipafont-gothic all 00303-21ubuntu1 [3513 kB]
client	Browser compatibility and Rust-server WebSocket E2E	2026-10-06T10:09:49.4833065Z Get:3 http://azure.archive.ubuntu.com/ubuntu noble/main amd64 fonts-freefont-ttf all 20211204+svn4273-2 [5641 kB]
client	Browser compatibility and Rust-server WebSocket E2E	2026-10-06T10:09:49.6303987Z Get:4 http://azure.archive.ubuntu.com/ubuntu noble/universe amd64 fonts-tlwg-loma-otf all 1:0.7.3-1 [107 kB]
client	Browser compatibility and Rust-server WebSocket E2E	2026-10-06T10:09:49.6952463Z Get:5 http://azure.archive.ubuntu.com/ubuntu noble/universe amd64 fonts-unifont all 1:15.1.01-1build1 [2993 kB]
client	Browser compatibility and Rust-server WebSocket E2E	2026-10-06T10:09:49.8175321Z Get:6 http://azure.archive.ubuntu.com/ubuntu noble/universe amd64 fonts-wqy-zenhei all 0.9.45-8 [7472 kB]
client	Browser compatibility and Rust-server WebSocket E2E	2026-10-06T10:09:50.0320422Z Get:7 http://azure.archive.ubuntu.com/ubuntu noble/main amd64 libproxy1v5 amd64 0.5.4-4build1 [26.5 kB]
client	Browser compatibility and Rust-server WebSocket E2E	2026-10-06T10:09:50.0968118Z Get:8 http://azure.archive.ubuntu.com/ubuntu noble/main amd64 glib-networking-common all 2.80.0-1build1 [6702 B]
client	Browser compatibility and Rust-server WebSocket E2E	2026-10-06T10:09:50.1609939Z Get:9 http://azure.archive.ubuntu.com/ubuntu noble/main amd64 glib-networking-services amd64 2.80.0-1build1 [12.8 kB]
client	Browser compatibility and Rust-server WebSocket E2E	2026-10-06T10:09:50.2260396Z Get:10 http://azure.archive.ubuntu.com/ubuntu noble/main amd64 session-migration amd64 0.3.9build1 [9034 B]
client	Browser compatibility and Rust-server WebSocket E2E	2026-10-06T10:09:50.2906671Z Get:11 http://azure.archive.ubuntu.com/ubuntu noble-updates/main amd64 gsettings-desktop-schemas all 46.1-0ubuntu1 [35.6 kB]
client	Browser compatibility and Rust-server WebSocket E2E	2026-10-06T10:09:50.3553642Z Get:12 http://azure.archive.ubuntu.com/ubuntu noble/main amd64 glib-networking amd64 2.80.0-1build1 [64.1 kB]
client	Browser compatibility and Rust-server WebSocket E2E	2026-10-06T10:09:50.4207172Z Get:13 http://azure.archive.ubuntu.com/ubuntu noble-updates/universe amd64 libva2 amd64 2.20.0-2ubuntu0.2 [66.4 kB]
client	Browser compatibility and Rust-server WebSocket E2E	2026-10-06T10:09:50.4904292Z Get:14 http://azure.archive.ubuntu.com/ubuntu noble-updates/universe amd64 libva-drm2 amd64 2.20.0-2ubuntu0.2 [7124 B]
client	Browser compatibility and Rust-server WebSocket E2E	2026-10-06T10:09:50.5551693Z Get:15 http://azure.archive.ubuntu.com/ubuntu noble-updates/universe amd64 libva-x11-2 amd64 2.20.0-2ubuntu0.2 [12.0 kB]
client	Browser compatibility and Rust-server WebSocket E2E	2026-10-06T10:09:50.6195612Z Get:16 http://azure.archive.ubuntu.com/ubuntu noble/main amd64 libvdpau1 amd64 1.5-2build1 [27.8 kB]
client	Browser compatibility and Rust-server WebSocket E2E	2026-10-06T10:09:50.6841622Z Get:17 http://azure.archive.ubuntu.com/ubuntu noble/universe amd64 libvpl2 amd64 2023.3.0-1build1 [99.8 kB]
client	Browser compatibility and Rust-server WebSocket E2E	2026-10-06T10:09:50.7499340Z Get:18 http://azure.archive.ubuntu.com/ubuntu noble/universe amd64 ocl-icd-libopencl1 amd64 2.3.2-1build1 [38.5 kB]
client	Browser compatibility and Rust-server WebSocket E2E	2026-10-06T10:09:50.8149436Z Get:19 http://azure.archive.ubuntu.com/ubuntu noble/universe amd64 libavutil58 amd64 7:6.1.1-3ubuntu5 [401 kB]
client	Browser compatibility and Rust-server WebSocket E2E	2026-10-06T10:09:50.8880728Z Get:20 http://azure.archive.ubuntu.com/ubuntu noble/universe amd64 libcodec2-1.2 amd64 1.2.0-2build1 [8998 kB]
client	Browser compatibility and Rust-server WebSocket E2E	2026-10-06T10:09:51.1368146Z Get:21 http://azure.archive.ubuntu.com/ubuntu noble/universe amd64 libdav1d7 amd64 1.4.1-1build1 [604 kB]
client	Browser compatibility and Rust-server WebSocket E2E	2026-10-06T10:09:51.2157116Z Get:22 http://azure.archive.ubuntu.com/ubuntu noble/universe amd64 libgsm1 amd64 1.0.22-1build1 [27.8 kB]
client	Browser compatibility and Rust-server WebSocket E2E	2026-10-06T10:09:51.2806052Z Get:23 http://azure.archive.ubuntu.com/ubuntu noble/universe amd64 libhwy1t64 amd64 1.0.7-8.1build1 [584 kB]
client	Browser compatibility and Rust-server WebSocket E2E	2026-10-06T10:09:51.3524015Z Get:24 http://azure.archive.ubuntu.com/ubuntu noble-updates/universe amd64 libjxl0.7 amd64 0.7.0-10.2ubuntu6.1 [1001 kB]
client	Browser compatibility and Rust-server WebSocket E2E	2026-10-06T10:09:51.4322688Z Get:25 http://azure.archive.ubuntu.com/ubuntu noble/main amd64 libmp3lame0 amd64 3.100-6build1 [142 kB]
client	Browser compatibility and Rust-server WebSocket E2E	2026-10-06T10:09:51.5000317Z Get:26 http://azure.archive.ubuntu.com/ubuntu noble/main amd64 libopus0 amd64 1.4-1build1 [208 kB]
client	Browser compatibility and Rust-server WebSocket E2E	2026-10-06T10:09:51.5681021Z Get:27 http://azure.archive.ubuntu.com/ubuntu noble/universe amd64 librav1e0 amd64 0.7.1-2 [1022 kB]
client	Browser compatibility and Rust-server WebSocket E2E	2026-10-06T10:09:51.6537131Z Get:28 http://azure.archive.ubuntu.com/ubuntu noble/main amd64 librsvg2-2 amd64 2.58.0+dfsg-1build1 [2135 kB]
client	Browser compatibility and Rust-server WebSocket E2E	2026-10-06T10:09:51.7612784Z Get:29 http://azure.archive.ubuntu.com/ubuntu noble/universe amd64 libshine3 amd64 3.1.1-2build1 [23.2 kB]
client	Browser compatibility and Rust-server WebSocket E2E	2026-10-06T10:09:51.8258571Z Get:30 http://azure.archive.ubuntu.com/ubuntu noble-updates/main amd64 libspeex1 amd64 1.2.1-2ubuntu2.24.04.1 [59.6 kB]
client	Browser compatibility and Rust-server WebSocket E2E	2026-10-06T10:09:51.8906506Z Get:31 http://azure.archive.ubuntu.com/ubuntu noble/universe amd64 libsvtav1enc1d1 amd64 1.7.0+dfsg-2build1 [2425 kB]
client	Browser compatibility and Rust-server WebSocket E2E	2026-10-06T10:09:52.0036303Z Get:32 http://azure.archive.ubuntu.com/ubuntu noble/universe amd64 libsoxr0 amd64 0.1.3-4build3 [80.0 kB]
client	Browser compatibility and Rust-server WebSocket E2E	2026-10-06T10:09:52.0691939Z Get:33 http://azure.archive.ubuntu.com/ubuntu noble/universe amd64 libswresample4 amd64 7:6.1.1-3ubuntu5 [63.8 kB]
client	Browser compatibility and Rust-server WebSocket E2E	2026-10-06T10:09:52.1351109Z Get:34 http://azure.archive.ubuntu.com/ubuntu noble/main amd64 libtheora0 amd64 1.1.1+dfsg.1-16.1build3 [211 kB]
client	Browser compatibility and Rust-server WebSocket E2E	2026-10-06T10:09:52.4115617Z Get:35 http://azure.archive.ubuntu.com/ubuntu noble/main amd64 libtwolame0 amd64 0.4.0-2build3 [52.3 kB]
client	Browser compatibility and Rust-server WebSocket E2E	2026-10-06T10:09:52.4905691Z Get:36 http://azure.archive.ubuntu.com/ubuntu noble/main amd64 libvorbisenc2 amd64 1.3.7-1build3 [80.8 kB]
client	Browser compatibility and Rust-server WebSocket E2E	2026-10-06T10:09:52.5591476Z Get:37 http://azure.archive.ubuntu.com/ubuntu noble-updates/main amd64 libvpx9 amd64 1.14.0-1ubuntu2.3 [1143 kB]
client	Browser compatibility and Rust-server WebSocket E2E	2026-10-06T10:09:52.6458029Z Get:38 http://azure.archive.ubuntu.com/ubuntu noble/universe amd64 libx264-164 amd64 2:0.164.3108+git31e19f9-1 [604 kB]
client	Browser compatibility and Rust-server WebSocket E2E	2026-10-06T10:09:52.7909572Z Get:39 http://azure.archive.ubuntu.com/ubuntu noble/universe amd64 libx265-199 amd64 3.5-2build1 [1226 kB]
client	Browser compatibility and Rust-server WebSocket E2E	2026-10-06T10:09:52.9375264Z Get:40 http://azure.archive.ubuntu.com/ubuntu noble/universe amd64 libxvidcore4 amd64 2:1.3.7-1build1 [219 kB]
client	Browser compatibility and Rust-server WebSocket E2E	2026-10-06T10:09:53.0067902Z Get:41 http://azure.archive.ubuntu.com/ubuntu noble/universe amd64 libzvbi-common all 0.2.42-2 [42.4 kB]
client	Browser compatibility and Rust-server WebSocket E2E	2026-10-06T10:09:53.0732660Z Get:42 http://azure.archive.ubuntu.com/ubuntu noble/universe amd64 libzvbi0t64 amd64 0.2.42-2 [261 kB]
client	Browser compatibility and Rust-server WebSocket E2E	2026-10-06T10:09:53.2125922Z Get:43 http://azure.archive.ubuntu.com/ubuntu noble/universe amd64 libavcodec60 amd64 7:6.1.1-3ubuntu5 [5851 kB]
client	Browser compatibility and Rust-server WebSocket E2E	2026-10-06T10:09:53.5645529Z Get:44 http://azure.archive.ubuntu.com/ubuntu noble/universe amd64 libunibreak5 amd64 5.1-2build1 [25.0 kB]
client	Browser compatibility and Rust-server WebSocket E2E	2026-10-06T10:09:53.6640793Z Get:45 http://azure.archive.ubuntu.com/ubuntu noble/universe amd64 libass9 amd64 1:0.17.1-2build1 [104 kB]
client	Browser compatibility and Rust-server WebSocket E2E	2026-10-06T10:09:53.7834128Z Get:46 http://azure.archive.ubuntu.com/ubuntu noble/universe amd64 libudfread0 amd64 1.1.2-1build1 [19.0 kB]
client	Browser compatibility and Rust-server WebSocket E2E	2026-10-06T10:09:53.8939527Z Get:47 http://azure.archive.ubuntu.com/ubuntu noble/universe amd64 libbluray2 amd64 1:1.3.4-1build1 [159 kB]
client	Browser compatibility and Rust-server WebSocket E2E	2026-10-06T10:09:54.0171527Z Get:48 http://azure.archive.ubuntu.com/ubuntu noble/universe amd64 libchromaprint1 amd64 1.5.1-5 [30.5 kB]
client	Browser compatibility and Rust-server WebSocket E2E	2026-10-06T10:09:54.0838254Z Get:49 http://azure.archive.ubuntu.com/ubuntu noble/universe amd64 libgme0 amd64 0.6.3-7build1 [134 kB]
client	Browser compatibility and Rust-server WebSocket E2E	2026-10-06T10:09:54.1542848Z Get:50 http://azure.archive.ubuntu.com/ubuntu noble-updates/main amd64 libmpg123-0t64 amd64 1.32.5-1ubuntu1.1 [169 kB]
client	Browser compatibility and Rust-server WebSocket E2E	2026-10-06T10:09:54.2227285Z Get:51 http://azure.archive.ubuntu.com/ubuntu noble/universe amd64 libopenmpt0t64 amd64 0.7.3-1.1build3 [647 kB]
client	Browser compatibility and Rust-server WebSocket E2E	2026-10-06T10:09:54.3654094Z Get:52 http://azure.archive.ubuntu.com/ubuntu noble/universe amd64 libcjson1 amd64 1.7.17-1 [24.8 kB]
client	Browser compatibility and Rust-server WebSocket E2E	2026-10-06T10:09:54.4857363Z Get:53 http://azure.archive.ubuntu.com/ubuntu noble/universe amd64 libmbedcrypto7t64 amd64 2.28.8-1 [209 kB]
client	Browser compatibility and Rust-server WebSocket E2E	2026-10-06T10:09:54.6114960Z Get:54 http://azure.archive.ubuntu.com/ubuntu noble/universe amd64 librist4 amd64 0.2.10+dfsg-2 [74.9 kB]
client	Browser compatibility and Rust-server WebSocket E2E	2026-10-06T10:09:54.7166588Z Get:55 http://azure.archive.ubuntu.com/ubuntu noble/universe amd64 libsrt1.5-gnutls amd64 1.5.3-1build2 [316 kB]
client	Browser compatibility and Rust-server WebSocket E2E	2026-10-06T10:09:54.8318248Z Get:56 http://azure.archive.ubuntu.com/ubuntu noble-updates/main amd64 libssh-gcrypt-4 amd64 0.10.6-2ubuntu0.5 [226 kB]
client	Browser compatibility and Rust-server WebSocket E2E	2026-10-06T10:09:54.9482221Z Get:57 http://azure.archive.ubuntu.com/ubuntu noble/universe amd64 libavformat60 amd64 7:6.1.1-3ubuntu5 [1153 kB]
client	Browser compatibility and Rust-server WebSocket E2E	2026-10-06T10:09:55.0673701Z Get:58 http://azure.archive.ubuntu.com/ubuntu noble/universe amd64 libbs2b0 amd64 3.1.0+dfsg-7build1 [10.6 kB]
client	Browser compatibility and Rust-server WebSocket E2E	2026-10-06T10:09:55.2342617Z Get:59 http://azure.archive.ubuntu.com/ubuntu noble/universe amd64 libflite1 amd64 2.2-6build3 [13.6 MB]
client	Browser compatibility and Rust-server WebSocket E2E	2026-10-06T10:09:55.7931490Z Get:60 http://azure.archive.ubuntu.com/ubuntu noble/universe amd64 libserd-0-0 amd64 0.32.2-1 [43.6 kB]
client	Browser compatibility and Rust-server WebSocket E2E	2026-10-06T10:09:55.8569112Z Get:61 http://azure.archive.ubuntu.com/ubuntu noble/universe amd64 libzix-0-0 amd64 0.4.2-2build1 [23.6 kB]
client	Browser compatibility and Rust-server WebSocket E2E	2026-10-06T10:09:55.9205706Z Get:62 http://azure.archive.ubuntu.com/ubuntu noble/universe amd64 libsord-0-0 amd64 0.16.16-2build1 [15.8 kB]
client	Browser compatibility and Rust-server WebSocket E2E	2026-10-06T10:09:55.9841263Z Get:63 http://azure.archive.ubuntu.com/ubuntu noble/universe amd64 libsratom-0-0 amd64 0.6.16-1build1 [17.3 kB]
client	Browser compatibility and Rust-server WebSocket E2E	2026-10-06T10:09:56.0474975Z Get:64 http://azure.archive.ubuntu.com/ubuntu noble/universe amd64 liblilv-0-0 amd64 0.24.22-1build1 [41.0 kB]
client	Browser compatibility and Rust-server WebSocket E2E	2026-10-06T10:09:56.1111324Z Get:65 http://azure.archive.ubuntu.com/ubuntu noble/universe amd64 libmysofa1 amd64 1.3.2+dfsg-2ubuntu2 [1158 kB]
client	Browser compatibility and Rust-server WebSocket E2E	2026-10-06T10:09:56.1820257Z Get:66 http://azure.archive.ubuntu.com/ubuntu noble/universe amd64 libplacebo338 amd64 6.338.2-2build1 [2654 kB]
client	Browser compatibility and Rust-server WebSocket E2E	2026-10-06T10:09:56.2645964Z Get:67 http://azure.archive.ubuntu.com/ubuntu noble-updates/main amd64 libblas3 amd64 3.12.0-3build1.1 [238 kB]
client	Browser compatibility and Rust-server WebSocket E2E	2026-10-06T10:09:56.3338727Z Get:68 http://azure.archive.ubuntu.com/ubuntu noble-updates/main amd64 liblapack3 amd64 3.12.0-3build1.1 [2646 kB]
client	Browser compatibility and Rust-server WebSocket E2E	2026-10-06T10:09:56.4563991Z Get:69 http://azure.archive.ubuntu.com/ubuntu noble/main amd64 libasyncns0 amd64 0.8-6build4 [11.3 kB]
client	Browser compatibility and Rust-server WebSocket E2E	2026-10-06T10:09:56.5211442Z Get:70 http://azure.archive.ubuntu.com/ubuntu noble/main amd64 libflac12t64 amd64 1.4.3+ds-2.1ubuntu2 [197 kB]
client	Browser compatibility and Rust-server WebSocket E2E	2026-10-06T10:09:56.5894532Z Get:71 http://azure.archive.ubuntu.com/ubuntu noble-updates/main amd64 libsndfile1 amd64 1.2.2-1ubuntu5.24.04.1 [209 kB]
client	Browser compatibility and Rust-server WebSocket E2E	2026-10-06T10:09:56.6581422Z Get:72 http://azure.archive.ubuntu.com/ubuntu noble-updates/main amd64 libpulse0 amd64 1:16.1+dfsg1-2ubuntu10.1 [292 kB]
client	Browser compatibility and Rust-server WebSocket E2E	2026-10-06T10:09:56.7271793Z Get:73 http://azure.archive.ubuntu.com/ubuntu noble/universe amd64 libsphinxbase3t64 amd64 0.8+5prealpha+1-17build2 [126 kB]
client	Browser compatibility and Rust-server WebSocket E2E	2026-10-06T10:09:56.7914193Z Get:74 http://azure.archive.ubuntu.com/ubuntu noble/universe amd64 libpocketsphinx3 amd64 0.8.0+real5prealpha+1-15ubuntu5 [133 kB]
client	Browser compatibility and Rust-server WebSocket E2E	2026-10-06T10:09:56.8561159Z Get:75 http://azure.archive.ubuntu.com/ubuntu noble/universe amd64 libpostproc57 amd64 7:6.1.1-3ubuntu5 [49.9 kB]
client	Browser compatibility and Rust-server WebSocket E2E	2026-10-06T10:09:56.9202862Z Get:76 http://azure.archive.ubuntu.com/ubuntu noble/main amd64 libsamplerate0 amd64 0.2.2-4build1 [1344 kB]
client	Browser compatibility and Rust-server WebSocket E2E	2026-10-06T10:09:56.9931130Z Get:77 http://azure.archive.ubuntu.com/ubuntu noble/universe amd64 librubberband2 amd64 3.3.0+dfsg-2build1 [130 kB]
client	Browser compatibility and Rust-server WebSocket E2E	2026-10-06T10:09:57.0572823Z Get:78 http://azure.archive.ubuntu.com/ubuntu noble/universe amd64 libswscale7 amd64 7:6.1.1-3ubuntu5 [193 kB]
client	Browser compatibility and Rust-server WebSocket E2E	2026-10-06T10:09:57.1219574Z Get:79 http://azure.archive.ubuntu.com/ubuntu noble/universe amd64 libvidstab1.1 amd64 1.1.0-2build1 [38.5 kB]
client	Browser compatibility and Rust-server WebSocket E2E	2026-10-06T10:09:57.1858288Z Get:80 http://azure.archive.ubuntu.com/ubuntu noble/universe amd64 libzimg2 amd64 3.0.5+ds1-1build1 [254 kB]
client	Browser compatibility and Rust-server WebSocket E2E	2026-10-06T10:09:57.2511443Z Get:81 http://azure.archive.ubuntu.com/ubuntu noble/universe amd64 libavfilter9 amd64 7:6.1.1-3ubuntu5 [4235 kB]
client	Browser compatibility and Rust-server WebSocket E2E	2026-10-06T10:09:57.3852373Z Get:82 http://azure.archive.ubuntu.com/ubuntu noble-updates/main amd64 liborc-0.4-0t64 amd64 1:0.4.38-1ubuntu0.1 [207 kB]
client	Browser compatibility and Rust-server WebSocket E2E	2026-10-06T10:09:57.4521937Z Get:83 http://azure.archive.ubuntu.com/ubuntu noble-updates/main amd64 libgstreamer-plugins-base1.0-0 amd64 1.24.2-1ubuntu0.5 [862 kB]
client	Browser compatibility and Rust-server WebSocket E2E	2026-10-06T10:09:57.5323318Z Get:84 http://azure.archive.ubuntu.com/ubuntu noble/universe amd64 gstreamer1.0-libav amd64 1.24.1-1build1 [103 kB]
client	Browser compatibility and Rust-server WebSocket E2E	2026-10-06T10:09:57.5967839Z Get:85 http://azure.archive.ubuntu.com/ubuntu noble/main amd64 libcdparanoia0 amd64 3.10.2+debian-14build3 [48.5 kB]
client	Browser compatibility and Rust-server WebSocket E2E	2026-10-06T10:09:57.6614508Z Get:86 http://azure.archive.ubuntu.com/ubuntu noble/main amd64 libvisual-0.4-0 amd64 0.4.2-2build1 [115 kB]
client	Browser compatibility and Rust-server WebSocket E2E	2026-10-06T10:09:57.7277327Z Get:87 http://azure.archive.ubuntu.com/ubuntu noble-updates/main amd64 gstreamer1.0-plugins-base amd64 1.24.2-1ubuntu0.5 [721 kB]
client	Browser compatibility and Rust-server WebSocket E2E	2026-10-06T10:09:57.8099187Z Get:88 http://azure.archive.ubuntu.com/ubuntu noble/main amd64 libaa1 amd64 1.4p5-51.1 [49.9 kB]
client	Browser compatibility and Rust-server WebSocket E2E	2026-10-06T10:09:57.8740881Z Get:89 http://azure.archive.ubuntu.com/ubuntu noble/main amd64 libraw1394-11 amd64 2.1.2-2build3 [26.2 kB]
client	Browser compatibility and Rust-server WebSocket E2E	2026-10-06T10:09:57.9385493Z Get:90 http://azure.archive.ubuntu.com/ubuntu noble/main amd64 libavc1394-0 amd64 0.5.4-5build3 [15.4 kB]
client	Browser compatibility and Rust-server WebSocket E2E	2026-10-06T10:09:58.0023173Z Get:91 http://azure.archive.ubuntu.com/ubuntu noble-updates/main amd64 libcaca0 amd64 0.99.beta20-4ubuntu0.2 [209 kB]
client	Browser compatibility and Rust-server WebSocket E2E	2026-10-06T10:09:58.0689941Z Get:92 http://azure.archive.ubuntu.com/ubuntu noble/main amd64 libdv4t64 amd64 1.0.0-17.1build1 [63.2 kB]
client	Browser compatibility and Rust-server WebSocket E2E	2026-10-06T10:09:58.1335684Z Get:93 http://azure.archive.ubuntu.com/ubuntu noble-updates/main amd64 libgstreamer-plugins-good1.0-0 amd64 1.24.2-1ubuntu1.8 [34.3 kB]
client	Browser compatibility and Rust-server WebSocket E2E	2026-10-06T10:09:58.1973910Z Get:94 http://azure.archive.ubuntu.com/ubuntu noble/main amd64 libiec61883-0 amd64 1.2.0-6build1 [24.5 kB]
client	Browser compatibility and Rust-server WebSocket E2E	2026-10-06T10:09:58.2615190Z Get:95 http://azure.archive.ubuntu.com/ubuntu noble/main amd64 libshout3 amd64 2.4.6-1build2 [50.3 kB]
client	Browser compatibility and Rust-server WebSocket E2E	2026-10-06T10:09:58.3254351Z Get:96 http://azure.archive.ubuntu.com/ubuntu noble/main amd64 libtag1v5-vanilla amd64 1.13.1-1build1 [326 kB]
client	Browser compatibility and Rust-server WebSocket E2E	2026-10-06T10:09:58.3947296Z Get:97 http://azure.archive.ubuntu.com/ubuntu noble/main amd64 libtag1v5 amd64 1.13.1-1build1 [11.7 kB]
client	Browser compatibility and Rust-server WebSocket E2E	2026-10-06T10:09:58.4581949Z Get:98 http://azure.archive.ubuntu.com/ubuntu noble/main amd64 libv4lconvert0t64 amd64 1.26.1-4build3 [87.6 kB]
client	Browser compatibility and Rust-server WebSocket E2E	2026-10-06T10:09:58.5228571Z Get:99 http://azure.archive.ubuntu.com/ubuntu noble/main amd64 libv4l-0t64 amd64 1.26.1-4build3 [46.9 kB]
client	Browser compatibility and Rust-server WebSocket E2E	2026-10-06T10:09:58.5865439Z Get:100 http://azure.archive.ubuntu.com/ubuntu noble/main amd64 libwavpack1 amd64 5.6.0-1build1 [84.6 kB]
client	Browser compatibility and Rust-server WebSocket E2E	2026-10-06T10:09:58.6509980Z Get:101 http://azure.archive.ubuntu.com/ubuntu noble-updates/main amd64 libsoup-3.0-common all 3.4.4-5ubuntu0.8 [11.7 kB]
client	Browser compatibility and Rust-server WebSocket E2E	2026-10-06T10:09:58.7152545Z Get:102 http://azure.archive.ubuntu.com/ubuntu noble-updates/main amd64 libsoup-3.0-0 amd64 3.4.4-5ubuntu0.8 [290 kB]
client	Browser compatibility and Rust-server WebSocket E2E	2026-10-06T10:09:58.7876930Z Get:103 http://azure.archive.ubuntu.com/ubuntu noble-updates/main amd64 gstreamer1.0-plugins-good amd64 1.24.2-1ubuntu1.8 [2236 kB]
client	Browser compatibility and Rust-server WebSocket E2E	2026-10-06T10:09:58.8967933Z Get:104 http://azure.archive.ubuntu.com/ubuntu noble-updates/main amd64 libabsl20220623t64 amd64 20220623.1-3.1ubuntu3.2 [423 kB]
client	Browser compatibility and Rust-server WebSocket E2E	2026-10-06T10:09:58.9679244Z Get:105 http://azure.archive.ubuntu.com/ubuntu noble/universe amd64 libgav1-1 amd64 0.18.0-1build3 [357 kB]
client	Browser compatibility and Rust-server WebSocket E2E	2026-10-06T10:09:59.0377308Z Get:106 http://azure.archive.ubuntu.com/ubuntu noble/universe amd64 libyuv0 amd64 0.0~git202401110.af6ac82-1 [178 kB]
client	Browser compatibility and Rust-server WebSocket E2E	2026-10-06T10:09:59.1035284Z Get:107 http://azure.archive.ubuntu.com/ubuntu noble/universe amd64 libavif16 amd64 1.0.4-1ubuntu3 [91.2 kB]
client	Browser compatibility and Rust-server WebSocket E2E	2026-10-06T10:09:59.1678774Z Get:108 http://azure.archive.ubuntu.com/ubuntu noble/universe amd64 libavtp0 amd64 0.2.0-1build1 [6414 B]
client	Browser compatibility and Rust-server WebSocket E2E	2026-10-06T10:09:59.2315610Z Get:109 http://azure.archive.ubuntu.com/ubuntu noble/main amd64 libcairo-script-interpreter2 amd64 1.18.0-3build1 [60.3 kB]
client	Browser compatibility and Rust-server WebSocket E2E	2026-10-06T10:09:59.2952546Z Get:110 http://azure.archive.ubuntu.com/ubuntu noble/universe amd64 libdc1394-25 amd64 2.2.6-4build1 [90.1 kB]
client	Browser compatibility and Rust-server WebSocket E2E	2026-10-06T10:09:59.3598340Z Get:111 http://azure.archive.ubuntu.com/ubuntu noble-updates/main amd64 libde265-0 amd64 1.0.15-1ubuntu0.1 [167 kB]
client	Browser compatibility and Rust-server WebSocket E2E	2026-10-06T10:09:59.4251363Z Get:112 http://azure.archive.ubuntu.com/ubuntu noble/main amd64 libdecor-0-0 amd64 0.2.2-1build2 [16.5 kB]
client	Browser compatibility and Rust-server WebSocket E2E	2026-10-06T10:09:59.4884778Z Get:113 http://azure.archive.ubuntu.com/ubuntu noble/main amd64 libgles2 amd64 1.7.0-1build1 [17.1 kB]
client	Browser compatibility and Rust-server WebSocket E2E	2026-10-06T10:09:59.5521768Z Get:114 http://azure.archive.ubuntu.com/ubuntu noble/universe amd64 libdirectfb-1.7-7t64 amd64 1.7.7-11.1ubuntu2 [1035 kB]
client	Browser compatibility and Rust-server WebSocket E2E	2026-10-06T10:09:59.6355433Z Get:115 http://azure.archive.ubuntu.com/ubuntu noble/universe amd64 libdvdread8t64 amd64 6.1.3-1.1build1 [54.7 kB]
client	Browser compatibility and Rust-server WebSocket E2E	2026-10-06T10:09:59.7014718Z Get:116 http://azure.archive.ubuntu.com/ubuntu noble/universe amd64 libdvdnav4 amd64 6.1.1-3build1 [39.5 kB]
client	Browser compatibility and Rust-server WebSocket E2E	2026-10-06T10:09:59.7660918Z Get:117 http://azure.archive.ubuntu.com/ubuntu noble-updates/main amd64 libgl1-mesa-dri amd64 25.2.8-0ubuntu0.24.04.4 [38.0 kB]
client	Browser compatibility and Rust-server WebSocket E2E	2026-10-06T10:09:59.8309583Z Get:118 http://azure.archive.ubuntu.com/ubuntu noble-updates/main amd64 libglx-mesa0 amd64 25.2.8-0ubuntu0.24.04.4 [110 kB]
client	Browser compatibility and Rust-server WebSocket E2E	2026-10-06T10:09:59.8966589Z Get:119 http://azure.archive.ubuntu.com/ubuntu noble-updates/main amd64 libgbm1 amd64 25.2.8-0ubuntu0.24.04.4 [34.2 kB]
client	Browser compatibility and Rust-server WebSocket E2E	2026-10-06T10:09:59.9613269Z Get:120 http://azure.archive.ubuntu.com/ubuntu noble-updates/main amd64 mesa-libgallium amd64 25.2.8-0ubuntu0.24.04.4 [10.8 MB]
client	Browser compatibility and Rust-server WebSocket E2E	2026-10-06T10:10:00.2459794Z Get:121 http://azure.archive.ubuntu.com/ubuntu noble-updates/main amd64 libegl-mesa0 amd64 25.2.8-0ubuntu0.24.04.4 [117 kB]
client	Browser compatibility and Rust-server WebSocket E2E	2026-10-06T10:10:00.3114379Z Get:122 http://azure.archive.ubuntu.com/ubuntu noble-updates/main amd64 libevent-2.1-7t64 amd64 2.1.12-stable-9ubuntu2.2 [146 kB]
client	Browser compatibility and Rust-server WebSocket E2E	2026-10-06T10:10:00.3780789Z Get:123 http://azure.archive.ubuntu.com/ubuntu noble-updates/main amd64 libevent-pthreads-2.1-7t64 amd64 2.1.12-stable-9ubuntu2.2 [7988 B]
client	Browser compatibility and Rust-server WebSocket E2E	2026-10-06T10:10:00.4425363Z Get:124 http://azure.archive.ubuntu.com/ubuntu noble-updates/main amd64 libevent-core-2.1-7t64 amd64 2.1.12-stable-9ubuntu2.2 [91.9 kB]
client	Browser compatibility and Rust-server WebSocket E2E	2026-10-06T10:10:00.5080102Z Get:125 http://azure.archive.ubuntu.com/ubuntu noble/universe amd64 libfaad2 amd64 2.11.1-1build1 [207 kB]
client	Browser compatibility and Rust-server WebSocket E2E	2026-10-06T10:10:00.5759931Z Get:126 http://azure.archive.ubuntu.com/ubuntu noble/universe amd64 libinstpatch-1.0-2 amd64 1.1.6-1build2 [251 kB]
client	Browser compatibility and Rust-server WebSocket E2E	2026-10-06T10:10:00.6444350Z Get:127 http://azure.archive.ubuntu.com/ubuntu noble/main amd64 libjack-jackd2-0 amd64 1.9.21~dfsg-3ubuntu3 [289 kB]
client	Browser compatibility and Rust-server WebSocket E2E	2026-10-06T10:10:00.7141830Z Get:128 http://azure.archive.ubuntu.com/ubuntu noble/main amd64 libwebrtc-audio-processing1 amd64 0.3.1-0ubuntu6 [290 kB]
client	Browser compatibility and Rust-server WebSocket E2E	2026-10-06T10:10:00.7846460Z Get:129 http://azure.archive.ubuntu.com/ubuntu noble-updates/main amd64 libspa-0.2-modules amd64 1.0.5-1ubuntu3.3 [628 kB]
client	Browser compatibility and Rust-server WebSocket E2E	2026-10-06T10:10:00.9011910Z Get:130 http://azure.archive.ubuntu.com/ubuntu noble-updates/main amd64 libpipewire-0.3-0t64 amd64 1.0.5-1ubuntu3.3 [252 kB]
client	Browser compatibility and Rust-server WebSocket E2E	2026-10-06T10:10:01.0187985Z Get:131 http://azure.archive.ubuntu.com/ubuntu noble-updates/main amd64 libsdl2-2.0-0 amd64 2.30.0+dfsg-1ubuntu3.1 [686 kB]
client	Browser compatibility and Rust-server WebSocket E2E	2026-10-06T10:10:01.1374137Z Get:132 http://azure.archive.ubuntu.com/ubuntu noble/universe amd64 timgm6mb-soundfont all 1.3-5 [5427 kB]
client	Browser compatibility and Rust-server WebSocket E2E	2026-10-06T10:10:01.3509991Z Get:133 http://azure.archive.ubuntu.com/ubuntu noble/universe amd64 libfluidsynth3 amd64 2.3.4-1build3 [249 kB]
client	Browser compatibility and Rust-server WebSocket E2E	2026-10-06T10:10:01.4200271Z Get:134 http://azure.archive.ubuntu.com/ubuntu noble/main amd64 libfreeaptx0 amd64 0.1.1-2build1 [13.5 kB]
client	Browser compatibility and Rust-server WebSocket E2E	2026-10-06T10:10:01.4845801Z Get:135 http://azure.archive.ubuntu.com/ubuntu noble/main amd64 libgraphene-1.0-0 amd64 1.10.8-3build2 [46.2 kB]
client	Browser compatibility and Rust-server WebSocket E2E	2026-10-06T10:10:01.5496023Z Get:136 http://azure.archive.ubuntu.com/ubuntu noble/main amd64 libgssdp-1.6-0 amd64 1.6.3-1build3 [40.4 kB]
client	Browser compatibility and Rust-server WebSocket E2E	2026-10-06T10:10:01.6142158Z Get:137 http://azure.archive.ubuntu.com/ubuntu noble/main amd64 libegl1 amd64 1.7.0-1build1 [28.7 kB]
client	Browser compatibility and Rust-server WebSocket E2E	2026-10-06T10:10:01.6789001Z Get:138 http://azure.archive.ubuntu.com/ubuntu noble-updates/main amd64 libgstreamer-gl1.0-0 amd64 1.24.2-1ubuntu0.5 [214 kB]
client	Browser compatibility and Rust-server WebSocket E2E	2026-10-06T10:10:01.7463915Z Get:139 http://azure.archive.ubuntu.com/ubuntu noble-updates/main amd64 libgtk-4-common all 4.14.5+ds-0ubuntu0.10 [1497 kB]
client	Browser compatibility and Rust-server WebSocket E2E	2026-10-06T10:10:01.8409309Z Get:140 http://azure.archive.ubuntu.com/ubuntu noble-updates/main amd64 libgtk-4-1 amd64 4.14.5+ds-0ubuntu0.10 [3295 kB]
client	Browser compatibility and Rust-server WebSocket E2E	2026-10-06T10:10:01.9695401Z Get:141 http://azure.archive.ubuntu.com/ubuntu noble/main amd64 libgupnp-1.6-0 amd64 1.6.6-1build3 [92.7 kB]
client	Browser compatibility and Rust-server WebSocket E2E	2026-10-06T10:10:02.0337898Z Get:142 http://azure.archive.ubuntu.com/ubuntu noble/universe amd64 libgupnp-igd-1.6-0 amd64 1.6.0-3build3 [16.5 kB]
client	Browser compatibility and Rust-server WebSocket E2E	2026-10-06T10:10:02.0972933Z Get:143 http://azure.archive.ubuntu.com/ubuntu noble/main amd64 libharfbuzz-icu0 amd64 8.3.0-2build2 [13.3 kB]
client	Browser compatibility and Rust-server WebSocket E2E	2026-10-06T10:10:02.1608094Z Get:144 http://azure.archive.ubuntu.com/ubuntu noble/main amd64 libhyphen0 amd64 2.8.8-7build3 [26.5 kB]
client	Browser compatibility and Rust-server WebSocket E2E	2026-10-06T10:10:02.2243879Z Get:145 http://azure.archive.ubuntu.com/ubuntu noble/universe amd64 libimath-3-1-29t64 amd64 3.1.9-3.1ubuntu2 [72.2 kB]
client	Browser compatibility and Rust-server WebSocket E2E	2026-10-06T10:10:02.2911724Z Get:146 http://azure.archive.ubuntu.com/ubuntu noble/main amd64 liblc3-1 amd64 1.0.4-3build1 [69.7 kB]
client	Browser compatibility and Rust-server WebSocket E2E	2026-10-06T10:10:02.3565819Z Get:147 http://azure.archive.ubuntu.com/ubuntu noble/main amd64 libldacbt-enc2 amd64 2.0.2.3+git20200429+ed310a0-4ubuntu2 [27.1 kB]
client	Browser compatibility and Rust-server WebSocket E2E	2026-10-06T10:10:02.4205366Z Get:148 http://azure.archive.ubuntu.com/ubuntu noble-updates/main amd64 libraptor2-0 amd64 2.0.16-3ubuntu0.1 [165 kB]
client	Browser compatibility and Rust-server WebSocket E2E	2026-10-06T10:10:02.5061669Z Get:149 http://azure.archive.ubuntu.com/ubuntu noble/universe amd64 liblrdf0 amd64 0.6.1-4build1 [18.5 kB]
client	Browser compatibility and Rust-server WebSocket E2E	2026-10-06T10:10:02.5729313Z Get:150 http://azure.archive.ubuntu.com/ubuntu noble/universe amd64 libltc11 amd64 1.3.2-1build1 [13.0 kB]
client	Browser compatibility and Rust-server WebSocket E2E	2026-10-06T10:10:02.6382738Z Get:151 http://azure.archive.ubuntu.com/ubuntu noble/main amd64 libmanette-0.2-0 amd64 0.2.7-1build2 [30.6 kB]
client	Browser compatibility and Rust-server WebSocket E2E	2026-10-06T10:10:02.7051487Z Get:152 http://azure.archive.ubuntu.com/ubuntu noble/universe amd64 libmfx1 amd64 22.5.4-1 [3124 kB]
client	Browser compatibility and Rust-server WebSocket E2E	2026-10-06T10:10:03.0059834Z Get:153 http://azure.archive.ubuntu.com/ubuntu noble/universe amd64 libmjpegutils-2.1-0t64 amd64 1:2.1.0+debian-8.1build1 [25.5 kB]
client	Browser compatibility and Rust-server WebSocket E2E	2026-10-06T10:10:03.0700568Z Get:154 http://azure.archive.ubuntu.com/ubuntu noble/universe amd64 libmodplug1 amd64 1:0.8.9.0-3build1 [166 kB]
client	Browser compatibility and Rust-server WebSocket E2E	2026-10-06T10:10:03.1364950Z Get:155 http://azure.archive.ubuntu.com/ubuntu noble/universe amd64 libmpcdec6 amd64 2:0.1~r495-2build1 [32.7 kB]
client	Browser compatibility and Rust-server WebSocket E2E	2026-10-06T10:10:03.2007281Z Get:156 http://azure.archive.ubuntu.com/ubuntu noble/universe amd64 libmpeg2encpp-2.1-0t64 amd64 1:2.1.0+debian-8.1build1 [75.6 kB]
client	Browser compatibility and Rust-server WebSocket E2E	2026-10-06T10:10:03.3321029Z Get:157 http://azure.archive.ubuntu.com/ubuntu noble/universe amd64 libmplex2-2.1-0t64 amd64 1:2.1.0+debian-8.1build1 [46.1 kB]
client	Browser compatibility and Rust-server WebSocket E2E	2026-10-06T10:10:03.5253278Z Get:158 http://azure.archive.ubuntu.com/ubuntu noble/universe amd64 libneon27t64 amd64 0.33.0-1.1build3 [102 kB]
client	Browser compatibility and Rust-server WebSocket E2E	2026-10-06T10:10:03.6823847Z Get:159 http://azure.archive.ubuntu.com/ubuntu noble/universe amd64 libnice10 amd64 0.1.21-2build3 [157 kB]
client	Browser compatibility and Rust-server WebSocket E2E	2026-10-06T10:10:03.8107867Z Get:160 http://azure.archive.ubuntu.com/ubuntu noble/universe amd64 libopenal-data all 1:1.23.1-4build1 [161 kB]
client	Browser compatibility and Rust-server WebSocket E2E	2026-10-06T10:10:03.8959133Z Get:161 http://azure.archive.ubuntu.com/ubuntu noble/universe amd64 libopenexr-3-1-30 amd64 3.1.5-5.1build3 [1004 kB]
client	Browser compatibility and Rust-server WebSocket E2E	2026-10-06T10:10:03.9844653Z Get:162 http://azure.archive.ubuntu.com/ubuntu noble/universe amd64 libopenh264-7 amd64 2.4.1+dfsg-1 [409 kB]
client	Browser compatibility and Rust-server WebSocket E2E	2026-10-06T10:10:04.0533541Z Get:163 http://azure.archive.ubuntu.com/ubuntu noble/universe amd64 libopenni2-0 amd64 2.2.0.33+dfsg-18 [370 kB]
client	Browser compatibility and Rust-server WebSocket E2E	2026-10-06T10:10:04.1248239Z Get:164 http://azure.archive.ubuntu.com/ubuntu noble/universe amd64 libqrencode4 amd64 4.1.1-1build2 [25.0 kB]
client	Browser compatibility and Rust-server WebSocket E2E	2026-10-06T10:10:04.1893880Z Get:165 http://azure.archive.ubuntu.com/ubuntu noble/main amd64 libsecret-common all 0.21.4-1build3 [4962 B]
client	Browser compatibility and Rust-server WebSocket E2E	2026-10-06T10:10:04.2558879Z Get:166 http://azure.archive.ubuntu.com/ubuntu noble/main amd64 libsecret-1-0 amd64 0.21.4-1build3 [116 kB]
client	Browser compatibility and Rust-server WebSocket E2E	2026-10-06T10:10:04.3208229Z Get:167 http://azure.archive.ubuntu.com/ubuntu noble/universe amd64 libsndio7.0 amd64 1.9.0-0.3build3 [29.6 kB]
client	Browser compatibility and Rust-server WebSocket E2E	2026-10-06T10:10:04.3847266Z Get:168 http://azure.archive.ubuntu.com/ubuntu noble/universe amd64 libsoundtouch1 amd64 2.3.2+ds1-1build1 [60.5 kB]
client	Browser compatibility and Rust-server WebSocket E2E	2026-10-06T10:10:04.4487112Z Get:169 http://azure.archive.ubuntu.com/ubuntu noble/universe amd64 libspandsp2t64 amd64 0.0.6+dfsg-2.1build1 [311 kB]
client	Browser compatibility and Rust-server WebSocket E2E	2026-10-06T10:10:04.5142220Z Get:170 http://azure.archive.ubuntu.com/ubuntu noble/universe amd64 libsrtp2-1 amd64 2.5.0-3build1 [41.9 kB]
client	Browser compatibility and Rust-server WebSocket E2E	2026-10-06T10:10:04.5781577Z Get:171 http://azure.archive.ubuntu.com/ubuntu noble/main amd64 libwayland-server0 amd64 1.22.0-2.1build1 [33.9 kB]
client	Browser compatibility and Rust-server WebSocket E2E	2026-10-06T10:10:04.6427932Z Get:172 http://azure.archive.ubuntu.com/ubuntu noble/universe amd64 libwildmidi2 amd64 0.4.3-1build3 [68.5 kB]
client	Browser compatibility and Rust-server WebSocket E2E	2026-10-06T10:10:04.7075818Z Get:173 http://azure.archive.ubuntu.com/ubuntu noble/main amd64 libwoff1 amd64 1.0.2-2build1 [45.3 kB]
client	Browser compatibility and Rust-server WebSocket E2E	2026-10-06T10:10:04.7714741Z Get:174 http://azure.archive.ubuntu.com/ubuntu noble/main amd64 libxcb-xkb1 amd64 1.15-1ubuntu2 [32.3 kB]
client	Browser compatibility and Rust-server WebSocket E2E	2026-10-06T10:10:04.8359689Z Get:175 http://azure.archive.ubuntu.com/ubuntu noble/main amd64 libxkbcommon-x11-0 amd64 1.6.0-1build1 [14.5 kB]
client	Browser compatibility and Rust-server WebSocket E2E	2026-10-06T10:10:04.9001821Z Get:176 http://azure.archive.ubuntu.com/ubuntu noble/universe amd64 libzbar0t64 amd64 0.23.93-4build3 [123 kB]
client	Browser compatibility and Rust-server WebSocket E2E	2026-10-06T10:10:04.9656270Z Get:177 http://azure.archive.ubuntu.com/ubuntu noble/universe amd64 libzxing3 amd64 2.2.1-3 [583 kB]
client	Browser compatibility and Rust-server WebSocket E2E	2026-10-06T10:10:05.0405622Z Get:178 http://azure.archive.ubuntu.com/ubuntu noble/main amd64 xfonts-encodings all 1:1.0.5-0ubuntu2 [578 kB]
client	Browser compatibility and Rust-server WebSocket E2E	2026-10-06T10:10:05.1164322Z Get:179 http://azure.archive.ubuntu.com/ubuntu noble/main amd64 xfonts-utils amd64 1:7.7+6build3 [94.4 kB]
client	Browser compatibility and Rust-server WebSocket E2E	2026-10-06T10:10:05.1822749Z Get:180 http://azure.archive.ubuntu.com/ubuntu noble/universe amd64 xfonts-cyrillic all 1:1.0.5+nmu1 [384 kB]
client	Browser compatibility and Rust-server WebSocket E2E	2026-10-06T10:10:05.2540148Z Get:181 http://azure.archive.ubuntu.com/ubuntu noble/main amd64 xfonts-scalable all 1:1.0.3-1.3 [304 kB]
client	Browser compatibility and Rust-server WebSocket E2E	2026-10-06T10:10:05.3253583Z Get:182 http://azure.archive.ubuntu.com/ubuntu noble/universe amd64 libgstreamer-plugins-bad1.0-0 amd64 1.24.2-1ubuntu4 [797 kB]
client	Browser compatibility and Rust-server WebSocket E2E	2026-10-06T10:10:05.4042592Z Get:183 http://azure.archive.ubuntu.com/ubuntu noble/universe amd64 libdca0 amd64 0.0.7-2build1 [93.8 kB]
client	Browser compatibility and Rust-server WebSocket E2E	2026-10-06T10:10:05.4689626Z Get:184 http://azure.archive.ubuntu.com/ubuntu noble/universe amd64 libopenal1 amd64 1:1.23.1-4build1 [540 kB]
client	Browser compatibility and Rust-server WebSocket E2E	2026-10-06T10:10:05.5436772Z Get:185 http://azure.archive.ubuntu.com/ubuntu noble/main amd64 libsbc1 amd64 2.0-1build1 [33.9 kB]
client	Browser compatibility and Rust-server WebSocket E2E	2026-10-06T10:10:05.6091922Z Get:186 http://azure.archive.ubuntu.com/ubuntu noble/universe amd64 libvo-aacenc0 amd64 0.1.3-2build1 [67.8 kB]
client	Browser compatibility and Rust-server WebSocket E2E	2026-10-06T10:10:05.6760667Z Get:187 http://azure.archive.ubuntu.com/ubuntu noble/universe amd64 libvo-amrwbenc0 amd64 0.1.3-2build1 [76.7 kB]
client	Browser compatibility and Rust-server WebSocket E2E	2026-10-06T10:10:05.7435547Z Get:188 http://azure.archive.ubuntu.com/ubuntu noble/universe amd64 gstreamer1.0-plugins-bad amd64 1.24.2-1ubuntu4 [3081 kB]
client	Browser compatibility and Rust-server WebSocket E2E	2026-10-06T10:10:06.4840610Z Fetched 125 MB in 17s (7531 kB/s)
client	Browser compatibility and Rust-server WebSocket E2E	2026-10-06T10:10:07.2698561Z Selecting previously unselected package fonts-ipafont-gothic.
client	Browser compatibility and Rust-server WebSocket E2E	2026-10-06T10:10:07.3768426Z (Reading database ...
client	Browser compatibility and Rust-server WebSocket E2E	2026-10-06T10:10:07.3768966Z (Reading database ... 5%
client	Browser compatibility and Rust-server WebSocket E2E	2026-10-06T10:10:07.3769415Z (Reading database ... 10%
client	Browser compatibility and Rust-server WebSocket E2E	2026-10-06T10:10:07.3769704Z (Reading database ... 15%
client	Browser compatibility and Rust-server WebSocket E2E	2026-10-06T10:10:07.3769929Z (Reading database ... 20%
client	Browser compatibility and Rust-server WebSocket E2E	2026-10-06T10:10:07.3770150Z (Reading database ... 25%
client	Browser compatibility and Rust-server WebSocket E2E	2026-10-06T10:10:07.3770350Z (Reading database ... 30%
client	Browser compatibility and Rust-server WebSocket E2E	2026-10-06T10:10:07.3770555Z (Reading database ... 35%
client	Browser compatibility and Rust-server WebSocket E2E	2026-10-06T10:10:07.3770754Z (Reading database ... 40%
client	Browser compatibility and Rust-server WebSocket E2E	2026-10-06T10:10:07.3770952Z (Reading database ... 45%
client	Browser compatibility and Rust-server WebSocket E2E	2026-10-06T10:10:07.3771153Z (Reading database ... 50%
client	Browser compatibility and Rust-server WebSocket E2E	2026-10-06T10:10:07.4050803Z (Reading database ... 55%
client	Browser compatibility and Rust-server WebSocket E2E	2026-10-06T10:10:07.4807897Z (Reading database ... 60%
client	Browser compatibility and Rust-server WebSocket E2E	2026-10-06T10:10:07.6759154Z (Reading database ... 65%
client	Browser compatibility and Rust-server WebSocket E2E	2026-10-06T10:10:07.8802312Z (Reading database ... 70%
client	Browser compatibility and Rust-server WebSocket E2E	2026-10-06T10:10:08.0934385Z (Reading database ... 75%
client	Browser compatibility and Rust-server WebSocket E2E	2026-10-06T10:10:08.1853736Z (Reading database ... 80%
client	Browser compatibility and Rust-server WebSocket E2E	2026-10-06T10:10:08.3434685Z (Reading database ... 85%
client	Browser compatibility and Rust-server WebSocket E2E	2026-10-06T10:10:08.5021771Z (Reading database ... 90%
client	Browser compatibility and Rust-server WebSocket E2E	2026-10-06T10:10:08.5910127Z (Reading database ... 95%
client	Browser compatibility and Rust-server WebSocket E2E	2026-10-06T10:10:08.5910476Z (Reading database ... 100%
client	Browser compatibility and Rust-server WebSocket E2E	2026-10-06T10:10:08.5910855Z (Reading database ... 202296 files and directories currently installed.)
client	Browser compatibility and Rust-server WebSocket E2E	2026-10-06T10:10:08.5954903Z Preparing to unpack .../000-fonts-ipafont-gothic_00303-21ubuntu1_all.deb ...
client	Browser compatibility and Rust-server WebSocket E2E	2026-10-06T10:10:08.6030537Z Unpacking fonts-ipafont-gothic (00303-21ubuntu1) ...
client	Browser compatibility and Rust-server WebSocket E2E	2026-10-06T10:10:08.8556475Z Selecting previously unselected package fonts-freefont-ttf.
client	Browser compatibility and Rust-server WebSocket E2E	2026-10-06T10:10:08.8672023Z Preparing to unpack .../001-fonts-freefont-ttf_20211204+svn4273-2_all.deb ...
client	Browser compatibility and Rust-server WebSocket E2E	2026-10-06T10:10:08.8680812Z Unpacking fonts-freefont-ttf (20211204+svn4273-2) ...
client	Browser compatibility and Rust-server WebSocket E2E	2026-10-06T10:10:09.0069966Z Selecting previously unselected package fonts-tlwg-loma-otf.
client	Browser compatibility and Rust-server WebSocket E2E	2026-10-06T10:10:09.0183699Z Preparing to unpack .../002-fonts-tlwg-loma-otf_1%3a0.7.3-1_all.deb ...
client	Browser compatibility and Rust-server WebSocket E2E	2026-10-06T10:10:09.0189727Z Unpacking fonts-tlwg-loma-otf (1:0.7.3-1) ...
client	Browser compatibility and Rust-server WebSocket E2E	2026-10-06T10:10:09.0364742Z Selecting previously unselected package fonts-unifont.
client	Browser compatibility and Rust-server WebSocket E2E	2026-10-06T10:10:09.0479828Z Preparing to unpack .../003-fonts-unifont_1%3a15.1.01-1build1_all.deb ...
client	Browser compatibility and Rust-server WebSocket E2E	2026-10-06T10:10:09.0485579Z Unpacking fonts-unifont (1:15.1.01-1build1) ...
client	Browser compatibility and Rust-server WebSocket E2E	2026-10-06T10:10:09.4495745Z Selecting previously unselected package fonts-wqy-zenhei.
client	Browser compatibility and Rust-server WebSocket E2E	2026-10-06T10:10:09.4611587Z Preparing to unpack .../004-fonts-wqy-zenhei_0.9.45-8_all.deb ...
client	Browser compatibility and Rust-server WebSocket E2E	2026-10-06T10:10:09.4699565Z Unpacking fonts-wqy-zenhei (0.9.45-8) ...
client	Browser compatibility and Rust-server WebSocket E2E	2026-10-06T10:10:09.9493863Z Selecting previously unselected package libproxy1v5:amd64.
client	Browser compatibility and Rust-server WebSocket E2E	2026-10-06T10:10:09.9608008Z Preparing to unpack .../005-libproxy1v5_0.5.4-4build1_amd64.deb ...
client	Browser compatibility and Rust-server WebSocket E2E	2026-10-06T10:10:10.1079442Z Unpacking libproxy1v5:amd64 (0.5.4-4build1) ...
client	Browser compatibility and Rust-server WebSocket E2E	2026-10-06T10:10:10.1266300Z Selecting previously unselected package glib-networking-common.
client	Browser compatibility and Rust-server WebSocket E2E	2026-10-06T10:10:10.1382205Z Preparing to unpack .../006-glib-networking-common_2.80.0-1build1_all.deb ...
client	Browser compatibility and Rust-server WebSocket E2E	2026-10-06T10:10:10.1387875Z Unpacking glib-networking-common (2.80.0-1build1) ...
client	Browser compatibility and Rust-server WebSocket E2E	2026-10-06T10:10:10.1555010Z Selecting previously unselected package glib-networking-services.
client	Browser compatibility and Rust-server WebSocket E2E	2026-10-06T10:10:10.1670506Z Preparing to unpack .../007-glib-networking-services_2.80.0-1build1_amd64.deb ...
client	Browser compatibility and Rust-server WebSocket E2E	2026-10-06T10:10:10.1678222Z Unpacking glib-networking-services (2.80.0-1build1) ...
client	Browser compatibility and Rust-server WebSocket E2E	2026-10-06T10:10:10.1886371Z Selecting previously unselected package session-migration.
client	Browser compatibility and Rust-server WebSocket E2E	2026-10-06T10:10:10.2002649Z Preparing to unpack .../008-session-migration_0.3.9build1_amd64.deb ...
client	Browser compatibility and Rust-server WebSocket E2E	2026-10-06T10:10:10.2009264Z Unpacking session-migration (0.3.9build1) ...
client	Browser compatibility and Rust-server WebSocket E2E	2026-10-06T10:10:10.2348905Z Selecting previously unselected package gsettings-desktop-schemas.
client	Browser compatibility and Rust-server WebSocket E2E	2026-10-06T10:10:10.2463594Z Preparing to unpack .../009-gsettings-desktop-schemas_46.1-0ubuntu1_all.deb ...
client	Browser compatibility and Rust-server WebSocket E2E	2026-10-06T10:10:10.2469488Z Unpacking gsettings-desktop-schemas (46.1-0ubuntu1) ...
client	Browser compatibility and Rust-server WebSocket E2E	2026-10-06T10:10:10.4315952Z Selecting previously unselected package glib-networking:amd64.
client	Browser compatibility and Rust-server WebSocket E2E	2026-10-06T10:10:10.4432278Z Preparing to unpack .../010-glib-networking_2.80.0-1build1_amd64.deb ...
client	Browser compatibility and Rust-server WebSocket E2E	2026-10-06T10:10:10.4437798Z Unpacking glib-networking:amd64 (2.80.0-1build1) ...
client	Browser compatibility and Rust-server WebSocket E2E	2026-10-06T10:10:10.4624656Z Selecting previously unselected package libva2:amd64.
client	Browser compatibility and Rust-server WebSocket E2E	2026-10-06T10:10:10.4741147Z Preparing to unpack .../011-libva2_2.20.0-2ubuntu0.2_amd64.deb ...
client	Browser compatibility and Rust-server WebSocket E2E	2026-10-06T10:10:10.4748025Z Unpacking libva2:amd64 (2.20.0-2ubuntu0.2) ...
client	Browser compatibility and Rust-server WebSocket E2E	2026-10-06T10:10:10.4926981Z Selecting previously unselected package libva-drm2:amd64.
client	Browser compatibility and Rust-server WebSocket E2E	2026-10-06T10:10:10.5043317Z Preparing to unpack .../012-libva-drm2_2.20.0-2ubuntu0.2_amd64.deb ...
client	Browser compatibility and Rust-server WebSocket E2E	2026-10-06T10:10:10.5067403Z Unpacking libva-drm2:amd64 (2.20.0-2ubuntu0.2) ...
client	Browser compatibility and Rust-server WebSocket E2E	2026-10-06T10:10:10.5291364Z Selecting previously unselected package libva-x11-2:amd64.
client	Browser compatibility and Rust-server WebSocket E2E	2026-10-06T10:10:10.5404736Z Preparing to unpack .../013-libva-x11-2_2.20.0-2ubuntu0.2_amd64.deb ...
client	Browser compatibility and Rust-server WebSocket E2E	2026-10-06T10:10:10.5411785Z Unpacking libva-x11-2:amd64 (2.20.0-2ubuntu0.2) ...
client	Browser compatibility and Rust-server WebSocket E2E	2026-10-06T10:10:10.5896847Z Selecting previously unselected package libvdpau1:amd64.
client	Browser compatibility and Rust-server WebSocket E2E	2026-10-06T10:10:10.6014302Z Preparing to unpack .../014-libvdpau1_1.5-2build1_amd64.deb ...
client	Browser compatibility and Rust-server WebSocket E2E	2026-10-06T10:10:10.6020680Z Unpacking libvdpau1:amd64 (1.5-2build1) ...
client	Browser compatibility and Rust-server WebSocket E2E	2026-10-06T10:10:10.6200706Z Selecting previously unselected package libvpl2.
client	Browser compatibility and Rust-server WebSocket E2E	2026-10-06T10:10:10.6316922Z Preparing to unpack .../015-libvpl2_2023.3.0-1build1_amd64.deb ...
client	Browser compatibility and Rust-server WebSocket E2E	2026-10-06T10:10:10.6322879Z Unpacking libvpl2 (2023.3.0-1build1) ...
client	Browser compatibility and Rust-server WebSocket E2E	2026-10-06T10:10:10.6509101Z Selecting previously unselected package ocl-icd-libopencl1:amd64.
client	Browser compatibility and Rust-server WebSocket E2E	2026-10-06T10:10:10.6623584Z Preparing to unpack .../016-ocl-icd-libopencl1_2.3.2-1build1_amd64.deb ...
client	Browser compatibility and Rust-server WebSocket E2E	2026-10-06T10:10:10.6630081Z Unpacking ocl-icd-libopencl1:amd64 (2.3.2-1build1) ...
client	Browser compatibility and Rust-server WebSocket E2E	2026-10-06T10:10:10.6826380Z Selecting previously unselected package libavutil58:amd64.
client	Browser compatibility and Rust-server WebSocket E2E	2026-10-06T10:10:10.6941843Z Preparing to unpack .../017-libavutil58_7%3a6.1.1-3ubuntu5_amd64.deb ...
client	Browser compatibility and Rust-server WebSocket E2E	2026-10-06T10:10:10.6948828Z Unpacking libavutil58:amd64 (7:6.1.1-3ubuntu5) ...
client	Browser compatibility and Rust-server WebSocket E2E	2026-10-06T10:10:10.7159406Z Selecting previously unselected package libcodec2-1.2:amd64.
client	Browser compatibility and Rust-server WebSocket E2E	2026-10-06T10:10:10.7275976Z Preparing to unpack .../018-libcodec2-1.2_1.2.0-2build1_amd64.deb ...
client	Browser compatibility and Rust-server WebSocket E2E	2026-10-06T10:10:10.7282594Z Unpacking libcodec2-1.2:amd64 (1.2.0-2build1) ...
client	Browser compatibility and Rust-server WebSocket E2E	2026-10-06T10:10:10.8813813Z Selecting previously unselected package libdav1d7:amd64.
client	Browser compatibility and Rust-server WebSocket E2E	2026-10-06T10:10:10.8928484Z Preparing to unpack .../019-libdav1d7_1.4.1-1build1_amd64.deb ...
client	Browser compatibility and Rust-server WebSocket E2E	2026-10-06T10:10:10.8936056Z Unpacking libdav1d7:amd64 (1.4.1-1build1) ...
client	Browser compatibility and Rust-server WebSocket E2E	2026-10-06T10:10:10.9161401Z Selecting previously unselected package libgsm1:amd64.
client	Browser compatibility and Rust-server WebSocket E2E	2026-10-06T10:10:10.9276265Z Preparing to unpack .../020-libgsm1_1.0.22-1build1_amd64.deb ...
client	Browser compatibility and Rust-server WebSocket E2E	2026-10-06T10:10:10.9283711Z Unpacking libgsm1:amd64 (1.0.22-1build1) ...
client	Browser compatibility and Rust-server WebSocket E2E	2026-10-06T10:10:10.9949079Z Selecting previously unselected package libhwy1t64:amd64.
client	Browser compatibility and Rust-server WebSocket E2E	2026-10-06T10:10:11.0066948Z Preparing to unpack .../021-libhwy1t64_1.0.7-8.1build1_amd64.deb ...
client	Browser compatibility and Rust-server WebSocket E2E	2026-10-06T10:10:11.0073318Z Unpacking libhwy1t64:amd64 (1.0.7-8.1build1) ...
client	Browser compatibility and Rust-server WebSocket E2E	2026-10-06T10:10:11.0425126Z Selecting previously unselected package libjxl0.7:amd64.
client	Browser compatibility and Rust-server WebSocket E2E	2026-10-06T10:10:11.0541603Z Preparing to unpack .../022-libjxl0.7_0.7.0-10.2ubuntu6.1_amd64.deb ...
client	Browser compatibility and Rust-server WebSocket E2E	2026-10-06T10:10:11.0547964Z Unpacking libjxl0.7:amd64 (0.7.0-10.2ubuntu6.1) ...
client	Browser compatibility and Rust-server WebSocket E2E	2026-10-06T10:10:11.0911925Z Selecting previously unselected package libmp3lame0:amd64.
client	Browser compatibility and Rust-server WebSocket E2E	2026-10-06T10:10:11.1028366Z Preparing to unpack .../023-libmp3lame0_3.100-6build1_amd64.deb ...
client	Browser compatibility and Rust-server WebSocket E2E	2026-10-06T10:10:11.1034007Z Unpacking libmp3lame0:amd64 (3.100-6build1) ...
client	Browser compatibility and Rust-server WebSocket E2E	2026-10-06T10:10:11.1221918Z Selecting previously unselected package libopus0:amd64.
client	Browser compatibility and Rust-server WebSocket E2E	2026-10-06T10:10:11.1337125Z Preparing to unpack .../024-libopus0_1.4-1build1_amd64.deb ...
client	Browser compatibility and Rust-server WebSocket E2E	2026-10-06T10:10:11.1344455Z Unpacking libopus0:amd64 (1.4-1build1) ...
client	Browser compatibility and Rust-server WebSocket E2E	2026-10-06T10:10:11.1712547Z Selecting previously unselected package librav1e0:amd64.
client	Browser compatibility and Rust-server WebSocket E2E	2026-10-06T10:10:11.1826583Z Preparing to unpack .../025-librav1e0_0.7.1-2_amd64.deb ...
client	Browser compatibility and Rust-server WebSocket E2E	2026-10-06T10:10:11.1833124Z Unpacking librav1e0:amd64 (0.7.1-2) ...
client	Browser compatibility and Rust-server WebSocket E2E	2026-10-06T10:10:11.2214758Z Selecting previously unselected package librsvg2-2:amd64.
client	Browser compatibility and Rust-server WebSocket E2E	2026-10-06T10:10:11.2329085Z Preparing to unpack .../026-librsvg2-2_2.58.0+dfsg-1build1_amd64.deb ...
client	Browser compatibility and Rust-server WebSocket E2E	2026-10-06T10:10:11.2336370Z Unpacking librsvg2-2:amd64 (2.58.0+dfsg-1build1) ...
client	Browser compatibility and Rust-server WebSocket E2E	2026-10-06T10:10:11.2921882Z Selecting previously unselected package libshine3:amd64.
client	Browser compatibility and Rust-server WebSocket E2E	2026-10-06T10:10:11.3038293Z Preparing to unpack .../027-libshine3_3.1.1-2build1_amd64.deb ...
client	Browser compatibility and Rust-server WebSocket E2E	2026-10-06T10:10:11.3044699Z Unpacking libshine3:amd64 (3.1.1-2build1) ...
client	Browser compatibility and Rust-server WebSocket E2E	2026-10-06T10:10:11.3215480Z Selecting previously unselected package libspeex1:amd64.
client	Browser compatibility and Rust-server WebSocket E2E	2026-10-06T10:10:11.3329528Z Preparing to unpack .../028-libspeex1_1.2.1-2ubuntu2.24.04.1_amd64.deb ...
client	Browser compatibility and Rust-server WebSocket E2E	2026-10-06T10:10:11.3335680Z Unpacking libspeex1:amd64 (1.2.1-2ubuntu2.24.04.1) ...
client	Browser compatibility and Rust-server WebSocket E2E	2026-10-06T10:10:11.3512003Z Selecting previously unselected package libsvtav1enc1d1:amd64.
client	Browser compatibility and Rust-server WebSocket E2E	2026-10-06T10:10:11.3628687Z Preparing to unpack .../029-libsvtav1enc1d1_1.7.0+dfsg-2build1_amd64.deb ...
client	Browser compatibility and Rust-server WebSocket E2E	2026-10-06T10:10:11.3635662Z Unpacking libsvtav1enc1d1:amd64 (1.7.0+dfsg-2build1) ...
client	Browser compatibility and Rust-server WebSocket E2E	2026-10-06T10:10:11.4315716Z Selecting previously unselected package libsoxr0:amd64.
client	Browser compatibility and Rust-server WebSocket E2E	2026-10-06T10:10:11.4432494Z Preparing to unpack .../030-libsoxr0_0.1.3-4build3_amd64.deb ...
client	Browser compatibility and Rust-server WebSocket E2E	2026-10-06T10:10:11.4495767Z Unpacking libsoxr0:amd64 (0.1.3-4build3) ...
client	Browser compatibility and Rust-server WebSocket E2E	2026-10-06T10:10:11.4673954Z Selecting previously unselected package libswresample4:amd64.
client	Browser compatibility and Rust-server WebSocket E2E	2026-10-06T10:10:11.4797076Z Preparing to unpack .../031-libswresample4_7%3a6.1.1-3ubuntu5_amd64.deb ...
client	Browser compatibility and Rust-server WebSocket E2E	2026-10-06T10:10:11.4990570Z Unpacking libswresample4:amd64 (7:6.1.1-3ubuntu5) ...
client	Browser compatibility and Rust-server WebSocket E2E	2026-10-06T10:10:11.5325992Z Selecting previously unselected package libtheora0:amd64.
client	Browser compatibility and Rust-server WebSocket E2E	2026-10-06T10:10:11.5442787Z Preparing to unpack .../032-libtheora0_1.1.1+dfsg.1-16.1build3_amd64.deb ...
client	Browser compatibility and Rust-server WebSocket E2E	2026-10-06T10:10:11.5449802Z Unpacking libtheora0:amd64 (1.1.1+dfsg.1-16.1build3) ...
client	Browser compatibility and Rust-server WebSocket E2E	2026-10-06T10:10:11.5770982Z Selecting previously unselected package libtwolame0:amd64.
client	Browser compatibility and Rust-server WebSocket E2E	2026-10-06T10:10:11.5887529Z Preparing to unpack .../033-libtwolame0_0.4.0-2build3_amd64.deb ...
client	Browser compatibility and Rust-server WebSocket E2E	2026-10-06T10:10:11.5895026Z Unpacking libtwolame0:amd64 (0.4.0-2build3) ...
client	Browser compatibility and Rust-server WebSocket E2E	2026-10-06T10:10:11.6077302Z Selecting previously unselected package libvorbisenc2:amd64.
client	Browser compatibility and Rust-server WebSocket E2E	2026-10-06T10:10:11.6203265Z Preparing to unpack .../034-libvorbisenc2_1.3.7-1build3_amd64.deb ...
client	Browser compatibility and Rust-server WebSocket E2E	2026-10-06T10:10:11.6209955Z Unpacking libvorbisenc2:amd64 (1.3.7-1build3) ...
client	Browser compatibility and Rust-server WebSocket E2E	2026-10-06T10:10:11.6497182Z Selecting previously unselected package libvpx9:amd64.
client	Browser compatibility and Rust-server WebSocket E2E	2026-10-06T10:10:11.6614805Z Preparing to unpack .../035-libvpx9_1.14.0-1ubuntu2.3_amd64.deb ...
client	Browser compatibility and Rust-server WebSocket E2E	2026-10-06T10:10:11.6621068Z Unpacking libvpx9:amd64 (1.14.0-1ubuntu2.3) ...
client	Browser compatibility and Rust-server WebSocket E2E	2026-10-06T10:10:11.6926621Z Selecting previously unselected package libx264-164:amd64.
client	Browser compatibility and Rust-server WebSocket E2E	2026-10-06T10:10:11.7042030Z Preparing to unpack .../036-libx264-164_2%3a0.164.3108+git31e19f9-1_amd64.deb ...
client	Browser compatibility and Rust-server WebSocket E2E	2026-10-06T10:10:11.7048533Z Unpacking libx264-164:amd64 (2:0.164.3108+git31e19f9-1) ...
client	Browser compatibility and Rust-server WebSocket E2E	2026-10-06T10:10:11.7408599Z Selecting previously unselected package libx265-199:amd64.
client	Browser compatibility and Rust-server WebSocket E2E	2026-10-06T10:10:11.7525685Z Preparing to unpack .../037-libx265-199_3.5-2build1_amd64.deb ...
client	Browser compatibility and Rust-server WebSocket E2E	2026-10-06T10:10:11.7532795Z Unpacking libx265-199:amd64 (3.5-2build1) ...
client	Browser compatibility and Rust-server WebSocket E2E	2026-10-06T10:10:11.8780176Z Selecting previously unselected package libxvidcore4:amd64.
client	Browser compatibility and Rust-server WebSocket E2E	2026-10-06T10:10:11.8896381Z Preparing to unpack .../038-libxvidcore4_2%3a1.3.7-1build1_amd64.deb ...
client	Browser compatibility and Rust-server WebSocket E2E	2026-10-06T10:10:11.8902684Z Unpacking libxvidcore4:amd64 (2:1.3.7-1build1) ...
client	Browser compatibility and Rust-server WebSocket E2E	2026-10-06T10:10:11.9092344Z Selecting previously unselected package libzvbi-common.
client	Browser compatibility and Rust-server WebSocket E2E	2026-10-06T10:10:11.9208269Z Preparing to unpack .../039-libzvbi-common_0.2.42-2_all.deb ...
client	Browser compatibility and Rust-server WebSocket E2E	2026-10-06T10:10:11.9213621Z Unpacking libzvbi-common (0.2.42-2) ...
client	Browser compatibility and Rust-server WebSocket E2E	2026-10-06T10:10:11.9450986Z Selecting previously unselected package libzvbi0t64:amd64.
client	Browser compatibility and Rust-server WebSocket E2E	2026-10-06T10:10:11.9566948Z Preparing to unpack .../040-libzvbi0t64_0.2.42-2_amd64.deb ...
client	Browser compatibility and Rust-server WebSocket E2E	2026-10-06T10:10:11.9573921Z Unpacking libzvbi0t64:amd64 (0.2.42-2) ...
client	Browser compatibility and Rust-server WebSocket E2E	2026-10-06T10:10:11.9778308Z Selecting previously unselected package libavcodec60:amd64.
client	Browser compatibility and Rust-server WebSocket E2E	2026-10-06T10:10:11.9893710Z Preparing to unpack .../041-libavcodec60_7%3a6.1.1-3ubuntu5_amd64.deb ...
client	Browser compatibility and Rust-server WebSocket E2E	2026-10-06T10:10:11.9900036Z Unpacking libavcodec60:amd64 (7:6.1.1-3ubuntu5) ...
client	Browser compatibility and Rust-server WebSocket E2E	2026-10-06T10:10:12.1318123Z Selecting previously unselected package libunibreak5:amd64.
client	Browser compatibility and Rust-server WebSocket E2E	2026-10-06T10:10:12.1433680Z Preparing to unpack .../042-libunibreak5_5.1-2build1_amd64.deb ...
client	Browser compatibility and Rust-server WebSocket E2E	2026-10-06T10:10:12.1439801Z Unpacking libunibreak5:amd64 (5.1-2build1) ...
client	Browser compatibility and Rust-server WebSocket E2E	2026-10-06T10:10:12.1987418Z Selecting previously unselected package libass9:amd64.
client	Browser compatibility and Rust-server WebSocket E2E	2026-10-06T10:10:12.2104438Z Preparing to unpack .../043-libass9_1%3a0.17.1-2build1_amd64.deb ...
client	Browser compatibility and Rust-server WebSocket E2E	2026-10-06T10:10:12.2110915Z Unpacking libass9:amd64 (1:0.17.1-2build1) ...
client	Browser compatibility and Rust-server WebSocket E2E	2026-10-06T10:10:12.2296434Z Selecting previously unselected package libudfread0:amd64.
client	Browser compatibility and Rust-server WebSocket E2E	2026-10-06T10:10:12.2412979Z Preparing to unpack .../044-libudfread0_1.1.2-1build1_amd64.deb ...
client	Browser compatibility and Rust-server WebSocket E2E	2026-10-06T10:10:12.2419770Z Unpacking libudfread0:amd64 (1.1.2-1build1) ...
client	Browser compatibility and Rust-server WebSocket E2E	2026-10-06T10:10:12.2614809Z Selecting previously unselected package libbluray2:amd64.
client	Browser compatibility and Rust-server WebSocket E2E	2026-10-06T10:10:12.2732212Z Preparing to unpack .../045-libbluray2_1%3a1.3.4-1build1_amd64.deb ...
client	Browser compatibility and Rust-server WebSocket E2E	2026-10-06T10:10:12.2738943Z Unpacking libbluray2:amd64 (1:1.3.4-1build1) ...
client	Browser compatibility and Rust-server WebSocket E2E	2026-10-06T10:10:12.2930739Z Selecting previously unselected package libchromaprint1:amd64.
client	Browser compatibility and Rust-server WebSocket E2E	2026-10-06T10:10:12.3047373Z Preparing to unpack .../046-libchromaprint1_1.5.1-5_amd64.deb ...
client	Browser compatibility and Rust-server WebSocket E2E	2026-10-06T10:10:12.3103375Z Unpacking libchromaprint1:amd64 (1.5.1-5) ...
client	Browser compatibility and Rust-server WebSocket E2E	2026-10-06T10:10:12.3670414Z Selecting previously unselected package libgme0:amd64.
client	Browser compatibility and Rust-server WebSocket E2E	2026-10-06T10:10:12.3786642Z Preparing to unpack .../047-libgme0_0.6.3-7build1_amd64.deb ...
client	Browser compatibility and Rust-server WebSocket E2E	2026-10-06T10:10:12.4498419Z Unpacking libgme0:amd64 (0.6.3-7build1) ...
client	Browser compatibility and Rust-server WebSocket E2E	2026-10-06T10:10:12.4738714Z Selecting previously unselected package libmpg123-0t64:amd64.
client	Browser compatibility and Rust-server WebSocket E2E	2026-10-06T10:10:12.4855133Z Preparing to unpack .../048-libmpg123-0t64_1.32.5-1ubuntu1.1_amd64.deb ...
client	Browser compatibility and Rust-server WebSocket E2E	2026-10-06T10:10:12.4862916Z Unpacking libmpg123-0t64:amd64 (1.32.5-1ubuntu1.1) ...
client	Browser compatibility and Rust-server WebSocket E2E	2026-10-06T10:10:12.9322574Z Selecting previously unselected package libopenmpt0t64:amd64.
client	Browser compatibility and Rust-server WebSocket E2E	2026-10-06T10:10:12.9442418Z Preparing to unpack .../049-libopenmpt0t64_0.7.3-1.1build3_amd64.deb ...
client	Browser compatibility and Rust-server WebSocket E2E	2026-10-06T10:10:12.9458195Z Unpacking libopenmpt0t64:amd64 (0.7.3-1.1build3) ...
client	Browser compatibility and Rust-server WebSocket E2E	2026-10-06T10:10:12.9956988Z Selecting previously unselected package libcjson1:amd64.
client	Browser compatibility and Rust-server WebSocket E2E	2026-10-06T10:10:13.0074395Z Preparing to unpack .../050-libcjson1_1.7.17-1_amd64.deb ...
client	Browser compatibility and Rust-server WebSocket E2E	2026-10-06T10:10:13.0081691Z Unpacking libcjson1:amd64 (1.7.17-1) ...
client	Browser compatibility and Rust-server WebSocket E2E	2026-10-06T10:10:13.0469544Z Selecting previously unselected package libmbedcrypto7t64:amd64.
client	Browser compatibility and Rust-server WebSocket E2E	2026-10-06T10:10:13.0586856Z Preparing to unpack .../051-libmbedcrypto7t64_2.28.8-1_amd64.deb ...
client	Browser compatibility and Rust-server WebSocket E2E	2026-10-06T10:10:13.1052899Z Unpacking libmbedcrypto7t64:amd64 (2.28.8-1) ...
client	Browser compatibility and Rust-server WebSocket E2E	2026-10-06T10:10:13.1801591Z Selecting previously unselected package librist4:amd64.
client	Browser compatibility and Rust-server WebSocket E2E	2026-10-06T10:10:13.1916094Z Preparing to unpack .../052-librist4_0.2.10+dfsg-2_amd64.deb ...
client	Browser compatibility and Rust-server WebSocket E2E	2026-10-06T10:10:13.1924169Z Unpacking librist4:amd64 (0.2.10+dfsg-2) ...
client	Browser compatibility and Rust-server WebSocket E2E	2026-10-06T10:10:13.3786374Z Selecting previously unselected package libsrt1.5-gnutls:amd64.
client	Browser compatibility and Rust-server WebSocket E2E	2026-10-06T10:10:13.3903971Z Preparing to unpack .../053-libsrt1.5-gnutls_1.5.3-1build2_amd64.deb ...
client	Browser compatibility and Rust-server WebSocket E2E	2026-10-06T10:10:13.3910244Z Unpacking libsrt1.5-gnutls:amd64 (1.5.3-1build2) ...
client	Browser compatibility and Rust-server WebSocket E2E	2026-10-06T10:10:13.4121662Z Selecting previously unselected package libssh-gcrypt-4:amd64.
client	Browser compatibility and Rust-server WebSocket E2E	2026-10-06T10:10:13.4237285Z Preparing to unpack .../054-libssh-gcrypt-4_0.10.6-2ubuntu0.5_amd64.deb ...
client	Browser compatibility and Rust-server WebSocket E2E	2026-10-06T10:10:13.4251214Z Unpacking libssh-gcrypt-4:amd64 (0.10.6-2ubuntu0.5) ...
client	Browser compatibility and Rust-server WebSocket E2E	2026-10-06T10:10:13.4450263Z Selecting previously unselected package libavformat60:amd64.
client	Browser compatibility and Rust-server WebSocket E2E	2026-10-06T10:10:13.4566755Z Preparing to unpack .../055-libavformat60_7%3a6.1.1-3ubuntu5_amd64.deb ...
client	Browser compatibility and Rust-server WebSocket E2E	2026-10-06T10:10:13.4572806Z Unpacking libavformat60:amd64 (7:6.1.1-3ubuntu5) ...
client	Browser compatibility and Rust-server WebSocket E2E	2026-10-06T10:10:13.5718347Z Selecting previously unselected package libbs2b0:amd64.
client	Browser compatibility and Rust-server WebSocket E2E	2026-10-06T10:10:13.5833222Z Preparing to unpack .../056-libbs2b0_3.1.0+dfsg-7build1_amd64.deb ...
client	Browser compatibility and Rust-server WebSocket E2E	2026-10-06T10:10:13.5839287Z Unpacking libbs2b0:amd64 (3.1.0+dfsg-7build1) ...
client	Browser compatibility and Rust-server WebSocket E2E	2026-10-06T10:10:13.6305205Z Selecting previously unselected package libflite1:amd64.
client	Browser compatibility and Rust-server WebSocket E2E	2026-10-06T10:10:13.6421806Z Preparing to unpack .../057-libflite1_2.2-6build3_amd64.deb ...
client	Browser compatibility and Rust-server WebSocket E2E	2026-10-06T10:10:13.6429400Z Unpacking libflite1:amd64 (2.2-6build3) ...
client	Browser compatibility and Rust-server WebSocket E2E	2026-10-06T10:10:13.8063900Z Selecting previously unselected package libserd-0-0:amd64.
client	Browser compatibility and Rust-server WebSocket E2E	2026-10-06T10:10:13.8181435Z Preparing to unpack .../058-libserd-0-0_0.32.2-1_amd64.deb ...
client	Browser compatibility and Rust-server WebSocket E2E	2026-10-06T10:10:13.8187296Z Unpacking libserd-0-0:amd64 (0.32.2-1) ...
client	Browser compatibility and Rust-server WebSocket E2E	2026-10-06T10:10:13.8367938Z Selecting previously unselected package libzix-0-0:amd64.
client	Browser compatibility and Rust-server WebSocket E2E	2026-10-06T10:10:13.8483506Z Preparing to unpack .../059-libzix-0-0_0.4.2-2build1_amd64.deb ...
client	Browser compatibility and Rust-server WebSocket E2E	2026-10-06T10:10:13.8492668Z Unpacking libzix-0-0:amd64 (0.4.2-2build1) ...
client	Browser compatibility and Rust-server WebSocket E2E	2026-10-06T10:10:13.8913621Z Selecting previously unselected package libsord-0-0:amd64.
client	Browser compatibility and Rust-server WebSocket E2E	2026-10-06T10:10:13.9026285Z Preparing to unpack .../060-libsord-0-0_0.16.16-2build1_amd64.deb ...
client	Browser compatibility and Rust-server WebSocket E2E	2026-10-06T10:10:13.9033077Z Unpacking libsord-0-0:amd64 (0.16.16-2build1) ...
client	Browser compatibility and Rust-server WebSocket E2E	2026-10-06T10:10:13.9259689Z Selecting previously unselected package libsratom-0-0:amd64.
client	Browser compatibility and Rust-server WebSocket E2E	2026-10-06T10:10:13.9374833Z Preparing to unpack .../061-libsratom-0-0_0.6.16-1build1_amd64.deb ...
client	Browser compatibility and Rust-server WebSocket E2E	2026-10-06T10:10:13.9974296Z Unpacking libsratom-0-0:amd64 (0.6.16-1build1) ...
client	Browser compatibility and Rust-server WebSocket E2E	2026-10-06T10:10:14.0153912Z Selecting previously unselected package liblilv-0-0:amd64.
client	Browser compatibility and Rust-server WebSocket E2E	2026-10-06T10:10:14.0269091Z Preparing to unpack .../062-liblilv-0-0_0.24.22-1build1_amd64.deb ...
client	Browser compatibility and Rust-server WebSocket E2E	2026-10-06T10:10:14.0275825Z Unpacking liblilv-0-0:amd64 (0.24.22-1build1) ...
client	Browser compatibility and Rust-server WebSocket E2E	2026-10-06T10:10:14.1105350Z Selecting previously unselected package libmysofa1:amd64.
client	Browser compatibility and Rust-server WebSocket E2E	2026-10-06T10:10:14.1221731Z Preparing to unpack .../063-libmysofa1_1.3.2+dfsg-2ubuntu2_amd64.deb ...
client	Browser compatibility and Rust-server WebSocket E2E	2026-10-06T10:10:14.1227973Z Unpacking libmysofa1:amd64 (1.3.2+dfsg-2ubuntu2) ...
client	Browser compatibility and Rust-server WebSocket E2E	2026-10-06T10:10:14.1434185Z Selecting previously unselected package libplacebo338:amd64.
client	Browser compatibility and Rust-server WebSocket E2E	2026-10-06T10:10:14.1554171Z Preparing to unpack .../064-libplacebo338_6.338.2-2build1_amd64.deb ...
client	Browser compatibility and Rust-server WebSocket E2E	2026-10-06T10:10:14.1560821Z Unpacking libplacebo338:amd64 (6.338.2-2build1) ...
client	Browser compatibility and Rust-server WebSocket E2E	2026-10-06T10:10:14.2387560Z Selecting previously unselected package libblas3:amd64.
client	Browser compatibility and Rust-server WebSocket E2E	2026-10-06T10:10:14.2502193Z Preparing to unpack .../065-libblas3_3.12.0-3build1.1_amd64.deb ...
client	Browser compatibility and Rust-server WebSocket E2E	2026-10-06T10:10:14.2529777Z Unpacking libblas3:amd64 (3.12.0-3build1.1) ...
client	Browser compatibility and Rust-server WebSocket E2E	2026-10-06T10:10:14.2726058Z Selecting previously unselected package liblapack3:amd64.
client	Browser compatibility and Rust-server WebSocket E2E	2026-10-06T10:10:14.2840913Z Preparing to unpack .../066-liblapack3_3.12.0-3build1.1_amd64.deb ...
client	Browser compatibility and Rust-server WebSocket E2E	2026-10-06T10:10:14.2970157Z Unpacking liblapack3:amd64 (3.12.0-3build1.1) ...
client	Browser compatibility and Rust-server WebSocket E2E	2026-10-06T10:10:14.5872820Z Selecting previously unselected package libasyncns0:amd64.
client	Browser compatibility and Rust-server WebSocket E2E	2026-10-06T10:10:14.5988398Z Preparing to unpack .../067-libasyncns0_0.8-6build4_amd64.deb ...
client	Browser compatibility and Rust-server WebSocket E2E	2026-10-06T10:10:14.6107188Z Unpacking libasyncns0:amd64 (0.8-6build4) ...
client	Browser compatibility and Rust-server WebSocket E2E	2026-10-06T10:10:14.6658109Z Selecting previously unselected package libflac12t64:amd64.
client	Browser compatibility and Rust-server WebSocket E2E	2026-10-06T10:10:14.6775506Z Preparing to unpack .../068-libflac12t64_1.4.3+ds-2.1ubuntu2_amd64.deb ...
client	Browser compatibility and Rust-server WebSocket E2E	2026-10-06T10:10:14.6783027Z Unpacking libflac12t64:amd64 (1.4.3+ds-2.1ubuntu2) ...
client	Browser compatibility and Rust-server WebSocket E2E	2026-10-06T10:10:14.6981725Z Selecting previously unselected package libsndfile1:amd64.
client	Browser compatibility and Rust-server WebSocket E2E	2026-10-06T10:10:14.7098765Z Preparing to unpack .../069-libsndfile1_1.2.2-1ubuntu5.24.04.1_amd64.deb ...
client	Browser compatibility and Rust-server WebSocket E2E	2026-10-06T10:10:14.7106009Z Unpacking libsndfile1:amd64 (1.2.2-1ubuntu5.24.04.1) ...
client	Browser compatibility and Rust-server WebSocket E2E	2026-10-06T10:10:14.7316151Z Selecting previously unselected package libpulse0:amd64.
client	Browser compatibility and Rust-server WebSocket E2E	2026-10-06T10:10:14.7434037Z Preparing to unpack .../070-libpulse0_1%3a16.1+dfsg1-2ubuntu10.1_amd64.deb ...
client	Browser compatibility and Rust-server WebSocket E2E	2026-10-06T10:10:14.7492198Z Unpacking libpulse0:amd64 (1:16.1+dfsg1-2ubuntu10.1) ...
client	Browser compatibility and Rust-server WebSocket E2E	2026-10-06T10:10:14.9794091Z Selecting previously unselected package libsphinxbase3t64:amd64.
client	Browser compatibility and Rust-server WebSocket E2E	2026-10-06T10:10:14.9910046Z Preparing to unpack .../071-libsphinxbase3t64_0.8+5prealpha+1-17build2_amd64.deb ...
client	Browser compatibility and Rust-server WebSocket E2E	2026-10-06T10:10:14.9917230Z Unpacking libsphinxbase3t64:amd64 (0.8+5prealpha+1-17build2) ...
client	Browser compatibility and Rust-server WebSocket E2E	2026-10-06T10:10:15.2480325Z Selecting previously unselected package libpocketsphinx3:amd64.
client	Browser compatibility and Rust-server WebSocket E2E	2026-10-06T10:10:15.2597420Z Preparing to unpack .../072-libpocketsphinx3_0.8.0+real5prealpha+1-15ubuntu5_amd64.deb ...
client	Browser compatibility and Rust-server WebSocket E2E	2026-10-06T10:10:15.2604157Z Unpacking libpocketsphinx3:amd64 (0.8.0+real5prealpha+1-15ubuntu5) ...
client	Browser compatibility and Rust-server WebSocket E2E	2026-10-06T10:10:15.2793539Z Selecting previously unselected package libpostproc57:amd64.
client	Browser compatibility and Rust-server WebSocket E2E	2026-10-06T10:10:15.2911472Z Preparing to unpack .../073-libpostproc57_7%3a6.1.1-3ubuntu5_amd64.deb ...
client	Browser compatibility and Rust-server WebSocket E2E	2026-10-06T10:10:15.2919129Z Unpacking libpostproc57:amd64 (7:6.1.1-3ubuntu5) ...
client	Browser compatibility and Rust-server WebSocket E2E	2026-10-06T10:10:15.3105221Z Selecting previously unselected package libsamplerate0:amd64.
client	Browser compatibility and Rust-server WebSocket E2E	2026-10-06T10:10:15.3220778Z Preparing to unpack .../074-libsamplerate0_0.2.2-4build1_amd64.deb ...
client	Browser compatibility and Rust-server WebSocket E2E	2026-10-06T10:10:15.3227938Z Unpacking libsamplerate0:amd64 (0.2.2-4build1) ...
client	Browser compatibility and Rust-server WebSocket E2E	2026-10-06T10:10:15.3446130Z Selecting previously unselected package librubberband2:amd64.
client	Browser compatibility and Rust-server WebSocket E2E	2026-10-06T10:10:15.3561522Z Preparing to unpack .../075-librubberband2_3.3.0+dfsg-2build1_amd64.deb ...
client	Browser compatibility and Rust-server WebSocket E2E	2026-10-06T10:10:15.3568594Z Unpacking librubberband2:amd64 (3.3.0+dfsg-2build1) ...
client	Browser compatibility and Rust-server WebSocket E2E	2026-10-06T10:10:15.4691835Z Selecting previously unselected package libswscale7:amd64.
client	Browser compatibility and Rust-server WebSocket E2E	2026-10-06T10:10:15.4808268Z Preparing to unpack .../076-libswscale7_7%3a6.1.1-3ubuntu5_amd64.deb ...
client	Browser compatibility and Rust-server WebSocket E2E	2026-10-06T10:10:15.4815007Z Unpacking libswscale7:amd64 (7:6.1.1-3ubuntu5) ...
client	Browser compatibility and Rust-server WebSocket E2E	2026-10-06T10:10:15.5008977Z Selecting previously unselected package libvidstab1.1:amd64.
client	Browser compatibility and Rust-server WebSocket E2E	2026-10-06T10:10:15.5124116Z Preparing to unpack .../077-libvidstab1.1_1.1.0-2build1_amd64.deb ...
client	Browser compatibility and Rust-server WebSocket E2E	2026-10-06T10:10:15.5130631Z Unpacking libvidstab1.1:amd64 (1.1.0-2build1) ...
client	Browser compatibility and Rust-server WebSocket E2E	2026-10-06T10:10:15.5305996Z Selecting previously unselected package libzimg2:amd64.
client	Browser compatibility and Rust-server WebSocket E2E	2026-10-06T10:10:15.5421270Z Preparing to unpack .../078-libzimg2_3.0.5+ds1-1build1_amd64.deb ...
client	Browser compatibility and Rust-server WebSocket E2E	2026-10-06T10:10:15.5427728Z Unpacking libzimg2:amd64 (3.0.5+ds1-1build1) ...
client	Browser compatibility and Rust-server WebSocket E2E	2026-10-06T10:10:15.5636089Z Selecting previously unselected package libavfilter9:amd64.
client	Browser compatibility and Rust-server WebSocket E2E	2026-10-06T10:10:15.5751969Z Preparing to unpack .../079-libavfilter9_7%3a6.1.1-3ubuntu5_amd64.deb ...
client	Browser compatibility and Rust-server WebSocket E2E	2026-10-06T10:10:15.5758701Z Unpacking libavfilter9:amd64 (7:6.1.1-3ubuntu5) ...
client	Browser compatibility and Rust-server WebSocket E2E	2026-10-06T10:10:15.7023996Z Selecting previously unselected package liborc-0.4-0t64:amd64.
client	Browser compatibility and Rust-server WebSocket E2E	2026-10-06T10:10:15.7141114Z Preparing to unpack .../080-liborc-0.4-0t64_1%3a0.4.38-1ubuntu0.1_amd64.deb ...
client	Browser compatibility and Rust-server WebSocket E2E	2026-10-06T10:10:15.7159706Z Unpacking liborc-0.4-0t64:amd64 (1:0.4.38-1ubuntu0.1) ...
client	Browser compatibility and Rust-server WebSocket E2E	2026-10-06T10:10:15.7523421Z Selecting previously unselected package libgstreamer-plugins-base1.0-0:amd64.
client	Browser compatibility and Rust-server WebSocket E2E	2026-10-06T10:10:15.7639604Z Preparing to unpack .../081-libgstreamer-plugins-base1.0-0_1.24.2-1ubuntu0.5_amd64.deb ...
client	Browser compatibility and Rust-server WebSocket E2E	2026-10-06T10:10:15.7645888Z Unpacking libgstreamer-plugins-base1.0-0:amd64 (1.24.2-1ubuntu0.5) ...
client	Browser compatibility and Rust-server WebSocket E2E	2026-10-06T10:10:15.8714275Z Selecting previously unselected package gstreamer1.0-libav:amd64.
client	Browser compatibility and Rust-server WebSocket E2E	2026-10-06T10:10:15.8827831Z Preparing to unpack .../082-gstreamer1.0-libav_1.24.1-1build1_amd64.deb ...
client	Browser compatibility and Rust-server WebSocket E2E	2026-10-06T10:10:15.8833799Z Unpacking gstreamer1.0-libav:amd64 (1.24.1-1build1) ...
client	Browser compatibility and Rust-server WebSocket E2E	2026-10-06T10:10:15.9020110Z Selecting previously unselected package libcdparanoia0:amd64.
client	Browser compatibility and Rust-server WebSocket E2E	2026-10-06T10:10:15.9134592Z Preparing to unpack .../083-libcdparanoia0_3.10.2+debian-14build3_amd64.deb ...
client	Browser compatibility and Rust-server WebSocket E2E	2026-10-06T10:10:15.9140789Z Unpacking libcdparanoia0:amd64 (3.10.2+debian-14build3) ...
client	Browser compatibility and Rust-server WebSocket E2E	2026-10-06T10:10:15.9325939Z Selecting previously unselected package libvisual-0.4-0:amd64.
client	Browser compatibility and Rust-server WebSocket E2E	2026-10-06T10:10:15.9444822Z Preparing to unpack .../084-libvisual-0.4-0_0.4.2-2build1_amd64.deb ...
client	Browser compatibility and Rust-server WebSocket E2E	2026-10-06T10:10:15.9451798Z Unpacking libvisual-0.4-0:amd64 (0.4.2-2build1) ...
client	Browser compatibility and Rust-server WebSocket E2E	2026-10-06T10:10:16.0391915Z Selecting previously unselected package gstreamer1.0-plugins-base:amd64.
client	Browser compatibility and Rust-server WebSocket E2E	2026-10-06T10:10:16.0509225Z Preparing to unpack .../085-gstreamer1.0-plugins-base_1.24.2-1ubuntu0.5_amd64.deb ...
client	Browser compatibility and Rust-server WebSocket E2E	2026-10-06T10:10:16.1346357Z Unpacking gstreamer1.0-plugins-base:amd64 (1.24.2-1ubuntu0.5) ...
client	Browser compatibility and Rust-server WebSocket E2E	2026-10-06T10:10:16.1654007Z Selecting previously unselected package libaa1:amd64.
client	Browser compatibility and Rust-server WebSocket E2E	2026-10-06T10:10:16.1771525Z Preparing to unpack .../086-libaa1_1.4p5-51.1_amd64.deb ...
client	Browser compatibility and Rust-server WebSocket E2E	2026-10-06T10:10:16.1777845Z Unpacking libaa1:amd64 (1.4p5-51.1) ...
client	Browser compatibility and Rust-server WebSocket E2E	2026-10-06T10:10:16.2120325Z Selecting previously unselected package libraw1394-11:amd64.
client	Browser compatibility and Rust-server WebSocket E2E	2026-10-06T10:10:16.2236859Z Preparing to unpack .../087-libraw1394-11_2.1.2-2build3_amd64.deb ...
client	Browser compatibility and Rust-server WebSocket E2E	2026-10-06T10:10:16.3937335Z Unpacking libraw1394-11:amd64 (2.1.2-2build3) ...
client	Browser compatibility and Rust-server WebSocket E2E	2026-10-06T10:10:16.4146733Z Selecting previously unselected package libavc1394-0:amd64.
client	Browser compatibility and Rust-server WebSocket E2E	2026-10-06T10:10:16.4264082Z Preparing to unpack .../088-libavc1394-0_0.5.4-5build3_amd64.deb ...
client	Browser compatibility and Rust-server WebSocket E2E	2026-10-06T10:10:16.4270790Z Unpacking libavc1394-0:amd64 (0.5.4-5build3) ...
client	Browser compatibility and Rust-server WebSocket E2E	2026-10-06T10:10:16.4460867Z Selecting previously unselected package libcaca0:amd64.
client	Browser compatibility and Rust-server WebSocket E2E	2026-10-06T10:10:16.4577933Z Preparing to unpack .../089-libcaca0_0.99.beta20-4ubuntu0.2_amd64.deb ...
client	Browser compatibility and Rust-server WebSocket E2E	2026-10-06T10:10:16.4584566Z Unpacking libcaca0:amd64 (0.99.beta20-4ubuntu0.2) ...
client	Browser compatibility and Rust-server WebSocket E2E	2026-10-06T10:10:16.4792017Z Selecting previously unselected package libdv4t64:amd64.
client	Browser compatibility and Rust-server WebSocket E2E	2026-10-06T10:10:16.4907753Z Preparing to unpack .../090-libdv4t64_1.0.0-17.1build1_amd64.deb ...
client	Browser compatibility and Rust-server WebSocket E2E	2026-10-06T10:10:16.4914052Z Unpacking libdv4t64:amd64 (1.0.0-17.1build1) ...
client	Browser compatibility and Rust-server WebSocket E2E	2026-10-06T10:10:16.5109768Z Selecting previously unselected package libgstreamer-plugins-good1.0-0:amd64.
client	Browser compatibility and Rust-server WebSocket E2E	2026-10-06T10:10:16.5228810Z Preparing to unpack .../091-libgstreamer-plugins-good1.0-0_1.24.2-1ubuntu1.8_amd64.deb ...
client	Browser compatibility and Rust-server WebSocket E2E	2026-10-06T10:10:16.5233993Z Unpacking libgstreamer-plugins-good1.0-0:amd64 (1.24.2-1ubuntu1.8) ...
client	Browser compatibility and Rust-server WebSocket E2E	2026-10-06T10:10:16.6439627Z Selecting previously unselected package libiec61883-0:amd64.
client	Browser compatibility and Rust-server WebSocket E2E	2026-10-06T10:10:16.6553975Z Preparing to unpack .../092-libiec61883-0_1.2.0-6build1_amd64.deb ...
client	Browser compatibility and Rust-server WebSocket E2E	2026-10-06T10:10:16.6564474Z Unpacking libiec61883-0:amd64 (1.2.0-6build1) ...
client	Browser compatibility and Rust-server WebSocket E2E	2026-10-06T10:10:16.6841577Z Selecting previously unselected package libshout3:amd64.
client	Browser compatibility and Rust-server WebSocket E2E	2026-10-06T10:10:16.6960543Z Preparing to unpack .../093-libshout3_2.4.6-1build2_amd64.deb ...
client	Browser compatibility and Rust-server WebSocket E2E	2026-10-06T10:10:16.6967579Z Unpacking libshout3:amd64 (2.4.6-1build2) ...
client	Browser compatibility and Rust-server WebSocket E2E	2026-10-06T10:10:16.8641616Z Selecting previously unselected package libtag1v5-vanilla:amd64.
client	Browser compatibility and Rust-server WebSocket E2E	2026-10-06T10:10:16.8759521Z Preparing to unpack .../094-libtag1v5-vanilla_1.13.1-1build1_amd64.deb ...
client	Browser compatibility and Rust-server WebSocket E2E	2026-10-06T10:10:16.8766010Z Unpacking libtag1v5-vanilla:amd64 (1.13.1-1build1) ...
client	Browser compatibility and Rust-server WebSocket E2E	2026-10-06T10:10:16.9444754Z Selecting previously unselected package libtag1v5:amd64.
client	Browser compatibility and Rust-server WebSocket E2E	2026-10-06T10:10:16.9562096Z Preparing to unpack .../095-libtag1v5_1.13.1-1build1_amd64.deb ...
client	Browser compatibility and Rust-server WebSocket E2E	2026-10-06T10:10:17.0128008Z Unpacking libtag1v5:amd64 (1.13.1-1build1) ...
client	Browser compatibility and Rust-server WebSocket E2E	2026-10-06T10:10:17.0370535Z Selecting previously unselected package libv4lconvert0t64:amd64.
client	Browser compatibility and Rust-server WebSocket E2E	2026-10-06T10:10:17.0488256Z Preparing to unpack .../096-libv4lconvert0t64_1.26.1-4build3_amd64.deb ...
client	Browser compatibility and Rust-server WebSocket E2E	2026-10-06T10:10:17.0496614Z Unpacking libv4lconvert0t64:amd64 (1.26.1-4build3) ...
client	Browser compatibility and Rust-server WebSocket E2E	2026-10-06T10:10:17.2322037Z Selecting previously unselected package libv4l-0t64:amd64.
client	Browser compatibility and Rust-server WebSocket E2E	2026-10-06T10:10:17.2442168Z Preparing to unpack .../097-libv4l-0t64_1.26.1-4build3_amd64.deb ...
client	Browser compatibility and Rust-server WebSocket E2E	2026-10-06T10:10:17.2449060Z Unpacking libv4l-0t64:amd64 (1.26.1-4build3) ...
client	Browser compatibility and Rust-server WebSocket E2E	2026-10-06T10:10:17.2750941Z Selecting previously unselected package libwavpack1:amd64.
client	Browser compatibility and Rust-server WebSocket E2E	2026-10-06T10:10:17.2873635Z Preparing to unpack .../098-libwavpack1_5.6.0-1build1_amd64.deb ...
client	Browser compatibility and Rust-server WebSocket E2E	2026-10-06T10:10:17.4513912Z Unpacking libwavpack1:amd64 (5.6.0-1build1) ...
client	Browser compatibility and Rust-server WebSocket E2E	2026-10-06T10:10:17.4690960Z Selecting previously unselected package libsoup-3.0-common.
client	Browser compatibility and Rust-server WebSocket E2E	2026-10-06T10:10:17.4807576Z Preparing to unpack .../099-libsoup-3.0-common_3.4.4-5ubuntu0.8_all.deb ...
client	Browser compatibility and Rust-server WebSocket E2E	2026-10-06T10:10:17.4814402Z Unpacking libsoup-3.0-common (3.4.4-5ubuntu0.8) ...
client	Browser compatibility and Rust-server WebSocket E2E	2026-10-06T10:10:17.4992772Z Selecting previously unselected package libsoup-3.0-0:amd64.
client	Browser compatibility and Rust-server WebSocket E2E	2026-10-06T10:10:17.5110461Z Preparing to unpack .../100-libsoup-3.0-0_3.4.4-5ubuntu0.8_amd64.deb ...
client	Browser compatibility and Rust-server WebSocket E2E	2026-10-06T10:10:17.5117807Z Unpacking libsoup-3.0-0:amd64 (3.4.4-5ubuntu0.8) ...
client	Browser compatibility and Rust-server WebSocket E2E	2026-10-06T10:10:17.5345213Z Selecting previously unselected package gstreamer1.0-plugins-good:amd64.
client	Browser compatibility and Rust-server WebSocket E2E	2026-10-06T10:10:17.5464494Z Preparing to unpack .../101-gstreamer1.0-plugins-good_1.24.2-1ubuntu1.8_amd64.deb ...
client	Browser compatibility and Rust-server WebSocket E2E	2026-10-06T10:10:17.5471124Z Unpacking gstreamer1.0-plugins-good:amd64 (1.24.2-1ubuntu1.8) ...
client	Browser compatibility and Rust-server WebSocket E2E	2026-10-06T10:10:17.8255674Z Selecting previously unselected package libabsl20220623t64:amd64.
client	Browser compatibility and Rust-server WebSocket E2E	2026-10-06T10:10:17.8371373Z Preparing to unpack .../102-libabsl20220623t64_20220623.1-3.1ubuntu3.2_amd64.deb ...
client	Browser compatibility and Rust-server WebSocket E2E	2026-10-06T10:10:17.8378160Z Unpacking libabsl20220623t64:amd64 (20220623.1-3.1ubuntu3.2) ...
client	Browser compatibility and Rust-server WebSocket E2E	2026-10-06T10:10:17.8717894Z Selecting previously unselected package libgav1-1:amd64.
client	Browser compatibility and Rust-server WebSocket E2E	2026-10-06T10:10:17.8835492Z Preparing to unpack .../103-libgav1-1_0.18.0-1build3_amd64.deb ...
client	Browser compatibility and Rust-server WebSocket E2E	2026-10-06T10:10:17.8842573Z Unpacking libgav1-1:amd64 (0.18.0-1build3) ...
client	Browser compatibility and Rust-server WebSocket E2E	2026-10-06T10:10:17.9071367Z Selecting previously unselected package libyuv0:amd64.
client	Browser compatibility and Rust-server WebSocket E2E	2026-10-06T10:10:17.9188445Z Preparing to unpack .../104-libyuv0_0.0~git202401110.af6ac82-1_amd64.deb ...
client	Browser compatibility and Rust-server WebSocket E2E	2026-10-06T10:10:17.9194939Z Unpacking libyuv0:amd64 (0.0~git202401110.af6ac82-1) ...
client	Browser compatibility and Rust-server WebSocket E2E	2026-10-06T10:10:18.0749004Z Selecting previously unselected package libavif16:amd64.
client	Browser compatibility and Rust-server WebSocket E2E	2026-10-06T10:10:18.0865421Z Preparing to unpack .../105-libavif16_1.0.4-1ubuntu3_amd64.deb ...
client	Browser compatibility and Rust-server WebSocket E2E	2026-10-06T10:10:18.0872774Z Unpacking libavif16:amd64 (1.0.4-1ubuntu3) ...
client	Browser compatibility and Rust-server WebSocket E2E	2026-10-06T10:10:18.3244261Z Selecting previously unselected package libavtp0:amd64.
client	Browser compatibility and Rust-server WebSocket E2E	2026-10-06T10:10:18.3361287Z Preparing to unpack .../106-libavtp0_0.2.0-1build1_amd64.deb ...
client	Browser compatibility and Rust-server WebSocket E2E	2026-10-06T10:10:18.3367181Z Unpacking libavtp0:amd64 (0.2.0-1build1) ...
client	Browser compatibility and Rust-server WebSocket E2E	2026-10-06T10:10:18.3544355Z Selecting previously unselected package libcairo-script-interpreter2:amd64.
client	Browser compatibility and Rust-server WebSocket E2E	2026-10-06T10:10:18.3659753Z Preparing to unpack .../107-libcairo-script-interpreter2_1.18.0-3build1_amd64.deb ...
client	Browser compatibility and Rust-server WebSocket E2E	2026-10-06T10:10:18.3666364Z Unpacking libcairo-script-interpreter2:amd64 (1.18.0-3build1) ...
client	Browser compatibility and Rust-server WebSocket E2E	2026-10-06T10:10:18.3906410Z Selecting previously unselected package libdc1394-25:amd64.
client	Browser compatibility and Rust-server WebSocket E2E	2026-10-06T10:10:18.4022365Z Preparing to unpack .../108-libdc1394-25_2.2.6-4build1_amd64.deb ...
client	Browser compatibility and Rust-server WebSocket E2E	2026-10-06T10:10:18.4029095Z Unpacking libdc1394-25:amd64 (2.2.6-4build1) ...
client	Browser compatibility and Rust-server WebSocket E2E	2026-10-06T10:10:18.4213015Z Selecting previously unselected package libde265-0:amd64.
client	Browser compatibility and Rust-server WebSocket E2E	2026-10-06T10:10:18.4328817Z Preparing to unpack .../109-libde265-0_1.0.15-1ubuntu0.1_amd64.deb ...
client	Browser compatibility and Rust-server WebSocket E2E	2026-10-06T10:10:18.4335864Z Unpacking libde265-0:amd64 (1.0.15-1ubuntu0.1) ...
client	Browser compatibility and Rust-server WebSocket E2E	2026-10-06T10:10:18.4658915Z Selecting previously unselected package libdecor-0-0:amd64.
client	Browser compatibility and Rust-server WebSocket E2E	2026-10-06T10:10:18.4776728Z Preparing to unpack .../110-libdecor-0-0_0.2.2-1build2_amd64.deb ...
client	Browser compatibility and Rust-server WebSocket E2E	2026-10-06T10:10:18.4782775Z Unpacking libdecor-0-0:amd64 (0.2.2-1build2) ...
client	Browser compatibility and Rust-server WebSocket E2E	2026-10-06T10:10:18.4958743Z Selecting previously unselected package libgles2:amd64.
client	Browser compatibility and Rust-server WebSocket E2E	2026-10-06T10:10:18.5077461Z Preparing to unpack .../111-libgles2_1.7.0-1build1_amd64.deb ...
client	Browser compatibility and Rust-server WebSocket E2E	2026-10-06T10:10:18.5084277Z Unpacking libgles2:amd64 (1.7.0-1build1) ...
client	Browser compatibility and Rust-server WebSocket E2E	2026-10-06T10:10:18.5301937Z Selecting previously unselected package libdirectfb-1.7-7t64:amd64.
client	Browser compatibility and Rust-server WebSocket E2E	2026-10-06T10:10:18.5418385Z Preparing to unpack .../112-libdirectfb-1.7-7t64_1.7.7-11.1ubuntu2_amd64.deb ...
client	Browser compatibility and Rust-server WebSocket E2E	2026-10-06T10:10:18.5424325Z Unpacking libdirectfb-1.7-7t64:amd64 (1.7.7-11.1ubuntu2) ...
client	Browser compatibility and Rust-server WebSocket E2E	2026-10-06T10:10:18.5809405Z Selecting previously unselected package libdvdread8t64:amd64.
client	Browser compatibility and Rust-server WebSocket E2E	2026-10-06T10:10:18.5925063Z Preparing to unpack .../113-libdvdread8t64_6.1.3-1.1build1_amd64.deb ...
client	Browser compatibility and Rust-server WebSocket E2E	2026-10-06T10:10:18.5931364Z Unpacking libdvdread8t64:amd64 (6.1.3-1.1build1) ...
client	Browser compatibility and Rust-server WebSocket E2E	2026-10-06T10:10:18.6112845Z Selecting previously unselected package libdvdnav4:amd64.
client	Browser compatibility and Rust-server WebSocket E2E	2026-10-06T10:10:18.6226805Z Preparing to unpack .../114-libdvdnav4_6.1.1-3build1_amd64.deb ...
client	Browser compatibility and Rust-server WebSocket E2E	2026-10-06T10:10:18.6233634Z Unpacking libdvdnav4:amd64 (6.1.1-3build1) ...
client	Browser compatibility and Rust-server WebSocket E2E	2026-10-06T10:10:18.6929121Z Preparing to unpack .../115-libgl1-mesa-dri_25.2.8-0ubuntu0.24.04.4_amd64.deb ...
client	Browser compatibility and Rust-server WebSocket E2E	2026-10-06T10:10:18.7052391Z Unpacking libgl1-mesa-dri:amd64 (25.2.8-0ubuntu0.24.04.4) over (25.2.8-0ubuntu0.24.04.2) ...
client	Browser compatibility and Rust-server WebSocket E2E	2026-10-06T10:10:18.7486686Z Preparing to unpack .../116-libglx-mesa0_25.2.8-0ubuntu0.24.04.4_amd64.deb ...
client	Browser compatibility and Rust-server WebSocket E2E	2026-10-06T10:10:18.7513356Z Unpacking libglx-mesa0:amd64 (25.2.8-0ubuntu0.24.04.4) over (25.2.8-0ubuntu0.24.04.2) ...
client	Browser compatibility and Rust-server WebSocket E2E	2026-10-06T10:10:18.7847902Z Preparing to unpack .../117-libgbm1_25.2.8-0ubuntu0.24.04.4_amd64.deb ...
client	Browser compatibility and Rust-server WebSocket E2E	2026-10-06T10:10:18.7871870Z Unpacking libgbm1:amd64 (25.2.8-0ubuntu0.24.04.4) over (25.2.8-0ubuntu0.24.04.2) ...
client	Browser compatibility and Rust-server WebSocket E2E	2026-10-06T10:10:18.8206865Z Preparing to unpack .../118-mesa-libgallium_25.2.8-0ubuntu0.24.04.4_amd64.deb ...
client	Browser compatibility and Rust-server WebSocket E2E	2026-10-06T10:10:18.8224674Z Unpacking mesa-libgallium:amd64 (25.2.8-0ubuntu0.24.04.4) over (25.2.8-0ubuntu0.24.04.2) ...
client	Browser compatibility and Rust-server WebSocket E2E	2026-10-06T10:10:19.2947330Z Selecting previously unselected package libegl-mesa0:amd64.
client	Browser compatibility and Rust-server WebSocket E2E	2026-10-06T10:10:19.3068251Z Preparing to unpack .../119-libegl-mesa0_25.2.8-0ubuntu0.24.04.4_amd64.deb ...
client	Browser compatibility and Rust-server WebSocket E2E	2026-10-06T10:10:19.3073857Z Unpacking libegl-mesa0:amd64 (25.2.8-0ubuntu0.24.04.4) ...
client	Browser compatibility and Rust-server WebSocket E2E	2026-10-06T10:10:19.4784331Z Selecting previously unselected package libevent-2.1-7t64:amd64.
client	Browser compatibility and Rust-server WebSocket E2E	2026-10-06T10:10:19.4902297Z Preparing to unpack .../120-libevent-2.1-7t64_2.1.12-stable-9ubuntu2.2_amd64.deb ...
client	Browser compatibility and Rust-server WebSocket E2E	2026-10-06T10:10:19.4908956Z Unpacking libevent-2.1-7t64:amd64 (2.1.12-stable-9ubuntu2.2) ...
client	Browser compatibility and Rust-server WebSocket E2E	2026-10-06T10:10:19.9872736Z Preparing to unpack .../121-libevent-pthreads-2.1-7t64_2.1.12-stable-9ubuntu2.2_amd64.deb ...
client	Browser compatibility and Rust-server WebSocket E2E	2026-10-06T10:10:19.9890747Z Unpacking libevent-pthreads-2.1-7t64:amd64 (2.1.12-stable-9ubuntu2.2) over (2.1.12-stable-9ubuntu2.1) ...
client	Browser compatibility and Rust-server WebSocket E2E	2026-10-06T10:10:20.4069077Z Preparing to unpack .../122-libevent-core-2.1-7t64_2.1.12-stable-9ubuntu2.2_amd64.deb ...
client	Browser compatibility and Rust-server WebSocket E2E	2026-10-06T10:10:20.4096623Z Unpacking libevent-core-2.1-7t64:amd64 (2.1.12-stable-9ubuntu2.2) over (2.1.12-stable-9ubuntu2.1) ...
client	Browser compatibility and Rust-server WebSocket E2E	2026-10-06T10:10:20.5872671Z Selecting previously unselected package libfaad2:amd64.
client	Browser compatibility and Rust-server WebSocket E2E	2026-10-06T10:10:20.5993905Z Preparing to unpack .../123-libfaad2_2.11.1-1build1_amd64.deb ...
client	Browser compatibility and Rust-server WebSocket E2E	2026-10-06T10:10:20.6730384Z Unpacking libfaad2:amd64 (2.11.1-1build1) ...
client	Browser compatibility and Rust-server WebSocket E2E	2026-10-06T10:10:20.6935191Z Selecting previously unselected package libinstpatch-1.0-2:amd64.
client	Browser compatibility and Rust-server WebSocket E2E	2026-10-06T10:10:20.7051127Z Preparing to unpack .../124-libinstpatch-1.0-2_1.1.6-1build2_amd64.deb ...
client	Browser compatibility and Rust-server WebSocket E2E	2026-10-06T10:10:20.7057143Z Unpacking libinstpatch-1.0-2:amd64 (1.1.6-1build2) ...
client	Browser compatibility and Rust-server WebSocket E2E	2026-10-06T10:10:20.7260064Z Selecting previously unselected package libjack-jackd2-0:amd64.
client	Browser compatibility and Rust-server WebSocket E2E	2026-10-06T10:10:20.7375633Z Preparing to unpack .../125-libjack-jackd2-0_1.9.21~dfsg-3ubuntu3_amd64.deb ...
client	Browser compatibility and Rust-server WebSocket E2E	2026-10-06T10:10:20.7381471Z Unpacking libjack-jackd2-0:amd64 (1.9.21~dfsg-3ubuntu3) ...
client	Browser compatibility and Rust-server WebSocket E2E	2026-10-06T10:10:20.7626510Z Selecting previously unselected package libwebrtc-audio-processing1:amd64.
client	Browser compatibility and Rust-server WebSocket E2E	2026-10-06T10:10:20.7743150Z Preparing to unpack .../126-libwebrtc-audio-processing1_0.3.1-0ubuntu6_amd64.deb ...
client	Browser compatibility and Rust-server WebSocket E2E	2026-10-06T10:10:20.7750085Z Unpacking libwebrtc-audio-processing1:amd64 (0.3.1-0ubuntu6) ...
client	Browser compatibility and Rust-server WebSocket E2E	2026-10-06T10:10:21.1755735Z Selecting previously unselected package libspa-0.2-modules:amd64.
client	Browser compatibility and Rust-server WebSocket E2E	2026-10-06T10:10:21.1871628Z Preparing to unpack .../127-libspa-0.2-modules_1.0.5-1ubuntu3.3_amd64.deb ...
client	Browser compatibility and Rust-server WebSocket E2E	2026-10-06T10:10:21.1878276Z Unpacking libspa-0.2-modules:amd64 (1.0.5-1ubuntu3.3) ...
client	Browser compatibility and Rust-server WebSocket E2E	2026-10-06T10:10:21.2213114Z Selecting previously unselected package libpipewire-0.3-0t64:amd64.
client	Browser compatibility and Rust-server WebSocket E2E	2026-10-06T10:10:21.2332453Z Preparing to unpack .../128-libpipewire-0.3-0t64_1.0.5-1ubuntu3.3_amd64.deb ...
client	Browser compatibility and Rust-server WebSocket E2E	2026-10-06T10:10:21.2338360Z Unpacking libpipewire-0.3-0t64:amd64 (1.0.5-1ubuntu3.3) ...
client	Browser compatibility and Rust-server WebSocket E2E	2026-10-06T10:10:21.2566855Z Selecting previously unselected package libsdl2-2.0-0:amd64.
client	Browser compatibility and Rust-server WebSocket E2E	2026-10-06T10:10:21.2684334Z Preparing to unpack .../129-libsdl2-2.0-0_2.30.0+dfsg-1ubuntu3.1_amd64.deb ...
client	Browser compatibility and Rust-server WebSocket E2E	2026-10-06T10:10:21.2693379Z Unpacking libsdl2-2.0-0:amd64 (2.30.0+dfsg-1ubuntu3.1) ...
client	Browser compatibility and Rust-server WebSocket E2E	2026-10-06T10:10:21.7410562Z Selecting previously unselected package timgm6mb-soundfont.
client	Browser compatibility and Rust-server WebSocket E2E	2026-10-06T10:10:21.7536094Z Preparing to unpack .../130-timgm6mb-soundfont_1.3-5_all.deb ...
client	Browser compatibility and Rust-server WebSocket E2E	2026-10-06T10:10:21.9600545Z Unpacking timgm6mb-soundfont (1.3-5) ...
client	Browser compatibility and Rust-server WebSocket E2E	2026-10-06T10:10:22.5092835Z Selecting previously unselected package libfluidsynth3:amd64.
client	Browser compatibility and Rust-server WebSocket E2E	2026-10-06T10:10:22.5216396Z Preparing to unpack .../131-libfluidsynth3_2.3.4-1build3_amd64.deb ...
client	Browser compatibility and Rust-server WebSocket E2E	2026-10-06T10:10:22.5222906Z Unpacking libfluidsynth3:amd64 (2.3.4-1build3) ...
client	Browser compatibility and Rust-server WebSocket E2E	2026-10-06T10:10:22.5890102Z Selecting previously unselected package libfreeaptx0:amd64.
client	Browser compatibility and Rust-server WebSocket E2E	2026-10-06T10:10:22.6009448Z Preparing to unpack .../132-libfreeaptx0_0.1.1-2build1_amd64.deb ...
client	Browser compatibility and Rust-server WebSocket E2E	2026-10-06T10:10:22.6015402Z Unpacking libfreeaptx0:amd64 (0.1.1-2build1) ...
client	Browser compatibility and Rust-server WebSocket E2E	2026-10-06T10:10:22.7420528Z Selecting previously unselected package libgraphene-1.0-0:amd64.
client	Browser compatibility and Rust-server WebSocket E2E	2026-10-06T10:10:22.7536623Z Preparing to unpack .../133-libgraphene-1.0-0_1.10.8-3build2_amd64.deb ...
client	Browser compatibility and Rust-server WebSocket E2E	2026-10-06T10:10:22.7545116Z Unpacking libgraphene-1.0-0:amd64 (1.10.8-3build2) ...
client	Browser compatibility and Rust-server WebSocket E2E	2026-10-06T10:10:22.7731524Z Selecting previously unselected package libgssdp-1.6-0:amd64.
client	Browser compatibility and Rust-server WebSocket E2E	2026-10-06T10:10:22.7847796Z Preparing to unpack .../134-libgssdp-1.6-0_1.6.3-1build3_amd64.deb ...
client	Browser compatibility and Rust-server WebSocket E2E	2026-10-06T10:10:22.7854318Z Unpacking libgssdp-1.6-0:amd64 (1.6.3-1build3) ...
client	Browser compatibility and Rust-server WebSocket E2E	2026-10-06T10:10:22.9672276Z Selecting previously unselected package libegl1:amd64.
client	Browser compatibility and Rust-server WebSocket E2E	2026-10-06T10:10:22.9789519Z Preparing to unpack .../135-libegl1_1.7.0-1build1_amd64.deb ...
client	Browser compatibility and Rust-server WebSocket E2E	2026-10-06T10:10:22.9796256Z Unpacking libegl1:amd64 (1.7.0-1build1) ...
client	Browser compatibility and Rust-server WebSocket E2E	2026-10-06T10:10:22.9986185Z Selecting previously unselected package libgstreamer-gl1.0-0:amd64.
client	Browser compatibility and Rust-server WebSocket E2E	2026-10-06T10:10:23.0118587Z Preparing to unpack .../136-libgstreamer-gl1.0-0_1.24.2-1ubuntu0.5_amd64.deb ...
client	Browser compatibility and Rust-server WebSocket E2E	2026-10-06T10:10:23.0132881Z Unpacking libgstreamer-gl1.0-0:amd64 (1.24.2-1ubuntu0.5) ...
client	Browser compatibility and Rust-server WebSocket E2E	2026-10-06T10:10:23.1586762Z Selecting previously unselected package libgtk-4-common.
client	Browser compatibility and Rust-server WebSocket E2E	2026-10-06T10:10:23.1711708Z Preparing to unpack .../137-libgtk-4-common_4.14.5+ds-0ubuntu0.10_all.deb ...
client	Browser compatibility and Rust-server WebSocket E2E	2026-10-06T10:10:23.1791694Z Unpacking libgtk-4-common (4.14.5+ds-0ubuntu0.10) ...
client	Browser compatibility and Rust-server WebSocket E2E	2026-10-06T10:10:23.6983841Z Selecting previously unselected package libgtk-4-1:amd64.
client	Browser compatibility and Rust-server WebSocket E2E	2026-10-06T10:10:23.7102223Z Preparing to unpack .../138-libgtk-4-1_4.14.5+ds-0ubuntu0.10_amd64.deb ...
client	Browser compatibility and Rust-server WebSocket E2E	2026-10-06T10:10:23.9071305Z Unpacking libgtk-4-1:amd64 (4.14.5+ds-0ubuntu0.10) ...
client	Browser compatibility and Rust-server WebSocket E2E	2026-10-06T10:10:24.5615434Z Selecting previously unselected package libgupnp-1.6-0:amd64.
client	Browser compatibility and Rust-server WebSocket E2E	2026-10-06T10:10:24.5733710Z Preparing to unpack .../139-libgupnp-1.6-0_1.6.6-1build3_amd64.deb ...
client	Browser compatibility and Rust-server WebSocket E2E	2026-10-06T10:10:24.5739490Z Unpacking libgupnp-1.6-0:amd64 (1.6.6-1build3) ...
client	Browser compatibility and Rust-server WebSocket E2E	2026-10-06T10:10:24.5927345Z Selecting previously unselected package libgupnp-igd-1.6-0:amd64.
client	Browser compatibility and Rust-server WebSocket E2E	2026-10-06T10:10:24.6044156Z Preparing to unpack .../140-libgupnp-igd-1.6-0_1.6.0-3build3_amd64.deb ...
client	Browser compatibility and Rust-server WebSocket E2E	2026-10-06T10:10:24.6051413Z Unpacking libgupnp-igd-1.6-0:amd64 (1.6.0-3build3) ...
client	Browser compatibility and Rust-server WebSocket E2E	2026-10-06T10:10:24.6234679Z Selecting previously unselected package libharfbuzz-icu0:amd64.
client	Browser compatibility and Rust-server WebSocket E2E	2026-10-06T10:10:24.6351617Z Preparing to unpack .../141-libharfbuzz-icu0_8.3.0-2build2_amd64.deb ...
client	Browser compatibility and Rust-server WebSocket E2E	2026-10-06T10:10:24.6358621Z Unpacking libharfbuzz-icu0:amd64 (8.3.0-2build2) ...
client	Browser compatibility and Rust-server WebSocket E2E	2026-10-06T10:10:24.6606752Z Selecting previously unselected package libhyphen0:amd64.
client	Browser compatibility and Rust-server WebSocket E2E	2026-10-06T10:10:24.6725361Z Preparing to unpack .../142-libhyphen0_2.8.8-7build3_amd64.deb ...
client	Browser compatibility and Rust-server WebSocket E2E	2026-10-06T10:10:24.6732223Z Unpacking libhyphen0:amd64 (2.8.8-7build3) ...
client	Browser compatibility and Rust-server WebSocket E2E	2026-10-06T10:10:24.8273766Z Selecting previously unselected package libimath-3-1-29t64:amd64.
client	Browser compatibility and Rust-server WebSocket E2E	2026-10-06T10:10:24.8389888Z Preparing to unpack .../143-libimath-3-1-29t64_3.1.9-3.1ubuntu2_amd64.deb ...
client	Browser compatibility and Rust-server WebSocket E2E	2026-10-06T10:10:24.8511863Z Unpacking libimath-3-1-29t64:amd64 (3.1.9-3.1ubuntu2) ...
client	Browser compatibility and Rust-server WebSocket E2E	2026-10-06T10:10:24.8710118Z Selecting previously unselected package liblc3-1:amd64.
client	Browser compatibility and Rust-server WebSocket E2E	2026-10-06T10:10:24.8825601Z Preparing to unpack .../144-liblc3-1_1.0.4-3build1_amd64.deb ...
client	Browser compatibility and Rust-server WebSocket E2E	2026-10-06T10:10:24.8832531Z Unpacking liblc3-1:amd64 (1.0.4-3build1) ...
client	Browser compatibility and Rust-server WebSocket E2E	2026-10-06T10:10:24.9040386Z Selecting previously unselected package libldacbt-enc2:amd64.
client	Browser compatibility and Rust-server WebSocket E2E	2026-10-06T10:10:24.9156584Z Preparing to unpack .../145-libldacbt-enc2_2.0.2.3+git20200429+ed310a0-4ubuntu2_amd64.deb ...
client	Browser compatibility and Rust-server WebSocket E2E	2026-10-06T10:10:25.0450899Z Unpacking libldacbt-enc2:amd64 (2.0.2.3+git20200429+ed310a0-4ubuntu2) ...
client	Browser compatibility and Rust-server WebSocket E2E	2026-10-06T10:10:25.0732796Z Selecting previously unselected package libraptor2-0:amd64.
client	Browser compatibility and Rust-server WebSocket E2E	2026-10-06T10:10:25.0848922Z Preparing to unpack .../146-libraptor2-0_2.0.16-3ubuntu0.1_amd64.deb ...
client	Browser compatibility and Rust-server WebSocket E2E	2026-10-06T10:10:25.0854978Z Unpacking libraptor2-0:amd64 (2.0.16-3ubuntu0.1) ...
client	Browser compatibility and Rust-server WebSocket E2E	2026-10-06T10:10:25.1054069Z Selecting previously unselected package liblrdf0:amd64.
client	Browser compatibility and Rust-server WebSocket E2E	2026-10-06T10:10:25.1171207Z Preparing to unpack .../147-liblrdf0_0.6.1-4build1_amd64.deb ...
client	Browser compatibility and Rust-server WebSocket E2E	2026-10-06T10:10:25.1231821Z Unpacking liblrdf0:amd64 (0.6.1-4build1) ...
client	Browser compatibility and Rust-server WebSocket E2E	2026-10-06T10:10:25.2868727Z Selecting previously unselected package libltc11:amd64.
client	Browser compatibility and Rust-server WebSocket E2E	2026-10-06T10:10:25.2986197Z Preparing to unpack .../148-libltc11_1.3.2-1build1_amd64.deb ...
client	Browser compatibility and Rust-server WebSocket E2E	2026-10-06T10:10:25.2993218Z Unpacking libltc11:amd64 (1.3.2-1build1) ...
client	Browser compatibility and Rust-server WebSocket E2E	2026-10-06T10:10:25.3406994Z Selecting previously unselected package libmanette-0.2-0:amd64.
client	Browser compatibility and Rust-server WebSocket E2E	2026-10-06T10:10:25.3524928Z Preparing to unpack .../149-libmanette-0.2-0_0.2.7-1build2_amd64.deb ...
client	Browser compatibility and Rust-server WebSocket E2E	2026-10-06T10:10:25.3531070Z Unpacking libmanette-0.2-0:amd64 (0.2.7-1build2) ...
client	Browser compatibility and Rust-server WebSocket E2E	2026-10-06T10:10:25.3855192Z Selecting previously unselected package libmfx1:amd64.
client	Browser compatibility and Rust-server WebSocket E2E	2026-10-06T10:10:25.3973987Z Preparing to unpack .../150-libmfx1_22.5.4-1_amd64.deb ...
client	Browser compatibility and Rust-server WebSocket E2E	2026-10-06T10:10:25.4127991Z Unpacking libmfx1:amd64 (22.5.4-1) ...
client	Browser compatibility and Rust-server WebSocket E2E	2026-10-06T10:10:25.5790918Z Selecting previously unselected package libmjpegutils-2.1-0t64:amd64.
client	Browser compatibility and Rust-server WebSocket E2E	2026-10-06T10:10:25.5906076Z Preparing to unpack .../151-libmjpegutils-2.1-0t64_1%3a2.1.0+debian-8.1build1_amd64.deb ...
client	Browser compatibility and Rust-server WebSocket E2E	2026-10-06T10:10:25.5949923Z Unpacking libmjpegutils-2.1-0t64:amd64 (1:2.1.0+debian-8.1build1) ...
client	Browser compatibility and Rust-server WebSocket E2E	2026-10-06T10:10:25.6134472Z Selecting previously unselected package libmodplug1:amd64.
client	Browser compatibility and Rust-server WebSocket E2E	2026-10-06T10:10:25.6260363Z Preparing to unpack .../152-libmodplug1_1%3a0.8.9.0-3build1_amd64.deb ...
client	Browser compatibility and Rust-server WebSocket E2E	2026-10-06T10:10:25.6267357Z Unpacking libmodplug1:amd64 (1:0.8.9.0-3build1) ...
client	Browser compatibility and Rust-server WebSocket E2E	2026-10-06T10:10:25.6513093Z Selecting previously unselected package libmpcdec6:amd64.
client	Browser compatibility and Rust-server WebSocket E2E	2026-10-06T10:10:25.6628710Z Preparing to unpack .../153-libmpcdec6_2%3a0.1~r495-2build1_amd64.deb ...
client	Browser compatibility and Rust-server WebSocket E2E	2026-10-06T10:10:25.6635364Z Unpacking libmpcdec6:amd64 (2:0.1~r495-2build1) ...
client	Browser compatibility and Rust-server WebSocket E2E	2026-10-06T10:10:25.6821934Z Selecting previously unselected package libmpeg2encpp-2.1-0t64:amd64.
client	Browser compatibility and Rust-server WebSocket E2E	2026-10-06T10:10:25.6948689Z Preparing to unpack .../154-libmpeg2encpp-2.1-0t64_1%3a2.1.0+debian-8.1build1_amd64.deb ...
client	Browser compatibility and Rust-server WebSocket E2E	2026-10-06T10:10:25.7117841Z Unpacking libmpeg2encpp-2.1-0t64:amd64 (1:2.1.0+debian-8.1build1) ...
client	Browser compatibility and Rust-server WebSocket E2E	2026-10-06T10:10:25.7440585Z Selecting previously unselected package libmplex2-2.1-0t64:amd64.
client	Browser compatibility and Rust-server WebSocket E2E	2026-10-06T10:10:25.7616480Z Preparing to unpack .../155-libmplex2-2.1-0t64_1%3a2.1.0+debian-8.1build1_amd64.deb ...
client	Browser compatibility and Rust-server WebSocket E2E	2026-10-06T10:10:25.7623859Z Unpacking libmplex2-2.1-0t64:amd64 (1:2.1.0+debian-8.1build1) ...
client	Browser compatibility and Rust-server WebSocket E2E	2026-10-06T10:10:25.7845569Z Selecting previously unselected package libneon27t64:amd64.
client	Browser compatibility and Rust-server WebSocket E2E	2026-10-06T10:10:25.7970688Z Preparing to unpack .../156-libneon27t64_0.33.0-1.1build3_amd64.deb ...
client	Browser compatibility and Rust-server WebSocket E2E	2026-10-06T10:10:25.7978746Z Unpacking libneon27t64:amd64 (0.33.0-1.1build3) ...
client	Browser compatibility and Rust-server WebSocket E2E	2026-10-06T10:10:25.8189599Z Selecting previously unselected package libnice10:amd64.
client	Browser compatibility and Rust-server WebSocket E2E	2026-10-06T10:10:25.8312233Z Preparing to unpack .../157-libnice10_0.1.21-2build3_amd64.deb ...
client	Browser compatibility and Rust-server WebSocket E2E	2026-10-06T10:10:25.8320105Z Unpacking libnice10:amd64 (0.1.21-2build3) ...
client	Browser compatibility and Rust-server WebSocket E2E	2026-10-06T10:10:25.8521559Z Selecting previously unselected package libopenal-data.
client	Browser compatibility and Rust-server WebSocket E2E	2026-10-06T10:10:25.8644700Z Preparing to unpack .../158-libopenal-data_1%3a1.23.1-4build1_all.deb ...
client	Browser compatibility and Rust-server WebSocket E2E	2026-10-06T10:10:25.8657772Z Unpacking libopenal-data (1:1.23.1-4build1) ...
client	Browser compatibility and Rust-server WebSocket E2E	2026-10-06T10:10:25.9291939Z Selecting previously unselected package libopenexr-3-1-30:amd64.
client	Browser compatibility and Rust-server WebSocket E2E	2026-10-06T10:10:25.9408067Z Preparing to unpack .../159-libopenexr-3-1-30_3.1.5-5.1build3_amd64.deb ...
client	Browser compatibility and Rust-server WebSocket E2E	2026-10-06T10:10:25.9415310Z Unpacking libopenexr-3-1-30:amd64 (3.1.5-5.1build3) ...
client	Browser compatibility and Rust-server WebSocket E2E	2026-10-06T10:10:25.9781202Z Selecting previously unselected package libopenh264-7:amd64.
client	Browser compatibility and Rust-server WebSocket E2E	2026-10-06T10:10:25.9896387Z Preparing to unpack .../160-libopenh264-7_2.4.1+dfsg-1_amd64.deb ...
client	Browser compatibility and Rust-server WebSocket E2E	2026-10-06T10:10:25.9942642Z Unpacking libopenh264-7:amd64 (2.4.1+dfsg-1) ...
client	Browser compatibility and Rust-server WebSocket E2E	2026-10-06T10:10:26.0162026Z Selecting previously unselected package libopenni2-0:amd64.
client	Browser compatibility and Rust-server WebSocket E2E	2026-10-06T10:10:26.0276488Z Preparing to unpack .../161-libopenni2-0_2.2.0.33+dfsg-18_amd64.deb ...
client	Browser compatibility and Rust-server WebSocket E2E	2026-10-06T10:10:26.0307125Z Unpacking libopenni2-0:amd64 (2.2.0.33+dfsg-18) ...
client	Browser compatibility and Rust-server WebSocket E2E	2026-10-06T10:10:26.0525574Z Selecting previously unselected package libqrencode4:amd64.
client	Browser compatibility and Rust-server WebSocket E2E	2026-10-06T10:10:26.0639512Z Preparing to unpack .../162-libqrencode4_4.1.1-1build2_amd64.deb ...
client	Browser compatibility and Rust-server WebSocket E2E	2026-10-06T10:10:26.0861824Z Unpacking libqrencode4:amd64 (4.1.1-1build2) ...
client	Browser compatibility and Rust-server WebSocket E2E	2026-10-06T10:10:26.1037922Z Selecting previously unselected package libsecret-common.
client	Browser compatibility and Rust-server WebSocket E2E	2026-10-06T10:10:26.1151732Z Preparing to unpack .../163-libsecret-common_0.21.4-1build3_all.deb ...
client	Browser compatibility and Rust-server WebSocket E2E	2026-10-06T10:10:26.1157061Z Unpacking libsecret-common (0.21.4-1build3) ...
client	Browser compatibility and Rust-server WebSocket E2E	2026-10-06T10:10:26.1330584Z Selecting previously unselected package libsecret-1-0:amd64.
client	Browser compatibility and Rust-server WebSocket E2E	2026-10-06T10:10:26.1446060Z Preparing to unpack .../164-libsecret-1-0_0.21.4-1build3_amd64.deb ...
client	Browser compatibility and Rust-server WebSocket E2E	2026-10-06T10:10:26.1455142Z Unpacking libsecret-1-0:amd64 (0.21.4-1build3) ...
client	Browser compatibility and Rust-server WebSocket E2E	2026-10-06T10:10:26.1647317Z Selecting previously unselected package libsndio7.0:amd64.
client	Browser compatibility and Rust-server WebSocket E2E	2026-10-06T10:10:26.1762768Z Preparing to unpack .../165-libsndio7.0_1.9.0-0.3build3_amd64.deb ...
client	Browser compatibility and Rust-server WebSocket E2E	2026-10-06T10:10:26.1768744Z Unpacking libsndio7.0:amd64 (1.9.0-0.3build3) ...
client	Browser compatibility and Rust-server WebSocket E2E	2026-10-06T10:10:26.1953375Z Selecting previously unselected package libsoundtouch1:amd64.
client	Browser compatibility and Rust-server WebSocket E2E	2026-10-06T10:10:26.2073229Z Preparing to unpack .../166-libsoundtouch1_2.3.2+ds1-1build1_amd64.deb ...
client	Browser compatibility and Rust-server WebSocket E2E	2026-10-06T10:10:26.2079831Z Unpacking libsoundtouch1:amd64 (2.3.2+ds1-1build1) ...
client	Browser compatibility and Rust-server WebSocket E2E	2026-10-06T10:10:26.2277265Z Selecting previously unselected package libspandsp2t64:amd64.
client	Browser compatibility and Rust-server WebSocket E2E	2026-10-06T10:10:26.2397948Z Preparing to unpack .../167-libspandsp2t64_0.0.6+dfsg-2.1build1_amd64.deb ...
client	Browser compatibility and Rust-server WebSocket E2E	2026-10-06T10:10:26.2406359Z Unpacking libspandsp2t64:amd64 (0.0.6+dfsg-2.1build1) ...
client	Browser compatibility and Rust-server WebSocket E2E	2026-10-06T10:10:26.2630218Z Selecting previously unselected package libsrtp2-1:amd64.
client	Browser compatibility and Rust-server WebSocket E2E	2026-10-06T10:10:26.2751706Z Preparing to unpack .../168-libsrtp2-1_2.5.0-3build1_amd64.deb ...
client	Browser compatibility and Rust-server WebSocket E2E	2026-10-06T10:10:26.2854511Z Unpacking libsrtp2-1:amd64 (2.5.0-3build1) ...
client	Browser compatibility and Rust-server WebSocket E2E	2026-10-06T10:10:26.3093306Z Selecting previously unselected package libwayland-server0:amd64.
client	Browser compatibility and Rust-server WebSocket E2E	2026-10-06T10:10:26.3212788Z Preparing to unpack .../169-libwayland-server0_1.22.0-2.1build1_amd64.deb ...
client	Browser compatibility and Rust-server WebSocket E2E	2026-10-06T10:10:26.3220075Z Unpacking libwayland-server0:amd64 (1.22.0-2.1build1) ...
client	Browser compatibility and Rust-server WebSocket E2E	2026-10-06T10:10:26.3408139Z Selecting previously unselected package libwildmidi2:amd64.
client	Browser compatibility and Rust-server WebSocket E2E	2026-10-06T10:10:26.3525344Z Preparing to unpack .../170-libwildmidi2_0.4.3-1build3_amd64.deb ...
client	Browser compatibility and Rust-server WebSocket E2E	2026-10-06T10:10:26.3531293Z Unpacking libwildmidi2:amd64 (0.4.3-1build3) ...
client	Browser compatibility and Rust-server WebSocket E2E	2026-10-06T10:10:26.3723220Z Selecting previously unselected package libwoff1:amd64.
client	Browser compatibility and Rust-server WebSocket E2E	2026-10-06T10:10:26.3839680Z Preparing to unpack .../171-libwoff1_1.0.2-2build1_amd64.deb ...
client	Browser compatibility and Rust-server WebSocket E2E	2026-10-06T10:10:26.3846007Z Unpacking libwoff1:amd64 (1.0.2-2build1) ...
client	Browser compatibility and Rust-server WebSocket E2E	2026-10-06T10:10:26.4588118Z Selecting previously unselected package libxcb-xkb1:amd64.
client	Browser compatibility and Rust-server WebSocket E2E	2026-10-06T10:10:26.4705494Z Preparing to unpack .../172-libxcb-xkb1_1.15-1ubuntu2_amd64.deb ...
client	Browser compatibility and Rust-server WebSocket E2E	2026-10-06T10:10:26.4711690Z Unpacking libxcb-xkb1:amd64 (1.15-1ubuntu2) ...
client	Browser compatibility and Rust-server WebSocket E2E	2026-10-06T10:10:26.4902318Z Selecting previously unselected package libxkbcommon-x11-0:amd64.
client	Browser compatibility and Rust-server WebSocket E2E	2026-10-06T10:10:26.5020132Z Preparing to unpack .../173-libxkbcommon-x11-0_1.6.0-1build1_amd64.deb ...
client	Browser compatibility and Rust-server WebSocket E2E	2026-10-06T10:10:26.5028174Z Unpacking libxkbcommon-x11-0:amd64 (1.6.0-1build1) ...
client	Browser compatibility and Rust-server WebSocket E2E	2026-10-06T10:10:26.5215516Z Selecting previously unselected package libzbar0t64:amd64.
client	Browser compatibility and Rust-server WebSocket E2E	2026-10-06T10:10:26.5332370Z Preparing to unpack .../174-libzbar0t64_0.23.93-4build3_amd64.deb ...
client	Browser compatibility and Rust-server WebSocket E2E	2026-10-06T10:10:26.5339627Z Unpacking libzbar0t64:amd64 (0.23.93-4build3) ...
client	Browser compatibility and Rust-server WebSocket E2E	2026-10-06T10:10:26.5537493Z Selecting previously unselected package libzxing3:amd64.
client	Browser compatibility and Rust-server WebSocket E2E	2026-10-06T10:10:26.5655594Z Preparing to unpack .../175-libzxing3_2.2.1-3_amd64.deb ...
client	Browser compatibility and Rust-server WebSocket E2E	2026-10-06T10:10:26.5836838Z Unpacking libzxing3:amd64 (2.2.1-3) ...
client	Browser compatibility and Rust-server WebSocket E2E	2026-10-06T10:10:26.6057076Z Selecting previously unselected package xfonts-encodings.
client	Browser compatibility and Rust-server WebSocket E2E	2026-10-06T10:10:26.6172807Z Preparing to unpack .../176-xfonts-encodings_1%3a1.0.5-0ubuntu2_all.deb ...
client	Browser compatibility and Rust-server WebSocket E2E	2026-10-06T10:10:26.6189488Z Unpacking xfonts-encodings (1:1.0.5-0ubuntu2) ...
client	Browser compatibility and Rust-server WebSocket E2E	2026-10-06T10:10:26.6432330Z Selecting previously unselected package xfonts-utils.
client	Browser compatibility and Rust-server WebSocket E2E	2026-10-06T10:10:26.6547891Z Preparing to unpack .../177-xfonts-utils_1%3a7.7+6build3_amd64.deb ...
client	Browser compatibility and Rust-server WebSocket E2E	2026-10-06T10:10:26.6589936Z Unpacking xfonts-utils (1:7.7+6build3) ...
client	Browser compatibility and Rust-server WebSocket E2E	2026-10-06T10:10:26.6879067Z Selecting previously unselected package xfonts-cyrillic.
client	Browser compatibility and Rust-server WebSocket E2E	2026-10-06T10:10:26.6996651Z Preparing to unpack .../178-xfonts-cyrillic_1%3a1.0.5+nmu1_all.deb ...
client	Browser compatibility and Rust-server WebSocket E2E	2026-10-06T10:10:26.7003826Z Unpacking xfonts-cyrillic (1:1.0.5+nmu1) ...
client	Browser compatibility and Rust-server WebSocket E2E	2026-10-06T10:10:26.7346562Z Selecting previously unselected package xfonts-scalable.
client	Browser compatibility and Rust-server WebSocket E2E	2026-10-06T10:10:26.7464763Z Preparing to unpack .../179-xfonts-scalable_1%3a1.0.3-1.3_all.deb ...
client	Browser compatibility and Rust-server WebSocket E2E	2026-10-06T10:10:26.7782093Z Unpacking xfonts-scalable (1:1.0.3-1.3) ...
client	Browser compatibility and Rust-server WebSocket E2E	2026-10-06T10:10:26.7997467Z Selecting previously unselected package libgstreamer-plugins-bad1.0-0:amd64.
client	Browser compatibility and Rust-server WebSocket E2E	2026-10-06T10:10:26.8116145Z Preparing to unpack .../180-libgstreamer-plugins-bad1.0-0_1.24.2-1ubuntu4_amd64.deb ...
client	Browser compatibility and Rust-server WebSocket E2E	2026-10-06T10:10:26.8122482Z Unpacking libgstreamer-plugins-bad1.0-0:amd64 (1.24.2-1ubuntu4) ...
client	Browser compatibility and Rust-server WebSocket E2E	2026-10-06T10:10:26.8914398Z Selecting previously unselected package libdca0:amd64.
client	Browser compatibility and Rust-server WebSocket E2E	2026-10-06T10:10:26.9033503Z Preparing to unpack .../181-libdca0_0.0.7-2build1_amd64.deb ...
client	Browser compatibility and Rust-server WebSocket E2E	2026-10-06T10:10:26.9040501Z Unpacking libdca0:amd64 (0.0.7-2build1) ...
client	Browser compatibility and Rust-server WebSocket E2E	2026-10-06T10:10:26.9232216Z Selecting previously unselected package libopenal1:amd64.
client	Browser compatibility and Rust-server WebSocket E2E	2026-10-06T10:10:26.9348326Z Preparing to unpack .../182-libopenal1_1%3a1.23.1-4build1_amd64.deb ...
client	Browser compatibility and Rust-server WebSocket E2E	2026-10-06T10:10:26.9356229Z Unpacking libopenal1:amd64 (1:1.23.1-4build1) ...
client	Browser compatibility and Rust-server WebSocket E2E	2026-10-06T10:10:27.0201325Z Selecting previously unselected package libsbc1:amd64.
client	Browser compatibility and Rust-server WebSocket E2E	2026-10-06T10:10:27.0318816Z Preparing to unpack .../183-libsbc1_2.0-1build1_amd64.deb ...
client	Browser compatibility and Rust-server WebSocket E2E	2026-10-06T10:10:27.0353080Z Unpacking libsbc1:amd64 (2.0-1build1) ...
client	Browser compatibility and Rust-server WebSocket E2E	2026-10-06T10:10:27.0533801Z Selecting previously unselected package libvo-aacenc0:amd64.
client	Browser compatibility and Rust-server WebSocket E2E	2026-10-06T10:10:27.0650458Z Preparing to unpack .../184-libvo-aacenc0_0.1.3-2build1_amd64.deb ...
client	Browser compatibility and Rust-server WebSocket E2E	2026-10-06T10:10:27.0657266Z Unpacking libvo-aacenc0:amd64 (0.1.3-2build1) ...
client	Browser compatibility and Rust-server WebSocket E2E	2026-10-06T10:10:27.1492389Z Selecting previously unselected package libvo-amrwbenc0:amd64.
client	Browser compatibility and Rust-server WebSocket E2E	2026-10-06T10:10:27.1608032Z Preparing to unpack .../185-libvo-amrwbenc0_0.1.3-2build1_amd64.deb ...
client	Browser compatibility and Rust-server WebSocket E2E	2026-10-06T10:10:27.1614855Z Unpacking libvo-amrwbenc0:amd64 (0.1.3-2build1) ...
client	Browser compatibility and Rust-server WebSocket E2E	2026-10-06T10:10:27.1921598Z Selecting previously unselected package gstreamer1.0-plugins-bad:amd64.
client	Browser compatibility and Rust-server WebSocket E2E	2026-10-06T10:10:27.2038868Z Preparing to unpack .../186-gstreamer1.0-plugins-bad_1.24.2-1ubuntu4_amd64.deb ...
client	Browser compatibility and Rust-server WebSocket E2E	2026-10-06T10:10:27.2044987Z Unpacking gstreamer1.0-plugins-bad:amd64 (1.24.2-1ubuntu4) ...
client	Browser compatibility and Rust-server WebSocket E2E	2026-10-06T10:10:27.3638062Z Setting up libgme0:amd64 (0.6.3-7build1) ...
client	Browser compatibility and Rust-server WebSocket E2E	2026-10-06T10:10:27.3658652Z Setting up libchromaprint1:amd64 (1.5.1-5) ...
client	Browser compatibility and Rust-server WebSocket E2E	2026-10-06T10:10:27.3675251Z Setting up libssh-gcrypt-4:amd64 (0.10.6-2ubuntu0.5) ...
client	Browser compatibility and Rust-server WebSocket E2E	2026-10-06T10:10:27.3692663Z Setting up libhwy1t64:amd64 (1.0.7-8.1build1) ...
client	Browser compatibility and Rust-server WebSocket E2E	2026-10-06T10:10:27.3709504Z Setting up libcairo-script-interpreter2:amd64 (1.18.0-3build1) ...
client	Browser compatibility and Rust-server WebSocket E2E	2026-10-06T10:10:27.3724356Z Setting up libfreeaptx0:amd64 (0.1.1-2build1) ...
client	Browser compatibility and Rust-server WebSocket E2E	2026-10-06T10:10:27.3747528Z Setting up libdvdread8t64:amd64 (6.1.3-1.1build1) ...
client	Browser compatibility and Rust-server WebSocket E2E	2026-10-06T10:10:27.3761885Z Setting up libudfread0:amd64 (1.1.2-1build1) ...
client	Browser compatibility and Rust-server WebSocket E2E	2026-10-06T10:10:27.3780472Z Setting up libmodplug1:amd64 (1:0.8.9.0-3build1) ...
client	Browser compatibility and Rust-server WebSocket E2E	2026-10-06T10:10:27.3797247Z Setting up libcdparanoia0:amd64 (3.10.2+debian-14build3) ...
client	Browser compatibility and Rust-server WebSocket E2E	2026-10-06T10:10:27.4022537Z Setting up libwayland-server0:amd64 (1.22.0-2.1build1) ...
client	Browser compatibility and Rust-server WebSocket E2E	2026-10-06T10:10:27.4043355Z Setting up libvo-amrwbenc0:amd64 (0.1.3-2build1) ...
client	Browser compatibility and Rust-server WebSocket E2E	2026-10-06T10:10:27.4058610Z Setting up mesa-libgallium:amd64 (25.2.8-0ubuntu0.24.04.4) ...
client	Browser compatibility and Rust-server WebSocket E2E	2026-10-06T10:10:27.4079723Z Setting up session-migration (0.3.9build1) ...
client	Browser compatibility and Rust-server WebSocket E2E	2026-10-06T10:10:27.5003752Z Created symlink /etc/systemd/user/graphical-session-pre.target.wants/session-migration.service → /usr/lib/systemd/user/session-migration.service.
client	Browser compatibility and Rust-server WebSocket E2E	2026-10-06T10:10:27.5004603Z
client	Browser compatibility and Rust-server WebSocket E2E	2026-10-06T10:10:27.5215819Z Setting up libraw1394-11:amd64 (2.1.2-2build3) ...
client	Browser compatibility and Rust-server WebSocket E2E	2026-10-06T10:10:27.5237736Z Setting up libsbc1:amd64 (2.0-1build1) ...
client	Browser compatibility and Rust-server WebSocket E2E	2026-10-06T10:10:27.5255403Z Setting up libproxy1v5:amd64 (0.5.4-4build1) ...
client	Browser compatibility and Rust-server WebSocket E2E	2026-10-06T10:10:27.5275067Z Setting up libneon27t64:amd64 (0.33.0-1.1build3) ...
client	Browser compatibility and Rust-server WebSocket E2E	2026-10-06T10:10:27.5293945Z Setting up libtag1v5-vanilla:amd64 (1.13.1-1build1) ...
client	Browser compatibility and Rust-server WebSocket E2E	2026-10-06T10:10:27.5310866Z Setting up libharfbuzz-icu0:amd64 (8.3.0-2build2) ...
client	Browser compatibility and Rust-server WebSocket E2E	2026-10-06T10:10:27.5324875Z Setting up libopenni2-0:amd64 (2.2.0.33+dfsg-18) ...
client	Browser compatibility and Rust-server WebSocket E2E	2026-10-06T10:10:27.5467558Z Setting up libspeex1:amd64 (1.2.1-2ubuntu2.24.04.1) ...
client	Browser compatibility and Rust-server WebSocket E2E	2026-10-06T10:10:27.5497990Z Setting up libshine3:amd64 (3.1.1-2build1) ...
client	Browser compatibility and Rust-server WebSocket E2E	2026-10-06T10:10:27.5514991Z Setting up libcaca0:amd64 (0.99.beta20-4ubuntu0.2) ...
client	Browser compatibility and Rust-server WebSocket E2E	2026-10-06T10:10:27.5529649Z Setting up libvpl2 (2023.3.0-1build1) ...
client	Browser compatibility and Rust-server WebSocket E2E	2026-10-06T10:10:27.5546516Z Setting up libv4lconvert0t64:amd64 (1.26.1-4build3) ...
client	Browser compatibility and Rust-server WebSocket E2E	2026-10-06T10:10:27.5561044Z Setting up libx264-164:amd64 (2:0.164.3108+git31e19f9-1) ...
client	Browser compatibility and Rust-server WebSocket E2E	2026-10-06T10:10:27.5579396Z Setting up libtwolame0:amd64 (0.4.0-2build3) ...
client	Browser compatibility and Rust-server WebSocket E2E	2026-10-06T10:10:27.5595210Z Setting up libmbedcrypto7t64:amd64 (2.28.8-1) ...
client	Browser compatibility and Rust-server WebSocket E2E	2026-10-06T10:10:27.5614649Z Setting up libwoff1:amd64 (1.0.2-2build1) ...
client	Browser compatibility and Rust-server WebSocket E2E	2026-10-06T10:10:27.5636979Z Setting up liblc3-1:amd64 (1.0.4-3build1) ...
client	Browser compatibility and Rust-server WebSocket E2E	2026-10-06T10:10:27.5655754Z Setting up libqrencode4:amd64 (4.1.1-1build2) ...
client	Browser compatibility and Rust-server WebSocket E2E	2026-10-06T10:10:27.5675481Z Setting up libhyphen0:amd64 (2.8.8-7build3) ...
client	Browser compatibility and Rust-server WebSocket E2E	2026-10-06T10:10:27.5693741Z Setting up libgbm1:amd64 (25.2.8-0ubuntu0.24.04.4) ...
client	Browser compatibility and Rust-server WebSocket E2E	2026-10-06T10:10:27.5718843Z Setting up libgsm1:amd64 (1.0.22-1build1) ...
client	Browser compatibility and Rust-server WebSocket E2E	2026-10-06T10:10:27.5735599Z Setting up libvisual-0.4-0:amd64 (0.4.2-2build1) ...
client	Browser compatibility and Rust-server WebSocket E2E	2026-10-06T10:10:27.5752198Z Setting up libsoxr0:amd64 (0.1.3-4build3) ...
client	Browser compatibility and Rust-server WebSocket E2E	2026-10-06T10:10:27.5768909Z Setting up libzix-0-0:amd64 (0.4.2-2build1) ...
client	Browser compatibility and Rust-server WebSocket E2E	2026-10-06T10:10:27.5787927Z Setting up libcodec2-1.2:amd64 (1.2.0-2build1) ...
client	Browser compatibility and Rust-server WebSocket E2E	2026-10-06T10:10:27.5804744Z Setting up libmanette-0.2-0:amd64 (0.2.7-1build2) ...
client	Browser compatibility and Rust-server WebSocket E2E	2026-10-06T10:10:27.5819467Z Setting up libsrtp2-1:amd64 (2.5.0-3build1) ...
client	Browser compatibility and Rust-server WebSocket E2E	2026-10-06T10:10:27.5837129Z Setting up libgl1-mesa-dri:amd64 (25.2.8-0ubuntu0.24.04.4) ...
client	Browser compatibility and Rust-server WebSocket E2E	2026-10-06T10:10:27.5903675Z Setting up libmysofa1:amd64 (1.3.2+dfsg-2ubuntu2) ...
client	Browser compatibility and Rust-server WebSocket E2E	2026-10-06T10:10:27.5919436Z Setting up libraptor2-0:amd64 (2.0.16-3ubuntu0.1) ...
client	Browser compatibility and Rust-server WebSocket E2E	2026-10-06T10:10:27.6522614Z Setting up libldacbt-enc2:amd64 (2.0.2.3+git20200429+ed310a0-4ubuntu2) ...
client	Browser compatibility and Rust-server WebSocket E2E	2026-10-06T10:10:27.6539190Z Setting up fonts-wqy-zenhei (0.9.45-8) ...
client	Browser compatibility and Rust-server WebSocket E2E	2026-10-06T10:10:27.6647129Z Setting up libwebrtc-audio-processing1:amd64 (0.3.1-0ubuntu6) ...
client	Browser compatibility and Rust-server WebSocket E2E	2026-10-06T10:10:27.6662136Z Setting up fonts-freefont-ttf (20211204+svn4273-2) ...
client	Browser compatibility and Rust-server WebSocket E2E	2026-10-06T10:10:27.6680850Z Setting up libevent-2.1-7t64:amd64 (2.1.12-stable-9ubuntu2.2) ...
client	Browser compatibility and Rust-server WebSocket E2E	2026-10-06T10:10:27.6702111Z Setting up libsvtav1enc1d1:amd64 (1.7.0+dfsg-2build1) ...
client	Browser compatibility and Rust-server WebSocket E2E	2026-10-06T10:10:27.6717803Z Setting up libsoup-3.0-common (3.4.4-5ubuntu0.8) ...
client	Browser compatibility and Rust-server WebSocket E2E	2026-10-06T10:10:27.6733820Z Setting up libmpg123-0t64:amd64 (1.32.5-1ubuntu1.1) ...
client	Browser compatibility and Rust-server WebSocket E2E	2026-10-06T10:10:27.6748637Z Setting up libcjson1:amd64 (1.7.17-1) ...
client	Browser compatibility and Rust-server WebSocket E2E	2026-10-06T10:10:27.6763295Z Setting up libxvidcore4:amd64 (2:1.3.7-1build1) ...
client	Browser compatibility and Rust-server WebSocket E2E	2026-10-06T10:10:27.6780936Z Setting up libmpcdec6:amd64 (2:0.1~r495-2build1) ...
client	Browser compatibility and Rust-server WebSocket E2E	2026-10-06T10:10:27.6795363Z Setting up libmjpegutils-2.1-0t64:amd64 (1:2.1.0+debian-8.1build1) ...
client	Browser compatibility and Rust-server WebSocket E2E	2026-10-06T10:10:27.6819587Z Setting up librav1e0:amd64 (0.7.1-2) ...
client	Browser compatibility and Rust-server WebSocket E2E	2026-10-06T10:10:27.6838247Z Setting up liborc-0.4-0t64:amd64 (1:0.4.38-1ubuntu0.1) ...
client	Browser compatibility and Rust-server WebSocket E2E	2026-10-06T10:10:27.6853725Z Setting up libxcb-xkb1:amd64 (1.15-1ubuntu2) ...
client	Browser compatibility and Rust-server WebSocket E2E	2026-10-06T10:10:27.7800706Z Setting up libvo-aacenc0:amd64 (0.1.3-2build1) ...
client	Browser compatibility and Rust-server WebSocket E2E	2026-10-06T10:10:27.7827285Z Setting up librist4:amd64 (0.2.10+dfsg-2) ...
client	Browser compatibility and Rust-server WebSocket E2E	2026-10-06T10:10:27.7868582Z Setting up librsvg2-2:amd64 (2.58.0+dfsg-1build1) ...
client	Browser compatibility and Rust-server WebSocket E2E	2026-10-06T10:10:27.7887582Z Setting up libblas3:amd64 (3.12.0-3build1.1) ...
client	Browser compatibility and Rust-server WebSocket E2E	2026-10-06T10:10:27.7941682Z update-alternatives: using /usr/lib/x86_64-linux-gnu/blas/libblas.so.3 to provide /usr/lib/x86_64-linux-gnu/libblas.so.3 (libblas.so.3-x86_64-linux-gnu) in auto mode
client	Browser compatibility and Rust-server WebSocket E2E	2026-10-06T10:10:27.7956900Z Setting up libegl-mesa0:amd64 (25.2.8-0ubuntu0.24.04.4) ...
client	Browser compatibility and Rust-server WebSocket E2E	2026-10-06T10:10:27.7972131Z Setting up libsoundtouch1:amd64 (2.3.2+ds1-1build1) ...
client	Browser compatibility and Rust-server WebSocket E2E	2026-10-06T10:10:27.7992985Z Setting up libplacebo338:amd64 (6.338.2-2build1) ...
client	Browser compatibility and Rust-server WebSocket E2E	2026-10-06T10:10:27.8009534Z Setting up libgles2:amd64 (1.7.0-1build1) ...
client	Browser compatibility and Rust-server WebSocket E2E	2026-10-06T10:10:27.8023618Z Setting up fonts-tlwg-loma-otf (1:0.7.3-1) ...
client	Browser compatibility and Rust-server WebSocket E2E	2026-10-06T10:10:27.8041231Z Setting up libva2:amd64 (2.20.0-2ubuntu0.2) ...
client	Browser compatibility and Rust-server WebSocket E2E	2026-10-06T10:10:27.8057978Z Setting up libspa-0.2-modules:amd64 (1.0.5-1ubuntu3.3) ...
client	Browser compatibility and Rust-server WebSocket E2E	2026-10-06T10:10:27.8071760Z Setting up libzxing3:amd64 (2.2.1-3) ...
client	Browser compatibility and Rust-server WebSocket E2E	2026-10-06T10:10:27.8094508Z Setting up xfonts-encodings (1:1.0.5-0ubuntu2) ...
client	Browser compatibility and Rust-server WebSocket E2E	2026-10-06T10:10:27.8109276Z Setting up libopus0:amd64 (1.4-1build1) ...
client	Browser compatibility and Rust-server WebSocket E2E	2026-10-06T10:10:27.8126422Z Setting up libfaad2:amd64 (2.11.1-1build1) ...
client	Browser compatibility and Rust-server WebSocket E2E	2026-10-06T10:10:27.8142207Z Setting up libxkbcommon-x11-0:amd64 (1.6.0-1build1) ...
client	Browser compatibility and Rust-server WebSocket E2E	2026-10-06T10:10:27.8157010Z Setting up libdc1394-25:amd64 (2.2.6-4build1) ...
client	Browser compatibility and Rust-server WebSocket E2E	2026-10-06T10:10:27.8174972Z Setting up libimath-3-1-29t64:amd64 (3.1.9-3.1ubuntu2) ...
client	Browser compatibility and Rust-server WebSocket E2E	2026-10-06T10:10:27.8194288Z Setting up libunibreak5:amd64 (5.1-2build1) ...
client	Browser compatibility and Rust-server WebSocket E2E	2026-10-06T10:10:27.8210552Z Setting up libdv4t64:amd64 (1.0.0-17.1build1) ...
client	Browser compatibility and Rust-server WebSocket E2E	2026-10-06T10:10:27.8226815Z Setting up libjxl0.7:amd64 (0.7.0-10.2ubuntu6.1) ...
client	Browser compatibility and Rust-server WebSocket E2E	2026-10-06T10:10:27.8243927Z Setting up libopenh264-7:amd64 (2.4.1+dfsg-1) ...
client	Browser compatibility and Rust-server WebSocket E2E	2026-10-06T10:10:27.8262820Z Setting up libltc11:amd64 (1.3.2-1build1) ...
client	Browser compatibility and Rust-server WebSocket E2E	2026-10-06T10:10:27.8282196Z Setting up libx265-199:amd64 (3.5-2build1) ...
client	Browser compatibility and Rust-server WebSocket E2E	2026-10-06T10:10:27.8675720Z Setting up libv4l-0t64:amd64 (1.26.1-4build3) ...
client	Browser compatibility and Rust-server WebSocket E2E	2026-10-06T10:10:27.8693074Z Setting up libavtp0:amd64 (0.2.0-1build1) ...
client	Browser compatibility and Rust-server WebSocket E2E	2026-10-06T10:10:27.8716857Z Setting up libsndio7.0:amd64 (1.9.0-0.3build3) ...
client	Browser compatibility and Rust-server WebSocket E2E	2026-10-06T10:10:27.8734141Z Setting up libdirectfb-1.7-7t64:amd64 (1.7.7-11.1ubuntu2) ...
client	Browser compatibility and Rust-server WebSocket E2E	2026-10-06T10:10:27.8752511Z Setting up libspandsp2t64:amd64 (0.0.6+dfsg-2.1build1) ...
client	Browser compatibility and Rust-server WebSocket E2E	2026-10-06T10:10:27.8770371Z Setting up libvidstab1.1:amd64 (1.1.0-2build1) ...
client	Browser compatibility and Rust-server WebSocket E2E	2026-10-06T10:10:27.8786415Z Setting up libvpx9:amd64 (1.14.0-1ubuntu2.3) ...
client	Browser compatibility and Rust-server WebSocket E2E	2026-10-06T10:10:27.8801656Z Setting up libsrt1.5-gnutls:amd64 (1.5.3-1build2) ...
client	Browser compatibility and Rust-server WebSocket E2E	2026-10-06T10:10:27.9313512Z Setting up libtag1v5:amd64 (1.13.1-1build1) ...
client	Browser compatibility and Rust-server WebSocket E2E	2026-10-06T10:10:27.9326880Z Setting up libflite1:amd64 (2.2-6build3) ...
client	Browser compatibility and Rust-server WebSocket E2E	2026-10-06T10:10:27.9344648Z Setting up libdav1d7:amd64 (1.4.1-1build1) ...
client	Browser compatibility and Rust-server WebSocket E2E	2026-10-06T10:10:27.9362333Z Setting up libva-drm2:amd64 (2.20.0-2ubuntu0.2) ...
client	Browser compatibility and Rust-server WebSocket E2E	2026-10-06T10:10:27.9378793Z Setting up fonts-ipafont-gothic (00303-21ubuntu1) ...
client	Browser compatibility and Rust-server WebSocket E2E	2026-10-06T10:10:27.9439222Z update-alternatives: using /usr/share/fonts/opentype/ipafont-gothic/ipag.ttf to provide /usr/share/fonts/truetype/fonts-japanese-gothic.ttf (fonts-japanese-gothic.ttf) in auto mode
client	Browser compatibility and Rust-server WebSocket E2E	2026-10-06T10:10:27.9451880Z Setting up ocl-icd-libopencl1:amd64 (2.3.2-1build1) ...
client	Browser compatibility and Rust-server WebSocket E2E	2026-10-06T10:10:27.9469419Z Setting up libasyncns0:amd64 (0.8-6build4) ...
client	Browser compatibility and Rust-server WebSocket E2E	2026-10-06T10:10:27.9487394Z Setting up libwildmidi2:amd64 (0.4.3-1build3) ...
client	Browser compatibility and Rust-server WebSocket E2E	2026-10-06T10:10:27.9507481Z Setting up libvdpau1:amd64 (1.5-2build1) ...
client	Browser compatibility and Rust-server WebSocket E2E	2026-10-06T10:10:27.9528354Z Setting up libwavpack1:amd64 (5.6.0-1build1) ...
client	Browser compatibility and Rust-server WebSocket E2E	2026-10-06T10:10:27.9545085Z Setting up libbs2b0:amd64 (3.1.0+dfsg-7build1) ...
client	Browser compatibility and Rust-server WebSocket E2E	2026-10-06T10:10:27.9559284Z Setting up libtheora0:amd64 (1.1.1+dfsg.1-16.1build3) ...
client	Browser compatibility and Rust-server WebSocket E2E	2026-10-06T10:10:27.9573784Z Setting up libegl1:amd64 (1.7.0-1build1) ...
client	Browser compatibility and Rust-server WebSocket E2E	2026-10-06T10:10:27.9592306Z Setting up libdecor-0-0:amd64 (0.2.2-1build2) ...
client	Browser compatibility and Rust-server WebSocket E2E	2026-10-06T10:10:27.9606527Z Setting up libdca0:amd64 (0.0.7-2build1) ...
client	Browser compatibility and Rust-server WebSocket E2E	2026-10-06T10:10:27.9626601Z Setting up libzimg2:amd64 (3.0.5+ds1-1build1) ...
client	Browser compatibility and Rust-server WebSocket E2E	2026-10-06T10:10:27.9648614Z Setting up libopenal-data (1:1.23.1-4build1) ...
client	Browser compatibility and Rust-server WebSocket E2E	2026-10-06T10:10:27.9672508Z Setting up libevent-core-2.1-7t64:amd64 (2.1.12-stable-9ubuntu2.2) ...
client	Browser compatibility and Rust-server WebSocket E2E	2026-10-06T10:10:27.9691879Z Setting up libabsl20220623t64:amd64 (20220623.1-3.1ubuntu3.2) ...
client	Browser compatibility and Rust-server WebSocket E2E	2026-10-06T10:10:27.9707249Z Setting up libflac12t64:amd64 (1.4.3+ds-2.1ubuntu2) ...
client	Browser compatibility and Rust-server WebSocket E2E	2026-10-06T10:10:27.9726029Z Setting up libgtk-4-common (4.14.5+ds-0ubuntu0.10) ...
client	Browser compatibility and Rust-server WebSocket E2E	2026-10-06T10:10:27.9739745Z Setting up libmpeg2encpp-2.1-0t64:amd64 (1:2.1.0+debian-8.1build1) ...
client	Browser compatibility and Rust-server WebSocket E2E	2026-10-06T10:10:27.9755410Z Setting up glib-networking-common (2.80.0-1build1) ...
client	Browser compatibility and Rust-server WebSocket E2E	2026-10-06T10:10:27.9769335Z Setting up libmfx1:amd64 (22.5.4-1) ...
client	Browser compatibility and Rust-server WebSocket E2E	2026-10-06T10:10:27.9787758Z Setting up libbluray2:amd64 (1:1.3.4-1build1) ...
client	Browser compatibility and Rust-server WebSocket E2E	2026-10-06T10:10:27.9813183Z Setting up libde265-0:amd64 (1.0.15-1ubuntu0.1) ...
client	Browser compatibility and Rust-server WebSocket E2E	2026-10-06T10:10:27.9828734Z Setting up libsamplerate0:amd64 (0.2.2-4build1) ...
client	Browser compatibility and Rust-server WebSocket E2E	2026-10-06T10:10:27.9845526Z Setting up timgm6mb-soundfont (1.3-5) ...
client	Browser compatibility and Rust-server WebSocket E2E	2026-10-06T10:10:27.9916851Z update-alternatives: using /usr/share/sounds/sf2/TimGM6mb.sf2 to provide /usr/share/sounds/sf2/default-GM.sf2 (default-GM.sf2) in auto mode
client	Browser compatibility and Rust-server WebSocket E2E	2026-10-06T10:10:27.9954562Z update-alternatives: using /usr/share/sounds/sf2/TimGM6mb.sf2 to provide /usr/share/sounds/sf3/default-GM.sf3 (default-GM.sf3) in auto mode
client	Browser compatibility and Rust-server WebSocket E2E	2026-10-06T10:10:27.9969393Z Setting up libva-x11-2:amd64 (2.20.0-2ubuntu0.2) ...
client	Browser compatibility and Rust-server WebSocket E2E	2026-10-06T10:10:27.9989724Z Setting up libyuv0:amd64 (0.0~git202401110.af6ac82-1) ...
client	Browser compatibility and Rust-server WebSocket E2E	2026-10-06T10:10:28.0004757Z Setting up libmplex2-2.1-0t64:amd64 (1:2.1.0+debian-8.1build1) ...
client	Browser compatibility and Rust-server WebSocket E2E	2026-10-06T10:10:28.0019888Z Setting up libpipewire-0.3-0t64:amd64 (1.0.5-1ubuntu3.3) ...
client	Browser compatibility and Rust-server WebSocket E2E	2026-10-06T10:10:28.0033703Z Setting up libopenmpt0t64:amd64 (0.7.3-1.1build3) ...
client	Browser compatibility and Rust-server WebSocket E2E	2026-10-06T10:10:28.0049931Z Setting up libzvbi-common (0.2.42-2) ...
client	Browser compatibility and Rust-server WebSocket E2E	2026-10-06T10:10:28.0063517Z Setting up libsecret-common (0.21.4-1build3) ...
client	Browser compatibility and Rust-server WebSocket E2E	2026-10-06T10:10:28.0079308Z Setting up libmp3lame0:amd64 (3.100-6build1) ...
client	Browser compatibility and Rust-server WebSocket E2E	2026-10-06T10:10:28.0098447Z Setting up libgraphene-1.0-0:amd64 (1.10.8-3build2) ...
client	Browser compatibility and Rust-server WebSocket E2E	2026-10-06T10:10:28.0112594Z Setting up libvorbisenc2:amd64 (1.3.7-1build3) ...
client	Browser compatibility and Rust-server WebSocket E2E	2026-10-06T10:10:28.0129630Z Setting up libdvdnav4:amd64 (6.1.1-3build1) ...
client	Browser compatibility and Rust-server WebSocket E2E	2026-10-06T10:10:28.0143619Z Setting up fonts-unifont (1:15.1.01-1build1) ...
client	Browser compatibility and Rust-server WebSocket E2E	2026-10-06T10:10:28.0158797Z Setting up libaa1:amd64 (1.4p5-51.1) ...
client	Browser compatibility and Rust-server WebSocket E2E	2026-10-06T10:10:28.0173851Z Setting up libiec61883-0:amd64 (1.2.0-6build1) ...
client	Browser compatibility and Rust-server WebSocket E2E	2026-10-06T10:10:28.0189969Z Setting up libserd-0-0:amd64 (0.32.2-1) ...
client	Browser compatibility and Rust-server WebSocket E2E	2026-10-06T10:10:28.0207277Z Setting up libavc1394-0:amd64 (0.5.4-5build3) ...
client	Browser compatibility and Rust-server WebSocket E2E	2026-10-06T10:10:28.0223014Z Setting up gsettings-desktop-schemas (46.1-0ubuntu1) ...
client	Browser compatibility and Rust-server WebSocket E2E	2026-10-06T10:10:28.0238657Z Setting up glib-networking-services (2.80.0-1build1) ...
client	Browser compatibility and Rust-server WebSocket E2E	2026-10-06T10:10:28.0253421Z Setting up liblapack3:amd64 (3.12.0-3build1.1) ...
client	Browser compatibility and Rust-server WebSocket E2E	2026-10-06T10:10:28.0309818Z update-alternatives: using /usr/lib/x86_64-linux-gnu/lapack/liblapack.so.3 to provide /usr/lib/x86_64-linux-gnu/liblapack.so.3 (liblapack.so.3-x86_64-linux-gnu) in auto mode
client	Browser compatibility and Rust-server WebSocket E2E	2026-10-06T10:10:28.0325336Z Setting up libglx-mesa0:amd64 (25.2.8-0ubuntu0.24.04.4) ...
client	Browser compatibility and Rust-server WebSocket E2E	2026-10-06T10:10:28.0340310Z Setting up libzvbi0t64:amd64 (0.2.42-2) ...
client	Browser compatibility and Rust-server WebSocket E2E	2026-10-06T10:10:28.0356960Z Setting up libevent-pthreads-2.1-7t64:amd64 (2.1.12-stable-9ubuntu2.2) ...
client	Browser compatibility and Rust-server WebSocket E2E	2026-10-06T10:10:28.0373734Z Setting up liblrdf0:amd64 (0.6.1-4build1) ...
client	Browser compatibility and Rust-server WebSocket E2E	2026-10-06T10:10:28.0389610Z Setting up libzbar0t64:amd64 (0.23.93-4build3) ...
client	Browser compatibility and Rust-server WebSocket E2E	2026-10-06T10:10:28.0407452Z Setting up libgstreamer-plugins-base1.0-0:amd64 (1.24.2-1ubuntu0.5) ...
client	Browser compatibility and Rust-server WebSocket E2E	2026-10-06T10:10:28.0424088Z Setting up libavutil58:amd64 (7:6.1.1-3ubuntu5) ...
client	Browser compatibility and Rust-server WebSocket E2E	2026-10-06T10:10:28.0439491Z Setting up libopenal1:amd64 (1:1.23.1-4build1) ...
client	Browser compatibility and Rust-server WebSocket E2E	2026-10-06T10:10:28.0456786Z Setting up xfonts-utils (1:7.7+6build3) ...
client	Browser compatibility and Rust-server WebSocket E2E	2026-10-06T10:10:28.0496047Z Setting up libsecret-1-0:amd64 (0.21.4-1build3) ...
client	Browser compatibility and Rust-server WebSocket E2E	2026-10-06T10:10:28.0693852Z Setting up libgstreamer-plugins-good1.0-0:amd64 (1.24.2-1ubuntu1.8) ...
client	Browser compatibility and Rust-server WebSocket E2E	2026-10-06T10:10:28.0758646Z Setting up libgstreamer-gl1.0-0:amd64 (1.24.2-1ubuntu0.5) ...
client	Browser compatibility and Rust-server WebSocket E2E	2026-10-06T10:10:28.0777049Z Setting up gstreamer1.0-plugins-base:amd64 (1.24.2-1ubuntu0.5) ...
client	Browser compatibility and Rust-server WebSocket E2E	2026-10-06T10:10:28.0884855Z Setting up libass9:amd64 (1:0.17.1-2build1) ...
client	Browser compatibility and Rust-server WebSocket E2E	2026-10-06T10:10:28.0901436Z Setting up libswresample4:amd64 (7:6.1.1-3ubuntu5) ...
client	Browser compatibility and Rust-server WebSocket E2E	2026-10-06T10:10:28.1056896Z Setting up libopenexr-3-1-30:amd64 (3.1.5-5.1build3) ...
client	Browser compatibility and Rust-server WebSocket E2E	2026-10-06T10:10:28.1102785Z Setting up libshout3:amd64 (2.4.6-1build2) ...
client	Browser compatibility and Rust-server WebSocket E2E	2026-10-06T10:10:28.1119696Z Setting up libgav1-1:amd64 (0.18.0-1build3) ...
client	Browser compatibility and Rust-server WebSocket E2E	2026-10-06T10:10:28.1136549Z Setting up libavcodec60:amd64 (7:6.1.1-3ubuntu5) ...
client	Browser compatibility and Rust-server WebSocket E2E	2026-10-06T10:10:28.1153603Z Setting up librubberband2:amd64 (3.3.0+dfsg-2build1) ...
client	Browser compatibility and Rust-server WebSocket E2E	2026-10-06T10:10:28.1171062Z Setting up libjack-jackd2-0:amd64 (1.9.21~dfsg-3ubuntu3) ...
client	Browser compatibility and Rust-server WebSocket E2E	2026-10-06T10:10:28.1185982Z Setting up libsord-0-0:amd64 (0.16.16-2build1) ...
client	Browser compatibility and Rust-server WebSocket E2E	2026-10-06T10:10:28.1202012Z Setting up xfonts-cyrillic (1:1.0.5+nmu1) ...
client	Browser compatibility and Rust-server WebSocket E2E	2026-10-06T10:10:28.1464207Z Setting up libpostproc57:amd64 (7:6.1.1-3ubuntu5) ...
client	Browser compatibility and Rust-server WebSocket E2E	2026-10-06T10:10:28.1485522Z Setting up libsratom-0-0:amd64 (0.6.16-1build1) ...
client	Browser compatibility and Rust-server WebSocket E2E	2026-10-06T10:10:28.1501202Z Setting up libsndfile1:amd64 (1.2.2-1ubuntu5.24.04.1) ...
client	Browser compatibility and Rust-server WebSocket E2E	2026-10-06T10:10:28.1518529Z Setting up liblilv-0-0:amd64 (0.24.22-1build1) ...
client	Browser compatibility and Rust-server WebSocket E2E	2026-10-06T10:10:28.1955099Z Setting up libinstpatch-1.0-2:amd64 (1.1.6-1build2) ...
client	Browser compatibility and Rust-server WebSocket E2E	2026-10-06T10:10:28.1973452Z Setting up xfonts-scalable (1:1.0.3-1.3) ...
client	Browser compatibility and Rust-server WebSocket E2E	2026-10-06T10:10:28.2215919Z Setting up libswscale7:amd64 (7:6.1.1-3ubuntu5) ...
client	Browser compatibility and Rust-server WebSocket E2E	2026-10-06T10:10:28.2234742Z Setting up libavif16:amd64 (1.0.4-1ubuntu3) ...
client	Browser compatibility and Rust-server WebSocket E2E	2026-10-06T10:10:28.2249656Z Setting up libpulse0:amd64 (1:16.1+dfsg1-2ubuntu10.1) ...
client	Browser compatibility and Rust-server WebSocket E2E	2026-10-06T10:10:28.2313808Z Setting up libavformat60:amd64 (7:6.1.1-3ubuntu5) ...
client	Browser compatibility and Rust-server WebSocket E2E	2026-10-06T10:10:28.2329780Z Setting up libsphinxbase3t64:amd64 (0.8+5prealpha+1-17build2) ...
client	Browser compatibility and Rust-server WebSocket E2E	2026-10-06T10:10:28.2351403Z Setting up libsdl2-2.0-0:amd64 (2.30.0+dfsg-1ubuntu3.1) ...
client	Browser compatibility and Rust-server WebSocket E2E	2026-10-06T10:10:28.2365745Z Setting up libfluidsynth3:amd64 (2.3.4-1build3) ...
client	Browser compatibility and Rust-server WebSocket E2E	2026-10-06T10:10:28.2383111Z Setting up libpocketsphinx3:amd64 (0.8.0+real5prealpha+1-15ubuntu5) ...
client	Browser compatibility and Rust-server WebSocket E2E	2026-10-06T10:10:28.2398620Z Setting up libavfilter9:amd64 (7:6.1.1-3ubuntu5) ...
client	Browser compatibility and Rust-server WebSocket E2E	2026-10-06T10:10:28.2414424Z Setting up gstreamer1.0-libav:amd64 (1.24.1-1build1) ...
client	Browser compatibility and Rust-server WebSocket E2E	2026-10-06T10:10:28.2633352Z Processing triggers for fontconfig (2.15.0-1.1ubuntu2) ...
client	Browser compatibility and Rust-server WebSocket E2E	2026-10-06T10:10:28.3366679Z Processing triggers for libc-bin (2.39-0ubuntu8.9) ...
client	Browser compatibility and Rust-server WebSocket E2E	2026-10-06T10:10:28.6105632Z Processing triggers for man-db (2.12.0-4build2) ...
client	Browser compatibility and Rust-server WebSocket E2E	2026-10-06T10:10:28.6127129Z Not building database; man-db/auto-update is not 'true'.
client	Browser compatibility and Rust-server WebSocket E2E	2026-10-06T10:10:28.6151573Z Processing triggers for libglib2.0-0t64:amd64 (2.80.0-6ubuntu3.9) ...
client	Browser compatibility and Rust-server WebSocket E2E	2026-10-06T10:10:28.6399039Z Setting up libgtk-4-1:amd64 (4.14.5+ds-0ubuntu0.10) ...
client	Browser compatibility and Rust-server WebSocket E2E	2026-10-06T10:10:28.6685316Z Setting up glib-networking:amd64 (2.80.0-1build1) ...
client	Browser compatibility and Rust-server WebSocket E2E	2026-10-06T10:10:28.6868229Z Setting up libsoup-3.0-0:amd64 (3.4.4-5ubuntu0.8) ...
client	Browser compatibility and Rust-server WebSocket E2E	2026-10-06T10:10:28.6897451Z Setting up libgssdp-1.6-0:amd64 (1.6.3-1build3) ...
client	Browser compatibility and Rust-server WebSocket E2E	2026-10-06T10:10:28.6959974Z Setting up gstreamer1.0-plugins-good:amd64 (1.24.2-1ubuntu1.8) ...
client	Browser compatibility and Rust-server WebSocket E2E	2026-10-06T10:10:28.6982095Z Setting up libgupnp-1.6-0:amd64 (1.6.6-1build3) ...
client	Browser compatibility and Rust-server WebSocket E2E	2026-10-06T10:10:28.7038890Z Setting up libgupnp-igd-1.6-0:amd64 (1.6.0-3build3) ...
client	Browser compatibility and Rust-server WebSocket E2E	2026-10-06T10:10:28.7068791Z Setting up libnice10:amd64 (0.1.21-2build3) ...
client	Browser compatibility and Rust-server WebSocket E2E	2026-10-06T10:10:28.7114118Z Setting up libgstreamer-plugins-bad1.0-0:amd64 (1.24.2-1ubuntu4) ...
client	Browser compatibility and Rust-server WebSocket E2E	2026-10-06T10:10:28.7154143Z Setting up gstreamer1.0-plugins-bad:amd64 (1.24.2-1ubuntu4) ...
client	Browser compatibility and Rust-server WebSocket E2E	2026-10-06T10:10:28.7175850Z Processing triggers for libc-bin (2.39-0ubuntu8.9) ...
client	Browser compatibility and Rust-server WebSocket E2E	2026-10-06T10:10:29.3018850Z
client	Browser compatibility and Rust-server WebSocket E2E	2026-10-06T10:10:29.3019522Z Running kernel seems to be up-to-date.
client	Browser compatibility and Rust-server WebSocket E2E	2026-10-06T10:10:29.3019840Z
client	Browser compatibility and Rust-server WebSocket E2E	2026-10-06T10:10:29.3020027Z No services need to be restarted.
client	Browser compatibility and Rust-server WebSocket E2E	2026-10-06T10:10:29.3020244Z
client	Browser compatibility and Rust-server WebSocket E2E	2026-10-06T10:10:29.3020415Z No containers need to be restarted.
client	Browser compatibility and Rust-server WebSocket E2E	2026-10-06T10:10:29.3020648Z
client	Browser compatibility and Rust-server WebSocket E2E	2026-10-06T10:10:29.3020884Z No user sessions are running outdated binaries.
client	Browser compatibility and Rust-server WebSocket E2E	2026-10-06T10:10:29.3021178Z
client	Browser compatibility and Rust-server WebSocket E2E	2026-10-06T10:10:29.3021515Z No VM guests are running outdated hypervisor (qemu) binaries on this host.
client	Browser compatibility and Rust-server WebSocket E2E	2026-10-06T10:10:30.4727364Z Downloading Chrome for Testing 153.0.8010.12 (playwright chromium v1243) from https://cdn.playwright.dev/builds/cft/153.0.8010.12/linux64/chrome-linux64.zip
client	Browser compatibility and Rust-server WebSocket E2E	2026-10-06T10:10:30.8696751Z |                                                                                |   0% of 186.8 MiB
client	Browser compatibility and Rust-server WebSocket E2E	2026-10-06T10:10:31.0527819Z |■■■■■■■■                                                                        |  10% of 186.8 MiB
client	Browser compatibility and Rust-server WebSocket E2E	2026-10-06T10:10:31.1079794Z |■■■■■■■■■■■■■■■■                                                                |  20% of 186.8 MiB
client	Browser compatibility and Rust-server WebSocket E2E	2026-10-06T10:10:31.1833220Z |■■■■■■■■■■■■■■■■■■■■■■■■                                                        |  30% of 186.8 MiB
client	Browser compatibility and Rust-server WebSocket E2E	2026-10-06T10:10:31.2313262Z |■■■■■■■■■■■■■■■■■■■■■■■■■■■■■■■■                                                |  40% of 186.8 MiB
client	Browser compatibility and Rust-server WebSocket E2E	2026-10-06T10:10:31.2975850Z |■■■■■■■■■■■■■■■■■■■■■■■■■■■■■■■■■■■■■■■■                                        |  50% of 186.8 MiB
client	Browser compatibility and Rust-server WebSocket E2E	2026-10-06T10:10:31.3419861Z |■■■■■■■■■■■■■■■■■■■■■■■■■■■■■■■■■■■■■■■■■■■■■■■■                                |  60% of 186.8 MiB
client	Browser compatibility and Rust-server WebSocket E2E	2026-10-06T10:10:31.4029828Z |■■■■■■■■■■■■■■■■■■■■■■■■■■■■■■■■■■■■■■■■■■■■■■■■■■■■■■■■                        |  70% of 186.8 MiB
client	Browser compatibility and Rust-server WebSocket E2E	2026-10-06T10:10:31.4693628Z |■■■■■■■■■■■■■■■■■■■■■■■■■■■■■■■■■■■■■■■■■■■■■■■■■■■■■■■■■■■■■■■■                |  80% of 186.8 MiB
client	Browser compatibility and Rust-server WebSocket E2E	2026-10-06T10:10:31.5111083Z |■■■■■■■■■■■■■■■■■■■■■■■■■■■■■■■■■■■■■■■■■■■■■■■■■■■■■■■■■■■■■■■■■■■■■■■■        |  90% of 186.8 MiB
client	Browser compatibility and Rust-server WebSocket E2E	2026-10-06T10:10:31.5889460Z |■■■■■■■■■■■■■■■■■■■■■■■■■■■■■■■■■■■■■■■■■■■■■■■■■■■■■■■■■■■■■■■■■■■■■■■■■■■■■■■■| 100% of 186.8 MiB
client	Browser compatibility and Rust-server WebSocket E2E	2026-10-06T10:10:33.9685321Z Chrome for Testing 153.0.8010.12 (playwright chromium v1243) downloaded to /home/runner/.cache/ms-playwright/chromium-1243
client	Browser compatibility and Rust-server WebSocket E2E	2026-10-06T10:10:33.9690122Z Downloading FFmpeg (playwright ffmpeg v1011) from https://cdn.playwright.dev/dbazure/download/playwright/builds/ffmpeg/1011/ffmpeg-linux.zip
client	Browser compatibility and Rust-server WebSocket E2E	2026-10-06T10:10:34.2661173Z |                                                                                |   0% of 2.3 MiB
client	Browser compatibility and Rust-server WebSocket E2E	2026-10-06T10:10:34.2693420Z |■■■■■■■■                                                                        |  10% of 2.3 MiB
client	Browser compatibility and Rust-server WebSocket E2E	2026-10-06T10:10:34.2717080Z |■■■■■■■■■■■■■■■■                                                                |  20% of 2.3 MiB
client	Browser compatibility and Rust-server WebSocket E2E	2026-10-06T10:10:34.2736407Z |■■■■■■■■■■■■■■■■■■■■■■■■                                                        |  30% of 2.3 MiB
client	Browser compatibility and Rust-server WebSocket E2E	2026-10-06T10:10:34.2749995Z |■■■■■■■■■■■■■■■■■■■■■■■■■■■■■■■■                                                |  40% of 2.3 MiB
client	Browser compatibility and Rust-server WebSocket E2E	2026-10-06T10:10:34.2760190Z |■■■■■■■■■■■■■■■■■■■■■■■■■■■■■■■■■■■■■■■■                                        |  50% of 2.3 MiB
client	Browser compatibility and Rust-server WebSocket E2E	2026-10-06T10:10:34.2769709Z |■■■■■■■■■■■■■■■■■■■■■■■■■■■■■■■■■■■■■■■■■■■■■■■■                                |  60% of 2.3 MiB
client	Browser compatibility and Rust-server WebSocket E2E	2026-10-06T10:10:34.2783839Z |■■■■■■■■■■■■■■■■■■■■■■■■■■■■■■■■■■■■■■■■■■■■■■■■■■■■■■■■                        |  70% of 2.3 MiB
client	Browser compatibility and Rust-server WebSocket E2E	2026-10-06T10:10:34.2798618Z |■■■■■■■■■■■■■■■■■■■■■■■■■■■■■■■■■■■■■■■■■■■■■■■■■■■■■■■■■■■■■■■■                |  80% of 2.3 MiB
client	Browser compatibility and Rust-server WebSocket E2E	2026-10-06T10:10:34.2808014Z |■■■■■■■■■■■■■■■■■■■■■■■■■■■■■■■■■■■■■■■■■■■■■■■■■■■■■■■■■■■■■■■■■■■■■■■■        |  90% of 2.3 MiB
client	Browser compatibility and Rust-server WebSocket E2E	2026-10-06T10:10:34.2816872Z |■■■■■■■■■■■■■■■■■■■■■■■■■■■■■■■■■■■■■■■■■■■■■■■■■■■■■■■■■■■■■■■■■■■■■■■■■■■■■■■■| 100% of 2.3 MiB
client	Browser compatibility and Rust-server WebSocket E2E	2026-10-06T10:10:34.3273207Z FFmpeg (playwright ffmpeg v1011) downloaded to /home/runner/.cache/ms-playwright/ffmpeg-1011
client	Browser compatibility and Rust-server WebSocket E2E	2026-10-06T10:10:34.3276206Z Downloading Chrome Headless Shell 153.0.8010.12 (playwright chromium-headless-shell v1243) from https://cdn.playwright.dev/builds/cft/153.0.8010.12/linux64/chrome-headless-shell-linux64.zip
client	Browser compatibility and Rust-server WebSocket E2E	2026-10-06T10:10:34.6899033Z |                                                                                |   0% of 114.3 MiB
client	Browser compatibility and Rust-server WebSocket E2E	2026-10-06T10:10:34.8317087Z |■■■■■■■■                                                                        |  10% of 114.3 MiB
client	Browser compatibility and Rust-server WebSocket E2E	2026-10-06T10:10:34.8886536Z |■■■■■■■■■■■■■■■■                                                                |  20% of 114.3 MiB
client	Browser compatibility and Rust-server WebSocket E2E	2026-10-06T10:10:34.9360121Z |■■■■■■■■■■■■■■■■■■■■■■■■                                                        |  30% of 114.3 MiB
client	Browser compatibility and Rust-server WebSocket E2E	2026-10-06T10:10:34.9817275Z |■■■■■■■■■■■■■■■■■■■■■■■■■■■■■■■■                                                |  40% of 114.3 MiB
client	Browser compatibility and Rust-server WebSocket E2E	2026-10-06T10:10:35.0297017Z |■■■■■■■■■■■■■■■■■■■■■■■■■■■■■■■■■■■■■■■■                                        |  50% of 114.3 MiB
client	Browser compatibility and Rust-server WebSocket E2E	2026-10-06T10:10:35.0695140Z |■■■■■■■■■■■■■■■■■■■■■■■■■■■■■■■■■■■■■■■■■■■■■■■■                                |  60% of 114.3 MiB
client	Browser compatibility and Rust-server WebSocket E2E	2026-10-06T10:10:35.1264921Z |■■■■■■■■■■■■■■■■■■■■■■■■■■■■■■■■■■■■■■■■■■■■■■■■■■■■■■■■                        |  70% of 114.3 MiB
client	Browser compatibility and Rust-server WebSocket E2E	2026-10-06T10:10:35.1547011Z |■■■■■■■■■■■■■■■■■■■■■■■■■■■■■■■■■■■■■■■■■■■■■■■■■■■■■■■■■■■■■■■■                |  80% of 114.3 MiB
client	Browser compatibility and Rust-server WebSocket E2E	2026-10-06T10:10:35.1883443Z |■■■■■■■■■■■■■■■■■■■■■■■■■■■■■■■■■■■■■■■■■■■■■■■■■■■■■■■■■■■■■■■■■■■■■■■■        |  90% of 114.3 MiB
client	Browser compatibility and Rust-server WebSocket E2E	2026-10-06T10:10:35.2405199Z |■■■■■■■■■■■■■■■■■■■■■■■■■■■■■■■■■■■■■■■■■■■■■■■■■■■■■■■■■■■■■■■■■■■■■■■■■■■■■■■■| 100% of 114.3 MiB
client	Browser compatibility and Rust-server WebSocket E2E	2026-10-06T10:10:36.9286742Z Chrome Headless Shell 153.0.8010.12 (playwright chromium-headless-shell v1243) downloaded to /home/runner/.cache/ms-playwright/chromium_headless_shell-1243
client	Browser compatibility and Rust-server WebSocket E2E	2026-10-06T10:10:36.9289601Z Downloading Firefox 155.0 (playwright firefox v1543) from https://cdn.playwright.dev/dbazure/download/playwright/builds/firefox/1543/firefox-ubuntu-24.04.zip
client	Browser compatibility and Rust-server WebSocket E2E	2026-10-06T10:10:37.2321125Z |                                                                                |   0% of 109.5 MiB
client	Browser compatibility and Rust-server WebSocket E2E	2026-10-06T10:10:37.3026696Z |■■■■■■■■                                                                        |  10% of 109.5 MiB
client	Browser compatibility and Rust-server WebSocket E2E	2026-10-06T10:10:37.3815497Z |■■■■■■■■■■■■■■■■                                                                |  20% of 109.5 MiB
client	Browser compatibility and Rust-server WebSocket E2E	2026-10-06T10:10:37.4493730Z |■■■■■■■■■■■■■■■■■■■■■■■■                                                        |  30% of 109.5 MiB
client	Browser compatibility and Rust-server WebSocket E2E	2026-10-06T10:10:37.5224957Z |■■■■■■■■■■■■■■■■■■■■■■■■■■■■■■■■                                                |  40% of 109.5 MiB
client	Browser compatibility and Rust-server WebSocket E2E	2026-10-06T10:10:37.6324075Z |■■■■■■■■■■■■■■■■■■■■■■■■■■■■■■■■■■■■■■■■                                        |  50% of 109.5 MiB
client	Browser compatibility and Rust-server WebSocket E2E	2026-10-06T10:10:37.7150682Z |■■■■■■■■■■■■■■■■■■■■■■■■■■■■■■■■■■■■■■■■■■■■■■■■                                |  60% of 109.5 MiB
client	Browser compatibility and Rust-server WebSocket E2E	2026-10-06T10:10:37.8073759Z |■■■■■■■■■■■■■■■■■■■■■■■■■■■■■■■■■■■■■■■■■■■■■■■■■■■■■■■■                        |  70% of 109.5 MiB
client	Browser compatibility and Rust-server WebSocket E2E	2026-10-06T10:10:37.9255778Z |■■■■■■■■■■■■■■■■■■■■■■■■■■■■■■■■■■■■■■■■■■■■■■■■■■■■■■■■■■■■■■■■                |  80% of 109.5 MiB
client	Browser compatibility and Rust-server WebSocket E2E	2026-10-06T10:10:38.0153517Z |■■■■■■■■■■■■■■■■■■■■■■■■■■■■■■■■■■■■■■■■■■■■■■■■■■■■■■■■■■■■■■■■■■■■■■■■        |  90% of 109.5 MiB
client	Browser compatibility and Rust-server WebSocket E2E	2026-10-06T10:10:38.0932236Z |■■■■■■■■■■■■■■■■■■■■■■■■■■■■■■■■■■■■■■■■■■■■■■■■■■■■■■■■■■■■■■■■■■■■■■■■■■■■■■■■| 100% of 109.5 MiB
client	Browser compatibility and Rust-server WebSocket E2E	2026-10-06T10:10:39.9621161Z Firefox 155.0 (playwright firefox v1543) downloaded to /home/runner/.cache/ms-playwright/firefox-1543
client	Browser compatibility and Rust-server WebSocket E2E	2026-10-06T10:10:39.9624263Z Downloading WebKit 26.6 (playwright webkit v2359) from https://cdn.playwright.dev/dbazure/download/playwright/builds/webkit/2359/webkit-ubuntu-24.04.zip
client	Browser compatibility and Rust-server WebSocket E2E	2026-10-06T10:10:40.2701370Z |                                                                                |   0% of 102.3 MiB
client	Browser compatibility and Rust-server WebSocket E2E	2026-10-06T10:10:40.3218081Z |■■■■■■■■                                                                        |  10% of 102.3 MiB
client	Browser compatibility and Rust-server WebSocket E2E	2026-10-06T10:10:40.3836938Z |■■■■■■■■■■■■■■■■                                                                |  20% of 102.3 MiB
client	Browser compatibility and Rust-server WebSocket E2E	2026-10-06T10:10:40.4229177Z |■■■■■■■■■■■■■■■■■■■■■■■■                                                        |  30% of 102.3 MiB
client	Browser compatibility and Rust-server WebSocket E2E	2026-10-06T10:10:40.4649518Z |■■■■■■■■■■■■■■■■■■■■■■■■■■■■■■■■                                                |  40% of 102.3 MiB
client	Browser compatibility and Rust-server WebSocket E2E	2026-10-06T10:10:40.5254982Z |■■■■■■■■■■■■■■■■■■■■■■■■■■■■■■■■■■■■■■■■                                        |  50% of 102.3 MiB
client	Browser compatibility and Rust-server WebSocket E2E	2026-10-06T10:10:40.5574967Z |■■■■■■■■■■■■■■■■■■■■■■■■■■■■■■■■■■■■■■■■■■■■■■■■                                |  60% of 102.3 MiB
client	Browser compatibility and Rust-server WebSocket E2E	2026-10-06T10:10:40.5918288Z |■■■■■■■■■■■■■■■■■■■■■■■■■■■■■■■■■■■■■■■■■■■■■■■■■■■■■■■■                        |  70% of 102.3 MiB
client	Browser compatibility and Rust-server WebSocket E2E	2026-10-06T10:10:40.6489972Z |■■■■■■■■■■■■■■■■■■■■■■■■■■■■■■■■■■■■■■■■■■■■■■■■■■■■■■■■■■■■■■■■                |  80% of 102.3 MiB
client	Browser compatibility and Rust-server WebSocket E2E	2026-10-06T10:10:40.6833942Z |■■■■■■■■■■■■■■■■■■■■■■■■■■■■■■■■■■■■■■■■■■■■■■■■■■■■■■■■■■■■■■■■■■■■■■■■        |  90% of 102.3 MiB
client	Browser compatibility and Rust-server WebSocket E2E	2026-10-06T10:10:40.7225348Z |■■■■■■■■■■■■■■■■■■■■■■■■■■■■■■■■■■■■■■■■■■■■■■■■■■■■■■■■■■■■■■■■■■■■■■■■■■■■■■■■| 100% of 102.3 MiB
client	Browser compatibility and Rust-server WebSocket E2E	2026-10-06T10:10:42.5066377Z WebKit 26.6 (playwright webkit v2359) downloaded to /home/runner/.cache/ms-playwright/webkit-2359
client	Browser compatibility and Rust-server WebSocket E2E	2026-10-06T10:10:42.8767514Z
client	Browser compatibility and Rust-server WebSocket E2E	2026-10-06T10:10:42.8768335Z > openhoi-client@0.1.0 test:e2e
client	Browser compatibility and Rust-server WebSocket E2E	2026-10-06T10:10:42.8768708Z > playwright test
client	Browser compatibility and Rust-server WebSocket E2E	2026-10-06T10:10:42.8768850Z
client	Browser compatibility and Rust-server WebSocket E2E	2026-10-06T10:10:43.6394845Z
client	Browser compatibility and Rust-server WebSocket E2E	2026-10-06T10:10:43.6395533Z Running 21 tests using 2 workers
client	Browser compatibility and Rust-server WebSocket E2E	2026-10-06T10:11:01.2889012Z ·····················
client	Browser compatibility and Rust-server WebSocket E2E	2026-10-06T10:11:01.2892017Z   21 passed (17.8s)
client	Upload protocol and browser evidence	﻿2026-10-06T10:11:01.3135062Z ##[group]Run actions/upload-artifact@043fb46d1a93c77aae656e7c1c64a875d1fc6a0a
client	Upload protocol and browser evidence	2026-10-06T10:11:01.3135427Z with:
client	Upload protocol and browser evidence	2026-10-06T10:11:01.3135628Z   name: wp05-protocol-browser-evidence
client	Upload protocol and browser evidence	2026-10-06T10:11:01.3135879Z   path: target/wp05/
client	Upload protocol and browser evidence	client/test-results/
client	Upload protocol and browser evidence
client	Upload protocol and browser evidence	2026-10-06T10:11:01.3136119Z   if-no-files-found: error
client	Upload protocol and browser evidence	2026-10-06T10:11:01.3136322Z   archive: true
client	Upload protocol and browser evidence	2026-10-06T10:11:01.3136500Z   compression-level: 6
client	Upload protocol and browser evidence	2026-10-06T10:11:01.3136691Z   overwrite: false
client	Upload protocol and browser evidence	2026-10-06T10:11:01.3136880Z   include-hidden-files: false
client	Upload protocol and browser evidence	2026-10-06T10:11:01.3137092Z ##[endgroup]
client	Upload protocol and browser evidence	2026-10-06T10:11:01.4358820Z Multiple search paths detected. Calculating the least common ancestor of all paths
client	Upload protocol and browser evidence	2026-10-06T10:11:01.4360480Z The least common ancestor is /home/runner/work/OpenHOI4/OpenHOI4. This will be the root directory of the artifact
client	Upload protocol and browser evidence	2026-10-06T10:11:01.4361191Z With the provided path, there will be 13 files uploaded
client	Upload protocol and browser evidence	2026-10-06T10:11:01.4364283Z Artifact name is valid!
client	Upload protocol and browser evidence	2026-10-06T10:11:01.4364685Z Root directory input is valid!
client	Upload protocol and browser evidence	2026-10-06T10:11:01.7711428Z Uploading artifact: wp05-protocol-browser-evidence.zip
client	Upload protocol and browser evidence	2026-10-06T10:11:01.7756086Z Beginning upload of artifact content to blob storage
client	Upload protocol and browser evidence	2026-10-06T10:11:02.2645922Z Uploaded bytes 217448
client	Upload protocol and browser evidence	2026-10-06T10:11:02.3250537Z Finished uploading artifact content to blob storage!
client	Upload protocol and browser evidence	2026-10-06T10:11:02.3251519Z SHA256 digest of uploaded artifact is e3b5db086923fd5e3ad582d18b8137840fb606624735f9bdfabc33dfb56c6b76
client	Upload protocol and browser evidence	2026-10-06T10:11:02.3252225Z Finalizing artifact upload
client	Upload protocol and browser evidence	2026-10-06T10:11:02.6829383Z Artifact wp05-protocol-browser-evidence successfully finalized. Artifact ID 11403663210
client	Upload protocol and browser evidence	2026-10-06T10:11:02.6830600Z Artifact wp05-protocol-browser-evidence has been successfully uploaded! Final size is 217448 bytes. Artifact ID is 11403663210
client	Upload protocol and browser evidence	2026-10-06T10:11:02.6833449Z Artifact download URL: https://github.com/peppone-choi/OpenHOI4/actions/runs/37447307839/artifacts/11403663210
client	Post Run actions/setup-node@v7.0.0	﻿2026-10-06T10:11:02.7708159Z Post job cleanup.
client	Post Run actions/setup-node@v7.0.0	2026-10-06T10:11:02.8621508Z Cache hit occurred on the primary key node-cache-Linux-x64-npm-c82ada87881698fff77d1628c98f08773c3d345fc1ac819064a7882b2d511ff1, not saving cache.
client	Post Run actions/checkout@v7.0.1	﻿2026-10-06T10:11:02.8730917Z Post job cleanup.
client	Post Run actions/checkout@v7.0.1	2026-10-06T10:11:02.9506778Z [command]/usr/bin/git version
client	Post Run actions/checkout@v7.0.1	2026-10-06T10:11:02.9546150Z git version 2.55.0
client	Post Run actions/checkout@v7.0.1	2026-10-06T10:11:02.9574586Z Temporarily overriding HOME='/home/runner/work/_temp/95537f20-7df0-4fcf-9648-92926022eadc' before making global git config changes
client	Post Run actions/checkout@v7.0.1	2026-10-06T10:11:02.9575764Z Adding repository directory to the temporary git global config as a safe directory
client	Post Run actions/checkout@v7.0.1	2026-10-06T10:11:02.9579362Z [command]/usr/bin/git config --global --add safe.directory /home/runner/work/OpenHOI4/OpenHOI4
client	Post Run actions/checkout@v7.0.1	2026-10-06T10:11:02.9608116Z Removing SSH command configuration
client	Post Run actions/checkout@v7.0.1	2026-10-06T10:11:02.9613003Z [command]/usr/bin/git config --local --name-only --get-regexp core\.sshCommand
client	Post Run actions/checkout@v7.0.1	2026-10-06T10:11:02.9644006Z [command]/usr/bin/git submodule foreach --recursive sh -c "git config --local --name-only --get-regexp 'core\.sshCommand' && git config --local --unset-all 'core.sshCommand' || :"
client	Post Run actions/checkout@v7.0.1	2026-10-06T10:11:02.9836889Z Removing HTTP extra header
client	Post Run actions/checkout@v7.0.1	2026-10-06T10:11:02.9842055Z [command]/usr/bin/git config --local --name-only --get-regexp http\.https\:\/\/github\.com\/\.extraheader
client	Post Run actions/checkout@v7.0.1	2026-10-06T10:11:02.9873615Z [command]/usr/bin/git submodule foreach --recursive sh -c "git config --local --name-only --get-regexp 'http\.https\:\/\/github\.com\/\.extraheader' && git config --local --unset-all 'http.https://github.com/.extraheader' || :"
client	Post Run actions/checkout@v7.0.1	2026-10-06T10:11:03.0067468Z Removing includeIf entries pointing to credentials config files
client	Post Run actions/checkout@v7.0.1	2026-10-06T10:11:03.0073242Z [command]/usr/bin/git config --local --name-only --get-regexp ^includeIf\.gitdir:
client	Post Run actions/checkout@v7.0.1	2026-10-06T10:11:03.0670828Z includeif.gitdir:/home/runner/work/OpenHOI4/OpenHOI4/.git.path
client	Post Run actions/checkout@v7.0.1	2026-10-06T10:11:03.0671431Z includeif.gitdir:/home/runner/work/OpenHOI4/OpenHOI4/.git/worktrees/*.path
client	Post Run actions/checkout@v7.0.1	2026-10-06T10:11:03.0671850Z includeif.gitdir:/github/workspace/.git.path
client	Post Run actions/checkout@v7.0.1	2026-10-06T10:11:03.0672213Z includeif.gitdir:/github/workspace/.git/worktrees/*.path
client	Post Run actions/checkout@v7.0.1	2026-10-06T10:11:03.0679460Z [command]/usr/bin/git config --local --get-all includeif.gitdir:/home/runner/work/OpenHOI4/OpenHOI4/.git.path
client	Post Run actions/checkout@v7.0.1	2026-10-06T10:11:03.0702869Z /home/runner/work/_temp/git-credentials-6dcb519b-7731-450d-bd77-f1b555953817.config
client	Post Run actions/checkout@v7.0.1	2026-10-06T10:11:03.0710866Z [command]/usr/bin/git config --local --unset includeif.gitdir:/home/runner/work/OpenHOI4/OpenHOI4/.git.path \/home\/runner\/work\/_temp\/git\-credentials\-6dcb519b\-7731\-450d\-bd77\-f1b555953817\.config
client	Post Run actions/checkout@v7.0.1	2026-10-06T10:11:03.0741953Z [command]/usr/bin/git config --local --get-all includeif.gitdir:/home/runner/work/OpenHOI4/OpenHOI4/.git/worktrees/*.path
client	Post Run actions/checkout@v7.0.1	2026-10-06T10:11:03.0761672Z /home/runner/work/_temp/git-credentials-6dcb519b-7731-450d-bd77-f1b555953817.config
client	Post Run actions/checkout@v7.0.1	2026-10-06T10:11:03.0768799Z [command]/usr/bin/git config --local --unset includeif.gitdir:/home/runner/work/OpenHOI4/OpenHOI4/.git/worktrees/*.path \/home\/runner\/work\/_temp\/git\-credentials\-6dcb519b\-7731\-450d\-bd77\-f1b555953817\.config
client	Post Run actions/checkout@v7.0.1	2026-10-06T10:11:03.0895790Z [command]/usr/bin/git config --local --get-all includeif.gitdir:/github/workspace/.git.path
client	Post Run actions/checkout@v7.0.1	2026-10-06T10:11:03.0918384Z /github/runner_temp/git-credentials-6dcb519b-7731-450d-bd77-f1b555953817.config
client	Post Run actions/checkout@v7.0.1	2026-10-06T10:11:03.0925054Z [command]/usr/bin/git config --local --unset includeif.gitdir:/github/workspace/.git.path \/github\/runner_temp\/git\-credentials\-6dcb519b\-7731\-450d\-bd77\-f1b555953817\.config
client	Post Run actions/checkout@v7.0.1	2026-10-06T10:11:03.0953868Z [command]/usr/bin/git config --local --get-all includeif.gitdir:/github/workspace/.git/worktrees/*.path
client	Post Run actions/checkout@v7.0.1	2026-10-06T10:11:03.0973475Z /github/runner_temp/git-credentials-6dcb519b-7731-450d-bd77-f1b555953817.config
client	Post Run actions/checkout@v7.0.1	2026-10-06T10:11:03.0980320Z [command]/usr/bin/git config --local --unset includeif.gitdir:/github/workspace/.git/worktrees/*.path \/github\/runner_temp\/git\-credentials\-6dcb519b\-7731\-450d\-bd77\-f1b555953817\.config
client	Post Run actions/checkout@v7.0.1	2026-10-06T10:11:03.1010549Z [command]/usr/bin/git submodule foreach --recursive git config --local --show-origin --name-only --get-regexp remote.origin.url
client	Post Run actions/checkout@v7.0.1	2026-10-06T10:11:03.1200303Z Removing credentials config '/home/runner/work/_temp/git-credentials-6dcb519b-7731-450d-bd77-f1b555953817.config'
client	Complete job	﻿2026-10-06T10:11:03.1347862Z Cleaning up orphan processes
server (windows-latest)	Set up job	﻿2026-10-06T10:07:02.0879431Z Current runner version: '2.337.0'
server (windows-latest)	Set up job	2026-10-06T10:07:02.0922755Z ##[group]Runner Image Provisioner
server (windows-latest)	Set up job	2026-10-06T10:07:02.0923627Z Hosted Compute Agent
server (windows-latest)	Set up job	2026-10-06T10:07:02.0924229Z Version: 20260901.588
server (windows-latest)	Set up job	2026-10-06T10:07:02.0924939Z Commit: f88ec8081b781fac6c440065ac7ff9e710ce3d0b
server (windows-latest)	Set up job	2026-10-06T10:07:02.0925635Z Build Date: 2026-09-01T19:56:44Z
server (windows-latest)	Set up job	2026-10-06T10:07:02.0926309Z Worker ID: {f4f02667-f478-49f1-9c94-a4f40cd68640}
server (windows-latest)	Set up job	2026-10-06T10:07:02.0927049Z Azure Region: westus2
server (windows-latest)	Set up job	2026-10-06T10:07:02.0927596Z ##[endgroup]
server (windows-latest)	Set up job	2026-10-06T10:07:02.0928997Z ##[group]Operating System
server (windows-latest)	Set up job	2026-10-06T10:07:02.0929681Z Microsoft Windows Server 2025
server (windows-latest)	Set up job	2026-10-06T10:07:02.0930313Z 10.0.26100
server (windows-latest)	Set up job	2026-10-06T10:07:02.0930889Z Datacenter
server (windows-latest)	Set up job	2026-10-06T10:07:02.0931414Z ##[endgroup]
server (windows-latest)	Set up job	2026-10-06T10:07:02.0931938Z ##[group]Runner Image
server (windows-latest)	Set up job	2026-10-06T10:07:02.0932552Z Image: windows-2025-vs2026
server (windows-latest)	Set up job	2026-10-06T10:07:02.0933128Z Version: 20260925.250.1
server (windows-latest)	Set up job	2026-10-06T10:07:02.0934258Z Included Software: https://github.com/actions/runner-images/blob/win25-vs2026/20260925.250/images/windows/Windows2025-VS2026-Readme.md
server (windows-latest)	Set up job	2026-10-06T10:07:02.0936337Z Image Release: https://github.com/actions/runner-images/releases/tag/win25-vs2026%2F20260925.250
server (windows-latest)	Set up job	2026-10-06T10:07:02.0937794Z ##[endgroup]
server (windows-latest)	Set up job	2026-10-06T10:07:02.0938932Z ##[group]GITHUB_TOKEN Permissions
server (windows-latest)	Set up job	2026-10-06T10:07:02.0940752Z Contents: read
server (windows-latest)	Set up job	2026-10-06T10:07:02.0941404Z Metadata: read
server (windows-latest)	Set up job	2026-10-06T10:07:02.0942023Z ##[endgroup]
server (windows-latest)	Set up job	2026-10-06T10:07:02.0944034Z Secret source: Actions
server (windows-latest)	Set up job	2026-10-06T10:07:02.0945048Z Cache mode: write
server (windows-latest)	Set up job	2026-10-06T10:07:02.0945734Z Prepare workflow directory
server (windows-latest)	Set up job	2026-10-06T10:07:02.1319457Z Prepare all required actions
server (windows-latest)	Set up job	2026-10-06T10:07:02.1392009Z Getting action download info
server (windows-latest)	Set up job	2026-10-06T10:07:02.4691827Z Download action repository 'actions/checkout@v7.0.1' (SHA:3d3c42e5aac5ba805825da76410c181273ba90b1)
server (windows-latest)	Set up job	2026-10-06T10:07:02.5964949Z Download action repository 'actions/setup-node@v7.0.0' (SHA:820762786026740c76f36085b0efc47a31fe5020)
server (windows-latest)	Set up job	2026-10-06T10:07:02.7480870Z Download action repository 'actions/setup-python@v7.0.0' (SHA:5fda3b95a4ea91299a34e894583c3862153e4b97)
server (windows-latest)	Set up job	2026-10-06T10:07:03.0152520Z Complete job name: server (windows-latest)
server (windows-latest)	Run actions/checkout@v7.0.1	﻿2026-10-06T10:07:03.1570266Z ##[group]Run actions/checkout@v7.0.1
server (windows-latest)	Run actions/checkout@v7.0.1	2026-10-06T10:07:03.1571331Z with:
server (windows-latest)	Run actions/checkout@v7.0.1	2026-10-06T10:07:03.1571772Z   repository: peppone-choi/OpenHOI4
server (windows-latest)	Run actions/checkout@v7.0.1	2026-10-06T10:07:03.1575780Z   token: ***
server (windows-latest)	Run actions/checkout@v7.0.1	2026-10-06T10:07:03.1576190Z   ssh-strict: true
server (windows-latest)	Run actions/checkout@v7.0.1	2026-10-06T10:07:03.1576602Z   ssh-user: git
server (windows-latest)	Run actions/checkout@v7.0.1	2026-10-06T10:07:03.1577022Z   persist-credentials: true
server (windows-latest)	Run actions/checkout@v7.0.1	2026-10-06T10:07:03.1577485Z   clean: true
server (windows-latest)	Run actions/checkout@v7.0.1	2026-10-06T10:07:03.1577905Z   sparse-checkout-cone-mode: true
server (windows-latest)	Run actions/checkout@v7.0.1	2026-10-06T10:07:03.1578390Z   fetch-depth: 1
server (windows-latest)	Run actions/checkout@v7.0.1	2026-10-06T10:07:03.1578791Z   fetch-tags: false
server (windows-latest)	Run actions/checkout@v7.0.1	2026-10-06T10:07:03.1579213Z   show-progress: true
server (windows-latest)	Run actions/checkout@v7.0.1	2026-10-06T10:07:03.1579638Z   lfs: false
server (windows-latest)	Run actions/checkout@v7.0.1	2026-10-06T10:07:03.1580019Z   submodules: false
server (windows-latest)	Run actions/checkout@v7.0.1	2026-10-06T10:07:03.1580432Z   set-safe-directory: true
server (windows-latest)	Run actions/checkout@v7.0.1	2026-10-06T10:07:03.1580904Z   allow-unsafe-pr-checkout: false
server (windows-latest)	Run actions/checkout@v7.0.1	2026-10-06T10:07:03.1581648Z ##[endgroup]
server (windows-latest)	Run actions/checkout@v7.0.1	2026-10-06T10:07:03.3040679Z Syncing repository: peppone-choi/OpenHOI4
server (windows-latest)	Run actions/checkout@v7.0.1	2026-10-06T10:07:03.3042427Z ##[group]Getting Git version info
server (windows-latest)	Run actions/checkout@v7.0.1	2026-10-06T10:07:03.3043061Z Working directory is 'D:\a\OpenHOI4\OpenHOI4'
server (windows-latest)	Run actions/checkout@v7.0.1	2026-10-06T10:07:03.4013761Z [command]"C:\Program Files\Git\bin\git.exe" version
server (windows-latest)	Run actions/checkout@v7.0.1	2026-10-06T10:07:03.7014556Z git version 2.55.0.windows.5
server (windows-latest)	Run actions/checkout@v7.0.1	2026-10-06T10:07:03.7064967Z ##[endgroup]
server (windows-latest)	Run actions/checkout@v7.0.1	2026-10-06T10:07:03.7081617Z Temporarily overriding HOME='D:\a\_temp\02bce355-6fdc-4fb2-94c7-4b0bd351132b' before making global git config changes
server (windows-latest)	Run actions/checkout@v7.0.1	2026-10-06T10:07:03.7083027Z Adding repository directory to the temporary git global config as a safe directory
server (windows-latest)	Run actions/checkout@v7.0.1	2026-10-06T10:07:03.7091092Z [command]"C:\Program Files\Git\bin\git.exe" config --global --add safe.directory D:\a\OpenHOI4\OpenHOI4
server (windows-latest)	Run actions/checkout@v7.0.1	2026-10-06T10:07:03.7655123Z Deleting the contents of 'D:\a\OpenHOI4\OpenHOI4'
server (windows-latest)	Run actions/checkout@v7.0.1	2026-10-06T10:07:03.7660571Z ##[group]Determining repository object format
server (windows-latest)	Run actions/checkout@v7.0.1	2026-10-06T10:07:03.7662918Z ##[endgroup]
server (windows-latest)	Run actions/checkout@v7.0.1	2026-10-06T10:07:03.7666275Z ##[group]Initializing the repository
server (windows-latest)	Run actions/checkout@v7.0.1	2026-10-06T10:07:03.7670528Z [command]"C:\Program Files\Git\bin\git.exe" init D:\a\OpenHOI4\OpenHOI4
server (windows-latest)	Run actions/checkout@v7.0.1	2026-10-06T10:07:03.8415850Z Initialized empty Git repository in D:/a/OpenHOI4/OpenHOI4/.git/
server (windows-latest)	Run actions/checkout@v7.0.1	2026-10-06T10:07:03.8456363Z [command]"C:\Program Files\Git\bin\git.exe" remote add origin https://github.com/peppone-choi/OpenHOI4
server (windows-latest)	Run actions/checkout@v7.0.1	2026-10-06T10:07:03.9021009Z ##[endgroup]
server (windows-latest)	Run actions/checkout@v7.0.1	2026-10-06T10:07:03.9023254Z ##[group]Disabling automatic garbage collection
server (windows-latest)	Run actions/checkout@v7.0.1	2026-10-06T10:07:03.9030338Z [command]"C:\Program Files\Git\bin\git.exe" config --local gc.auto 0
server (windows-latest)	Run actions/checkout@v7.0.1	2026-10-06T10:07:03.9313763Z ##[endgroup]
server (windows-latest)	Run actions/checkout@v7.0.1	2026-10-06T10:07:03.9315366Z ##[group]Setting up auth
server (windows-latest)	Run actions/checkout@v7.0.1	2026-10-06T10:07:03.9316237Z Removing SSH command configuration
server (windows-latest)	Run actions/checkout@v7.0.1	2026-10-06T10:07:03.9323085Z [command]"C:\Program Files\Git\bin\git.exe" config --local --name-only --get-regexp core\.sshCommand
server (windows-latest)	Run actions/checkout@v7.0.1	2026-10-06T10:07:03.9606039Z [command]"C:\Program Files\Git\bin\git.exe" submodule foreach --recursive "sh -c \"git config --local --name-only --get-regexp 'core\.sshCommand' && git config --local --unset-all 'core.sshCommand' || :\""
server (windows-latest)	Run actions/checkout@v7.0.1	2026-10-06T10:07:05.2179499Z Removing HTTP extra header
server (windows-latest)	Run actions/checkout@v7.0.1	2026-10-06T10:07:05.2195672Z [command]"C:\Program Files\Git\bin\git.exe" config --local --name-only --get-regexp http\.https\:\/\/github\.com\/\.extraheader
server (windows-latest)	Run actions/checkout@v7.0.1	2026-10-06T10:07:05.2493689Z [command]"C:\Program Files\Git\bin\git.exe" submodule foreach --recursive "sh -c \"git config --local --name-only --get-regexp 'http\.https\:\/\/github\.com\/\.extraheader' && git config --local --unset-all 'http.https://github.com/.extraheader' || :\""
server (windows-latest)	Run actions/checkout@v7.0.1	2026-10-06T10:07:05.7830945Z Removing includeIf entries pointing to credentials config files
server (windows-latest)	Run actions/checkout@v7.0.1	2026-10-06T10:07:05.7842363Z [command]"C:\Program Files\Git\bin\git.exe" config --local --name-only --get-regexp ^includeIf\.gitdir:
server (windows-latest)	Run actions/checkout@v7.0.1	2026-10-06T10:07:05.8130115Z [command]"C:\Program Files\Git\bin\git.exe" submodule foreach --recursive "git config --local --show-origin --name-only --get-regexp remote.origin.url"
server (windows-latest)	Run actions/checkout@v7.0.1	2026-10-06T10:07:06.3470769Z [command]"C:\Program Files\Git\bin\git.exe" config --file D:\a\_temp\git-credentials-1012c54c-b666-43c3-b2e1-abbfd9612496.config http.https://github.com/.extraheader "AUTHORIZATION: basic ***"
server (windows-latest)	Run actions/checkout@v7.0.1	2026-10-06T10:07:06.3822470Z [command]"C:\Program Files\Git\bin\git.exe" config --local includeIf.gitdir:D:/a/OpenHOI4/OpenHOI4/.git.path D:\a\_temp\git-credentials-1012c54c-b666-43c3-b2e1-abbfd9612496.config
server (windows-latest)	Run actions/checkout@v7.0.1	2026-10-06T10:07:06.4132169Z [command]"C:\Program Files\Git\bin\git.exe" config --local includeIf.gitdir:D:/a/OpenHOI4/OpenHOI4/.git/worktrees/*.path D:\a\_temp\git-credentials-1012c54c-b666-43c3-b2e1-abbfd9612496.config
server (windows-latest)	Run actions/checkout@v7.0.1	2026-10-06T10:07:06.4514116Z [command]"C:\Program Files\Git\bin\git.exe" config --local includeIf.gitdir:/github/workspace/.git.path /github/runner_temp/git-credentials-1012c54c-b666-43c3-b2e1-abbfd9612496.config
server (windows-latest)	Run actions/checkout@v7.0.1	2026-10-06T10:07:06.4848901Z [command]"C:\Program Files\Git\bin\git.exe" config --local includeIf.gitdir:/github/workspace/.git/worktrees/*.path /github/runner_temp/git-credentials-1012c54c-b666-43c3-b2e1-abbfd9612496.config
server (windows-latest)	Run actions/checkout@v7.0.1	2026-10-06T10:07:06.5148154Z ##[endgroup]
server (windows-latest)	Run actions/checkout@v7.0.1	2026-10-06T10:07:06.5148795Z ##[group]Fetching the repository
server (windows-latest)	Run actions/checkout@v7.0.1	2026-10-06T10:07:06.5160980Z [command]"C:\Program Files\Git\bin\git.exe" -c protocol.version=2 fetch --no-tags --prune --no-recurse-submodules --depth=1 origin +f12b30345c7255bdceb4d0e6b32405f5c48dd5b6:refs/remotes/origin/main
server (windows-latest)	Run actions/checkout@v7.0.1	2026-10-06T10:07:07.6290318Z From https://github.com/peppone-choi/OpenHOI4
server (windows-latest)	Run actions/checkout@v7.0.1	2026-10-06T10:07:07.6291555Z  * [new ref]         f12b30345c7255bdceb4d0e6b32405f5c48dd5b6 -> origin/main
server (windows-latest)	Run actions/checkout@v7.0.1	2026-10-06T10:07:07.6343827Z [command]"C:\Program Files\Git\bin\git.exe" branch --list --remote origin/main
server (windows-latest)	Run actions/checkout@v7.0.1	2026-10-06T10:07:07.6691733Z   origin/main
server (windows-latest)	Run actions/checkout@v7.0.1	2026-10-06T10:07:07.6731642Z [command]"C:\Program Files\Git\bin\git.exe" rev-parse refs/remotes/origin/main
server (windows-latest)	Run actions/checkout@v7.0.1	2026-10-06T10:07:07.6986079Z f12b30345c7255bdceb4d0e6b32405f5c48dd5b6
server (windows-latest)	Run actions/checkout@v7.0.1	2026-10-06T10:07:07.7016618Z ##[endgroup]
server (windows-latest)	Run actions/checkout@v7.0.1	2026-10-06T10:07:07.7016998Z ##[group]Determining the checkout info
server (windows-latest)	Run actions/checkout@v7.0.1	2026-10-06T10:07:07.7018906Z ##[endgroup]
server (windows-latest)	Run actions/checkout@v7.0.1	2026-10-06T10:07:07.7025642Z [command]"C:\Program Files\Git\bin\git.exe" sparse-checkout disable
server (windows-latest)	Run actions/checkout@v7.0.1	2026-10-06T10:07:07.7438587Z [command]"C:\Program Files\Git\bin\git.exe" config --local --unset-all extensions.worktreeConfig
server (windows-latest)	Run actions/checkout@v7.0.1	2026-10-06T10:07:07.7719759Z ##[group]Checking out the ref
server (windows-latest)	Run actions/checkout@v7.0.1	2026-10-06T10:07:07.7727579Z [command]"C:\Program Files\Git\bin\git.exe" checkout --progress --force -B main refs/remotes/origin/main
server (windows-latest)	Run actions/checkout@v7.0.1	2026-10-06T10:07:07.9971028Z Switched to a new branch 'main'
server (windows-latest)	Run actions/checkout@v7.0.1	2026-10-06T10:07:08.0030439Z branch 'main' set up to track 'origin/main'.
server (windows-latest)	Run actions/checkout@v7.0.1	2026-10-06T10:07:08.0082120Z ##[endgroup]
server (windows-latest)	Run actions/checkout@v7.0.1	2026-10-06T10:07:08.0485479Z [command]"C:\Program Files\Git\bin\git.exe" log -1 --format=%H
server (windows-latest)	Run actions/checkout@v7.0.1	2026-10-06T10:07:08.0765431Z f12b30345c7255bdceb4d0e6b32405f5c48dd5b6
server (windows-latest)	Install pinned Rust toolchain	﻿2026-10-06T10:07:08.1246839Z ##[group]Run rustup toolchain install 1.99.0 --profile minimal --component rustfmt --component clippy
server (windows-latest)	Install pinned Rust toolchain	2026-10-06T10:07:08.1247733Z [36;1mrustup toolchain install 1.99.0 --profile minimal --component rustfmt --component clippy[0m
server (windows-latest)	Install pinned Rust toolchain	2026-10-06T10:07:08.1759780Z shell: C:\Program Files\PowerShell\7\pwsh.EXE -command ". '{0}'"
server (windows-latest)	Install pinned Rust toolchain	2026-10-06T10:07:08.1760316Z ##[endgroup]
server (windows-latest)	Install pinned Rust toolchain	2026-10-06T10:07:09.0366051Z info: syncing channel updates for 1.99.0-x86_64-pc-windows-msvc
server (windows-latest)	Install pinned Rust toolchain	2026-10-06T10:07:09.5867968Z info: latest update on 2026-10-01 for version 1.99.0 (b940084d7 2026-09-28)
server (windows-latest)	Install pinned Rust toolchain	2026-10-06T10:07:09.5947575Z info: downloading 5 components
server (windows-latest)	Install pinned Rust toolchain	2026-10-06T10:07:18.8439237Z
server (windows-latest)	Install pinned Rust toolchain	2026-10-06T10:07:18.8744090Z   1.99.0-x86_64-pc-windows-msvc installed - rustc 1.99.0 (b940084d7 2026-09-28)
server (windows-latest)	Install pinned Rust toolchain	2026-10-06T10:07:18.8744976Z
server (windows-latest)	Run actions/setup-node@v7.0.0	﻿2026-10-06T10:07:19.0254090Z ##[group]Run actions/setup-node@v7.0.0
server (windows-latest)	Run actions/setup-node@v7.0.0	2026-10-06T10:07:19.0254446Z with:
server (windows-latest)	Run actions/setup-node@v7.0.0	2026-10-06T10:07:19.0254633Z   node-version: 24.4.0
server (windows-latest)	Run actions/setup-node@v7.0.0	2026-10-06T10:07:19.0254831Z   cache: npm
server (windows-latest)	Run actions/setup-node@v7.0.0	2026-10-06T10:07:19.0255063Z   cache-dependency-path: client/package-lock.json
server (windows-latest)	Run actions/setup-node@v7.0.0	2026-10-06T10:07:19.0255366Z   check-latest: false
server (windows-latest)	Run actions/setup-node@v7.0.0	2026-10-06T10:07:19.0258533Z   token: ***
server (windows-latest)	Run actions/setup-node@v7.0.0	2026-10-06T10:07:19.0258755Z   package-manager-cache: true
server (windows-latest)	Run actions/setup-node@v7.0.0	2026-10-06T10:07:19.0259013Z ##[endgroup]
server (windows-latest)	Run actions/setup-node@v7.0.0	2026-10-06T10:07:19.1891178Z Attempting to download 24.4.0...
server (windows-latest)	Run actions/setup-node@v7.0.0	2026-10-06T10:07:19.6623857Z Acquiring 24.4.0 - x64 from https://github.com/actions/node-versions/releases/download/24.4.0-16210503505/node-24.4.0-win32-x64.7z
server (windows-latest)	Run actions/setup-node@v7.0.0	2026-10-06T10:07:20.1593054Z Extracting ...
server (windows-latest)	Run actions/setup-node@v7.0.0	2026-10-06T10:07:22.6790694Z Adding to the cache ...
server (windows-latest)	Run actions/setup-node@v7.0.0	2026-10-06T10:07:26.8074151Z ##[group]Environment details
server (windows-latest)	Run actions/setup-node@v7.0.0	2026-10-06T10:07:28.1708873Z node: v24.4.0
server (windows-latest)	Run actions/setup-node@v7.0.0	2026-10-06T10:07:28.1709263Z npm: 11.4.2
server (windows-latest)	Run actions/setup-node@v7.0.0	2026-10-06T10:07:28.1709450Z yarn: 1.22.22
server (windows-latest)	Run actions/setup-node@v7.0.0	2026-10-06T10:07:28.1709882Z ##[endgroup]
server (windows-latest)	Run actions/setup-node@v7.0.0	2026-10-06T10:07:28.2434989Z [command]C:\Windows\system32\cmd.exe /D /S /C "C:\hostedtoolcache\windows\node\24.4.0\x64\npm.cmd config get cache"
server (windows-latest)	Run actions/setup-node@v7.0.0	2026-10-06T10:07:28.5175188Z C:\npm\cache
server (windows-latest)	Run actions/setup-node@v7.0.0	2026-10-06T10:07:28.9681156Z npm cache is not found
server (windows-latest)	Build embedded production client before Rust server	﻿2026-10-06T10:07:29.0026275Z ##[group]Run npm --prefix client ci
server (windows-latest)	Build embedded production client before Rust server	2026-10-06T10:07:29.0026674Z [36;1mnpm --prefix client ci[0m
server (windows-latest)	Build embedded production client before Rust server	2026-10-06T10:07:29.0026951Z [36;1mnpm --prefix client run build[0m
server (windows-latest)	Build embedded production client before Rust server	2026-10-06T10:07:29.0101381Z shell: C:\Program Files\PowerShell\7\pwsh.EXE -command ". '{0}'"
server (windows-latest)	Build embedded production client before Rust server	2026-10-06T10:07:29.0101739Z ##[endgroup]
server (windows-latest)	Build embedded production client before Rust server	2026-10-06T10:07:32.2462171Z
server (windows-latest)	Build embedded production client before Rust server	2026-10-06T10:07:32.2470200Z added 94 packages, and audited 95 packages in 3s
server (windows-latest)	Build embedded production client before Rust server	2026-10-06T10:07:32.2470691Z
server (windows-latest)	Build embedded production client before Rust server	2026-10-06T10:07:32.2470957Z 22 packages are looking for funding
server (windows-latest)	Build embedded production client before Rust server	2026-10-06T10:07:32.2471443Z   run `npm fund` for details
server (windows-latest)	Build embedded production client before Rust server	2026-10-06T10:07:32.2475480Z
server (windows-latest)	Build embedded production client before Rust server	2026-10-06T10:07:32.2475829Z found 0 vulnerabilities
server (windows-latest)	Build embedded production client before Rust server	2026-10-06T10:07:34.2180638Z
server (windows-latest)	Build embedded production client before Rust server	2026-10-06T10:07:34.2181378Z > openhoi-client@0.1.0 build
server (windows-latest)	Build embedded production client before Rust server	2026-10-06T10:07:34.2182157Z > tsc --noEmit && vite build
server (windows-latest)	Build embedded production client before Rust server	2026-10-06T10:07:34.2182570Z
server (windows-latest)	Build embedded production client before Rust server	2026-10-06T10:07:34.8147086Z [36mvite v8.3.3 [32mbuilding client environment for production...[36m[39m
server (windows-latest)	Build embedded production client before Rust server	2026-10-06T10:07:34.8274376Z transforming...
server (windows-latest)	Build embedded production client before Rust server	2026-10-06T10:07:34.8932796Z ✓ 36 modules transformed.
server (windows-latest)	Build embedded production client before Rust server	2026-10-06T10:07:34.9169991Z rendering chunks...
server (windows-latest)	Build embedded production client before Rust server	2026-10-06T10:07:34.9578056Z computing gzip size...
server (windows-latest)	Build embedded production client before Rust server	2026-10-06T10:07:34.9624236Z dist/index.html                   0.36 kB │ gzip:  0.25 kB
server (windows-latest)	Build embedded production client before Rust server	2026-10-06T10:07:34.9625278Z dist/assets/index-Clqajp1P.css    1.05 kB │ gzip:  0.56 kB
server (windows-latest)	Build embedded production client before Rust server	2026-10-06T10:07:34.9626550Z dist/assets/index-B5ffLlxA.js   245.50 kB │ gzip: 76.24 kB
server (windows-latest)	Build embedded production client before Rust server	2026-10-06T10:07:34.9627008Z
server (windows-latest)	Build embedded production client before Rust server	2026-10-06T10:07:34.9629689Z [32m✓ built in 147ms[39m
server (windows-latest)	Run cargo fmt --check	﻿2026-10-06T10:07:35.5292452Z ##[group]Run cargo fmt --check
server (windows-latest)	Run cargo fmt --check	2026-10-06T10:07:35.5292825Z [36;1mcargo fmt --check[0m
server (windows-latest)	Run cargo fmt --check	2026-10-06T10:07:35.5360912Z shell: C:\Program Files\PowerShell\7\pwsh.EXE -command ". '{0}'"
server (windows-latest)	Run cargo fmt --check	2026-10-06T10:07:35.5361262Z ##[endgroup]
server (windows-latest)	Run cargo clippy --workspace --locked -- -D warnings	﻿2026-10-06T10:07:37.0918872Z ##[group]Run cargo clippy --workspace --locked -- -D warnings
server (windows-latest)	Run cargo clippy --workspace --locked -- -D warnings	2026-10-06T10:07:37.0919673Z [36;1mcargo clippy --workspace --locked -- -D warnings[0m
server (windows-latest)	Run cargo clippy --workspace --locked -- -D warnings	2026-10-06T10:07:37.0988338Z shell: C:\Program Files\PowerShell\7\pwsh.EXE -command ". '{0}'"
server (windows-latest)	Run cargo clippy --workspace --locked -- -D warnings	2026-10-06T10:07:37.0988692Z ##[endgroup]
server (windows-latest)	Run cargo clippy --workspace --locked -- -D warnings	2026-10-06T10:07:37.9586649Z     Updating crates.io index
server (windows-latest)	Run cargo clippy --workspace --locked -- -D warnings	2026-10-06T10:07:38.5488562Z  Downloading crates ...
server (windows-latest)	Run cargo clippy --workspace --locked -- -D warnings	2026-10-06T10:07:38.6738800Z   Downloaded atomic-waker v1.1.2
server (windows-latest)	Run cargo clippy --workspace --locked -- -D warnings	2026-10-06T10:07:38.6876846Z   Downloaded block-buffer v0.10.4
server (windows-latest)	Run cargo clippy --workspace --locked -- -D warnings	2026-10-06T10:07:38.7032587Z   Downloaded az v1.3.0
server (windows-latest)	Run cargo clippy --workspace --locked -- -D warnings	2026-10-06T10:07:38.7677531Z   Downloaded crypto-common v0.1.7
server (windows-latest)	Run cargo clippy --workspace --locked -- -D warnings	2026-10-06T10:07:38.7782025Z   Downloaded dyn-clone v1.0.20
server (windows-latest)	Run cargo clippy --workspace --locked -- -D warnings	2026-10-06T10:07:38.7973484Z   Downloaded autocfg v1.5.1
server (windows-latest)	Run cargo clippy --workspace --locked -- -D warnings	2026-10-06T10:07:38.8141843Z   Downloaded zmij v1.0.23
server (windows-latest)	Run cargo clippy --workspace --locked -- -D warnings	2026-10-06T10:07:38.8291158Z   Downloaded futures-task v0.3.34
server (windows-latest)	Run cargo clippy --workspace --locked -- -D warnings	2026-10-06T10:07:38.8460323Z   Downloaded cpufeatures v0.2.17
server (windows-latest)	Run cargo clippy --workspace --locked -- -D warnings	2026-10-06T10:07:38.8598311Z   Downloaded cobs v0.3.0
server (windows-latest)	Run cargo clippy --workspace --locked -- -D warnings	2026-10-06T10:07:38.8744743Z   Downloaded futures-core v0.3.34
server (windows-latest)	Run cargo clippy --workspace --locked -- -D warnings	2026-10-06T10:07:38.8916827Z   Downloaded half v2.7.1
server (windows-latest)	Run cargo clippy --workspace --locked -- -D warnings	2026-10-06T10:07:38.9215639Z   Downloaded generic-array v0.14.7
server (windows-latest)	Run cargo clippy --workspace --locked -- -D warnings	2026-10-06T10:07:38.9347056Z   Downloaded futures-sink v0.3.34
server (windows-latest)	Run cargo clippy --workspace --locked -- -D warnings	2026-10-06T10:07:38.9534009Z   Downloaded itoa v1.0.18
server (windows-latest)	Run cargo clippy --workspace --locked -- -D warnings	2026-10-06T10:07:38.9697640Z   Downloaded percent-encoding v2.3.2
server (windows-latest)	Run cargo clippy --workspace --locked -- -D warnings	2026-10-06T10:07:38.9814364Z   Downloaded embedded-io v0.4.0
server (windows-latest)	Run cargo clippy --workspace --locked -- -D warnings	2026-10-06T10:07:39.0001118Z   Downloaded equivalent v1.0.2
server (windows-latest)	Run cargo clippy --workspace --locked -- -D warnings	2026-10-06T10:07:39.0106818Z   Downloaded serde_spanned v1.1.1
server (windows-latest)	Run cargo clippy --workspace --locked -- -D warnings	2026-10-06T10:07:39.0241163Z   Downloaded ref-cast v1.0.27
server (windows-latest)	Run cargo clippy --workspace --locked -- -D warnings	2026-10-06T10:07:39.0565462Z   Downloaded cfg-if v1.0.5
server (windows-latest)	Run cargo clippy --workspace --locked -- -D warnings	2026-10-06T10:07:39.0715683Z   Downloaded embedded-io v0.6.1
server (windows-latest)	Run cargo clippy --workspace --locked -- -D warnings	2026-10-06T10:07:39.0838994Z   Downloaded axum-core v0.5.6
server (windows-latest)	Run cargo clippy --workspace --locked -- -D warnings	2026-10-06T10:07:39.1070861Z   Downloaded digest v0.10.7
server (windows-latest)	Run cargo clippy --workspace --locked -- -D warnings	2026-10-06T10:07:39.1242056Z   Downloaded ref-cast-impl v1.0.27
server (windows-latest)	Run cargo clippy --workspace --locked -- -D warnings	2026-10-06T10:07:39.1316302Z   Downloaded tokio-macros v2.7.2
server (windows-latest)	Run cargo clippy --workspace --locked -- -D warnings	2026-10-06T10:07:39.1404983Z   Downloaded tower-layer v0.3.3
server (windows-latest)	Run cargo clippy --workspace --locked -- -D warnings	2026-10-06T10:07:39.1531663Z   Downloaded version_check v0.9.5
server (windows-latest)	Run cargo clippy --workspace --locked -- -D warnings	2026-10-06T10:07:39.1643770Z   Downloaded http-body v1.1.0
server (windows-latest)	Run cargo clippy --workspace --locked -- -D warnings	2026-10-06T10:07:39.1753357Z   Downloaded httpdate v1.0.3
server (windows-latest)	Run cargo clippy --workspace --locked -- -D warnings	2026-10-06T10:07:39.7631502Z   Downloaded mime v0.3.17
server (windows-latest)	Run cargo clippy --workspace --locked -- -D warnings	2026-10-06T10:07:39.7768369Z   Downloaded sha1 v0.10.7
server (windows-latest)	Run cargo clippy --workspace --locked -- -D warnings	2026-10-06T10:07:39.7935867Z   Downloaded sync_wrapper v1.0.2
server (windows-latest)	Run cargo clippy --workspace --locked -- -D warnings	2026-10-06T10:07:39.8007263Z   Downloaded tower-service v0.3.3
server (windows-latest)	Run cargo clippy --workspace --locked -- -D warnings	2026-10-06T10:07:39.8108298Z   Downloaded winapi-util v0.1.11
server (windows-latest)	Run cargo clippy --workspace --locked -- -D warnings	2026-10-06T10:07:39.8239646Z   Downloaded windows-link v0.2.1
server (windows-latest)	Run cargo clippy --workspace --locked -- -D warnings	2026-10-06T10:07:39.8313041Z   Downloaded ppv-lite86 v0.2.21
server (windows-latest)	Run cargo clippy --workspace --locked -- -D warnings	2026-10-06T10:07:39.8436435Z   Downloaded schemars_derive v1.2.2
server (windows-latest)	Run cargo clippy --workspace --locked -- -D warnings	2026-10-06T10:07:39.8660305Z   Downloaded pin-project-lite v0.2.17
server (windows-latest)	Run cargo clippy --workspace --locked -- -D warnings	2026-10-06T10:07:39.9369319Z   Downloaded quote v1.0.47
server (windows-latest)	Run cargo clippy --workspace --locked -- -D warnings	2026-10-06T10:07:39.9699500Z   Downloaded rand_chacha v0.9.0
server (windows-latest)	Run cargo clippy --workspace --locked -- -D warnings	2026-10-06T10:07:39.9806900Z   Downloaded rand_chacha v0.10.0
server (windows-latest)	Run cargo clippy --workspace --locked -- -D warnings	2026-10-06T10:07:39.9949577Z   Downloaded rand_core v0.9.5
server (windows-latest)	Run cargo clippy --workspace --locked -- -D warnings	2026-10-06T10:07:40.0058634Z   Downloaded rmp-serde v1.3.1
server (windows-latest)	Run cargo clippy --workspace --locked -- -D warnings	2026-10-06T10:07:40.0213256Z   Downloaded serde_derive_internals v0.30.0
server (windows-latest)	Run cargo clippy --workspace --locked -- -D warnings	2026-10-06T10:07:40.0387107Z   Downloaded slab v0.4.12
server (windows-latest)	Run cargo clippy --workspace --locked -- -D warnings	2026-10-06T10:07:40.0500810Z   Downloaded thiserror v2.0.21
server (windows-latest)	Run cargo clippy --workspace --locked -- -D warnings	2026-10-06T10:07:40.1339724Z   Downloaded thiserror-impl v2.0.21
server (windows-latest)	Run cargo clippy --workspace --locked -- -D warnings	2026-10-06T10:07:40.1555095Z   Downloaded tokio-tungstenite v0.29.0
server (windows-latest)	Run cargo clippy --workspace --locked -- -D warnings	2026-10-06T10:07:40.1787106Z   Downloaded toml_writer v1.1.2+spec-1.1.0
server (windows-latest)	Run cargo clippy --workspace --locked -- -D warnings	2026-10-06T10:07:40.1894286Z   Downloaded ts-rs-macros v12.0.1
server (windows-latest)	Run cargo clippy --workspace --locked -- -D warnings	2026-10-06T10:07:40.4173821Z   Downloaded bytemuck v1.25.2
server (windows-latest)	Run cargo clippy --workspace --locked -- -D warnings	2026-10-06T10:07:40.4459955Z   Downloaded data-encoding v2.11.1
server (windows-latest)	Run cargo clippy --workspace --locked -- -D warnings	2026-10-06T10:07:40.4524756Z   Downloaded futures-channel v0.3.34
server (windows-latest)	Run cargo clippy --workspace --locked -- -D warnings	2026-10-06T10:07:40.4673126Z   Downloaded getrandom v0.3.4
server (windows-latest)	Run cargo clippy --workspace --locked -- -D warnings	2026-10-06T10:07:40.4970566Z   Downloaded http-body-util v0.1.5
server (windows-latest)	Run cargo clippy --workspace --locked -- -D warnings	2026-10-06T10:07:40.5159997Z   Downloaded log v0.4.34
server (windows-latest)	Run cargo clippy --workspace --locked -- -D warnings	2026-10-06T10:07:40.5343165Z   Downloaded matchit v0.8.4
server (windows-latest)	Run cargo clippy --workspace --locked -- -D warnings	2026-10-06T10:07:40.5502449Z   Downloaded rand_core v0.10.1
server (windows-latest)	Run cargo clippy --workspace --locked -- -D warnings	2026-10-06T10:07:40.5665745Z   Downloaded rmp v0.8.15
server (windows-latest)	Run cargo clippy --workspace --locked -- -D warnings	2026-10-06T10:07:40.6034595Z   Downloaded serde_core v1.0.229
server (windows-latest)	Run cargo clippy --workspace --locked -- -D warnings	2026-10-06T10:07:40.6236377Z   Downloaded smallvec v1.16.2
server (windows-latest)	Run cargo clippy --workspace --locked -- -D warnings	2026-10-06T10:07:40.6325652Z   Downloaded termcolor v1.4.1
server (windows-latest)	Run cargo clippy --workspace --locked -- -D warnings	2026-10-06T10:07:40.6418402Z   Downloaded toml_datetime v1.1.1+spec-1.1.0
server (windows-latest)	Run cargo clippy --workspace --locked -- -D warnings	2026-10-06T10:07:40.6531544Z   Downloaded toml_parser v1.1.3+spec-1.1.0
server (windows-latest)	Run cargo clippy --workspace --locked -- -D warnings	2026-10-06T10:07:40.6697657Z   Downloaded unicode-ident v1.0.26
server (windows-latest)	Run cargo clippy --workspace --locked -- -D warnings	2026-10-06T10:07:40.6930631Z   Downloaded axum v0.8.9
server (windows-latest)	Run cargo clippy --workspace --locked -- -D warnings	2026-10-06T10:07:40.7591512Z   Downloaded bytes v1.12.1
server (windows-latest)	Run cargo clippy --workspace --locked -- -D warnings	2026-10-06T10:07:40.7910467Z   Downloaded httparse v1.10.1
server (windows-latest)	Run cargo clippy --workspace --locked -- -D warnings	2026-10-06T10:07:40.8088960Z   Downloaded num-traits v0.2.19
server (windows-latest)	Run cargo clippy --workspace --locked -- -D warnings	2026-10-06T10:07:40.8303312Z   Downloaded postcard v1.1.3
server (windows-latest)	Run cargo clippy --workspace --locked -- -D warnings	2026-10-06T10:07:40.8484426Z   Downloaded semver v1.0.28
server (windows-latest)	Run cargo clippy --workspace --locked -- -D warnings	2026-10-06T10:07:40.8715362Z   Downloaded serde_derive v1.0.229
server (windows-latest)	Run cargo clippy --workspace --locked -- -D warnings	2026-10-06T10:07:40.8982130Z   Downloaded socket2 v0.6.5
server (windows-latest)	Run cargo clippy --workspace --locked -- -D warnings	2026-10-06T10:07:40.9087044Z   Downloaded toml v1.1.6+spec-1.1.0
server (windows-latest)	Run cargo clippy --workspace --locked -- -D warnings	2026-10-06T10:07:40.9412691Z   Downloaded ts-rs v12.0.1
server (windows-latest)	Run cargo clippy --workspace --locked -- -D warnings	2026-10-06T10:07:40.9992661Z   Downloaded base64 v0.22.1
server (windows-latest)	Run cargo clippy --workspace --locked -- -D warnings	2026-10-06T10:07:41.0310612Z   Downloaded hyper-util v0.1.21
server (windows-latest)	Run cargo clippy --workspace --locked -- -D warnings	2026-10-06T10:07:41.0803193Z   Downloaded proc-macro2 v1.0.107
server (windows-latest)	Run cargo clippy --workspace --locked -- -D warnings	2026-10-06T10:07:41.1056227Z   Downloaded schemars v1.2.2
server (windows-latest)	Run cargo clippy --workspace --locked -- -D warnings	2026-10-06T10:07:41.2730610Z   Downloaded serde v1.0.229
server (windows-latest)	Run cargo clippy --workspace --locked -- -D warnings	2026-10-06T10:07:41.2979573Z   Downloaded tungstenite v0.29.0
server (windows-latest)	Run cargo clippy --workspace --locked -- -D warnings	2026-10-06T10:07:41.3305686Z   Downloaded memchr v2.8.3
server (windows-latest)	Run cargo clippy --workspace --locked -- -D warnings	2026-10-06T10:07:41.3721679Z   Downloaded rand v0.9.5
server (windows-latest)	Run cargo clippy --workspace --locked -- -D warnings	2026-10-06T10:07:41.4015478Z   Downloaded http v1.5.0
server (windows-latest)	Run cargo clippy --workspace --locked -- -D warnings	2026-10-06T10:07:41.4281237Z   Downloaded indexmap v2.14.2
server (windows-latest)	Run cargo clippy --workspace --locked -- -D warnings	2026-10-06T10:07:41.4617866Z   Downloaded mio v1.2.4
server (windows-latest)	Run cargo clippy --workspace --locked -- -D warnings	2026-10-06T10:07:41.5121649Z   Downloaded tower v0.5.3
server (windows-latest)	Run cargo clippy --workspace --locked -- -D warnings	2026-10-06T10:07:41.6059864Z   Downloaded typenum v1.20.1
server (windows-latest)	Run cargo clippy --workspace --locked -- -D warnings	2026-10-06T10:07:42.2013903Z   Downloaded zerocopy-derive v0.8.60
server (windows-latest)	Run cargo clippy --workspace --locked -- -D warnings	2026-10-06T10:07:42.3231354Z   Downloaded futures-util v0.3.34
server (windows-latest)	Run cargo clippy --workspace --locked -- -D warnings	2026-10-06T10:07:42.4690527Z   Downloaded hashbrown v0.17.1
server (windows-latest)	Run cargo clippy --workspace --locked -- -D warnings	2026-10-06T10:07:42.5040289Z   Downloaded serde_json v1.0.151
server (windows-latest)	Run cargo clippy --workspace --locked -- -D warnings	2026-10-06T10:07:42.5713286Z   Downloaded hyper v1.11.1
server (windows-latest)	Run cargo clippy --workspace --locked -- -D warnings	2026-10-06T10:07:42.6204973Z   Downloaded winnow v1.0.4
server (windows-latest)	Run cargo clippy --workspace --locked -- -D warnings	2026-10-06T10:07:42.7071418Z   Downloaded fixed v1.31.0
server (windows-latest)	Run cargo clippy --workspace --locked -- -D warnings	2026-10-06T10:07:42.7501461Z   Downloaded syn v2.0.119
server (windows-latest)	Run cargo clippy --workspace --locked -- -D warnings	2026-10-06T10:07:42.8252870Z   Downloaded zerocopy v0.8.60
server (windows-latest)	Run cargo clippy --workspace --locked -- -D warnings	2026-10-06T10:07:43.0235530Z   Downloaded syn v3.0.6
server (windows-latest)	Run cargo clippy --workspace --locked -- -D warnings	2026-10-06T10:07:43.5443981Z   Downloaded tokio v1.53.2
server (windows-latest)	Run cargo clippy --workspace --locked -- -D warnings	2026-10-06T10:07:43.9568986Z   Downloaded windows-sys v0.61.2
server (windows-latest)	Run cargo clippy --workspace --locked -- -D warnings	2026-10-06T10:07:44.3950669Z    Compiling proc-macro2 v1.0.107
server (windows-latest)	Run cargo clippy --workspace --locked -- -D warnings	2026-10-06T10:07:44.3951747Z    Compiling quote v1.0.47
server (windows-latest)	Run cargo clippy --workspace --locked -- -D warnings	2026-10-06T10:07:44.3953256Z    Compiling unicode-ident v1.0.26
server (windows-latest)	Run cargo clippy --workspace --locked -- -D warnings	2026-10-06T10:07:44.3954055Z    Compiling serde_core v1.0.229
server (windows-latest)	Run cargo clippy --workspace --locked -- -D warnings	2026-10-06T10:07:44.5309627Z    Compiling zerocopy v0.8.60
server (windows-latest)	Run cargo clippy --workspace --locked -- -D warnings	2026-10-06T10:07:46.4601856Z     Checking itoa v1.0.18
server (windows-latest)	Run cargo clippy --workspace --locked -- -D warnings	2026-10-06T10:07:46.4728512Z     Checking cfg-if v1.0.5
server (windows-latest)	Run cargo clippy --workspace --locked -- -D warnings	2026-10-06T10:07:46.5370022Z     Checking typenum v1.20.1
server (windows-latest)	Run cargo clippy --workspace --locked -- -D warnings	2026-10-06T10:07:46.6488960Z    Compiling thiserror v2.0.21
server (windows-latest)	Run cargo clippy --workspace --locked -- -D warnings	2026-10-06T10:07:47.7620821Z    Compiling syn v3.0.6
server (windows-latest)	Run cargo clippy --workspace --locked -- -D warnings	2026-10-06T10:07:47.7717526Z    Compiling syn v2.0.119
server (windows-latest)	Run cargo clippy --workspace --locked -- -D warnings	2026-10-06T10:07:47.7838172Z    Compiling serde v1.0.229
server (windows-latest)	Run cargo clippy --workspace --locked -- -D warnings	2026-10-06T10:07:48.1953742Z     Checking bytes v1.12.1
server (windows-latest)	Run cargo clippy --workspace --locked -- -D warnings	2026-10-06T10:07:48.8166846Z    Compiling zmij v1.0.23
server (windows-latest)	Run cargo clippy --workspace --locked -- -D warnings	2026-10-06T10:07:49.1709286Z    Compiling version_check v0.9.5
server (windows-latest)	Run cargo clippy --workspace --locked -- -D warnings	2026-10-06T10:07:49.4843602Z    Compiling serde_json v1.0.151
server (windows-latest)	Run cargo clippy --workspace --locked -- -D warnings	2026-10-06T10:07:49.5499932Z    Compiling fixed v1.31.0
server (windows-latest)	Run cargo clippy --workspace --locked -- -D warnings	2026-10-06T10:07:49.7210091Z     Checking memchr v2.8.3
server (windows-latest)	Run cargo clippy --workspace --locked -- -D warnings	2026-10-06T10:07:49.8134247Z    Compiling ref-cast v1.0.27
server (windows-latest)	Run cargo clippy --workspace --locked -- -D warnings	2026-10-06T10:07:50.2841287Z    Compiling generic-array v0.14.7
server (windows-latest)	Run cargo clippy --workspace --locked -- -D warnings	2026-10-06T10:07:50.5482573Z     Checking windows-link v0.2.1
server (windows-latest)	Run cargo clippy --workspace --locked -- -D warnings	2026-10-06T10:07:50.5965692Z     Checking bytemuck v1.25.2
server (windows-latest)	Run cargo clippy --workspace --locked -- -D warnings	2026-10-06T10:07:50.6180587Z     Checking pin-project-lite v0.2.17
server (windows-latest)	Run cargo clippy --workspace --locked -- -D warnings	2026-10-06T10:07:50.6917830Z     Checking futures-core v0.3.34
server (windows-latest)	Run cargo clippy --workspace --locked -- -D warnings	2026-10-06T10:07:50.8023696Z     Checking winnow v1.0.4
server (windows-latest)	Run cargo clippy --workspace --locked -- -D warnings	2026-10-06T10:07:50.8130053Z     Checking rand_core v0.10.1
server (windows-latest)	Run cargo clippy --workspace --locked -- -D warnings	2026-10-06T10:07:50.9683285Z    Compiling serde_derive_internals v0.30.0
server (windows-latest)	Run cargo clippy --workspace --locked -- -D warnings	2026-10-06T10:07:51.2197817Z     Checking az v1.3.0
server (windows-latest)	Run cargo clippy --workspace --locked -- -D warnings	2026-10-06T10:07:52.4061314Z     Checking toml_parser v1.1.3+spec-1.1.0
server (windows-latest)	Run cargo clippy --workspace --locked -- -D warnings	2026-10-06T10:07:52.8796311Z     Checking windows-sys v0.61.2
server (windows-latest)	Run cargo clippy --workspace --locked -- -D warnings	2026-10-06T10:07:53.5449085Z     Checking toml_datetime v1.1.1+spec-1.1.0
server (windows-latest)	Run cargo clippy --workspace --locked -- -D warnings	2026-10-06T10:07:53.7767749Z     Checking serde_spanned v1.1.1
server (windows-latest)	Run cargo clippy --workspace --locked -- -D warnings	2026-10-06T10:07:53.8908498Z     Checking http v1.5.0
server (windows-latest)	Run cargo clippy --workspace --locked -- -D warnings	2026-10-06T10:07:53.9020039Z    Compiling thiserror-impl v2.0.21
server (windows-latest)	Run cargo clippy --workspace --locked -- -D warnings	2026-10-06T10:07:54.7765655Z    Compiling serde_derive v1.0.229
server (windows-latest)	Run cargo clippy --workspace --locked -- -D warnings	2026-10-06T10:07:55.1864931Z    Compiling zerocopy-derive v0.8.60
server (windows-latest)	Run cargo clippy --workspace --locked -- -D warnings	2026-10-06T10:07:55.9227803Z     Checking cobs v0.3.0
server (windows-latest)	Run cargo clippy --workspace --locked -- -D warnings	2026-10-06T10:07:56.0489275Z    Compiling ref-cast-impl v1.0.27
server (windows-latest)	Run cargo clippy --workspace --locked -- -D warnings	2026-10-06T10:07:56.5077475Z    Compiling schemars_derive v1.2.2
server (windows-latest)	Run cargo clippy --workspace --locked -- -D warnings	2026-10-06T10:07:56.7366306Z     Checking toml_writer v1.1.2+spec-1.1.0
server (windows-latest)	Run cargo clippy --workspace --locked -- -D warnings	2026-10-06T10:07:56.9610770Z     Checking dyn-clone v1.0.20
server (windows-latest)	Run cargo clippy --workspace --locked -- -D warnings	2026-10-06T10:07:57.0452552Z    Compiling getrandom v0.3.4
server (windows-latest)	Run cargo clippy --workspace --locked -- -D warnings	2026-10-06T10:07:57.4330807Z     Checking semver v1.0.28
server (windows-latest)	Run cargo clippy --workspace --locked -- -D warnings	2026-10-06T10:07:57.7351187Z     Checking toml v1.1.6+spec-1.1.0
server (windows-latest)	Run cargo clippy --workspace --locked -- -D warnings	2026-10-06T10:07:59.0904685Z    Compiling httparse v1.10.1
server (windows-latest)	Run cargo clippy --workspace --locked -- -D warnings	2026-10-06T10:07:59.5749416Z     Checking mio v1.2.4
server (windows-latest)	Run cargo clippy --workspace --locked -- -D warnings	2026-10-06T10:07:59.7100480Z     Checking socket2 v0.6.5
server (windows-latest)	Run cargo clippy --workspace --locked -- -D warnings	2026-10-06T10:08:00.0094420Z    Compiling tokio-macros v2.7.2
server (windows-latest)	Run cargo clippy --workspace --locked -- -D warnings	2026-10-06T10:08:00.0121080Z    Compiling autocfg v1.5.1
server (windows-latest)	Run cargo clippy --workspace --locked -- -D warnings	2026-10-06T10:08:00.2931914Z     Checking postcard v1.1.3
server (windows-latest)	Run cargo clippy --workspace --locked -- -D warnings	2026-10-06T10:08:00.5962603Z     Checking schemars v1.2.2
server (windows-latest)	Run cargo clippy --workspace --locked -- -D warnings	2026-10-06T10:08:00.9414731Z     Checking tokio v1.53.2
server (windows-latest)	Run cargo clippy --workspace --locked -- -D warnings	2026-10-06T10:08:01.5263877Z    Compiling num-traits v0.2.19
server (windows-latest)	Run cargo clippy --workspace --locked -- -D warnings	2026-10-06T10:08:01.7526809Z     Checking rand_core v0.9.5
server (windows-latest)	Run cargo clippy --workspace --locked -- -D warnings	2026-10-06T10:08:01.9449541Z     Checking block-buffer v0.10.4
server (windows-latest)	Run cargo clippy --workspace --locked -- -D warnings	2026-10-06T10:08:02.0721716Z     Checking crypto-common v0.1.7
server (windows-latest)	Run cargo clippy --workspace --locked -- -D warnings	2026-10-06T10:08:02.4202806Z     Checking http-body v1.1.0
server (windows-latest)	Run cargo clippy --workspace --locked -- -D warnings	2026-10-06T10:08:02.5642541Z    Compiling winapi-util v0.1.11
server (windows-latest)	Run cargo clippy --workspace --locked -- -D warnings	2026-10-06T10:08:02.6553977Z     Checking digest v0.10.7
server (windows-latest)	Run cargo clippy --workspace --locked -- -D warnings	2026-10-06T10:08:02.8488714Z     Checking futures-sink v0.3.34
server (windows-latest)	Run cargo clippy --workspace --locked -- -D warnings	2026-10-06T10:08:02.9137124Z     Checking slab v0.4.12
server (windows-latest)	Run cargo clippy --workspace --locked -- -D warnings	2026-10-06T10:08:02.9697471Z     Checking futures-task v0.3.34
server (windows-latest)	Run cargo clippy --workspace --locked -- -D warnings	2026-10-06T10:08:03.0665741Z     Checking cpufeatures v0.2.17
server (windows-latest)	Run cargo clippy --workspace --locked -- -D warnings	2026-10-06T10:08:03.1212593Z     Checking tower-service v0.3.3
server (windows-latest)	Run cargo clippy --workspace --locked -- -D warnings	2026-10-06T10:08:03.1346670Z     Checking futures-util v0.3.34
server (windows-latest)	Run cargo clippy --workspace --locked -- -D warnings	2026-10-06T10:08:03.1934113Z     Checking sha1 v0.10.7
server (windows-latest)	Run cargo clippy --workspace --locked -- -D warnings	2026-10-06T10:08:03.8884131Z     Checking ppv-lite86 v0.2.21
server (windows-latest)	Run cargo clippy --workspace --locked -- -D warnings	2026-10-06T10:08:04.3141874Z     Checking half v2.7.1
server (windows-latest)	Run cargo clippy --workspace --locked -- -D warnings	2026-10-06T10:08:04.3271209Z     Checking rand_chacha v0.10.0
server (windows-latest)	Run cargo clippy --workspace --locked -- -D warnings	2026-10-06T10:08:04.4946810Z     Checking rand_chacha v0.9.0
server (windows-latest)	Run cargo clippy --workspace --locked -- -D warnings	2026-10-06T10:08:04.7202427Z     Checking rand v0.9.5
server (windows-latest)	Run cargo clippy --workspace --locked -- -D warnings	2026-10-06T10:08:05.2675199Z    Compiling termcolor v1.4.1
server (windows-latest)	Run cargo clippy --workspace --locked -- -D warnings	2026-10-06T10:08:05.3952928Z     Checking futures-channel v0.3.34
server (windows-latest)	Run cargo clippy --workspace --locked -- -D warnings	2026-10-06T10:08:05.6106751Z     Checking tower-layer v0.3.3
server (windows-latest)	Run cargo clippy --workspace --locked -- -D warnings	2026-10-06T10:08:05.7859037Z     Checking data-encoding v2.11.1
server (windows-latest)	Run cargo clippy --workspace --locked -- -D warnings	2026-10-06T10:08:05.8027839Z     Checking sync_wrapper v1.0.2
server (windows-latest)	Run cargo clippy --workspace --locked -- -D warnings	2026-10-06T10:08:05.8703172Z     Checking atomic-waker v1.1.2
server (windows-latest)	Run cargo clippy --workspace --locked -- -D warnings	2026-10-06T10:08:05.9267609Z     Checking log v0.4.34
server (windows-latest)	Run cargo clippy --workspace --locked -- -D warnings	2026-10-06T10:08:05.9384391Z     Checking smallvec v1.16.2
server (windows-latest)	Run cargo clippy --workspace --locked -- -D warnings	2026-10-06T10:08:06.0659407Z     Checking httpdate v1.0.3
server (windows-latest)	Run cargo clippy --workspace --locked -- -D warnings	2026-10-06T10:08:06.1183489Z     Checking tungstenite v0.29.0
server (windows-latest)	Run cargo clippy --workspace --locked -- -D warnings	2026-10-06T10:08:06.1398376Z    Compiling ts-rs-macros v12.0.1
server (windows-latest)	Run cargo clippy --workspace --locked -- -D warnings	2026-10-06T10:08:06.1966280Z     Checking hyper v1.11.1
server (windows-latest)	Run cargo clippy --workspace --locked -- -D warnings	2026-10-06T10:08:06.7141354Z     Checking rmp v0.8.15
server (windows-latest)	Run cargo clippy --workspace --locked -- -D warnings	2026-10-06T10:08:07.0054693Z     Checking http-body-util v0.1.5
server (windows-latest)	Run cargo clippy --workspace --locked -- -D warnings	2026-10-06T10:08:07.0067058Z     Checking mime v0.3.17
server (windows-latest)	Run cargo clippy --workspace --locked -- -D warnings	2026-10-06T10:08:07.1859231Z     Checking hyper-util v0.1.21
server (windows-latest)	Run cargo clippy --workspace --locked -- -D warnings	2026-10-06T10:08:07.3086715Z     Checking axum-core v0.5.6
server (windows-latest)	Run cargo clippy --workspace --locked -- -D warnings	2026-10-06T10:08:07.5025918Z     Checking rmp-serde v1.3.1
server (windows-latest)	Run cargo clippy --workspace --locked -- -D warnings	2026-10-06T10:08:08.0009030Z     Checking tokio-tungstenite v0.29.0
server (windows-latest)	Run cargo clippy --workspace --locked -- -D warnings	2026-10-06T10:08:08.2956840Z     Checking tower v0.5.3
server (windows-latest)	Run cargo clippy --workspace --locked -- -D warnings	2026-10-06T10:08:08.6436673Z     Checking ts-rs v12.0.1
server (windows-latest)	Run cargo clippy --workspace --locked -- -D warnings	2026-10-06T10:08:08.7693213Z    Compiling oh_server v0.1.0 (D:\a\OpenHOI4\OpenHOI4\crates\oh_server)
server (windows-latest)	Run cargo clippy --workspace --locked -- -D warnings	2026-10-06T10:08:08.9856704Z     Checking base64 v0.22.1
server (windows-latest)	Run cargo clippy --workspace --locked -- -D warnings	2026-10-06T10:08:09.0275772Z     Checking percent-encoding v2.3.2
server (windows-latest)	Run cargo clippy --workspace --locked -- -D warnings	2026-10-06T10:08:09.1677329Z     Checking matchit v0.8.4
server (windows-latest)	Run cargo clippy --workspace --locked -- -D warnings	2026-10-06T10:08:09.3480607Z     Checking axum v0.8.9
server (windows-latest)	Run cargo clippy --workspace --locked -- -D warnings	2026-10-06T10:08:14.1055870Z     Checking oh_core v0.1.0 (D:\a\OpenHOI4\OpenHOI4\crates\oh_core)
server (windows-latest)	Run cargo clippy --workspace --locked -- -D warnings	2026-10-06T10:08:14.2588783Z     Checking oh_data v0.1.0 (D:\a\OpenHOI4\OpenHOI4\crates\oh_data)
server (windows-latest)	Run cargo clippy --workspace --locked -- -D warnings	2026-10-06T10:08:14.4575213Z     Checking oh_sim v0.1.0 (D:\a\OpenHOI4\OpenHOI4\crates\oh_sim)
server (windows-latest)	Run cargo clippy --workspace --locked -- -D warnings	2026-10-06T10:08:14.5915649Z     Checking oh_save v0.1.0 (D:\a\OpenHOI4\OpenHOI4\crates\oh_save)
server (windows-latest)	Run cargo clippy --workspace --locked -- -D warnings	2026-10-06T10:08:14.5917297Z     Checking oh_ai v0.1.0 (D:\a\OpenHOI4\OpenHOI4\crates\oh_ai)
server (windows-latest)	Run cargo clippy --workspace --locked -- -D warnings	2026-10-06T10:08:14.5918904Z     Checking oh_proto v0.1.0 (D:\a\OpenHOI4\OpenHOI4\crates\oh_proto)
server (windows-latest)	Run cargo clippy --workspace --locked -- -D warnings	2026-10-06T10:08:14.6411804Z     Checking oh_cli v0.1.0 (D:\a\OpenHOI4\OpenHOI4\crates\oh_cli)
server (windows-latest)	Run cargo clippy --workspace --locked -- -D warnings	2026-10-06T10:08:15.3868845Z     Finished `dev` profile [unoptimized + debuginfo] target(s) in 37.48s
server (windows-latest)	Run cargo build --workspace --locked	﻿2026-10-06T10:08:15.5474864Z ##[group]Run cargo build --workspace --locked
server (windows-latest)	Run cargo build --workspace --locked	2026-10-06T10:08:15.5475306Z [36;1mcargo build --workspace --locked[0m
server (windows-latest)	Run cargo build --workspace --locked	2026-10-06T10:08:15.5545521Z shell: C:\Program Files\PowerShell\7\pwsh.EXE -command ". '{0}'"
server (windows-latest)	Run cargo build --workspace --locked	2026-10-06T10:08:15.5545874Z ##[endgroup]
server (windows-latest)	Run cargo build --workspace --locked	2026-10-06T10:08:16.1260102Z    Compiling serde_core v1.0.229
server (windows-latest)	Run cargo build --workspace --locked	2026-10-06T10:08:16.1260764Z    Compiling itoa v1.0.18
server (windows-latest)	Run cargo build --workspace --locked	2026-10-06T10:08:16.1263925Z    Compiling cfg-if v1.0.5
server (windows-latest)	Run cargo build --workspace --locked	2026-10-06T10:08:16.1264481Z    Compiling zerocopy v0.8.60
server (windows-latest)	Run cargo build --workspace --locked	2026-10-06T10:08:16.1838712Z    Compiling typenum v1.20.1
server (windows-latest)	Run cargo build --workspace --locked	2026-10-06T10:08:16.3695614Z    Compiling windows-link v0.2.1
server (windows-latest)	Run cargo build --workspace --locked	2026-10-06T10:08:16.4254687Z    Compiling thiserror v2.0.21
server (windows-latest)	Run cargo build --workspace --locked	2026-10-06T10:08:16.5365627Z    Compiling bytes v1.12.1
server (windows-latest)	Run cargo build --workspace --locked	2026-10-06T10:08:17.3068365Z    Compiling memchr v2.8.3
server (windows-latest)	Run cargo build --workspace --locked	2026-10-06T10:08:17.6493311Z    Compiling zmij v1.0.23
server (windows-latest)	Run cargo build --workspace --locked	2026-10-06T10:08:18.1068068Z    Compiling cobs v0.3.0
server (windows-latest)	Run cargo build --workspace --locked	2026-10-06T10:08:18.3226417Z    Compiling winnow v1.0.4
server (windows-latest)	Run cargo build --workspace --locked	2026-10-06T10:08:18.5546266Z    Compiling futures-core v0.3.34
server (windows-latest)	Run cargo build --workspace --locked	2026-10-06T10:08:18.7137809Z    Compiling az v1.3.0
server (windows-latest)	Run cargo build --workspace --locked	2026-10-06T10:08:18.8444260Z    Compiling pin-project-lite v0.2.17
server (windows-latest)	Run cargo build --workspace --locked	2026-10-06T10:08:18.9252224Z    Compiling rand_core v0.10.1
server (windows-latest)	Run cargo build --workspace --locked	2026-10-06T10:08:19.0946926Z    Compiling bytemuck v1.25.2
server (windows-latest)	Run cargo build --workspace --locked	2026-10-06T10:08:19.3478346Z    Compiling serde v1.0.229
server (windows-latest)	Run cargo build --workspace --locked	2026-10-06T10:08:19.5693691Z    Compiling toml_datetime v1.1.1+spec-1.1.0
server (windows-latest)	Run cargo build --workspace --locked	2026-10-06T10:08:20.0346447Z    Compiling serde_spanned v1.1.1
server (windows-latest)	Run cargo build --workspace --locked	2026-10-06T10:08:20.1749355Z    Compiling postcard v1.1.3
server (windows-latest)	Run cargo build --workspace --locked	2026-10-06T10:08:20.2641871Z    Compiling serde_json v1.0.151
server (windows-latest)	Run cargo build --workspace --locked	2026-10-06T10:08:20.5630940Z    Compiling toml_parser v1.1.3+spec-1.1.0
server (windows-latest)	Run cargo build --workspace --locked	2026-10-06T10:08:20.6314114Z    Compiling ref-cast v1.0.27
server (windows-latest)	Run cargo build --workspace --locked	2026-10-06T10:08:20.7360506Z    Compiling http v1.5.0
server (windows-latest)	Run cargo build --workspace --locked	2026-10-06T10:08:21.8333947Z    Compiling windows-sys v0.61.2
server (windows-latest)	Run cargo build --workspace --locked	2026-10-06T10:08:22.2275186Z    Compiling ppv-lite86 v0.2.21
server (windows-latest)	Run cargo build --workspace --locked	2026-10-06T10:08:22.3769076Z    Compiling half v2.7.1
server (windows-latest)	Run cargo build --workspace --locked	2026-10-06T10:08:22.5616755Z    Compiling dyn-clone v1.0.20
server (windows-latest)	Run cargo build --workspace --locked	2026-10-06T10:08:22.6980950Z    Compiling rand_chacha v0.10.0
server (windows-latest)	Run cargo build --workspace --locked	2026-10-06T10:08:22.7181363Z    Compiling fixed v1.31.0
server (windows-latest)	Run cargo build --workspace --locked	2026-10-06T10:08:22.7839978Z    Compiling toml_writer v1.1.2+spec-1.1.0
server (windows-latest)	Run cargo build --workspace --locked	2026-10-06T10:08:23.0686040Z    Compiling semver v1.0.28
server (windows-latest)	Run cargo build --workspace --locked	2026-10-06T10:08:23.0930202Z    Compiling toml v1.1.6+spec-1.1.0
server (windows-latest)	Run cargo build --workspace --locked	2026-10-06T10:08:23.6573924Z    Compiling schemars v1.2.2
server (windows-latest)	Run cargo build --workspace --locked	2026-10-06T10:08:26.1394814Z    Compiling generic-array v0.14.7
server (windows-latest)	Run cargo build --workspace --locked	2026-10-06T10:08:26.7593135Z    Compiling getrandom v0.3.4
server (windows-latest)	Run cargo build --workspace --locked	2026-10-06T10:08:26.8994924Z    Compiling mio v1.2.4
server (windows-latest)	Run cargo build --workspace --locked	2026-10-06T10:08:26.9559300Z    Compiling socket2 v0.6.5
server (windows-latest)	Run cargo build --workspace --locked	2026-10-06T10:08:26.9668779Z    Compiling crypto-common v0.1.7
server (windows-latest)	Run cargo build --workspace --locked	2026-10-06T10:08:27.0748192Z    Compiling block-buffer v0.10.4
server (windows-latest)	Run cargo build --workspace --locked	2026-10-06T10:08:27.2452356Z    Compiling rand_core v0.9.5
server (windows-latest)	Run cargo build --workspace --locked	2026-10-06T10:08:27.4975908Z    Compiling tokio v1.53.2
server (windows-latest)	Run cargo build --workspace --locked	2026-10-06T10:08:27.7712398Z    Compiling httparse v1.10.1
server (windows-latest)	Run cargo build --workspace --locked	2026-10-06T10:08:28.2351847Z    Compiling http-body v1.1.0
server (windows-latest)	Run cargo build --workspace --locked	2026-10-06T10:08:28.4038330Z    Compiling rand_chacha v0.9.0
server (windows-latest)	Run cargo build --workspace --locked	2026-10-06T10:08:29.0605719Z    Compiling digest v0.10.7
server (windows-latest)	Run cargo build --workspace --locked	2026-10-06T10:08:29.2929203Z    Compiling slab v0.4.12
server (windows-latest)	Run cargo build --workspace --locked	2026-10-06T10:08:29.5021851Z    Compiling tower-service v0.3.3
server (windows-latest)	Run cargo build --workspace --locked	2026-10-06T10:08:29.5890133Z    Compiling futures-sink v0.3.34
server (windows-latest)	Run cargo build --workspace --locked	2026-10-06T10:08:29.6714616Z    Compiling futures-task v0.3.34
server (windows-latest)	Run cargo build --workspace --locked	2026-10-06T10:08:29.8799640Z    Compiling cpufeatures v0.2.17
server (windows-latest)	Run cargo build --workspace --locked	2026-10-06T10:08:29.9538840Z    Compiling sha1 v0.10.7
server (windows-latest)	Run cargo build --workspace --locked	2026-10-06T10:08:30.2086534Z    Compiling winapi-util v0.1.11
server (windows-latest)	Run cargo build --workspace --locked	2026-10-06T10:08:30.2583401Z    Compiling futures-util v0.3.34
server (windows-latest)	Run cargo build --workspace --locked	2026-10-06T10:08:30.4556597Z    Compiling termcolor v1.4.1
server (windows-latest)	Run cargo build --workspace --locked	2026-10-06T10:08:30.9695787Z    Compiling num-traits v0.2.19
server (windows-latest)	Run cargo build --workspace --locked	2026-10-06T10:08:32.1302388Z    Compiling rand v0.9.5
server (windows-latest)	Run cargo build --workspace --locked	2026-10-06T10:08:33.0641613Z    Compiling futures-channel v0.3.34
server (windows-latest)	Run cargo build --workspace --locked	2026-10-06T10:08:33.3401440Z    Compiling data-encoding v2.11.1
server (windows-latest)	Run cargo build --workspace --locked	2026-10-06T10:08:33.5648913Z    Compiling sync_wrapper v1.0.2
server (windows-latest)	Run cargo build --workspace --locked	2026-10-06T10:08:33.6449585Z    Compiling log v0.4.34
server (windows-latest)	Run cargo build --workspace --locked	2026-10-06T10:08:33.9044028Z    Compiling smallvec v1.16.2
server (windows-latest)	Run cargo build --workspace --locked	2026-10-06T10:08:34.1585852Z    Compiling tower-layer v0.3.3
server (windows-latest)	Run cargo build --workspace --locked	2026-10-06T10:08:34.3694405Z    Compiling httpdate v1.0.3
server (windows-latest)	Run cargo build --workspace --locked	2026-10-06T10:08:34.7026222Z    Compiling atomic-waker v1.1.2
server (windows-latest)	Run cargo build --workspace --locked	2026-10-06T10:08:34.8153404Z    Compiling hyper v1.11.1
server (windows-latest)	Run cargo build --workspace --locked	2026-10-06T10:08:35.1425224Z    Compiling tungstenite v0.29.0
server (windows-latest)	Run cargo build --workspace --locked	2026-10-06T10:08:36.8416019Z    Compiling oh_core v0.1.0 (D:\a\OpenHOI4\OpenHOI4\crates\oh_core)
server (windows-latest)	Run cargo build --workspace --locked	2026-10-06T10:08:36.8901644Z    Compiling rmp v0.8.15
server (windows-latest)	Run cargo build --workspace --locked	2026-10-06T10:08:37.1600445Z    Compiling oh_data v0.1.0 (D:\a\OpenHOI4\OpenHOI4\crates\oh_data)
server (windows-latest)	Run cargo build --workspace --locked	2026-10-06T10:08:37.1961386Z    Compiling ts-rs-macros v12.0.1
server (windows-latest)	Run cargo build --workspace --locked	2026-10-06T10:08:37.2010453Z    Compiling http-body-util v0.1.5
server (windows-latest)	Run cargo build --workspace --locked	2026-10-06T10:08:37.4175043Z    Compiling mime v0.3.17
server (windows-latest)	Run cargo build --workspace --locked	2026-10-06T10:08:37.5325271Z    Compiling rmp-serde v1.3.1
server (windows-latest)	Run cargo build --workspace --locked	2026-10-06T10:08:37.8805532Z    Compiling oh_sim v0.1.0 (D:\a\OpenHOI4\OpenHOI4\crates\oh_sim)
server (windows-latest)	Run cargo build --workspace --locked	2026-10-06T10:08:38.1641258Z    Compiling oh_ai v0.1.0 (D:\a\OpenHOI4\OpenHOI4\crates\oh_ai)
server (windows-latest)	Run cargo build --workspace --locked	2026-10-06T10:08:38.2523271Z    Compiling oh_save v0.1.0 (D:\a\OpenHOI4\OpenHOI4\crates\oh_save)
server (windows-latest)	Run cargo build --workspace --locked	2026-10-06T10:08:38.3129089Z    Compiling axum-core v0.5.6
server (windows-latest)	Run cargo build --workspace --locked	2026-10-06T10:08:38.6388654Z    Compiling tokio-tungstenite v0.29.0
server (windows-latest)	Run cargo build --workspace --locked	2026-10-06T10:08:38.8816750Z    Compiling hyper-util v0.1.21
server (windows-latest)	Run cargo build --workspace --locked	2026-10-06T10:08:39.0435314Z    Compiling tower v0.5.3
server (windows-latest)	Run cargo build --workspace --locked	2026-10-06T10:08:39.3107686Z    Compiling matchit v0.8.4
server (windows-latest)	Run cargo build --workspace --locked	2026-10-06T10:08:39.5967506Z    Compiling base64 v0.22.1
server (windows-latest)	Run cargo build --workspace --locked	2026-10-06T10:08:39.7730292Z    Compiling ts-rs v12.0.1
server (windows-latest)	Run cargo build --workspace --locked	2026-10-06T10:08:39.9465755Z    Compiling percent-encoding v2.3.2
server (windows-latest)	Run cargo build --workspace --locked	2026-10-06T10:08:40.1333679Z    Compiling oh_server v0.1.0 (D:\a\OpenHOI4\OpenHOI4\crates\oh_server)
server (windows-latest)	Run cargo build --workspace --locked	2026-10-06T10:08:40.2091514Z    Compiling axum v0.8.9
server (windows-latest)	Run cargo build --workspace --locked	2026-10-06T10:08:40.5844626Z    Compiling oh_proto v0.1.0 (D:\a\OpenHOI4\OpenHOI4\crates\oh_proto)
server (windows-latest)	Run cargo build --workspace --locked	2026-10-06T10:08:40.6884909Z    Compiling oh_cli v0.1.0 (D:\a\OpenHOI4\OpenHOI4\crates\oh_cli)
server (windows-latest)	Run cargo build --workspace --locked	2026-10-06T10:08:46.9961153Z     Finished `dev` profile [unoptimized + debuginfo] target(s) in 31.11s
server (windows-latest)	Run cargo test --workspace --locked	﻿2026-10-06T10:08:47.1252554Z ##[group]Run cargo test --workspace --locked
server (windows-latest)	Run cargo test --workspace --locked	2026-10-06T10:08:47.1253000Z [36;1mcargo test --workspace --locked[0m
server (windows-latest)	Run cargo test --workspace --locked	2026-10-06T10:08:47.1322130Z shell: C:\Program Files\PowerShell\7\pwsh.EXE -command ". '{0}'"
server (windows-latest)	Run cargo test --workspace --locked	2026-10-06T10:08:47.1322483Z ##[endgroup]
server (windows-latest)	Run cargo test --workspace --locked	2026-10-06T10:08:47.4851075Z  Downloading crates ...
server (windows-latest)	Run cargo test --workspace --locked	2026-10-06T10:08:47.5964770Z   Downloaded unarray v0.1.4
server (windows-latest)	Run cargo test --workspace --locked	2026-10-06T10:08:47.6104848Z   Downloaded rand_xorshift v0.4.0
server (windows-latest)	Run cargo test --workspace --locked	2026-10-06T10:08:47.6195884Z   Downloaded bitflags v2.13.2
server (windows-latest)	Run cargo test --workspace --locked	2026-10-06T10:08:47.6656413Z   Downloaded proptest v1.11.0
server (windows-latest)	Run cargo test --workspace --locked	2026-10-06T10:08:47.7493479Z   Downloaded regex-syntax v0.8.11
server (windows-latest)	Run cargo test --workspace --locked	2026-10-06T10:08:47.8712531Z    Compiling rand_xorshift v0.4.0
server (windows-latest)	Run cargo test --workspace --locked	2026-10-06T10:08:47.8714355Z    Compiling bitflags v2.13.2
server (windows-latest)	Run cargo test --workspace --locked	2026-10-06T10:08:47.8714999Z    Compiling regex-syntax v0.8.11
server (windows-latest)	Run cargo test --workspace --locked	2026-10-06T10:08:47.8717230Z    Compiling unarray v0.1.4
server (windows-latest)	Run cargo test --workspace --locked	2026-10-06T10:08:47.9739915Z    Compiling oh_cli v0.1.0 (D:\a\OpenHOI4\OpenHOI4\crates\oh_cli)
server (windows-latest)	Run cargo test --workspace --locked	2026-10-06T10:08:48.1640033Z    Compiling oh_server v0.1.0 (D:\a\OpenHOI4\OpenHOI4\crates\oh_server)
server (windows-latest)	Run cargo test --workspace --locked	2026-10-06T10:08:48.8375852Z    Compiling oh_proto v0.1.0 (D:\a\OpenHOI4\OpenHOI4\crates\oh_proto)
server (windows-latest)	Run cargo test --workspace --locked	2026-10-06T10:08:50.6578438Z    Compiling oh_save v0.1.0 (D:\a\OpenHOI4\OpenHOI4\crates\oh_save)
server (windows-latest)	Run cargo test --workspace --locked	2026-10-06T10:08:50.8781591Z    Compiling proptest v1.11.0
server (windows-latest)	Run cargo test --workspace --locked	2026-10-06T10:08:50.9789325Z    Compiling oh_ai v0.1.0 (D:\a\OpenHOI4\OpenHOI4\crates\oh_ai)
server (windows-latest)	Run cargo test --workspace --locked	2026-10-06T10:08:51.2921073Z    Compiling oh_sim v0.1.0 (D:\a\OpenHOI4\OpenHOI4\crates\oh_sim)
server (windows-latest)	Run cargo test --workspace --locked	2026-10-06T10:08:51.3419829Z    Compiling oh_data v0.1.0 (D:\a\OpenHOI4\OpenHOI4\crates\oh_data)
server (windows-latest)	Run cargo test --workspace --locked	2026-10-06T10:08:55.7733194Z    Compiling oh_core v0.1.0 (D:\a\OpenHOI4\OpenHOI4\crates\oh_core)
server (windows-latest)	Run cargo test --workspace --locked	2026-10-06T10:08:57.3471559Z     Finished `test` profile [unoptimized + debuginfo] target(s) in 9.90s
server (windows-latest)	Run cargo test --workspace --locked	2026-10-06T10:08:57.3580828Z      Running unittests src\lib.rs (target\debug\deps\oh_ai-cf03f5a12ee89760.exe)
server (windows-latest)	Run cargo test --workspace --locked	2026-10-06T10:08:57.3684495Z
server (windows-latest)	Run cargo test --workspace --locked	2026-10-06T10:08:57.3684947Z running 0 tests
server (windows-latest)	Run cargo test --workspace --locked	2026-10-06T10:08:57.3687798Z
server (windows-latest)	Run cargo test --workspace --locked	2026-10-06T10:08:57.3701481Z test result: ok. 0 passed; 0 failed; 0 ignored; 0 measured; 0 filtered out; finished in 0.00s
server (windows-latest)	Run cargo test --workspace --locked	2026-10-06T10:08:57.3702204Z
server (windows-latest)	Run cargo test --workspace --locked	2026-10-06T10:08:57.3705847Z      Running unittests src\lib.rs (target\debug\deps\oh_cli-7412730ff390ccb1.exe)
server (windows-latest)	Run cargo test --workspace --locked	2026-10-06T10:08:57.3800193Z
server (windows-latest)	Run cargo test --workspace --locked	2026-10-06T10:08:57.3800421Z running 0 tests
server (windows-latest)	Run cargo test --workspace --locked	2026-10-06T10:08:57.3800671Z
server (windows-latest)	Run cargo test --workspace --locked	2026-10-06T10:08:57.3801263Z test result: ok. 0 passed; 0 failed; 0 ignored; 0 measured; 0 filtered out; finished in 0.00s
server (windows-latest)	Run cargo test --workspace --locked	2026-10-06T10:08:57.3801900Z
server (windows-latest)	Run cargo test --workspace --locked	2026-10-06T10:08:57.3817112Z      Running unittests src\main.rs (target\debug\deps\oh_cli-d24245572b49599f.exe)
server (windows-latest)	Run cargo test --workspace --locked	2026-10-06T10:08:57.3911620Z
server (windows-latest)	Run cargo test --workspace --locked	2026-10-06T10:08:57.3911987Z running 0 tests
server (windows-latest)	Run cargo test --workspace --locked	2026-10-06T10:08:57.3912490Z
server (windows-latest)	Run cargo test --workspace --locked	2026-10-06T10:08:57.3913169Z test result: ok. 0 passed; 0 failed; 0 ignored; 0 measured; 0 filtered out; finished in 0.00s
server (windows-latest)	Run cargo test --workspace --locked	2026-10-06T10:08:57.3913813Z
server (windows-latest)	Run cargo test --workspace --locked	2026-10-06T10:08:57.3928846Z      Running tests\run.rs (target\debug\deps\run-fb1aea6eecd257d3.exe)
server (windows-latest)	Run cargo test --workspace --locked	2026-10-06T10:08:57.4023330Z
server (windows-latest)	Run cargo test --workspace --locked	2026-10-06T10:08:57.4023707Z running 5 tests
server (windows-latest)	Run cargo test --workspace --locked	2026-10-06T10:08:57.4085250Z test library_loads_data_epoch_and_rejects_bad_or_nonempty_scenario ... ok
server (windows-latest)	Run cargo test --workspace --locked	2026-10-06T10:08:57.4223830Z test m0_load_boundary_and_help_identify_unique_self_contained_pack ... ok
server (windows-latest)	Run cargo test --workspace --locked	2026-10-06T10:08:57.4385159Z test req_gen_06_ac_m0_02_exact_ticks_and_repeated_hash ... ok
server (windows-latest)	Run cargo test --workspace --locked	2026-10-06T10:08:57.4587684Z test req_gen_06_days_path_is_exact_and_zero_ticks_stays_initial ... ok
server (windows-latest)	Run cargo test --workspace --locked	2026-10-06T10:08:57.4816444Z test cli_rejects_ambiguous_missing_invalid_and_unimplemented_inputs ... ok
server (windows-latest)	Run cargo test --workspace --locked	2026-10-06T10:08:57.4816903Z
server (windows-latest)	Run cargo test --workspace --locked	2026-10-06T10:08:57.4817272Z test result: ok. 5 passed; 0 failed; 0 ignored; 0 measured; 0 filtered out; finished in 0.08s
server (windows-latest)	Run cargo test --workspace --locked	2026-10-06T10:08:57.4817635Z
server (windows-latest)	Run cargo test --workspace --locked	2026-10-06T10:08:57.4834089Z      Running unittests src\lib.rs (target\debug\deps\oh_core-5bcd1590d50e8e9c.exe)
server (windows-latest)	Run cargo test --workspace --locked	2026-10-06T10:08:57.4926631Z
server (windows-latest)	Run cargo test --workspace --locked	2026-10-06T10:08:57.4926839Z running 0 tests
server (windows-latest)	Run cargo test --workspace --locked	2026-10-06T10:08:57.4927059Z
server (windows-latest)	Run cargo test --workspace --locked	2026-10-06T10:08:57.4927640Z test result: ok. 0 passed; 0 failed; 0 ignored; 0 measured; 0 filtered out; finished in 0.00s
server (windows-latest)	Run cargo test --workspace --locked	2026-10-06T10:08:57.4930976Z
server (windows-latest)	Run cargo test --workspace --locked	2026-10-06T10:08:57.4942943Z      Running tests\core.rs (target\debug\deps\core-b42bcf7fad693278.exe)
server (windows-latest)	Run cargo test --workspace --locked	2026-10-06T10:08:57.5035136Z
server (windows-latest)	Run cargo test --workspace --locked	2026-10-06T10:08:57.5035362Z running 16 tests
server (windows-latest)	Run cargo test --workspace --locked	2026-10-06T10:08:57.5042071Z test req_gen_04_fixed_exact_arithmetic_and_rounding ... ok
server (windows-latest)	Run cargo test --workspace --locked	2026-10-06T10:08:57.5044467Z test req_gen_04_fixed_and_id_wire_encoding ... ok
server (windows-latest)	Run cargo test --workspace --locked	2026-10-06T10:08:57.5046285Z test req_gen_04_canonical_map_order_and_strict_decode ... ok
server (windows-latest)	Run cargo test --workspace --locked	2026-10-06T10:08:57.5047285Z test req_gen_04_fnv1a_reference_vectors_and_incremental_hash ... ok
server (windows-latest)	Run cargo test --workspace --locked	2026-10-06T10:08:57.5143958Z test req_gen_04_fixed_checked_arithmetic_matches_integer_reference ... ok
server (windows-latest)	Run cargo test --workspace --locked	2026-10-06T10:08:57.5151414Z test req_gen_04_fixed_serialization_preserves_all_bits ... ok
server (windows-latest)	Run cargo test --workspace --locked	2026-10-06T10:08:57.5157398Z test req_gen_04_rng_order_and_unrelated_draws_do_not_affect_entity_streams ... ok
server (windows-latest)	Run cargo test --workspace --locked	2026-10-06T10:08:57.5173016Z test req_gen_04_rng_tuple_fields_and_entity_domains_are_distinct ... ok
server (windows-latest)	Run cargo test --workspace --locked	2026-10-06T10:08:57.5177082Z test req_gen_04_serialization_errors_are_propagated ... ok
server (windows-latest)	Run cargo test --workspace --locked	2026-10-06T10:08:57.5283785Z test req_gen_04_typed_ids_round_trip ... ok
server (windows-latest)	Run cargo test --workspace --locked	2026-10-06T10:08:57.5288543Z test req_plat_02_chacha8_zero_seed_reference_vector ... ok
server (windows-latest)	Run cargo test --workspace --locked	2026-10-06T10:08:57.5295410Z test req_plat_02_full_diagnostic_matches_independent_reference ... ok
server (windows-latest)	Run cargo test --workspace --locked	2026-10-06T10:08:57.5299259Z test req_plat_02_portable_postcard_hash_vector ... ok
server (windows-latest)	Run cargo test --workspace --locked	2026-10-06T10:08:57.5375333Z test req_gen_04_rng_reconstruction ... ok
server (windows-latest)	Run cargo test --workspace --locked	2026-10-06T10:08:57.5761571Z test req_gen_04_map_permutations_are_canonical ... ok
server (windows-latest)	Run cargo test --workspace --locked	2026-10-06T10:08:57.6717277Z test req_gen_04_fnv_chunking_is_independent ... ok
server (windows-latest)	Run cargo test --workspace --locked	2026-10-06T10:08:57.6717699Z
server (windows-latest)	Run cargo test --workspace --locked	2026-10-06T10:08:57.6719028Z test result: ok. 16 passed; 0 failed; 0 ignored; 0 measured; 0 filtered out; finished in 0.17s
server (windows-latest)	Run cargo test --workspace --locked	2026-10-06T10:08:57.6719808Z
server (windows-latest)	Run cargo test --workspace --locked	2026-10-06T10:08:57.6735854Z      Running unittests src\lib.rs (target\debug\deps\oh_data-6dc99c4b5b48e622.exe)
server (windows-latest)	Run cargo test --workspace --locked	2026-10-06T10:08:57.6829358Z
server (windows-latest)	Run cargo test --workspace --locked	2026-10-06T10:08:57.6829900Z running 0 tests
server (windows-latest)	Run cargo test --workspace --locked	2026-10-06T10:08:57.6831022Z
server (windows-latest)	Run cargo test --workspace --locked	2026-10-06T10:08:57.6831415Z test result: ok. 0 passed; 0 failed; 0 ignored; 0 measured; 0 filtered out; finished in 0.00s
server (windows-latest)	Run cargo test --workspace --locked	2026-10-06T10:08:57.6831789Z
server (windows-latest)	Run cargo test --workspace --locked	2026-10-06T10:08:57.6845335Z      Running tests\loader.rs (target\debug\deps\loader-87bab0561e1735a2.exe)
server (windows-latest)	Run cargo test --workspace --locked	2026-10-06T10:08:57.6941608Z
server (windows-latest)	Run cargo test --workspace --locked	2026-10-06T10:08:57.6941819Z running 12 tests
server (windows-latest)	Run cargo test --workspace --locked	2026-10-06T10:08:57.6981877Z test ac_m0_03_crlf_unicode_error_location ... ok
server (windows-latest)	Run cargo test --workspace --locked	2026-10-06T10:08:57.6983415Z test ac_m0_03_manifest_schema_errors_have_source_locations ... ok
server (windows-latest)	Run cargo test --workspace --locked	2026-10-06T10:08:57.6987363Z test ac_m0_03_missing_file_has_path_and_io_diagnostic ... ok
server (windows-latest)	Run cargo test --workspace --locked	2026-10-06T10:08:57.6989644Z test ac_m0_03_additional_io_and_schema_cases ... ok
server (windows-latest)	Run cargo test --workspace --locked	2026-10-06T10:08:57.6993532Z test ac_m0_03_defines_schema_errors_have_source_locations ... ok
server (windows-latest)	Run cargo test --workspace --locked	2026-10-06T10:08:57.6998484Z test req_gen_02_decimal_precision_does_not_round_through_float ... ok
server (windows-latest)	Run cargo test --workspace --locked	2026-10-06T10:08:57.6999468Z test ac_m0_03_toml_syntax_errors_have_source_locations ... ok
server (windows-latest)	Run cargo test --workspace --locked	2026-10-06T10:08:57.7001961Z test ac_m0_03_schema_snapshots_match_generated_types ... ok
server (windows-latest)	Run cargo test --workspace --locked	2026-10-06T10:08:57.7005874Z test req_gen_02_manifest_and_data_defined_numbers ... ok
server (windows-latest)	Run cargo test --workspace --locked	2026-10-06T10:08:57.7010561Z test req_gen_02_no_gameplay_defaults_in_skeleton ... ok
server (windows-latest)	Run cargo test --workspace --locked	2026-10-06T10:08:57.7013663Z test req_gen_02_values_change_with_data ... ok
server (windows-latest)	Run cargo test --workspace --locked	2026-10-06T10:08:57.7014783Z test req_gen_02_repeat_load_and_order_are_stable ... ok
server (windows-latest)	Run cargo test --workspace --locked	2026-10-06T10:08:57.7015286Z
server (windows-latest)	Run cargo test --workspace --locked	2026-10-06T10:08:57.7015944Z test result: ok. 12 passed; 0 failed; 0 ignored; 0 measured; 0 filtered out; finished in 0.01s
server (windows-latest)	Run cargo test --workspace --locked	2026-10-06T10:08:57.7016573Z
server (windows-latest)	Run cargo test --workspace --locked	2026-10-06T10:08:57.7030504Z      Running unittests src\lib.rs (target\debug\deps\oh_proto-249103aaf19d9507.exe)
server (windows-latest)	Run cargo test --workspace --locked	2026-10-06T10:08:57.7125076Z
server (windows-latest)	Run cargo test --workspace --locked	2026-10-06T10:08:57.7125633Z running 0 tests
server (windows-latest)	Run cargo test --workspace --locked	2026-10-06T10:08:57.7125967Z
server (windows-latest)	Run cargo test --workspace --locked	2026-10-06T10:08:57.7127036Z test result: ok. 0 passed; 0 failed; 0 ignored; 0 measured; 0 filtered out; finished in 0.00s
server (windows-latest)	Run cargo test --workspace --locked	2026-10-06T10:08:57.7127723Z
server (windows-latest)	Run cargo test --workspace --locked	2026-10-06T10:08:57.7141577Z      Running tests\contract.rs (target\debug\deps\contract-c0c68f753f9bb709.exe)
server (windows-latest)	Run cargo test --workspace --locked	2026-10-06T10:08:57.7233990Z
server (windows-latest)	Run cargo test --workspace --locked	2026-10-06T10:08:57.7234208Z running 2 tests
server (windows-latest)	Run cargo test --workspace --locked	2026-10-06T10:08:57.7243599Z test req_net_01_messagepack_roundtrip ... ok
server (windows-latest)	Run cargo test --workspace --locked	2026-10-06T10:08:57.7244406Z test req_net_04_generated_types_are_current ... ok
server (windows-latest)	Run cargo test --workspace --locked	2026-10-06T10:08:57.7245012Z
server (windows-latest)	Run cargo test --workspace --locked	2026-10-06T10:08:57.7245398Z test result: ok. 2 passed; 0 failed; 0 ignored; 0 measured; 0 filtered out; finished in 0.00s
server (windows-latest)	Run cargo test --workspace --locked	2026-10-06T10:08:57.7245797Z
server (windows-latest)	Run cargo test --workspace --locked	2026-10-06T10:08:57.7261122Z      Running unittests src\lib.rs (target\debug\deps\oh_save-77d21713fb905702.exe)
server (windows-latest)	Run cargo test --workspace --locked	2026-10-06T10:08:57.7353812Z
server (windows-latest)	Run cargo test --workspace --locked	2026-10-06T10:08:57.7354008Z running 0 tests
server (windows-latest)	Run cargo test --workspace --locked	2026-10-06T10:08:57.7354246Z
server (windows-latest)	Run cargo test --workspace --locked	2026-10-06T10:08:57.7354856Z test result: ok. 0 passed; 0 failed; 0 ignored; 0 measured; 0 filtered out; finished in 0.00s
server (windows-latest)	Run cargo test --workspace --locked	2026-10-06T10:08:57.7355522Z
server (windows-latest)	Run cargo test --workspace --locked	2026-10-06T10:08:57.7369535Z      Running unittests src\lib.rs (target\debug\deps\oh_server-2883b29d6c1648de.exe)
server (windows-latest)	Run cargo test --workspace --locked	2026-10-06T10:08:57.7465112Z
server (windows-latest)	Run cargo test --workspace --locked	2026-10-06T10:08:57.7465331Z running 1 test
server (windows-latest)	Run cargo test --workspace --locked	2026-10-06T10:08:57.7489546Z test session::tests::req_gen_05_thread_uses_simulation_and_stops_with_queued_input ... ok
server (windows-latest)	Run cargo test --workspace --locked	2026-10-06T10:08:57.7490180Z
server (windows-latest)	Run cargo test --workspace --locked	2026-10-06T10:08:57.7490542Z test result: ok. 1 passed; 0 failed; 0 ignored; 0 measured; 0 filtered out; finished in 0.00s
server (windows-latest)	Run cargo test --workspace --locked	2026-10-06T10:08:57.7490902Z
server (windows-latest)	Run cargo test --workspace --locked	2026-10-06T10:08:57.7506056Z      Running unittests src\main.rs (target\debug\deps\oh_server-67a9bdd2cbe968c9.exe)
server (windows-latest)	Run cargo test --workspace --locked	2026-10-06T10:08:57.7600039Z
server (windows-latest)	Run cargo test --workspace --locked	2026-10-06T10:08:57.7600626Z running 0 tests
server (windows-latest)	Run cargo test --workspace --locked	2026-10-06T10:08:57.7601247Z
server (windows-latest)	Run cargo test --workspace --locked	2026-10-06T10:08:57.7601971Z test result: ok. 0 passed; 0 failed; 0 ignored; 0 measured; 0 filtered out; finished in 0.00s
server (windows-latest)	Run cargo test --workspace --locked	2026-10-06T10:08:57.7602628Z
server (windows-latest)	Run cargo test --workspace --locked	2026-10-06T10:08:57.7616507Z      Running tests\startup.rs (target\debug\deps\startup-9d98640d43253a05.exe)
server (windows-latest)	Run cargo test --workspace --locked	2026-10-06T10:08:57.7712135Z
server (windows-latest)	Run cargo test --workspace --locked	2026-10-06T10:08:57.7712336Z running 2 tests
server (windows-latest)	Run cargo test --workspace --locked	2026-10-06T10:08:57.7857570Z test req_net_06_port_conflict ... ok
server (windows-latest)	Run cargo test --workspace --locked	2026-10-06T10:08:57.8171843Z test req_net_06_help_and_invalid_options ... ok
server (windows-latest)	Run cargo test --workspace --locked	2026-10-06T10:08:57.8172268Z
server (windows-latest)	Run cargo test --workspace --locked	2026-10-06T10:08:57.8173638Z test result: ok. 2 passed; 0 failed; 0 ignored; 0 measured; 0 filtered out; finished in 0.05s
server (windows-latest)	Run cargo test --workspace --locked	2026-10-06T10:08:57.8174033Z
server (windows-latest)	Run cargo test --workspace --locked	2026-10-06T10:08:57.8188595Z      Running unittests src\lib.rs (target\debug\deps\oh_sim-4bd6b2c0c031e98c.exe)
server (windows-latest)	Run cargo test --workspace --locked	2026-10-06T10:08:57.8281485Z
server (windows-latest)	Run cargo test --workspace --locked	2026-10-06T10:08:57.8282019Z running 0 tests
server (windows-latest)	Run cargo test --workspace --locked	2026-10-06T10:08:57.8282320Z
server (windows-latest)	Run cargo test --workspace --locked	2026-10-06T10:08:57.8282997Z test result: ok. 0 passed; 0 failed; 0 ignored; 0 measured; 0 filtered out; finished in 0.00s
server (windows-latest)	Run cargo test --workspace --locked	2026-10-06T10:08:57.8283353Z
server (windows-latest)	Run cargo test --workspace --locked	2026-10-06T10:08:57.8296955Z      Running tests\scheduler.rs (target\debug\deps\scheduler-074ee6f1e4877350.exe)
server (windows-latest)	Run cargo test --workspace --locked	2026-10-06T10:08:57.8389054Z
server (windows-latest)	Run cargo test --workspace --locked	2026-10-06T10:08:57.8389247Z running 8 tests
server (windows-latest)	Run cargo test --workspace --locked	2026-10-06T10:08:57.8396418Z test hash_includes_seed_config_and_pending_commands ... ok
server (windows-latest)	Run cargo test --workspace --locked	2026-10-06T10:08:57.8398069Z test overflow_preserves_state_and_queued_commands_and_pause_still_works ... ok
server (windows-latest)	Run cargo test --workspace --locked	2026-10-06T10:08:57.8399854Z test calendar_leap_year_and_year_boundaries ... ok
server (windows-latest)	Run cargo test --workspace --locked	2026-10-06T10:08:57.8402211Z test req_gen_05_commands_are_sorted_and_future_commands_wait ... ok
server (windows-latest)	Run cargo test --workspace --locked	2026-10-06T10:08:57.8404068Z test req_time_01_pause_resume_and_five_data_driven_speeds ... ok
server (windows-latest)	Run cargo test --workspace --locked	2026-10-06T10:08:57.8404883Z test req_time_02_tick_day_month_snapshot_order ... ok
server (windows-latest)	Run cargo test --workspace --locked	2026-10-06T10:08:57.8406840Z test time_defines_are_required_checked_and_change_host_pacing ... ok
server (windows-latest)	Run cargo test --workspace --locked	2026-10-06T10:08:57.8416634Z test req_gen_01_headless_state_and_hash_are_repeatable ... ok
server (windows-latest)	Run cargo test --workspace --locked	2026-10-06T10:08:57.8417098Z
server (windows-latest)	Run cargo test --workspace --locked	2026-10-06T10:08:57.8418667Z test result: ok. 8 passed; 0 failed; 0 ignored; 0 measured; 0 filtered out; finished in 0.00s
server (windows-latest)	Run cargo test --workspace --locked	2026-10-06T10:08:57.8419348Z
server (windows-latest)	Run cargo test --workspace --locked	2026-10-06T10:08:57.8431726Z    Doc-tests oh_ai
server (windows-latest)	Run cargo test --workspace --locked	2026-10-06T10:08:57.8780947Z
server (windows-latest)	Run cargo test --workspace --locked	2026-10-06T10:08:57.8781263Z running 0 tests
server (windows-latest)	Run cargo test --workspace --locked	2026-10-06T10:08:57.8781514Z
server (windows-latest)	Run cargo test --workspace --locked	2026-10-06T10:08:57.8781888Z test result: ok. 0 passed; 0 failed; 0 ignored; 0 measured; 0 filtered out; finished in 0.00s
server (windows-latest)	Run cargo test --workspace --locked	2026-10-06T10:08:57.8782236Z
server (windows-latest)	Run cargo test --workspace --locked	2026-10-06T10:08:57.8843139Z    Doc-tests oh_cli
server (windows-latest)	Run cargo test --workspace --locked	2026-10-06T10:08:57.9314587Z
server (windows-latest)	Run cargo test --workspace --locked	2026-10-06T10:08:57.9314980Z running 0 tests
server (windows-latest)	Run cargo test --workspace --locked	2026-10-06T10:08:57.9315531Z
server (windows-latest)	Run cargo test --workspace --locked	2026-10-06T10:08:57.9316583Z test result: ok. 0 passed; 0 failed; 0 ignored; 0 measured; 0 filtered out; finished in 0.00s
server (windows-latest)	Run cargo test --workspace --locked	2026-10-06T10:08:57.9317065Z
server (windows-latest)	Run cargo test --workspace --locked	2026-10-06T10:08:57.9380518Z    Doc-tests oh_core
server (windows-latest)	Run cargo test --workspace --locked	2026-10-06T10:08:58.0046044Z
server (windows-latest)	Run cargo test --workspace --locked	2026-10-06T10:08:58.0046645Z running 1 test
server (windows-latest)	Run cargo test --workspace --locked	2026-10-06T10:08:58.0759237Z test crates\oh_core\src\ids.rs - ids (line 7) - compile fail ... ok
server (windows-latest)	Run cargo test --workspace --locked	2026-10-06T10:08:58.0759704Z
server (windows-latest)	Run cargo test --workspace --locked	2026-10-06T10:08:58.0760133Z test result: ok. 1 passed; 0 failed; 0 ignored; 0 measured; 0 filtered out; finished in 0.07s
server (windows-latest)	Run cargo test --workspace --locked	2026-10-06T10:08:58.0760554Z
server (windows-latest)	Run cargo test --workspace --locked	2026-10-06T10:08:58.0830797Z    Doc-tests oh_data
server (windows-latest)	Run cargo test --workspace --locked	2026-10-06T10:08:58.1520070Z
server (windows-latest)	Run cargo test --workspace --locked	2026-10-06T10:08:58.1520511Z running 0 tests
server (windows-latest)	Run cargo test --workspace --locked	2026-10-06T10:08:58.1521031Z
server (windows-latest)	Run cargo test --workspace --locked	2026-10-06T10:08:58.1522024Z test result: ok. 0 passed; 0 failed; 0 ignored; 0 measured; 0 filtered out; finished in 0.00s
server (windows-latest)	Run cargo test --workspace --locked	2026-10-06T10:08:58.1522439Z
server (windows-latest)	Run cargo test --workspace --locked	2026-10-06T10:08:58.1597208Z    Doc-tests oh_proto
server (windows-latest)	Run cargo test --workspace --locked	2026-10-06T10:08:58.2658773Z
server (windows-latest)	Run cargo test --workspace --locked	2026-10-06T10:08:58.2659363Z running 0 tests
server (windows-latest)	Run cargo test --workspace --locked	2026-10-06T10:08:58.2659594Z
server (windows-latest)	Run cargo test --workspace --locked	2026-10-06T10:08:58.2661335Z test result: ok. 0 passed; 0 failed; 0 ignored; 0 measured; 0 filtered out; finished in 0.00s
server (windows-latest)	Run cargo test --workspace --locked	2026-10-06T10:08:58.2662375Z
server (windows-latest)	Run cargo test --workspace --locked	2026-10-06T10:08:58.2741061Z    Doc-tests oh_save
server (windows-latest)	Run cargo test --workspace --locked	2026-10-06T10:08:58.3025164Z
server (windows-latest)	Run cargo test --workspace --locked	2026-10-06T10:08:58.3025428Z running 0 tests
server (windows-latest)	Run cargo test --workspace --locked	2026-10-06T10:08:58.3025669Z
server (windows-latest)	Run cargo test --workspace --locked	2026-10-06T10:08:58.3026123Z test result: ok. 0 passed; 0 failed; 0 ignored; 0 measured; 0 filtered out; finished in 0.00s
server (windows-latest)	Run cargo test --workspace --locked	2026-10-06T10:08:58.3026496Z
server (windows-latest)	Run cargo test --workspace --locked	2026-10-06T10:08:58.3083515Z    Doc-tests oh_server
server (windows-latest)	Run cargo test --workspace --locked	2026-10-06T10:08:58.3849763Z
server (windows-latest)	Run cargo test --workspace --locked	2026-10-06T10:08:58.3850246Z running 0 tests
server (windows-latest)	Run cargo test --workspace --locked	2026-10-06T10:08:58.3850626Z
server (windows-latest)	Run cargo test --workspace --locked	2026-10-06T10:08:58.3851561Z test result: ok. 0 passed; 0 failed; 0 ignored; 0 measured; 0 filtered out; finished in 0.00s
server (windows-latest)	Run cargo test --workspace --locked	2026-10-06T10:08:58.3852269Z
server (windows-latest)	Run cargo test --workspace --locked	2026-10-06T10:08:58.3924567Z    Doc-tests oh_sim
server (windows-latest)	Run cargo test --workspace --locked	2026-10-06T10:08:58.4498394Z
server (windows-latest)	Run cargo test --workspace --locked	2026-10-06T10:08:58.4498797Z running 1 test
server (windows-latest)	Run cargo test --workspace --locked	2026-10-06T10:08:58.5122814Z test crates\oh_sim\src\lib.rs - State (line 64) - compile fail ... ok
server (windows-latest)	Run cargo test --workspace --locked	2026-10-06T10:08:58.5123397Z
server (windows-latest)	Run cargo test --workspace --locked	2026-10-06T10:08:58.5123990Z test result: ok. 1 passed; 0 failed; 0 ignored; 0 measured; 0 filtered out; finished in 0.06s
server (windows-latest)	Run cargo test --workspace --locked	2026-10-06T10:08:58.5124616Z
server (windows-latest)	Run actions/setup-python@v7.0.0	﻿2026-10-06T10:08:58.6710834Z ##[group]Run actions/setup-python@v7.0.0
server (windows-latest)	Run actions/setup-python@v7.0.0	2026-10-06T10:08:58.6711378Z with:
server (windows-latest)	Run actions/setup-python@v7.0.0	2026-10-06T10:08:58.6711690Z   python-version: 3.11
server (windows-latest)	Run actions/setup-python@v7.0.0	2026-10-06T10:08:58.6712042Z   check-latest: false
server (windows-latest)	Run actions/setup-python@v7.0.0	2026-10-06T10:08:58.6718320Z   token: ***
server (windows-latest)	Run actions/setup-python@v7.0.0	2026-10-06T10:08:58.6718697Z   update-environment: true
server (windows-latest)	Run actions/setup-python@v7.0.0	2026-10-06T10:08:58.6719108Z   allow-prereleases: false
server (windows-latest)	Run actions/setup-python@v7.0.0	2026-10-06T10:08:58.6719565Z   freethreaded: false
server (windows-latest)	Run actions/setup-python@v7.0.0	2026-10-06T10:08:58.6719916Z ##[endgroup]
server (windows-latest)	Run actions/setup-python@v7.0.0	2026-10-06T10:08:58.8324622Z ##[group]Installed versions
server (windows-latest)	Run actions/setup-python@v7.0.0	2026-10-06T10:08:58.8509749Z Successfully set up CPython (3.11.9)
server (windows-latest)	Run actions/setup-python@v7.0.0	2026-10-06T10:08:58.8510556Z ##[endgroup]
server (windows-latest)	Enforce simulation dependency boundaries	﻿2026-10-06T10:08:58.8840351Z ##[group]Run python tools/check_architecture.py
server (windows-latest)	Enforce simulation dependency boundaries	2026-10-06T10:08:58.8841012Z [36;1mpython tools/check_architecture.py[0m
server (windows-latest)	Enforce simulation dependency boundaries	2026-10-06T10:08:58.9285936Z shell: C:\Program Files\PowerShell\7\pwsh.EXE -command ". '{0}'"
server (windows-latest)	Enforce simulation dependency boundaries	2026-10-06T10:08:58.9286504Z env:
server (windows-latest)	Enforce simulation dependency boundaries	2026-10-06T10:08:58.9286928Z   pythonLocation: C:\hostedtoolcache\windows\Python\3.11.9\x64
server (windows-latest)	Enforce simulation dependency boundaries	2026-10-06T10:08:58.9287728Z   PKG_CONFIG_PATH: C:\hostedtoolcache\windows\Python\3.11.9\x64/lib/pkgconfig
server (windows-latest)	Enforce simulation dependency boundaries	2026-10-06T10:08:58.9288497Z   Python_ROOT_DIR: C:\hostedtoolcache\windows\Python\3.11.9\x64
server (windows-latest)	Enforce simulation dependency boundaries	2026-10-06T10:08:58.9289177Z   Python2_ROOT_DIR: C:\hostedtoolcache\windows\Python\3.11.9\x64
server (windows-latest)	Enforce simulation dependency boundaries	2026-10-06T10:08:58.9289863Z   Python3_ROOT_DIR: C:\hostedtoolcache\windows\Python\3.11.9\x64
server (windows-latest)	Enforce simulation dependency boundaries	2026-10-06T10:08:58.9290396Z ##[endgroup]
server (windows-latest)	Enforce simulation dependency boundaries	2026-10-06T10:08:59.9942987Z  Downloading crates ...
server (windows-latest)	Enforce simulation dependency boundaries	2026-10-06T10:09:00.0482717Z   Downloaded crunchy v0.2.4
server (windows-latest)	Enforce simulation dependency boundaries	2026-10-06T10:09:00.0592854Z   Downloaded r-efi v5.3.0
server (windows-latest)	Enforce simulation dependency boundaries	2026-10-06T10:09:00.1141077Z   Downloaded errno v0.3.14
server (windows-latest)	Enforce simulation dependency boundaries	2026-10-06T10:09:00.1281000Z   Downloaded signal-hook-registry v1.4.8
server (windows-latest)	Enforce simulation dependency boundaries	2026-10-06T10:09:00.1391295Z   Downloaded wasi v0.11.1+wasi-snapshot-preview1
server (windows-latest)	Enforce simulation dependency boundaries	2026-10-06T10:09:00.1547656Z   Downloaded libc v0.2.190
server (windows-latest)	Enforce simulation dependency boundaries	2026-10-06T10:09:00.5599751Z   Downloaded wasip2 v1.0.4+wasi-0.2.12
server (windows-latest)	Enforce simulation dependency boundaries	2026-10-06T10:09:00.5877154Z   Downloaded wit-bindgen v0.57.1
server (windows-latest)	Enforce simulation dependency boundaries	2026-10-06T10:09:00.8035528Z oh_ai v0.1.0 (D:\a\OpenHOI4\OpenHOI4\crates\oh_ai)
server (windows-latest)	Enforce simulation dependency boundaries	2026-10-06T10:09:00.8037488Z └── oh_sim v0.1.0 (D:\a\OpenHOI4\OpenHOI4\crates\oh_sim)
server (windows-latest)	Enforce simulation dependency boundaries	2026-10-06T10:09:00.8038356Z     ├── oh_core v0.1.0 (D:\a\OpenHOI4\OpenHOI4\crates\oh_core)
server (windows-latest)	Enforce simulation dependency boundaries	2026-10-06T10:09:00.8039035Z     │   ├── fixed v1.31.0
server (windows-latest)	Enforce simulation dependency boundaries	2026-10-06T10:09:00.8039496Z     │   │   ├── az v1.3.0
server (windows-latest)	Enforce simulation dependency boundaries	2026-10-06T10:09:00.8040031Z     │   │   ├── bytemuck v1.25.2
server (windows-latest)	Enforce simulation dependency boundaries	2026-10-06T10:09:00.8040502Z     │   │   ├── half v2.7.1
server (windows-latest)	Enforce simulation dependency boundaries	2026-10-06T10:09:00.8041013Z     │   │   │   ├── cfg-if v1.0.5
server (windows-latest)	Enforce simulation dependency boundaries	2026-10-06T10:09:00.8041579Z     │   │   │   └── zerocopy v0.8.60
server (windows-latest)	Enforce simulation dependency boundaries	2026-10-06T10:09:00.8042236Z     │   │   │       └── zerocopy-derive v0.8.60 (proc-macro)
server (windows-latest)	Enforce simulation dependency boundaries	2026-10-06T10:09:00.8042945Z     │   │   │           ├── proc-macro2 v1.0.107
server (windows-latest)	Enforce simulation dependency boundaries	2026-10-06T10:09:00.8043515Z     │   │   │           │   └── unicode-ident v1.0.26
server (windows-latest)	Enforce simulation dependency boundaries	2026-10-06T10:09:00.8044100Z     │   │   │           ├── quote v1.0.47
server (windows-latest)	Enforce simulation dependency boundaries	2026-10-06T10:09:00.8044685Z     │   │   │           │   └── proc-macro2 v1.0.107 (*)
server (windows-latest)	Enforce simulation dependency boundaries	2026-10-06T10:09:00.8045288Z     │   │   │           └── syn v2.0.119
server (windows-latest)	Enforce simulation dependency boundaries	2026-10-06T10:09:00.8045844Z     │   │   │               ├── proc-macro2 v1.0.107 (*)
server (windows-latest)	Enforce simulation dependency boundaries	2026-10-06T10:09:00.8046414Z     │   │   │               ├── quote v1.0.47 (*)
server (windows-latest)	Enforce simulation dependency boundaries	2026-10-06T10:09:00.8046901Z     │   │   │               └── unicode-ident v1.0.26
server (windows-latest)	Enforce simulation dependency boundaries	2026-10-06T10:09:00.8047281Z     │   │   ├── serde v1.0.229
server (windows-latest)	Enforce simulation dependency boundaries	2026-10-06T10:09:00.8047590Z     │   │   │   ├── serde_core v1.0.229
server (windows-latest)	Enforce simulation dependency boundaries	2026-10-06T10:09:00.8047950Z     │   │   │   └── serde_derive v1.0.229 (proc-macro)
server (windows-latest)	Enforce simulation dependency boundaries	2026-10-06T10:09:00.8048306Z     │   │   │       ├── proc-macro2 v1.0.107 (*)
server (windows-latest)	Enforce simulation dependency boundaries	2026-10-06T10:09:00.8048638Z     │   │   │       ├── quote v1.0.47 (*)
server (windows-latest)	Enforce simulation dependency boundaries	2026-10-06T10:09:00.8048968Z     │   │   │       └── syn v3.0.6
server (windows-latest)	Enforce simulation dependency boundaries	2026-10-06T10:09:00.8049282Z     │   │   │           ├── proc-macro2 v1.0.107 (*)
server (windows-latest)	Enforce simulation dependency boundaries	2026-10-06T10:09:00.8049617Z     │   │   │           ├── quote v1.0.47 (*)
server (windows-latest)	Enforce simulation dependency boundaries	2026-10-06T10:09:00.8049956Z     │   │   │           └── unicode-ident v1.0.26
server (windows-latest)	Enforce simulation dependency boundaries	2026-10-06T10:09:00.8050293Z     │   │   └── typenum v1.20.1
server (windows-latest)	Enforce simulation dependency boundaries	2026-10-06T10:09:00.8050576Z     │   ├── postcard v1.1.3
server (windows-latest)	Enforce simulation dependency boundaries	2026-10-06T10:09:00.8050815Z     │   │   ├── cobs v0.3.0
server (windows-latest)	Enforce simulation dependency boundaries	2026-10-06T10:09:00.8051091Z     │   │   │   └── thiserror v2.0.21
server (windows-latest)	Enforce simulation dependency boundaries	2026-10-06T10:09:00.8051438Z     │   │   │       └── thiserror-impl v2.0.21 (proc-macro)
server (windows-latest)	Enforce simulation dependency boundaries	2026-10-06T10:09:00.8051820Z     │   │   │           ├── proc-macro2 v1.0.107 (*)
server (windows-latest)	Enforce simulation dependency boundaries	2026-10-06T10:09:00.8052418Z     │   │   │           ├── quote v1.0.47 (*)
server (windows-latest)	Enforce simulation dependency boundaries	2026-10-06T10:09:00.8052760Z     │   │   │           └── syn v3.0.6 (*)
server (windows-latest)	Enforce simulation dependency boundaries	2026-10-06T10:09:00.8053058Z     │   │   └── serde v1.0.229 (*)
server (windows-latest)	Enforce simulation dependency boundaries	2026-10-06T10:09:00.8053336Z     │   ├── rand_chacha v0.10.0
server (windows-latest)	Enforce simulation dependency boundaries	2026-10-06T10:09:00.8056365Z     │   │   ├── ppv-lite86 v0.2.21
server (windows-latest)	Enforce simulation dependency boundaries	2026-10-06T10:09:00.8056708Z     │   │   │   └── zerocopy v0.8.60 (*)
server (windows-latest)	Enforce simulation dependency boundaries	2026-10-06T10:09:00.8057032Z     │   │   └── rand_core v0.10.1
server (windows-latest)	Enforce simulation dependency boundaries	2026-10-06T10:09:00.8057308Z     │   └── serde v1.0.229 (*)
server (windows-latest)	Enforce simulation dependency boundaries	2026-10-06T10:09:00.8057683Z     ├── oh_data v0.1.0 (D:\a\OpenHOI4\OpenHOI4\crates\oh_data)
server (windows-latest)	Enforce simulation dependency boundaries	2026-10-06T10:09:00.8058041Z     │   ├── fixed v1.31.0 (*)
server (windows-latest)	Enforce simulation dependency boundaries	2026-10-06T10:09:00.8058456Z     │   ├── oh_core v0.1.0 (D:\a\OpenHOI4\OpenHOI4\crates\oh_core) (*)
server (windows-latest)	Enforce simulation dependency boundaries	2026-10-06T10:09:00.8058818Z     │   ├── schemars v1.2.2
server (windows-latest)	Enforce simulation dependency boundaries	2026-10-06T10:09:00.8059089Z     │   │   ├── dyn-clone v1.0.20
server (windows-latest)	Enforce simulation dependency boundaries	2026-10-06T10:09:00.8059365Z     │   │   ├── ref-cast v1.0.27
server (windows-latest)	Enforce simulation dependency boundaries	2026-10-06T10:09:00.8059690Z     │   │   │   └── ref-cast-impl v1.0.27 (proc-macro)
server (windows-latest)	Enforce simulation dependency boundaries	2026-10-06T10:09:00.8060048Z     │   │   │       ├── proc-macro2 v1.0.107 (*)
server (windows-latest)	Enforce simulation dependency boundaries	2026-10-06T10:09:00.8060374Z     │   │   │       ├── quote v1.0.47 (*)
server (windows-latest)	Enforce simulation dependency boundaries	2026-10-06T10:09:00.8060693Z     │   │   │       └── syn v3.0.6 (*)
server (windows-latest)	Enforce simulation dependency boundaries	2026-10-06T10:09:00.8061024Z     │   │   ├── schemars_derive v1.2.2 (proc-macro)
server (windows-latest)	Enforce simulation dependency boundaries	2026-10-06T10:09:00.8061627Z     │   │   │   ├── proc-macro2 v1.0.107 (*)
server (windows-latest)	Enforce simulation dependency boundaries	2026-10-06T10:09:00.8061961Z     │   │   │   ├── quote v1.0.47 (*)
server (windows-latest)	Enforce simulation dependency boundaries	2026-10-06T10:09:00.8062285Z     │   │   │   ├── serde_derive_internals v0.30.0
server (windows-latest)	Enforce simulation dependency boundaries	2026-10-06T10:09:00.8062638Z     │   │   │   │   ├── proc-macro2 v1.0.107 (*)
server (windows-latest)	Enforce simulation dependency boundaries	2026-10-06T10:09:00.8063155Z     │   │   │   │   ├── quote v1.0.47 (*)
server (windows-latest)	Enforce simulation dependency boundaries	2026-10-06T10:09:00.8063459Z     │   │   │   │   └── syn v3.0.6 (*)
server (windows-latest)	Enforce simulation dependency boundaries	2026-10-06T10:09:00.8063755Z     │   │   │   └── syn v3.0.6 (*)
server (windows-latest)	Enforce simulation dependency boundaries	2026-10-06T10:09:00.8064033Z     │   │   ├── semver v1.0.28
server (windows-latest)	Enforce simulation dependency boundaries	2026-10-06T10:09:00.8064314Z     │   │   ├── serde v1.0.229 (*)
server (windows-latest)	Enforce simulation dependency boundaries	2026-10-06T10:09:00.8064598Z     │   │   └── serde_json v1.0.151
server (windows-latest)	Enforce simulation dependency boundaries	2026-10-06T10:09:00.8064879Z     │   │       ├── itoa v1.0.18
server (windows-latest)	Enforce simulation dependency boundaries	2026-10-06T10:09:00.8065176Z     │   │       ├── memchr v2.8.3
server (windows-latest)	Enforce simulation dependency boundaries	2026-10-06T10:09:00.8065464Z     │   │       ├── serde_core v1.0.229
server (windows-latest)	Enforce simulation dependency boundaries	2026-10-06T10:09:00.8065754Z     │   │       └── zmij v1.0.23
server (windows-latest)	Enforce simulation dependency boundaries	2026-10-06T10:09:00.8066024Z     │   ├── semver v1.0.28
server (windows-latest)	Enforce simulation dependency boundaries	2026-10-06T10:09:00.8066279Z     │   ├── serde v1.0.229 (*)
server (windows-latest)	Enforce simulation dependency boundaries	2026-10-06T10:09:00.8066555Z     │   ├── serde_json v1.0.151 (*)
server (windows-latest)	Enforce simulation dependency boundaries	2026-10-06T10:09:00.8066840Z     │   └── toml v1.1.6+spec-1.1.0
server (windows-latest)	Enforce simulation dependency boundaries	2026-10-06T10:09:00.8067128Z     │       ├── serde_core v1.0.229
server (windows-latest)	Enforce simulation dependency boundaries	2026-10-06T10:09:00.8067415Z     │       ├── serde_spanned v1.1.1
server (windows-latest)	Enforce simulation dependency boundaries	2026-10-06T10:09:00.8067725Z     │       │   └── serde_core v1.0.229
server (windows-latest)	Enforce simulation dependency boundaries	2026-10-06T10:09:00.8068050Z     │       ├── toml_datetime v1.1.1+spec-1.1.0
server (windows-latest)	Enforce simulation dependency boundaries	2026-10-06T10:09:00.8068381Z     │       │   └── serde_core v1.0.229
server (windows-latest)	Enforce simulation dependency boundaries	2026-10-06T10:09:00.8068696Z     │       ├── toml_parser v1.1.3+spec-1.1.0
server (windows-latest)	Enforce simulation dependency boundaries	2026-10-06T10:09:00.8069005Z     │       │   └── winnow v1.0.4
server (windows-latest)	Enforce simulation dependency boundaries	2026-10-06T10:09:00.8069302Z     │       ├── toml_writer v1.1.2+spec-1.1.0
server (windows-latest)	Enforce simulation dependency boundaries	2026-10-06T10:09:00.8069589Z     │       └── winnow v1.0.4
server (windows-latest)	Enforce simulation dependency boundaries	2026-10-06T10:09:00.8069849Z     └── serde v1.0.229 (*)
server (windows-latest)	Enforce simulation dependency boundaries	2026-10-06T10:09:00.9315394Z oh_core v0.1.0 (D:\a\OpenHOI4\OpenHOI4\crates\oh_core)
server (windows-latest)	Enforce simulation dependency boundaries	2026-10-06T10:09:00.9316306Z ├── fixed v1.31.0
server (windows-latest)	Enforce simulation dependency boundaries	2026-10-06T10:09:00.9317114Z │   ├── az v1.3.0
server (windows-latest)	Enforce simulation dependency boundaries	2026-10-06T10:09:00.9317588Z │   ├── bytemuck v1.25.2
server (windows-latest)	Enforce simulation dependency boundaries	2026-10-06T10:09:00.9318028Z │   ├── half v2.7.1
server (windows-latest)	Enforce simulation dependency boundaries	2026-10-06T10:09:00.9318447Z │   │   ├── cfg-if v1.0.5
server (windows-latest)	Enforce simulation dependency boundaries	2026-10-06T10:09:00.9318907Z │   │   └── zerocopy v0.8.60
server (windows-latest)	Enforce simulation dependency boundaries	2026-10-06T10:09:00.9319533Z │   │       └── zerocopy-derive v0.8.60 (proc-macro)
server (windows-latest)	Enforce simulation dependency boundaries	2026-10-06T10:09:00.9320225Z │   │           ├── proc-macro2 v1.0.107
server (windows-latest)	Enforce simulation dependency boundaries	2026-10-06T10:09:00.9320831Z │   │           │   └── unicode-ident v1.0.26
server (windows-latest)	Enforce simulation dependency boundaries	2026-10-06T10:09:00.9321409Z │   │           ├── quote v1.0.47
server (windows-latest)	Enforce simulation dependency boundaries	2026-10-06T10:09:00.9321985Z │   │           │   └── proc-macro2 v1.0.107 (*)
server (windows-latest)	Enforce simulation dependency boundaries	2026-10-06T10:09:00.9322558Z │   │           └── syn v2.0.119
server (windows-latest)	Enforce simulation dependency boundaries	2026-10-06T10:09:00.9323115Z │   │               ├── proc-macro2 v1.0.107 (*)
server (windows-latest)	Enforce simulation dependency boundaries	2026-10-06T10:09:00.9323705Z │   │               ├── quote v1.0.47 (*)
server (windows-latest)	Enforce simulation dependency boundaries	2026-10-06T10:09:00.9324280Z │   │               └── unicode-ident v1.0.26
server (windows-latest)	Enforce simulation dependency boundaries	2026-10-06T10:09:00.9324775Z │   ├── serde v1.0.229
server (windows-latest)	Enforce simulation dependency boundaries	2026-10-06T10:09:00.9326394Z │   │   ├── serde_core v1.0.229
server (windows-latest)	Enforce simulation dependency boundaries	2026-10-06T10:09:00.9326980Z │   │   └── serde_derive v1.0.229 (proc-macro)
server (windows-latest)	Enforce simulation dependency boundaries	2026-10-06T10:09:00.9327597Z │   │       ├── proc-macro2 v1.0.107 (*)
server (windows-latest)	Enforce simulation dependency boundaries	2026-10-06T10:09:00.9328146Z │   │       ├── quote v1.0.47 (*)
server (windows-latest)	Enforce simulation dependency boundaries	2026-10-06T10:09:00.9328603Z │   │       └── syn v3.0.6
server (windows-latest)	Enforce simulation dependency boundaries	2026-10-06T10:09:00.9329109Z │   │           ├── proc-macro2 v1.0.107 (*)
server (windows-latest)	Enforce simulation dependency boundaries	2026-10-06T10:09:00.9330312Z │   │           ├── quote v1.0.47 (*)
server (windows-latest)	Enforce simulation dependency boundaries	2026-10-06T10:09:00.9330888Z │   │           └── unicode-ident v1.0.26
server (windows-latest)	Enforce simulation dependency boundaries	2026-10-06T10:09:00.9331394Z │   └── typenum v1.20.1
server (windows-latest)	Enforce simulation dependency boundaries	2026-10-06T10:09:00.9331791Z ├── postcard v1.1.3
server (windows-latest)	Enforce simulation dependency boundaries	2026-10-06T10:09:00.9332157Z │   ├── cobs v0.3.0
server (windows-latest)	Enforce simulation dependency boundaries	2026-10-06T10:09:00.9332555Z │   │   └── thiserror v2.0.21
server (windows-latest)	Enforce simulation dependency boundaries	2026-10-06T10:09:00.9333125Z │   │       └── thiserror-impl v2.0.21 (proc-macro)
server (windows-latest)	Enforce simulation dependency boundaries	2026-10-06T10:09:00.9333757Z │   │           ├── proc-macro2 v1.0.107 (*)
server (windows-latest)	Enforce simulation dependency boundaries	2026-10-06T10:09:00.9334307Z │   │           ├── quote v1.0.47 (*)
server (windows-latest)	Enforce simulation dependency boundaries	2026-10-06T10:09:00.9334810Z │   │           └── syn v3.0.6 (*)
server (windows-latest)	Enforce simulation dependency boundaries	2026-10-06T10:09:00.9335293Z │   └── serde v1.0.229 (*)
server (windows-latest)	Enforce simulation dependency boundaries	2026-10-06T10:09:00.9335705Z ├── rand_chacha v0.10.0
server (windows-latest)	Enforce simulation dependency boundaries	2026-10-06T10:09:00.9336118Z │   ├── ppv-lite86 v0.2.21
server (windows-latest)	Enforce simulation dependency boundaries	2026-10-06T10:09:00.9336568Z │   │   └── zerocopy v0.8.60 (*)
server (windows-latest)	Enforce simulation dependency boundaries	2026-10-06T10:09:00.9337012Z │   └── rand_core v0.10.1
server (windows-latest)	Enforce simulation dependency boundaries	2026-10-06T10:09:00.9337490Z └── serde v1.0.229 (*)
server (windows-latest)	Enforce simulation dependency boundaries	2026-10-06T10:09:01.0549481Z oh_data v0.1.0 (D:\a\OpenHOI4\OpenHOI4\crates\oh_data)
server (windows-latest)	Enforce simulation dependency boundaries	2026-10-06T10:09:01.0550787Z ├── fixed v1.31.0
server (windows-latest)	Enforce simulation dependency boundaries	2026-10-06T10:09:01.0551202Z │   ├── az v1.3.0
server (windows-latest)	Enforce simulation dependency boundaries	2026-10-06T10:09:01.0551610Z │   ├── bytemuck v1.25.2
server (windows-latest)	Enforce simulation dependency boundaries	2026-10-06T10:09:01.0552026Z │   ├── half v2.7.1
server (windows-latest)	Enforce simulation dependency boundaries	2026-10-06T10:09:01.0552414Z │   │   ├── cfg-if v1.0.5
server (windows-latest)	Enforce simulation dependency boundaries	2026-10-06T10:09:01.0552869Z │   │   └── zerocopy v0.8.60
server (windows-latest)	Enforce simulation dependency boundaries	2026-10-06T10:09:01.0553485Z │   │       └── zerocopy-derive v0.8.60 (proc-macro)
server (windows-latest)	Enforce simulation dependency boundaries	2026-10-06T10:09:01.0554140Z │   │           ├── proc-macro2 v1.0.107
server (windows-latest)	Enforce simulation dependency boundaries	2026-10-06T10:09:01.0554757Z │   │           │   └── unicode-ident v1.0.26
server (windows-latest)	Enforce simulation dependency boundaries	2026-10-06T10:09:01.0555327Z │   │           ├── quote v1.0.47
server (windows-latest)	Enforce simulation dependency boundaries	2026-10-06T10:09:01.0555956Z │   │           │   └── proc-macro2 v1.0.107 (*)
server (windows-latest)	Enforce simulation dependency boundaries	2026-10-06T10:09:01.0556524Z │   │           └── syn v2.0.119
server (windows-latest)	Enforce simulation dependency boundaries	2026-10-06T10:09:01.0557084Z │   │               ├── proc-macro2 v1.0.107 (*)
server (windows-latest)	Enforce simulation dependency boundaries	2026-10-06T10:09:01.0557674Z │   │               ├── quote v1.0.47 (*)
server (windows-latest)	Enforce simulation dependency boundaries	2026-10-06T10:09:01.0558273Z │   │               └── unicode-ident v1.0.26
server (windows-latest)	Enforce simulation dependency boundaries	2026-10-06T10:09:01.0558806Z │   ├── serde v1.0.229
server (windows-latest)	Enforce simulation dependency boundaries	2026-10-06T10:09:01.0559255Z │   │   ├── serde_core v1.0.229
server (windows-latest)	Enforce simulation dependency boundaries	2026-10-06T10:09:01.0559814Z │   │   └── serde_derive v1.0.229 (proc-macro)
server (windows-latest)	Enforce simulation dependency boundaries	2026-10-06T10:09:01.0560416Z │   │       ├── proc-macro2 v1.0.107 (*)
server (windows-latest)	Enforce simulation dependency boundaries	2026-10-06T10:09:01.0560954Z │   │       ├── quote v1.0.47 (*)
server (windows-latest)	Enforce simulation dependency boundaries	2026-10-06T10:09:01.0561406Z │   │       └── syn v3.0.6
server (windows-latest)	Enforce simulation dependency boundaries	2026-10-06T10:09:01.0561924Z │   │           ├── proc-macro2 v1.0.107 (*)
server (windows-latest)	Enforce simulation dependency boundaries	2026-10-06T10:09:01.0562486Z │   │           ├── quote v1.0.47 (*)
server (windows-latest)	Enforce simulation dependency boundaries	2026-10-06T10:09:01.0563034Z │   │           └── unicode-ident v1.0.26
server (windows-latest)	Enforce simulation dependency boundaries	2026-10-06T10:09:01.0563526Z │   └── typenum v1.20.1
server (windows-latest)	Enforce simulation dependency boundaries	2026-10-06T10:09:01.0564455Z ├── oh_core v0.1.0 (D:\a\OpenHOI4\OpenHOI4\crates\oh_core)
server (windows-latest)	Enforce simulation dependency boundaries	2026-10-06T10:09:01.0565061Z │   ├── fixed v1.31.0 (*)
server (windows-latest)	Enforce simulation dependency boundaries	2026-10-06T10:09:01.0565510Z │   ├── postcard v1.1.3
server (windows-latest)	Enforce simulation dependency boundaries	2026-10-06T10:09:01.0565922Z │   │   ├── cobs v0.3.0
server (windows-latest)	Enforce simulation dependency boundaries	2026-10-06T10:09:01.0566688Z │   │   │   └── thiserror v2.0.21
server (windows-latest)	Enforce simulation dependency boundaries	2026-10-06T10:09:01.0567337Z │   │   │       └── thiserror-impl v2.0.21 (proc-macro)
server (windows-latest)	Enforce simulation dependency boundaries	2026-10-06T10:09:01.0568053Z │   │   │           ├── proc-macro2 v1.0.107 (*)
server (windows-latest)	Enforce simulation dependency boundaries	2026-10-06T10:09:01.0568648Z │   │   │           ├── quote v1.0.47 (*)
server (windows-latest)	Enforce simulation dependency boundaries	2026-10-06T10:09:01.0569190Z │   │   │           └── syn v3.0.6 (*)
server (windows-latest)	Enforce simulation dependency boundaries	2026-10-06T10:09:01.0569704Z │   │   └── serde v1.0.229 (*)
server (windows-latest)	Enforce simulation dependency boundaries	2026-10-06T10:09:01.0570151Z │   ├── rand_chacha v0.10.0
server (windows-latest)	Enforce simulation dependency boundaries	2026-10-06T10:09:01.0570624Z │   │   ├── ppv-lite86 v0.2.21
server (windows-latest)	Enforce simulation dependency boundaries	2026-10-06T10:09:01.0571132Z │   │   │   └── zerocopy v0.8.60 (*)
server (windows-latest)	Enforce simulation dependency boundaries	2026-10-06T10:09:01.0571623Z │   │   └── rand_core v0.10.1
server (windows-latest)	Enforce simulation dependency boundaries	2026-10-06T10:09:01.0572060Z │   └── serde v1.0.229 (*)
server (windows-latest)	Enforce simulation dependency boundaries	2026-10-06T10:09:01.0572495Z ├── schemars v1.2.2
server (windows-latest)	Enforce simulation dependency boundaries	2026-10-06T10:09:01.0572886Z │   ├── dyn-clone v1.0.20
server (windows-latest)	Enforce simulation dependency boundaries	2026-10-06T10:09:01.0573306Z │   ├── ref-cast v1.0.27
server (windows-latest)	Enforce simulation dependency boundaries	2026-10-06T10:09:01.0573849Z │   │   └── ref-cast-impl v1.0.27 (proc-macro)
server (windows-latest)	Enforce simulation dependency boundaries	2026-10-06T10:09:01.0574446Z │   │       ├── proc-macro2 v1.0.107 (*)
server (windows-latest)	Enforce simulation dependency boundaries	2026-10-06T10:09:01.0574993Z │   │       ├── quote v1.0.47 (*)
server (windows-latest)	Enforce simulation dependency boundaries	2026-10-06T10:09:01.0575704Z │   │       └── syn v3.0.6 (*)
server (windows-latest)	Enforce simulation dependency boundaries	2026-10-06T10:09:01.0576240Z │   ├── schemars_derive v1.2.2 (proc-macro)
server (windows-latest)	Enforce simulation dependency boundaries	2026-10-06T10:09:01.0576820Z │   │   ├── proc-macro2 v1.0.107 (*)
server (windows-latest)	Enforce simulation dependency boundaries	2026-10-06T10:09:01.0577314Z │   │   ├── quote v1.0.47 (*)
server (windows-latest)	Enforce simulation dependency boundaries	2026-10-06T10:09:01.0577843Z │   │   ├── serde_derive_internals v0.30.0
server (windows-latest)	Enforce simulation dependency boundaries	2026-10-06T10:09:01.0578431Z │   │   │   ├── proc-macro2 v1.0.107 (*)
server (windows-latest)	Enforce simulation dependency boundaries	2026-10-06T10:09:01.0578967Z │   │   │   ├── quote v1.0.47 (*)
server (windows-latest)	Enforce simulation dependency boundaries	2026-10-06T10:09:01.0579450Z │   │   │   └── syn v3.0.6 (*)
server (windows-latest)	Enforce simulation dependency boundaries	2026-10-06T10:09:01.0579880Z │   │   └── syn v3.0.6 (*)
server (windows-latest)	Enforce simulation dependency boundaries	2026-10-06T10:09:01.0580298Z │   ├── semver v1.0.28
server (windows-latest)	Enforce simulation dependency boundaries	2026-10-06T10:09:01.0580711Z │   ├── serde v1.0.229 (*)
server (windows-latest)	Enforce simulation dependency boundaries	2026-10-06T10:09:01.0581167Z │   └── serde_json v1.0.151
server (windows-latest)	Enforce simulation dependency boundaries	2026-10-06T10:09:01.0581591Z │       ├── itoa v1.0.18
server (windows-latest)	Enforce simulation dependency boundaries	2026-10-06T10:09:01.0582002Z │       ├── memchr v2.8.3
server (windows-latest)	Enforce simulation dependency boundaries	2026-10-06T10:09:01.0582466Z │       ├── serde_core v1.0.229
server (windows-latest)	Enforce simulation dependency boundaries	2026-10-06T10:09:01.0582904Z │       └── zmij v1.0.23
server (windows-latest)	Enforce simulation dependency boundaries	2026-10-06T10:09:01.0583299Z ├── semver v1.0.28
server (windows-latest)	Enforce simulation dependency boundaries	2026-10-06T10:09:01.0583691Z ├── serde v1.0.229 (*)
server (windows-latest)	Enforce simulation dependency boundaries	2026-10-06T10:09:01.0584100Z ├── serde_json v1.0.151 (*)
server (windows-latest)	Enforce simulation dependency boundaries	2026-10-06T10:09:01.0584536Z └── toml v1.1.6+spec-1.1.0
server (windows-latest)	Enforce simulation dependency boundaries	2026-10-06T10:09:01.0584948Z     ├── serde_core v1.0.229
server (windows-latest)	Enforce simulation dependency boundaries	2026-10-06T10:09:01.0585368Z     ├── serde_spanned v1.1.1
server (windows-latest)	Enforce simulation dependency boundaries	2026-10-06T10:09:01.0585831Z     │   └── serde_core v1.0.229
server (windows-latest)	Enforce simulation dependency boundaries	2026-10-06T10:09:01.0586325Z     ├── toml_datetime v1.1.1+spec-1.1.0
server (windows-latest)	Enforce simulation dependency boundaries	2026-10-06T10:09:01.0587261Z     │   └── serde_core v1.0.229
server (windows-latest)	Enforce simulation dependency boundaries	2026-10-06T10:09:01.0587760Z     ├── toml_parser v1.1.3+spec-1.1.0
server (windows-latest)	Enforce simulation dependency boundaries	2026-10-06T10:09:01.0588241Z     │   └── winnow v1.0.4
server (windows-latest)	Enforce simulation dependency boundaries	2026-10-06T10:09:01.0588711Z     ├── toml_writer v1.1.2+spec-1.1.0
server (windows-latest)	Enforce simulation dependency boundaries	2026-10-06T10:09:01.0589185Z     └── winnow v1.0.4
server (windows-latest)	Enforce simulation dependency boundaries	2026-10-06T10:09:01.1732781Z oh_save v0.1.0 (D:\a\OpenHOI4\OpenHOI4\crates\oh_save)
server (windows-latest)	Enforce simulation dependency boundaries	2026-10-06T10:09:01.1734444Z └── oh_sim v0.1.0 (D:\a\OpenHOI4\OpenHOI4\crates\oh_sim)
server (windows-latest)	Enforce simulation dependency boundaries	2026-10-06T10:09:01.1735374Z     ├── oh_core v0.1.0 (D:\a\OpenHOI4\OpenHOI4\crates\oh_core)
server (windows-latest)	Enforce simulation dependency boundaries	2026-10-06T10:09:01.1736047Z     │   ├── fixed v1.31.0
server (windows-latest)	Enforce simulation dependency boundaries	2026-10-06T10:09:01.1736577Z     │   │   ├── az v1.3.0
server (windows-latest)	Enforce simulation dependency boundaries	2026-10-06T10:09:01.1737374Z     │   │   ├── bytemuck v1.25.2
server (windows-latest)	Enforce simulation dependency boundaries	2026-10-06T10:09:01.1737892Z     │   │   ├── half v2.7.1
server (windows-latest)	Enforce simulation dependency boundaries	2026-10-06T10:09:01.1738409Z     │   │   │   ├── cfg-if v1.0.5
server (windows-latest)	Enforce simulation dependency boundaries	2026-10-06T10:09:01.1738963Z     │   │   │   └── zerocopy v0.8.60
server (windows-latest)	Enforce simulation dependency boundaries	2026-10-06T10:09:01.1739658Z     │   │   │       └── zerocopy-derive v0.8.60 (proc-macro)
server (windows-latest)	Enforce simulation dependency boundaries	2026-10-06T10:09:01.1740342Z     │   │   │           ├── proc-macro2 v1.0.107
server (windows-latest)	Enforce simulation dependency boundaries	2026-10-06T10:09:01.1740972Z     │   │   │           │   └── unicode-ident v1.0.26
server (windows-latest)	Enforce simulation dependency boundaries	2026-10-06T10:09:01.1741570Z     │   │   │           ├── quote v1.0.47
server (windows-latest)	Enforce simulation dependency boundaries	2026-10-06T10:09:01.1742536Z     │   │   │           │   └── proc-macro2 v1.0.107 (*)
server (windows-latest)	Enforce simulation dependency boundaries	2026-10-06T10:09:01.1743421Z     │   │   │           └── syn v2.0.119
server (windows-latest)	Enforce simulation dependency boundaries	2026-10-06T10:09:01.1744025Z     │   │   │               ├── proc-macro2 v1.0.107 (*)
server (windows-latest)	Enforce simulation dependency boundaries	2026-10-06T10:09:01.1744646Z     │   │   │               ├── quote v1.0.47 (*)
server (windows-latest)	Enforce simulation dependency boundaries	2026-10-06T10:09:01.1745240Z     │   │   │               └── unicode-ident v1.0.26
server (windows-latest)	Enforce simulation dependency boundaries	2026-10-06T10:09:01.1745824Z     │   │   ├── serde v1.0.229
server (windows-latest)	Enforce simulation dependency boundaries	2026-10-06T10:09:01.1746303Z     │   │   │   ├── serde_core v1.0.229
server (windows-latest)	Enforce simulation dependency boundaries	2026-10-06T10:09:01.1746877Z     │   │   │   └── serde_derive v1.0.229 (proc-macro)
server (windows-latest)	Enforce simulation dependency boundaries	2026-10-06T10:09:01.1747484Z     │   │   │       ├── proc-macro2 v1.0.107 (*)
server (windows-latest)	Enforce simulation dependency boundaries	2026-10-06T10:09:01.1748040Z     │   │   │       ├── quote v1.0.47 (*)
server (windows-latest)	Enforce simulation dependency boundaries	2026-10-06T10:09:01.1748572Z     │   │   │       └── syn v3.0.6
server (windows-latest)	Enforce simulation dependency boundaries	2026-10-06T10:09:01.1749294Z     │   │   │           ├── proc-macro2 v1.0.107 (*)
server (windows-latest)	Enforce simulation dependency boundaries	2026-10-06T10:09:01.1750084Z     │   │   │           ├── quote v1.0.47 (*)
server (windows-latest)	Enforce simulation dependency boundaries	2026-10-06T10:09:01.1765395Z     │   │   │           └── unicode-ident v1.0.26
server (windows-latest)	Enforce simulation dependency boundaries	2026-10-06T10:09:01.1766046Z     │   │   └── typenum v1.20.1
server (windows-latest)	Enforce simulation dependency boundaries	2026-10-06T10:09:01.1766521Z     │   ├── postcard v1.1.3
server (windows-latest)	Enforce simulation dependency boundaries	2026-10-06T10:09:01.1766931Z     │   │   ├── cobs v0.3.0
server (windows-latest)	Enforce simulation dependency boundaries	2026-10-06T10:09:01.1767393Z     │   │   │   └── thiserror v2.0.21
server (windows-latest)	Enforce simulation dependency boundaries	2026-10-06T10:09:01.1767988Z     │   │   │       └── thiserror-impl v2.0.21 (proc-macro)
server (windows-latest)	Enforce simulation dependency boundaries	2026-10-06T10:09:01.1768953Z     │   │   │           ├── proc-macro2 v1.0.107 (*)
server (windows-latest)	Enforce simulation dependency boundaries	2026-10-06T10:09:01.1769546Z     │   │   │           ├── quote v1.0.47 (*)
server (windows-latest)	Enforce simulation dependency boundaries	2026-10-06T10:09:01.1770109Z     │   │   │           └── syn v3.0.6 (*)
server (windows-latest)	Enforce simulation dependency boundaries	2026-10-06T10:09:01.1770626Z     │   │   └── serde v1.0.229 (*)
server (windows-latest)	Enforce simulation dependency boundaries	2026-10-06T10:09:01.1771117Z     │   ├── rand_chacha v0.10.0
server (windows-latest)	Enforce simulation dependency boundaries	2026-10-06T10:09:01.1771597Z     │   │   ├── ppv-lite86 v0.2.21
server (windows-latest)	Enforce simulation dependency boundaries	2026-10-06T10:09:01.1772110Z     │   │   │   └── zerocopy v0.8.60 (*)
server (windows-latest)	Enforce simulation dependency boundaries	2026-10-06T10:09:01.1772638Z     │   │   └── rand_core v0.10.1
server (windows-latest)	Enforce simulation dependency boundaries	2026-10-06T10:09:01.1773113Z     │   └── serde v1.0.229 (*)
server (windows-latest)	Enforce simulation dependency boundaries	2026-10-06T10:09:01.1773762Z     ├── oh_data v0.1.0 (D:\a\OpenHOI4\OpenHOI4\crates\oh_data)
server (windows-latest)	Enforce simulation dependency boundaries	2026-10-06T10:09:01.1774374Z     │   ├── fixed v1.31.0 (*)
server (windows-latest)	Enforce simulation dependency boundaries	2026-10-06T10:09:01.1775026Z     │   ├── oh_core v0.1.0 (D:\a\OpenHOI4\OpenHOI4\crates\oh_core) (*)
server (windows-latest)	Enforce simulation dependency boundaries	2026-10-06T10:09:01.1775634Z     │   ├── schemars v1.2.2
server (windows-latest)	Enforce simulation dependency boundaries	2026-10-06T10:09:01.1776111Z     │   │   ├── dyn-clone v1.0.20
server (windows-latest)	Enforce simulation dependency boundaries	2026-10-06T10:09:01.1776609Z     │   │   ├── ref-cast v1.0.27
server (windows-latest)	Enforce simulation dependency boundaries	2026-10-06T10:09:01.1777163Z     │   │   │   └── ref-cast-impl v1.0.27 (proc-macro)
server (windows-latest)	Enforce simulation dependency boundaries	2026-10-06T10:09:01.1778154Z     │   │   │       ├── proc-macro2 v1.0.107 (*)
server (windows-latest)	Enforce simulation dependency boundaries	2026-10-06T10:09:01.1778806Z     │   │   │       ├── quote v1.0.47 (*)
server (windows-latest)	Enforce simulation dependency boundaries	2026-10-06T10:09:01.1779367Z     │   │   │       └── syn v3.0.6 (*)
server (windows-latest)	Enforce simulation dependency boundaries	2026-10-06T10:09:01.1779935Z     │   │   ├── schemars_derive v1.2.2 (proc-macro)
server (windows-latest)	Enforce simulation dependency boundaries	2026-10-06T10:09:01.1780586Z     │   │   │   ├── proc-macro2 v1.0.107 (*)
server (windows-latest)	Enforce simulation dependency boundaries	2026-10-06T10:09:01.1781147Z     │   │   │   ├── quote v1.0.47 (*)
server (windows-latest)	Enforce simulation dependency boundaries	2026-10-06T10:09:01.1781707Z     │   │   │   ├── serde_derive_internals v0.30.0
server (windows-latest)	Enforce simulation dependency boundaries	2026-10-06T10:09:01.1783756Z     │   │   │   │   ├── proc-macro2 v1.0.107 (*)
server (windows-latest)	Enforce simulation dependency boundaries	2026-10-06T10:09:01.1784329Z     │   │   │   │   ├── quote v1.0.47 (*)
server (windows-latest)	Enforce simulation dependency boundaries	2026-10-06T10:09:01.1784831Z     │   │   │   │   └── syn v3.0.6 (*)
server (windows-latest)	Enforce simulation dependency boundaries	2026-10-06T10:09:01.1785309Z     │   │   │   └── syn v3.0.6 (*)
server (windows-latest)	Enforce simulation dependency boundaries	2026-10-06T10:09:01.1785813Z     │   │   ├── semver v1.0.28
server (windows-latest)	Enforce simulation dependency boundaries	2026-10-06T10:09:01.1786369Z     │   │   ├── serde v1.0.229 (*)
server (windows-latest)	Enforce simulation dependency boundaries	2026-10-06T10:09:01.1787662Z     │   │   └── serde_json v1.0.151
server (windows-latest)	Enforce simulation dependency boundaries	2026-10-06T10:09:01.1789072Z     │   │       ├── itoa v1.0.18
server (windows-latest)	Enforce simulation dependency boundaries	2026-10-06T10:09:01.1789543Z     │   │       ├── memchr v2.8.3
server (windows-latest)	Enforce simulation dependency boundaries	2026-10-06T10:09:01.1790025Z     │   │       ├── serde_core v1.0.229
server (windows-latest)	Enforce simulation dependency boundaries	2026-10-06T10:09:01.1790358Z     │   │       └── zmij v1.0.23
server (windows-latest)	Enforce simulation dependency boundaries	2026-10-06T10:09:01.1790625Z     │   ├── semver v1.0.28
server (windows-latest)	Enforce simulation dependency boundaries	2026-10-06T10:09:01.1790891Z     │   ├── serde v1.0.229 (*)
server (windows-latest)	Enforce simulation dependency boundaries	2026-10-06T10:09:01.1791186Z     │   ├── serde_json v1.0.151 (*)
server (windows-latest)	Enforce simulation dependency boundaries	2026-10-06T10:09:01.1791483Z     │   └── toml v1.1.6+spec-1.1.0
server (windows-latest)	Enforce simulation dependency boundaries	2026-10-06T10:09:01.1791779Z     │       ├── serde_core v1.0.229
server (windows-latest)	Enforce simulation dependency boundaries	2026-10-06T10:09:01.1792101Z     │       ├── serde_spanned v1.1.1
server (windows-latest)	Enforce simulation dependency boundaries	2026-10-06T10:09:01.1792417Z     │       │   └── serde_core v1.0.229
server (windows-latest)	Enforce simulation dependency boundaries	2026-10-06T10:09:01.1792763Z     │       ├── toml_datetime v1.1.1+spec-1.1.0
server (windows-latest)	Enforce simulation dependency boundaries	2026-10-06T10:09:01.1793100Z     │       │   └── serde_core v1.0.229
server (windows-latest)	Enforce simulation dependency boundaries	2026-10-06T10:09:01.1793424Z     │       ├── toml_parser v1.1.3+spec-1.1.0
server (windows-latest)	Enforce simulation dependency boundaries	2026-10-06T10:09:01.1794737Z     │       │   └── winnow v1.0.4
server (windows-latest)	Enforce simulation dependency boundaries	2026-10-06T10:09:01.1795088Z     │       ├── toml_writer v1.1.2+spec-1.1.0
server (windows-latest)	Enforce simulation dependency boundaries	2026-10-06T10:09:01.1795418Z     │       └── winnow v1.0.4
server (windows-latest)	Enforce simulation dependency boundaries	2026-10-06T10:09:01.1795689Z     └── serde v1.0.229 (*)
server (windows-latest)	Enforce simulation dependency boundaries	2026-10-06T10:09:01.3030547Z oh_sim v0.1.0 (D:\a\OpenHOI4\OpenHOI4\crates\oh_sim)
server (windows-latest)	Enforce simulation dependency boundaries	2026-10-06T10:09:01.3032209Z ├── oh_core v0.1.0 (D:\a\OpenHOI4\OpenHOI4\crates\oh_core)
server (windows-latest)	Enforce simulation dependency boundaries	2026-10-06T10:09:01.3032954Z │   ├── fixed v1.31.0
server (windows-latest)	Enforce simulation dependency boundaries	2026-10-06T10:09:01.3033429Z │   │   ├── az v1.3.0
server (windows-latest)	Enforce simulation dependency boundaries	2026-10-06T10:09:01.3033949Z │   │   ├── bytemuck v1.25.2
server (windows-latest)	Enforce simulation dependency boundaries	2026-10-06T10:09:01.3034432Z │   │   ├── half v2.7.1
server (windows-latest)	Enforce simulation dependency boundaries	2026-10-06T10:09:01.3034936Z │   │   │   ├── cfg-if v1.0.5
server (windows-latest)	Enforce simulation dependency boundaries	2026-10-06T10:09:01.3036038Z │   │   │   └── zerocopy v0.8.60
server (windows-latest)	Enforce simulation dependency boundaries	2026-10-06T10:09:01.3036727Z │   │   │       └── zerocopy-derive v0.8.60 (proc-macro)
server (windows-latest)	Enforce simulation dependency boundaries	2026-10-06T10:09:01.3037438Z │   │   │           ├── proc-macro2 v1.0.107
server (windows-latest)	Enforce simulation dependency boundaries	2026-10-06T10:09:01.3038085Z │   │   │           │   └── unicode-ident v1.0.26
server (windows-latest)	Enforce simulation dependency boundaries	2026-10-06T10:09:01.3038726Z │   │   │           ├── quote v1.0.47
server (windows-latest)	Enforce simulation dependency boundaries	2026-10-06T10:09:01.3039349Z │   │   │           │   └── proc-macro2 v1.0.107 (*)
server (windows-latest)	Enforce simulation dependency boundaries	2026-10-06T10:09:01.3039943Z │   │   │           └── syn v2.0.119
server (windows-latest)	Enforce simulation dependency boundaries	2026-10-06T10:09:01.3040546Z │   │   │               ├── proc-macro2 v1.0.107 (*)
server (windows-latest)	Enforce simulation dependency boundaries	2026-10-06T10:09:01.3041188Z │   │   │               ├── quote v1.0.47 (*)
server (windows-latest)	Enforce simulation dependency boundaries	2026-10-06T10:09:01.3041810Z │   │   │               └── unicode-ident v1.0.26
server (windows-latest)	Enforce simulation dependency boundaries	2026-10-06T10:09:01.3042340Z │   │   ├── serde v1.0.229
server (windows-latest)	Enforce simulation dependency boundaries	2026-10-06T10:09:01.3042837Z │   │   │   ├── serde_core v1.0.229
server (windows-latest)	Enforce simulation dependency boundaries	2026-10-06T10:09:01.3043436Z │   │   │   └── serde_derive v1.0.229 (proc-macro)
server (windows-latest)	Enforce simulation dependency boundaries	2026-10-06T10:09:01.3044109Z │   │   │       ├── proc-macro2 v1.0.107 (*)
server (windows-latest)	Enforce simulation dependency boundaries	2026-10-06T10:09:01.3044718Z │   │   │       ├── quote v1.0.47 (*)
server (windows-latest)	Enforce simulation dependency boundaries	2026-10-06T10:09:01.3045237Z │   │   │       └── syn v3.0.6
server (windows-latest)	Enforce simulation dependency boundaries	2026-10-06T10:09:01.3046796Z │   │   │           ├── proc-macro2 v1.0.107 (*)
server (windows-latest)	Enforce simulation dependency boundaries	2026-10-06T10:09:01.3047750Z │   │   │           ├── quote v1.0.47 (*)
server (windows-latest)	Enforce simulation dependency boundaries	2026-10-06T10:09:01.3048417Z │   │   │           └── unicode-ident v1.0.26
server (windows-latest)	Enforce simulation dependency boundaries	2026-10-06T10:09:01.3048967Z │   │   └── typenum v1.20.1
server (windows-latest)	Enforce simulation dependency boundaries	2026-10-06T10:09:01.3049419Z │   ├── postcard v1.1.3
server (windows-latest)	Enforce simulation dependency boundaries	2026-10-06T10:09:01.3049826Z │   │   ├── cobs v0.3.0
server (windows-latest)	Enforce simulation dependency boundaries	2026-10-06T10:09:01.3050277Z │   │   │   └── thiserror v2.0.21
server (windows-latest)	Enforce simulation dependency boundaries	2026-10-06T10:09:01.3050888Z │   │   │       └── thiserror-impl v2.0.21 (proc-macro)
server (windows-latest)	Enforce simulation dependency boundaries	2026-10-06T10:09:01.3051532Z │   │   │           ├── proc-macro2 v1.0.107 (*)
server (windows-latest)	Enforce simulation dependency boundaries	2026-10-06T10:09:01.3052130Z │   │   │           ├── quote v1.0.47 (*)
server (windows-latest)	Enforce simulation dependency boundaries	2026-10-06T10:09:01.3052690Z │   │   │           └── syn v3.0.6 (*)
server (windows-latest)	Enforce simulation dependency boundaries	2026-10-06T10:09:01.3053201Z │   │   └── serde v1.0.229 (*)
server (windows-latest)	Enforce simulation dependency boundaries	2026-10-06T10:09:01.3054031Z │   ├── rand_chacha v0.10.0
server (windows-latest)	Enforce simulation dependency boundaries	2026-10-06T10:09:01.3054513Z │   │   ├── ppv-lite86 v0.2.21
server (windows-latest)	Enforce simulation dependency boundaries	2026-10-06T10:09:01.3055021Z │   │   │   └── zerocopy v0.8.60 (*)
server (windows-latest)	Enforce simulation dependency boundaries	2026-10-06T10:09:01.3055527Z │   │   └── rand_core v0.10.1
server (windows-latest)	Enforce simulation dependency boundaries	2026-10-06T10:09:01.3055959Z │   └── serde v1.0.229 (*)
server (windows-latest)	Enforce simulation dependency boundaries	2026-10-06T10:09:01.3056574Z ├── oh_data v0.1.0 (D:\a\OpenHOI4\OpenHOI4\crates\oh_data)
server (windows-latest)	Enforce simulation dependency boundaries	2026-10-06T10:09:01.3057394Z │   ├── fixed v1.31.0 (*)
server (windows-latest)	Enforce simulation dependency boundaries	2026-10-06T10:09:01.3058064Z │   ├── oh_core v0.1.0 (D:\a\OpenHOI4\OpenHOI4\crates\oh_core) (*)
server (windows-latest)	Enforce simulation dependency boundaries	2026-10-06T10:09:01.3058686Z │   ├── schemars v1.2.2
server (windows-latest)	Enforce simulation dependency boundaries	2026-10-06T10:09:01.3059118Z │   │   ├── dyn-clone v1.0.20
server (windows-latest)	Enforce simulation dependency boundaries	2026-10-06T10:09:01.3059568Z │   │   ├── ref-cast v1.0.27
server (windows-latest)	Enforce simulation dependency boundaries	2026-10-06T10:09:01.3060133Z │   │   │   └── ref-cast-impl v1.0.27 (proc-macro)
server (windows-latest)	Enforce simulation dependency boundaries	2026-10-06T10:09:01.3060763Z │   │   │       ├── proc-macro2 v1.0.107 (*)
server (windows-latest)	Enforce simulation dependency boundaries	2026-10-06T10:09:01.3061316Z │   │   │       ├── quote v1.0.47 (*)
server (windows-latest)	Enforce simulation dependency boundaries	2026-10-06T10:09:01.3061821Z │   │   │       └── syn v3.0.6 (*)
server (windows-latest)	Enforce simulation dependency boundaries	2026-10-06T10:09:01.3062412Z │   │   ├── schemars_derive v1.2.2 (proc-macro)
server (windows-latest)	Enforce simulation dependency boundaries	2026-10-06T10:09:01.3063019Z │   │   │   ├── proc-macro2 v1.0.107 (*)
server (windows-latest)	Enforce simulation dependency boundaries	2026-10-06T10:09:01.3063561Z │   │   │   ├── quote v1.0.47 (*)
server (windows-latest)	Enforce simulation dependency boundaries	2026-10-06T10:09:01.3064125Z │   │   │   ├── serde_derive_internals v0.30.0
server (windows-latest)	Enforce simulation dependency boundaries	2026-10-06T10:09:01.3064747Z │   │   │   │   ├── proc-macro2 v1.0.107 (*)
server (windows-latest)	Enforce simulation dependency boundaries	2026-10-06T10:09:01.3065339Z │   │   │   │   ├── quote v1.0.47 (*)
server (windows-latest)	Enforce simulation dependency boundaries	2026-10-06T10:09:01.3065858Z │   │   │   │   └── syn v3.0.6 (*)
server (windows-latest)	Enforce simulation dependency boundaries	2026-10-06T10:09:01.3066344Z │   │   │   └── syn v3.0.6 (*)
server (windows-latest)	Enforce simulation dependency boundaries	2026-10-06T10:09:01.3066803Z │   │   ├── semver v1.0.28
server (windows-latest)	Enforce simulation dependency boundaries	2026-10-06T10:09:01.3067259Z │   │   ├── serde v1.0.229 (*)
server (windows-latest)	Enforce simulation dependency boundaries	2026-10-06T10:09:01.3068066Z │   │   └── serde_json v1.0.151
server (windows-latest)	Enforce simulation dependency boundaries	2026-10-06T10:09:01.3068520Z │   │       ├── itoa v1.0.18
server (windows-latest)	Enforce simulation dependency boundaries	2026-10-06T10:09:01.3068966Z │   │       ├── memchr v2.8.3
server (windows-latest)	Enforce simulation dependency boundaries	2026-10-06T10:09:01.3069441Z │   │       ├── serde_core v1.0.229
server (windows-latest)	Enforce simulation dependency boundaries	2026-10-06T10:09:01.3069912Z │   │       └── zmij v1.0.23
server (windows-latest)	Enforce simulation dependency boundaries	2026-10-06T10:09:01.3070359Z │   ├── semver v1.0.28
server (windows-latest)	Enforce simulation dependency boundaries	2026-10-06T10:09:01.3070810Z │   ├── serde v1.0.229 (*)
server (windows-latest)	Enforce simulation dependency boundaries	2026-10-06T10:09:01.3071283Z │   ├── serde_json v1.0.151 (*)
server (windows-latest)	Enforce simulation dependency boundaries	2026-10-06T10:09:01.3071785Z │   └── toml v1.1.6+spec-1.1.0
server (windows-latest)	Enforce simulation dependency boundaries	2026-10-06T10:09:01.3072310Z │       ├── serde_core v1.0.229
server (windows-latest)	Enforce simulation dependency boundaries	2026-10-06T10:09:01.3072815Z │       ├── serde_spanned v1.1.1
server (windows-latest)	Enforce simulation dependency boundaries	2026-10-06T10:09:01.3073343Z │       │   └── serde_core v1.0.229
server (windows-latest)	Enforce simulation dependency boundaries	2026-10-06T10:09:01.3073957Z │       ├── toml_datetime v1.1.1+spec-1.1.0
server (windows-latest)	Enforce simulation dependency boundaries	2026-10-06T10:09:01.3074561Z │       │   └── serde_core v1.0.229
server (windows-latest)	Enforce simulation dependency boundaries	2026-10-06T10:09:01.3075179Z │       ├── toml_parser v1.1.3+spec-1.1.0
server (windows-latest)	Enforce simulation dependency boundaries	2026-10-06T10:09:01.3075759Z │       │   └── winnow v1.0.4
server (windows-latest)	Enforce simulation dependency boundaries	2026-10-06T10:09:01.3076320Z │       ├── toml_writer v1.1.2+spec-1.1.0
server (windows-latest)	Enforce simulation dependency boundaries	2026-10-06T10:09:01.3076805Z │       └── winnow v1.0.4
server (windows-latest)	Enforce simulation dependency boundaries	2026-10-06T10:09:01.3077198Z └── serde v1.0.229 (*)
server (windows-latest)	Run cargo run -p oh_proto --locked --example wire_fixtures	﻿2026-10-06T10:09:01.4520864Z ##[group]Run cargo run -p oh_proto --locked --example wire_fixtures
server (windows-latest)	Run cargo run -p oh_proto --locked --example wire_fixtures	2026-10-06T10:09:01.4521750Z [36;1mcargo run -p oh_proto --locked --example wire_fixtures[0m
server (windows-latest)	Run cargo run -p oh_proto --locked --example wire_fixtures	2026-10-06T10:09:01.4610803Z shell: C:\Program Files\PowerShell\7\pwsh.EXE -command ". '{0}'"
server (windows-latest)	Run cargo run -p oh_proto --locked --example wire_fixtures	2026-10-06T10:09:01.4611152Z env:
server (windows-latest)	Run cargo run -p oh_proto --locked --example wire_fixtures	2026-10-06T10:09:01.4611419Z   pythonLocation: C:\hostedtoolcache\windows\Python\3.11.9\x64
server (windows-latest)	Run cargo run -p oh_proto --locked --example wire_fixtures	2026-10-06T10:09:01.4611884Z   PKG_CONFIG_PATH: C:\hostedtoolcache\windows\Python\3.11.9\x64/lib/pkgconfig
server (windows-latest)	Run cargo run -p oh_proto --locked --example wire_fixtures	2026-10-06T10:09:01.4612368Z   Python_ROOT_DIR: C:\hostedtoolcache\windows\Python\3.11.9\x64
server (windows-latest)	Run cargo run -p oh_proto --locked --example wire_fixtures	2026-10-06T10:09:01.4612774Z   Python2_ROOT_DIR: C:\hostedtoolcache\windows\Python\3.11.9\x64
server (windows-latest)	Run cargo run -p oh_proto --locked --example wire_fixtures	2026-10-06T10:09:01.4613189Z   Python3_ROOT_DIR: C:\hostedtoolcache\windows\Python\3.11.9\x64
server (windows-latest)	Run cargo run -p oh_proto --locked --example wire_fixtures	2026-10-06T10:09:01.4613505Z ##[endgroup]
server (windows-latest)	Run cargo run -p oh_proto --locked --example wire_fixtures	2026-10-06T10:09:01.8967397Z    Compiling serde_core v1.0.229
server (windows-latest)	Run cargo run -p oh_proto --locked --example wire_fixtures	2026-10-06T10:09:01.8972588Z    Compiling syn v3.0.6
server (windows-latest)	Run cargo run -p oh_proto --locked --example wire_fixtures	2026-10-06T10:09:01.8994867Z    Compiling ppv-lite86 v0.2.21
server (windows-latest)	Run cargo run -p oh_proto --locked --example wire_fixtures	2026-10-06T10:09:01.8999149Z    Compiling memchr v2.8.3
server (windows-latest)	Run cargo run -p oh_proto --locked --example wire_fixtures	2026-10-06T10:09:02.3961582Z    Compiling rand_chacha v0.10.0
server (windows-latest)	Run cargo run -p oh_proto --locked --example wire_fixtures	2026-10-06T10:09:03.6204584Z    Compiling serde_derive_internals v0.30.0
server (windows-latest)	Run cargo run -p oh_proto --locked --example wire_fixtures	2026-10-06T10:09:04.6103216Z    Compiling serde_derive v1.0.229
server (windows-latest)	Run cargo run -p oh_proto --locked --example wire_fixtures	2026-10-06T10:09:04.7541190Z    Compiling thiserror-impl v2.0.21
server (windows-latest)	Run cargo run -p oh_proto --locked --example wire_fixtures	2026-10-06T10:09:04.8045697Z    Compiling ref-cast-impl v1.0.27
server (windows-latest)	Run cargo run -p oh_proto --locked --example wire_fixtures	2026-10-06T10:09:05.3992691Z    Compiling ref-cast v1.0.27
server (windows-latest)	Run cargo run -p oh_proto --locked --example wire_fixtures	2026-10-06T10:09:05.4815581Z    Compiling serde_spanned v1.1.1
server (windows-latest)	Run cargo run -p oh_proto --locked --example wire_fixtures	2026-10-06T10:09:05.4979750Z    Compiling serde_json v1.0.151
server (windows-latest)	Run cargo run -p oh_proto --locked --example wire_fixtures	2026-10-06T10:09:05.6499257Z    Compiling toml_datetime v1.1.1+spec-1.1.0
server (windows-latest)	Run cargo run -p oh_proto --locked --example wire_fixtures	2026-10-06T10:09:06.1218279Z    Compiling schemars_derive v1.2.2
server (windows-latest)	Run cargo run -p oh_proto --locked --example wire_fixtures	2026-10-06T10:09:06.6392620Z    Compiling thiserror v2.0.21
server (windows-latest)	Run cargo run -p oh_proto --locked --example wire_fixtures	2026-10-06T10:09:06.7665276Z    Compiling cobs v0.3.0
server (windows-latest)	Run cargo run -p oh_proto --locked --example wire_fixtures	2026-10-06T10:09:06.9838910Z    Compiling toml v1.1.6+spec-1.1.0
server (windows-latest)	Run cargo run -p oh_proto --locked --example wire_fixtures	2026-10-06T10:09:07.6686336Z    Compiling ts-rs v12.0.1
server (windows-latest)	Run cargo run -p oh_proto --locked --example wire_fixtures	2026-10-06T10:09:09.1689787Z    Compiling serde v1.0.229
server (windows-latest)	Run cargo run -p oh_proto --locked --example wire_fixtures	2026-10-06T10:09:09.6893160Z    Compiling fixed v1.31.0
server (windows-latest)	Run cargo run -p oh_proto --locked --example wire_fixtures	2026-10-06T10:09:09.6893789Z    Compiling postcard v1.1.3
server (windows-latest)	Run cargo run -p oh_proto --locked --example wire_fixtures	2026-10-06T10:09:09.6894252Z    Compiling schemars v1.2.2
server (windows-latest)	Run cargo run -p oh_proto --locked --example wire_fixtures	2026-10-06T10:09:09.8488760Z    Compiling rmp-serde v1.3.1
server (windows-latest)	Run cargo run -p oh_proto --locked --example wire_fixtures	2026-10-06T10:09:18.0735446Z    Compiling oh_core v0.1.0 (D:\a\OpenHOI4\OpenHOI4\crates\oh_core)
server (windows-latest)	Run cargo run -p oh_proto --locked --example wire_fixtures	2026-10-06T10:09:18.3042312Z    Compiling oh_data v0.1.0 (D:\a\OpenHOI4\OpenHOI4\crates\oh_data)
server (windows-latest)	Run cargo run -p oh_proto --locked --example wire_fixtures	2026-10-06T10:09:18.5652978Z    Compiling oh_sim v0.1.0 (D:\a\OpenHOI4\OpenHOI4\crates\oh_sim)
server (windows-latest)	Run cargo run -p oh_proto --locked --example wire_fixtures	2026-10-06T10:09:18.8256361Z    Compiling oh_proto v0.1.0 (D:\a\OpenHOI4\OpenHOI4\crates\oh_proto)
server (windows-latest)	Run cargo run -p oh_proto --locked --example wire_fixtures	2026-10-06T10:09:20.3862675Z     Finished `dev` profile [unoptimized + debuginfo] target(s) in 18.59s
server (windows-latest)	Run cargo run -p oh_proto --locked --example wire_fixtures	2026-10-06T10:09:20.3912249Z      Running `target\debug\examples\wire_fixtures.exe`
server (windows-latest)	Real executable HTTP and Ctrl+C lifecycle	﻿2026-10-06T10:09:20.5145926Z ##[group]Run python crates/oh_server/tests/lifecycle.py
server (windows-latest)	Real executable HTTP and Ctrl+C lifecycle	2026-10-06T10:09:20.5146677Z [36;1mpython crates/oh_server/tests/lifecycle.py[0m
server (windows-latest)	Real executable HTTP and Ctrl+C lifecycle	2026-10-06T10:09:20.5236742Z shell: C:\Program Files\PowerShell\7\pwsh.EXE -command ". '{0}'"
server (windows-latest)	Real executable HTTP and Ctrl+C lifecycle	2026-10-06T10:09:20.5237140Z env:
server (windows-latest)	Real executable HTTP and Ctrl+C lifecycle	2026-10-06T10:09:20.5237473Z   pythonLocation: C:\hostedtoolcache\windows\Python\3.11.9\x64
server (windows-latest)	Real executable HTTP and Ctrl+C lifecycle	2026-10-06T10:09:20.5238233Z   PKG_CONFIG_PATH: C:\hostedtoolcache\windows\Python\3.11.9\x64/lib/pkgconfig
server (windows-latest)	Real executable HTTP and Ctrl+C lifecycle	2026-10-06T10:09:20.5238949Z   Python_ROOT_DIR: C:\hostedtoolcache\windows\Python\3.11.9\x64
server (windows-latest)	Real executable HTTP and Ctrl+C lifecycle	2026-10-06T10:09:20.5239571Z   Python2_ROOT_DIR: C:\hostedtoolcache\windows\Python\3.11.9\x64
server (windows-latest)	Real executable HTTP and Ctrl+C lifecycle	2026-10-06T10:09:20.5240185Z   Python3_ROOT_DIR: C:\hostedtoolcache\windows\Python\3.11.9\x64
server (windows-latest)	Real executable HTTP and Ctrl+C lifecycle	2026-10-06T10:09:20.5240701Z ##[endgroup]
server (windows-latest)	Real executable HTTP and Ctrl+C lifecycle	2026-10-06T10:09:21.7655516Z OpenHOI M0: http://127.0.0.1:59742/
server (windows-latest)	Real executable HTTP and Ctrl+C lifecycle	2026-10-06T10:09:21.7656167Z Pack: m0_testland (f611416c817dc014) from D:\a\OpenHOI4\OpenHOI4\data\packs\examples\m0
server (windows-latest)	Real executable HTTP and Ctrl+C lifecycle	2026-10-06T10:09:21.7656789Z Open this address in a browser. Ctrl+C to shut down. --help for usage.
server (windows-latest)	Real executable HTTP and Ctrl+C lifecycle	2026-10-06T10:09:21.7657245Z Shutting down OpenHOI.
server (windows-latest)	Real executable HTTP and Ctrl+C lifecycle	2026-10-06T10:09:21.7657474Z OpenHOI stopped normally.
server (windows-latest)	Real executable HTTP and Ctrl+C lifecycle	2026-10-06T10:09:21.7657621Z
server (windows-latest)	Real executable HTTP and Ctrl+C lifecycle	2026-10-06T10:09:21.7657631Z
server (windows-latest)	Real executable HTTP and Ctrl+C lifecycle	2026-10-06T10:09:21.7657791Z REQ-NET-02 isolated executable assets: PASS
server (windows-latest)	Real executable HTTP and Ctrl+C lifecycle	2026-10-06T10:09:21.7658314Z REQ-NET-06 actual CTRL_C_EVENT/SIGINT, active WS closure, exit 0, released port: PASS
server (windows-latest)	Post Run actions/setup-python@v7.0.0	﻿2026-10-06T10:09:21.9177289Z Post job cleanup.
server (windows-latest)	Post Run actions/setup-node@v7.0.0	﻿2026-10-06T10:09:22.0922237Z Post job cleanup.
server (windows-latest)	Post Run actions/setup-node@v7.0.0	2026-10-06T10:09:22.3695280Z [command]"C:\Program Files\Git\usr\bin\tar.exe" --posix -cf cache.tzst --exclude cache.tzst -P -C D:/a/OpenHOI4/OpenHOI4 --files-from manifest.txt --force-local --use-compress-program "zstd -T0"
server (windows-latest)	Post Run actions/setup-node@v7.0.0	2026-10-06T10:09:23.3269491Z Sent 82090 of 82090 (100.0%), 0.2 MBs/sec
server (windows-latest)	Post Run actions/setup-node@v7.0.0	2026-10-06T10:09:23.5952041Z Cache saved with the key: node-cache-Windows-x64-npm-c82ada87881698fff77d1628c98f08773c3d345fc1ac819064a7882b2d511ff1
server (windows-latest)	Post Run actions/checkout@v7.0.1	﻿2026-10-06T10:09:23.6244841Z Post job cleanup.
server (windows-latest)	Post Run actions/checkout@v7.0.1	2026-10-06T10:09:23.8398304Z [command]"C:\Program Files\Git\bin\git.exe" version
server (windows-latest)	Post Run actions/checkout@v7.0.1	2026-10-06T10:09:23.8669237Z git version 2.55.0.windows.5
server (windows-latest)	Post Run actions/checkout@v7.0.1	2026-10-06T10:09:23.8728667Z Temporarily overriding HOME='D:\a\_temp\1dc8466b-e741-4eb9-9208-f1d352886344' before making global git config changes
server (windows-latest)	Post Run actions/checkout@v7.0.1	2026-10-06T10:09:23.8729628Z Adding repository directory to the temporary git global config as a safe directory
server (windows-latest)	Post Run actions/checkout@v7.0.1	2026-10-06T10:09:23.8738786Z [command]"C:\Program Files\Git\bin\git.exe" config --global --add safe.directory D:\a\OpenHOI4\OpenHOI4
server (windows-latest)	Post Run actions/checkout@v7.0.1	2026-10-06T10:09:23.9027945Z Removing SSH command configuration
server (windows-latest)	Post Run actions/checkout@v7.0.1	2026-10-06T10:09:23.9037433Z [command]"C:\Program Files\Git\bin\git.exe" config --local --name-only --get-regexp core\.sshCommand
server (windows-latest)	Post Run actions/checkout@v7.0.1	2026-10-06T10:09:23.9334120Z [command]"C:\Program Files\Git\bin\git.exe" submodule foreach --recursive "sh -c \"git config --local --name-only --get-regexp 'core\.sshCommand' && git config --local --unset-all 'core.sshCommand' || :\""
server (windows-latest)	Post Run actions/checkout@v7.0.1	2026-10-06T10:09:24.4658274Z Removing HTTP extra header
server (windows-latest)	Post Run actions/checkout@v7.0.1	2026-10-06T10:09:24.4668195Z [command]"C:\Program Files\Git\bin\git.exe" config --local --name-only --get-regexp http\.https\:\/\/github\.com\/\.extraheader
server (windows-latest)	Post Run actions/checkout@v7.0.1	2026-10-06T10:09:24.4963801Z [command]"C:\Program Files\Git\bin\git.exe" submodule foreach --recursive "sh -c \"git config --local --name-only --get-regexp 'http\.https\:\/\/github\.com\/\.extraheader' && git config --local --unset-all 'http.https://github.com/.extraheader' || :\""
server (windows-latest)	Post Run actions/checkout@v7.0.1	2026-10-06T10:09:25.0210956Z Removing includeIf entries pointing to credentials config files
server (windows-latest)	Post Run actions/checkout@v7.0.1	2026-10-06T10:09:25.0222233Z [command]"C:\Program Files\Git\bin\git.exe" config --local --name-only --get-regexp ^includeIf\.gitdir:
server (windows-latest)	Post Run actions/checkout@v7.0.1	2026-10-06T10:09:25.0481627Z includeif.gitdir:D:/a/OpenHOI4/OpenHOI4/.git.path
server (windows-latest)	Post Run actions/checkout@v7.0.1	2026-10-06T10:09:25.0482415Z includeif.gitdir:D:/a/OpenHOI4/OpenHOI4/.git/worktrees/*.path
server (windows-latest)	Post Run actions/checkout@v7.0.1	2026-10-06T10:09:25.0483164Z includeif.gitdir:/github/workspace/.git.path
server (windows-latest)	Post Run actions/checkout@v7.0.1	2026-10-06T10:09:25.0483782Z includeif.gitdir:/github/workspace/.git/worktrees/*.path
server (windows-latest)	Post Run actions/checkout@v7.0.1	2026-10-06T10:09:25.0516881Z [command]"C:\Program Files\Git\bin\git.exe" config --local --get-all includeif.gitdir:D:/a/OpenHOI4/OpenHOI4/.git.path
server (windows-latest)	Post Run actions/checkout@v7.0.1	2026-10-06T10:09:25.0766557Z D:\a\_temp\git-credentials-1012c54c-b666-43c3-b2e1-abbfd9612496.config
server (windows-latest)	Post Run actions/checkout@v7.0.1	2026-10-06T10:09:25.0804991Z [command]"C:\Program Files\Git\bin\git.exe" config --local --unset includeif.gitdir:D:/a/OpenHOI4/OpenHOI4/.git.path D\:\\a\\_temp\\git\-credentials\-1012c54c\-b666\-43c3\-b2e1\-abbfd9612496\.config
server (windows-latest)	Post Run actions/checkout@v7.0.1	2026-10-06T10:09:25.1102611Z [command]"C:\Program Files\Git\bin\git.exe" config --local --get-all includeif.gitdir:D:/a/OpenHOI4/OpenHOI4/.git/worktrees/*.path
server (windows-latest)	Post Run actions/checkout@v7.0.1	2026-10-06T10:09:25.1351476Z D:\a\_temp\git-credentials-1012c54c-b666-43c3-b2e1-abbfd9612496.config
server (windows-latest)	Post Run actions/checkout@v7.0.1	2026-10-06T10:09:25.1389165Z [command]"C:\Program Files\Git\bin\git.exe" config --local --unset includeif.gitdir:D:/a/OpenHOI4/OpenHOI4/.git/worktrees/*.path D\:\\a\\_temp\\git\-credentials\-1012c54c\-b666\-43c3\-b2e1\-abbfd9612496\.config
server (windows-latest)	Post Run actions/checkout@v7.0.1	2026-10-06T10:09:25.1671133Z [command]"C:\Program Files\Git\bin\git.exe" config --local --get-all includeif.gitdir:/github/workspace/.git.path
server (windows-latest)	Post Run actions/checkout@v7.0.1	2026-10-06T10:09:25.1916935Z /github/runner_temp/git-credentials-1012c54c-b666-43c3-b2e1-abbfd9612496.config
server (windows-latest)	Post Run actions/checkout@v7.0.1	2026-10-06T10:09:25.1951029Z [command]"C:\Program Files\Git\bin\git.exe" config --local --unset includeif.gitdir:/github/workspace/.git.path \/github\/runner_temp\/git\-credentials\-1012c54c\-b666\-43c3\-b2e1\-abbfd9612496\.config
server (windows-latest)	Post Run actions/checkout@v7.0.1	2026-10-06T10:09:25.2233365Z [command]"C:\Program Files\Git\bin\git.exe" config --local --get-all includeif.gitdir:/github/workspace/.git/worktrees/*.path
server (windows-latest)	Post Run actions/checkout@v7.0.1	2026-10-06T10:09:25.2476659Z /github/runner_temp/git-credentials-1012c54c-b666-43c3-b2e1-abbfd9612496.config
server (windows-latest)	Post Run actions/checkout@v7.0.1	2026-10-06T10:09:25.2553033Z [command]"C:\Program Files\Git\bin\git.exe" config --local --unset includeif.gitdir:/github/workspace/.git/worktrees/*.path \/github\/runner_temp\/git\-credentials\-1012c54c\-b666\-43c3\-b2e1\-abbfd9612496\.config
server (windows-latest)	Post Run actions/checkout@v7.0.1	2026-10-06T10:09:25.2845290Z [command]"C:\Program Files\Git\bin\git.exe" submodule foreach --recursive "git config --local --show-origin --name-only --get-regexp remote.origin.url"
server (windows-latest)	Post Run actions/checkout@v7.0.1	2026-10-06T10:09:25.8126810Z Removing credentials config 'D:\a\_temp\git-credentials-1012c54c-b666-43c3-b2e1-abbfd9612496.config'
server (windows-latest)	Complete job	﻿2026-10-06T10:09:25.8319627Z Cleaning up orphan processes
server (windows-latest)	Complete job	2026-10-06T10:09:25.8520534Z Terminate orphan process: pid (10168) (vctip)
assets	Set up job	﻿2026-10-06T10:06:37.0218353Z Current runner version: '2.337.0'
assets	Set up job	2026-10-06T10:06:37.0254227Z ##[group]Runner Image Provisioner
assets	Set up job	2026-10-06T10:06:37.0255850Z Hosted Compute Agent
assets	Set up job	2026-10-06T10:06:37.0257027Z Version: 20260901.588
assets	Set up job	2026-10-06T10:06:37.0258288Z Commit: f88ec8081b781fac6c440065ac7ff9e710ce3d0b
assets	Set up job	2026-10-06T10:06:37.0259641Z Build Date: 2026-09-01T19:56:44Z
assets	Set up job	2026-10-06T10:06:37.0261063Z Worker ID: {5be2252a-b65b-49c2-b110-c3a09df14cc3}
assets	Set up job	2026-10-06T10:06:37.0262456Z Azure Region: centralus
assets	Set up job	2026-10-06T10:06:37.0264317Z ##[endgroup]
assets	Set up job	2026-10-06T10:06:37.0267089Z ##[group]Operating System
assets	Set up job	2026-10-06T10:06:37.0268239Z Ubuntu
assets	Set up job	2026-10-06T10:06:37.0269333Z 24.04.5
assets	Set up job	2026-10-06T10:06:37.0270262Z LTS
assets	Set up job	2026-10-06T10:06:37.0271297Z ##[endgroup]
assets	Set up job	2026-10-06T10:06:37.0272370Z ##[group]Runner Image
assets	Set up job	2026-10-06T10:06:37.0273556Z Image: ubuntu-24.04
assets	Set up job	2026-10-06T10:06:37.0274702Z Version: 20260927.320.1
assets	Set up job	2026-10-06T10:06:37.0276988Z Included Software: https://github.com/actions/runner-images/blob/ubuntu24/20260927.320/images/ubuntu/Ubuntu2404-Readme.md
assets	Set up job	2026-10-06T10:06:37.0280241Z Image Release: https://github.com/actions/runner-images/releases/tag/ubuntu24%2F20260927.320
assets	Set up job	2026-10-06T10:06:37.0282140Z ##[endgroup]
assets	Set up job	2026-10-06T10:06:37.0284226Z ##[group]GITHUB_TOKEN Permissions
assets	Set up job	2026-10-06T10:06:37.0287349Z Contents: read
assets	Set up job	2026-10-06T10:06:37.0288670Z Metadata: read
assets	Set up job	2026-10-06T10:06:37.0289739Z ##[endgroup]
assets	Set up job	2026-10-06T10:06:37.0293291Z Secret source: Actions
assets	Set up job	2026-10-06T10:06:37.0294895Z Cache mode: write
assets	Set up job	2026-10-06T10:06:37.0296835Z Prepare workflow directory
assets	Set up job	2026-10-06T10:06:37.0671845Z Prepare all required actions
assets	Set up job	2026-10-06T10:06:37.0743017Z Getting action download info
assets	Set up job	2026-10-06T10:06:37.3563266Z Download action repository 'actions/checkout@v7.0.1' (SHA:3d3c42e5aac5ba805825da76410c181273ba90b1)
assets	Set up job	2026-10-06T10:06:37.4712456Z Download action repository 'actions/setup-python@v7.0.0' (SHA:5fda3b95a4ea91299a34e894583c3862153e4b97)
assets	Set up job	2026-10-06T10:06:37.6525148Z Complete job name: assets
assets	Run actions/checkout@v7.0.1	﻿2026-10-06T10:06:37.7260353Z ##[group]Run actions/checkout@v7.0.1
assets	Run actions/checkout@v7.0.1	2026-10-06T10:06:37.7261304Z with:
assets	Run actions/checkout@v7.0.1	2026-10-06T10:06:37.7261777Z   repository: peppone-choi/OpenHOI4
assets	Run actions/checkout@v7.0.1	2026-10-06T10:06:37.7265974Z   token: ***
assets	Run actions/checkout@v7.0.1	2026-10-06T10:06:37.7266423Z   ssh-strict: true
assets	Run actions/checkout@v7.0.1	2026-10-06T10:06:37.7266871Z   ssh-user: git
assets	Run actions/checkout@v7.0.1	2026-10-06T10:06:37.7267308Z   persist-credentials: true
assets	Run actions/checkout@v7.0.1	2026-10-06T10:06:37.7267798Z   clean: true
assets	Run actions/checkout@v7.0.1	2026-10-06T10:06:37.7268245Z   sparse-checkout-cone-mode: true
assets	Run actions/checkout@v7.0.1	2026-10-06T10:06:37.7268763Z   fetch-depth: 1
assets	Run actions/checkout@v7.0.1	2026-10-06T10:06:37.7269187Z   fetch-tags: false
assets	Run actions/checkout@v7.0.1	2026-10-06T10:06:37.7269623Z   show-progress: true
assets	Run actions/checkout@v7.0.1	2026-10-06T10:06:37.7270072Z   lfs: false
assets	Run actions/checkout@v7.0.1	2026-10-06T10:06:37.7270495Z   submodules: false
assets	Run actions/checkout@v7.0.1	2026-10-06T10:06:37.7270951Z   set-safe-directory: true
assets	Run actions/checkout@v7.0.1	2026-10-06T10:06:37.7271468Z   allow-unsafe-pr-checkout: false
assets	Run actions/checkout@v7.0.1	2026-10-06T10:06:37.7272246Z ##[endgroup]
assets	Run actions/checkout@v7.0.1	2026-10-06T10:06:37.8270302Z Syncing repository: peppone-choi/OpenHOI4
assets	Run actions/checkout@v7.0.1	2026-10-06T10:06:37.8272165Z ##[group]Getting Git version info
assets	Run actions/checkout@v7.0.1	2026-10-06T10:06:37.8272921Z Working directory is '/home/runner/work/OpenHOI4/OpenHOI4'
assets	Run actions/checkout@v7.0.1	2026-10-06T10:06:37.8274066Z [command]/usr/bin/git version
assets	Run actions/checkout@v7.0.1	2026-10-06T10:06:37.8373850Z git version 2.55.0
assets	Run actions/checkout@v7.0.1	2026-10-06T10:06:37.8396259Z ##[endgroup]
assets	Run actions/checkout@v7.0.1	2026-10-06T10:06:37.8408278Z Temporarily overriding HOME='/home/runner/work/_temp/1aadec4b-a930-4deb-9a95-203ef49b80f2' before making global git config changes
assets	Run actions/checkout@v7.0.1	2026-10-06T10:06:37.8410732Z Adding repository directory to the temporary git global config as a safe directory
assets	Run actions/checkout@v7.0.1	2026-10-06T10:06:37.8413237Z [command]/usr/bin/git config --global --add safe.directory /home/runner/work/OpenHOI4/OpenHOI4
assets	Run actions/checkout@v7.0.1	2026-10-06T10:06:37.8464891Z Deleting the contents of '/home/runner/work/OpenHOI4/OpenHOI4'
assets	Run actions/checkout@v7.0.1	2026-10-06T10:06:37.8469636Z ##[group]Determining repository object format
assets	Run actions/checkout@v7.0.1	2026-10-06T10:06:37.8471120Z ##[endgroup]
assets	Run actions/checkout@v7.0.1	2026-10-06T10:06:37.8472022Z ##[group]Initializing the repository
assets	Run actions/checkout@v7.0.1	2026-10-06T10:06:37.8476201Z [command]/usr/bin/git init /home/runner/work/OpenHOI4/OpenHOI4
assets	Run actions/checkout@v7.0.1	2026-10-06T10:06:37.8597782Z hint: Using 'master' as the name for the initial branch. This default branch name
assets	Run actions/checkout@v7.0.1	2026-10-06T10:06:37.8600411Z hint: will change to "main" in Git 3.0. To configure the initial branch name
assets	Run actions/checkout@v7.0.1	2026-10-06T10:06:37.8602762Z hint: to use in all of your new repositories, which will suppress this warning,
assets	Run actions/checkout@v7.0.1	2026-10-06T10:06:37.8605031Z hint: call:
assets	Run actions/checkout@v7.0.1	2026-10-06T10:06:37.8606354Z hint:
assets	Run actions/checkout@v7.0.1	2026-10-06T10:06:37.8607638Z hint: 	git config --global init.defaultBranch <name>
assets	Run actions/checkout@v7.0.1	2026-10-06T10:06:37.8609463Z hint:
assets	Run actions/checkout@v7.0.1	2026-10-06T10:06:37.8610458Z hint: Names commonly chosen instead of 'master' are 'main', 'trunk' and
assets	Run actions/checkout@v7.0.1	2026-10-06T10:06:37.8612107Z hint: 'development'. The just-created branch can be renamed via this command:
assets	Run actions/checkout@v7.0.1	2026-10-06T10:06:37.8613521Z hint:
assets	Run actions/checkout@v7.0.1	2026-10-06T10:06:37.8614358Z hint: 	git branch -m <name>
assets	Run actions/checkout@v7.0.1	2026-10-06T10:06:37.8615229Z hint:
assets	Run actions/checkout@v7.0.1	2026-10-06T10:06:37.8616705Z hint: Disable this message with "git config set advice.defaultBranchName false"
assets	Run actions/checkout@v7.0.1	2026-10-06T10:06:37.8618362Z Initialized empty Git repository in /home/runner/work/OpenHOI4/OpenHOI4/.git/
assets	Run actions/checkout@v7.0.1	2026-10-06T10:06:37.8621085Z [command]/usr/bin/git remote add origin https://github.com/peppone-choi/OpenHOI4
assets	Run actions/checkout@v7.0.1	2026-10-06T10:06:37.8671462Z ##[endgroup]
assets	Run actions/checkout@v7.0.1	2026-10-06T10:06:37.8672790Z ##[group]Disabling automatic garbage collection
assets	Run actions/checkout@v7.0.1	2026-10-06T10:06:37.8675040Z [command]/usr/bin/git config --local gc.auto 0
assets	Run actions/checkout@v7.0.1	2026-10-06T10:06:37.8706816Z ##[endgroup]
assets	Run actions/checkout@v7.0.1	2026-10-06T10:06:37.8708537Z ##[group]Setting up auth
assets	Run actions/checkout@v7.0.1	2026-10-06T10:06:37.8709491Z Removing SSH command configuration
assets	Run actions/checkout@v7.0.1	2026-10-06T10:06:37.8714066Z [command]/usr/bin/git config --local --name-only --get-regexp core\.sshCommand
assets	Run actions/checkout@v7.0.1	2026-10-06T10:06:37.8746167Z [command]/usr/bin/git submodule foreach --recursive sh -c "git config --local --name-only --get-regexp 'core\.sshCommand' && git config --local --unset-all 'core.sshCommand' || :"
assets	Run actions/checkout@v7.0.1	2026-10-06T10:06:37.9110672Z Removing HTTP extra header
assets	Run actions/checkout@v7.0.1	2026-10-06T10:06:37.9116138Z [command]/usr/bin/git config --local --name-only --get-regexp http\.https\:\/\/github\.com\/\.extraheader
assets	Run actions/checkout@v7.0.1	2026-10-06T10:06:37.9150511Z [command]/usr/bin/git submodule foreach --recursive sh -c "git config --local --name-only --get-regexp 'http\.https\:\/\/github\.com\/\.extraheader' && git config --local --unset-all 'http.https://github.com/.extraheader' || :"
assets	Run actions/checkout@v7.0.1	2026-10-06T10:06:37.9362156Z Removing includeIf entries pointing to credentials config files
assets	Run actions/checkout@v7.0.1	2026-10-06T10:06:37.9367016Z [command]/usr/bin/git config --local --name-only --get-regexp ^includeIf\.gitdir:
assets	Run actions/checkout@v7.0.1	2026-10-06T10:06:37.9399966Z [command]/usr/bin/git submodule foreach --recursive git config --local --show-origin --name-only --get-regexp remote.origin.url
assets	Run actions/checkout@v7.0.1	2026-10-06T10:06:37.9621312Z [command]/usr/bin/git config --file /home/runner/work/_temp/git-credentials-be96cbf2-3ea2-474b-864f-e2550e4539e2.config http.https://github.com/.extraheader AUTHORIZATION: basic ***
assets	Run actions/checkout@v7.0.1	2026-10-06T10:06:37.9658292Z [command]/usr/bin/git config --local includeIf.gitdir:/home/runner/work/OpenHOI4/OpenHOI4/.git.path /home/runner/work/_temp/git-credentials-be96cbf2-3ea2-474b-864f-e2550e4539e2.config
assets	Run actions/checkout@v7.0.1	2026-10-06T10:06:37.9687391Z [command]/usr/bin/git config --local includeIf.gitdir:/home/runner/work/OpenHOI4/OpenHOI4/.git/worktrees/*.path /home/runner/work/_temp/git-credentials-be96cbf2-3ea2-474b-864f-e2550e4539e2.config
assets	Run actions/checkout@v7.0.1	2026-10-06T10:06:37.9719383Z [command]/usr/bin/git config --local includeIf.gitdir:/github/workspace/.git.path /github/runner_temp/git-credentials-be96cbf2-3ea2-474b-864f-e2550e4539e2.config
assets	Run actions/checkout@v7.0.1	2026-10-06T10:06:37.9749916Z [command]/usr/bin/git config --local includeIf.gitdir:/github/workspace/.git/worktrees/*.path /github/runner_temp/git-credentials-be96cbf2-3ea2-474b-864f-e2550e4539e2.config
assets	Run actions/checkout@v7.0.1	2026-10-06T10:06:37.9775364Z ##[endgroup]
assets	Run actions/checkout@v7.0.1	2026-10-06T10:06:37.9776670Z ##[group]Fetching the repository
assets	Run actions/checkout@v7.0.1	2026-10-06T10:06:37.9782442Z [command]/usr/bin/git -c protocol.version=2 fetch --no-tags --prune --no-recurse-submodules --depth=1 origin +f12b30345c7255bdceb4d0e6b32405f5c48dd5b6:refs/remotes/origin/main
assets	Run actions/checkout@v7.0.1	2026-10-06T10:06:38.7117677Z From https://github.com/peppone-choi/OpenHOI4
assets	Run actions/checkout@v7.0.1	2026-10-06T10:06:38.7120306Z  * [new ref]         f12b30345c7255bdceb4d0e6b32405f5c48dd5b6 -> origin/main
assets	Run actions/checkout@v7.0.1	2026-10-06T10:06:38.7128863Z [command]/usr/bin/git branch --list --remote origin/main
assets	Run actions/checkout@v7.0.1	2026-10-06T10:06:38.7155471Z   origin/main
assets	Run actions/checkout@v7.0.1	2026-10-06T10:06:38.7163973Z [command]/usr/bin/git rev-parse refs/remotes/origin/main
assets	Run actions/checkout@v7.0.1	2026-10-06T10:06:38.7186197Z f12b30345c7255bdceb4d0e6b32405f5c48dd5b6
assets	Run actions/checkout@v7.0.1	2026-10-06T10:06:38.7192518Z ##[endgroup]
assets	Run actions/checkout@v7.0.1	2026-10-06T10:06:38.7194443Z ##[group]Determining the checkout info
assets	Run actions/checkout@v7.0.1	2026-10-06T10:06:38.7196693Z ##[endgroup]
assets	Run actions/checkout@v7.0.1	2026-10-06T10:06:38.7197619Z [command]/usr/bin/git sparse-checkout disable
assets	Run actions/checkout@v7.0.1	2026-10-06T10:06:38.7246726Z [command]/usr/bin/git config --local --unset-all extensions.worktreeConfig
assets	Run actions/checkout@v7.0.1	2026-10-06T10:06:38.7277708Z ##[group]Checking out the ref
assets	Run actions/checkout@v7.0.1	2026-10-06T10:06:38.7279910Z [command]/usr/bin/git checkout --progress --force -B main refs/remotes/origin/main
assets	Run actions/checkout@v7.0.1	2026-10-06T10:06:38.7684697Z Switched to a new branch 'main'
assets	Run actions/checkout@v7.0.1	2026-10-06T10:06:38.7691536Z branch 'main' set up to track 'origin/main'.
assets	Run actions/checkout@v7.0.1	2026-10-06T10:06:38.7701697Z ##[endgroup]
assets	Run actions/checkout@v7.0.1	2026-10-06T10:06:38.7743121Z [command]/usr/bin/git log -1 --format=%H
assets	Run actions/checkout@v7.0.1	2026-10-06T10:06:38.7768886Z f12b30345c7255bdceb4d0e6b32405f5c48dd5b6
assets	Run actions/setup-python@v7.0.0	﻿2026-10-06T10:06:38.8178342Z ##[group]Run actions/setup-python@v7.0.0
assets	Run actions/setup-python@v7.0.0	2026-10-06T10:06:38.8179715Z with:
assets	Run actions/setup-python@v7.0.0	2026-10-06T10:06:38.8180615Z   python-version: 3.11
assets	Run actions/setup-python@v7.0.0	2026-10-06T10:06:38.8181636Z   check-latest: false
assets	Run actions/setup-python@v7.0.0	2026-10-06T10:06:38.8192398Z   token: ***
assets	Run actions/setup-python@v7.0.0	2026-10-06T10:06:38.8193357Z   update-environment: true
assets	Run actions/setup-python@v7.0.0	2026-10-06T10:06:38.8194463Z   allow-prereleases: false
assets	Run actions/setup-python@v7.0.0	2026-10-06T10:06:38.8195676Z   freethreaded: false
assets	Run actions/setup-python@v7.0.0	2026-10-06T10:06:38.8196677Z ##[endgroup]
assets	Run actions/setup-python@v7.0.0	2026-10-06T10:06:38.9409682Z ##[group]Installed versions
assets	Run actions/setup-python@v7.0.0	2026-10-06T10:06:38.9493518Z Successfully set up CPython (3.11.16)
assets	Run actions/setup-python@v7.0.0	2026-10-06T10:06:38.9496985Z ##[endgroup]
assets	Run python tools/check_assets.py --release	﻿2026-10-06T10:06:38.9667599Z ##[group]Run python tools/check_assets.py --release
assets	Run python tools/check_assets.py --release	2026-10-06T10:06:38.9732999Z [36;1mpython tools/check_assets.py --release[0m
assets	Run python tools/check_assets.py --release	2026-10-06T10:06:39.0042669Z shell: /usr/bin/bash -e {0}
assets	Run python tools/check_assets.py --release	2026-10-06T10:06:39.0044194Z env:
assets	Run python tools/check_assets.py --release	2026-10-06T10:06:39.0046108Z   pythonLocation: /opt/hostedtoolcache/Python/3.11.16/x64
assets	Run python tools/check_assets.py --release	2026-10-06T10:06:39.0048761Z   PKG_CONFIG_PATH: /opt/hostedtoolcache/Python/3.11.16/x64/lib/pkgconfig
assets	Run python tools/check_assets.py --release	2026-10-06T10:06:39.0051350Z   Python_ROOT_DIR: /opt/hostedtoolcache/Python/3.11.16/x64
assets	Run python tools/check_assets.py --release	2026-10-06T10:06:39.0053075Z   Python2_ROOT_DIR: /opt/hostedtoolcache/Python/3.11.16/x64
assets	Run python tools/check_assets.py --release	2026-10-06T10:06:39.0054790Z   Python3_ROOT_DIR: /opt/hostedtoolcache/Python/3.11.16/x64
assets	Run python tools/check_assets.py --release	2026-10-06T10:06:39.0056883Z   LD_LIBRARY_PATH: /opt/hostedtoolcache/Python/3.11.16/x64/lib
assets	Run python tools/check_assets.py --release	2026-10-06T10:06:39.0058372Z ##[endgroup]
assets	Run python tools/check_assets.py --release	2026-10-06T10:06:39.1167758Z assets: 0 error(s)
assets	Post Run actions/setup-python@v7.0.0	﻿2026-10-06T10:06:39.1419577Z Post job cleanup.
assets	Post Run actions/checkout@v7.0.1	﻿2026-10-06T10:06:39.2857043Z Post job cleanup.
assets	Post Run actions/checkout@v7.0.1	2026-10-06T10:06:39.3754768Z [command]/usr/bin/git version
assets	Post Run actions/checkout@v7.0.1	2026-10-06T10:06:39.3799494Z git version 2.55.0
assets	Post Run actions/checkout@v7.0.1	2026-10-06T10:06:39.3838073Z Temporarily overriding HOME='/home/runner/work/_temp/216854e1-9547-408e-8ebd-1a69953e030e' before making global git config changes
assets	Post Run actions/checkout@v7.0.1	2026-10-06T10:06:39.3841523Z Adding repository directory to the temporary git global config as a safe directory
assets	Post Run actions/checkout@v7.0.1	2026-10-06T10:06:39.3844917Z [command]/usr/bin/git config --global --add safe.directory /home/runner/work/OpenHOI4/OpenHOI4
assets	Post Run actions/checkout@v7.0.1	2026-10-06T10:06:39.3872392Z Removing SSH command configuration
assets	Post Run actions/checkout@v7.0.1	2026-10-06T10:06:39.3878946Z [command]/usr/bin/git config --local --name-only --get-regexp core\.sshCommand
assets	Post Run actions/checkout@v7.0.1	2026-10-06T10:06:39.3913636Z [command]/usr/bin/git submodule foreach --recursive sh -c "git config --local --name-only --get-regexp 'core\.sshCommand' && git config --local --unset-all 'core.sshCommand' || :"
assets	Post Run actions/checkout@v7.0.1	2026-10-06T10:06:39.4138648Z Removing HTTP extra header
assets	Post Run actions/checkout@v7.0.1	2026-10-06T10:06:39.4145879Z [command]/usr/bin/git config --local --name-only --get-regexp http\.https\:\/\/github\.com\/\.extraheader
assets	Post Run actions/checkout@v7.0.1	2026-10-06T10:06:39.4183233Z [command]/usr/bin/git submodule foreach --recursive sh -c "git config --local --name-only --get-regexp 'http\.https\:\/\/github\.com\/\.extraheader' && git config --local --unset-all 'http.https://github.com/.extraheader' || :"
assets	Post Run actions/checkout@v7.0.1	2026-10-06T10:06:39.4401541Z Removing includeIf entries pointing to credentials config files
assets	Post Run actions/checkout@v7.0.1	2026-10-06T10:06:39.4407084Z [command]/usr/bin/git config --local --name-only --get-regexp ^includeIf\.gitdir:
assets	Post Run actions/checkout@v7.0.1	2026-10-06T10:06:39.4433697Z includeif.gitdir:/home/runner/work/OpenHOI4/OpenHOI4/.git.path
assets	Post Run actions/checkout@v7.0.1	2026-10-06T10:06:39.4436793Z includeif.gitdir:/home/runner/work/OpenHOI4/OpenHOI4/.git/worktrees/*.path
assets	Post Run actions/checkout@v7.0.1	2026-10-06T10:06:39.4439069Z includeif.gitdir:/github/workspace/.git.path
assets	Post Run actions/checkout@v7.0.1	2026-10-06T10:06:39.4440550Z includeif.gitdir:/github/workspace/.git/worktrees/*.path
assets	Post Run actions/checkout@v7.0.1	2026-10-06T10:06:39.4444017Z [command]/usr/bin/git config --local --get-all includeif.gitdir:/home/runner/work/OpenHOI4/OpenHOI4/.git.path
assets	Post Run actions/checkout@v7.0.1	2026-10-06T10:06:39.4464889Z /home/runner/work/_temp/git-credentials-be96cbf2-3ea2-474b-864f-e2550e4539e2.config
assets	Post Run actions/checkout@v7.0.1	2026-10-06T10:06:39.4477294Z [command]/usr/bin/git config --local --unset includeif.gitdir:/home/runner/work/OpenHOI4/OpenHOI4/.git.path \/home\/runner\/work\/_temp\/git\-credentials\-be96cbf2\-3ea2\-474b\-864f\-e2550e4539e2\.config
assets	Post Run actions/checkout@v7.0.1	2026-10-06T10:06:39.4518044Z [command]/usr/bin/git config --local --get-all includeif.gitdir:/home/runner/work/OpenHOI4/OpenHOI4/.git/worktrees/*.path
assets	Post Run actions/checkout@v7.0.1	2026-10-06T10:06:39.4539424Z /home/runner/work/_temp/git-credentials-be96cbf2-3ea2-474b-864f-e2550e4539e2.config
assets	Post Run actions/checkout@v7.0.1	2026-10-06T10:06:39.4555472Z [command]/usr/bin/git config --local --unset includeif.gitdir:/home/runner/work/OpenHOI4/OpenHOI4/.git/worktrees/*.path \/home\/runner\/work\/_temp\/git\-credentials\-be96cbf2\-3ea2\-474b\-864f\-e2550e4539e2\.config
assets	Post Run actions/checkout@v7.0.1	2026-10-06T10:06:39.4587611Z [command]/usr/bin/git config --local --get-all includeif.gitdir:/github/workspace/.git.path
assets	Post Run actions/checkout@v7.0.1	2026-10-06T10:06:39.4609559Z /github/runner_temp/git-credentials-be96cbf2-3ea2-474b-864f-e2550e4539e2.config
assets	Post Run actions/checkout@v7.0.1	2026-10-06T10:06:39.4621619Z [command]/usr/bin/git config --local --unset includeif.gitdir:/github/workspace/.git.path \/github\/runner_temp\/git\-credentials\-be96cbf2\-3ea2\-474b\-864f\-e2550e4539e2\.config
assets	Post Run actions/checkout@v7.0.1	2026-10-06T10:06:39.4653065Z [command]/usr/bin/git config --local --get-all includeif.gitdir:/github/workspace/.git/worktrees/*.path
assets	Post Run actions/checkout@v7.0.1	2026-10-06T10:06:39.4674309Z /github/runner_temp/git-credentials-be96cbf2-3ea2-474b-864f-e2550e4539e2.config
assets	Post Run actions/checkout@v7.0.1	2026-10-06T10:06:39.4682753Z [command]/usr/bin/git config --local --unset includeif.gitdir:/github/workspace/.git/worktrees/*.path \/github\/runner_temp\/git\-credentials\-be96cbf2\-3ea2\-474b\-864f\-e2550e4539e2\.config
assets	Post Run actions/checkout@v7.0.1	2026-10-06T10:06:39.4715258Z [command]/usr/bin/git submodule foreach --recursive git config --local --show-origin --name-only --get-regexp remote.origin.url
assets	Post Run actions/checkout@v7.0.1	2026-10-06T10:06:39.4930883Z Removing credentials config '/home/runner/work/_temp/git-credentials-be96cbf2-3ea2-474b-864f-e2550e4539e2.config'
assets	Complete job	﻿2026-10-06T10:06:39.5090566Z Cleaning up orphan processes
