simulation (macos-latest)	Set up job	﻿2026-10-06T10:06:49.1004950Z Current runner version: '2.337.0'
simulation (macos-latest)	Set up job	2026-10-06T10:06:49.1021470Z ##[group]Runner Image Provisioner
simulation (macos-latest)	Set up job	2026-10-06T10:06:49.1022050Z Hosted Compute Agent
simulation (macos-latest)	Set up job	2026-10-06T10:06:49.1022440Z Version: 20260828.587
simulation (macos-latest)	Set up job	2026-10-06T10:06:49.1022860Z Commit: abac92662cab4cc7352de4f9f9d2e2419aad9c29
simulation (macos-latest)	Set up job	2026-10-06T10:06:49.1023370Z Build Date: 2026-08-28T16:44:25Z
simulation (macos-latest)	Set up job	2026-10-06T10:06:49.1023830Z Worker ID: {daf5431a-8c05-4b36-a3e3-10f3fbc3b0ad}
simulation (macos-latest)	Set up job	2026-10-06T10:06:49.1024300Z Azure Region: westus
simulation (macos-latest)	Set up job	2026-10-06T10:06:49.1024670Z ##[endgroup]
simulation (macos-latest)	Set up job	2026-10-06T10:06:49.1025580Z ##[group]Operating System
simulation (macos-latest)	Set up job	2026-10-06T10:06:49.1025970Z macOS
simulation (macos-latest)	Set up job	2026-10-06T10:06:49.1026310Z 26.6.2
simulation (macos-latest)	Set up job	2026-10-06T10:06:49.1026630Z 25G83
simulation (macos-latest)	Set up job	2026-10-06T10:06:49.1026970Z ##[endgroup]
simulation (macos-latest)	Set up job	2026-10-06T10:06:49.1027330Z ##[group]Runner Image
simulation (macos-latest)	Set up job	2026-10-06T10:06:49.1027730Z Image: macos-26-arm64
simulation (macos-latest)	Set up job	2026-10-06T10:06:49.1028140Z Version: 20260907.0351.1
simulation (macos-latest)	Set up job	2026-10-06T10:06:49.1028950Z Included Software: https://github.com/actions/runner-images/blob/macos-26-arm64/20260907.0351/images/macos/macos-26-arm64-Readme.md
simulation (macos-latest)	Set up job	2026-10-06T10:06:49.1030090Z Image Release: https://github.com/actions/runner-images/releases/tag/macos-26-arm64%2F20260907.0351
simulation (macos-latest)	Set up job	2026-10-06T10:06:49.1030750Z ##[endgroup]
simulation (macos-latest)	Set up job	2026-10-06T10:06:49.1031480Z ##[group]GITHUB_TOKEN Permissions
simulation (macos-latest)	Set up job	2026-10-06T10:06:49.1032640Z Contents: read
simulation (macos-latest)	Set up job	2026-10-06T10:06:49.1033010Z Metadata: read
simulation (macos-latest)	Set up job	2026-10-06T10:06:49.1033370Z ##[endgroup]
simulation (macos-latest)	Set up job	2026-10-06T10:06:49.1034810Z Secret source: Actions
simulation (macos-latest)	Set up job	2026-10-06T10:06:49.1035410Z Cache mode: write
simulation (macos-latest)	Set up job	2026-10-06T10:06:49.1035860Z Prepare workflow directory
simulation (macos-latest)	Set up job	2026-10-06T10:06:49.1257200Z Prepare all required actions
simulation (macos-latest)	Set up job	2026-10-06T10:06:49.1291800Z Getting action download info
simulation (macos-latest)	Set up job	2026-10-06T10:06:49.4229430Z Download action repository 'actions/checkout@3d3c42e5aac5ba805825da76410c181273ba90b1' (SHA:3d3c42e5aac5ba805825da76410c181273ba90b1)
simulation (macos-latest)	Set up job	2026-10-06T10:06:49.6404460Z Download action repository 'actions/setup-python@5fda3b95a4ea91299a34e894583c3862153e4b97' (SHA:5fda3b95a4ea91299a34e894583c3862153e4b97)
simulation (macos-latest)	Set up job	2026-10-06T10:06:49.7266000Z Download action repository 'actions/upload-artifact@043fb46d1a93c77aae656e7c1c64a875d1fc6a0a' (SHA:043fb46d1a93c77aae656e7c1c64a875d1fc6a0a)
simulation (macos-latest)	Set up job	2026-10-06T10:06:49.8480150Z Complete job name: simulation (macos-latest)
simulation (macos-latest)	Run actions/checkout@3d3c42e5aac5ba805825da76410c181273ba90b1	﻿2026-10-06T10:06:49.8882350Z ##[group]Run actions/checkout@3d3c42e5aac5ba805825da76410c181273ba90b1
simulation (macos-latest)	Run actions/checkout@3d3c42e5aac5ba805825da76410c181273ba90b1	2026-10-06T10:06:49.8883110Z with:
simulation (macos-latest)	Run actions/checkout@3d3c42e5aac5ba805825da76410c181273ba90b1	2026-10-06T10:06:49.8883440Z   repository: peppone-choi/OpenHOI4
simulation (macos-latest)	Run actions/checkout@3d3c42e5aac5ba805825da76410c181273ba90b1	2026-10-06T10:06:49.8886240Z   token: ***
simulation (macos-latest)	Run actions/checkout@3d3c42e5aac5ba805825da76410c181273ba90b1	2026-10-06T10:06:49.8886600Z   ssh-strict: true
simulation (macos-latest)	Run actions/checkout@3d3c42e5aac5ba805825da76410c181273ba90b1	2026-10-06T10:06:49.8886910Z   ssh-user: git
simulation (macos-latest)	Run actions/checkout@3d3c42e5aac5ba805825da76410c181273ba90b1	2026-10-06T10:06:49.8887220Z   persist-credentials: true
simulation (macos-latest)	Run actions/checkout@3d3c42e5aac5ba805825da76410c181273ba90b1	2026-10-06T10:06:49.8887560Z   clean: true
simulation (macos-latest)	Run actions/checkout@3d3c42e5aac5ba805825da76410c181273ba90b1	2026-10-06T10:06:49.8887880Z   sparse-checkout-cone-mode: true
simulation (macos-latest)	Run actions/checkout@3d3c42e5aac5ba805825da76410c181273ba90b1	2026-10-06T10:06:49.8888240Z   fetch-depth: 1
simulation (macos-latest)	Run actions/checkout@3d3c42e5aac5ba805825da76410c181273ba90b1	2026-10-06T10:06:49.8888540Z   fetch-tags: false
simulation (macos-latest)	Run actions/checkout@3d3c42e5aac5ba805825da76410c181273ba90b1	2026-10-06T10:06:49.8888850Z   show-progress: true
simulation (macos-latest)	Run actions/checkout@3d3c42e5aac5ba805825da76410c181273ba90b1	2026-10-06T10:06:49.8889170Z   lfs: false
simulation (macos-latest)	Run actions/checkout@3d3c42e5aac5ba805825da76410c181273ba90b1	2026-10-06T10:06:49.8889460Z   submodules: false
simulation (macos-latest)	Run actions/checkout@3d3c42e5aac5ba805825da76410c181273ba90b1	2026-10-06T10:06:49.8889780Z   set-safe-directory: true
simulation (macos-latest)	Run actions/checkout@3d3c42e5aac5ba805825da76410c181273ba90b1	2026-10-06T10:06:49.8890130Z   allow-unsafe-pr-checkout: false
simulation (macos-latest)	Run actions/checkout@3d3c42e5aac5ba805825da76410c181273ba90b1	2026-10-06T10:06:49.8890630Z ##[endgroup]
simulation (macos-latest)	Run actions/checkout@3d3c42e5aac5ba805825da76410c181273ba90b1	2026-10-06T10:06:50.1882570Z Syncing repository: peppone-choi/OpenHOI4
simulation (macos-latest)	Run actions/checkout@3d3c42e5aac5ba805825da76410c181273ba90b1	2026-10-06T10:06:50.1884500Z ##[group]Getting Git version info
simulation (macos-latest)	Run actions/checkout@3d3c42e5aac5ba805825da76410c181273ba90b1	2026-10-06T10:06:50.1885140Z Working directory is '/Users/runner/work/OpenHOI4/OpenHOI4'
simulation (macos-latest)	Run actions/checkout@3d3c42e5aac5ba805825da76410c181273ba90b1	2026-10-06T10:06:50.1885860Z [command]/opt/homebrew/bin/git version
simulation (macos-latest)	Run actions/checkout@3d3c42e5aac5ba805825da76410c181273ba90b1	2026-10-06T10:06:50.2339480Z git version 2.55.0
simulation (macos-latest)	Run actions/checkout@3d3c42e5aac5ba805825da76410c181273ba90b1	2026-10-06T10:06:50.2353510Z ##[endgroup]
simulation (macos-latest)	Run actions/checkout@3d3c42e5aac5ba805825da76410c181273ba90b1	2026-10-06T10:06:50.2357890Z Copying '/Users/runner/.gitconfig' to '/Users/runner/work/_temp/245b8071-5b63-4352-8f7f-d9599d97b78c/.gitconfig'
simulation (macos-latest)	Run actions/checkout@3d3c42e5aac5ba805825da76410c181273ba90b1	2026-10-06T10:06:50.2363520Z Temporarily overriding HOME='/Users/runner/work/_temp/245b8071-5b63-4352-8f7f-d9599d97b78c' before making global git config changes
simulation (macos-latest)	Run actions/checkout@3d3c42e5aac5ba805825da76410c181273ba90b1	2026-10-06T10:06:50.2364750Z Adding repository directory to the temporary git global config as a safe directory
simulation (macos-latest)	Run actions/checkout@3d3c42e5aac5ba805825da76410c181273ba90b1	2026-10-06T10:06:50.2367160Z [command]/opt/homebrew/bin/git config --global --add safe.directory /Users/runner/work/OpenHOI4/OpenHOI4
simulation (macos-latest)	Run actions/checkout@3d3c42e5aac5ba805825da76410c181273ba90b1	2026-10-06T10:06:50.2459900Z Deleting the contents of '/Users/runner/work/OpenHOI4/OpenHOI4'
simulation (macos-latest)	Run actions/checkout@3d3c42e5aac5ba805825da76410c181273ba90b1	2026-10-06T10:06:50.2462260Z ##[group]Determining repository object format
simulation (macos-latest)	Run actions/checkout@3d3c42e5aac5ba805825da76410c181273ba90b1	2026-10-06T10:06:50.2463320Z ##[endgroup]
simulation (macos-latest)	Run actions/checkout@3d3c42e5aac5ba805825da76410c181273ba90b1	2026-10-06T10:06:50.2466750Z ##[group]Initializing the repository
simulation (macos-latest)	Run actions/checkout@3d3c42e5aac5ba805825da76410c181273ba90b1	2026-10-06T10:06:50.2467420Z [command]/opt/homebrew/bin/git init /Users/runner/work/OpenHOI4/OpenHOI4
simulation (macos-latest)	Run actions/checkout@3d3c42e5aac5ba805825da76410c181273ba90b1	2026-10-06T10:06:50.2654520Z hint: Using 'master' as the name for the initial branch. This default branch name
simulation (macos-latest)	Run actions/checkout@3d3c42e5aac5ba805825da76410c181273ba90b1	2026-10-06T10:06:50.2656670Z hint: will change to "main" in Git 3.0. To configure the initial branch name
simulation (macos-latest)	Run actions/checkout@3d3c42e5aac5ba805825da76410c181273ba90b1	2026-10-06T10:06:50.2657620Z hint: to use in all of your new repositories, which will suppress this warning,
simulation (macos-latest)	Run actions/checkout@3d3c42e5aac5ba805825da76410c181273ba90b1	2026-10-06T10:06:50.2658280Z hint: call:
simulation (macos-latest)	Run actions/checkout@3d3c42e5aac5ba805825da76410c181273ba90b1	2026-10-06T10:06:50.2658720Z hint:
simulation (macos-latest)	Run actions/checkout@3d3c42e5aac5ba805825da76410c181273ba90b1	2026-10-06T10:06:50.2659280Z hint: 	git config --global init.defaultBranch <name>
simulation (macos-latest)	Run actions/checkout@3d3c42e5aac5ba805825da76410c181273ba90b1	2026-10-06T10:06:50.2659880Z hint:
simulation (macos-latest)	Run actions/checkout@3d3c42e5aac5ba805825da76410c181273ba90b1	2026-10-06T10:06:50.2660420Z hint: Names commonly chosen instead of 'master' are 'main', 'trunk' and
simulation (macos-latest)	Run actions/checkout@3d3c42e5aac5ba805825da76410c181273ba90b1	2026-10-06T10:06:50.2661160Z hint: 'development'. The just-created branch can be renamed via this command:
simulation (macos-latest)	Run actions/checkout@3d3c42e5aac5ba805825da76410c181273ba90b1	2026-10-06T10:06:50.2661760Z hint:
simulation (macos-latest)	Run actions/checkout@3d3c42e5aac5ba805825da76410c181273ba90b1	2026-10-06T10:06:50.2662080Z hint: 	git branch -m <name>
simulation (macos-latest)	Run actions/checkout@3d3c42e5aac5ba805825da76410c181273ba90b1	2026-10-06T10:06:50.2662530Z hint:
simulation (macos-latest)	Run actions/checkout@3d3c42e5aac5ba805825da76410c181273ba90b1	2026-10-06T10:06:50.2663190Z hint: Disable this message with "git config set advice.defaultBranchName false"
simulation (macos-latest)	Run actions/checkout@3d3c42e5aac5ba805825da76410c181273ba90b1	2026-10-06T10:06:50.2664110Z Initialized empty Git repository in /Users/runner/work/OpenHOI4/OpenHOI4/.git/
simulation (macos-latest)	Run actions/checkout@3d3c42e5aac5ba805825da76410c181273ba90b1	2026-10-06T10:06:50.2665580Z [command]/opt/homebrew/bin/git remote add origin https://github.com/peppone-choi/OpenHOI4
simulation (macos-latest)	Run actions/checkout@3d3c42e5aac5ba805825da76410c181273ba90b1	2026-10-06T10:06:50.2733300Z ##[endgroup]
simulation (macos-latest)	Run actions/checkout@3d3c42e5aac5ba805825da76410c181273ba90b1	2026-10-06T10:06:50.2734180Z ##[group]Disabling automatic garbage collection
simulation (macos-latest)	Run actions/checkout@3d3c42e5aac5ba805825da76410c181273ba90b1	2026-10-06T10:06:50.2735850Z [command]/opt/homebrew/bin/git config --local gc.auto 0
simulation (macos-latest)	Run actions/checkout@3d3c42e5aac5ba805825da76410c181273ba90b1	2026-10-06T10:06:50.2791960Z ##[endgroup]
simulation (macos-latest)	Run actions/checkout@3d3c42e5aac5ba805825da76410c181273ba90b1	2026-10-06T10:06:50.2792690Z ##[group]Setting up auth
simulation (macos-latest)	Run actions/checkout@3d3c42e5aac5ba805825da76410c181273ba90b1	2026-10-06T10:06:50.2793110Z Removing SSH command configuration
simulation (macos-latest)	Run actions/checkout@3d3c42e5aac5ba805825da76410c181273ba90b1	2026-10-06T10:06:50.2795880Z [command]/opt/homebrew/bin/git config --local --name-only --get-regexp core\.sshCommand
simulation (macos-latest)	Run actions/checkout@3d3c42e5aac5ba805825da76410c181273ba90b1	2026-10-06T10:06:50.2852910Z [command]/opt/homebrew/bin/git submodule foreach --recursive sh -c "git config --local --name-only --get-regexp 'core\.sshCommand' && git config --local --unset-all 'core.sshCommand' || :"
simulation (macos-latest)	Run actions/checkout@3d3c42e5aac5ba805825da76410c181273ba90b1	2026-10-06T10:06:50.3606530Z Removing HTTP extra header
simulation (macos-latest)	Run actions/checkout@3d3c42e5aac5ba805825da76410c181273ba90b1	2026-10-06T10:06:50.3609820Z [command]/opt/homebrew/bin/git config --local --name-only --get-regexp http\.https\:\/\/github\.com\/\.extraheader
simulation (macos-latest)	Run actions/checkout@3d3c42e5aac5ba805825da76410c181273ba90b1	2026-10-06T10:06:50.3661780Z [command]/opt/homebrew/bin/git submodule foreach --recursive sh -c "git config --local --name-only --get-regexp 'http\.https\:\/\/github\.com\/\.extraheader' && git config --local --unset-all 'http.https://github.com/.extraheader' || :"
simulation (macos-latest)	Run actions/checkout@3d3c42e5aac5ba805825da76410c181273ba90b1	2026-10-06T10:06:50.4300790Z Removing includeIf entries pointing to credentials config files
simulation (macos-latest)	Run actions/checkout@3d3c42e5aac5ba805825da76410c181273ba90b1	2026-10-06T10:06:50.4303830Z [command]/opt/homebrew/bin/git config --local --name-only --get-regexp ^includeIf\.gitdir:
simulation (macos-latest)	Run actions/checkout@3d3c42e5aac5ba805825da76410c181273ba90b1	2026-10-06T10:06:50.4358290Z [command]/opt/homebrew/bin/git submodule foreach --recursive git config --local --show-origin --name-only --get-regexp remote.origin.url
simulation (macos-latest)	Run actions/checkout@3d3c42e5aac5ba805825da76410c181273ba90b1	2026-10-06T10:06:50.5089550Z [command]/opt/homebrew/bin/git config --file /Users/runner/work/_temp/git-credentials-fdef365a-3542-43e4-8a17-3af6d3810c15.config http.https://github.com/.extraheader AUTHORIZATION: basic ***
simulation (macos-latest)	Run actions/checkout@3d3c42e5aac5ba805825da76410c181273ba90b1	2026-10-06T10:06:50.5219390Z [command]/opt/homebrew/bin/git config --local includeIf.gitdir:/Users/runner/work/OpenHOI4/OpenHOI4/.git.path /Users/runner/work/_temp/git-credentials-fdef365a-3542-43e4-8a17-3af6d3810c15.config
simulation (macos-latest)	Run actions/checkout@3d3c42e5aac5ba805825da76410c181273ba90b1	2026-10-06T10:06:50.5277520Z [command]/opt/homebrew/bin/git config --local includeIf.gitdir:/Users/runner/work/OpenHOI4/OpenHOI4/.git/worktrees/*.path /Users/runner/work/_temp/git-credentials-fdef365a-3542-43e4-8a17-3af6d3810c15.config
simulation (macos-latest)	Run actions/checkout@3d3c42e5aac5ba805825da76410c181273ba90b1	2026-10-06T10:06:50.5330320Z [command]/opt/homebrew/bin/git config --local includeIf.gitdir:/github/workspace/.git.path /github/runner_temp/git-credentials-fdef365a-3542-43e4-8a17-3af6d3810c15.config
simulation (macos-latest)	Run actions/checkout@3d3c42e5aac5ba805825da76410c181273ba90b1	2026-10-06T10:06:50.5388250Z [command]/opt/homebrew/bin/git config --local includeIf.gitdir:/github/workspace/.git/worktrees/*.path /github/runner_temp/git-credentials-fdef365a-3542-43e4-8a17-3af6d3810c15.config
simulation (macos-latest)	Run actions/checkout@3d3c42e5aac5ba805825da76410c181273ba90b1	2026-10-06T10:06:50.5438530Z ##[endgroup]
simulation (macos-latest)	Run actions/checkout@3d3c42e5aac5ba805825da76410c181273ba90b1	2026-10-06T10:06:50.5439400Z ##[group]Fetching the repository
simulation (macos-latest)	Run actions/checkout@3d3c42e5aac5ba805825da76410c181273ba90b1	2026-10-06T10:06:50.5442620Z [command]/opt/homebrew/bin/git -c protocol.version=2 fetch --no-tags --prune --no-recurse-submodules --depth=1 origin +f12b30345c7255bdceb4d0e6b32405f5c48dd5b6:refs/remotes/origin/main
simulation (macos-latest)	Run actions/checkout@3d3c42e5aac5ba805825da76410c181273ba90b1	2026-10-06T10:06:51.5639620Z From https://github.com/peppone-choi/OpenHOI4
simulation (macos-latest)	Run actions/checkout@3d3c42e5aac5ba805825da76410c181273ba90b1	2026-10-06T10:06:51.5642430Z  * [new ref]         f12b30345c7255bdceb4d0e6b32405f5c48dd5b6 -> origin/main
simulation (macos-latest)	Run actions/checkout@3d3c42e5aac5ba805825da76410c181273ba90b1	2026-10-06T10:06:51.5644730Z [command]/opt/homebrew/bin/git branch --list --remote origin/main
simulation (macos-latest)	Run actions/checkout@3d3c42e5aac5ba805825da76410c181273ba90b1	2026-10-06T10:06:51.5726620Z   origin/main
simulation (macos-latest)	Run actions/checkout@3d3c42e5aac5ba805825da76410c181273ba90b1	2026-10-06T10:06:51.5732500Z [command]/opt/homebrew/bin/git rev-parse refs/remotes/origin/main
simulation (macos-latest)	Run actions/checkout@3d3c42e5aac5ba805825da76410c181273ba90b1	2026-10-06T10:06:51.5795190Z f12b30345c7255bdceb4d0e6b32405f5c48dd5b6
simulation (macos-latest)	Run actions/checkout@3d3c42e5aac5ba805825da76410c181273ba90b1	2026-10-06T10:06:51.5797110Z ##[endgroup]
simulation (macos-latest)	Run actions/checkout@3d3c42e5aac5ba805825da76410c181273ba90b1	2026-10-06T10:06:51.5797720Z ##[group]Determining the checkout info
simulation (macos-latest)	Run actions/checkout@3d3c42e5aac5ba805825da76410c181273ba90b1	2026-10-06T10:06:51.5798430Z ##[endgroup]
simulation (macos-latest)	Run actions/checkout@3d3c42e5aac5ba805825da76410c181273ba90b1	2026-10-06T10:06:51.5802350Z [command]/opt/homebrew/bin/git sparse-checkout disable
simulation (macos-latest)	Run actions/checkout@3d3c42e5aac5ba805825da76410c181273ba90b1	2026-10-06T10:06:51.5887670Z [command]/opt/homebrew/bin/git config --local --unset-all extensions.worktreeConfig
simulation (macos-latest)	Run actions/checkout@3d3c42e5aac5ba805825da76410c181273ba90b1	2026-10-06T10:06:51.5958800Z ##[group]Checking out the ref
simulation (macos-latest)	Run actions/checkout@3d3c42e5aac5ba805825da76410c181273ba90b1	2026-10-06T10:06:51.5960300Z [command]/opt/homebrew/bin/git checkout --progress --force -B main refs/remotes/origin/main
simulation (macos-latest)	Run actions/checkout@3d3c42e5aac5ba805825da76410c181273ba90b1	2026-10-06T10:06:51.7006650Z Switched to a new branch 'main'
simulation (macos-latest)	Run actions/checkout@3d3c42e5aac5ba805825da76410c181273ba90b1	2026-10-06T10:06:51.7010430Z branch 'main' set up to track 'origin/main'.
simulation (macos-latest)	Run actions/checkout@3d3c42e5aac5ba805825da76410c181273ba90b1	2026-10-06T10:06:51.7015980Z ##[endgroup]
simulation (macos-latest)	Run actions/checkout@3d3c42e5aac5ba805825da76410c181273ba90b1	2026-10-06T10:06:51.7137670Z [command]/opt/homebrew/bin/git log -1 --format=%H
simulation (macos-latest)	Run actions/checkout@3d3c42e5aac5ba805825da76410c181273ba90b1	2026-10-06T10:06:51.7209510Z f12b30345c7255bdceb4d0e6b32405f5c48dd5b6
simulation (macos-latest)	Run actions/setup-python@5fda3b95a4ea91299a34e894583c3862153e4b97	﻿2026-10-06T10:06:51.7463830Z ##[group]Run actions/setup-python@5fda3b95a4ea91299a34e894583c3862153e4b97
simulation (macos-latest)	Run actions/setup-python@5fda3b95a4ea91299a34e894583c3862153e4b97	2026-10-06T10:06:51.7464220Z with:
simulation (macos-latest)	Run actions/setup-python@5fda3b95a4ea91299a34e894583c3862153e4b97	2026-10-06T10:06:51.7464390Z   python-version: 3.11
simulation (macos-latest)	Run actions/setup-python@5fda3b95a4ea91299a34e894583c3862153e4b97	2026-10-06T10:06:51.7464580Z   check-latest: false
simulation (macos-latest)	Run actions/setup-python@5fda3b95a4ea91299a34e894583c3862153e4b97	2026-10-06T10:06:51.7466680Z   token: ***
simulation (macos-latest)	Run actions/setup-python@5fda3b95a4ea91299a34e894583c3862153e4b97	2026-10-06T10:06:51.7466860Z   update-environment: true
simulation (macos-latest)	Run actions/setup-python@5fda3b95a4ea91299a34e894583c3862153e4b97	2026-10-06T10:06:51.7467090Z   allow-prereleases: false
simulation (macos-latest)	Run actions/setup-python@5fda3b95a4ea91299a34e894583c3862153e4b97	2026-10-06T10:06:51.7467290Z   freethreaded: false
simulation (macos-latest)	Run actions/setup-python@5fda3b95a4ea91299a34e894583c3862153e4b97	2026-10-06T10:06:51.7467470Z ##[endgroup]
simulation (macos-latest)	Run actions/setup-python@5fda3b95a4ea91299a34e894583c3862153e4b97	2026-10-06T10:06:51.8569660Z ##[group]Installed versions
simulation (macos-latest)	Run actions/setup-python@5fda3b95a4ea91299a34e894583c3862153e4b97	2026-10-06T10:06:51.8627440Z Successfully set up CPython (3.11.9)
simulation (macos-latest)	Run actions/setup-python@5fda3b95a4ea91299a34e894583c3862153e4b97	2026-10-06T10:06:51.8628220Z ##[endgroup]
simulation (macos-latest)	Install pinned Rust toolchain	﻿2026-10-06T10:06:51.8697990Z ##[group]Run rustup toolchain install 1.99.0 --profile minimal --component rustfmt --component clippy
simulation (macos-latest)	Install pinned Rust toolchain	2026-10-06T10:06:51.8698720Z [36;1mrustup toolchain install 1.99.0 --profile minimal --component rustfmt --component clippy[0m
simulation (macos-latest)	Install pinned Rust toolchain	2026-10-06T10:06:51.8746350Z shell: /bin/bash -e {0}
simulation (macos-latest)	Install pinned Rust toolchain	2026-10-06T10:06:51.8746600Z env:
simulation (macos-latest)	Install pinned Rust toolchain	2026-10-06T10:06:51.8746870Z   pythonLocation: /Users/runner/hostedtoolcache/Python/3.11.9/arm64
simulation (macos-latest)	Install pinned Rust toolchain	2026-10-06T10:06:51.8747340Z   PKG_CONFIG_PATH: /Users/runner/hostedtoolcache/Python/3.11.9/arm64/lib/pkgconfig
simulation (macos-latest)	Install pinned Rust toolchain	2026-10-06T10:06:51.8747790Z   Python_ROOT_DIR: /Users/runner/hostedtoolcache/Python/3.11.9/arm64
simulation (macos-latest)	Install pinned Rust toolchain	2026-10-06T10:06:51.8748190Z   Python2_ROOT_DIR: /Users/runner/hostedtoolcache/Python/3.11.9/arm64
simulation (macos-latest)	Install pinned Rust toolchain	2026-10-06T10:06:51.8748630Z   Python3_ROOT_DIR: /Users/runner/hostedtoolcache/Python/3.11.9/arm64
simulation (macos-latest)	Install pinned Rust toolchain	2026-10-06T10:06:51.8748930Z ##[endgroup]
simulation (macos-latest)	Install pinned Rust toolchain	2026-10-06T10:06:51.9641800Z info: syncing channel updates for 1.99.0-aarch64-apple-darwin
simulation (macos-latest)	Install pinned Rust toolchain	2026-10-06T10:06:52.2695030Z info: latest update on 2026-10-01 for version 1.99.0 (b940084d7 2026-09-28)
simulation (macos-latest)	Install pinned Rust toolchain	2026-10-06T10:06:52.2719150Z info: downloading 5 components
simulation (macos-latest)	Install pinned Rust toolchain	2026-10-06T10:06:58.7660520Z
simulation (macos-latest)	Install pinned Rust toolchain	2026-10-06T10:06:58.8687980Z   1.99.0-aarch64-apple-darwin installed - rustc 1.99.0 (b940084d7 2026-09-28)
simulation (macos-latest)	Install pinned Rust toolchain	2026-10-06T10:06:58.8689570Z info: self-update is disabled for this build of rustup
simulation (macos-latest)	Install pinned Rust toolchain	2026-10-06T10:06:58.8690130Z info: any updates to rustup will need to be fetched with your system package manager
simulation (macos-latest)	Install pinned Rust toolchain	2026-10-06T10:06:58.8690500Z
simulation (macos-latest)	Run cargo fmt --check	﻿2026-10-06T10:06:58.8922890Z ##[group]Run cargo fmt --check
simulation (macos-latest)	Run cargo fmt --check	2026-10-06T10:06:58.8923250Z [36;1mcargo fmt --check[0m
simulation (macos-latest)	Run cargo fmt --check	2026-10-06T10:06:58.8969150Z shell: /bin/bash -e {0}
simulation (macos-latest)	Run cargo fmt --check	2026-10-06T10:06:58.8975110Z env:
simulation (macos-latest)	Run cargo fmt --check	2026-10-06T10:06:58.8975650Z   pythonLocation: /Users/runner/hostedtoolcache/Python/3.11.9/arm64
simulation (macos-latest)	Run cargo fmt --check	2026-10-06T10:06:58.8976220Z   PKG_CONFIG_PATH: /Users/runner/hostedtoolcache/Python/3.11.9/arm64/lib/pkgconfig
simulation (macos-latest)	Run cargo fmt --check	2026-10-06T10:06:58.8976780Z   Python_ROOT_DIR: /Users/runner/hostedtoolcache/Python/3.11.9/arm64
simulation (macos-latest)	Run cargo fmt --check	2026-10-06T10:06:58.8977220Z   Python2_ROOT_DIR: /Users/runner/hostedtoolcache/Python/3.11.9/arm64
simulation (macos-latest)	Run cargo fmt --check	2026-10-06T10:06:58.8977740Z   Python3_ROOT_DIR: /Users/runner/hostedtoolcache/Python/3.11.9/arm64
simulation (macos-latest)	Run cargo fmt --check	2026-10-06T10:06:58.8978140Z ##[endgroup]
simulation (macos-latest)	Run cargo clippy -p oh_sim -p oh_cli --all-targets --locked -- -D warnings	﻿2026-10-06T10:06:59.3261880Z ##[group]Run cargo clippy -p oh_sim -p oh_cli --all-targets --locked -- -D warnings
simulation (macos-latest)	Run cargo clippy -p oh_sim -p oh_cli --all-targets --locked -- -D warnings	2026-10-06T10:06:59.3264650Z [36;1mcargo clippy -p oh_sim -p oh_cli --all-targets --locked -- -D warnings[0m
simulation (macos-latest)	Run cargo clippy -p oh_sim -p oh_cli --all-targets --locked -- -D warnings	2026-10-06T10:06:59.3368140Z shell: /bin/bash -e {0}
simulation (macos-latest)	Run cargo clippy -p oh_sim -p oh_cli --all-targets --locked -- -D warnings	2026-10-06T10:06:59.3368850Z env:
simulation (macos-latest)	Run cargo clippy -p oh_sim -p oh_cli --all-targets --locked -- -D warnings	2026-10-06T10:06:59.3369320Z   pythonLocation: /Users/runner/hostedtoolcache/Python/3.11.9/arm64
simulation (macos-latest)	Run cargo clippy -p oh_sim -p oh_cli --all-targets --locked -- -D warnings	2026-10-06T10:06:59.3370210Z   PKG_CONFIG_PATH: /Users/runner/hostedtoolcache/Python/3.11.9/arm64/lib/pkgconfig
simulation (macos-latest)	Run cargo clippy -p oh_sim -p oh_cli --all-targets --locked -- -D warnings	2026-10-06T10:06:59.3371550Z   Python_ROOT_DIR: /Users/runner/hostedtoolcache/Python/3.11.9/arm64
simulation (macos-latest)	Run cargo clippy -p oh_sim -p oh_cli --all-targets --locked -- -D warnings	2026-10-06T10:06:59.3372440Z   Python2_ROOT_DIR: /Users/runner/hostedtoolcache/Python/3.11.9/arm64
simulation (macos-latest)	Run cargo clippy -p oh_sim -p oh_cli --all-targets --locked -- -D warnings	2026-10-06T10:06:59.3373210Z   Python3_ROOT_DIR: /Users/runner/hostedtoolcache/Python/3.11.9/arm64
simulation (macos-latest)	Run cargo clippy -p oh_sim -p oh_cli --all-targets --locked -- -D warnings	2026-10-06T10:06:59.3373520Z ##[endgroup]
simulation (macos-latest)	Run cargo clippy -p oh_sim -p oh_cli --all-targets --locked -- -D warnings	2026-10-06T10:06:59.5819190Z     Updating crates.io index
simulation (macos-latest)	Run cargo clippy -p oh_sim -p oh_cli --all-targets --locked -- -D warnings	2026-10-06T10:06:59.9570580Z  Downloading crates ...
simulation (macos-latest)	Run cargo clippy -p oh_sim -p oh_cli --all-targets --locked -- -D warnings	2026-10-06T10:07:00.0421400Z   Downloaded cobs v0.3.0
simulation (macos-latest)	Run cargo clippy -p oh_sim -p oh_cli --all-targets --locked -- -D warnings	2026-10-06T10:07:00.0795870Z   Downloaded cfg-if v1.0.5
simulation (macos-latest)	Run cargo clippy -p oh_sim -p oh_cli --all-targets --locked -- -D warnings	2026-10-06T10:07:00.0848060Z   Downloaded ppv-lite86 v0.2.21
simulation (macos-latest)	Run cargo clippy -p oh_sim -p oh_cli --all-targets --locked -- -D warnings	2026-10-06T10:07:00.0895340Z   Downloaded itoa v1.0.18
simulation (macos-latest)	Run cargo clippy -p oh_sim -p oh_cli --all-targets --locked -- -D warnings	2026-10-06T10:07:00.0915550Z   Downloaded serde_spanned v1.1.1
simulation (macos-latest)	Run cargo clippy -p oh_sim -p oh_cli --all-targets --locked -- -D warnings	2026-10-06T10:07:00.0945230Z   Downloaded equivalent v1.0.2
simulation (macos-latest)	Run cargo clippy -p oh_sim -p oh_cli --all-targets --locked -- -D warnings	2026-10-06T10:07:00.0972600Z   Downloaded ref-cast v1.0.27
simulation (macos-latest)	Run cargo clippy -p oh_sim -p oh_cli --all-targets --locked -- -D warnings	2026-10-06T10:07:00.1058570Z   Downloaded embedded-io v0.4.0
simulation (macos-latest)	Run cargo clippy -p oh_sim -p oh_cli --all-targets --locked -- -D warnings	2026-10-06T10:07:00.1115600Z   Downloaded embedded-io v0.6.1
simulation (macos-latest)	Run cargo clippy -p oh_sim -p oh_cli --all-targets --locked -- -D warnings	2026-10-06T10:07:00.1140210Z   Downloaded dyn-clone v1.0.20
simulation (macos-latest)	Run cargo clippy -p oh_sim -p oh_cli --all-targets --locked -- -D warnings	2026-10-06T10:07:00.1185030Z   Downloaded ref-cast-impl v1.0.27
simulation (macos-latest)	Run cargo clippy -p oh_sim -p oh_cli --all-targets --locked -- -D warnings	2026-10-06T10:07:00.1197040Z   Downloaded schemars_derive v1.2.2
simulation (macos-latest)	Run cargo clippy -p oh_sim -p oh_cli --all-targets --locked -- -D warnings	2026-10-06T10:07:00.1235020Z   Downloaded serde_derive_internals v0.30.0
simulation (macos-latest)	Run cargo clippy -p oh_sim -p oh_cli --all-targets --locked -- -D warnings	2026-10-06T10:07:00.1263190Z   Downloaded thiserror v2.0.21
simulation (macos-latest)	Run cargo clippy -p oh_sim -p oh_cli --all-targets --locked -- -D warnings	2026-10-06T10:07:00.1403610Z   Downloaded thiserror-impl v2.0.21
simulation (macos-latest)	Run cargo clippy -p oh_sim -p oh_cli --all-targets --locked -- -D warnings	2026-10-06T10:07:00.1434560Z   Downloaded az v1.3.0
simulation (macos-latest)	Run cargo clippy -p oh_sim -p oh_cli --all-targets --locked -- -D warnings	2026-10-06T10:07:00.1507710Z   Downloaded zmij v1.0.23
simulation (macos-latest)	Run cargo clippy -p oh_sim -p oh_cli --all-targets --locked -- -D warnings	2026-10-06T10:07:00.1542050Z   Downloaded postcard v1.1.3
simulation (macos-latest)	Run cargo clippy -p oh_sim -p oh_cli --all-targets --locked -- -D warnings	2026-10-06T10:07:00.1582180Z   Downloaded rand_chacha v0.10.0
simulation (macos-latest)	Run cargo clippy -p oh_sim -p oh_cli --all-targets --locked -- -D warnings	2026-10-06T10:07:00.1611000Z   Downloaded toml_datetime v1.1.1+spec-1.1.0
simulation (macos-latest)	Run cargo clippy -p oh_sim -p oh_cli --all-targets --locked -- -D warnings	2026-10-06T10:07:00.1628990Z   Downloaded toml_parser v1.1.3+spec-1.1.0
simulation (macos-latest)	Run cargo clippy -p oh_sim -p oh_cli --all-targets --locked -- -D warnings	2026-10-06T10:07:00.1672720Z   Downloaded unicode-ident v1.0.26
simulation (macos-latest)	Run cargo clippy -p oh_sim -p oh_cli --all-targets --locked -- -D warnings	2026-10-06T10:07:00.1722140Z   Downloaded quote v1.0.47
simulation (macos-latest)	Run cargo clippy -p oh_sim -p oh_cli --all-targets --locked -- -D warnings	2026-10-06T10:07:00.1802990Z   Downloaded rand_core v0.10.1
simulation (macos-latest)	Run cargo clippy -p oh_sim -p oh_cli --all-targets --locked -- -D warnings	2026-10-06T10:07:00.1912280Z   Downloaded toml_writer v1.1.2+spec-1.1.0
simulation (macos-latest)	Run cargo clippy -p oh_sim -p oh_cli --all-targets --locked -- -D warnings	2026-10-06T10:07:00.1943910Z   Downloaded bytemuck v1.25.2
simulation (macos-latest)	Run cargo clippy -p oh_sim -p oh_cli --all-targets --locked -- -D warnings	2026-10-06T10:07:00.1948360Z   Downloaded proc-macro2 v1.0.107
simulation (macos-latest)	Run cargo clippy -p oh_sim -p oh_cli --all-targets --locked -- -D warnings	2026-10-06T10:07:00.1982500Z   Downloaded half v2.7.1
simulation (macos-latest)	Run cargo clippy -p oh_sim -p oh_cli --all-targets --locked -- -D warnings	2026-10-06T10:07:00.2027960Z   Downloaded semver v1.0.28
simulation (macos-latest)	Run cargo clippy -p oh_sim -p oh_cli --all-targets --locked -- -D warnings	2026-10-06T10:07:00.2079640Z   Downloaded serde_core v1.0.229
simulation (macos-latest)	Run cargo clippy -p oh_sim -p oh_cli --all-targets --locked -- -D warnings	2026-10-06T10:07:00.2121960Z   Downloaded toml v1.1.6+spec-1.1.0
simulation (macos-latest)	Run cargo clippy -p oh_sim -p oh_cli --all-targets --locked -- -D warnings	2026-10-06T10:07:00.2215200Z   Downloaded serde_derive v1.0.229
simulation (macos-latest)	Run cargo clippy -p oh_sim -p oh_cli --all-targets --locked -- -D warnings	2026-10-06T10:07:00.2328270Z   Downloaded serde v1.0.229
simulation (macos-latest)	Run cargo clippy -p oh_sim -p oh_cli --all-targets --locked -- -D warnings	2026-10-06T10:07:00.2411900Z   Downloaded hashbrown v0.17.1
simulation (macos-latest)	Run cargo clippy -p oh_sim -p oh_cli --all-targets --locked -- -D warnings	2026-10-06T10:07:00.2523650Z   Downloaded indexmap v2.14.2
simulation (macos-latest)	Run cargo clippy -p oh_sim -p oh_cli --all-targets --locked -- -D warnings	2026-10-06T10:07:00.2633030Z   Downloaded schemars v1.2.2
simulation (macos-latest)	Run cargo clippy -p oh_sim -p oh_cli --all-targets --locked -- -D warnings	2026-10-06T10:07:00.2988780Z   Downloaded memchr v2.8.3
simulation (macos-latest)	Run cargo clippy -p oh_sim -p oh_cli --all-targets --locked -- -D warnings	2026-10-06T10:07:00.3116720Z   Downloaded typenum v1.20.1
simulation (macos-latest)	Run cargo clippy -p oh_sim -p oh_cli --all-targets --locked -- -D warnings	2026-10-06T10:07:00.3274460Z   Downloaded serde_json v1.0.151
simulation (macos-latest)	Run cargo clippy -p oh_sim -p oh_cli --all-targets --locked -- -D warnings	2026-10-06T10:07:00.3422670Z   Downloaded zerocopy-derive v0.8.60
simulation (macos-latest)	Run cargo clippy -p oh_sim -p oh_cli --all-targets --locked -- -D warnings	2026-10-06T10:07:00.3678700Z   Downloaded winnow v1.0.4
simulation (macos-latest)	Run cargo clippy -p oh_sim -p oh_cli --all-targets --locked -- -D warnings	2026-10-06T10:07:00.3852710Z   Downloaded fixed v1.31.0
simulation (macos-latest)	Run cargo clippy -p oh_sim -p oh_cli --all-targets --locked -- -D warnings	2026-10-06T10:07:00.4012020Z   Downloaded syn v2.0.119
simulation (macos-latest)	Run cargo clippy -p oh_sim -p oh_cli --all-targets --locked -- -D warnings	2026-10-06T10:07:00.4216900Z   Downloaded syn v3.0.6
simulation (macos-latest)	Run cargo clippy -p oh_sim -p oh_cli --all-targets --locked -- -D warnings	2026-10-06T10:07:00.4400110Z   Downloaded zerocopy v0.8.60
simulation (macos-latest)	Run cargo clippy -p oh_sim -p oh_cli --all-targets --locked -- -D warnings	2026-10-06T10:07:00.5197870Z    Compiling proc-macro2 v1.0.107
simulation (macos-latest)	Run cargo clippy -p oh_sim -p oh_cli --all-targets --locked -- -D warnings	2026-10-06T10:07:00.5203070Z    Compiling quote v1.0.47
simulation (macos-latest)	Run cargo clippy -p oh_sim -p oh_cli --all-targets --locked -- -D warnings	2026-10-06T10:07:00.5203690Z    Compiling unicode-ident v1.0.26
simulation (macos-latest)	Run cargo clippy -p oh_sim -p oh_cli --all-targets --locked -- -D warnings	2026-10-06T10:07:00.7820840Z    Compiling serde_core v1.0.229
simulation (macos-latest)	Run cargo clippy -p oh_sim -p oh_cli --all-targets --locked -- -D warnings	2026-10-06T10:07:04.0876260Z    Compiling zerocopy v0.8.60
simulation (macos-latest)	Run cargo clippy -p oh_sim -p oh_cli --all-targets --locked -- -D warnings	2026-10-06T10:07:04.4809410Z    Compiling serde v1.0.229
simulation (macos-latest)	Run cargo clippy -p oh_sim -p oh_cli --all-targets --locked -- -D warnings	2026-10-06T10:07:04.7621200Z    Compiling syn v3.0.6
simulation (macos-latest)	Run cargo clippy -p oh_sim -p oh_cli --all-targets --locked -- -D warnings	2026-10-06T10:07:04.7971700Z    Compiling syn v2.0.119
simulation (macos-latest)	Run cargo clippy -p oh_sim -p oh_cli --all-targets --locked -- -D warnings	2026-10-06T10:07:05.6032630Z    Compiling thiserror v2.0.21
simulation (macos-latest)	Run cargo clippy -p oh_sim -p oh_cli --all-targets --locked -- -D warnings	2026-10-06T10:07:05.9271700Z    Compiling zmij v1.0.23
simulation (macos-latest)	Run cargo clippy -p oh_sim -p oh_cli --all-targets --locked -- -D warnings	2026-10-06T10:07:06.1066660Z    Compiling serde_json v1.0.151
simulation (macos-latest)	Run cargo clippy -p oh_sim -p oh_cli --all-targets --locked -- -D warnings	2026-10-06T10:07:06.2180970Z    Compiling ref-cast v1.0.27
simulation (macos-latest)	Run cargo clippy -p oh_sim -p oh_cli --all-targets --locked -- -D warnings	2026-10-06T10:07:06.3710970Z     Checking cfg-if v1.0.5
simulation (macos-latest)	Run cargo clippy -p oh_sim -p oh_cli --all-targets --locked -- -D warnings	2026-10-06T10:07:06.3968100Z    Compiling fixed v1.31.0
simulation (macos-latest)	Run cargo clippy -p oh_sim -p oh_cli --all-targets --locked -- -D warnings	2026-10-06T10:07:06.4370430Z    Compiling serde_derive v1.0.229
simulation (macos-latest)	Run cargo clippy -p oh_sim -p oh_cli --all-targets --locked -- -D warnings	2026-10-06T10:07:06.5192750Z    Compiling thiserror-impl v2.0.21
simulation (macos-latest)	Run cargo clippy -p oh_sim -p oh_cli --all-targets --locked -- -D warnings	2026-10-06T10:07:07.1866680Z    Compiling zerocopy-derive v0.8.60
simulation (macos-latest)	Run cargo clippy -p oh_sim -p oh_cli --all-targets --locked -- -D warnings	2026-10-06T10:07:07.3239640Z     Checking cobs v0.3.0
simulation (macos-latest)	Run cargo clippy -p oh_sim -p oh_cli --all-targets --locked -- -D warnings	2026-10-06T10:07:07.3925370Z    Compiling ref-cast-impl v1.0.27
simulation (macos-latest)	Run cargo clippy -p oh_sim -p oh_cli --all-targets --locked -- -D warnings	2026-10-06T10:07:07.8845920Z    Compiling serde_derive_internals v0.30.0
simulation (macos-latest)	Run cargo clippy -p oh_sim -p oh_cli --all-targets --locked -- -D warnings	2026-10-06T10:07:08.4202350Z     Checking winnow v1.0.4
simulation (macos-latest)	Run cargo clippy -p oh_sim -p oh_cli --all-targets --locked -- -D warnings	2026-10-06T10:07:08.5332160Z     Checking memchr v2.8.3
simulation (macos-latest)	Run cargo clippy -p oh_sim -p oh_cli --all-targets --locked -- -D warnings	2026-10-06T10:07:08.6209720Z     Checking itoa v1.0.18
simulation (macos-latest)	Run cargo clippy -p oh_sim -p oh_cli --all-targets --locked -- -D warnings	2026-10-06T10:07:08.6870270Z     Checking rand_core v0.10.1
simulation (macos-latest)	Run cargo clippy -p oh_sim -p oh_cli --all-targets --locked -- -D warnings	2026-10-06T10:07:08.7516920Z     Checking typenum v1.20.1
simulation (macos-latest)	Run cargo clippy -p oh_sim -p oh_cli --all-targets --locked -- -D warnings	2026-10-06T10:07:08.7686700Z     Checking bytemuck v1.25.2
simulation (macos-latest)	Run cargo clippy -p oh_sim -p oh_cli --all-targets --locked -- -D warnings	2026-10-06T10:07:08.8638950Z     Checking az v1.3.0
simulation (macos-latest)	Run cargo clippy -p oh_sim -p oh_cli --all-targets --locked -- -D warnings	2026-10-06T10:07:09.3466160Z     Checking toml_parser v1.1.3+spec-1.1.0
simulation (macos-latest)	Run cargo clippy -p oh_sim -p oh_cli --all-targets --locked -- -D warnings	2026-10-06T10:07:09.5731710Z     Checking postcard v1.1.3
simulation (macos-latest)	Run cargo clippy -p oh_sim -p oh_cli --all-targets --locked -- -D warnings	2026-10-06T10:07:09.6551990Z    Compiling schemars_derive v1.2.2
simulation (macos-latest)	Run cargo clippy -p oh_sim -p oh_cli --all-targets --locked -- -D warnings	2026-10-06T10:07:09.7805960Z     Checking toml_datetime v1.1.1+spec-1.1.0
simulation (macos-latest)	Run cargo clippy -p oh_sim -p oh_cli --all-targets --locked -- -D warnings	2026-10-06T10:07:09.8794120Z     Checking serde_spanned v1.1.1
simulation (macos-latest)	Run cargo clippy -p oh_sim -p oh_cli --all-targets --locked -- -D warnings	2026-10-06T10:07:09.9303140Z     Checking toml_writer v1.1.2+spec-1.1.0
simulation (macos-latest)	Run cargo clippy -p oh_sim -p oh_cli --all-targets --locked -- -D warnings	2026-10-06T10:07:10.0323930Z     Checking semver v1.0.28
simulation (macos-latest)	Run cargo clippy -p oh_sim -p oh_cli --all-targets --locked -- -D warnings	2026-10-06T10:07:10.1294590Z     Checking dyn-clone v1.0.20
simulation (macos-latest)	Run cargo clippy -p oh_sim -p oh_cli --all-targets --locked -- -D warnings	2026-10-06T10:07:10.1922750Z     Checking toml v1.1.6+spec-1.1.0
simulation (macos-latest)	Run cargo clippy -p oh_sim -p oh_cli --all-targets --locked -- -D warnings	2026-10-06T10:07:10.6597940Z     Checking schemars v1.2.2
simulation (macos-latest)	Run cargo clippy -p oh_sim -p oh_cli --all-targets --locked -- -D warnings	2026-10-06T10:07:10.8312460Z     Checking ppv-lite86 v0.2.21
simulation (macos-latest)	Run cargo clippy -p oh_sim -p oh_cli --all-targets --locked -- -D warnings	2026-10-06T10:07:10.8322840Z     Checking half v2.7.1
simulation (macos-latest)	Run cargo clippy -p oh_sim -p oh_cli --all-targets --locked -- -D warnings	2026-10-06T10:07:10.9886840Z     Checking rand_chacha v0.10.0
simulation (macos-latest)	Run cargo clippy -p oh_sim -p oh_cli --all-targets --locked -- -D warnings	2026-10-06T10:07:16.2785970Z     Checking oh_core v0.1.0 (/Users/runner/work/OpenHOI4/OpenHOI4/crates/oh_core)
simulation (macos-latest)	Run cargo clippy -p oh_sim -p oh_cli --all-targets --locked -- -D warnings	2026-10-06T10:07:16.5254070Z     Checking oh_data v0.1.0 (/Users/runner/work/OpenHOI4/OpenHOI4/crates/oh_data)
simulation (macos-latest)	Run cargo clippy -p oh_sim -p oh_cli --all-targets --locked -- -D warnings	2026-10-06T10:07:16.7671940Z     Checking oh_sim v0.1.0 (/Users/runner/work/OpenHOI4/OpenHOI4/crates/oh_sim)
simulation (macos-latest)	Run cargo clippy -p oh_sim -p oh_cli --all-targets --locked -- -D warnings	2026-10-06T10:07:16.9326910Z     Checking oh_save v0.1.0 (/Users/runner/work/OpenHOI4/OpenHOI4/crates/oh_save)
simulation (macos-latest)	Run cargo clippy -p oh_sim -p oh_cli --all-targets --locked -- -D warnings	2026-10-06T10:07:16.9334490Z     Checking oh_ai v0.1.0 (/Users/runner/work/OpenHOI4/OpenHOI4/crates/oh_ai)
simulation (macos-latest)	Run cargo clippy -p oh_sim -p oh_cli --all-targets --locked -- -D warnings	2026-10-06T10:07:16.9709340Z     Checking oh_cli v0.1.0 (/Users/runner/work/OpenHOI4/OpenHOI4/crates/oh_cli)
simulation (macos-latest)	Run cargo clippy -p oh_sim -p oh_cli --all-targets --locked -- -D warnings	2026-10-06T10:07:17.1563670Z     Finished `dev` profile [unoptimized + debuginfo] target(s) in 17.66s
simulation (macos-latest)	Run cargo test -p oh_sim -p oh_cli --locked	﻿2026-10-06T10:07:17.2533960Z ##[group]Run cargo test -p oh_sim -p oh_cli --locked
simulation (macos-latest)	Run cargo test -p oh_sim -p oh_cli --locked	2026-10-06T10:07:17.2534420Z [36;1mcargo test -p oh_sim -p oh_cli --locked[0m
simulation (macos-latest)	Run cargo test -p oh_sim -p oh_cli --locked	2026-10-06T10:07:17.2574960Z shell: /bin/bash -e {0}
simulation (macos-latest)	Run cargo test -p oh_sim -p oh_cli --locked	2026-10-06T10:07:17.2575260Z env:
simulation (macos-latest)	Run cargo test -p oh_sim -p oh_cli --locked	2026-10-06T10:07:17.2575500Z   pythonLocation: /Users/runner/hostedtoolcache/Python/3.11.9/arm64
simulation (macos-latest)	Run cargo test -p oh_sim -p oh_cli --locked	2026-10-06T10:07:17.2576010Z   PKG_CONFIG_PATH: /Users/runner/hostedtoolcache/Python/3.11.9/arm64/lib/pkgconfig
simulation (macos-latest)	Run cargo test -p oh_sim -p oh_cli --locked	2026-10-06T10:07:17.2576500Z   Python_ROOT_DIR: /Users/runner/hostedtoolcache/Python/3.11.9/arm64
simulation (macos-latest)	Run cargo test -p oh_sim -p oh_cli --locked	2026-10-06T10:07:17.2576960Z   Python2_ROOT_DIR: /Users/runner/hostedtoolcache/Python/3.11.9/arm64
simulation (macos-latest)	Run cargo test -p oh_sim -p oh_cli --locked	2026-10-06T10:07:17.2577460Z   Python3_ROOT_DIR: /Users/runner/hostedtoolcache/Python/3.11.9/arm64
simulation (macos-latest)	Run cargo test -p oh_sim -p oh_cli --locked	2026-10-06T10:07:17.2578150Z ##[endgroup]
simulation (macos-latest)	Run cargo test -p oh_sim -p oh_cli --locked	2026-10-06T10:07:17.5318700Z    Compiling serde_core v1.0.229
simulation (macos-latest)	Run cargo test -p oh_sim -p oh_cli --locked	2026-10-06T10:07:17.5332110Z    Compiling zerocopy v0.8.60
simulation (macos-latest)	Run cargo test -p oh_sim -p oh_cli --locked	2026-10-06T10:07:17.5353950Z    Compiling thiserror v2.0.21
simulation (macos-latest)	Run cargo test -p oh_sim -p oh_cli --locked	2026-10-06T10:07:17.6044550Z    Compiling cfg-if v1.0.5
simulation (macos-latest)	Run cargo test -p oh_sim -p oh_cli --locked	2026-10-06T10:07:17.6333600Z    Compiling cobs v0.3.0
simulation (macos-latest)	Run cargo test -p oh_sim -p oh_cli --locked	2026-10-06T10:07:17.7236490Z    Compiling zmij v1.0.23
simulation (macos-latest)	Run cargo test -p oh_sim -p oh_cli --locked	2026-10-06T10:07:17.9749910Z    Compiling typenum v1.20.1
simulation (macos-latest)	Run cargo test -p oh_sim -p oh_cli --locked	2026-10-06T10:07:18.4057200Z    Compiling rand_core v0.10.1
simulation (macos-latest)	Run cargo test -p oh_sim -p oh_cli --locked	2026-10-06T10:07:18.5467170Z    Compiling winnow v1.0.4
simulation (macos-latest)	Run cargo test -p oh_sim -p oh_cli --locked	2026-10-06T10:07:18.7528160Z    Compiling bytemuck v1.25.2
simulation (macos-latest)	Run cargo test -p oh_sim -p oh_cli --locked	2026-10-06T10:07:18.8669500Z    Compiling az v1.3.0
simulation (macos-latest)	Run cargo test -p oh_sim -p oh_cli --locked	2026-10-06T10:07:19.0292640Z    Compiling serde v1.0.229
simulation (macos-latest)	Run cargo test -p oh_sim -p oh_cli --locked	2026-10-06T10:07:19.3688560Z    Compiling memchr v2.8.3
simulation (macos-latest)	Run cargo test -p oh_sim -p oh_cli --locked	2026-10-06T10:07:19.5001530Z    Compiling itoa v1.0.18
simulation (macos-latest)	Run cargo test -p oh_sim -p oh_cli --locked	2026-10-06T10:07:19.6136770Z    Compiling postcard v1.1.3
simulation (macos-latest)	Run cargo test -p oh_sim -p oh_cli --locked	2026-10-06T10:07:19.7357400Z    Compiling serde_json v1.0.151
simulation (macos-latest)	Run cargo test -p oh_sim -p oh_cli --locked	2026-10-06T10:07:19.7960200Z    Compiling toml_datetime v1.1.1+spec-1.1.0
simulation (macos-latest)	Run cargo test -p oh_sim -p oh_cli --locked	2026-10-06T10:07:19.9505550Z    Compiling serde_spanned v1.1.1
simulation (macos-latest)	Run cargo test -p oh_sim -p oh_cli --locked	2026-10-06T10:07:20.0165340Z    Compiling ppv-lite86 v0.2.21
simulation (macos-latest)	Run cargo test -p oh_sim -p oh_cli --locked	2026-10-06T10:07:20.0271460Z    Compiling half v2.7.1
simulation (macos-latest)	Run cargo test -p oh_sim -p oh_cli --locked	2026-10-06T10:07:20.1425110Z    Compiling rand_chacha v0.10.0
simulation (macos-latest)	Run cargo test -p oh_sim -p oh_cli --locked	2026-10-06T10:07:20.1847380Z    Compiling fixed v1.31.0
simulation (macos-latest)	Run cargo test -p oh_sim -p oh_cli --locked	2026-10-06T10:07:20.3988530Z    Compiling toml_parser v1.1.3+spec-1.1.0
simulation (macos-latest)	Run cargo test -p oh_sim -p oh_cli --locked	2026-10-06T10:07:20.4853410Z    Compiling ref-cast v1.0.27
simulation (macos-latest)	Run cargo test -p oh_sim -p oh_cli --locked	2026-10-06T10:07:20.5207850Z    Compiling dyn-clone v1.0.20
simulation (macos-latest)	Run cargo test -p oh_sim -p oh_cli --locked	2026-10-06T10:07:20.5949090Z    Compiling toml_writer v1.1.2+spec-1.1.0
simulation (macos-latest)	Run cargo test -p oh_sim -p oh_cli --locked	2026-10-06T10:07:20.8839620Z    Compiling semver v1.0.28
simulation (macos-latest)	Run cargo test -p oh_sim -p oh_cli --locked	2026-10-06T10:07:21.1859170Z    Compiling toml v1.1.6+spec-1.1.0
simulation (macos-latest)	Run cargo test -p oh_sim -p oh_cli --locked	2026-10-06T10:07:21.3186190Z    Compiling schemars v1.2.2
simulation (macos-latest)	Run cargo test -p oh_sim -p oh_cli --locked	2026-10-06T10:07:26.2836580Z    Compiling oh_core v0.1.0 (/Users/runner/work/OpenHOI4/OpenHOI4/crates/oh_core)
simulation (macos-latest)	Run cargo test -p oh_sim -p oh_cli --locked	2026-10-06T10:07:26.4757680Z    Compiling oh_data v0.1.0 (/Users/runner/work/OpenHOI4/OpenHOI4/crates/oh_data)
simulation (macos-latest)	Run cargo test -p oh_sim -p oh_cli --locked	2026-10-06T10:07:26.7337230Z    Compiling oh_sim v0.1.0 (/Users/runner/work/OpenHOI4/OpenHOI4/crates/oh_sim)
simulation (macos-latest)	Run cargo test -p oh_sim -p oh_cli --locked	2026-10-06T10:07:26.8810800Z    Compiling oh_ai v0.1.0 (/Users/runner/work/OpenHOI4/OpenHOI4/crates/oh_ai)
simulation (macos-latest)	Run cargo test -p oh_sim -p oh_cli --locked	2026-10-06T10:07:26.9275740Z    Compiling oh_save v0.1.0 (/Users/runner/work/OpenHOI4/OpenHOI4/crates/oh_save)
simulation (macos-latest)	Run cargo test -p oh_sim -p oh_cli --locked	2026-10-06T10:07:26.9556660Z    Compiling oh_cli v0.1.0 (/Users/runner/work/OpenHOI4/OpenHOI4/crates/oh_cli)
simulation (macos-latest)	Run cargo test -p oh_sim -p oh_cli --locked	2026-10-06T10:07:27.8662130Z     Finished `test` profile [unoptimized + debuginfo] target(s) in 10.47s
simulation (macos-latest)	Run cargo test -p oh_sim -p oh_cli --locked	2026-10-06T10:07:27.8777830Z      Running unittests src/lib.rs (target/debug/deps/oh_cli-6f814261df4a199b)
simulation (macos-latest)	Run cargo test -p oh_sim -p oh_cli --locked	2026-10-06T10:07:27.8813470Z
simulation (macos-latest)	Run cargo test -p oh_sim -p oh_cli --locked	2026-10-06T10:07:27.8815160Z      Running unittests src/main.rs (target/debug/deps/oh_cli-aa2b7727b8dc39db)
simulation (macos-latest)	Run cargo test -p oh_sim -p oh_cli --locked	2026-10-06T10:07:27.8815700Z running 0 tests
simulation (macos-latest)	Run cargo test -p oh_sim -p oh_cli --locked	2026-10-06T10:07:27.8818340Z
simulation (macos-latest)	Run cargo test -p oh_sim -p oh_cli --locked	2026-10-06T10:07:27.8819050Z test result: ok. 0 passed; 0 failed; 0 ignored; 0 measured; 0 filtered out; finished in 0.00s
simulation (macos-latest)	Run cargo test -p oh_sim -p oh_cli --locked	2026-10-06T10:07:27.8820410Z
simulation (macos-latest)	Run cargo test -p oh_sim -p oh_cli --locked	2026-10-06T10:07:27.8842940Z
simulation (macos-latest)	Run cargo test -p oh_sim -p oh_cli --locked	2026-10-06T10:07:27.8843150Z running 0 tests
simulation (macos-latest)	Run cargo test -p oh_sim -p oh_cli --locked	2026-10-06T10:07:27.8843380Z
simulation (macos-latest)	Run cargo test -p oh_sim -p oh_cli --locked	2026-10-06T10:07:27.8843650Z test result: ok. 0 passed; 0 failed; 0 ignored; 0 measured; 0 filtered out; finished in 0.00s
simulation (macos-latest)	Run cargo test -p oh_sim -p oh_cli --locked	2026-10-06T10:07:27.8843940Z
simulation (macos-latest)	Run cargo test -p oh_sim -p oh_cli --locked	2026-10-06T10:07:27.8844810Z      Running tests/run.rs (target/debug/deps/run-43d99574936c2e27)
simulation (macos-latest)	Run cargo test -p oh_sim -p oh_cli --locked	2026-10-06T10:07:27.8870740Z
simulation (macos-latest)	Run cargo test -p oh_sim -p oh_cli --locked	2026-10-06T10:07:27.8873320Z running 5 tests
simulation (macos-latest)	Run cargo test -p oh_sim -p oh_cli --locked	2026-10-06T10:07:27.8901040Z test library_loads_data_epoch_and_rejects_bad_or_nonempty_scenario ... ok
simulation (macos-latest)	Run cargo test -p oh_sim -p oh_cli --locked	2026-10-06T10:07:27.8916510Z test m0_load_boundary_and_help_identify_unique_self_contained_pack ... ok
simulation (macos-latest)	Run cargo test -p oh_sim -p oh_cli --locked	2026-10-06T10:07:27.8989790Z test req_gen_06_ac_m0_02_exact_ticks_and_repeated_hash ... ok
simulation (macos-latest)	Run cargo test -p oh_sim -p oh_cli --locked	2026-10-06T10:07:27.9058260Z test req_gen_06_days_path_is_exact_and_zero_ticks_stays_initial ... ok
simulation (macos-latest)	Run cargo test -p oh_sim -p oh_cli --locked	2026-10-06T10:07:27.9106670Z test cli_rejects_ambiguous_missing_invalid_and_unimplemented_inputs ... ok
simulation (macos-latest)	Run cargo test -p oh_sim -p oh_cli --locked	2026-10-06T10:07:27.9107210Z
simulation (macos-latest)	Run cargo test -p oh_sim -p oh_cli --locked	2026-10-06T10:07:27.9107500Z test result: ok. 5 passed; 0 failed; 0 ignored; 0 measured; 0 filtered out; finished in 0.02s
simulation (macos-latest)	Run cargo test -p oh_sim -p oh_cli --locked	2026-10-06T10:07:27.9115570Z
simulation (macos-latest)	Run cargo test -p oh_sim -p oh_cli --locked	2026-10-06T10:07:27.9115850Z      Running unittests src/lib.rs (target/debug/deps/oh_sim-34b0bbb7c39ffd0d)
simulation (macos-latest)	Run cargo test -p oh_sim -p oh_cli --locked	2026-10-06T10:07:27.9138970Z
simulation (macos-latest)	Run cargo test -p oh_sim -p oh_cli --locked	2026-10-06T10:07:27.9139490Z running 0 tests
simulation (macos-latest)	Run cargo test -p oh_sim -p oh_cli --locked	2026-10-06T10:07:27.9139810Z
simulation (macos-latest)	Run cargo test -p oh_sim -p oh_cli --locked	2026-10-06T10:07:27.9140130Z test result: ok. 0 passed; 0 failed; 0 ignored; 0 measured; 0 filtered out; finished in 0.00s
simulation (macos-latest)	Run cargo test -p oh_sim -p oh_cli --locked	2026-10-06T10:07:27.9140640Z
simulation (macos-latest)	Run cargo test -p oh_sim -p oh_cli --locked	2026-10-06T10:07:27.9141150Z      Running tests/scheduler.rs (target/debug/deps/scheduler-8a6ff1bc1d9d5540)
simulation (macos-latest)	Run cargo test -p oh_sim -p oh_cli --locked	2026-10-06T10:07:27.9170140Z
simulation (macos-latest)	Run cargo test -p oh_sim -p oh_cli --locked	2026-10-06T10:07:27.9170630Z running 8 tests
simulation (macos-latest)	Run cargo test -p oh_sim -p oh_cli --locked	2026-10-06T10:07:27.9173100Z test hash_includes_seed_config_and_pending_commands ... ok
simulation (macos-latest)	Run cargo test -p oh_sim -p oh_cli --locked	2026-10-06T10:07:27.9174820Z test overflow_preserves_state_and_queued_commands_and_pause_still_works ... ok
simulation (macos-latest)	Run cargo test -p oh_sim -p oh_cli --locked	2026-10-06T10:07:27.9175680Z test calendar_leap_year_and_year_boundaries ... ok
simulation (macos-latest)	Run cargo test -p oh_sim -p oh_cli --locked	2026-10-06T10:07:27.9176100Z test req_gen_05_commands_are_sorted_and_future_commands_wait ... ok
simulation (macos-latest)	Run cargo test -p oh_sim -p oh_cli --locked	2026-10-06T10:07:27.9176610Z test req_time_01_pause_resume_and_five_data_driven_speeds ... ok
simulation (macos-latest)	Run cargo test -p oh_sim -p oh_cli --locked	2026-10-06T10:07:27.9177020Z test req_time_02_tick_day_month_snapshot_order ... ok
simulation (macos-latest)	Run cargo test -p oh_sim -p oh_cli --locked	2026-10-06T10:07:27.9177480Z test time_defines_are_required_checked_and_change_host_pacing ... ok
simulation (macos-latest)	Run cargo test -p oh_sim -p oh_cli --locked	2026-10-06T10:07:27.9181580Z test req_gen_01_headless_state_and_hash_are_repeatable ... ok
simulation (macos-latest)	Run cargo test -p oh_sim -p oh_cli --locked	2026-10-06T10:07:27.9181970Z
simulation (macos-latest)	Run cargo test -p oh_sim -p oh_cli --locked	2026-10-06T10:07:27.9182300Z test result: ok. 8 passed; 0 failed; 0 ignored; 0 measured; 0 filtered out; finished in 0.00s
simulation (macos-latest)	Run cargo test -p oh_sim -p oh_cli --locked	2026-10-06T10:07:27.9182740Z
simulation (macos-latest)	Run cargo test -p oh_sim -p oh_cli --locked	2026-10-06T10:07:27.9183830Z    Doc-tests oh_cli
simulation (macos-latest)	Run cargo test -p oh_sim -p oh_cli --locked	2026-10-06T10:07:27.9760760Z
simulation (macos-latest)	Run cargo test -p oh_sim -p oh_cli --locked	2026-10-06T10:07:27.9761280Z running 0 tests
simulation (macos-latest)	Run cargo test -p oh_sim -p oh_cli --locked	2026-10-06T10:07:27.9761560Z
simulation (macos-latest)	Run cargo test -p oh_sim -p oh_cli --locked	2026-10-06T10:07:27.9761910Z test result: ok. 0 passed; 0 failed; 0 ignored; 0 measured; 0 filtered out; finished in 0.00s
simulation (macos-latest)	Run cargo test -p oh_sim -p oh_cli --locked	2026-10-06T10:07:27.9762270Z
simulation (macos-latest)	Run cargo test -p oh_sim -p oh_cli --locked	2026-10-06T10:07:27.9770360Z    Doc-tests oh_sim
simulation (macos-latest)	Run cargo test -p oh_sim -p oh_cli --locked	2026-10-06T10:07:28.0174520Z
simulation (macos-latest)	Run cargo test -p oh_sim -p oh_cli --locked	2026-10-06T10:07:28.0175910Z running 1 test
simulation (macos-latest)	Run cargo test -p oh_sim -p oh_cli --locked	2026-10-06T10:07:28.0643730Z test crates/oh_sim/src/lib.rs - State (line 64) - compile fail ... ok
simulation (macos-latest)	Run cargo test -p oh_sim -p oh_cli --locked	2026-10-06T10:07:28.0644140Z
simulation (macos-latest)	Run cargo test -p oh_sim -p oh_cli --locked	2026-10-06T10:07:28.0644500Z test result: ok. 1 passed; 0 failed; 0 ignored; 0 measured; 0 filtered out; finished in 0.05s
simulation (macos-latest)	Run cargo test -p oh_sim -p oh_cli --locked	2026-10-06T10:07:28.0644920Z
simulation (macos-latest)	Test evidence gate failures	﻿2026-10-06T10:07:28.0751010Z ##[group]Run python -m unittest discover -s crates/oh_sim/tests -p test_sim_determinism.py -v
simulation (macos-latest)	Test evidence gate failures	2026-10-06T10:07:28.0752000Z [36;1mpython -m unittest discover -s crates/oh_sim/tests -p test_sim_determinism.py -v[0m
simulation (macos-latest)	Test evidence gate failures	2026-10-06T10:07:28.0817920Z shell: /bin/bash -e {0}
simulation (macos-latest)	Test evidence gate failures	2026-10-06T10:07:28.0818320Z env:
simulation (macos-latest)	Test evidence gate failures	2026-10-06T10:07:28.0818850Z   pythonLocation: /Users/runner/hostedtoolcache/Python/3.11.9/arm64
simulation (macos-latest)	Test evidence gate failures	2026-10-06T10:07:28.0819780Z   PKG_CONFIG_PATH: /Users/runner/hostedtoolcache/Python/3.11.9/arm64/lib/pkgconfig
simulation (macos-latest)	Test evidence gate failures	2026-10-06T10:07:28.0820650Z   Python_ROOT_DIR: /Users/runner/hostedtoolcache/Python/3.11.9/arm64
simulation (macos-latest)	Test evidence gate failures	2026-10-06T10:07:28.0821200Z   Python2_ROOT_DIR: /Users/runner/hostedtoolcache/Python/3.11.9/arm64
simulation (macos-latest)	Test evidence gate failures	2026-10-06T10:07:28.0821800Z   Python3_ROOT_DIR: /Users/runner/hostedtoolcache/Python/3.11.9/arm64
simulation (macos-latest)	Test evidence gate failures	2026-10-06T10:07:28.0822590Z ##[endgroup]
simulation (macos-latest)	Test evidence gate failures	2026-10-06T10:07:28.5302710Z test_capture_rejects_command_failure (test_sim_determinism.SimEvidenceTests.test_capture_rejects_command_failure) ... ok
simulation (macos-latest)	Test evidence gate failures	2026-10-06T10:07:28.5331560Z test_capture_rejects_repeated_hash_mismatch (test_sim_determinism.SimEvidenceTests.test_capture_rejects_repeated_hash_mismatch) ... ok
simulation (macos-latest)	Test evidence gate failures	2026-10-06T10:07:28.5336080Z test_capture_runs_real_1000_tick_cli_twice (test_sim_determinism.SimEvidenceTests.test_capture_runs_real_1000_tick_cli_twice) ... ok
simulation (macos-latest)	Test evidence gate failures	2026-10-06T10:07:28.5340380Z test_compare_accepts_three_equal_os (test_sim_determinism.SimEvidenceTests.test_compare_accepts_three_equal_os) ... ok
simulation (macos-latest)	Test evidence gate failures	2026-10-06T10:07:28.5363300Z test_compare_rejects_cross_os_mismatch_even_when_each_repeat_matches (test_sim_determinism.SimEvidenceTests.test_compare_rejects_cross_os_mismatch_even_when_each_repeat_matches) ... ok
simulation (macos-latest)	Test evidence gate failures	2026-10-06T10:07:28.5497380Z test_compare_rejects_invalid_or_mismatched_hash (test_sim_determinism.SimEvidenceTests.test_compare_rejects_invalid_or_mismatched_hash) ... ok
simulation (macos-latest)	Test evidence gate failures	2026-10-06T10:07:28.5564330Z test_compare_rejects_missing_extra_os_and_missing_repeat (test_sim_determinism.SimEvidenceTests.test_compare_rejects_missing_extra_os_and_missing_repeat) ... ok
simulation (macos-latest)	Test evidence gate failures	2026-10-06T10:07:28.5580420Z test_compare_rejects_repeat_disagreement (test_sim_determinism.SimEvidenceTests.test_compare_rejects_repeat_disagreement) ... ok
simulation (macos-latest)	Test evidence gate failures	2026-10-06T10:07:28.5586100Z test_failed_recapture_clears_old_success_marker (test_sim_determinism.SimEvidenceTests.test_failed_recapture_clears_old_success_marker) ... ok
simulation (macos-latest)	Test evidence gate failures	2026-10-06T10:07:28.5586740Z
simulation (macos-latest)	Test evidence gate failures	2026-10-06T10:07:28.5587000Z ----------------------------------------------------------------------
simulation (macos-latest)	Test evidence gate failures	2026-10-06T10:07:28.5587420Z Ran 9 tests in 0.029s
simulation (macos-latest)	Test evidence gate failures	2026-10-06T10:07:28.5587590Z
simulation (macos-latest)	Test evidence gate failures	2026-10-06T10:07:28.5587740Z OK
simulation (macos-latest)	Test evidence gate failures	2026-10-06T10:07:28.5588090Z actual simulation: 1000 ticks, seed 1, two runs: 0123456789abcdef
simulation (macos-latest)	Test evidence gate failures	2026-10-06T10:07:28.5588590Z ubuntu-latest: 0123456789abcdef
simulation (macos-latest)	Test evidence gate failures	2026-10-06T10:07:28.5589010Z windows-latest: 0123456789abcdef
simulation (macos-latest)	Test evidence gate failures	2026-10-06T10:07:28.5589290Z macos-latest: 0123456789abcdef
simulation (macos-latest)	Run actual simulation twice	﻿2026-10-06T10:07:28.5713410Z ##[group]Run python crates/oh_sim/tools/check_sim_determinism.py capture --out target/sim-determinism
simulation (macos-latest)	Run actual simulation twice	2026-10-06T10:07:28.5714090Z [36;1mpython crates/oh_sim/tools/check_sim_determinism.py capture --out target/sim-determinism[0m
simulation (macos-latest)	Run actual simulation twice	2026-10-06T10:07:28.5745270Z shell: /bin/bash -e {0}
simulation (macos-latest)	Run actual simulation twice	2026-10-06T10:07:28.5745510Z env:
simulation (macos-latest)	Run actual simulation twice	2026-10-06T10:07:28.5745960Z   pythonLocation: /Users/runner/hostedtoolcache/Python/3.11.9/arm64
simulation (macos-latest)	Run actual simulation twice	2026-10-06T10:07:28.5746600Z   PKG_CONFIG_PATH: /Users/runner/hostedtoolcache/Python/3.11.9/arm64/lib/pkgconfig
simulation (macos-latest)	Run actual simulation twice	2026-10-06T10:07:28.5747120Z   Python_ROOT_DIR: /Users/runner/hostedtoolcache/Python/3.11.9/arm64
simulation (macos-latest)	Run actual simulation twice	2026-10-06T10:07:28.5747530Z   Python2_ROOT_DIR: /Users/runner/hostedtoolcache/Python/3.11.9/arm64
simulation (macos-latest)	Run actual simulation twice	2026-10-06T10:07:28.5748030Z   Python3_ROOT_DIR: /Users/runner/hostedtoolcache/Python/3.11.9/arm64
simulation (macos-latest)	Run actual simulation twice	2026-10-06T10:07:28.5748390Z ##[endgroup]
simulation (macos-latest)	Run actual simulation twice	2026-10-06T10:07:28.8457250Z actual simulation: 1000 ticks, seed 1, two runs: ff921fd8148e699d
simulation (macos-latest)	Upload simulation hashes and repeated outputs for this OS	﻿2026-10-06T10:07:28.8571020Z ##[group]Run actions/upload-artifact@043fb46d1a93c77aae656e7c1c64a875d1fc6a0a
simulation (macos-latest)	Upload simulation hashes and repeated outputs for this OS	2026-10-06T10:07:28.8571410Z with:
simulation (macos-latest)	Upload simulation hashes and repeated outputs for this OS	2026-10-06T10:07:28.8571570Z   name: sim-hash-macos-latest
simulation (macos-latest)	Upload simulation hashes and repeated outputs for this OS	2026-10-06T10:07:28.8571800Z   path: target/sim-determinism/
simulation (macos-latest)	Upload simulation hashes and repeated outputs for this OS	2026-10-06T10:07:28.8572020Z   if-no-files-found: error
simulation (macos-latest)	Upload simulation hashes and repeated outputs for this OS	2026-10-06T10:07:28.8572220Z   archive: true
simulation (macos-latest)	Upload simulation hashes and repeated outputs for this OS	2026-10-06T10:07:28.8572380Z   compression-level: 6
simulation (macos-latest)	Upload simulation hashes and repeated outputs for this OS	2026-10-06T10:07:28.8572550Z   overwrite: false
simulation (macos-latest)	Upload simulation hashes and repeated outputs for this OS	2026-10-06T10:07:28.8572750Z   include-hidden-files: false
simulation (macos-latest)	Upload simulation hashes and repeated outputs for this OS	2026-10-06T10:07:28.8572940Z env:
simulation (macos-latest)	Upload simulation hashes and repeated outputs for this OS	2026-10-06T10:07:28.8573160Z   pythonLocation: /Users/runner/hostedtoolcache/Python/3.11.9/arm64
simulation (macos-latest)	Upload simulation hashes and repeated outputs for this OS	2026-10-06T10:07:28.8573580Z   PKG_CONFIG_PATH: /Users/runner/hostedtoolcache/Python/3.11.9/arm64/lib/pkgconfig
simulation (macos-latest)	Upload simulation hashes and repeated outputs for this OS	2026-10-06T10:07:28.8573990Z   Python_ROOT_DIR: /Users/runner/hostedtoolcache/Python/3.11.9/arm64
simulation (macos-latest)	Upload simulation hashes and repeated outputs for this OS	2026-10-06T10:07:28.8574340Z   Python2_ROOT_DIR: /Users/runner/hostedtoolcache/Python/3.11.9/arm64
simulation (macos-latest)	Upload simulation hashes and repeated outputs for this OS	2026-10-06T10:07:28.8574710Z   Python3_ROOT_DIR: /Users/runner/hostedtoolcache/Python/3.11.9/arm64
simulation (macos-latest)	Upload simulation hashes and repeated outputs for this OS	2026-10-06T10:07:28.8575020Z ##[endgroup]
simulation (macos-latest)	Upload simulation hashes and repeated outputs for this OS	2026-10-06T10:07:29.1206900Z With the provided path, there will be 3 files uploaded
simulation (macos-latest)	Upload simulation hashes and repeated outputs for this OS	2026-10-06T10:07:29.1208860Z Artifact name is valid!
simulation (macos-latest)	Upload simulation hashes and repeated outputs for this OS	2026-10-06T10:07:29.1209180Z Root directory input is valid!
simulation (macos-latest)	Upload simulation hashes and repeated outputs for this OS	2026-10-06T10:07:29.4297380Z Uploading artifact: sim-hash-macos-latest.zip
simulation (macos-latest)	Upload simulation hashes and repeated outputs for this OS	2026-10-06T10:07:29.4298150Z Beginning upload of artifact content to blob storage
simulation (macos-latest)	Upload simulation hashes and repeated outputs for this OS	2026-10-06T10:07:29.5534590Z Uploaded bytes 415
simulation (macos-latest)	Upload simulation hashes and repeated outputs for this OS	2026-10-06T10:07:29.5915480Z Finished uploading artifact content to blob storage!
simulation (macos-latest)	Upload simulation hashes and repeated outputs for this OS	2026-10-06T10:07:29.5917750Z SHA256 digest of uploaded artifact is ff4b3eb9e84de68553731ce7cbb507312bc9cfaf15f16000e0ec1a20be6e2ff9
simulation (macos-latest)	Upload simulation hashes and repeated outputs for this OS	2026-10-06T10:07:29.5918620Z Finalizing artifact upload
simulation (macos-latest)	Upload simulation hashes and repeated outputs for this OS	2026-10-06T10:07:29.9168520Z Artifact sim-hash-macos-latest successfully finalized. Artifact ID 11403808106
simulation (macos-latest)	Upload simulation hashes and repeated outputs for this OS	2026-10-06T10:07:29.9169210Z Artifact sim-hash-macos-latest has been successfully uploaded! Final size is 415 bytes. Artifact ID is 11403808106
simulation (macos-latest)	Upload simulation hashes and repeated outputs for this OS	2026-10-06T10:07:29.9174520Z Artifact download URL: https://github.com/peppone-choi/OpenHOI4/actions/runs/37447307966/artifacts/11403808106
simulation (macos-latest)	Post Run actions/setup-python@5fda3b95a4ea91299a34e894583c3862153e4b97	﻿2026-10-06T10:07:29.9330580Z Post job cleanup.
simulation (macos-latest)	Post Run actions/checkout@3d3c42e5aac5ba805825da76410c181273ba90b1	﻿2026-10-06T10:07:30.0724380Z Post job cleanup.
simulation (macos-latest)	Post Run actions/checkout@3d3c42e5aac5ba805825da76410c181273ba90b1	2026-10-06T10:07:30.1759530Z [command]/opt/homebrew/bin/git version
simulation (macos-latest)	Post Run actions/checkout@3d3c42e5aac5ba805825da76410c181273ba90b1	2026-10-06T10:07:30.1963170Z git version 2.55.0
simulation (macos-latest)	Post Run actions/checkout@3d3c42e5aac5ba805825da76410c181273ba90b1	2026-10-06T10:07:30.1981950Z Copying '/Users/runner/.gitconfig' to '/Users/runner/work/_temp/1be17793-93c4-4332-9303-9297590e03b4/.gitconfig'
simulation (macos-latest)	Post Run actions/checkout@3d3c42e5aac5ba805825da76410c181273ba90b1	2026-10-06T10:07:30.1990240Z Temporarily overriding HOME='/Users/runner/work/_temp/1be17793-93c4-4332-9303-9297590e03b4' before making global git config changes
simulation (macos-latest)	Post Run actions/checkout@3d3c42e5aac5ba805825da76410c181273ba90b1	2026-10-06T10:07:30.1991170Z Adding repository directory to the temporary git global config as a safe directory
simulation (macos-latest)	Post Run actions/checkout@3d3c42e5aac5ba805825da76410c181273ba90b1	2026-10-06T10:07:30.1993170Z [command]/opt/homebrew/bin/git config --global --add safe.directory /Users/runner/work/OpenHOI4/OpenHOI4
simulation (macos-latest)	Post Run actions/checkout@3d3c42e5aac5ba805825da76410c181273ba90b1	2026-10-06T10:07:30.2109130Z Removing SSH command configuration
simulation (macos-latest)	Post Run actions/checkout@3d3c42e5aac5ba805825da76410c181273ba90b1	2026-10-06T10:07:30.2114470Z [command]/opt/homebrew/bin/git config --local --name-only --get-regexp core\.sshCommand
simulation (macos-latest)	Post Run actions/checkout@3d3c42e5aac5ba805825da76410c181273ba90b1	2026-10-06T10:07:30.2214450Z [command]/opt/homebrew/bin/git submodule foreach --recursive sh -c "git config --local --name-only --get-regexp 'core\.sshCommand' && git config --local --unset-all 'core.sshCommand' || :"
simulation (macos-latest)	Post Run actions/checkout@3d3c42e5aac5ba805825da76410c181273ba90b1	2026-10-06T10:07:30.3165850Z Removing HTTP extra header
simulation (macos-latest)	Post Run actions/checkout@3d3c42e5aac5ba805825da76410c181273ba90b1	2026-10-06T10:07:30.3169700Z [command]/opt/homebrew/bin/git config --local --name-only --get-regexp http\.https\:\/\/github\.com\/\.extraheader
simulation (macos-latest)	Post Run actions/checkout@3d3c42e5aac5ba805825da76410c181273ba90b1	2026-10-06T10:07:30.3236150Z [command]/opt/homebrew/bin/git submodule foreach --recursive sh -c "git config --local --name-only --get-regexp 'http\.https\:\/\/github\.com\/\.extraheader' && git config --local --unset-all 'http.https://github.com/.extraheader' || :"
simulation (macos-latest)	Post Run actions/checkout@3d3c42e5aac5ba805825da76410c181273ba90b1	2026-10-06T10:07:30.4103260Z Removing includeIf entries pointing to credentials config files
simulation (macos-latest)	Post Run actions/checkout@3d3c42e5aac5ba805825da76410c181273ba90b1	2026-10-06T10:07:30.4108440Z [command]/opt/homebrew/bin/git config --local --name-only --get-regexp ^includeIf\.gitdir:
simulation (macos-latest)	Post Run actions/checkout@3d3c42e5aac5ba805825da76410c181273ba90b1	2026-10-06T10:07:30.4170730Z includeif.gitdir:/Users/runner/work/OpenHOI4/OpenHOI4/.git.path
simulation (macos-latest)	Post Run actions/checkout@3d3c42e5aac5ba805825da76410c181273ba90b1	2026-10-06T10:07:30.4171550Z includeif.gitdir:/Users/runner/work/OpenHOI4/OpenHOI4/.git/worktrees/*.path
simulation (macos-latest)	Post Run actions/checkout@3d3c42e5aac5ba805825da76410c181273ba90b1	2026-10-06T10:07:30.4172030Z includeif.gitdir:/github/workspace/.git.path
simulation (macos-latest)	Post Run actions/checkout@3d3c42e5aac5ba805825da76410c181273ba90b1	2026-10-06T10:07:30.4172440Z includeif.gitdir:/github/workspace/.git/worktrees/*.path
simulation (macos-latest)	Post Run actions/checkout@3d3c42e5aac5ba805825da76410c181273ba90b1	2026-10-06T10:07:30.4176760Z [command]/opt/homebrew/bin/git config --local --get-all includeif.gitdir:/Users/runner/work/OpenHOI4/OpenHOI4/.git.path
simulation (macos-latest)	Post Run actions/checkout@3d3c42e5aac5ba805825da76410c181273ba90b1	2026-10-06T10:07:30.4234870Z /Users/runner/work/_temp/git-credentials-fdef365a-3542-43e4-8a17-3af6d3810c15.config
simulation (macos-latest)	Post Run actions/checkout@3d3c42e5aac5ba805825da76410c181273ba90b1	2026-10-06T10:07:30.4242930Z [command]/opt/homebrew/bin/git config --local --unset includeif.gitdir:/Users/runner/work/OpenHOI4/OpenHOI4/.git.path \/Users\/runner\/work\/_temp\/git\-credentials\-fdef365a\-3542\-43e4\-8a17\-3af6d3810c15\.config
simulation (macos-latest)	Post Run actions/checkout@3d3c42e5aac5ba805825da76410c181273ba90b1	2026-10-06T10:07:30.4312770Z [command]/opt/homebrew/bin/git config --local --get-all includeif.gitdir:/Users/runner/work/OpenHOI4/OpenHOI4/.git/worktrees/*.path
simulation (macos-latest)	Post Run actions/checkout@3d3c42e5aac5ba805825da76410c181273ba90b1	2026-10-06T10:07:30.4369520Z /Users/runner/work/_temp/git-credentials-fdef365a-3542-43e4-8a17-3af6d3810c15.config
simulation (macos-latest)	Post Run actions/checkout@3d3c42e5aac5ba805825da76410c181273ba90b1	2026-10-06T10:07:30.4380440Z [command]/opt/homebrew/bin/git config --local --unset includeif.gitdir:/Users/runner/work/OpenHOI4/OpenHOI4/.git/worktrees/*.path \/Users\/runner\/work\/_temp\/git\-credentials\-fdef365a\-3542\-43e4\-8a17\-3af6d3810c15\.config
simulation (macos-latest)	Post Run actions/checkout@3d3c42e5aac5ba805825da76410c181273ba90b1	2026-10-06T10:07:30.4449900Z [command]/opt/homebrew/bin/git config --local --get-all includeif.gitdir:/github/workspace/.git.path
simulation (macos-latest)	Post Run actions/checkout@3d3c42e5aac5ba805825da76410c181273ba90b1	2026-10-06T10:07:30.4509250Z /github/runner_temp/git-credentials-fdef365a-3542-43e4-8a17-3af6d3810c15.config
simulation (macos-latest)	Post Run actions/checkout@3d3c42e5aac5ba805825da76410c181273ba90b1	2026-10-06T10:07:30.4514890Z [command]/opt/homebrew/bin/git config --local --unset includeif.gitdir:/github/workspace/.git.path \/github\/runner_temp\/git\-credentials\-fdef365a\-3542\-43e4\-8a17\-3af6d3810c15\.config
simulation (macos-latest)	Post Run actions/checkout@3d3c42e5aac5ba805825da76410c181273ba90b1	2026-10-06T10:07:30.4580570Z [command]/opt/homebrew/bin/git config --local --get-all includeif.gitdir:/github/workspace/.git/worktrees/*.path
simulation (macos-latest)	Post Run actions/checkout@3d3c42e5aac5ba805825da76410c181273ba90b1	2026-10-06T10:07:30.4637300Z /github/runner_temp/git-credentials-fdef365a-3542-43e4-8a17-3af6d3810c15.config
simulation (macos-latest)	Post Run actions/checkout@3d3c42e5aac5ba805825da76410c181273ba90b1	2026-10-06T10:07:30.4643250Z [command]/opt/homebrew/bin/git config --local --unset includeif.gitdir:/github/workspace/.git/worktrees/*.path \/github\/runner_temp\/git\-credentials\-fdef365a\-3542\-43e4\-8a17\-3af6d3810c15\.config
simulation (macos-latest)	Post Run actions/checkout@3d3c42e5aac5ba805825da76410c181273ba90b1	2026-10-06T10:07:30.4750830Z [command]/opt/homebrew/bin/git submodule foreach --recursive git config --local --show-origin --name-only --get-regexp remote.origin.url
simulation (macos-latest)	Post Run actions/checkout@3d3c42e5aac5ba805825da76410c181273ba90b1	2026-10-06T10:07:30.5608790Z Removing credentials config '/Users/runner/work/_temp/git-credentials-fdef365a-3542-43e4-8a17-3af6d3810c15.config'
simulation (macos-latest)	Complete job	﻿2026-10-06T10:07:30.5695560Z Cleaning up orphan processes
simulation (ubuntu-latest)	Set up job	﻿2026-10-06T10:05:42.5998584Z Current runner version: '2.337.0'
simulation (ubuntu-latest)	Set up job	2026-10-06T10:05:42.6023337Z ##[group]Runner Image Provisioner
simulation (ubuntu-latest)	Set up job	2026-10-06T10:05:42.6024706Z Hosted Compute Agent
simulation (ubuntu-latest)	Set up job	2026-10-06T10:05:42.6025347Z Version: 20260901.588
simulation (ubuntu-latest)	Set up job	2026-10-06T10:05:42.6026146Z Commit: f88ec8081b781fac6c440065ac7ff9e710ce3d0b
simulation (ubuntu-latest)	Set up job	2026-10-06T10:05:42.6026894Z Build Date: 2026-09-01T19:56:44Z
simulation (ubuntu-latest)	Set up job	2026-10-06T10:05:42.6027635Z Worker ID: {b96fb1c3-01d5-42ef-b5a1-ef29425a57df}
simulation (ubuntu-latest)	Set up job	2026-10-06T10:05:42.6028462Z Azure Region: westus
simulation (ubuntu-latest)	Set up job	2026-10-06T10:05:42.6029036Z ##[endgroup]
simulation (ubuntu-latest)	Set up job	2026-10-06T10:05:42.6030745Z ##[group]Operating System
simulation (ubuntu-latest)	Set up job	2026-10-06T10:05:42.6031430Z Ubuntu
simulation (ubuntu-latest)	Set up job	2026-10-06T10:05:42.6032068Z 24.04.5
simulation (ubuntu-latest)	Set up job	2026-10-06T10:05:42.6032622Z LTS
simulation (ubuntu-latest)	Set up job	2026-10-06T10:05:42.6033194Z ##[endgroup]
simulation (ubuntu-latest)	Set up job	2026-10-06T10:05:42.6033820Z ##[group]Runner Image
simulation (ubuntu-latest)	Set up job	2026-10-06T10:05:42.6034821Z Image: ubuntu-24.04
simulation (ubuntu-latest)	Set up job	2026-10-06T10:05:42.6035469Z Version: 20260927.320.1
simulation (ubuntu-latest)	Set up job	2026-10-06T10:05:42.6036648Z Included Software: https://github.com/actions/runner-images/blob/ubuntu24/20260927.320/images/ubuntu/Ubuntu2404-Readme.md
simulation (ubuntu-latest)	Set up job	2026-10-06T10:05:42.6038495Z Image Release: https://github.com/actions/runner-images/releases/tag/ubuntu24%2F20260927.320
simulation (ubuntu-latest)	Set up job	2026-10-06T10:05:42.6039505Z ##[endgroup]
simulation (ubuntu-latest)	Set up job	2026-10-06T10:05:42.6040689Z ##[group]GITHUB_TOKEN Permissions
simulation (ubuntu-latest)	Set up job	2026-10-06T10:05:42.6042543Z Contents: read
simulation (ubuntu-latest)	Set up job	2026-10-06T10:05:42.6043216Z Metadata: read
simulation (ubuntu-latest)	Set up job	2026-10-06T10:05:42.6043903Z ##[endgroup]
simulation (ubuntu-latest)	Set up job	2026-10-06T10:05:42.6046186Z Secret source: Actions
simulation (ubuntu-latest)	Set up job	2026-10-06T10:05:42.6047304Z Cache mode: write
simulation (ubuntu-latest)	Set up job	2026-10-06T10:05:42.6048054Z Prepare workflow directory
simulation (ubuntu-latest)	Set up job	2026-10-06T10:05:42.6382427Z Prepare all required actions
simulation (ubuntu-latest)	Set up job	2026-10-06T10:05:42.6432112Z Getting action download info
simulation (ubuntu-latest)	Set up job	2026-10-06T10:05:43.0530761Z Download action repository 'actions/checkout@3d3c42e5aac5ba805825da76410c181273ba90b1' (SHA:3d3c42e5aac5ba805825da76410c181273ba90b1)
simulation (ubuntu-latest)	Set up job	2026-10-06T10:05:43.1432930Z Download action repository 'actions/setup-python@5fda3b95a4ea91299a34e894583c3862153e4b97' (SHA:5fda3b95a4ea91299a34e894583c3862153e4b97)
simulation (ubuntu-latest)	Set up job	2026-10-06T10:05:43.2157618Z Download action repository 'actions/upload-artifact@043fb46d1a93c77aae656e7c1c64a875d1fc6a0a' (SHA:043fb46d1a93c77aae656e7c1c64a875d1fc6a0a)
simulation (ubuntu-latest)	Set up job	2026-10-06T10:05:43.3928692Z Complete job name: simulation (ubuntu-latest)
simulation (ubuntu-latest)	Run actions/checkout@3d3c42e5aac5ba805825da76410c181273ba90b1	﻿2026-10-06T10:05:43.4688271Z ##[group]Run actions/checkout@3d3c42e5aac5ba805825da76410c181273ba90b1
simulation (ubuntu-latest)	Run actions/checkout@3d3c42e5aac5ba805825da76410c181273ba90b1	2026-10-06T10:05:43.4689339Z with:
simulation (ubuntu-latest)	Run actions/checkout@3d3c42e5aac5ba805825da76410c181273ba90b1	2026-10-06T10:05:43.4689809Z   repository: peppone-choi/OpenHOI4
simulation (ubuntu-latest)	Run actions/checkout@3d3c42e5aac5ba805825da76410c181273ba90b1	2026-10-06T10:05:43.4693879Z   token: ***
simulation (ubuntu-latest)	Run actions/checkout@3d3c42e5aac5ba805825da76410c181273ba90b1	2026-10-06T10:05:43.4694518Z   ssh-strict: true
simulation (ubuntu-latest)	Run actions/checkout@3d3c42e5aac5ba805825da76410c181273ba90b1	2026-10-06T10:05:43.4694966Z   ssh-user: git
simulation (ubuntu-latest)	Run actions/checkout@3d3c42e5aac5ba805825da76410c181273ba90b1	2026-10-06T10:05:43.4695410Z   persist-credentials: true
simulation (ubuntu-latest)	Run actions/checkout@3d3c42e5aac5ba805825da76410c181273ba90b1	2026-10-06T10:05:43.4695898Z   clean: true
simulation (ubuntu-latest)	Run actions/checkout@3d3c42e5aac5ba805825da76410c181273ba90b1	2026-10-06T10:05:43.4696335Z   sparse-checkout-cone-mode: true
simulation (ubuntu-latest)	Run actions/checkout@3d3c42e5aac5ba805825da76410c181273ba90b1	2026-10-06T10:05:43.4696854Z   fetch-depth: 1
simulation (ubuntu-latest)	Run actions/checkout@3d3c42e5aac5ba805825da76410c181273ba90b1	2026-10-06T10:05:43.4697275Z   fetch-tags: false
simulation (ubuntu-latest)	Run actions/checkout@3d3c42e5aac5ba805825da76410c181273ba90b1	2026-10-06T10:05:43.4697716Z   show-progress: true
simulation (ubuntu-latest)	Run actions/checkout@3d3c42e5aac5ba805825da76410c181273ba90b1	2026-10-06T10:05:43.4698159Z   lfs: false
simulation (ubuntu-latest)	Run actions/checkout@3d3c42e5aac5ba805825da76410c181273ba90b1	2026-10-06T10:05:43.4698572Z   submodules: false
simulation (ubuntu-latest)	Run actions/checkout@3d3c42e5aac5ba805825da76410c181273ba90b1	2026-10-06T10:05:43.4699020Z   set-safe-directory: true
simulation (ubuntu-latest)	Run actions/checkout@3d3c42e5aac5ba805825da76410c181273ba90b1	2026-10-06T10:05:43.4699527Z   allow-unsafe-pr-checkout: false
simulation (ubuntu-latest)	Run actions/checkout@3d3c42e5aac5ba805825da76410c181273ba90b1	2026-10-06T10:05:43.4700326Z ##[endgroup]
simulation (ubuntu-latest)	Run actions/checkout@3d3c42e5aac5ba805825da76410c181273ba90b1	2026-10-06T10:05:43.5736105Z Syncing repository: peppone-choi/OpenHOI4
simulation (ubuntu-latest)	Run actions/checkout@3d3c42e5aac5ba805825da76410c181273ba90b1	2026-10-06T10:05:43.5738319Z ##[group]Getting Git version info
simulation (ubuntu-latest)	Run actions/checkout@3d3c42e5aac5ba805825da76410c181273ba90b1	2026-10-06T10:05:43.5739173Z Working directory is '/home/runner/work/OpenHOI4/OpenHOI4'
simulation (ubuntu-latest)	Run actions/checkout@3d3c42e5aac5ba805825da76410c181273ba90b1	2026-10-06T10:05:43.5740252Z [command]/usr/bin/git version
simulation (ubuntu-latest)	Run actions/checkout@3d3c42e5aac5ba805825da76410c181273ba90b1	2026-10-06T10:05:43.5838352Z git version 2.55.0
simulation (ubuntu-latest)	Run actions/checkout@3d3c42e5aac5ba805825da76410c181273ba90b1	2026-10-06T10:05:43.5858346Z ##[endgroup]
simulation (ubuntu-latest)	Run actions/checkout@3d3c42e5aac5ba805825da76410c181273ba90b1	2026-10-06T10:05:43.5869222Z Temporarily overriding HOME='/home/runner/work/_temp/a13966d5-1540-4561-a580-77cfb62b5f5c' before making global git config changes
simulation (ubuntu-latest)	Run actions/checkout@3d3c42e5aac5ba805825da76410c181273ba90b1	2026-10-06T10:05:43.5870979Z Adding repository directory to the temporary git global config as a safe directory
simulation (ubuntu-latest)	Run actions/checkout@3d3c42e5aac5ba805825da76410c181273ba90b1	2026-10-06T10:05:43.5874336Z [command]/usr/bin/git config --global --add safe.directory /home/runner/work/OpenHOI4/OpenHOI4
simulation (ubuntu-latest)	Run actions/checkout@3d3c42e5aac5ba805825da76410c181273ba90b1	2026-10-06T10:05:43.5919054Z Deleting the contents of '/home/runner/work/OpenHOI4/OpenHOI4'
simulation (ubuntu-latest)	Run actions/checkout@3d3c42e5aac5ba805825da76410c181273ba90b1	2026-10-06T10:05:43.5922215Z ##[group]Determining repository object format
simulation (ubuntu-latest)	Run actions/checkout@3d3c42e5aac5ba805825da76410c181273ba90b1	2026-10-06T10:05:43.5923780Z ##[endgroup]
simulation (ubuntu-latest)	Run actions/checkout@3d3c42e5aac5ba805825da76410c181273ba90b1	2026-10-06T10:05:43.5925123Z ##[group]Initializing the repository
simulation (ubuntu-latest)	Run actions/checkout@3d3c42e5aac5ba805825da76410c181273ba90b1	2026-10-06T10:05:43.5928161Z [command]/usr/bin/git init /home/runner/work/OpenHOI4/OpenHOI4
simulation (ubuntu-latest)	Run actions/checkout@3d3c42e5aac5ba805825da76410c181273ba90b1	2026-10-06T10:05:43.6039158Z hint: Using 'master' as the name for the initial branch. This default branch name
simulation (ubuntu-latest)	Run actions/checkout@3d3c42e5aac5ba805825da76410c181273ba90b1	2026-10-06T10:05:43.6040950Z hint: will change to "main" in Git 3.0. To configure the initial branch name
simulation (ubuntu-latest)	Run actions/checkout@3d3c42e5aac5ba805825da76410c181273ba90b1	2026-10-06T10:05:43.6043089Z hint: to use in all of your new repositories, which will suppress this warning,
simulation (ubuntu-latest)	Run actions/checkout@3d3c42e5aac5ba805825da76410c181273ba90b1	2026-10-06T10:05:43.6044601Z hint: call:
simulation (ubuntu-latest)	Run actions/checkout@3d3c42e5aac5ba805825da76410c181273ba90b1	2026-10-06T10:05:43.6045351Z hint:
simulation (ubuntu-latest)	Run actions/checkout@3d3c42e5aac5ba805825da76410c181273ba90b1	2026-10-06T10:05:43.6046170Z hint: 	git config --global init.defaultBranch <name>
simulation (ubuntu-latest)	Run actions/checkout@3d3c42e5aac5ba805825da76410c181273ba90b1	2026-10-06T10:05:43.6047435Z hint:
simulation (ubuntu-latest)	Run actions/checkout@3d3c42e5aac5ba805825da76410c181273ba90b1	2026-10-06T10:05:43.6048085Z hint: Names commonly chosen instead of 'master' are 'main', 'trunk' and
simulation (ubuntu-latest)	Run actions/checkout@3d3c42e5aac5ba805825da76410c181273ba90b1	2026-10-06T10:05:43.6049031Z hint: 'development'. The just-created branch can be renamed via this command:
simulation (ubuntu-latest)	Run actions/checkout@3d3c42e5aac5ba805825da76410c181273ba90b1	2026-10-06T10:05:43.6050097Z hint:
simulation (ubuntu-latest)	Run actions/checkout@3d3c42e5aac5ba805825da76410c181273ba90b1	2026-10-06T10:05:43.6050542Z hint: 	git branch -m <name>
simulation (ubuntu-latest)	Run actions/checkout@3d3c42e5aac5ba805825da76410c181273ba90b1	2026-10-06T10:05:43.6051195Z hint:
simulation (ubuntu-latest)	Run actions/checkout@3d3c42e5aac5ba805825da76410c181273ba90b1	2026-10-06T10:05:43.6052436Z hint: Disable this message with "git config set advice.defaultBranchName false"
simulation (ubuntu-latest)	Run actions/checkout@3d3c42e5aac5ba805825da76410c181273ba90b1	2026-10-06T10:05:43.6053965Z Initialized empty Git repository in /home/runner/work/OpenHOI4/OpenHOI4/.git/
simulation (ubuntu-latest)	Run actions/checkout@3d3c42e5aac5ba805825da76410c181273ba90b1	2026-10-06T10:05:43.6055998Z [command]/usr/bin/git remote add origin https://github.com/peppone-choi/OpenHOI4
simulation (ubuntu-latest)	Run actions/checkout@3d3c42e5aac5ba805825da76410c181273ba90b1	2026-10-06T10:05:43.6097606Z ##[endgroup]
simulation (ubuntu-latest)	Run actions/checkout@3d3c42e5aac5ba805825da76410c181273ba90b1	2026-10-06T10:05:43.6098437Z ##[group]Disabling automatic garbage collection
simulation (ubuntu-latest)	Run actions/checkout@3d3c42e5aac5ba805825da76410c181273ba90b1	2026-10-06T10:05:43.6100816Z [command]/usr/bin/git config --local gc.auto 0
simulation (ubuntu-latest)	Run actions/checkout@3d3c42e5aac5ba805825da76410c181273ba90b1	2026-10-06T10:05:43.6129932Z ##[endgroup]
simulation (ubuntu-latest)	Run actions/checkout@3d3c42e5aac5ba805825da76410c181273ba90b1	2026-10-06T10:05:43.6130704Z ##[group]Setting up auth
simulation (ubuntu-latest)	Run actions/checkout@3d3c42e5aac5ba805825da76410c181273ba90b1	2026-10-06T10:05:43.6131487Z Removing SSH command configuration
simulation (ubuntu-latest)	Run actions/checkout@3d3c42e5aac5ba805825da76410c181273ba90b1	2026-10-06T10:05:43.6135568Z [command]/usr/bin/git config --local --name-only --get-regexp core\.sshCommand
simulation (ubuntu-latest)	Run actions/checkout@3d3c42e5aac5ba805825da76410c181273ba90b1	2026-10-06T10:05:43.6164805Z [command]/usr/bin/git submodule foreach --recursive sh -c "git config --local --name-only --get-regexp 'core\.sshCommand' && git config --local --unset-all 'core.sshCommand' || :"
simulation (ubuntu-latest)	Run actions/checkout@3d3c42e5aac5ba805825da76410c181273ba90b1	2026-10-06T10:05:43.6483385Z Removing HTTP extra header
simulation (ubuntu-latest)	Run actions/checkout@3d3c42e5aac5ba805825da76410c181273ba90b1	2026-10-06T10:05:43.6488275Z [command]/usr/bin/git config --local --name-only --get-regexp http\.https\:\/\/github\.com\/\.extraheader
simulation (ubuntu-latest)	Run actions/checkout@3d3c42e5aac5ba805825da76410c181273ba90b1	2026-10-06T10:05:43.6518225Z [command]/usr/bin/git submodule foreach --recursive sh -c "git config --local --name-only --get-regexp 'http\.https\:\/\/github\.com\/\.extraheader' && git config --local --unset-all 'http.https://github.com/.extraheader' || :"
simulation (ubuntu-latest)	Run actions/checkout@3d3c42e5aac5ba805825da76410c181273ba90b1	2026-10-06T10:05:43.6737342Z Removing includeIf entries pointing to credentials config files
simulation (ubuntu-latest)	Run actions/checkout@3d3c42e5aac5ba805825da76410c181273ba90b1	2026-10-06T10:05:43.6743532Z [command]/usr/bin/git config --local --name-only --get-regexp ^includeIf\.gitdir:
simulation (ubuntu-latest)	Run actions/checkout@3d3c42e5aac5ba805825da76410c181273ba90b1	2026-10-06T10:05:43.6779271Z [command]/usr/bin/git submodule foreach --recursive git config --local --show-origin --name-only --get-regexp remote.origin.url
simulation (ubuntu-latest)	Run actions/checkout@3d3c42e5aac5ba805825da76410c181273ba90b1	2026-10-06T10:05:43.7025344Z [command]/usr/bin/git config --file /home/runner/work/_temp/git-credentials-9560c0d8-9840-4802-8795-95c608dcdd20.config http.https://github.com/.extraheader AUTHORIZATION: basic ***
simulation (ubuntu-latest)	Run actions/checkout@3d3c42e5aac5ba805825da76410c181273ba90b1	2026-10-06T10:05:43.7061364Z [command]/usr/bin/git config --local includeIf.gitdir:/home/runner/work/OpenHOI4/OpenHOI4/.git.path /home/runner/work/_temp/git-credentials-9560c0d8-9840-4802-8795-95c608dcdd20.config
simulation (ubuntu-latest)	Run actions/checkout@3d3c42e5aac5ba805825da76410c181273ba90b1	2026-10-06T10:05:43.7093168Z [command]/usr/bin/git config --local includeIf.gitdir:/home/runner/work/OpenHOI4/OpenHOI4/.git/worktrees/*.path /home/runner/work/_temp/git-credentials-9560c0d8-9840-4802-8795-95c608dcdd20.config
simulation (ubuntu-latest)	Run actions/checkout@3d3c42e5aac5ba805825da76410c181273ba90b1	2026-10-06T10:05:43.7126769Z [command]/usr/bin/git config --local includeIf.gitdir:/github/workspace/.git.path /github/runner_temp/git-credentials-9560c0d8-9840-4802-8795-95c608dcdd20.config
simulation (ubuntu-latest)	Run actions/checkout@3d3c42e5aac5ba805825da76410c181273ba90b1	2026-10-06T10:05:43.7162299Z [command]/usr/bin/git config --local includeIf.gitdir:/github/workspace/.git/worktrees/*.path /github/runner_temp/git-credentials-9560c0d8-9840-4802-8795-95c608dcdd20.config
simulation (ubuntu-latest)	Run actions/checkout@3d3c42e5aac5ba805825da76410c181273ba90b1	2026-10-06T10:05:43.7194379Z ##[endgroup]
simulation (ubuntu-latest)	Run actions/checkout@3d3c42e5aac5ba805825da76410c181273ba90b1	2026-10-06T10:05:43.7195799Z ##[group]Fetching the repository
simulation (ubuntu-latest)	Run actions/checkout@3d3c42e5aac5ba805825da76410c181273ba90b1	2026-10-06T10:05:43.7199947Z [command]/usr/bin/git -c protocol.version=2 fetch --no-tags --prune --no-recurse-submodules --depth=1 origin +f12b30345c7255bdceb4d0e6b32405f5c48dd5b6:refs/remotes/origin/main
simulation (ubuntu-latest)	Run actions/checkout@3d3c42e5aac5ba805825da76410c181273ba90b1	2026-10-06T10:05:44.5403276Z From https://github.com/peppone-choi/OpenHOI4
simulation (ubuntu-latest)	Run actions/checkout@3d3c42e5aac5ba805825da76410c181273ba90b1	2026-10-06T10:05:44.5404915Z  * [new ref]         f12b30345c7255bdceb4d0e6b32405f5c48dd5b6 -> origin/main
simulation (ubuntu-latest)	Run actions/checkout@3d3c42e5aac5ba805825da76410c181273ba90b1	2026-10-06T10:05:44.5415326Z [command]/usr/bin/git branch --list --remote origin/main
simulation (ubuntu-latest)	Run actions/checkout@3d3c42e5aac5ba805825da76410c181273ba90b1	2026-10-06T10:05:44.5441328Z   origin/main
simulation (ubuntu-latest)	Run actions/checkout@3d3c42e5aac5ba805825da76410c181273ba90b1	2026-10-06T10:05:44.5452273Z [command]/usr/bin/git rev-parse refs/remotes/origin/main
simulation (ubuntu-latest)	Run actions/checkout@3d3c42e5aac5ba805825da76410c181273ba90b1	2026-10-06T10:05:44.5474978Z f12b30345c7255bdceb4d0e6b32405f5c48dd5b6
simulation (ubuntu-latest)	Run actions/checkout@3d3c42e5aac5ba805825da76410c181273ba90b1	2026-10-06T10:05:44.5486187Z ##[endgroup]
simulation (ubuntu-latest)	Run actions/checkout@3d3c42e5aac5ba805825da76410c181273ba90b1	2026-10-06T10:05:44.5487519Z ##[group]Determining the checkout info
simulation (ubuntu-latest)	Run actions/checkout@3d3c42e5aac5ba805825da76410c181273ba90b1	2026-10-06T10:05:44.5489015Z ##[endgroup]
simulation (ubuntu-latest)	Run actions/checkout@3d3c42e5aac5ba805825da76410c181273ba90b1	2026-10-06T10:05:44.5491373Z [command]/usr/bin/git sparse-checkout disable
simulation (ubuntu-latest)	Run actions/checkout@3d3c42e5aac5ba805825da76410c181273ba90b1	2026-10-06T10:05:44.5542815Z [command]/usr/bin/git config --local --unset-all extensions.worktreeConfig
simulation (ubuntu-latest)	Run actions/checkout@3d3c42e5aac5ba805825da76410c181273ba90b1	2026-10-06T10:05:44.5572281Z ##[group]Checking out the ref
simulation (ubuntu-latest)	Run actions/checkout@3d3c42e5aac5ba805825da76410c181273ba90b1	2026-10-06T10:05:44.5574836Z [command]/usr/bin/git checkout --progress --force -B main refs/remotes/origin/main
simulation (ubuntu-latest)	Run actions/checkout@3d3c42e5aac5ba805825da76410c181273ba90b1	2026-10-06T10:05:44.5974655Z Switched to a new branch 'main'
simulation (ubuntu-latest)	Run actions/checkout@3d3c42e5aac5ba805825da76410c181273ba90b1	2026-10-06T10:05:44.5978324Z branch 'main' set up to track 'origin/main'.
simulation (ubuntu-latest)	Run actions/checkout@3d3c42e5aac5ba805825da76410c181273ba90b1	2026-10-06T10:05:44.5988083Z ##[endgroup]
simulation (ubuntu-latest)	Run actions/checkout@3d3c42e5aac5ba805825da76410c181273ba90b1	2026-10-06T10:05:44.6031632Z [command]/usr/bin/git log -1 --format=%H
simulation (ubuntu-latest)	Run actions/checkout@3d3c42e5aac5ba805825da76410c181273ba90b1	2026-10-06T10:05:44.6056615Z f12b30345c7255bdceb4d0e6b32405f5c48dd5b6
simulation (ubuntu-latest)	Run actions/setup-python@5fda3b95a4ea91299a34e894583c3862153e4b97	﻿2026-10-06T10:05:44.6499701Z ##[group]Run actions/setup-python@5fda3b95a4ea91299a34e894583c3862153e4b97
simulation (ubuntu-latest)	Run actions/setup-python@5fda3b95a4ea91299a34e894583c3862153e4b97	2026-10-06T10:05:44.6501409Z with:
simulation (ubuntu-latest)	Run actions/setup-python@5fda3b95a4ea91299a34e894583c3862153e4b97	2026-10-06T10:05:44.6502362Z   python-version: 3.11
simulation (ubuntu-latest)	Run actions/setup-python@5fda3b95a4ea91299a34e894583c3862153e4b97	2026-10-06T10:05:44.6503423Z   check-latest: false
simulation (ubuntu-latest)	Run actions/setup-python@5fda3b95a4ea91299a34e894583c3862153e4b97	2026-10-06T10:05:44.6513226Z   token: ***
simulation (ubuntu-latest)	Run actions/setup-python@5fda3b95a4ea91299a34e894583c3862153e4b97	2026-10-06T10:05:44.6514361Z   update-environment: true
simulation (ubuntu-latest)	Run actions/setup-python@5fda3b95a4ea91299a34e894583c3862153e4b97	2026-10-06T10:05:44.6515504Z   allow-prereleases: false
simulation (ubuntu-latest)	Run actions/setup-python@5fda3b95a4ea91299a34e894583c3862153e4b97	2026-10-06T10:05:44.6516618Z   freethreaded: false
simulation (ubuntu-latest)	Run actions/setup-python@5fda3b95a4ea91299a34e894583c3862153e4b97	2026-10-06T10:05:44.6517644Z ##[endgroup]
simulation (ubuntu-latest)	Run actions/setup-python@5fda3b95a4ea91299a34e894583c3862153e4b97	2026-10-06T10:05:44.7687335Z ##[group]Installed versions
simulation (ubuntu-latest)	Run actions/setup-python@5fda3b95a4ea91299a34e894583c3862153e4b97	2026-10-06T10:05:44.7761902Z Successfully set up CPython (3.11.16)
simulation (ubuntu-latest)	Run actions/setup-python@5fda3b95a4ea91299a34e894583c3862153e4b97	2026-10-06T10:05:44.7765130Z ##[endgroup]
simulation (ubuntu-latest)	Install pinned Rust toolchain	﻿2026-10-06T10:05:44.7923075Z ##[group]Run rustup toolchain install 1.99.0 --profile minimal --component rustfmt --component clippy
simulation (ubuntu-latest)	Install pinned Rust toolchain	2026-10-06T10:05:44.7926109Z [36;1mrustup toolchain install 1.99.0 --profile minimal --component rustfmt --component clippy[0m
simulation (ubuntu-latest)	Install pinned Rust toolchain	2026-10-06T10:05:44.8225100Z shell: /usr/bin/bash -e {0}
simulation (ubuntu-latest)	Install pinned Rust toolchain	2026-10-06T10:05:44.8226341Z env:
simulation (ubuntu-latest)	Install pinned Rust toolchain	2026-10-06T10:05:44.8227455Z   pythonLocation: /opt/hostedtoolcache/Python/3.11.16/x64
simulation (ubuntu-latest)	Install pinned Rust toolchain	2026-10-06T10:05:44.8229194Z   PKG_CONFIG_PATH: /opt/hostedtoolcache/Python/3.11.16/x64/lib/pkgconfig
simulation (ubuntu-latest)	Install pinned Rust toolchain	2026-10-06T10:05:44.8230944Z   Python_ROOT_DIR: /opt/hostedtoolcache/Python/3.11.16/x64
simulation (ubuntu-latest)	Install pinned Rust toolchain	2026-10-06T10:05:44.8232510Z   Python2_ROOT_DIR: /opt/hostedtoolcache/Python/3.11.16/x64
simulation (ubuntu-latest)	Install pinned Rust toolchain	2026-10-06T10:05:44.8234218Z   Python3_ROOT_DIR: /opt/hostedtoolcache/Python/3.11.16/x64
simulation (ubuntu-latest)	Install pinned Rust toolchain	2026-10-06T10:05:44.8235825Z   LD_LIBRARY_PATH: /opt/hostedtoolcache/Python/3.11.16/x64/lib
simulation (ubuntu-latest)	Install pinned Rust toolchain	2026-10-06T10:05:44.8237189Z ##[endgroup]
simulation (ubuntu-latest)	Install pinned Rust toolchain	2026-10-06T10:05:44.8987309Z info: syncing channel updates for 1.99.0-x86_64-unknown-linux-gnu
simulation (ubuntu-latest)	Install pinned Rust toolchain	2026-10-06T10:05:44.9987748Z info: latest update on 2026-10-01 for version 1.99.0 (b940084d7 2026-09-28)
simulation (ubuntu-latest)	Install pinned Rust toolchain	2026-10-06T10:05:44.9989959Z info: downloading 5 components
simulation (ubuntu-latest)	Install pinned Rust toolchain	2026-10-06T10:05:53.3300344Z
simulation (ubuntu-latest)	Install pinned Rust toolchain	2026-10-06T10:05:53.3365924Z   1.99.0-x86_64-unknown-linux-gnu installed - rustc 1.99.0 (b940084d7 2026-09-28)
simulation (ubuntu-latest)	Install pinned Rust toolchain	2026-10-06T10:05:53.3366620Z
simulation (ubuntu-latest)	Run cargo fmt --check	﻿2026-10-06T10:05:53.3482017Z ##[group]Run cargo fmt --check
simulation (ubuntu-latest)	Run cargo fmt --check	2026-10-06T10:05:53.3482370Z [36;1mcargo fmt --check[0m
simulation (ubuntu-latest)	Run cargo fmt --check	2026-10-06T10:05:53.3546145Z shell: /usr/bin/bash -e {0}
simulation (ubuntu-latest)	Run cargo fmt --check	2026-10-06T10:05:53.3546415Z env:
simulation (ubuntu-latest)	Run cargo fmt --check	2026-10-06T10:05:53.3546733Z   pythonLocation: /opt/hostedtoolcache/Python/3.11.16/x64
simulation (ubuntu-latest)	Run cargo fmt --check	2026-10-06T10:05:53.3547189Z   PKG_CONFIG_PATH: /opt/hostedtoolcache/Python/3.11.16/x64/lib/pkgconfig
simulation (ubuntu-latest)	Run cargo fmt --check	2026-10-06T10:05:53.3547627Z   Python_ROOT_DIR: /opt/hostedtoolcache/Python/3.11.16/x64
simulation (ubuntu-latest)	Run cargo fmt --check	2026-10-06T10:05:53.3548013Z   Python2_ROOT_DIR: /opt/hostedtoolcache/Python/3.11.16/x64
simulation (ubuntu-latest)	Run cargo fmt --check	2026-10-06T10:05:53.3548407Z   Python3_ROOT_DIR: /opt/hostedtoolcache/Python/3.11.16/x64
simulation (ubuntu-latest)	Run cargo fmt --check	2026-10-06T10:05:53.3548795Z   LD_LIBRARY_PATH: /opt/hostedtoolcache/Python/3.11.16/x64/lib
simulation (ubuntu-latest)	Run cargo fmt --check	2026-10-06T10:05:53.3549342Z ##[endgroup]
simulation (ubuntu-latest)	Run cargo clippy -p oh_sim -p oh_cli --all-targets --locked -- -D warnings	﻿2026-10-06T10:05:53.4605680Z ##[group]Run cargo clippy -p oh_sim -p oh_cli --all-targets --locked -- -D warnings
simulation (ubuntu-latest)	Run cargo clippy -p oh_sim -p oh_cli --all-targets --locked -- -D warnings	2026-10-06T10:05:53.4606346Z [36;1mcargo clippy -p oh_sim -p oh_cli --all-targets --locked -- -D warnings[0m
simulation (ubuntu-latest)	Run cargo clippy -p oh_sim -p oh_cli --all-targets --locked -- -D warnings	2026-10-06T10:05:53.4672320Z shell: /usr/bin/bash -e {0}
simulation (ubuntu-latest)	Run cargo clippy -p oh_sim -p oh_cli --all-targets --locked -- -D warnings	2026-10-06T10:05:53.4672598Z env:
simulation (ubuntu-latest)	Run cargo clippy -p oh_sim -p oh_cli --all-targets --locked -- -D warnings	2026-10-06T10:05:53.4672885Z   pythonLocation: /opt/hostedtoolcache/Python/3.11.16/x64
simulation (ubuntu-latest)	Run cargo clippy -p oh_sim -p oh_cli --all-targets --locked -- -D warnings	2026-10-06T10:05:53.4673341Z   PKG_CONFIG_PATH: /opt/hostedtoolcache/Python/3.11.16/x64/lib/pkgconfig
simulation (ubuntu-latest)	Run cargo clippy -p oh_sim -p oh_cli --all-targets --locked -- -D warnings	2026-10-06T10:05:53.4673795Z   Python_ROOT_DIR: /opt/hostedtoolcache/Python/3.11.16/x64
simulation (ubuntu-latest)	Run cargo clippy -p oh_sim -p oh_cli --all-targets --locked -- -D warnings	2026-10-06T10:05:53.4674421Z   Python2_ROOT_DIR: /opt/hostedtoolcache/Python/3.11.16/x64
simulation (ubuntu-latest)	Run cargo clippy -p oh_sim -p oh_cli --all-targets --locked -- -D warnings	2026-10-06T10:05:53.4674816Z   Python3_ROOT_DIR: /opt/hostedtoolcache/Python/3.11.16/x64
simulation (ubuntu-latest)	Run cargo clippy -p oh_sim -p oh_cli --all-targets --locked -- -D warnings	2026-10-06T10:05:53.4675239Z   LD_LIBRARY_PATH: /opt/hostedtoolcache/Python/3.11.16/x64/lib
simulation (ubuntu-latest)	Run cargo clippy -p oh_sim -p oh_cli --all-targets --locked -- -D warnings	2026-10-06T10:05:53.4675576Z ##[endgroup]
simulation (ubuntu-latest)	Run cargo clippy -p oh_sim -p oh_cli --all-targets --locked -- -D warnings	2026-10-06T10:05:53.5529008Z     Updating crates.io index
simulation (ubuntu-latest)	Run cargo clippy -p oh_sim -p oh_cli --all-targets --locked -- -D warnings	2026-10-06T10:05:53.6992673Z  Downloading crates ...
simulation (ubuntu-latest)	Run cargo clippy -p oh_sim -p oh_cli --all-targets --locked -- -D warnings	2026-10-06T10:05:53.7240059Z   Downloaded half v2.7.1
simulation (ubuntu-latest)	Run cargo clippy -p oh_sim -p oh_cli --all-targets --locked -- -D warnings	2026-10-06T10:05:53.7284530Z   Downloaded proc-macro2 v1.0.107
simulation (ubuntu-latest)	Run cargo clippy -p oh_sim -p oh_cli --all-targets --locked -- -D warnings	2026-10-06T10:05:53.7318907Z   Downloaded quote v1.0.47
simulation (ubuntu-latest)	Run cargo clippy -p oh_sim -p oh_cli --all-targets --locked -- -D warnings	2026-10-06T10:05:53.7356114Z   Downloaded ppv-lite86 v0.2.21
simulation (ubuntu-latest)	Run cargo clippy -p oh_sim -p oh_cli --all-targets --locked -- -D warnings	2026-10-06T10:05:53.7370299Z   Downloaded az v1.3.0
simulation (ubuntu-latest)	Run cargo clippy -p oh_sim -p oh_cli --all-targets --locked -- -D warnings	2026-10-06T10:05:53.7391643Z   Downloaded unicode-ident v1.0.26
simulation (ubuntu-latest)	Run cargo clippy -p oh_sim -p oh_cli --all-targets --locked -- -D warnings	2026-10-06T10:05:53.7426410Z   Downloaded bytemuck v1.25.2
simulation (ubuntu-latest)	Run cargo clippy -p oh_sim -p oh_cli --all-targets --locked -- -D warnings	2026-10-06T10:05:53.7465570Z   Downloaded schemars_derive v1.2.2
simulation (ubuntu-latest)	Run cargo clippy -p oh_sim -p oh_cli --all-targets --locked -- -D warnings	2026-10-06T10:05:53.7487247Z   Downloaded equivalent v1.0.2
simulation (ubuntu-latest)	Run cargo clippy -p oh_sim -p oh_cli --all-targets --locked -- -D warnings	2026-10-06T10:05:53.7497862Z   Downloaded cfg-if v1.0.5
simulation (ubuntu-latest)	Run cargo clippy -p oh_sim -p oh_cli --all-targets --locked -- -D warnings	2026-10-06T10:05:53.7524794Z   Downloaded ref-cast-impl v1.0.27
simulation (ubuntu-latest)	Run cargo clippy -p oh_sim -p oh_cli --all-targets --locked -- -D warnings	2026-10-06T10:05:53.7528258Z   Downloaded embedded-io v0.4.0
simulation (ubuntu-latest)	Run cargo clippy -p oh_sim -p oh_cli --all-targets --locked -- -D warnings	2026-10-06T10:05:53.7550607Z   Downloaded cobs v0.3.0
simulation (ubuntu-latest)	Run cargo clippy -p oh_sim -p oh_cli --all-targets --locked -- -D warnings	2026-10-06T10:05:53.7573351Z   Downloaded ref-cast v1.0.27
simulation (ubuntu-latest)	Run cargo clippy -p oh_sim -p oh_cli --all-targets --locked -- -D warnings	2026-10-06T10:05:53.7611416Z   Downloaded itoa v1.0.18
simulation (ubuntu-latest)	Run cargo clippy -p oh_sim -p oh_cli --all-targets --locked -- -D warnings	2026-10-06T10:05:53.7638957Z   Downloaded serde_spanned v1.1.1
simulation (ubuntu-latest)	Run cargo clippy -p oh_sim -p oh_cli --all-targets --locked -- -D warnings	2026-10-06T10:05:53.7652443Z   Downloaded dyn-clone v1.0.20
simulation (ubuntu-latest)	Run cargo clippy -p oh_sim -p oh_cli --all-targets --locked -- -D warnings	2026-10-06T10:05:53.7671660Z   Downloaded toml_writer v1.1.2+spec-1.1.0
simulation (ubuntu-latest)	Run cargo clippy -p oh_sim -p oh_cli --all-targets --locked -- -D warnings	2026-10-06T10:05:53.7689043Z   Downloaded embedded-io v0.6.1
simulation (ubuntu-latest)	Run cargo clippy -p oh_sim -p oh_cli --all-targets --locked -- -D warnings	2026-10-06T10:05:53.7709555Z   Downloaded serde_derive_internals v0.30.0
simulation (ubuntu-latest)	Run cargo clippy -p oh_sim -p oh_cli --all-targets --locked -- -D warnings	2026-10-06T10:05:53.7730473Z   Downloaded thiserror v2.0.21
simulation (ubuntu-latest)	Run cargo clippy -p oh_sim -p oh_cli --all-targets --locked -- -D warnings	2026-10-06T10:05:53.7819779Z   Downloaded rand_chacha v0.10.0
simulation (ubuntu-latest)	Run cargo clippy -p oh_sim -p oh_cli --all-targets --locked -- -D warnings	2026-10-06T10:05:53.7848455Z   Downloaded rand_core v0.10.1
simulation (ubuntu-latest)	Run cargo clippy -p oh_sim -p oh_cli --all-targets --locked -- -D warnings	2026-10-06T10:05:53.7853884Z   Downloaded zmij v1.0.23
simulation (ubuntu-latest)	Run cargo clippy -p oh_sim -p oh_cli --all-targets --locked -- -D warnings	2026-10-06T10:05:53.7883385Z   Downloaded thiserror-impl v2.0.21
simulation (ubuntu-latest)	Run cargo clippy -p oh_sim -p oh_cli --all-targets --locked -- -D warnings	2026-10-06T10:05:53.7907986Z   Downloaded toml_datetime v1.1.1+spec-1.1.0
simulation (ubuntu-latest)	Run cargo clippy -p oh_sim -p oh_cli --all-targets --locked -- -D warnings	2026-10-06T10:05:53.7945042Z   Downloaded semver v1.0.28
simulation (ubuntu-latest)	Run cargo clippy -p oh_sim -p oh_cli --all-targets --locked -- -D warnings	2026-10-06T10:05:53.7948350Z   Downloaded toml_parser v1.1.3+spec-1.1.0
simulation (ubuntu-latest)	Run cargo clippy -p oh_sim -p oh_cli --all-targets --locked -- -D warnings	2026-10-06T10:05:53.7972077Z   Downloaded toml v1.1.6+spec-1.1.0
simulation (ubuntu-latest)	Run cargo clippy -p oh_sim -p oh_cli --all-targets --locked -- -D warnings	2026-10-06T10:05:53.8016540Z   Downloaded postcard v1.1.3
simulation (ubuntu-latest)	Run cargo clippy -p oh_sim -p oh_cli --all-targets --locked -- -D warnings	2026-10-06T10:05:53.8040581Z   Downloaded serde_derive v1.0.229
simulation (ubuntu-latest)	Run cargo clippy -p oh_sim -p oh_cli --all-targets --locked -- -D warnings	2026-10-06T10:05:53.8072040Z   Downloaded serde_core v1.0.229
simulation (ubuntu-latest)	Run cargo clippy -p oh_sim -p oh_cli --all-targets --locked -- -D warnings	2026-10-06T10:05:53.8101928Z   Downloaded serde v1.0.229
simulation (ubuntu-latest)	Run cargo clippy -p oh_sim -p oh_cli --all-targets --locked -- -D warnings	2026-10-06T10:05:53.8137310Z   Downloaded memchr v2.8.3
simulation (ubuntu-latest)	Run cargo clippy -p oh_sim -p oh_cli --all-targets --locked -- -D warnings	2026-10-06T10:05:53.8197407Z   Downloaded schemars v1.2.2
simulation (ubuntu-latest)	Run cargo clippy -p oh_sim -p oh_cli --all-targets --locked -- -D warnings	2026-10-06T10:05:53.8371448Z   Downloaded zerocopy-derive v0.8.60
simulation (ubuntu-latest)	Run cargo clippy -p oh_sim -p oh_cli --all-targets --locked -- -D warnings	2026-10-06T10:05:53.8496435Z   Downloaded serde_json v1.0.151
simulation (ubuntu-latest)	Run cargo clippy -p oh_sim -p oh_cli --all-targets --locked -- -D warnings	2026-10-06T10:05:53.8570517Z   Downloaded indexmap v2.14.2
simulation (ubuntu-latest)	Run cargo clippy -p oh_sim -p oh_cli --all-targets --locked -- -D warnings	2026-10-06T10:05:53.8633116Z   Downloaded typenum v1.20.1
simulation (ubuntu-latest)	Run cargo clippy -p oh_sim -p oh_cli --all-targets --locked -- -D warnings	2026-10-06T10:05:53.8687232Z   Downloaded hashbrown v0.17.1
simulation (ubuntu-latest)	Run cargo clippy -p oh_sim -p oh_cli --all-targets --locked -- -D warnings	2026-10-06T10:05:53.8771317Z   Downloaded winnow v1.0.4
simulation (ubuntu-latest)	Run cargo clippy -p oh_sim -p oh_cli --all-targets --locked -- -D warnings	2026-10-06T10:05:53.8920718Z   Downloaded syn v3.0.6
simulation (ubuntu-latest)	Run cargo clippy -p oh_sim -p oh_cli --all-targets --locked -- -D warnings	2026-10-06T10:05:53.9081772Z   Downloaded fixed v1.31.0
simulation (ubuntu-latest)	Run cargo clippy -p oh_sim -p oh_cli --all-targets --locked -- -D warnings	2026-10-06T10:05:53.9169936Z   Downloaded syn v2.0.119
simulation (ubuntu-latest)	Run cargo clippy -p oh_sim -p oh_cli --all-targets --locked -- -D warnings	2026-10-06T10:05:53.9290116Z   Downloaded zerocopy v0.8.60
simulation (ubuntu-latest)	Run cargo clippy -p oh_sim -p oh_cli --all-targets --locked -- -D warnings	2026-10-06T10:05:54.3990653Z    Compiling proc-macro2 v1.0.107
simulation (ubuntu-latest)	Run cargo clippy -p oh_sim -p oh_cli --all-targets --locked -- -D warnings	2026-10-06T10:05:54.4002010Z    Compiling quote v1.0.47
simulation (ubuntu-latest)	Run cargo clippy -p oh_sim -p oh_cli --all-targets --locked -- -D warnings	2026-10-06T10:05:54.4044953Z    Compiling unicode-ident v1.0.26
simulation (ubuntu-latest)	Run cargo clippy -p oh_sim -p oh_cli --all-targets --locked -- -D warnings	2026-10-06T10:05:54.4056513Z    Compiling serde_core v1.0.229
simulation (ubuntu-latest)	Run cargo clippy -p oh_sim -p oh_cli --all-targets --locked -- -D warnings	2026-10-06T10:05:54.4627266Z    Compiling zerocopy v0.8.60
simulation (ubuntu-latest)	Run cargo clippy -p oh_sim -p oh_cli --all-targets --locked -- -D warnings	2026-10-06T10:05:54.6711701Z    Compiling serde v1.0.229
simulation (ubuntu-latest)	Run cargo clippy -p oh_sim -p oh_cli --all-targets --locked -- -D warnings	2026-10-06T10:05:54.6764916Z    Compiling thiserror v2.0.21
simulation (ubuntu-latest)	Run cargo clippy -p oh_sim -p oh_cli --all-targets --locked -- -D warnings	2026-10-06T10:05:54.8265843Z    Compiling zmij v1.0.23
simulation (ubuntu-latest)	Run cargo clippy -p oh_sim -p oh_cli --all-targets --locked -- -D warnings	2026-10-06T10:05:54.8895354Z     Checking cfg-if v1.0.5
simulation (ubuntu-latest)	Run cargo clippy -p oh_sim -p oh_cli --all-targets --locked -- -D warnings	2026-10-06T10:05:54.9115127Z    Compiling fixed v1.31.0
simulation (ubuntu-latest)	Run cargo clippy -p oh_sim -p oh_cli --all-targets --locked -- -D warnings	2026-10-06T10:05:54.9791489Z    Compiling ref-cast v1.0.27
simulation (ubuntu-latest)	Run cargo clippy -p oh_sim -p oh_cli --all-targets --locked -- -D warnings	2026-10-06T10:05:55.0285131Z    Compiling serde_json v1.0.151
simulation (ubuntu-latest)	Run cargo clippy -p oh_sim -p oh_cli --all-targets --locked -- -D warnings	2026-10-06T10:05:55.2912375Z    Compiling syn v3.0.6
simulation (ubuntu-latest)	Run cargo clippy -p oh_sim -p oh_cli --all-targets --locked -- -D warnings	2026-10-06T10:05:55.3075194Z    Compiling syn v2.0.119
simulation (ubuntu-latest)	Run cargo clippy -p oh_sim -p oh_cli --all-targets --locked -- -D warnings	2026-10-06T10:05:55.3905428Z     Checking typenum v1.20.1
simulation (ubuntu-latest)	Run cargo clippy -p oh_sim -p oh_cli --all-targets --locked -- -D warnings	2026-10-06T10:05:56.0375319Z     Checking winnow v1.0.4
simulation (ubuntu-latest)	Run cargo clippy -p oh_sim -p oh_cli --all-targets --locked -- -D warnings	2026-10-06T10:05:56.2775235Z     Checking rand_core v0.10.1
simulation (ubuntu-latest)	Run cargo clippy -p oh_sim -p oh_cli --all-targets --locked -- -D warnings	2026-10-06T10:05:56.3445276Z     Checking bytemuck v1.25.2
simulation (ubuntu-latest)	Run cargo clippy -p oh_sim -p oh_cli --all-targets --locked -- -D warnings	2026-10-06T10:05:56.4584904Z     Checking az v1.3.0
simulation (ubuntu-latest)	Run cargo clippy -p oh_sim -p oh_cli --all-targets --locked -- -D warnings	2026-10-06T10:05:56.4888288Z     Checking memchr v2.8.3
simulation (ubuntu-latest)	Run cargo clippy -p oh_sim -p oh_cli --all-targets --locked -- -D warnings	2026-10-06T10:05:56.8435227Z    Compiling serde_derive_internals v0.30.0
simulation (ubuntu-latest)	Run cargo clippy -p oh_sim -p oh_cli --all-targets --locked -- -D warnings	2026-10-06T10:05:57.2455599Z     Checking itoa v1.0.18
simulation (ubuntu-latest)	Run cargo clippy -p oh_sim -p oh_cli --all-targets --locked -- -D warnings	2026-10-06T10:05:57.5775484Z    Compiling serde_derive v1.0.229
simulation (ubuntu-latest)	Run cargo clippy -p oh_sim -p oh_cli --all-targets --locked -- -D warnings	2026-10-06T10:05:57.6401032Z    Compiling thiserror-impl v2.0.21
simulation (ubuntu-latest)	Run cargo clippy -p oh_sim -p oh_cli --all-targets --locked -- -D warnings	2026-10-06T10:05:57.9794999Z    Compiling ref-cast-impl v1.0.27
simulation (ubuntu-latest)	Run cargo clippy -p oh_sim -p oh_cli --all-targets --locked -- -D warnings	2026-10-06T10:05:58.3155277Z    Compiling schemars_derive v1.2.2
simulation (ubuntu-latest)	Run cargo clippy -p oh_sim -p oh_cli --all-targets --locked -- -D warnings	2026-10-06T10:05:58.7795129Z     Checking cobs v0.3.0
simulation (ubuntu-latest)	Run cargo clippy -p oh_sim -p oh_cli --all-targets --locked -- -D warnings	2026-10-06T10:05:58.8345706Z     Checking toml_datetime v1.1.1+spec-1.1.0
simulation (ubuntu-latest)	Run cargo clippy -p oh_sim -p oh_cli --all-targets --locked -- -D warnings	2026-10-06T10:05:58.9585247Z     Checking serde_spanned v1.1.1
simulation (ubuntu-latest)	Run cargo clippy -p oh_sim -p oh_cli --all-targets --locked -- -D warnings	2026-10-06T10:05:58.9615064Z    Compiling zerocopy-derive v0.8.60
simulation (ubuntu-latest)	Run cargo clippy -p oh_sim -p oh_cli --all-targets --locked -- -D warnings	2026-10-06T10:05:59.0091932Z     Checking toml_parser v1.1.3+spec-1.1.0
simulation (ubuntu-latest)	Run cargo clippy -p oh_sim -p oh_cli --all-targets --locked -- -D warnings	2026-10-06T10:05:59.2968288Z     Checking semver v1.0.28
simulation (ubuntu-latest)	Run cargo clippy -p oh_sim -p oh_cli --all-targets --locked -- -D warnings	2026-10-06T10:05:59.4475296Z     Checking toml_writer v1.1.2+spec-1.1.0
simulation (ubuntu-latest)	Run cargo clippy -p oh_sim -p oh_cli --all-targets --locked -- -D warnings	2026-10-06T10:05:59.5585422Z     Checking dyn-clone v1.0.20
simulation (ubuntu-latest)	Run cargo clippy -p oh_sim -p oh_cli --all-targets --locked -- -D warnings	2026-10-06T10:05:59.5905234Z     Checking toml v1.1.6+spec-1.1.0
simulation (ubuntu-latest)	Run cargo clippy -p oh_sim -p oh_cli --all-targets --locked -- -D warnings	2026-10-06T10:06:00.4607855Z     Checking postcard v1.1.3
simulation (ubuntu-latest)	Run cargo clippy -p oh_sim -p oh_cli --all-targets --locked -- -D warnings	2026-10-06T10:06:02.5471294Z     Checking schemars v1.2.2
simulation (ubuntu-latest)	Run cargo clippy -p oh_sim -p oh_cli --all-targets --locked -- -D warnings	2026-10-06T10:06:02.5471664Z     Checking half v2.7.1
simulation (ubuntu-latest)	Run cargo clippy -p oh_sim -p oh_cli --all-targets --locked -- -D warnings	2026-10-06T10:06:02.7095411Z     Checking ppv-lite86 v0.2.21
simulation (ubuntu-latest)	Run cargo clippy -p oh_sim -p oh_cli --all-targets --locked -- -D warnings	2026-10-06T10:06:02.7095976Z     Checking rand_chacha v0.10.0
simulation (ubuntu-latest)	Run cargo clippy -p oh_sim -p oh_cli --all-targets --locked -- -D warnings	2026-10-06T10:06:07.1689729Z     Checking oh_core v0.1.0 (/home/runner/work/OpenHOI4/OpenHOI4/crates/oh_core)
simulation (ubuntu-latest)	Run cargo clippy -p oh_sim -p oh_cli --all-targets --locked -- -D warnings	2026-10-06T10:06:07.2498033Z     Checking oh_data v0.1.0 (/home/runner/work/OpenHOI4/OpenHOI4/crates/oh_data)
simulation (ubuntu-latest)	Run cargo clippy -p oh_sim -p oh_cli --all-targets --locked -- -D warnings	2026-10-06T10:06:07.3578559Z     Checking oh_sim v0.1.0 (/home/runner/work/OpenHOI4/OpenHOI4/crates/oh_sim)
simulation (ubuntu-latest)	Run cargo clippy -p oh_sim -p oh_cli --all-targets --locked -- -D warnings	2026-10-06T10:06:07.4225836Z     Checking oh_ai v0.1.0 (/home/runner/work/OpenHOI4/OpenHOI4/crates/oh_ai)
simulation (ubuntu-latest)	Run cargo clippy -p oh_sim -p oh_cli --all-targets --locked -- -D warnings	2026-10-06T10:06:07.4226835Z     Checking oh_save v0.1.0 (/home/runner/work/OpenHOI4/OpenHOI4/crates/oh_save)
simulation (ubuntu-latest)	Run cargo clippy -p oh_sim -p oh_cli --all-targets --locked -- -D warnings	2026-10-06T10:06:07.4448961Z     Checking oh_cli v0.1.0 (/home/runner/work/OpenHOI4/OpenHOI4/crates/oh_cli)
simulation (ubuntu-latest)	Run cargo clippy -p oh_sim -p oh_cli --all-targets --locked -- -D warnings	2026-10-06T10:06:07.5632896Z     Finished `dev` profile [unoptimized + debuginfo] target(s) in 14.03s
simulation (ubuntu-latest)	Run cargo test -p oh_sim -p oh_cli --locked	﻿2026-10-06T10:06:07.5967972Z ##[group]Run cargo test -p oh_sim -p oh_cli --locked
simulation (ubuntu-latest)	Run cargo test -p oh_sim -p oh_cli --locked	2026-10-06T10:06:07.5968415Z [36;1mcargo test -p oh_sim -p oh_cli --locked[0m
simulation (ubuntu-latest)	Run cargo test -p oh_sim -p oh_cli --locked	2026-10-06T10:06:07.6028981Z shell: /usr/bin/bash -e {0}
simulation (ubuntu-latest)	Run cargo test -p oh_sim -p oh_cli --locked	2026-10-06T10:06:07.6029239Z env:
simulation (ubuntu-latest)	Run cargo test -p oh_sim -p oh_cli --locked	2026-10-06T10:06:07.6029504Z   pythonLocation: /opt/hostedtoolcache/Python/3.11.16/x64
simulation (ubuntu-latest)	Run cargo test -p oh_sim -p oh_cli --locked	2026-10-06T10:06:07.6029944Z   PKG_CONFIG_PATH: /opt/hostedtoolcache/Python/3.11.16/x64/lib/pkgconfig
simulation (ubuntu-latest)	Run cargo test -p oh_sim -p oh_cli --locked	2026-10-06T10:06:07.6030368Z   Python_ROOT_DIR: /opt/hostedtoolcache/Python/3.11.16/x64
simulation (ubuntu-latest)	Run cargo test -p oh_sim -p oh_cli --locked	2026-10-06T10:06:07.6030743Z   Python2_ROOT_DIR: /opt/hostedtoolcache/Python/3.11.16/x64
simulation (ubuntu-latest)	Run cargo test -p oh_sim -p oh_cli --locked	2026-10-06T10:06:07.6031115Z   Python3_ROOT_DIR: /opt/hostedtoolcache/Python/3.11.16/x64
simulation (ubuntu-latest)	Run cargo test -p oh_sim -p oh_cli --locked	2026-10-06T10:06:07.6031496Z   LD_LIBRARY_PATH: /opt/hostedtoolcache/Python/3.11.16/x64/lib
simulation (ubuntu-latest)	Run cargo test -p oh_sim -p oh_cli --locked	2026-10-06T10:06:07.6031818Z ##[endgroup]
simulation (ubuntu-latest)	Run cargo test -p oh_sim -p oh_cli --locked	2026-10-06T10:06:07.6971981Z    Compiling serde_core v1.0.229
simulation (ubuntu-latest)	Run cargo test -p oh_sim -p oh_cli --locked	2026-10-06T10:06:07.6972676Z    Compiling zerocopy v0.8.60
simulation (ubuntu-latest)	Run cargo test -p oh_sim -p oh_cli --locked	2026-10-06T10:06:07.6974413Z    Compiling thiserror v2.0.21
simulation (ubuntu-latest)	Run cargo test -p oh_sim -p oh_cli --locked	2026-10-06T10:06:07.7002004Z    Compiling cfg-if v1.0.5
simulation (ubuntu-latest)	Run cargo test -p oh_sim -p oh_cli --locked	2026-10-06T10:06:07.7229437Z    Compiling zmij v1.0.23
simulation (ubuntu-latest)	Run cargo test -p oh_sim -p oh_cli --locked	2026-10-06T10:06:07.7320843Z    Compiling cobs v0.3.0
simulation (ubuntu-latest)	Run cargo test -p oh_sim -p oh_cli --locked	2026-10-06T10:06:07.8376528Z    Compiling typenum v1.20.1
simulation (ubuntu-latest)	Run cargo test -p oh_sim -p oh_cli --locked	2026-10-06T10:06:08.0640216Z    Compiling winnow v1.0.4
simulation (ubuntu-latest)	Run cargo test -p oh_sim -p oh_cli --locked	2026-10-06T10:06:08.3795194Z    Compiling bytemuck v1.25.2
simulation (ubuntu-latest)	Run cargo test -p oh_sim -p oh_cli --locked	2026-10-06T10:06:08.5455596Z    Compiling az v1.3.0
simulation (ubuntu-latest)	Run cargo test -p oh_sim -p oh_cli --locked	2026-10-06T10:06:08.6138614Z    Compiling itoa v1.0.18
simulation (ubuntu-latest)	Run cargo test -p oh_sim -p oh_cli --locked	2026-10-06T10:06:08.7714437Z    Compiling memchr v2.8.3
simulation (ubuntu-latest)	Run cargo test -p oh_sim -p oh_cli --locked	2026-10-06T10:06:09.4180345Z    Compiling rand_core v0.10.1
simulation (ubuntu-latest)	Run cargo test -p oh_sim -p oh_cli --locked	2026-10-06T10:06:09.4961640Z    Compiling toml_parser v1.1.3+spec-1.1.0
simulation (ubuntu-latest)	Run cargo test -p oh_sim -p oh_cli --locked	2026-10-06T10:06:09.7257389Z    Compiling ref-cast v1.0.27
simulation (ubuntu-latest)	Run cargo test -p oh_sim -p oh_cli --locked	2026-10-06T10:06:09.7561897Z    Compiling semver v1.0.28
simulation (ubuntu-latest)	Run cargo test -p oh_sim -p oh_cli --locked	2026-10-06T10:06:10.0045092Z    Compiling serde v1.0.229
simulation (ubuntu-latest)	Run cargo test -p oh_sim -p oh_cli --locked	2026-10-06T10:06:10.0072232Z    Compiling toml_datetime v1.1.1+spec-1.1.0
simulation (ubuntu-latest)	Run cargo test -p oh_sim -p oh_cli --locked	2026-10-06T10:06:10.1996287Z    Compiling serde_spanned v1.1.1
simulation (ubuntu-latest)	Run cargo test -p oh_sim -p oh_cli --locked	2026-10-06T10:06:10.2436475Z    Compiling serde_json v1.0.151
simulation (ubuntu-latest)	Run cargo test -p oh_sim -p oh_cli --locked	2026-10-06T10:06:10.2655038Z    Compiling toml_writer v1.1.2+spec-1.1.0
simulation (ubuntu-latest)	Run cargo test -p oh_sim -p oh_cli --locked	2026-10-06T10:06:10.4026601Z    Compiling dyn-clone v1.0.20
simulation (ubuntu-latest)	Run cargo test -p oh_sim -p oh_cli --locked	2026-10-06T10:06:10.4605744Z    Compiling toml v1.1.6+spec-1.1.0
simulation (ubuntu-latest)	Run cargo test -p oh_sim -p oh_cli --locked	2026-10-06T10:06:10.5210453Z    Compiling postcard v1.1.3
simulation (ubuntu-latest)	Run cargo test -p oh_sim -p oh_cli --locked	2026-10-06T10:06:10.9529664Z    Compiling schemars v1.2.2
simulation (ubuntu-latest)	Run cargo test -p oh_sim -p oh_cli --locked	2026-10-06T10:06:11.7022888Z    Compiling half v2.7.1
simulation (ubuntu-latest)	Run cargo test -p oh_sim -p oh_cli --locked	2026-10-06T10:06:11.7065939Z    Compiling ppv-lite86 v0.2.21
simulation (ubuntu-latest)	Run cargo test -p oh_sim -p oh_cli --locked	2026-10-06T10:06:11.9274658Z    Compiling fixed v1.31.0
simulation (ubuntu-latest)	Run cargo test -p oh_sim -p oh_cli --locked	2026-10-06T10:06:12.0035214Z    Compiling rand_chacha v0.10.0
simulation (ubuntu-latest)	Run cargo test -p oh_sim -p oh_cli --locked	2026-10-06T10:06:16.9372349Z    Compiling oh_core v0.1.0 (/home/runner/work/OpenHOI4/OpenHOI4/crates/oh_core)
simulation (ubuntu-latest)	Run cargo test -p oh_sim -p oh_cli --locked	2026-10-06T10:06:17.0409131Z    Compiling oh_data v0.1.0 (/home/runner/work/OpenHOI4/OpenHOI4/crates/oh_data)
simulation (ubuntu-latest)	Run cargo test -p oh_sim -p oh_cli --locked	2026-10-06T10:06:17.1979000Z    Compiling oh_sim v0.1.0 (/home/runner/work/OpenHOI4/OpenHOI4/crates/oh_sim)
simulation (ubuntu-latest)	Run cargo test -p oh_sim -p oh_cli --locked	2026-10-06T10:06:17.3105398Z    Compiling oh_save v0.1.0 (/home/runner/work/OpenHOI4/OpenHOI4/crates/oh_save)
simulation (ubuntu-latest)	Run cargo test -p oh_sim -p oh_cli --locked	2026-10-06T10:06:17.3350931Z    Compiling oh_ai v0.1.0 (/home/runner/work/OpenHOI4/OpenHOI4/crates/oh_ai)
simulation (ubuntu-latest)	Run cargo test -p oh_sim -p oh_cli --locked	2026-10-06T10:06:17.3584933Z    Compiling oh_cli v0.1.0 (/home/runner/work/OpenHOI4/OpenHOI4/crates/oh_cli)
simulation (ubuntu-latest)	Run cargo test -p oh_sim -p oh_cli --locked	2026-10-06T10:06:17.8988202Z     Finished `test` profile [unoptimized + debuginfo] target(s) in 10.26s
simulation (ubuntu-latest)	Run cargo test -p oh_sim -p oh_cli --locked	2026-10-06T10:06:17.9027054Z      Running unittests src/lib.rs (target/debug/deps/oh_cli-160695e1640bd891)
simulation (ubuntu-latest)	Run cargo test -p oh_sim -p oh_cli --locked	2026-10-06T10:06:17.9038264Z
simulation (ubuntu-latest)	Run cargo test -p oh_sim -p oh_cli --locked	2026-10-06T10:06:17.9038443Z running 0 tests
simulation (ubuntu-latest)	Run cargo test -p oh_sim -p oh_cli --locked	2026-10-06T10:06:17.9038948Z
simulation (ubuntu-latest)	Run cargo test -p oh_sim -p oh_cli --locked	2026-10-06T10:06:17.9039414Z test result: ok. 0 passed; 0 failed; 0 ignored; 0 measured; 0 filtered out; finished in 0.00s
simulation (ubuntu-latest)	Run cargo test -p oh_sim -p oh_cli --locked	2026-10-06T10:06:17.9039816Z
simulation (ubuntu-latest)	Run cargo test -p oh_sim -p oh_cli --locked	2026-10-06T10:06:17.9040508Z      Running unittests src/main.rs (target/debug/deps/oh_cli-e86d129b4f5d142a)
simulation (ubuntu-latest)	Run cargo test -p oh_sim -p oh_cli --locked	2026-10-06T10:06:17.9049682Z
simulation (ubuntu-latest)	Run cargo test -p oh_sim -p oh_cli --locked	2026-10-06T10:06:17.9049907Z running 0 tests
simulation (ubuntu-latest)	Run cargo test -p oh_sim -p oh_cli --locked	2026-10-06T10:06:17.9050161Z
simulation (ubuntu-latest)	Run cargo test -p oh_sim -p oh_cli --locked	2026-10-06T10:06:17.9050629Z test result: ok. 0 passed; 0 failed; 0 ignored; 0 measured; 0 filtered out; finished in 0.00s
simulation (ubuntu-latest)	Run cargo test -p oh_sim -p oh_cli --locked	2026-10-06T10:06:17.9051264Z
simulation (ubuntu-latest)	Run cargo test -p oh_sim -p oh_cli --locked	2026-10-06T10:06:17.9051989Z      Running tests/run.rs (target/debug/deps/run-f9ee100fee07e541)
simulation (ubuntu-latest)	Run cargo test -p oh_sim -p oh_cli --locked	2026-10-06T10:06:17.9061744Z
simulation (ubuntu-latest)	Run cargo test -p oh_sim -p oh_cli --locked	2026-10-06T10:06:17.9061919Z running 5 tests
simulation (ubuntu-latest)	Run cargo test -p oh_sim -p oh_cli --locked	2026-10-06T10:06:17.9082270Z test m0_load_boundary_and_help_identify_unique_self_contained_pack ... ok
simulation (ubuntu-latest)	Run cargo test -p oh_sim -p oh_cli --locked	2026-10-06T10:06:17.9102524Z test library_loads_data_epoch_and_rejects_bad_or_nonempty_scenario ... ok
simulation (ubuntu-latest)	Run cargo test -p oh_sim -p oh_cli --locked	2026-10-06T10:06:17.9136939Z test req_gen_06_ac_m0_02_exact_ticks_and_repeated_hash ... ok
simulation (ubuntu-latest)	Run cargo test -p oh_sim -p oh_cli --locked	2026-10-06T10:06:17.9180600Z test cli_rejects_ambiguous_missing_invalid_and_unimplemented_inputs ... ok
simulation (ubuntu-latest)	Run cargo test -p oh_sim -p oh_cli --locked	2026-10-06T10:06:17.9225424Z test req_gen_06_days_path_is_exact_and_zero_ticks_stays_initial ... ok
simulation (ubuntu-latest)	Run cargo test -p oh_sim -p oh_cli --locked	2026-10-06T10:06:17.9225758Z
simulation (ubuntu-latest)	Run cargo test -p oh_sim -p oh_cli --locked	2026-10-06T10:06:17.9226024Z test result: ok. 5 passed; 0 failed; 0 ignored; 0 measured; 0 filtered out; finished in 0.02s
simulation (ubuntu-latest)	Run cargo test -p oh_sim -p oh_cli --locked	2026-10-06T10:06:17.9226415Z
simulation (ubuntu-latest)	Run cargo test -p oh_sim -p oh_cli --locked	2026-10-06T10:06:17.9227692Z      Running unittests src/lib.rs (target/debug/deps/oh_sim-aedaa11802a71b7e)
simulation (ubuntu-latest)	Run cargo test -p oh_sim -p oh_cli --locked	2026-10-06T10:06:17.9236754Z
simulation (ubuntu-latest)	Run cargo test -p oh_sim -p oh_cli --locked	2026-10-06T10:06:17.9236961Z running 0 tests
simulation (ubuntu-latest)	Run cargo test -p oh_sim -p oh_cli --locked	2026-10-06T10:06:17.9237196Z
simulation (ubuntu-latest)	Run cargo test -p oh_sim -p oh_cli --locked	2026-10-06T10:06:17.9237658Z test result: ok. 0 passed; 0 failed; 0 ignored; 0 measured; 0 filtered out; finished in 0.00s
simulation (ubuntu-latest)	Run cargo test -p oh_sim -p oh_cli --locked	2026-10-06T10:06:17.9238250Z
simulation (ubuntu-latest)	Run cargo test -p oh_sim -p oh_cli --locked	2026-10-06T10:06:17.9239085Z      Running tests/scheduler.rs (target/debug/deps/scheduler-7e531436cd67fbd5)
simulation (ubuntu-latest)	Run cargo test -p oh_sim -p oh_cli --locked	2026-10-06T10:06:17.9248029Z
simulation (ubuntu-latest)	Run cargo test -p oh_sim -p oh_cli --locked	2026-10-06T10:06:17.9248200Z running 8 tests
simulation (ubuntu-latest)	Run cargo test -p oh_sim -p oh_cli --locked	2026-10-06T10:06:17.9260896Z test calendar_leap_year_and_year_boundaries ... ok
simulation (ubuntu-latest)	Run cargo test -p oh_sim -p oh_cli --locked	2026-10-06T10:06:17.9261743Z test hash_includes_seed_config_and_pending_commands ... ok
simulation (ubuntu-latest)	Run cargo test -p oh_sim -p oh_cli --locked	2026-10-06T10:06:17.9263000Z test overflow_preserves_state_and_queued_commands_and_pause_still_works ... ok
simulation (ubuntu-latest)	Run cargo test -p oh_sim -p oh_cli --locked	2026-10-06T10:06:17.9263892Z test req_gen_01_headless_state_and_hash_are_repeatable ... ok
simulation (ubuntu-latest)	Run cargo test -p oh_sim -p oh_cli --locked	2026-10-06T10:06:17.9264931Z test req_gen_05_commands_are_sorted_and_future_commands_wait ... ok
simulation (ubuntu-latest)	Run cargo test -p oh_sim -p oh_cli --locked	2026-10-06T10:06:17.9265738Z test req_time_01_pause_resume_and_five_data_driven_speeds ... ok
simulation (ubuntu-latest)	Run cargo test -p oh_sim -p oh_cli --locked	2026-10-06T10:06:17.9266280Z test time_defines_are_required_checked_and_change_host_pacing ... ok
simulation (ubuntu-latest)	Run cargo test -p oh_sim -p oh_cli --locked	2026-10-06T10:06:17.9266880Z test req_time_02_tick_day_month_snapshot_order ... ok
simulation (ubuntu-latest)	Run cargo test -p oh_sim -p oh_cli --locked	2026-10-06T10:06:17.9267304Z
simulation (ubuntu-latest)	Run cargo test -p oh_sim -p oh_cli --locked	2026-10-06T10:06:17.9267669Z test result: ok. 8 passed; 0 failed; 0 ignored; 0 measured; 0 filtered out; finished in 0.00s
simulation (ubuntu-latest)	Run cargo test -p oh_sim -p oh_cli --locked	2026-10-06T10:06:17.9268288Z
simulation (ubuntu-latest)	Run cargo test -p oh_sim -p oh_cli --locked	2026-10-06T10:06:17.9268450Z    Doc-tests oh_cli
simulation (ubuntu-latest)	Run cargo test -p oh_sim -p oh_cli --locked	2026-10-06T10:06:17.9443339Z
simulation (ubuntu-latest)	Run cargo test -p oh_sim -p oh_cli --locked	2026-10-06T10:06:17.9443833Z running 0 tests
simulation (ubuntu-latest)	Run cargo test -p oh_sim -p oh_cli --locked	2026-10-06T10:06:17.9444375Z
simulation (ubuntu-latest)	Run cargo test -p oh_sim -p oh_cli --locked	2026-10-06T10:06:17.9444800Z test result: ok. 0 passed; 0 failed; 0 ignored; 0 measured; 0 filtered out; finished in 0.00s
simulation (ubuntu-latest)	Run cargo test -p oh_sim -p oh_cli --locked	2026-10-06T10:06:17.9445176Z
simulation (ubuntu-latest)	Run cargo test -p oh_sim -p oh_cli --locked	2026-10-06T10:06:17.9454921Z    Doc-tests oh_sim
simulation (ubuntu-latest)	Run cargo test -p oh_sim -p oh_cli --locked	2026-10-06T10:06:17.9675109Z
simulation (ubuntu-latest)	Run cargo test -p oh_sim -p oh_cli --locked	2026-10-06T10:06:17.9675546Z running 1 test
simulation (ubuntu-latest)	Run cargo test -p oh_sim -p oh_cli --locked	2026-10-06T10:06:17.9895080Z test crates/oh_sim/src/lib.rs - State (line 64) - compile fail ... ok
simulation (ubuntu-latest)	Run cargo test -p oh_sim -p oh_cli --locked	2026-10-06T10:06:17.9895472Z
simulation (ubuntu-latest)	Run cargo test -p oh_sim -p oh_cli --locked	2026-10-06T10:06:17.9895737Z test result: ok. 1 passed; 0 failed; 0 ignored; 0 measured; 0 filtered out; finished in 0.02s
simulation (ubuntu-latest)	Run cargo test -p oh_sim -p oh_cli --locked	2026-10-06T10:06:17.9896110Z
simulation (ubuntu-latest)	Test evidence gate failures	﻿2026-10-06T10:06:17.9982069Z ##[group]Run python -m unittest discover -s crates/oh_sim/tests -p test_sim_determinism.py -v
simulation (ubuntu-latest)	Test evidence gate failures	2026-10-06T10:06:17.9982766Z [36;1mpython -m unittest discover -s crates/oh_sim/tests -p test_sim_determinism.py -v[0m
simulation (ubuntu-latest)	Test evidence gate failures	2026-10-06T10:06:18.0045351Z shell: /usr/bin/bash -e {0}
simulation (ubuntu-latest)	Test evidence gate failures	2026-10-06T10:06:18.0045610Z env:
simulation (ubuntu-latest)	Test evidence gate failures	2026-10-06T10:06:18.0045881Z   pythonLocation: /opt/hostedtoolcache/Python/3.11.16/x64
simulation (ubuntu-latest)	Test evidence gate failures	2026-10-06T10:06:18.0046329Z   PKG_CONFIG_PATH: /opt/hostedtoolcache/Python/3.11.16/x64/lib/pkgconfig
simulation (ubuntu-latest)	Test evidence gate failures	2026-10-06T10:06:18.0046776Z   Python_ROOT_DIR: /opt/hostedtoolcache/Python/3.11.16/x64
simulation (ubuntu-latest)	Test evidence gate failures	2026-10-06T10:06:18.0047179Z   Python2_ROOT_DIR: /opt/hostedtoolcache/Python/3.11.16/x64
simulation (ubuntu-latest)	Test evidence gate failures	2026-10-06T10:06:18.0047579Z   Python3_ROOT_DIR: /opt/hostedtoolcache/Python/3.11.16/x64
simulation (ubuntu-latest)	Test evidence gate failures	2026-10-06T10:06:18.0047960Z   LD_LIBRARY_PATH: /opt/hostedtoolcache/Python/3.11.16/x64/lib
simulation (ubuntu-latest)	Test evidence gate failures	2026-10-06T10:06:18.0048282Z ##[endgroup]
simulation (ubuntu-latest)	Test evidence gate failures	2026-10-06T10:06:18.2314082Z test_capture_rejects_command_failure (test_sim_determinism.SimEvidenceTests.test_capture_rejects_command_failure) ... ok
simulation (ubuntu-latest)	Test evidence gate failures	2026-10-06T10:06:18.2324618Z test_capture_rejects_repeated_hash_mismatch (test_sim_determinism.SimEvidenceTests.test_capture_rejects_repeated_hash_mismatch) ... ok
simulation (ubuntu-latest)	Test evidence gate failures	2026-10-06T10:06:18.2335144Z test_capture_runs_real_1000_tick_cli_twice (test_sim_determinism.SimEvidenceTests.test_capture_runs_real_1000_tick_cli_twice) ... ok
simulation (ubuntu-latest)	Test evidence gate failures	2026-10-06T10:06:18.2358349Z test_compare_accepts_three_equal_os (test_sim_determinism.SimEvidenceTests.test_compare_accepts_three_equal_os) ... ok
simulation (ubuntu-latest)	Test evidence gate failures	2026-10-06T10:06:18.2388032Z test_compare_rejects_cross_os_mismatch_even_when_each_repeat_matches (test_sim_determinism.SimEvidenceTests.test_compare_rejects_cross_os_mismatch_even_when_each_repeat_matches) ... ok
simulation (ubuntu-latest)	Test evidence gate failures	2026-10-06T10:06:18.2509065Z test_compare_rejects_invalid_or_mismatched_hash (test_sim_determinism.SimEvidenceTests.test_compare_rejects_invalid_or_mismatched_hash) ... ok
simulation (ubuntu-latest)	Test evidence gate failures	2026-10-06T10:06:18.2545178Z test_compare_rejects_missing_extra_os_and_missing_repeat (test_sim_determinism.SimEvidenceTests.test_compare_rejects_missing_extra_os_and_missing_repeat) ... ok
simulation (ubuntu-latest)	Test evidence gate failures	2026-10-06T10:06:18.2561231Z test_compare_rejects_repeat_disagreement (test_sim_determinism.SimEvidenceTests.test_compare_rejects_repeat_disagreement) ... ok
simulation (ubuntu-latest)	Test evidence gate failures	2026-10-06T10:06:18.2566846Z test_failed_recapture_clears_old_success_marker (test_sim_determinism.SimEvidenceTests.test_failed_recapture_clears_old_success_marker) ... ok
simulation (ubuntu-latest)	Test evidence gate failures	2026-10-06T10:06:18.2567843Z
simulation (ubuntu-latest)	Test evidence gate failures	2026-10-06T10:06:18.2568102Z ----------------------------------------------------------------------
simulation (ubuntu-latest)	Test evidence gate failures	2026-10-06T10:06:18.2568525Z Ran 9 tests in 0.026s
simulation (ubuntu-latest)	Test evidence gate failures	2026-10-06T10:06:18.2568672Z
simulation (ubuntu-latest)	Test evidence gate failures	2026-10-06T10:06:18.2568744Z OK
simulation (ubuntu-latest)	Test evidence gate failures	2026-10-06T10:06:18.2569038Z actual simulation: 1000 ticks, seed 1, two runs: 0123456789abcdef
simulation (ubuntu-latest)	Test evidence gate failures	2026-10-06T10:06:18.2569414Z ubuntu-latest: 0123456789abcdef
simulation (ubuntu-latest)	Test evidence gate failures	2026-10-06T10:06:18.2569678Z windows-latest: 0123456789abcdef
simulation (ubuntu-latest)	Test evidence gate failures	2026-10-06T10:06:18.2569926Z macos-latest: 0123456789abcdef
simulation (ubuntu-latest)	Run actual simulation twice	﻿2026-10-06T10:06:18.2736210Z ##[group]Run python crates/oh_sim/tools/check_sim_determinism.py capture --out target/sim-determinism
simulation (ubuntu-latest)	Run actual simulation twice	2026-10-06T10:06:18.2737599Z [36;1mpython crates/oh_sim/tools/check_sim_determinism.py capture --out target/sim-determinism[0m
simulation (ubuntu-latest)	Run actual simulation twice	2026-10-06T10:06:18.2820379Z shell: /usr/bin/bash -e {0}
simulation (ubuntu-latest)	Run actual simulation twice	2026-10-06T10:06:18.2820656Z env:
simulation (ubuntu-latest)	Run actual simulation twice	2026-10-06T10:06:18.2820943Z   pythonLocation: /opt/hostedtoolcache/Python/3.11.16/x64
simulation (ubuntu-latest)	Run actual simulation twice	2026-10-06T10:06:18.2821399Z   PKG_CONFIG_PATH: /opt/hostedtoolcache/Python/3.11.16/x64/lib/pkgconfig
simulation (ubuntu-latest)	Run actual simulation twice	2026-10-06T10:06:18.2821834Z   Python_ROOT_DIR: /opt/hostedtoolcache/Python/3.11.16/x64
simulation (ubuntu-latest)	Run actual simulation twice	2026-10-06T10:06:18.2822215Z   Python2_ROOT_DIR: /opt/hostedtoolcache/Python/3.11.16/x64
simulation (ubuntu-latest)	Run actual simulation twice	2026-10-06T10:06:18.2822601Z   Python3_ROOT_DIR: /opt/hostedtoolcache/Python/3.11.16/x64
simulation (ubuntu-latest)	Run actual simulation twice	2026-10-06T10:06:18.2822996Z   LD_LIBRARY_PATH: /opt/hostedtoolcache/Python/3.11.16/x64/lib
simulation (ubuntu-latest)	Run actual simulation twice	2026-10-06T10:06:18.2823324Z ##[endgroup]
simulation (ubuntu-latest)	Run actual simulation twice	2026-10-06T10:06:18.4531673Z actual simulation: 1000 ticks, seed 1, two runs: ff921fd8148e699d
simulation (ubuntu-latest)	Upload simulation hashes and repeated outputs for this OS	﻿2026-10-06T10:06:18.4708313Z ##[group]Run actions/upload-artifact@043fb46d1a93c77aae656e7c1c64a875d1fc6a0a
simulation (ubuntu-latest)	Upload simulation hashes and repeated outputs for this OS	2026-10-06T10:06:18.4708739Z with:
simulation (ubuntu-latest)	Upload simulation hashes and repeated outputs for this OS	2026-10-06T10:06:18.4708951Z   name: sim-hash-ubuntu-latest
simulation (ubuntu-latest)	Upload simulation hashes and repeated outputs for this OS	2026-10-06T10:06:18.4709211Z   path: target/sim-determinism/
simulation (ubuntu-latest)	Upload simulation hashes and repeated outputs for this OS	2026-10-06T10:06:18.4709467Z   if-no-files-found: error
simulation (ubuntu-latest)	Upload simulation hashes and repeated outputs for this OS	2026-10-06T10:06:18.4709711Z   archive: true
simulation (ubuntu-latest)	Upload simulation hashes and repeated outputs for this OS	2026-10-06T10:06:18.4709922Z   compression-level: 6
simulation (ubuntu-latest)	Upload simulation hashes and repeated outputs for this OS	2026-10-06T10:06:18.4710138Z   overwrite: false
simulation (ubuntu-latest)	Upload simulation hashes and repeated outputs for this OS	2026-10-06T10:06:18.4710348Z   include-hidden-files: false
simulation (ubuntu-latest)	Upload simulation hashes and repeated outputs for this OS	2026-10-06T10:06:18.4710576Z env:
simulation (ubuntu-latest)	Upload simulation hashes and repeated outputs for this OS	2026-10-06T10:06:18.4710828Z   pythonLocation: /opt/hostedtoolcache/Python/3.11.16/x64
simulation (ubuntu-latest)	Upload simulation hashes and repeated outputs for this OS	2026-10-06T10:06:18.4711260Z   PKG_CONFIG_PATH: /opt/hostedtoolcache/Python/3.11.16/x64/lib/pkgconfig
simulation (ubuntu-latest)	Upload simulation hashes and repeated outputs for this OS	2026-10-06T10:06:18.4711683Z   Python_ROOT_DIR: /opt/hostedtoolcache/Python/3.11.16/x64
simulation (ubuntu-latest)	Upload simulation hashes and repeated outputs for this OS	2026-10-06T10:06:18.4712066Z   Python2_ROOT_DIR: /opt/hostedtoolcache/Python/3.11.16/x64
simulation (ubuntu-latest)	Upload simulation hashes and repeated outputs for this OS	2026-10-06T10:06:18.4712441Z   Python3_ROOT_DIR: /opt/hostedtoolcache/Python/3.11.16/x64
simulation (ubuntu-latest)	Upload simulation hashes and repeated outputs for this OS	2026-10-06T10:06:18.4712831Z   LD_LIBRARY_PATH: /opt/hostedtoolcache/Python/3.11.16/x64/lib
simulation (ubuntu-latest)	Upload simulation hashes and repeated outputs for this OS	2026-10-06T10:06:18.4713170Z ##[endgroup]
simulation (ubuntu-latest)	Upload simulation hashes and repeated outputs for this OS	2026-10-06T10:06:18.6096339Z With the provided path, there will be 3 files uploaded
simulation (ubuntu-latest)	Upload simulation hashes and repeated outputs for this OS	2026-10-06T10:06:18.6100612Z Artifact name is valid!
simulation (ubuntu-latest)	Upload simulation hashes and repeated outputs for this OS	2026-10-06T10:06:18.6101172Z Root directory input is valid!
simulation (ubuntu-latest)	Upload simulation hashes and repeated outputs for this OS	2026-10-06T10:06:18.9943153Z Uploading artifact: sim-hash-ubuntu-latest.zip
simulation (ubuntu-latest)	Upload simulation hashes and repeated outputs for this OS	2026-10-06T10:06:19.0015503Z Beginning upload of artifact content to blob storage
simulation (ubuntu-latest)	Upload simulation hashes and repeated outputs for this OS	2026-10-06T10:06:19.3001924Z Uploaded bytes 415
simulation (ubuntu-latest)	Upload simulation hashes and repeated outputs for this OS	2026-10-06T10:06:19.3688231Z Finished uploading artifact content to blob storage!
simulation (ubuntu-latest)	Upload simulation hashes and repeated outputs for this OS	2026-10-06T10:06:19.3689648Z SHA256 digest of uploaded artifact is 4df57f709b496d71e7cf55d17a10369ac2a1bcfa41231a0b8399a1f7332a9953
simulation (ubuntu-latest)	Upload simulation hashes and repeated outputs for this OS	2026-10-06T10:06:19.3690639Z Finalizing artifact upload
simulation (ubuntu-latest)	Upload simulation hashes and repeated outputs for this OS	2026-10-06T10:06:19.7740082Z Artifact sim-hash-ubuntu-latest successfully finalized. Artifact ID 11403852478
simulation (ubuntu-latest)	Upload simulation hashes and repeated outputs for this OS	2026-10-06T10:06:19.7741155Z Artifact sim-hash-ubuntu-latest has been successfully uploaded! Final size is 415 bytes. Artifact ID is 11403852478
simulation (ubuntu-latest)	Upload simulation hashes and repeated outputs for this OS	2026-10-06T10:06:19.7745422Z Artifact download URL: https://github.com/peppone-choi/OpenHOI4/actions/runs/37447307966/artifacts/11403852478
simulation (ubuntu-latest)	Post Run actions/setup-python@5fda3b95a4ea91299a34e894583c3862153e4b97	﻿2026-10-06T10:06:19.7923217Z Post job cleanup.
simulation (ubuntu-latest)	Post Run actions/checkout@3d3c42e5aac5ba805825da76410c181273ba90b1	﻿2026-10-06T10:06:19.9152029Z Post job cleanup.
simulation (ubuntu-latest)	Post Run actions/checkout@3d3c42e5aac5ba805825da76410c181273ba90b1	2026-10-06T10:06:19.9970696Z [command]/usr/bin/git version
simulation (ubuntu-latest)	Post Run actions/checkout@3d3c42e5aac5ba805825da76410c181273ba90b1	2026-10-06T10:06:20.0014900Z git version 2.55.0
simulation (ubuntu-latest)	Post Run actions/checkout@3d3c42e5aac5ba805825da76410c181273ba90b1	2026-10-06T10:06:20.0049515Z Temporarily overriding HOME='/home/runner/work/_temp/ddddaa64-549f-48ff-aabc-d121fd1bdbbc' before making global git config changes
simulation (ubuntu-latest)	Post Run actions/checkout@3d3c42e5aac5ba805825da76410c181273ba90b1	2026-10-06T10:06:20.0050869Z Adding repository directory to the temporary git global config as a safe directory
simulation (ubuntu-latest)	Post Run actions/checkout@3d3c42e5aac5ba805825da76410c181273ba90b1	2026-10-06T10:06:20.0055046Z [command]/usr/bin/git config --global --add safe.directory /home/runner/work/OpenHOI4/OpenHOI4
simulation (ubuntu-latest)	Post Run actions/checkout@3d3c42e5aac5ba805825da76410c181273ba90b1	2026-10-06T10:06:20.0084695Z Removing SSH command configuration
simulation (ubuntu-latest)	Post Run actions/checkout@3d3c42e5aac5ba805825da76410c181273ba90b1	2026-10-06T10:06:20.0090924Z [command]/usr/bin/git config --local --name-only --get-regexp core\.sshCommand
simulation (ubuntu-latest)	Post Run actions/checkout@3d3c42e5aac5ba805825da76410c181273ba90b1	2026-10-06T10:06:20.0124961Z [command]/usr/bin/git submodule foreach --recursive sh -c "git config --local --name-only --get-regexp 'core\.sshCommand' && git config --local --unset-all 'core.sshCommand' || :"
simulation (ubuntu-latest)	Post Run actions/checkout@3d3c42e5aac5ba805825da76410c181273ba90b1	2026-10-06T10:06:20.0347693Z Removing HTTP extra header
simulation (ubuntu-latest)	Post Run actions/checkout@3d3c42e5aac5ba805825da76410c181273ba90b1	2026-10-06T10:06:20.0351876Z [command]/usr/bin/git config --local --name-only --get-regexp http\.https\:\/\/github\.com\/\.extraheader
simulation (ubuntu-latest)	Post Run actions/checkout@3d3c42e5aac5ba805825da76410c181273ba90b1	2026-10-06T10:06:20.0383516Z [command]/usr/bin/git submodule foreach --recursive sh -c "git config --local --name-only --get-regexp 'http\.https\:\/\/github\.com\/\.extraheader' && git config --local --unset-all 'http.https://github.com/.extraheader' || :"
simulation (ubuntu-latest)	Post Run actions/checkout@3d3c42e5aac5ba805825da76410c181273ba90b1	2026-10-06T10:06:20.0601090Z Removing includeIf entries pointing to credentials config files
simulation (ubuntu-latest)	Post Run actions/checkout@3d3c42e5aac5ba805825da76410c181273ba90b1	2026-10-06T10:06:20.0606944Z [command]/usr/bin/git config --local --name-only --get-regexp ^includeIf\.gitdir:
simulation (ubuntu-latest)	Post Run actions/checkout@3d3c42e5aac5ba805825da76410c181273ba90b1	2026-10-06T10:06:20.0635591Z includeif.gitdir:/home/runner/work/OpenHOI4/OpenHOI4/.git.path
simulation (ubuntu-latest)	Post Run actions/checkout@3d3c42e5aac5ba805825da76410c181273ba90b1	2026-10-06T10:06:20.0636577Z includeif.gitdir:/home/runner/work/OpenHOI4/OpenHOI4/.git/worktrees/*.path
simulation (ubuntu-latest)	Post Run actions/checkout@3d3c42e5aac5ba805825da76410c181273ba90b1	2026-10-06T10:06:20.0637440Z includeif.gitdir:/github/workspace/.git.path
simulation (ubuntu-latest)	Post Run actions/checkout@3d3c42e5aac5ba805825da76410c181273ba90b1	2026-10-06T10:06:20.0638159Z includeif.gitdir:/github/workspace/.git/worktrees/*.path
simulation (ubuntu-latest)	Post Run actions/checkout@3d3c42e5aac5ba805825da76410c181273ba90b1	2026-10-06T10:06:20.0644576Z [command]/usr/bin/git config --local --get-all includeif.gitdir:/home/runner/work/OpenHOI4/OpenHOI4/.git.path
simulation (ubuntu-latest)	Post Run actions/checkout@3d3c42e5aac5ba805825da76410c181273ba90b1	2026-10-06T10:06:20.0665283Z /home/runner/work/_temp/git-credentials-9560c0d8-9840-4802-8795-95c608dcdd20.config
simulation (ubuntu-latest)	Post Run actions/checkout@3d3c42e5aac5ba805825da76410c181273ba90b1	2026-10-06T10:06:20.0675415Z [command]/usr/bin/git config --local --unset includeif.gitdir:/home/runner/work/OpenHOI4/OpenHOI4/.git.path \/home\/runner\/work\/_temp\/git\-credentials\-9560c0d8\-9840\-4802\-8795\-95c608dcdd20\.config
simulation (ubuntu-latest)	Post Run actions/checkout@3d3c42e5aac5ba805825da76410c181273ba90b1	2026-10-06T10:06:20.0711661Z [command]/usr/bin/git config --local --get-all includeif.gitdir:/home/runner/work/OpenHOI4/OpenHOI4/.git/worktrees/*.path
simulation (ubuntu-latest)	Post Run actions/checkout@3d3c42e5aac5ba805825da76410c181273ba90b1	2026-10-06T10:06:20.0732804Z /home/runner/work/_temp/git-credentials-9560c0d8-9840-4802-8795-95c608dcdd20.config
simulation (ubuntu-latest)	Post Run actions/checkout@3d3c42e5aac5ba805825da76410c181273ba90b1	2026-10-06T10:06:20.0743729Z [command]/usr/bin/git config --local --unset includeif.gitdir:/home/runner/work/OpenHOI4/OpenHOI4/.git/worktrees/*.path \/home\/runner\/work\/_temp\/git\-credentials\-9560c0d8\-9840\-4802\-8795\-95c608dcdd20\.config
simulation (ubuntu-latest)	Post Run actions/checkout@3d3c42e5aac5ba805825da76410c181273ba90b1	2026-10-06T10:06:20.0781817Z [command]/usr/bin/git config --local --get-all includeif.gitdir:/github/workspace/.git.path
simulation (ubuntu-latest)	Post Run actions/checkout@3d3c42e5aac5ba805825da76410c181273ba90b1	2026-10-06T10:06:20.0802149Z /github/runner_temp/git-credentials-9560c0d8-9840-4802-8795-95c608dcdd20.config
simulation (ubuntu-latest)	Post Run actions/checkout@3d3c42e5aac5ba805825da76410c181273ba90b1	2026-10-06T10:06:20.0811050Z [command]/usr/bin/git config --local --unset includeif.gitdir:/github/workspace/.git.path \/github\/runner_temp\/git\-credentials\-9560c0d8\-9840\-4802\-8795\-95c608dcdd20\.config
simulation (ubuntu-latest)	Post Run actions/checkout@3d3c42e5aac5ba805825da76410c181273ba90b1	2026-10-06T10:06:20.0841034Z [command]/usr/bin/git config --local --get-all includeif.gitdir:/github/workspace/.git/worktrees/*.path
simulation (ubuntu-latest)	Post Run actions/checkout@3d3c42e5aac5ba805825da76410c181273ba90b1	2026-10-06T10:06:20.0861872Z /github/runner_temp/git-credentials-9560c0d8-9840-4802-8795-95c608dcdd20.config
simulation (ubuntu-latest)	Post Run actions/checkout@3d3c42e5aac5ba805825da76410c181273ba90b1	2026-10-06T10:06:20.0872528Z [command]/usr/bin/git config --local --unset includeif.gitdir:/github/workspace/.git/worktrees/*.path \/github\/runner_temp\/git\-credentials\-9560c0d8\-9840\-4802\-8795\-95c608dcdd20\.config
simulation (ubuntu-latest)	Post Run actions/checkout@3d3c42e5aac5ba805825da76410c181273ba90b1	2026-10-06T10:06:20.0909660Z [command]/usr/bin/git submodule foreach --recursive git config --local --show-origin --name-only --get-regexp remote.origin.url
simulation (ubuntu-latest)	Post Run actions/checkout@3d3c42e5aac5ba805825da76410c181273ba90b1	2026-10-06T10:06:20.1142396Z Removing credentials config '/home/runner/work/_temp/git-credentials-9560c0d8-9840-4802-8795-95c608dcdd20.config'
simulation (ubuntu-latest)	Complete job	﻿2026-10-06T10:06:20.1298202Z Cleaning up orphan processes
simulation (windows-latest)	Set up job	﻿2026-10-06T10:04:25.3337619Z Current runner version: '2.337.0'
simulation (windows-latest)	Set up job	2026-10-06T10:04:25.3383764Z ##[group]Runner Image Provisioner
simulation (windows-latest)	Set up job	2026-10-06T10:04:25.3384527Z Hosted Compute Agent
simulation (windows-latest)	Set up job	2026-10-06T10:04:25.3385270Z Version: 20260901.588
simulation (windows-latest)	Set up job	2026-10-06T10:04:25.3386015Z Commit: f88ec8081b781fac6c440065ac7ff9e710ce3d0b
simulation (windows-latest)	Set up job	2026-10-06T10:04:25.3386615Z Build Date: 2026-09-01T19:56:44Z
simulation (windows-latest)	Set up job	2026-10-06T10:04:25.3387256Z Worker ID: {21bb1feb-3224-4955-8920-83ce2a4f8179}
simulation (windows-latest)	Set up job	2026-10-06T10:04:25.3388035Z Azure Region: centralus
simulation (windows-latest)	Set up job	2026-10-06T10:04:25.3388612Z ##[endgroup]
simulation (windows-latest)	Set up job	2026-10-06T10:04:25.3390615Z ##[group]Operating System
simulation (windows-latest)	Set up job	2026-10-06T10:04:25.3391178Z Microsoft Windows Server 2025
simulation (windows-latest)	Set up job	2026-10-06T10:04:25.3391751Z 10.0.26100
simulation (windows-latest)	Set up job	2026-10-06T10:04:25.3392242Z Datacenter
simulation (windows-latest)	Set up job	2026-10-06T10:04:25.3392671Z ##[endgroup]
simulation (windows-latest)	Set up job	2026-10-06T10:04:25.3393244Z ##[group]Runner Image
simulation (windows-latest)	Set up job	2026-10-06T10:04:25.3393788Z Image: windows-2025-vs2026
simulation (windows-latest)	Set up job	2026-10-06T10:04:25.3394302Z Version: 20260925.250.1
simulation (windows-latest)	Set up job	2026-10-06T10:04:25.3395290Z Included Software: https://github.com/actions/runner-images/blob/win25-vs2026/20260925.250/images/windows/Windows2025-VS2026-Readme.md
simulation (windows-latest)	Set up job	2026-10-06T10:04:25.3397174Z Image Release: https://github.com/actions/runner-images/releases/tag/win25-vs2026%2F20260925.250
simulation (windows-latest)	Set up job	2026-10-06T10:04:25.3397983Z ##[endgroup]
simulation (windows-latest)	Set up job	2026-10-06T10:04:25.3398935Z ##[group]GITHUB_TOKEN Permissions
simulation (windows-latest)	Set up job	2026-10-06T10:04:25.3400892Z Contents: read
simulation (windows-latest)	Set up job	2026-10-06T10:04:25.3401394Z Metadata: read
simulation (windows-latest)	Set up job	2026-10-06T10:04:25.3401894Z ##[endgroup]
simulation (windows-latest)	Set up job	2026-10-06T10:04:25.3403659Z Secret source: Actions
simulation (windows-latest)	Set up job	2026-10-06T10:04:25.3404461Z Cache mode: write
simulation (windows-latest)	Set up job	2026-10-06T10:04:25.3405078Z Prepare workflow directory
simulation (windows-latest)	Set up job	2026-10-06T10:04:25.3731575Z Prepare all required actions
simulation (windows-latest)	Set up job	2026-10-06T10:04:25.3774306Z Getting action download info
simulation (windows-latest)	Set up job	2026-10-06T10:04:25.6073198Z Download action repository 'actions/checkout@3d3c42e5aac5ba805825da76410c181273ba90b1' (SHA:3d3c42e5aac5ba805825da76410c181273ba90b1)
simulation (windows-latest)	Set up job	2026-10-06T10:04:25.7272535Z Download action repository 'actions/setup-python@5fda3b95a4ea91299a34e894583c3862153e4b97' (SHA:5fda3b95a4ea91299a34e894583c3862153e4b97)
simulation (windows-latest)	Set up job	2026-10-06T10:04:25.9145905Z Download action repository 'actions/upload-artifact@043fb46d1a93c77aae656e7c1c64a875d1fc6a0a' (SHA:043fb46d1a93c77aae656e7c1c64a875d1fc6a0a)
simulation (windows-latest)	Set up job	2026-10-06T10:04:26.1355134Z Complete job name: simulation (windows-latest)
simulation (windows-latest)	Run actions/checkout@3d3c42e5aac5ba805825da76410c181273ba90b1	﻿2026-10-06T10:04:26.3041856Z ##[group]Run actions/checkout@3d3c42e5aac5ba805825da76410c181273ba90b1
simulation (windows-latest)	Run actions/checkout@3d3c42e5aac5ba805825da76410c181273ba90b1	2026-10-06T10:04:26.3043443Z with:
simulation (windows-latest)	Run actions/checkout@3d3c42e5aac5ba805825da76410c181273ba90b1	2026-10-06T10:04:26.3043917Z   repository: peppone-choi/OpenHOI4
simulation (windows-latest)	Run actions/checkout@3d3c42e5aac5ba805825da76410c181273ba90b1	2026-10-06T10:04:26.3047786Z   token: ***
simulation (windows-latest)	Run actions/checkout@3d3c42e5aac5ba805825da76410c181273ba90b1	2026-10-06T10:04:26.3048213Z   ssh-strict: true
simulation (windows-latest)	Run actions/checkout@3d3c42e5aac5ba805825da76410c181273ba90b1	2026-10-06T10:04:26.3048642Z   ssh-user: git
simulation (windows-latest)	Run actions/checkout@3d3c42e5aac5ba805825da76410c181273ba90b1	2026-10-06T10:04:26.3049100Z   persist-credentials: true
simulation (windows-latest)	Run actions/checkout@3d3c42e5aac5ba805825da76410c181273ba90b1	2026-10-06T10:04:26.3049593Z   clean: true
simulation (windows-latest)	Run actions/checkout@3d3c42e5aac5ba805825da76410c181273ba90b1	2026-10-06T10:04:26.3050052Z   sparse-checkout-cone-mode: true
simulation (windows-latest)	Run actions/checkout@3d3c42e5aac5ba805825da76410c181273ba90b1	2026-10-06T10:04:26.3050646Z   fetch-depth: 1
simulation (windows-latest)	Run actions/checkout@3d3c42e5aac5ba805825da76410c181273ba90b1	2026-10-06T10:04:26.3051094Z   fetch-tags: false
simulation (windows-latest)	Run actions/checkout@3d3c42e5aac5ba805825da76410c181273ba90b1	2026-10-06T10:04:26.3051538Z   show-progress: true
simulation (windows-latest)	Run actions/checkout@3d3c42e5aac5ba805825da76410c181273ba90b1	2026-10-06T10:04:26.3052015Z   lfs: false
simulation (windows-latest)	Run actions/checkout@3d3c42e5aac5ba805825da76410c181273ba90b1	2026-10-06T10:04:26.3052437Z   submodules: false
simulation (windows-latest)	Run actions/checkout@3d3c42e5aac5ba805825da76410c181273ba90b1	2026-10-06T10:04:26.3052934Z   set-safe-directory: true
simulation (windows-latest)	Run actions/checkout@3d3c42e5aac5ba805825da76410c181273ba90b1	2026-10-06T10:04:26.3053903Z   allow-unsafe-pr-checkout: false
simulation (windows-latest)	Run actions/checkout@3d3c42e5aac5ba805825da76410c181273ba90b1	2026-10-06T10:04:26.3054763Z ##[endgroup]
simulation (windows-latest)	Run actions/checkout@3d3c42e5aac5ba805825da76410c181273ba90b1	2026-10-06T10:04:26.4420882Z Syncing repository: peppone-choi/OpenHOI4
simulation (windows-latest)	Run actions/checkout@3d3c42e5aac5ba805825da76410c181273ba90b1	2026-10-06T10:04:26.4422634Z ##[group]Getting Git version info
simulation (windows-latest)	Run actions/checkout@3d3c42e5aac5ba805825da76410c181273ba90b1	2026-10-06T10:04:26.4423857Z Working directory is 'D:\a\OpenHOI4\OpenHOI4'
simulation (windows-latest)	Run actions/checkout@3d3c42e5aac5ba805825da76410c181273ba90b1	2026-10-06T10:04:26.5160207Z [command]"C:\Program Files\Git\bin\git.exe" version
simulation (windows-latest)	Run actions/checkout@3d3c42e5aac5ba805825da76410c181273ba90b1	2026-10-06T10:04:26.8488887Z git version 2.55.0.windows.5
simulation (windows-latest)	Run actions/checkout@3d3c42e5aac5ba805825da76410c181273ba90b1	2026-10-06T10:04:26.8525544Z ##[endgroup]
simulation (windows-latest)	Run actions/checkout@3d3c42e5aac5ba805825da76410c181273ba90b1	2026-10-06T10:04:26.8543247Z Temporarily overriding HOME='D:\a\_temp\a60aa5c6-e3e2-4412-9379-f30b05e76e13' before making global git config changes
simulation (windows-latest)	Run actions/checkout@3d3c42e5aac5ba805825da76410c181273ba90b1	2026-10-06T10:04:26.8544864Z Adding repository directory to the temporary git global config as a safe directory
simulation (windows-latest)	Run actions/checkout@3d3c42e5aac5ba805825da76410c181273ba90b1	2026-10-06T10:04:26.8552286Z [command]"C:\Program Files\Git\bin\git.exe" config --global --add safe.directory D:\a\OpenHOI4\OpenHOI4
simulation (windows-latest)	Run actions/checkout@3d3c42e5aac5ba805825da76410c181273ba90b1	2026-10-06T10:04:26.9175415Z Deleting the contents of 'D:\a\OpenHOI4\OpenHOI4'
simulation (windows-latest)	Run actions/checkout@3d3c42e5aac5ba805825da76410c181273ba90b1	2026-10-06T10:04:26.9180287Z ##[group]Determining repository object format
simulation (windows-latest)	Run actions/checkout@3d3c42e5aac5ba805825da76410c181273ba90b1	2026-10-06T10:04:26.9182580Z ##[endgroup]
simulation (windows-latest)	Run actions/checkout@3d3c42e5aac5ba805825da76410c181273ba90b1	2026-10-06T10:04:26.9183772Z ##[group]Initializing the repository
simulation (windows-latest)	Run actions/checkout@3d3c42e5aac5ba805825da76410c181273ba90b1	2026-10-06T10:04:26.9191828Z [command]"C:\Program Files\Git\bin\git.exe" init D:\a\OpenHOI4\OpenHOI4
simulation (windows-latest)	Run actions/checkout@3d3c42e5aac5ba805825da76410c181273ba90b1	2026-10-06T10:04:26.9960157Z Initialized empty Git repository in D:/a/OpenHOI4/OpenHOI4/.git/
simulation (windows-latest)	Run actions/checkout@3d3c42e5aac5ba805825da76410c181273ba90b1	2026-10-06T10:04:27.0008321Z [command]"C:\Program Files\Git\bin\git.exe" remote add origin https://github.com/peppone-choi/OpenHOI4
simulation (windows-latest)	Run actions/checkout@3d3c42e5aac5ba805825da76410c181273ba90b1	2026-10-06T10:04:27.0566725Z ##[endgroup]
simulation (windows-latest)	Run actions/checkout@3d3c42e5aac5ba805825da76410c181273ba90b1	2026-10-06T10:04:27.0567736Z ##[group]Disabling automatic garbage collection
simulation (windows-latest)	Run actions/checkout@3d3c42e5aac5ba805825da76410c181273ba90b1	2026-10-06T10:04:27.0574473Z [command]"C:\Program Files\Git\bin\git.exe" config --local gc.auto 0
simulation (windows-latest)	Run actions/checkout@3d3c42e5aac5ba805825da76410c181273ba90b1	2026-10-06T10:04:27.0839948Z ##[endgroup]
simulation (windows-latest)	Run actions/checkout@3d3c42e5aac5ba805825da76410c181273ba90b1	2026-10-06T10:04:27.0840848Z ##[group]Setting up auth
simulation (windows-latest)	Run actions/checkout@3d3c42e5aac5ba805825da76410c181273ba90b1	2026-10-06T10:04:27.0841491Z Removing SSH command configuration
simulation (windows-latest)	Run actions/checkout@3d3c42e5aac5ba805825da76410c181273ba90b1	2026-10-06T10:04:27.0849377Z [command]"C:\Program Files\Git\bin\git.exe" config --local --name-only --get-regexp core\.sshCommand
simulation (windows-latest)	Run actions/checkout@3d3c42e5aac5ba805825da76410c181273ba90b1	2026-10-06T10:04:27.1132964Z [command]"C:\Program Files\Git\bin\git.exe" submodule foreach --recursive "sh -c \"git config --local --name-only --get-regexp 'core\.sshCommand' && git config --local --unset-all 'core.sshCommand' || :\""
simulation (windows-latest)	Run actions/checkout@3d3c42e5aac5ba805825da76410c181273ba90b1	2026-10-06T10:04:28.4160143Z Removing HTTP extra header
simulation (windows-latest)	Run actions/checkout@3d3c42e5aac5ba805825da76410c181273ba90b1	2026-10-06T10:04:28.4174639Z [command]"C:\Program Files\Git\bin\git.exe" config --local --name-only --get-regexp http\.https\:\/\/github\.com\/\.extraheader
simulation (windows-latest)	Run actions/checkout@3d3c42e5aac5ba805825da76410c181273ba90b1	2026-10-06T10:04:28.4449265Z [command]"C:\Program Files\Git\bin\git.exe" submodule foreach --recursive "sh -c \"git config --local --name-only --get-regexp 'http\.https\:\/\/github\.com\/\.extraheader' && git config --local --unset-all 'http.https://github.com/.extraheader' || :\""
simulation (windows-latest)	Run actions/checkout@3d3c42e5aac5ba805825da76410c181273ba90b1	2026-10-06T10:04:28.9602059Z Removing includeIf entries pointing to credentials config files
simulation (windows-latest)	Run actions/checkout@3d3c42e5aac5ba805825da76410c181273ba90b1	2026-10-06T10:04:28.9612730Z [command]"C:\Program Files\Git\bin\git.exe" config --local --name-only --get-regexp ^includeIf\.gitdir:
simulation (windows-latest)	Run actions/checkout@3d3c42e5aac5ba805825da76410c181273ba90b1	2026-10-06T10:04:28.9883469Z [command]"C:\Program Files\Git\bin\git.exe" submodule foreach --recursive "git config --local --show-origin --name-only --get-regexp remote.origin.url"
simulation (windows-latest)	Run actions/checkout@3d3c42e5aac5ba805825da76410c181273ba90b1	2026-10-06T10:04:29.5159546Z [command]"C:\Program Files\Git\bin\git.exe" config --file D:\a\_temp\git-credentials-7da54543-bb49-48e8-adbd-6cb745b4dddd.config http.https://github.com/.extraheader "AUTHORIZATION: basic ***"
simulation (windows-latest)	Run actions/checkout@3d3c42e5aac5ba805825da76410c181273ba90b1	2026-10-06T10:04:29.5437597Z [command]"C:\Program Files\Git\bin\git.exe" config --local includeIf.gitdir:D:/a/OpenHOI4/OpenHOI4/.git.path D:\a\_temp\git-credentials-7da54543-bb49-48e8-adbd-6cb745b4dddd.config
simulation (windows-latest)	Run actions/checkout@3d3c42e5aac5ba805825da76410c181273ba90b1	2026-10-06T10:04:29.5714095Z [command]"C:\Program Files\Git\bin\git.exe" config --local includeIf.gitdir:D:/a/OpenHOI4/OpenHOI4/.git/worktrees/*.path D:\a\_temp\git-credentials-7da54543-bb49-48e8-adbd-6cb745b4dddd.config
simulation (windows-latest)	Run actions/checkout@3d3c42e5aac5ba805825da76410c181273ba90b1	2026-10-06T10:04:29.6071884Z [command]"C:\Program Files\Git\bin\git.exe" config --local includeIf.gitdir:/github/workspace/.git.path /github/runner_temp/git-credentials-7da54543-bb49-48e8-adbd-6cb745b4dddd.config
simulation (windows-latest)	Run actions/checkout@3d3c42e5aac5ba805825da76410c181273ba90b1	2026-10-06T10:04:29.6378743Z [command]"C:\Program Files\Git\bin\git.exe" config --local includeIf.gitdir:/github/workspace/.git/worktrees/*.path /github/runner_temp/git-credentials-7da54543-bb49-48e8-adbd-6cb745b4dddd.config
simulation (windows-latest)	Run actions/checkout@3d3c42e5aac5ba805825da76410c181273ba90b1	2026-10-06T10:04:29.6667151Z ##[endgroup]
simulation (windows-latest)	Run actions/checkout@3d3c42e5aac5ba805825da76410c181273ba90b1	2026-10-06T10:04:29.6668040Z ##[group]Fetching the repository
simulation (windows-latest)	Run actions/checkout@3d3c42e5aac5ba805825da76410c181273ba90b1	2026-10-06T10:04:29.6678330Z [command]"C:\Program Files\Git\bin\git.exe" -c protocol.version=2 fetch --no-tags --prune --no-recurse-submodules --depth=1 origin +f12b30345c7255bdceb4d0e6b32405f5c48dd5b6:refs/remotes/origin/main
simulation (windows-latest)	Run actions/checkout@3d3c42e5aac5ba805825da76410c181273ba90b1	2026-10-06T10:04:30.9883222Z From https://github.com/peppone-choi/OpenHOI4
simulation (windows-latest)	Run actions/checkout@3d3c42e5aac5ba805825da76410c181273ba90b1	2026-10-06T10:04:30.9885078Z  * [new ref]         f12b30345c7255bdceb4d0e6b32405f5c48dd5b6 -> origin/main
simulation (windows-latest)	Run actions/checkout@3d3c42e5aac5ba805825da76410c181273ba90b1	2026-10-06T10:04:30.9941413Z [command]"C:\Program Files\Git\bin\git.exe" branch --list --remote origin/main
simulation (windows-latest)	Run actions/checkout@3d3c42e5aac5ba805825da76410c181273ba90b1	2026-10-06T10:04:31.0286189Z   origin/main
simulation (windows-latest)	Run actions/checkout@3d3c42e5aac5ba805825da76410c181273ba90b1	2026-10-06T10:04:31.0330214Z [command]"C:\Program Files\Git\bin\git.exe" rev-parse refs/remotes/origin/main
simulation (windows-latest)	Run actions/checkout@3d3c42e5aac5ba805825da76410c181273ba90b1	2026-10-06T10:04:31.0580947Z f12b30345c7255bdceb4d0e6b32405f5c48dd5b6
simulation (windows-latest)	Run actions/checkout@3d3c42e5aac5ba805825da76410c181273ba90b1	2026-10-06T10:04:31.0614423Z ##[endgroup]
simulation (windows-latest)	Run actions/checkout@3d3c42e5aac5ba805825da76410c181273ba90b1	2026-10-06T10:04:31.0615046Z ##[group]Determining the checkout info
simulation (windows-latest)	Run actions/checkout@3d3c42e5aac5ba805825da76410c181273ba90b1	2026-10-06T10:04:31.0615709Z ##[endgroup]
simulation (windows-latest)	Run actions/checkout@3d3c42e5aac5ba805825da76410c181273ba90b1	2026-10-06T10:04:31.0623995Z [command]"C:\Program Files\Git\bin\git.exe" sparse-checkout disable
simulation (windows-latest)	Run actions/checkout@3d3c42e5aac5ba805825da76410c181273ba90b1	2026-10-06T10:04:31.1012323Z [command]"C:\Program Files\Git\bin\git.exe" config --local --unset-all extensions.worktreeConfig
simulation (windows-latest)	Run actions/checkout@3d3c42e5aac5ba805825da76410c181273ba90b1	2026-10-06T10:04:31.1284269Z ##[group]Checking out the ref
simulation (windows-latest)	Run actions/checkout@3d3c42e5aac5ba805825da76410c181273ba90b1	2026-10-06T10:04:31.1291864Z [command]"C:\Program Files\Git\bin\git.exe" checkout --progress --force -B main refs/remotes/origin/main
simulation (windows-latest)	Run actions/checkout@3d3c42e5aac5ba805825da76410c181273ba90b1	2026-10-06T10:04:31.2855015Z Switched to a new branch 'main'
simulation (windows-latest)	Run actions/checkout@3d3c42e5aac5ba805825da76410c181273ba90b1	2026-10-06T10:04:31.2909761Z branch 'main' set up to track 'origin/main'.
simulation (windows-latest)	Run actions/checkout@3d3c42e5aac5ba805825da76410c181273ba90b1	2026-10-06T10:04:31.2968738Z ##[endgroup]
simulation (windows-latest)	Run actions/checkout@3d3c42e5aac5ba805825da76410c181273ba90b1	2026-10-06T10:04:31.3350200Z [command]"C:\Program Files\Git\bin\git.exe" log -1 --format=%H
simulation (windows-latest)	Run actions/checkout@3d3c42e5aac5ba805825da76410c181273ba90b1	2026-10-06T10:04:31.3605402Z f12b30345c7255bdceb4d0e6b32405f5c48dd5b6
simulation (windows-latest)	Run actions/setup-python@5fda3b95a4ea91299a34e894583c3862153e4b97	﻿2026-10-06T10:04:31.4104720Z ##[group]Run actions/setup-python@5fda3b95a4ea91299a34e894583c3862153e4b97
simulation (windows-latest)	Run actions/setup-python@5fda3b95a4ea91299a34e894583c3862153e4b97	2026-10-06T10:04:31.4105634Z with:
simulation (windows-latest)	Run actions/setup-python@5fda3b95a4ea91299a34e894583c3862153e4b97	2026-10-06T10:04:31.4106021Z   python-version: 3.11
simulation (windows-latest)	Run actions/setup-python@5fda3b95a4ea91299a34e894583c3862153e4b97	2026-10-06T10:04:31.4106441Z   check-latest: false
simulation (windows-latest)	Run actions/setup-python@5fda3b95a4ea91299a34e894583c3862153e4b97	2026-10-06T10:04:31.4109683Z   token: ***
simulation (windows-latest)	Run actions/setup-python@5fda3b95a4ea91299a34e894583c3862153e4b97	2026-10-06T10:04:31.4110023Z   update-environment: true
simulation (windows-latest)	Run actions/setup-python@5fda3b95a4ea91299a34e894583c3862153e4b97	2026-10-06T10:04:31.4110453Z   allow-prereleases: false
simulation (windows-latest)	Run actions/setup-python@5fda3b95a4ea91299a34e894583c3862153e4b97	2026-10-06T10:04:31.4110790Z   freethreaded: false
simulation (windows-latest)	Run actions/setup-python@5fda3b95a4ea91299a34e894583c3862153e4b97	2026-10-06T10:04:31.4111120Z ##[endgroup]
simulation (windows-latest)	Run actions/setup-python@5fda3b95a4ea91299a34e894583c3862153e4b97	2026-10-06T10:04:31.5558434Z ##[group]Installed versions
simulation (windows-latest)	Run actions/setup-python@5fda3b95a4ea91299a34e894583c3862153e4b97	2026-10-06T10:04:31.5727203Z Successfully set up CPython (3.11.9)
simulation (windows-latest)	Run actions/setup-python@5fda3b95a4ea91299a34e894583c3862153e4b97	2026-10-06T10:04:31.5729146Z ##[endgroup]
simulation (windows-latest)	Install pinned Rust toolchain	﻿2026-10-06T10:04:31.6029797Z ##[group]Run rustup toolchain install 1.99.0 --profile minimal --component rustfmt --component clippy
simulation (windows-latest)	Install pinned Rust toolchain	2026-10-06T10:04:31.6030820Z [36;1mrustup toolchain install 1.99.0 --profile minimal --component rustfmt --component clippy[0m
simulation (windows-latest)	Install pinned Rust toolchain	2026-10-06T10:04:31.6568206Z shell: C:\Program Files\PowerShell\7\pwsh.EXE -command ". '{0}'"
simulation (windows-latest)	Install pinned Rust toolchain	2026-10-06T10:04:31.6568706Z env:
simulation (windows-latest)	Install pinned Rust toolchain	2026-10-06T10:04:31.6569128Z   pythonLocation: C:\hostedtoolcache\windows\Python\3.11.9\x64
simulation (windows-latest)	Install pinned Rust toolchain	2026-10-06T10:04:31.6570061Z   PKG_CONFIG_PATH: C:\hostedtoolcache\windows\Python\3.11.9\x64/lib/pkgconfig
simulation (windows-latest)	Install pinned Rust toolchain	2026-10-06T10:04:31.6570604Z   Python_ROOT_DIR: C:\hostedtoolcache\windows\Python\3.11.9\x64
simulation (windows-latest)	Install pinned Rust toolchain	2026-10-06T10:04:31.6571121Z   Python2_ROOT_DIR: C:\hostedtoolcache\windows\Python\3.11.9\x64
simulation (windows-latest)	Install pinned Rust toolchain	2026-10-06T10:04:31.6571647Z   Python3_ROOT_DIR: C:\hostedtoolcache\windows\Python\3.11.9\x64
simulation (windows-latest)	Install pinned Rust toolchain	2026-10-06T10:04:31.6572054Z ##[endgroup]
simulation (windows-latest)	Install pinned Rust toolchain	2026-10-06T10:04:32.5632620Z info: syncing channel updates for 1.99.0-x86_64-pc-windows-msvc
simulation (windows-latest)	Install pinned Rust toolchain	2026-10-06T10:04:33.1756720Z info: latest update on 2026-10-01 for version 1.99.0 (b940084d7 2026-09-28)
simulation (windows-latest)	Install pinned Rust toolchain	2026-10-06T10:04:33.1849704Z info: downloading 5 components
simulation (windows-latest)	Install pinned Rust toolchain	2026-10-06T10:04:47.2541117Z
simulation (windows-latest)	Install pinned Rust toolchain	2026-10-06T10:04:47.2862953Z   1.99.0-x86_64-pc-windows-msvc installed - rustc 1.99.0 (b940084d7 2026-09-28)
simulation (windows-latest)	Install pinned Rust toolchain	2026-10-06T10:04:47.2863546Z
simulation (windows-latest)	Run cargo fmt --check	﻿2026-10-06T10:04:47.3954652Z ##[group]Run cargo fmt --check
simulation (windows-latest)	Run cargo fmt --check	2026-10-06T10:04:47.3955102Z [36;1mcargo fmt --check[0m
simulation (windows-latest)	Run cargo fmt --check	2026-10-06T10:04:47.4017250Z shell: C:\Program Files\PowerShell\7\pwsh.EXE -command ". '{0}'"
simulation (windows-latest)	Run cargo fmt --check	2026-10-06T10:04:47.4017736Z env:
simulation (windows-latest)	Run cargo fmt --check	2026-10-06T10:04:47.4018079Z   pythonLocation: C:\hostedtoolcache\windows\Python\3.11.9\x64
simulation (windows-latest)	Run cargo fmt --check	2026-10-06T10:04:47.4018546Z   PKG_CONFIG_PATH: C:\hostedtoolcache\windows\Python\3.11.9\x64/lib/pkgconfig
simulation (windows-latest)	Run cargo fmt --check	2026-10-06T10:04:47.4019041Z   Python_ROOT_DIR: C:\hostedtoolcache\windows\Python\3.11.9\x64
simulation (windows-latest)	Run cargo fmt --check	2026-10-06T10:04:47.4019451Z   Python2_ROOT_DIR: C:\hostedtoolcache\windows\Python\3.11.9\x64
simulation (windows-latest)	Run cargo fmt --check	2026-10-06T10:04:47.4019924Z   Python3_ROOT_DIR: C:\hostedtoolcache\windows\Python\3.11.9\x64
simulation (windows-latest)	Run cargo fmt --check	2026-10-06T10:04:47.4020303Z ##[endgroup]
simulation (windows-latest)	Run cargo clippy -p oh_sim -p oh_cli --all-targets --locked -- -D warnings	﻿2026-10-06T10:04:49.1529941Z ##[group]Run cargo clippy -p oh_sim -p oh_cli --all-targets --locked -- -D warnings
simulation (windows-latest)	Run cargo clippy -p oh_sim -p oh_cli --all-targets --locked -- -D warnings	2026-10-06T10:04:49.1531019Z [36;1mcargo clippy -p oh_sim -p oh_cli --all-targets --locked -- -D warnings[0m
simulation (windows-latest)	Run cargo clippy -p oh_sim -p oh_cli --all-targets --locked -- -D warnings	2026-10-06T10:04:49.1590601Z shell: C:\Program Files\PowerShell\7\pwsh.EXE -command ". '{0}'"
simulation (windows-latest)	Run cargo clippy -p oh_sim -p oh_cli --all-targets --locked -- -D warnings	2026-10-06T10:04:49.1591420Z env:
simulation (windows-latest)	Run cargo clippy -p oh_sim -p oh_cli --all-targets --locked -- -D warnings	2026-10-06T10:04:49.1591967Z   pythonLocation: C:\hostedtoolcache\windows\Python\3.11.9\x64
simulation (windows-latest)	Run cargo clippy -p oh_sim -p oh_cli --all-targets --locked -- -D warnings	2026-10-06T10:04:49.1592774Z   PKG_CONFIG_PATH: C:\hostedtoolcache\windows\Python\3.11.9\x64/lib/pkgconfig
simulation (windows-latest)	Run cargo clippy -p oh_sim -p oh_cli --all-targets --locked -- -D warnings	2026-10-06T10:04:49.1593273Z   Python_ROOT_DIR: C:\hostedtoolcache\windows\Python\3.11.9\x64
simulation (windows-latest)	Run cargo clippy -p oh_sim -p oh_cli --all-targets --locked -- -D warnings	2026-10-06T10:04:49.1593710Z   Python2_ROOT_DIR: C:\hostedtoolcache\windows\Python\3.11.9\x64
simulation (windows-latest)	Run cargo clippy -p oh_sim -p oh_cli --all-targets --locked -- -D warnings	2026-10-06T10:04:49.1594137Z   Python3_ROOT_DIR: C:\hostedtoolcache\windows\Python\3.11.9\x64
simulation (windows-latest)	Run cargo clippy -p oh_sim -p oh_cli --all-targets --locked -- -D warnings	2026-10-06T10:04:49.1594513Z ##[endgroup]
simulation (windows-latest)	Run cargo clippy -p oh_sim -p oh_cli --all-targets --locked -- -D warnings	2026-10-06T10:04:50.0662437Z     Updating crates.io index
simulation (windows-latest)	Run cargo clippy -p oh_sim -p oh_cli --all-targets --locked -- -D warnings	2026-10-06T10:04:50.5639756Z  Downloading crates ...
simulation (windows-latest)	Run cargo clippy -p oh_sim -p oh_cli --all-targets --locked -- -D warnings	2026-10-06T10:04:50.9532043Z   Downloaded half v2.7.1
simulation (windows-latest)	Run cargo clippy -p oh_sim -p oh_cli --all-targets --locked -- -D warnings	2026-10-06T10:04:50.9765324Z   Downloaded equivalent v1.0.2
simulation (windows-latest)	Run cargo clippy -p oh_sim -p oh_cli --all-targets --locked -- -D warnings	2026-10-06T10:04:50.9850638Z   Downloaded serde_spanned v1.1.1
simulation (windows-latest)	Run cargo clippy -p oh_sim -p oh_cli --all-targets --locked -- -D warnings	2026-10-06T10:04:50.9976746Z   Downloaded embedded-io v0.6.1
simulation (windows-latest)	Run cargo clippy -p oh_sim -p oh_cli --all-targets --locked -- -D warnings	2026-10-06T10:04:51.0084586Z   Downloaded ref-cast v1.0.27
simulation (windows-latest)	Run cargo clippy -p oh_sim -p oh_cli --all-targets --locked -- -D warnings	2026-10-06T10:04:51.0369465Z   Downloaded ref-cast-impl v1.0.27
simulation (windows-latest)	Run cargo clippy -p oh_sim -p oh_cli --all-targets --locked -- -D warnings	2026-10-06T10:04:51.0431781Z   Downloaded itoa v1.0.18
simulation (windows-latest)	Run cargo clippy -p oh_sim -p oh_cli --all-targets --locked -- -D warnings	2026-10-06T10:04:51.0558580Z   Downloaded cobs v0.3.0
simulation (windows-latest)	Run cargo clippy -p oh_sim -p oh_cli --all-targets --locked -- -D warnings	2026-10-06T10:04:51.0652291Z   Downloaded az v1.3.0
simulation (windows-latest)	Run cargo clippy -p oh_sim -p oh_cli --all-targets --locked -- -D warnings	2026-10-06T10:04:51.6661449Z   Downloaded cfg-if v1.0.5
simulation (windows-latest)	Run cargo clippy -p oh_sim -p oh_cli --all-targets --locked -- -D warnings	2026-10-06T10:04:51.6791731Z   Downloaded dyn-clone v1.0.20
simulation (windows-latest)	Run cargo clippy -p oh_sim -p oh_cli --all-targets --locked -- -D warnings	2026-10-06T10:04:51.6909073Z   Downloaded embedded-io v0.4.0
simulation (windows-latest)	Run cargo clippy -p oh_sim -p oh_cli --all-targets --locked -- -D warnings	2026-10-06T10:04:51.7069466Z   Downloaded rand_chacha v0.10.0
simulation (windows-latest)	Run cargo clippy -p oh_sim -p oh_cli --all-targets --locked -- -D warnings	2026-10-06T10:04:51.7156359Z   Downloaded rand_core v0.10.1
simulation (windows-latest)	Run cargo clippy -p oh_sim -p oh_cli --all-targets --locked -- -D warnings	2026-10-06T10:04:51.7283730Z   Downloaded toml_writer v1.1.2+spec-1.1.0
simulation (windows-latest)	Run cargo clippy -p oh_sim -p oh_cli --all-targets --locked -- -D warnings	2026-10-06T10:04:51.7409832Z   Downloaded zmij v1.0.23
simulation (windows-latest)	Run cargo clippy -p oh_sim -p oh_cli --all-targets --locked -- -D warnings	2026-10-06T10:04:51.7523235Z   Downloaded serde_derive_internals v0.30.0
simulation (windows-latest)	Run cargo clippy -p oh_sim -p oh_cli --all-targets --locked -- -D warnings	2026-10-06T10:04:51.7663115Z   Downloaded thiserror v2.0.21
simulation (windows-latest)	Run cargo clippy -p oh_sim -p oh_cli --all-targets --locked -- -D warnings	2026-10-06T10:04:51.8369695Z   Downloaded thiserror-impl v2.0.21
simulation (windows-latest)	Run cargo clippy -p oh_sim -p oh_cli --all-targets --locked -- -D warnings	2026-10-06T10:04:51.8543579Z   Downloaded quote v1.0.47
simulation (windows-latest)	Run cargo clippy -p oh_sim -p oh_cli --all-targets --locked -- -D warnings	2026-10-06T10:04:51.8746728Z   Downloaded schemars_derive v1.2.2
simulation (windows-latest)	Run cargo clippy -p oh_sim -p oh_cli --all-targets --locked -- -D warnings	2026-10-06T10:04:51.8936975Z   Downloaded toml_parser v1.1.3+spec-1.1.0
simulation (windows-latest)	Run cargo clippy -p oh_sim -p oh_cli --all-targets --locked -- -D warnings	2026-10-06T10:04:51.9082224Z   Downloaded semver v1.0.28
simulation (windows-latest)	Run cargo clippy -p oh_sim -p oh_cli --all-targets --locked -- -D warnings	2026-10-06T10:04:51.9280671Z   Downloaded toml_datetime v1.1.1+spec-1.1.0
simulation (windows-latest)	Run cargo clippy -p oh_sim -p oh_cli --all-targets --locked -- -D warnings	2026-10-06T10:04:51.9358352Z   Downloaded ppv-lite86 v0.2.21
simulation (windows-latest)	Run cargo clippy -p oh_sim -p oh_cli --all-targets --locked -- -D warnings	2026-10-06T10:04:51.9459780Z   Downloaded unicode-ident v1.0.26
simulation (windows-latest)	Run cargo clippy -p oh_sim -p oh_cli --all-targets --locked -- -D warnings	2026-10-06T10:04:51.9692601Z   Downloaded postcard v1.1.3
simulation (windows-latest)	Run cargo clippy -p oh_sim -p oh_cli --all-targets --locked -- -D warnings	2026-10-06T10:04:51.9841590Z   Downloaded proc-macro2 v1.0.107
simulation (windows-latest)	Run cargo clippy -p oh_sim -p oh_cli --all-targets --locked -- -D warnings	2026-10-06T10:04:52.0087643Z   Downloaded toml v1.1.6+spec-1.1.0
simulation (windows-latest)	Run cargo clippy -p oh_sim -p oh_cli --all-targets --locked -- -D warnings	2026-10-06T10:04:52.0409778Z   Downloaded serde_derive v1.0.229
simulation (windows-latest)	Run cargo clippy -p oh_sim -p oh_cli --all-targets --locked -- -D warnings	2026-10-06T10:04:52.0646563Z   Downloaded bytemuck v1.25.2
simulation (windows-latest)	Run cargo clippy -p oh_sim -p oh_cli --all-targets --locked -- -D warnings	2026-10-06T10:04:52.0908316Z   Downloaded schemars v1.2.2
simulation (windows-latest)	Run cargo clippy -p oh_sim -p oh_cli --all-targets --locked -- -D warnings	2026-10-06T10:04:52.2543017Z   Downloaded serde v1.0.229
simulation (windows-latest)	Run cargo clippy -p oh_sim -p oh_cli --all-targets --locked -- -D warnings	2026-10-06T10:04:52.2803821Z   Downloaded serde_core v1.0.229
simulation (windows-latest)	Run cargo clippy -p oh_sim -p oh_cli --all-targets --locked -- -D warnings	2026-10-06T10:04:52.3041150Z   Downloaded memchr v2.8.3
simulation (windows-latest)	Run cargo clippy -p oh_sim -p oh_cli --all-targets --locked -- -D warnings	2026-10-06T10:04:52.3519163Z   Downloaded indexmap v2.14.2
simulation (windows-latest)	Run cargo clippy -p oh_sim -p oh_cli --all-targets --locked -- -D warnings	2026-10-06T10:04:52.3853135Z   Downloaded typenum v1.20.1
simulation (windows-latest)	Run cargo clippy -p oh_sim -p oh_cli --all-targets --locked -- -D warnings	2026-10-06T10:04:52.4093950Z   Downloaded hashbrown v0.17.1
simulation (windows-latest)	Run cargo clippy -p oh_sim -p oh_cli --all-targets --locked -- -D warnings	2026-10-06T10:04:53.2072944Z   Downloaded zerocopy-derive v0.8.60
simulation (windows-latest)	Run cargo clippy -p oh_sim -p oh_cli --all-targets --locked -- -D warnings	2026-10-06T10:04:54.6638052Z   Downloaded winnow v1.0.4
simulation (windows-latest)	Run cargo clippy -p oh_sim -p oh_cli --all-targets --locked -- -D warnings	2026-10-06T10:04:54.7399432Z   Downloaded serde_json v1.0.151
simulation (windows-latest)	Run cargo clippy -p oh_sim -p oh_cli --all-targets --locked -- -D warnings	2026-10-06T10:04:54.8005130Z   Downloaded fixed v1.31.0
simulation (windows-latest)	Run cargo clippy -p oh_sim -p oh_cli --all-targets --locked -- -D warnings	2026-10-06T10:04:54.8411543Z   Downloaded syn v3.0.6
simulation (windows-latest)	Run cargo clippy -p oh_sim -p oh_cli --all-targets --locked -- -D warnings	2026-10-06T10:04:54.9122154Z   Downloaded syn v2.0.119
simulation (windows-latest)	Run cargo clippy -p oh_sim -p oh_cli --all-targets --locked -- -D warnings	2026-10-06T10:04:54.9862253Z   Downloaded zerocopy v0.8.60
simulation (windows-latest)	Run cargo clippy -p oh_sim -p oh_cli --all-targets --locked -- -D warnings	2026-10-06T10:04:55.3331704Z    Compiling proc-macro2 v1.0.107
simulation (windows-latest)	Run cargo clippy -p oh_sim -p oh_cli --all-targets --locked -- -D warnings	2026-10-06T10:04:55.3332898Z    Compiling quote v1.0.47
simulation (windows-latest)	Run cargo clippy -p oh_sim -p oh_cli --all-targets --locked -- -D warnings	2026-10-06T10:04:55.3333718Z    Compiling unicode-ident v1.0.26
simulation (windows-latest)	Run cargo clippy -p oh_sim -p oh_cli --all-targets --locked -- -D warnings	2026-10-06T10:04:55.3334238Z    Compiling serde_core v1.0.229
simulation (windows-latest)	Run cargo clippy -p oh_sim -p oh_cli --all-targets --locked -- -D warnings	2026-10-06T10:04:55.4408494Z    Compiling zerocopy v0.8.60
simulation (windows-latest)	Run cargo clippy -p oh_sim -p oh_cli --all-targets --locked -- -D warnings	2026-10-06T10:04:59.1400084Z    Compiling serde v1.0.229
simulation (windows-latest)	Run cargo clippy -p oh_sim -p oh_cli --all-targets --locked -- -D warnings	2026-10-06T10:04:59.1439789Z    Compiling thiserror v2.0.21
simulation (windows-latest)	Run cargo clippy -p oh_sim -p oh_cli --all-targets --locked -- -D warnings	2026-10-06T10:04:59.4788503Z    Compiling zmij v1.0.23
simulation (windows-latest)	Run cargo clippy -p oh_sim -p oh_cli --all-targets --locked -- -D warnings	2026-10-06T10:04:59.6032202Z    Compiling fixed v1.31.0
simulation (windows-latest)	Run cargo clippy -p oh_sim -p oh_cli --all-targets --locked -- -D warnings	2026-10-06T10:04:59.8416079Z    Compiling ref-cast v1.0.27
simulation (windows-latest)	Run cargo clippy -p oh_sim -p oh_cli --all-targets --locked -- -D warnings	2026-10-06T10:05:00.1971640Z    Compiling syn v3.0.6
simulation (windows-latest)	Run cargo clippy -p oh_sim -p oh_cli --all-targets --locked -- -D warnings	2026-10-06T10:05:00.2255692Z    Compiling syn v2.0.119
simulation (windows-latest)	Run cargo clippy -p oh_sim -p oh_cli --all-targets --locked -- -D warnings	2026-10-06T10:05:00.2538546Z    Compiling serde_json v1.0.151
simulation (windows-latest)	Run cargo clippy -p oh_sim -p oh_cli --all-targets --locked -- -D warnings	2026-10-06T10:05:00.4851115Z     Checking cfg-if v1.0.5
simulation (windows-latest)	Run cargo clippy -p oh_sim -p oh_cli --all-targets --locked -- -D warnings	2026-10-06T10:05:00.9097807Z     Checking az v1.3.0
simulation (windows-latest)	Run cargo clippy -p oh_sim -p oh_cli --all-targets --locked -- -D warnings	2026-10-06T10:05:01.5292158Z     Checking rand_core v0.10.1
simulation (windows-latest)	Run cargo clippy -p oh_sim -p oh_cli --all-targets --locked -- -D warnings	2026-10-06T10:05:01.6589526Z     Checking typenum v1.20.1
simulation (windows-latest)	Run cargo clippy -p oh_sim -p oh_cli --all-targets --locked -- -D warnings	2026-10-06T10:05:01.9071610Z     Checking winnow v1.0.4
simulation (windows-latest)	Run cargo clippy -p oh_sim -p oh_cli --all-targets --locked -- -D warnings	2026-10-06T10:05:02.2632334Z    Compiling serde_derive_internals v0.30.0
simulation (windows-latest)	Run cargo clippy -p oh_sim -p oh_cli --all-targets --locked -- -D warnings	2026-10-06T10:05:02.4874602Z     Checking memchr v2.8.3
simulation (windows-latest)	Run cargo clippy -p oh_sim -p oh_cli --all-targets --locked -- -D warnings	2026-10-06T10:05:02.9780515Z     Checking itoa v1.0.18
simulation (windows-latest)	Run cargo clippy -p oh_sim -p oh_cli --all-targets --locked -- -D warnings	2026-10-06T10:05:03.1174984Z     Checking bytemuck v1.25.2
simulation (windows-latest)	Run cargo clippy -p oh_sim -p oh_cli --all-targets --locked -- -D warnings	2026-10-06T10:05:03.2374216Z    Compiling serde_derive v1.0.229
simulation (windows-latest)	Run cargo clippy -p oh_sim -p oh_cli --all-targets --locked -- -D warnings	2026-10-06T10:05:03.3012144Z    Compiling thiserror-impl v2.0.21
simulation (windows-latest)	Run cargo clippy -p oh_sim -p oh_cli --all-targets --locked -- -D warnings	2026-10-06T10:05:03.3588673Z    Compiling ref-cast-impl v1.0.27
simulation (windows-latest)	Run cargo clippy -p oh_sim -p oh_cli --all-targets --locked -- -D warnings	2026-10-06T10:05:03.9973603Z    Compiling schemars_derive v1.2.2
simulation (windows-latest)	Run cargo clippy -p oh_sim -p oh_cli --all-targets --locked -- -D warnings	2026-10-06T10:05:04.8905580Z     Checking cobs v0.3.0
simulation (windows-latest)	Run cargo clippy -p oh_sim -p oh_cli --all-targets --locked -- -D warnings	2026-10-06T10:05:04.9790805Z    Compiling zerocopy-derive v0.8.60
simulation (windows-latest)	Run cargo clippy -p oh_sim -p oh_cli --all-targets --locked -- -D warnings	2026-10-06T10:05:05.8114892Z     Checking toml_parser v1.1.3+spec-1.1.0
simulation (windows-latest)	Run cargo clippy -p oh_sim -p oh_cli --all-targets --locked -- -D warnings	2026-10-06T10:05:05.9870309Z     Checking serde_spanned v1.1.1
simulation (windows-latest)	Run cargo clippy -p oh_sim -p oh_cli --all-targets --locked -- -D warnings	2026-10-06T10:05:06.0855155Z     Checking toml_datetime v1.1.1+spec-1.1.0
simulation (windows-latest)	Run cargo clippy -p oh_sim -p oh_cli --all-targets --locked -- -D warnings	2026-10-06T10:05:06.1957930Z     Checking toml_writer v1.1.2+spec-1.1.0
simulation (windows-latest)	Run cargo clippy -p oh_sim -p oh_cli --all-targets --locked -- -D warnings	2026-10-06T10:05:06.2807714Z     Checking dyn-clone v1.0.20
simulation (windows-latest)	Run cargo clippy -p oh_sim -p oh_cli --all-targets --locked -- -D warnings	2026-10-06T10:05:06.3545110Z     Checking semver v1.0.28
simulation (windows-latest)	Run cargo clippy -p oh_sim -p oh_cli --all-targets --locked -- -D warnings	2026-10-06T10:05:06.3585714Z     Checking toml v1.1.6+spec-1.1.0
simulation (windows-latest)	Run cargo clippy -p oh_sim -p oh_cli --all-targets --locked -- -D warnings	2026-10-06T10:05:07.3170109Z     Checking postcard v1.1.3
simulation (windows-latest)	Run cargo clippy -p oh_sim -p oh_cli --all-targets --locked -- -D warnings	2026-10-06T10:05:07.3170959Z     Checking schemars v1.2.2
simulation (windows-latest)	Run cargo clippy -p oh_sim -p oh_cli --all-targets --locked -- -D warnings	2026-10-06T10:05:09.9656233Z     Checking ppv-lite86 v0.2.21
simulation (windows-latest)	Run cargo clippy -p oh_sim -p oh_cli --all-targets --locked -- -D warnings	2026-10-06T10:05:09.9657682Z     Checking half v2.7.1
simulation (windows-latest)	Run cargo clippy -p oh_sim -p oh_cli --all-targets --locked -- -D warnings	2026-10-06T10:05:10.2177469Z     Checking rand_chacha v0.10.0
simulation (windows-latest)	Run cargo clippy -p oh_sim -p oh_cli --all-targets --locked -- -D warnings	2026-10-06T10:05:16.0782942Z     Checking oh_core v0.1.0 (D:\a\OpenHOI4\OpenHOI4\crates\oh_core)
simulation (windows-latest)	Run cargo clippy -p oh_sim -p oh_cli --all-targets --locked -- -D warnings	2026-10-06T10:05:16.2233784Z     Checking oh_data v0.1.0 (D:\a\OpenHOI4\OpenHOI4\crates\oh_data)
simulation (windows-latest)	Run cargo clippy -p oh_sim -p oh_cli --all-targets --locked -- -D warnings	2026-10-06T10:05:16.4042370Z     Checking oh_sim v0.1.0 (D:\a\OpenHOI4\OpenHOI4\crates\oh_sim)
simulation (windows-latest)	Run cargo clippy -p oh_sim -p oh_cli --all-targets --locked -- -D warnings	2026-10-06T10:05:16.5500858Z     Checking oh_ai v0.1.0 (D:\a\OpenHOI4\OpenHOI4\crates\oh_ai)
simulation (windows-latest)	Run cargo clippy -p oh_sim -p oh_cli --all-targets --locked -- -D warnings	2026-10-06T10:05:16.5501733Z     Checking oh_save v0.1.0 (D:\a\OpenHOI4\OpenHOI4\crates\oh_save)
simulation (windows-latest)	Run cargo clippy -p oh_sim -p oh_cli --all-targets --locked -- -D warnings	2026-10-06T10:05:16.5970996Z     Checking oh_cli v0.1.0 (D:\a\OpenHOI4\OpenHOI4\crates\oh_cli)
simulation (windows-latest)	Run cargo clippy -p oh_sim -p oh_cli --all-targets --locked -- -D warnings	2026-10-06T10:05:16.8266303Z     Finished `dev` profile [unoptimized + debuginfo] target(s) in 26.81s
simulation (windows-latest)	Run cargo test -p oh_sim -p oh_cli --locked	﻿2026-10-06T10:05:16.9686328Z ##[group]Run cargo test -p oh_sim -p oh_cli --locked
simulation (windows-latest)	Run cargo test -p oh_sim -p oh_cli --locked	2026-10-06T10:05:16.9687198Z [36;1mcargo test -p oh_sim -p oh_cli --locked[0m
simulation (windows-latest)	Run cargo test -p oh_sim -p oh_cli --locked	2026-10-06T10:05:16.9745978Z shell: C:\Program Files\PowerShell\7\pwsh.EXE -command ". '{0}'"
simulation (windows-latest)	Run cargo test -p oh_sim -p oh_cli --locked	2026-10-06T10:05:16.9746529Z env:
simulation (windows-latest)	Run cargo test -p oh_sim -p oh_cli --locked	2026-10-06T10:05:16.9746872Z   pythonLocation: C:\hostedtoolcache\windows\Python\3.11.9\x64
simulation (windows-latest)	Run cargo test -p oh_sim -p oh_cli --locked	2026-10-06T10:05:16.9747635Z   PKG_CONFIG_PATH: C:\hostedtoolcache\windows\Python\3.11.9\x64/lib/pkgconfig
simulation (windows-latest)	Run cargo test -p oh_sim -p oh_cli --locked	2026-10-06T10:05:16.9748166Z   Python_ROOT_DIR: C:\hostedtoolcache\windows\Python\3.11.9\x64
simulation (windows-latest)	Run cargo test -p oh_sim -p oh_cli --locked	2026-10-06T10:05:16.9748643Z   Python2_ROOT_DIR: C:\hostedtoolcache\windows\Python\3.11.9\x64
simulation (windows-latest)	Run cargo test -p oh_sim -p oh_cli --locked	2026-10-06T10:05:16.9749085Z   Python3_ROOT_DIR: C:\hostedtoolcache\windows\Python\3.11.9\x64
simulation (windows-latest)	Run cargo test -p oh_sim -p oh_cli --locked	2026-10-06T10:05:16.9749476Z ##[endgroup]
simulation (windows-latest)	Run cargo test -p oh_sim -p oh_cli --locked	2026-10-06T10:05:17.4177788Z    Compiling serde_core v1.0.229
simulation (windows-latest)	Run cargo test -p oh_sim -p oh_cli --locked	2026-10-06T10:05:17.4184835Z    Compiling zerocopy v0.8.60
simulation (windows-latest)	Run cargo test -p oh_sim -p oh_cli --locked	2026-10-06T10:05:17.4192300Z    Compiling thiserror v2.0.21
simulation (windows-latest)	Run cargo test -p oh_sim -p oh_cli --locked	2026-10-06T10:05:17.4193581Z    Compiling cfg-if v1.0.5
simulation (windows-latest)	Run cargo test -p oh_sim -p oh_cli --locked	2026-10-06T10:05:17.4710566Z    Compiling zmij v1.0.23
simulation (windows-latest)	Run cargo test -p oh_sim -p oh_cli --locked	2026-10-06T10:05:17.5056081Z    Compiling cobs v0.3.0
simulation (windows-latest)	Run cargo test -p oh_sim -p oh_cli --locked	2026-10-06T10:05:17.7016399Z    Compiling az v1.3.0
simulation (windows-latest)	Run cargo test -p oh_sim -p oh_cli --locked	2026-10-06T10:05:17.8398249Z    Compiling bytemuck v1.25.2
simulation (windows-latest)	Run cargo test -p oh_sim -p oh_cli --locked	2026-10-06T10:05:18.0600232Z    Compiling winnow v1.0.4
simulation (windows-latest)	Run cargo test -p oh_sim -p oh_cli --locked	2026-10-06T10:05:18.5141092Z    Compiling typenum v1.20.1
simulation (windows-latest)	Run cargo test -p oh_sim -p oh_cli --locked	2026-10-06T10:05:19.1599615Z    Compiling memchr v2.8.3
simulation (windows-latest)	Run cargo test -p oh_sim -p oh_cli --locked	2026-10-06T10:05:19.4233064Z    Compiling itoa v1.0.18
simulation (windows-latest)	Run cargo test -p oh_sim -p oh_cli --locked	2026-10-06T10:05:19.6243055Z    Compiling rand_core v0.10.1
simulation (windows-latest)	Run cargo test -p oh_sim -p oh_cli --locked	2026-10-06T10:05:19.7672883Z    Compiling toml_parser v1.1.3+spec-1.1.0
simulation (windows-latest)	Run cargo test -p oh_sim -p oh_cli --locked	2026-10-06T10:05:20.1750950Z    Compiling serde v1.0.229
simulation (windows-latest)	Run cargo test -p oh_sim -p oh_cli --locked	2026-10-06T10:05:20.1972766Z    Compiling toml_datetime v1.1.1+spec-1.1.0
simulation (windows-latest)	Run cargo test -p oh_sim -p oh_cli --locked	2026-10-06T10:05:20.6093239Z    Compiling serde_json v1.0.151
simulation (windows-latest)	Run cargo test -p oh_sim -p oh_cli --locked	2026-10-06T10:05:20.8763559Z    Compiling postcard v1.1.3
simulation (windows-latest)	Run cargo test -p oh_sim -p oh_cli --locked	2026-10-06T10:05:20.9284077Z    Compiling serde_spanned v1.1.1
simulation (windows-latest)	Run cargo test -p oh_sim -p oh_cli --locked	2026-10-06T10:05:21.0514643Z    Compiling ref-cast v1.0.27
simulation (windows-latest)	Run cargo test -p oh_sim -p oh_cli --locked	2026-10-06T10:05:21.1248786Z    Compiling semver v1.0.28
simulation (windows-latest)	Run cargo test -p oh_sim -p oh_cli --locked	2026-10-06T10:05:21.2669424Z    Compiling toml_writer v1.1.2+spec-1.1.0
simulation (windows-latest)	Run cargo test -p oh_sim -p oh_cli --locked	2026-10-06T10:05:21.5242098Z    Compiling dyn-clone v1.0.20
simulation (windows-latest)	Run cargo test -p oh_sim -p oh_cli --locked	2026-10-06T10:05:21.5829696Z    Compiling toml v1.1.6+spec-1.1.0
simulation (windows-latest)	Run cargo test -p oh_sim -p oh_cli --locked	2026-10-06T10:05:21.6479446Z    Compiling schemars v1.2.2
simulation (windows-latest)	Run cargo test -p oh_sim -p oh_cli --locked	2026-10-06T10:05:22.3964097Z    Compiling half v2.7.1
simulation (windows-latest)	Run cargo test -p oh_sim -p oh_cli --locked	2026-10-06T10:05:22.4164678Z    Compiling ppv-lite86 v0.2.21
simulation (windows-latest)	Run cargo test -p oh_sim -p oh_cli --locked	2026-10-06T10:05:22.8352467Z    Compiling rand_chacha v0.10.0
simulation (windows-latest)	Run cargo test -p oh_sim -p oh_cli --locked	2026-10-06T10:05:22.8359091Z    Compiling fixed v1.31.0
simulation (windows-latest)	Run cargo test -p oh_sim -p oh_cli --locked	2026-10-06T10:05:29.7700991Z    Compiling oh_core v0.1.0 (D:\a\OpenHOI4\OpenHOI4\crates\oh_core)
simulation (windows-latest)	Run cargo test -p oh_sim -p oh_cli --locked	2026-10-06T10:05:29.9550355Z    Compiling oh_data v0.1.0 (D:\a\OpenHOI4\OpenHOI4\crates\oh_data)
simulation (windows-latest)	Run cargo test -p oh_sim -p oh_cli --locked	2026-10-06T10:05:30.1967127Z    Compiling oh_sim v0.1.0 (D:\a\OpenHOI4\OpenHOI4\crates\oh_sim)
simulation (windows-latest)	Run cargo test -p oh_sim -p oh_cli --locked	2026-10-06T10:05:30.4292352Z    Compiling oh_save v0.1.0 (D:\a\OpenHOI4\OpenHOI4\crates\oh_save)
simulation (windows-latest)	Run cargo test -p oh_sim -p oh_cli --locked	2026-10-06T10:05:30.4826920Z    Compiling oh_ai v0.1.0 (D:\a\OpenHOI4\OpenHOI4\crates\oh_ai)
simulation (windows-latest)	Run cargo test -p oh_sim -p oh_cli --locked	2026-10-06T10:05:30.5334864Z    Compiling oh_cli v0.1.0 (D:\a\OpenHOI4\OpenHOI4\crates\oh_cli)
simulation (windows-latest)	Run cargo test -p oh_sim -p oh_cli --locked	2026-10-06T10:05:31.8667698Z     Finished `test` profile [unoptimized + debuginfo] target(s) in 14.59s
simulation (windows-latest)	Run cargo test -p oh_sim -p oh_cli --locked	2026-10-06T10:05:31.8726126Z      Running unittests src\lib.rs (target\debug\deps\oh_cli-f02e6fce7c68841b.exe)
simulation (windows-latest)	Run cargo test -p oh_sim -p oh_cli --locked	2026-10-06T10:05:31.8825433Z
simulation (windows-latest)	Run cargo test -p oh_sim -p oh_cli --locked	2026-10-06T10:05:31.8826375Z running 0 tests
simulation (windows-latest)	Run cargo test -p oh_sim -p oh_cli --locked	2026-10-06T10:05:31.8826806Z
simulation (windows-latest)	Run cargo test -p oh_sim -p oh_cli --locked	2026-10-06T10:05:31.8827304Z test result: ok. 0 passed; 0 failed; 0 ignored; 0 measured; 0 filtered out; finished in 0.00s
simulation (windows-latest)	Run cargo test -p oh_sim -p oh_cli --locked	2026-10-06T10:05:31.8827883Z
simulation (windows-latest)	Run cargo test -p oh_sim -p oh_cli --locked	2026-10-06T10:05:31.8846521Z      Running unittests src\main.rs (target\debug\deps\oh_cli-42ee7b3d9c1bb341.exe)
simulation (windows-latest)	Run cargo test -p oh_sim -p oh_cli --locked	2026-10-06T10:05:31.8939887Z
simulation (windows-latest)	Run cargo test -p oh_sim -p oh_cli --locked	2026-10-06T10:05:31.8940421Z running 0 tests
simulation (windows-latest)	Run cargo test -p oh_sim -p oh_cli --locked	2026-10-06T10:05:31.8940678Z
simulation (windows-latest)	Run cargo test -p oh_sim -p oh_cli --locked	2026-10-06T10:05:31.8941117Z test result: ok. 0 passed; 0 failed; 0 ignored; 0 measured; 0 filtered out; finished in 0.00s
simulation (windows-latest)	Run cargo test -p oh_sim -p oh_cli --locked	2026-10-06T10:05:31.8941722Z
simulation (windows-latest)	Run cargo test -p oh_sim -p oh_cli --locked	2026-10-06T10:05:31.8957703Z      Running tests\run.rs (target\debug\deps\run-08818e241b5bf2de.exe)
simulation (windows-latest)	Run cargo test -p oh_sim -p oh_cli --locked	2026-10-06T10:05:31.9045962Z
simulation (windows-latest)	Run cargo test -p oh_sim -p oh_cli --locked	2026-10-06T10:05:31.9046388Z running 5 tests
simulation (windows-latest)	Run cargo test -p oh_sim -p oh_cli --locked	2026-10-06T10:05:31.9089783Z test library_loads_data_epoch_and_rejects_bad_or_nonempty_scenario ... ok
simulation (windows-latest)	Run cargo test -p oh_sim -p oh_cli --locked	2026-10-06T10:05:31.9187050Z test m0_load_boundary_and_help_identify_unique_self_contained_pack ... ok
simulation (windows-latest)	Run cargo test -p oh_sim -p oh_cli --locked	2026-10-06T10:05:31.9339031Z test req_gen_06_ac_m0_02_exact_ticks_and_repeated_hash ... ok
simulation (windows-latest)	Run cargo test -p oh_sim -p oh_cli --locked	2026-10-06T10:05:31.9474360Z test req_gen_06_days_path_is_exact_and_zero_ticks_stays_initial ... ok
simulation (windows-latest)	Run cargo test -p oh_sim -p oh_cli --locked	2026-10-06T10:05:31.9741272Z test cli_rejects_ambiguous_missing_invalid_and_unimplemented_inputs ... ok
simulation (windows-latest)	Run cargo test -p oh_sim -p oh_cli --locked	2026-10-06T10:05:31.9741665Z
simulation (windows-latest)	Run cargo test -p oh_sim -p oh_cli --locked	2026-10-06T10:05:31.9741995Z test result: ok. 5 passed; 0 failed; 0 ignored; 0 measured; 0 filtered out; finished in 0.07s
simulation (windows-latest)	Run cargo test -p oh_sim -p oh_cli --locked	2026-10-06T10:05:31.9742371Z
simulation (windows-latest)	Run cargo test -p oh_sim -p oh_cli --locked	2026-10-06T10:05:31.9760178Z      Running unittests src\lib.rs (target\debug\deps\oh_sim-24fcffcbecde2c4d.exe)
simulation (windows-latest)	Run cargo test -p oh_sim -p oh_cli --locked	2026-10-06T10:05:31.9843891Z
simulation (windows-latest)	Run cargo test -p oh_sim -p oh_cli --locked	2026-10-06T10:05:31.9844351Z running 0 tests
simulation (windows-latest)	Run cargo test -p oh_sim -p oh_cli --locked	2026-10-06T10:05:31.9844631Z
simulation (windows-latest)	Run cargo test -p oh_sim -p oh_cli --locked	2026-10-06T10:05:31.9845088Z test result: ok. 0 passed; 0 failed; 0 ignored; 0 measured; 0 filtered out; finished in 0.00s
simulation (windows-latest)	Run cargo test -p oh_sim -p oh_cli --locked	2026-10-06T10:05:31.9845614Z
simulation (windows-latest)	Run cargo test -p oh_sim -p oh_cli --locked	2026-10-06T10:05:31.9860493Z      Running tests\scheduler.rs (target\debug\deps\scheduler-ef51359a5cc92888.exe)
simulation (windows-latest)	Run cargo test -p oh_sim -p oh_cli --locked	2026-10-06T10:05:31.9949084Z
simulation (windows-latest)	Run cargo test -p oh_sim -p oh_cli --locked	2026-10-06T10:05:31.9949495Z running 8 tests
simulation (windows-latest)	Run cargo test -p oh_sim -p oh_cli --locked	2026-10-06T10:05:31.9956045Z test hash_includes_seed_config_and_pending_commands ... ok
simulation (windows-latest)	Run cargo test -p oh_sim -p oh_cli --locked	2026-10-06T10:05:31.9957466Z test overflow_preserves_state_and_queued_commands_and_pause_still_works ... ok
simulation (windows-latest)	Run cargo test -p oh_sim -p oh_cli --locked	2026-10-06T10:05:31.9959137Z test calendar_leap_year_and_year_boundaries ... ok
simulation (windows-latest)	Run cargo test -p oh_sim -p oh_cli --locked	2026-10-06T10:05:31.9961706Z test req_gen_05_commands_are_sorted_and_future_commands_wait ... ok
simulation (windows-latest)	Run cargo test -p oh_sim -p oh_cli --locked	2026-10-06T10:05:31.9962393Z test req_time_01_pause_resume_and_five_data_driven_speeds ... ok
simulation (windows-latest)	Run cargo test -p oh_sim -p oh_cli --locked	2026-10-06T10:05:31.9963158Z test req_time_02_tick_day_month_snapshot_order ... ok
simulation (windows-latest)	Run cargo test -p oh_sim -p oh_cli --locked	2026-10-06T10:05:31.9963645Z test time_defines_are_required_checked_and_change_host_pacing ... ok
simulation (windows-latest)	Run cargo test -p oh_sim -p oh_cli --locked	2026-10-06T10:05:31.9968899Z test req_gen_01_headless_state_and_hash_are_repeatable ... ok
simulation (windows-latest)	Run cargo test -p oh_sim -p oh_cli --locked	2026-10-06T10:05:31.9969249Z
simulation (windows-latest)	Run cargo test -p oh_sim -p oh_cli --locked	2026-10-06T10:05:31.9969510Z test result: ok. 8 passed; 0 failed; 0 ignored; 0 measured; 0 filtered out; finished in 0.00s
simulation (windows-latest)	Run cargo test -p oh_sim -p oh_cli --locked	2026-10-06T10:05:31.9969799Z
simulation (windows-latest)	Run cargo test -p oh_sim -p oh_cli --locked	2026-10-06T10:05:31.9984153Z    Doc-tests oh_cli
simulation (windows-latest)	Run cargo test -p oh_sim -p oh_cli --locked	2026-10-06T10:05:32.0488617Z
simulation (windows-latest)	Run cargo test -p oh_sim -p oh_cli --locked	2026-10-06T10:05:32.0489240Z running 0 tests
simulation (windows-latest)	Run cargo test -p oh_sim -p oh_cli --locked	2026-10-06T10:05:32.0489633Z
simulation (windows-latest)	Run cargo test -p oh_sim -p oh_cli --locked	2026-10-06T10:05:32.0490209Z test result: ok. 0 passed; 0 failed; 0 ignored; 0 measured; 0 filtered out; finished in 0.00s
simulation (windows-latest)	Run cargo test -p oh_sim -p oh_cli --locked	2026-10-06T10:05:32.0490799Z
simulation (windows-latest)	Run cargo test -p oh_sim -p oh_cli --locked	2026-10-06T10:05:32.0573379Z    Doc-tests oh_sim
simulation (windows-latest)	Run cargo test -p oh_sim -p oh_cli --locked	2026-10-06T10:05:32.1082230Z
simulation (windows-latest)	Run cargo test -p oh_sim -p oh_cli --locked	2026-10-06T10:05:32.1082865Z running 1 test
simulation (windows-latest)	Run cargo test -p oh_sim -p oh_cli --locked	2026-10-06T10:05:32.1652397Z test crates\oh_sim\src\lib.rs - State (line 64) - compile fail ... ok
simulation (windows-latest)	Run cargo test -p oh_sim -p oh_cli --locked	2026-10-06T10:05:32.1652830Z
simulation (windows-latest)	Run cargo test -p oh_sim -p oh_cli --locked	2026-10-06T10:05:32.1653084Z test result: ok. 1 passed; 0 failed; 0 ignored; 0 measured; 0 filtered out; finished in 0.06s
simulation (windows-latest)	Run cargo test -p oh_sim -p oh_cli --locked	2026-10-06T10:05:32.1653452Z
simulation (windows-latest)	Test evidence gate failures	﻿2026-10-06T10:05:32.2838243Z ##[group]Run python -m unittest discover -s crates/oh_sim/tests -p test_sim_determinism.py -v
simulation (windows-latest)	Test evidence gate failures	2026-10-06T10:05:32.2839149Z [36;1mpython -m unittest discover -s crates/oh_sim/tests -p test_sim_determinism.py -v[0m
simulation (windows-latest)	Test evidence gate failures	2026-10-06T10:05:32.2902149Z shell: C:\Program Files\PowerShell\7\pwsh.EXE -command ". '{0}'"
simulation (windows-latest)	Test evidence gate failures	2026-10-06T10:05:32.2902663Z env:
simulation (windows-latest)	Test evidence gate failures	2026-10-06T10:05:32.2903016Z   pythonLocation: C:\hostedtoolcache\windows\Python\3.11.9\x64
simulation (windows-latest)	Test evidence gate failures	2026-10-06T10:05:32.2903509Z   PKG_CONFIG_PATH: C:\hostedtoolcache\windows\Python\3.11.9\x64/lib/pkgconfig
simulation (windows-latest)	Test evidence gate failures	2026-10-06T10:05:32.2904035Z   Python_ROOT_DIR: C:\hostedtoolcache\windows\Python\3.11.9\x64
simulation (windows-latest)	Test evidence gate failures	2026-10-06T10:05:32.2904516Z   Python2_ROOT_DIR: C:\hostedtoolcache\windows\Python\3.11.9\x64
simulation (windows-latest)	Test evidence gate failures	2026-10-06T10:05:32.2904947Z   Python3_ROOT_DIR: C:\hostedtoolcache\windows\Python\3.11.9\x64
simulation (windows-latest)	Test evidence gate failures	2026-10-06T10:05:32.2905340Z ##[endgroup]
simulation (windows-latest)	Test evidence gate failures	2026-10-06T10:05:34.0917523Z test_capture_rejects_command_failure (test_sim_determinism.SimEvidenceTests.test_capture_rejects_command_failure) ... ok
simulation (windows-latest)	Test evidence gate failures	2026-10-06T10:05:34.0934738Z test_capture_rejects_repeated_hash_mismatch (test_sim_determinism.SimEvidenceTests.test_capture_rejects_repeated_hash_mismatch) ... ok
simulation (windows-latest)	Test evidence gate failures	2026-10-06T10:05:34.0959323Z test_capture_runs_real_1000_tick_cli_twice (test_sim_determinism.SimEvidenceTests.test_capture_runs_real_1000_tick_cli_twice) ... ok
simulation (windows-latest)	Test evidence gate failures	2026-10-06T10:05:34.1300229Z test_compare_accepts_three_equal_os (test_sim_determinism.SimEvidenceTests.test_compare_accepts_three_equal_os) ... ok
simulation (windows-latest)	Test evidence gate failures	2026-10-06T10:05:34.1364341Z test_compare_rejects_cross_os_mismatch_even_when_each_repeat_matches (test_sim_determinism.SimEvidenceTests.test_compare_rejects_cross_os_mismatch_even_when_each_repeat_matches) ... ok
simulation (windows-latest)	Test evidence gate failures	2026-10-06T10:05:34.1724940Z test_compare_rejects_invalid_or_mismatched_hash (test_sim_determinism.SimEvidenceTests.test_compare_rejects_invalid_or_mismatched_hash) ... ok
simulation (windows-latest)	Test evidence gate failures	2026-10-06T10:05:34.1913749Z test_compare_rejects_missing_extra_os_and_missing_repeat (test_sim_determinism.SimEvidenceTests.test_compare_rejects_missing_extra_os_and_missing_repeat) ... ok
simulation (windows-latest)	Test evidence gate failures	2026-10-06T10:05:34.1968305Z test_compare_rejects_repeat_disagreement (test_sim_determinism.SimEvidenceTests.test_compare_rejects_repeat_disagreement) ... ok
simulation (windows-latest)	Test evidence gate failures	2026-10-06T10:05:34.1981303Z test_failed_recapture_clears_old_success_marker (test_sim_determinism.SimEvidenceTests.test_failed_recapture_clears_old_success_marker) ... ok
simulation (windows-latest)	Test evidence gate failures	2026-10-06T10:05:34.1982023Z
simulation (windows-latest)	Test evidence gate failures	2026-10-06T10:05:34.1982192Z ----------------------------------------------------------------------
simulation (windows-latest)	Test evidence gate failures	2026-10-06T10:05:34.1982748Z Ran 9 tests in 0.108s
simulation (windows-latest)	Test evidence gate failures	2026-10-06T10:05:34.1983042Z
simulation (windows-latest)	Test evidence gate failures	2026-10-06T10:05:34.1983387Z OK
simulation (windows-latest)	Test evidence gate failures	2026-10-06T10:05:34.1983842Z actual simulation: 1000 ticks, seed 1, two runs: 0123456789abcdef
simulation (windows-latest)	Test evidence gate failures	2026-10-06T10:05:34.1984554Z ubuntu-latest: 0123456789abcdef
simulation (windows-latest)	Test evidence gate failures	2026-10-06T10:05:34.1984854Z windows-latest: 0123456789abcdef
simulation (windows-latest)	Test evidence gate failures	2026-10-06T10:05:34.1985209Z macos-latest: 0123456789abcdef
simulation (windows-latest)	Run actual simulation twice	﻿2026-10-06T10:05:34.3416185Z ##[group]Run python crates/oh_sim/tools/check_sim_determinism.py capture --out target/sim-determinism
simulation (windows-latest)	Run actual simulation twice	2026-10-06T10:05:34.3417183Z [36;1mpython crates/oh_sim/tools/check_sim_determinism.py capture --out target/sim-determinism[0m
simulation (windows-latest)	Run actual simulation twice	2026-10-06T10:05:34.3484225Z shell: C:\Program Files\PowerShell\7\pwsh.EXE -command ". '{0}'"
simulation (windows-latest)	Run actual simulation twice	2026-10-06T10:05:34.3484716Z env:
simulation (windows-latest)	Run actual simulation twice	2026-10-06T10:05:34.3485367Z   pythonLocation: C:\hostedtoolcache\windows\Python\3.11.9\x64
simulation (windows-latest)	Run actual simulation twice	2026-10-06T10:05:34.3486072Z   PKG_CONFIG_PATH: C:\hostedtoolcache\windows\Python\3.11.9\x64/lib/pkgconfig
simulation (windows-latest)	Run actual simulation twice	2026-10-06T10:05:34.3486629Z   Python_ROOT_DIR: C:\hostedtoolcache\windows\Python\3.11.9\x64
simulation (windows-latest)	Run actual simulation twice	2026-10-06T10:05:34.3487123Z   Python2_ROOT_DIR: C:\hostedtoolcache\windows\Python\3.11.9\x64
simulation (windows-latest)	Run actual simulation twice	2026-10-06T10:05:34.3487728Z   Python3_ROOT_DIR: C:\hostedtoolcache\windows\Python\3.11.9\x64
simulation (windows-latest)	Run actual simulation twice	2026-10-06T10:05:34.3488155Z ##[endgroup]
simulation (windows-latest)	Run actual simulation twice	2026-10-06T10:05:35.0847118Z actual simulation: 1000 ticks, seed 1, two runs: ff921fd8148e699d
simulation (windows-latest)	Upload simulation hashes and repeated outputs for this OS	﻿2026-10-06T10:05:35.2057661Z ##[group]Run actions/upload-artifact@043fb46d1a93c77aae656e7c1c64a875d1fc6a0a
simulation (windows-latest)	Upload simulation hashes and repeated outputs for this OS	2026-10-06T10:05:35.2058241Z with:
simulation (windows-latest)	Upload simulation hashes and repeated outputs for this OS	2026-10-06T10:05:35.2058539Z   name: sim-hash-windows-latest
simulation (windows-latest)	Upload simulation hashes and repeated outputs for this OS	2026-10-06T10:05:35.2058891Z   path: target/sim-determinism/
simulation (windows-latest)	Upload simulation hashes and repeated outputs for this OS	2026-10-06T10:05:35.2059214Z   if-no-files-found: error
simulation (windows-latest)	Upload simulation hashes and repeated outputs for this OS	2026-10-06T10:05:35.2059520Z   archive: true
simulation (windows-latest)	Upload simulation hashes and repeated outputs for this OS	2026-10-06T10:05:35.2060095Z   compression-level: 6
simulation (windows-latest)	Upload simulation hashes and repeated outputs for this OS	2026-10-06T10:05:35.2060436Z   overwrite: false
simulation (windows-latest)	Upload simulation hashes and repeated outputs for this OS	2026-10-06T10:05:35.2060841Z   include-hidden-files: false
simulation (windows-latest)	Upload simulation hashes and repeated outputs for this OS	2026-10-06T10:05:35.2061251Z env:
simulation (windows-latest)	Upload simulation hashes and repeated outputs for this OS	2026-10-06T10:05:35.2061633Z   pythonLocation: C:\hostedtoolcache\windows\Python\3.11.9\x64
simulation (windows-latest)	Upload simulation hashes and repeated outputs for this OS	2026-10-06T10:05:35.2062126Z   PKG_CONFIG_PATH: C:\hostedtoolcache\windows\Python\3.11.9\x64/lib/pkgconfig
simulation (windows-latest)	Upload simulation hashes and repeated outputs for this OS	2026-10-06T10:05:35.2062621Z   Python_ROOT_DIR: C:\hostedtoolcache\windows\Python\3.11.9\x64
simulation (windows-latest)	Upload simulation hashes and repeated outputs for this OS	2026-10-06T10:05:35.2063260Z   Python2_ROOT_DIR: C:\hostedtoolcache\windows\Python\3.11.9\x64
simulation (windows-latest)	Upload simulation hashes and repeated outputs for this OS	2026-10-06T10:05:35.2063718Z   Python3_ROOT_DIR: C:\hostedtoolcache\windows\Python\3.11.9\x64
simulation (windows-latest)	Upload simulation hashes and repeated outputs for this OS	2026-10-06T10:05:35.2064227Z ##[endgroup]
simulation (windows-latest)	Upload simulation hashes and repeated outputs for this OS	2026-10-06T10:05:35.3748954Z With the provided path, there will be 3 files uploaded
simulation (windows-latest)	Upload simulation hashes and repeated outputs for this OS	2026-10-06T10:05:35.3753513Z Artifact name is valid!
simulation (windows-latest)	Upload simulation hashes and repeated outputs for this OS	2026-10-06T10:05:35.3754644Z Root directory input is valid!
simulation (windows-latest)	Upload simulation hashes and repeated outputs for this OS	2026-10-06T10:05:35.6239914Z Uploading artifact: sim-hash-windows-latest.zip
simulation (windows-latest)	Upload simulation hashes and repeated outputs for this OS	2026-10-06T10:05:35.6281720Z Beginning upload of artifact content to blob storage
simulation (windows-latest)	Upload simulation hashes and repeated outputs for this OS	2026-10-06T10:05:35.7993027Z Uploaded bytes 418
simulation (windows-latest)	Upload simulation hashes and repeated outputs for this OS	2026-10-06T10:05:35.8448322Z Finished uploading artifact content to blob storage!
simulation (windows-latest)	Upload simulation hashes and repeated outputs for this OS	2026-10-06T10:05:35.8449312Z SHA256 digest of uploaded artifact is ff96b42a54e781957227b9f95bb2611bfab86aa01027947a886bd952b1e3fd51
simulation (windows-latest)	Upload simulation hashes and repeated outputs for this OS	2026-10-06T10:05:35.8450204Z Finalizing artifact upload
simulation (windows-latest)	Upload simulation hashes and repeated outputs for this OS	2026-10-06T10:05:36.1342449Z Artifact sim-hash-windows-latest successfully finalized. Artifact ID 11403292997
simulation (windows-latest)	Upload simulation hashes and repeated outputs for this OS	2026-10-06T10:05:36.1343361Z Artifact sim-hash-windows-latest has been successfully uploaded! Final size is 418 bytes. Artifact ID is 11403292997
simulation (windows-latest)	Upload simulation hashes and repeated outputs for this OS	2026-10-06T10:05:36.1351661Z Artifact download URL: https://github.com/peppone-choi/OpenHOI4/actions/runs/37447307966/artifacts/11403292997
simulation (windows-latest)	Post Run actions/setup-python@5fda3b95a4ea91299a34e894583c3862153e4b97	﻿2026-10-06T10:05:36.1686617Z Post job cleanup.
simulation (windows-latest)	Post Run actions/checkout@3d3c42e5aac5ba805825da76410c181273ba90b1	﻿2026-10-06T10:05:36.3466129Z Post job cleanup.
simulation (windows-latest)	Post Run actions/checkout@3d3c42e5aac5ba805825da76410c181273ba90b1	2026-10-06T10:05:36.5292380Z [command]"C:\Program Files\Git\bin\git.exe" version
simulation (windows-latest)	Post Run actions/checkout@3d3c42e5aac5ba805825da76410c181273ba90b1	2026-10-06T10:05:36.5545021Z git version 2.55.0.windows.5
simulation (windows-latest)	Post Run actions/checkout@3d3c42e5aac5ba805825da76410c181273ba90b1	2026-10-06T10:05:36.5601788Z Temporarily overriding HOME='D:\a\_temp\d560f56b-c50b-40be-bf85-2b0267680ee5' before making global git config changes
simulation (windows-latest)	Post Run actions/checkout@3d3c42e5aac5ba805825da76410c181273ba90b1	2026-10-06T10:05:36.5602890Z Adding repository directory to the temporary git global config as a safe directory
simulation (windows-latest)	Post Run actions/checkout@3d3c42e5aac5ba805825da76410c181273ba90b1	2026-10-06T10:05:36.5611581Z [command]"C:\Program Files\Git\bin\git.exe" config --global --add safe.directory D:\a\OpenHOI4\OpenHOI4
simulation (windows-latest)	Post Run actions/checkout@3d3c42e5aac5ba805825da76410c181273ba90b1	2026-10-06T10:05:36.5875609Z Removing SSH command configuration
simulation (windows-latest)	Post Run actions/checkout@3d3c42e5aac5ba805825da76410c181273ba90b1	2026-10-06T10:05:36.5885036Z [command]"C:\Program Files\Git\bin\git.exe" config --local --name-only --get-regexp core\.sshCommand
simulation (windows-latest)	Post Run actions/checkout@3d3c42e5aac5ba805825da76410c181273ba90b1	2026-10-06T10:05:36.6165391Z [command]"C:\Program Files\Git\bin\git.exe" submodule foreach --recursive "sh -c \"git config --local --name-only --get-regexp 'core\.sshCommand' && git config --local --unset-all 'core.sshCommand' || :\""
simulation (windows-latest)	Post Run actions/checkout@3d3c42e5aac5ba805825da76410c181273ba90b1	2026-10-06T10:05:37.1184071Z Removing HTTP extra header
simulation (windows-latest)	Post Run actions/checkout@3d3c42e5aac5ba805825da76410c181273ba90b1	2026-10-06T10:05:37.1194497Z [command]"C:\Program Files\Git\bin\git.exe" config --local --name-only --get-regexp http\.https\:\/\/github\.com\/\.extraheader
simulation (windows-latest)	Post Run actions/checkout@3d3c42e5aac5ba805825da76410c181273ba90b1	2026-10-06T10:05:37.1469929Z [command]"C:\Program Files\Git\bin\git.exe" submodule foreach --recursive "sh -c \"git config --local --name-only --get-regexp 'http\.https\:\/\/github\.com\/\.extraheader' && git config --local --unset-all 'http.https://github.com/.extraheader' || :\""
simulation (windows-latest)	Post Run actions/checkout@3d3c42e5aac5ba805825da76410c181273ba90b1	2026-10-06T10:05:37.6626770Z Removing includeIf entries pointing to credentials config files
simulation (windows-latest)	Post Run actions/checkout@3d3c42e5aac5ba805825da76410c181273ba90b1	2026-10-06T10:05:37.6637939Z [command]"C:\Program Files\Git\bin\git.exe" config --local --name-only --get-regexp ^includeIf\.gitdir:
simulation (windows-latest)	Post Run actions/checkout@3d3c42e5aac5ba805825da76410c181273ba90b1	2026-10-06T10:05:37.6876925Z includeif.gitdir:D:/a/OpenHOI4/OpenHOI4/.git.path
simulation (windows-latest)	Post Run actions/checkout@3d3c42e5aac5ba805825da76410c181273ba90b1	2026-10-06T10:05:37.6877583Z includeif.gitdir:D:/a/OpenHOI4/OpenHOI4/.git/worktrees/*.path
simulation (windows-latest)	Post Run actions/checkout@3d3c42e5aac5ba805825da76410c181273ba90b1	2026-10-06T10:05:37.6878098Z includeif.gitdir:/github/workspace/.git.path
simulation (windows-latest)	Post Run actions/checkout@3d3c42e5aac5ba805825da76410c181273ba90b1	2026-10-06T10:05:37.6878581Z includeif.gitdir:/github/workspace/.git/worktrees/*.path
simulation (windows-latest)	Post Run actions/checkout@3d3c42e5aac5ba805825da76410c181273ba90b1	2026-10-06T10:05:37.6917342Z [command]"C:\Program Files\Git\bin\git.exe" config --local --get-all includeif.gitdir:D:/a/OpenHOI4/OpenHOI4/.git.path
simulation (windows-latest)	Post Run actions/checkout@3d3c42e5aac5ba805825da76410c181273ba90b1	2026-10-06T10:05:37.7162128Z D:\a\_temp\git-credentials-7da54543-bb49-48e8-adbd-6cb745b4dddd.config
simulation (windows-latest)	Post Run actions/checkout@3d3c42e5aac5ba805825da76410c181273ba90b1	2026-10-06T10:05:37.7207015Z [command]"C:\Program Files\Git\bin\git.exe" config --local --unset includeif.gitdir:D:/a/OpenHOI4/OpenHOI4/.git.path D\:\\a\\_temp\\git\-credentials\-7da54543\-bb49\-48e8\-adbd\-6cb745b4dddd\.config
simulation (windows-latest)	Post Run actions/checkout@3d3c42e5aac5ba805825da76410c181273ba90b1	2026-10-06T10:05:37.7498014Z [command]"C:\Program Files\Git\bin\git.exe" config --local --get-all includeif.gitdir:D:/a/OpenHOI4/OpenHOI4/.git/worktrees/*.path
simulation (windows-latest)	Post Run actions/checkout@3d3c42e5aac5ba805825da76410c181273ba90b1	2026-10-06T10:05:37.7737554Z D:\a\_temp\git-credentials-7da54543-bb49-48e8-adbd-6cb745b4dddd.config
simulation (windows-latest)	Post Run actions/checkout@3d3c42e5aac5ba805825da76410c181273ba90b1	2026-10-06T10:05:37.7780038Z [command]"C:\Program Files\Git\bin\git.exe" config --local --unset includeif.gitdir:D:/a/OpenHOI4/OpenHOI4/.git/worktrees/*.path D\:\\a\\_temp\\git\-credentials\-7da54543\-bb49\-48e8\-adbd\-6cb745b4dddd\.config
simulation (windows-latest)	Post Run actions/checkout@3d3c42e5aac5ba805825da76410c181273ba90b1	2026-10-06T10:05:37.8070521Z [command]"C:\Program Files\Git\bin\git.exe" config --local --get-all includeif.gitdir:/github/workspace/.git.path
simulation (windows-latest)	Post Run actions/checkout@3d3c42e5aac5ba805825da76410c181273ba90b1	2026-10-06T10:05:37.8305291Z /github/runner_temp/git-credentials-7da54543-bb49-48e8-adbd-6cb745b4dddd.config
simulation (windows-latest)	Post Run actions/checkout@3d3c42e5aac5ba805825da76410c181273ba90b1	2026-10-06T10:05:37.8349934Z [command]"C:\Program Files\Git\bin\git.exe" config --local --unset includeif.gitdir:/github/workspace/.git.path \/github\/runner_temp\/git\-credentials\-7da54543\-bb49\-48e8\-adbd\-6cb745b4dddd\.config
simulation (windows-latest)	Post Run actions/checkout@3d3c42e5aac5ba805825da76410c181273ba90b1	2026-10-06T10:05:37.8628128Z [command]"C:\Program Files\Git\bin\git.exe" config --local --get-all includeif.gitdir:/github/workspace/.git/worktrees/*.path
simulation (windows-latest)	Post Run actions/checkout@3d3c42e5aac5ba805825da76410c181273ba90b1	2026-10-06T10:05:37.8867638Z /github/runner_temp/git-credentials-7da54543-bb49-48e8-adbd-6cb745b4dddd.config
simulation (windows-latest)	Post Run actions/checkout@3d3c42e5aac5ba805825da76410c181273ba90b1	2026-10-06T10:05:37.8957984Z [command]"C:\Program Files\Git\bin\git.exe" config --local --unset includeif.gitdir:/github/workspace/.git/worktrees/*.path \/github\/runner_temp\/git\-credentials\-7da54543\-bb49\-48e8\-adbd\-6cb745b4dddd\.config
simulation (windows-latest)	Post Run actions/checkout@3d3c42e5aac5ba805825da76410c181273ba90b1	2026-10-06T10:05:37.9236531Z [command]"C:\Program Files\Git\bin\git.exe" submodule foreach --recursive "git config --local --show-origin --name-only --get-regexp remote.origin.url"
simulation (windows-latest)	Post Run actions/checkout@3d3c42e5aac5ba805825da76410c181273ba90b1	2026-10-06T10:05:38.4522803Z Removing credentials config 'D:\a\_temp\git-credentials-7da54543-bb49-48e8-adbd-6cb745b4dddd.config'
simulation (windows-latest)	Complete job	﻿2026-10-06T10:05:38.4727518Z Cleaning up orphan processes
simulation (windows-latest)	Complete job	2026-10-06T10:05:38.5279103Z Terminate orphan process: pid (8332) (vctip)
compare-simulation-hashes	Set up job	﻿2026-10-06T10:08:11.6762547Z Current runner version: '2.337.0'
compare-simulation-hashes	Set up job	2026-10-06T10:08:11.6799858Z ##[group]Runner Image Provisioner
compare-simulation-hashes	Set up job	2026-10-06T10:08:11.6801823Z Hosted Compute Agent
compare-simulation-hashes	Set up job	2026-10-06T10:08:11.6802919Z Version: 20260901.588
compare-simulation-hashes	Set up job	2026-10-06T10:08:11.6804085Z Commit: f88ec8081b781fac6c440065ac7ff9e710ce3d0b
compare-simulation-hashes	Set up job	2026-10-06T10:08:11.6805379Z Build Date: 2026-09-01T19:56:44Z
compare-simulation-hashes	Set up job	2026-10-06T10:08:11.6806935Z Worker ID: {26afde50-4ac2-43ce-bfff-07e14f83c283}
compare-simulation-hashes	Set up job	2026-10-06T10:08:11.6808346Z Azure Region: eastus
compare-simulation-hashes	Set up job	2026-10-06T10:08:11.6809409Z ##[endgroup]
compare-simulation-hashes	Set up job	2026-10-06T10:08:11.6812320Z ##[group]Operating System
compare-simulation-hashes	Set up job	2026-10-06T10:08:11.6813480Z Ubuntu
compare-simulation-hashes	Set up job	2026-10-06T10:08:11.6814322Z 24.04.5
compare-simulation-hashes	Set up job	2026-10-06T10:08:11.6815366Z LTS
compare-simulation-hashes	Set up job	2026-10-06T10:08:11.6816601Z ##[endgroup]
compare-simulation-hashes	Set up job	2026-10-06T10:08:11.6817630Z ##[group]Runner Image
compare-simulation-hashes	Set up job	2026-10-06T10:08:11.6818700Z Image: ubuntu-24.04
compare-simulation-hashes	Set up job	2026-10-06T10:08:11.6819729Z Version: 20260927.320.1
compare-simulation-hashes	Set up job	2026-10-06T10:08:11.6821707Z Included Software: https://github.com/actions/runner-images/blob/ubuntu24/20260927.320/images/ubuntu/Ubuntu2404-Readme.md
compare-simulation-hashes	Set up job	2026-10-06T10:08:11.6824817Z Image Release: https://github.com/actions/runner-images/releases/tag/ubuntu24%2F20260927.320
compare-simulation-hashes	Set up job	2026-10-06T10:08:11.6826863Z ##[endgroup]
compare-simulation-hashes	Set up job	2026-10-06T10:08:11.6828889Z ##[group]GITHUB_TOKEN Permissions
compare-simulation-hashes	Set up job	2026-10-06T10:08:11.6832080Z Contents: read
compare-simulation-hashes	Set up job	2026-10-06T10:08:11.6833179Z Metadata: read
compare-simulation-hashes	Set up job	2026-10-06T10:08:11.6834134Z ##[endgroup]
compare-simulation-hashes	Set up job	2026-10-06T10:08:11.6837606Z Secret source: Actions
compare-simulation-hashes	Set up job	2026-10-06T10:08:11.6839196Z Cache mode: write
compare-simulation-hashes	Set up job	2026-10-06T10:08:11.6840711Z Prepare workflow directory
compare-simulation-hashes	Set up job	2026-10-06T10:08:11.7324012Z Prepare all required actions
compare-simulation-hashes	Set up job	2026-10-06T10:08:11.7396373Z Getting action download info
compare-simulation-hashes	Set up job	2026-10-06T10:08:11.9667644Z Download action repository 'actions/checkout@3d3c42e5aac5ba805825da76410c181273ba90b1' (SHA:3d3c42e5aac5ba805825da76410c181273ba90b1)
compare-simulation-hashes	Set up job	2026-10-06T10:08:12.3258548Z Download action repository 'actions/setup-python@5fda3b95a4ea91299a34e894583c3862153e4b97' (SHA:5fda3b95a4ea91299a34e894583c3862153e4b97)
compare-simulation-hashes	Set up job	2026-10-06T10:08:12.4344572Z Download action repository 'actions/download-artifact@3e5f45b2cfb9172054b4087a40e8e0b5a5461e7c' (SHA:3e5f45b2cfb9172054b4087a40e8e0b5a5461e7c)
compare-simulation-hashes	Set up job	2026-10-06T10:08:12.7065405Z Complete job name: compare-simulation-hashes
compare-simulation-hashes	Run actions/checkout@3d3c42e5aac5ba805825da76410c181273ba90b1	﻿2026-10-06T10:08:12.7833800Z ##[group]Run actions/checkout@3d3c42e5aac5ba805825da76410c181273ba90b1
compare-simulation-hashes	Run actions/checkout@3d3c42e5aac5ba805825da76410c181273ba90b1	2026-10-06T10:08:12.7834997Z with:
compare-simulation-hashes	Run actions/checkout@3d3c42e5aac5ba805825da76410c181273ba90b1	2026-10-06T10:08:12.7835481Z   repository: peppone-choi/OpenHOI4
compare-simulation-hashes	Run actions/checkout@3d3c42e5aac5ba805825da76410c181273ba90b1	2026-10-06T10:08:12.7840115Z   token: ***
compare-simulation-hashes	Run actions/checkout@3d3c42e5aac5ba805825da76410c181273ba90b1	2026-10-06T10:08:12.7840586Z   ssh-strict: true
compare-simulation-hashes	Run actions/checkout@3d3c42e5aac5ba805825da76410c181273ba90b1	2026-10-06T10:08:12.7841036Z   ssh-user: git
compare-simulation-hashes	Run actions/checkout@3d3c42e5aac5ba805825da76410c181273ba90b1	2026-10-06T10:08:12.7841490Z   persist-credentials: true
compare-simulation-hashes	Run actions/checkout@3d3c42e5aac5ba805825da76410c181273ba90b1	2026-10-06T10:08:12.7841994Z   clean: true
compare-simulation-hashes	Run actions/checkout@3d3c42e5aac5ba805825da76410c181273ba90b1	2026-10-06T10:08:12.7842450Z   sparse-checkout-cone-mode: true
compare-simulation-hashes	Run actions/checkout@3d3c42e5aac5ba805825da76410c181273ba90b1	2026-10-06T10:08:12.7842981Z   fetch-depth: 1
compare-simulation-hashes	Run actions/checkout@3d3c42e5aac5ba805825da76410c181273ba90b1	2026-10-06T10:08:12.7843408Z   fetch-tags: false
compare-simulation-hashes	Run actions/checkout@3d3c42e5aac5ba805825da76410c181273ba90b1	2026-10-06T10:08:12.7843855Z   show-progress: true
compare-simulation-hashes	Run actions/checkout@3d3c42e5aac5ba805825da76410c181273ba90b1	2026-10-06T10:08:12.7844308Z   lfs: false
compare-simulation-hashes	Run actions/checkout@3d3c42e5aac5ba805825da76410c181273ba90b1	2026-10-06T10:08:12.7844723Z   submodules: false
compare-simulation-hashes	Run actions/checkout@3d3c42e5aac5ba805825da76410c181273ba90b1	2026-10-06T10:08:12.7845177Z   set-safe-directory: true
compare-simulation-hashes	Run actions/checkout@3d3c42e5aac5ba805825da76410c181273ba90b1	2026-10-06T10:08:12.7845911Z   allow-unsafe-pr-checkout: false
compare-simulation-hashes	Run actions/checkout@3d3c42e5aac5ba805825da76410c181273ba90b1	2026-10-06T10:08:12.7846823Z ##[endgroup]
compare-simulation-hashes	Run actions/checkout@3d3c42e5aac5ba805825da76410c181273ba90b1	2026-10-06T10:08:12.8840053Z Syncing repository: peppone-choi/OpenHOI4
compare-simulation-hashes	Run actions/checkout@3d3c42e5aac5ba805825da76410c181273ba90b1	2026-10-06T10:08:12.8842028Z ##[group]Getting Git version info
compare-simulation-hashes	Run actions/checkout@3d3c42e5aac5ba805825da76410c181273ba90b1	2026-10-06T10:08:12.8842950Z Working directory is '/home/runner/work/OpenHOI4/OpenHOI4'
compare-simulation-hashes	Run actions/checkout@3d3c42e5aac5ba805825da76410c181273ba90b1	2026-10-06T10:08:12.8844089Z [command]/usr/bin/git version
compare-simulation-hashes	Run actions/checkout@3d3c42e5aac5ba805825da76410c181273ba90b1	2026-10-06T10:08:12.9949564Z git version 2.55.0
compare-simulation-hashes	Run actions/checkout@3d3c42e5aac5ba805825da76410c181273ba90b1	2026-10-06T10:08:12.9972900Z ##[endgroup]
compare-simulation-hashes	Run actions/checkout@3d3c42e5aac5ba805825da76410c181273ba90b1	2026-10-06T10:08:12.9986503Z Temporarily overriding HOME='/home/runner/work/_temp/a36580fc-bba2-40d7-940f-08b5ca7d9fc3' before making global git config changes
compare-simulation-hashes	Run actions/checkout@3d3c42e5aac5ba805825da76410c181273ba90b1	2026-10-06T10:08:12.9989014Z Adding repository directory to the temporary git global config as a safe directory
compare-simulation-hashes	Run actions/checkout@3d3c42e5aac5ba805825da76410c181273ba90b1	2026-10-06T10:08:12.9993502Z [command]/usr/bin/git config --global --add safe.directory /home/runner/work/OpenHOI4/OpenHOI4
compare-simulation-hashes	Run actions/checkout@3d3c42e5aac5ba805825da76410c181273ba90b1	2026-10-06T10:08:13.0231935Z Deleting the contents of '/home/runner/work/OpenHOI4/OpenHOI4'
compare-simulation-hashes	Run actions/checkout@3d3c42e5aac5ba805825da76410c181273ba90b1	2026-10-06T10:08:13.0235544Z ##[group]Determining repository object format
compare-simulation-hashes	Run actions/checkout@3d3c42e5aac5ba805825da76410c181273ba90b1	2026-10-06T10:08:13.0237391Z ##[endgroup]
compare-simulation-hashes	Run actions/checkout@3d3c42e5aac5ba805825da76410c181273ba90b1	2026-10-06T10:08:13.0242677Z ##[group]Initializing the repository
compare-simulation-hashes	Run actions/checkout@3d3c42e5aac5ba805825da76410c181273ba90b1	2026-10-06T10:08:13.0243672Z [command]/usr/bin/git init /home/runner/work/OpenHOI4/OpenHOI4
compare-simulation-hashes	Run actions/checkout@3d3c42e5aac5ba805825da76410c181273ba90b1	2026-10-06T10:08:13.0705896Z hint: Using 'master' as the name for the initial branch. This default branch name
compare-simulation-hashes	Run actions/checkout@3d3c42e5aac5ba805825da76410c181273ba90b1	2026-10-06T10:08:13.0708491Z hint: will change to "main" in Git 3.0. To configure the initial branch name
compare-simulation-hashes	Run actions/checkout@3d3c42e5aac5ba805825da76410c181273ba90b1	2026-10-06T10:08:13.0710175Z hint: to use in all of your new repositories, which will suppress this warning,
compare-simulation-hashes	Run actions/checkout@3d3c42e5aac5ba805825da76410c181273ba90b1	2026-10-06T10:08:13.0711662Z hint: call:
compare-simulation-hashes	Run actions/checkout@3d3c42e5aac5ba805825da76410c181273ba90b1	2026-10-06T10:08:13.0712782Z hint:
compare-simulation-hashes	Run actions/checkout@3d3c42e5aac5ba805825da76410c181273ba90b1	2026-10-06T10:08:13.0713647Z hint: 	git config --global init.defaultBranch <name>
compare-simulation-hashes	Run actions/checkout@3d3c42e5aac5ba805825da76410c181273ba90b1	2026-10-06T10:08:13.0714702Z hint:
compare-simulation-hashes	Run actions/checkout@3d3c42e5aac5ba805825da76410c181273ba90b1	2026-10-06T10:08:13.0715543Z hint: Names commonly chosen instead of 'master' are 'main', 'trunk' and
compare-simulation-hashes	Run actions/checkout@3d3c42e5aac5ba805825da76410c181273ba90b1	2026-10-06T10:08:13.0716844Z hint: 'development'. The just-created branch can be renamed via this command:
compare-simulation-hashes	Run actions/checkout@3d3c42e5aac5ba805825da76410c181273ba90b1	2026-10-06T10:08:13.0717662Z hint:
compare-simulation-hashes	Run actions/checkout@3d3c42e5aac5ba805825da76410c181273ba90b1	2026-10-06T10:08:13.0718108Z hint: 	git branch -m <name>
compare-simulation-hashes	Run actions/checkout@3d3c42e5aac5ba805825da76410c181273ba90b1	2026-10-06T10:08:13.0718943Z hint:
compare-simulation-hashes	Run actions/checkout@3d3c42e5aac5ba805825da76410c181273ba90b1	2026-10-06T10:08:13.0720181Z hint: Disable this message with "git config set advice.defaultBranchName false"
compare-simulation-hashes	Run actions/checkout@3d3c42e5aac5ba805825da76410c181273ba90b1	2026-10-06T10:08:13.0721485Z Initialized empty Git repository in /home/runner/work/OpenHOI4/OpenHOI4/.git/
compare-simulation-hashes	Run actions/checkout@3d3c42e5aac5ba805825da76410c181273ba90b1	2026-10-06T10:08:13.0723478Z [command]/usr/bin/git remote add origin https://github.com/peppone-choi/OpenHOI4
compare-simulation-hashes	Run actions/checkout@3d3c42e5aac5ba805825da76410c181273ba90b1	2026-10-06T10:08:13.1008907Z ##[endgroup]
compare-simulation-hashes	Run actions/checkout@3d3c42e5aac5ba805825da76410c181273ba90b1	2026-10-06T10:08:13.1010414Z ##[group]Disabling automatic garbage collection
compare-simulation-hashes	Run actions/checkout@3d3c42e5aac5ba805825da76410c181273ba90b1	2026-10-06T10:08:13.1012265Z [command]/usr/bin/git config --local gc.auto 0
compare-simulation-hashes	Run actions/checkout@3d3c42e5aac5ba805825da76410c181273ba90b1	2026-10-06T10:08:13.1045575Z ##[endgroup]
compare-simulation-hashes	Run actions/checkout@3d3c42e5aac5ba805825da76410c181273ba90b1	2026-10-06T10:08:13.1047049Z ##[group]Setting up auth
compare-simulation-hashes	Run actions/checkout@3d3c42e5aac5ba805825da76410c181273ba90b1	2026-10-06T10:08:13.1047920Z Removing SSH command configuration
compare-simulation-hashes	Run actions/checkout@3d3c42e5aac5ba805825da76410c181273ba90b1	2026-10-06T10:08:13.1052637Z [command]/usr/bin/git config --local --name-only --get-regexp core\.sshCommand
compare-simulation-hashes	Run actions/checkout@3d3c42e5aac5ba805825da76410c181273ba90b1	2026-10-06T10:08:13.1085314Z [command]/usr/bin/git submodule foreach --recursive sh -c "git config --local --name-only --get-regexp 'core\.sshCommand' && git config --local --unset-all 'core.sshCommand' || :"
compare-simulation-hashes	Run actions/checkout@3d3c42e5aac5ba805825da76410c181273ba90b1	2026-10-06T10:08:13.3115006Z Removing HTTP extra header
compare-simulation-hashes	Run actions/checkout@3d3c42e5aac5ba805825da76410c181273ba90b1	2026-10-06T10:08:13.3121004Z [command]/usr/bin/git config --local --name-only --get-regexp http\.https\:\/\/github\.com\/\.extraheader
compare-simulation-hashes	Run actions/checkout@3d3c42e5aac5ba805825da76410c181273ba90b1	2026-10-06T10:08:13.3152250Z [command]/usr/bin/git submodule foreach --recursive sh -c "git config --local --name-only --get-regexp 'http\.https\:\/\/github\.com\/\.extraheader' && git config --local --unset-all 'http.https://github.com/.extraheader' || :"
compare-simulation-hashes	Run actions/checkout@3d3c42e5aac5ba805825da76410c181273ba90b1	2026-10-06T10:08:13.3410797Z Removing includeIf entries pointing to credentials config files
compare-simulation-hashes	Run actions/checkout@3d3c42e5aac5ba805825da76410c181273ba90b1	2026-10-06T10:08:13.3412766Z [command]/usr/bin/git config --local --name-only --get-regexp ^includeIf\.gitdir:
compare-simulation-hashes	Run actions/checkout@3d3c42e5aac5ba805825da76410c181273ba90b1	2026-10-06T10:08:13.3451269Z [command]/usr/bin/git submodule foreach --recursive git config --local --show-origin --name-only --get-regexp remote.origin.url
compare-simulation-hashes	Run actions/checkout@3d3c42e5aac5ba805825da76410c181273ba90b1	2026-10-06T10:08:13.3701534Z [command]/usr/bin/git config --file /home/runner/work/_temp/git-credentials-65020abc-7968-4b91-ab6e-74b068e30a0c.config http.https://github.com/.extraheader AUTHORIZATION: basic ***
compare-simulation-hashes	Run actions/checkout@3d3c42e5aac5ba805825da76410c181273ba90b1	2026-10-06T10:08:13.3740509Z [command]/usr/bin/git config --local includeIf.gitdir:/home/runner/work/OpenHOI4/OpenHOI4/.git.path /home/runner/work/_temp/git-credentials-65020abc-7968-4b91-ab6e-74b068e30a0c.config
compare-simulation-hashes	Run actions/checkout@3d3c42e5aac5ba805825da76410c181273ba90b1	2026-10-06T10:08:13.3773253Z [command]/usr/bin/git config --local includeIf.gitdir:/home/runner/work/OpenHOI4/OpenHOI4/.git/worktrees/*.path /home/runner/work/_temp/git-credentials-65020abc-7968-4b91-ab6e-74b068e30a0c.config
compare-simulation-hashes	Run actions/checkout@3d3c42e5aac5ba805825da76410c181273ba90b1	2026-10-06T10:08:13.3809065Z [command]/usr/bin/git config --local includeIf.gitdir:/github/workspace/.git.path /github/runner_temp/git-credentials-65020abc-7968-4b91-ab6e-74b068e30a0c.config
compare-simulation-hashes	Run actions/checkout@3d3c42e5aac5ba805825da76410c181273ba90b1	2026-10-06T10:08:13.3843705Z [command]/usr/bin/git config --local includeIf.gitdir:/github/workspace/.git/worktrees/*.path /github/runner_temp/git-credentials-65020abc-7968-4b91-ab6e-74b068e30a0c.config
compare-simulation-hashes	Run actions/checkout@3d3c42e5aac5ba805825da76410c181273ba90b1	2026-10-06T10:08:13.3871500Z ##[endgroup]
compare-simulation-hashes	Run actions/checkout@3d3c42e5aac5ba805825da76410c181273ba90b1	2026-10-06T10:08:13.3873864Z ##[group]Fetching the repository
compare-simulation-hashes	Run actions/checkout@3d3c42e5aac5ba805825da76410c181273ba90b1	2026-10-06T10:08:13.3881454Z [command]/usr/bin/git -c protocol.version=2 fetch --no-tags --prune --no-recurse-submodules --depth=1 origin +f12b30345c7255bdceb4d0e6b32405f5c48dd5b6:refs/remotes/origin/main
compare-simulation-hashes	Run actions/checkout@3d3c42e5aac5ba805825da76410c181273ba90b1	2026-10-06T10:08:14.1378981Z From https://github.com/peppone-choi/OpenHOI4
compare-simulation-hashes	Run actions/checkout@3d3c42e5aac5ba805825da76410c181273ba90b1	2026-10-06T10:08:14.1380580Z  * [new ref]         f12b30345c7255bdceb4d0e6b32405f5c48dd5b6 -> origin/main
compare-simulation-hashes	Run actions/checkout@3d3c42e5aac5ba805825da76410c181273ba90b1	2026-10-06T10:08:14.1389913Z [command]/usr/bin/git branch --list --remote origin/main
compare-simulation-hashes	Run actions/checkout@3d3c42e5aac5ba805825da76410c181273ba90b1	2026-10-06T10:08:14.1417202Z   origin/main
compare-simulation-hashes	Run actions/checkout@3d3c42e5aac5ba805825da76410c181273ba90b1	2026-10-06T10:08:14.1426852Z [command]/usr/bin/git rev-parse refs/remotes/origin/main
compare-simulation-hashes	Run actions/checkout@3d3c42e5aac5ba805825da76410c181273ba90b1	2026-10-06T10:08:14.1450444Z f12b30345c7255bdceb4d0e6b32405f5c48dd5b6
compare-simulation-hashes	Run actions/checkout@3d3c42e5aac5ba805825da76410c181273ba90b1	2026-10-06T10:08:14.1454785Z ##[endgroup]
compare-simulation-hashes	Run actions/checkout@3d3c42e5aac5ba805825da76410c181273ba90b1	2026-10-06T10:08:14.1455534Z ##[group]Determining the checkout info
compare-simulation-hashes	Run actions/checkout@3d3c42e5aac5ba805825da76410c181273ba90b1	2026-10-06T10:08:14.1456582Z ##[endgroup]
compare-simulation-hashes	Run actions/checkout@3d3c42e5aac5ba805825da76410c181273ba90b1	2026-10-06T10:08:14.1459961Z [command]/usr/bin/git sparse-checkout disable
compare-simulation-hashes	Run actions/checkout@3d3c42e5aac5ba805825da76410c181273ba90b1	2026-10-06T10:08:14.1647979Z [command]/usr/bin/git config --local --unset-all extensions.worktreeConfig
compare-simulation-hashes	Run actions/checkout@3d3c42e5aac5ba805825da76410c181273ba90b1	2026-10-06T10:08:14.1679731Z ##[group]Checking out the ref
compare-simulation-hashes	Run actions/checkout@3d3c42e5aac5ba805825da76410c181273ba90b1	2026-10-06T10:08:14.1684147Z [command]/usr/bin/git checkout --progress --force -B main refs/remotes/origin/main
compare-simulation-hashes	Run actions/checkout@3d3c42e5aac5ba805825da76410c181273ba90b1	2026-10-06T10:08:14.2093233Z Switched to a new branch 'main'
compare-simulation-hashes	Run actions/checkout@3d3c42e5aac5ba805825da76410c181273ba90b1	2026-10-06T10:08:14.2098881Z branch 'main' set up to track 'origin/main'.
compare-simulation-hashes	Run actions/checkout@3d3c42e5aac5ba805825da76410c181273ba90b1	2026-10-06T10:08:14.2108227Z ##[endgroup]
compare-simulation-hashes	Run actions/checkout@3d3c42e5aac5ba805825da76410c181273ba90b1	2026-10-06T10:08:14.2158992Z [command]/usr/bin/git log -1 --format=%H
compare-simulation-hashes	Run actions/checkout@3d3c42e5aac5ba805825da76410c181273ba90b1	2026-10-06T10:08:14.2187043Z f12b30345c7255bdceb4d0e6b32405f5c48dd5b6
compare-simulation-hashes	Run actions/setup-python@5fda3b95a4ea91299a34e894583c3862153e4b97	﻿2026-10-06T10:08:14.2477269Z ##[group]Run actions/setup-python@5fda3b95a4ea91299a34e894583c3862153e4b97
compare-simulation-hashes	Run actions/setup-python@5fda3b95a4ea91299a34e894583c3862153e4b97	2026-10-06T10:08:14.2550522Z with:
compare-simulation-hashes	Run actions/setup-python@5fda3b95a4ea91299a34e894583c3862153e4b97	2026-10-06T10:08:14.2551004Z   python-version: 3.11
compare-simulation-hashes	Run actions/setup-python@5fda3b95a4ea91299a34e894583c3862153e4b97	2026-10-06T10:08:14.2551598Z   check-latest: false
compare-simulation-hashes	Run actions/setup-python@5fda3b95a4ea91299a34e894583c3862153e4b97	2026-10-06T10:08:14.2554849Z   token: ***
compare-simulation-hashes	Run actions/setup-python@5fda3b95a4ea91299a34e894583c3862153e4b97	2026-10-06T10:08:14.2555157Z   update-environment: true
compare-simulation-hashes	Run actions/setup-python@5fda3b95a4ea91299a34e894583c3862153e4b97	2026-10-06T10:08:14.2555473Z   allow-prereleases: false
compare-simulation-hashes	Run actions/setup-python@5fda3b95a4ea91299a34e894583c3862153e4b97	2026-10-06T10:08:14.2556100Z   freethreaded: false
compare-simulation-hashes	Run actions/setup-python@5fda3b95a4ea91299a34e894583c3862153e4b97	2026-10-06T10:08:14.2556383Z ##[endgroup]
compare-simulation-hashes	Run actions/setup-python@5fda3b95a4ea91299a34e894583c3862153e4b97	2026-10-06T10:08:14.3722145Z ##[group]Installed versions
compare-simulation-hashes	Run actions/setup-python@5fda3b95a4ea91299a34e894583c3862153e4b97	2026-10-06T10:08:14.4101959Z Successfully set up CPython (3.11.16)
compare-simulation-hashes	Run actions/setup-python@5fda3b95a4ea91299a34e894583c3862153e4b97	2026-10-06T10:08:14.4103055Z ##[endgroup]
compare-simulation-hashes	Run actions/download-artifact@3e5f45b2cfb9172054b4087a40e8e0b5a5461e7c	﻿2026-10-06T10:08:14.4261779Z ##[group]Run actions/download-artifact@3e5f45b2cfb9172054b4087a40e8e0b5a5461e7c
compare-simulation-hashes	Run actions/download-artifact@3e5f45b2cfb9172054b4087a40e8e0b5a5461e7c	2026-10-06T10:08:14.4262317Z with:
compare-simulation-hashes	Run actions/download-artifact@3e5f45b2cfb9172054b4087a40e8e0b5a5461e7c	2026-10-06T10:08:14.4262568Z   pattern: sim-hash-*
compare-simulation-hashes	Run actions/download-artifact@3e5f45b2cfb9172054b4087a40e8e0b5a5461e7c	2026-10-06T10:08:14.4262835Z   path: sim-hashes
compare-simulation-hashes	Run actions/download-artifact@3e5f45b2cfb9172054b4087a40e8e0b5a5461e7c	2026-10-06T10:08:14.4263094Z   merge-multiple: false
compare-simulation-hashes	Run actions/download-artifact@3e5f45b2cfb9172054b4087a40e8e0b5a5461e7c	2026-10-06T10:08:14.4263384Z   repository: peppone-choi/OpenHOI4
compare-simulation-hashes	Run actions/download-artifact@3e5f45b2cfb9172054b4087a40e8e0b5a5461e7c	2026-10-06T10:08:14.4263694Z   run-id: 37447307966
compare-simulation-hashes	Run actions/download-artifact@3e5f45b2cfb9172054b4087a40e8e0b5a5461e7c	2026-10-06T10:08:14.4263953Z   skip-decompress: false
compare-simulation-hashes	Run actions/download-artifact@3e5f45b2cfb9172054b4087a40e8e0b5a5461e7c	2026-10-06T10:08:14.4264226Z   digest-mismatch: error
compare-simulation-hashes	Run actions/download-artifact@3e5f45b2cfb9172054b4087a40e8e0b5a5461e7c	2026-10-06T10:08:14.4264483Z env:
compare-simulation-hashes	Run actions/download-artifact@3e5f45b2cfb9172054b4087a40e8e0b5a5461e7c	2026-10-06T10:08:14.4264780Z   pythonLocation: /opt/hostedtoolcache/Python/3.11.16/x64
compare-simulation-hashes	Run actions/download-artifact@3e5f45b2cfb9172054b4087a40e8e0b5a5461e7c	2026-10-06T10:08:14.4265274Z   PKG_CONFIG_PATH: /opt/hostedtoolcache/Python/3.11.16/x64/lib/pkgconfig
compare-simulation-hashes	Run actions/download-artifact@3e5f45b2cfb9172054b4087a40e8e0b5a5461e7c	2026-10-06T10:08:14.4266025Z   Python_ROOT_DIR: /opt/hostedtoolcache/Python/3.11.16/x64
compare-simulation-hashes	Run actions/download-artifact@3e5f45b2cfb9172054b4087a40e8e0b5a5461e7c	2026-10-06T10:08:14.4266580Z   Python2_ROOT_DIR: /opt/hostedtoolcache/Python/3.11.16/x64
compare-simulation-hashes	Run actions/download-artifact@3e5f45b2cfb9172054b4087a40e8e0b5a5461e7c	2026-10-06T10:08:14.4267018Z   Python3_ROOT_DIR: /opt/hostedtoolcache/Python/3.11.16/x64
compare-simulation-hashes	Run actions/download-artifact@3e5f45b2cfb9172054b4087a40e8e0b5a5461e7c	2026-10-06T10:08:14.4267453Z   LD_LIBRARY_PATH: /opt/hostedtoolcache/Python/3.11.16/x64/lib
compare-simulation-hashes	Run actions/download-artifact@3e5f45b2cfb9172054b4087a40e8e0b5a5461e7c	2026-10-06T10:08:14.4267862Z ##[endgroup]
compare-simulation-hashes	Run actions/download-artifact@3e5f45b2cfb9172054b4087a40e8e0b5a5461e7c	2026-10-06T10:08:14.7003089Z Found 3 artifact(s)
compare-simulation-hashes	Run actions/download-artifact@3e5f45b2cfb9172054b4087a40e8e0b5a5461e7c	2026-10-06T10:08:14.7004733Z Filtering artifacts by pattern 'sim-hash-*'
compare-simulation-hashes	Run actions/download-artifact@3e5f45b2cfb9172054b4087a40e8e0b5a5461e7c	2026-10-06T10:08:14.7024802Z Preparing to download the following artifacts:
compare-simulation-hashes	Run actions/download-artifact@3e5f45b2cfb9172054b4087a40e8e0b5a5461e7c	2026-10-06T10:08:14.7026486Z - sim-hash-ubuntu-latest (ID: 11403852478, Size: 415, Expected Digest: sha256:4df57f709b496d71e7cf55d17a10369ac2a1bcfa41231a0b8399a1f7332a9953)
compare-simulation-hashes	Run actions/download-artifact@3e5f45b2cfb9172054b4087a40e8e0b5a5461e7c	2026-10-06T10:08:14.7028365Z - sim-hash-macos-latest (ID: 11403808106, Size: 415, Expected Digest: sha256:ff4b3eb9e84de68553731ce7cbb507312bc9cfaf15f16000e0ec1a20be6e2ff9)
compare-simulation-hashes	Run actions/download-artifact@3e5f45b2cfb9172054b4087a40e8e0b5a5461e7c	2026-10-06T10:08:14.7030229Z - sim-hash-windows-latest (ID: 11403292997, Size: 418, Expected Digest: sha256:ff96b42a54e781957227b9f95bb2611bfab86aa01027947a886bd952b1e3fd51)
compare-simulation-hashes	Run actions/download-artifact@3e5f45b2cfb9172054b4087a40e8e0b5a5461e7c	2026-10-06T10:08:14.8516625Z Redirecting to blob download url: https://productionresultssa18.blob.core.windows.net/actions-results/fa99b25b-2595-873d-8d5d-693e50a2c04a/workflow-job-run-f3a30644-e9cf-54e5-9dfc-c2444120a316/artifacts/5371a8d1f36cf1d0d2b9bed696eba8d5371a93dc33292c7aad0d7acb9d1bd57f.zip
compare-simulation-hashes	Run actions/download-artifact@3e5f45b2cfb9172054b4087a40e8e0b5a5461e7c	2026-10-06T10:08:14.8518563Z Starting download of artifact to: /home/runner/work/OpenHOI4/OpenHOI4/sim-hashes/sim-hash-macos-latest
compare-simulation-hashes	Run actions/download-artifact@3e5f45b2cfb9172054b4087a40e8e0b5a5461e7c	2026-10-06T10:08:14.8623116Z Redirecting to blob download url: https://productionresultssa18.blob.core.windows.net/actions-results/fa99b25b-2595-873d-8d5d-693e50a2c04a/workflow-job-run-78308676-a074-5433-babc-6223de0607f0/artifacts/928e9f259b447d6568424b20e4fbd532cdcf44d68b168dbb598ebf42f16d4300.zip
compare-simulation-hashes	Run actions/download-artifact@3e5f45b2cfb9172054b4087a40e8e0b5a5461e7c	2026-10-06T10:08:14.8626153Z Starting download of artifact to: /home/runner/work/OpenHOI4/OpenHOI4/sim-hashes/sim-hash-windows-latest
compare-simulation-hashes	Run actions/download-artifact@3e5f45b2cfb9172054b4087a40e8e0b5a5461e7c	2026-10-06T10:08:14.9006886Z (node:2316) [DEP0005] DeprecationWarning: Buffer() is deprecated due to security and usability issues. Please use the Buffer.alloc(), Buffer.allocUnsafe(), or Buffer.from() methods instead.
compare-simulation-hashes	Run actions/download-artifact@3e5f45b2cfb9172054b4087a40e8e0b5a5461e7c	2026-10-06T10:08:14.9008822Z (Use `node --trace-deprecation ...` to show where the warning was created)
compare-simulation-hashes	Run actions/download-artifact@3e5f45b2cfb9172054b4087a40e8e0b5a5461e7c	2026-10-06T10:08:14.9100284Z Redirecting to blob download url: https://productionresultssa18.blob.core.windows.net/actions-results/fa99b25b-2595-873d-8d5d-693e50a2c04a/workflow-job-run-c9806b74-b9b3-517e-b9e4-6baef586da3f/artifacts/7fb17361019fdac3b73fd52b7afe92211545328a4fc9dc1c663414eb3ae368c0.zip
compare-simulation-hashes	Run actions/download-artifact@3e5f45b2cfb9172054b4087a40e8e0b5a5461e7c	2026-10-06T10:08:14.9102139Z Starting download of artifact to: /home/runner/work/OpenHOI4/OpenHOI4/sim-hashes/sim-hash-ubuntu-latest
compare-simulation-hashes	Run actions/download-artifact@3e5f45b2cfb9172054b4087a40e8e0b5a5461e7c	2026-10-06T10:08:14.9122263Z SHA256 digest of downloaded artifact is ff4b3eb9e84de68553731ce7cbb507312bc9cfaf15f16000e0ec1a20be6e2ff9
compare-simulation-hashes	Run actions/download-artifact@3e5f45b2cfb9172054b4087a40e8e0b5a5461e7c	2026-10-06T10:08:14.9123120Z Artifact download completed successfully.
compare-simulation-hashes	Run actions/download-artifact@3e5f45b2cfb9172054b4087a40e8e0b5a5461e7c	2026-10-06T10:08:14.9124257Z SHA256 digest of downloaded artifact is ff96b42a54e781957227b9f95bb2611bfab86aa01027947a886bd952b1e3fd51
compare-simulation-hashes	Run actions/download-artifact@3e5f45b2cfb9172054b4087a40e8e0b5a5461e7c	2026-10-06T10:08:14.9125135Z Artifact download completed successfully.
compare-simulation-hashes	Run actions/download-artifact@3e5f45b2cfb9172054b4087a40e8e0b5a5461e7c	2026-10-06T10:08:14.9549540Z SHA256 digest of downloaded artifact is 4df57f709b496d71e7cf55d17a10369ac2a1bcfa41231a0b8399a1f7332a9953
compare-simulation-hashes	Run actions/download-artifact@3e5f45b2cfb9172054b4087a40e8e0b5a5461e7c	2026-10-06T10:08:14.9550658Z Artifact download completed successfully.
compare-simulation-hashes	Run actions/download-artifact@3e5f45b2cfb9172054b4087a40e8e0b5a5461e7c	2026-10-06T10:08:14.9551422Z Total of 3 artifact(s) downloaded
compare-simulation-hashes	Run actions/download-artifact@3e5f45b2cfb9172054b4087a40e8e0b5a5461e7c	2026-10-06T10:08:14.9554637Z Download artifact has finished successfully
compare-simulation-hashes	Require two matching actual runs from each of all three OS	﻿2026-10-06T10:08:14.9682049Z ##[group]Run python crates/oh_sim/tools/check_sim_determinism.py compare --root sim-hashes
compare-simulation-hashes	Require two matching actual runs from each of all three OS	2026-10-06T10:08:14.9682883Z [36;1mpython crates/oh_sim/tools/check_sim_determinism.py compare --root sim-hashes[0m
compare-simulation-hashes	Require two matching actual runs from each of all three OS	2026-10-06T10:08:15.1139577Z shell: /usr/bin/bash -e {0}
compare-simulation-hashes	Require two matching actual runs from each of all three OS	2026-10-06T10:08:15.1140017Z env:
compare-simulation-hashes	Require two matching actual runs from each of all three OS	2026-10-06T10:08:15.1140405Z   pythonLocation: /opt/hostedtoolcache/Python/3.11.16/x64
compare-simulation-hashes	Require two matching actual runs from each of all three OS	2026-10-06T10:08:15.1140967Z   PKG_CONFIG_PATH: /opt/hostedtoolcache/Python/3.11.16/x64/lib/pkgconfig
compare-simulation-hashes	Require two matching actual runs from each of all three OS	2026-10-06T10:08:15.1141528Z   Python_ROOT_DIR: /opt/hostedtoolcache/Python/3.11.16/x64
compare-simulation-hashes	Require two matching actual runs from each of all three OS	2026-10-06T10:08:15.1142042Z   Python2_ROOT_DIR: /opt/hostedtoolcache/Python/3.11.16/x64
compare-simulation-hashes	Require two matching actual runs from each of all three OS	2026-10-06T10:08:15.1142532Z   Python3_ROOT_DIR: /opt/hostedtoolcache/Python/3.11.16/x64
compare-simulation-hashes	Require two matching actual runs from each of all three OS	2026-10-06T10:08:15.1142996Z   LD_LIBRARY_PATH: /opt/hostedtoolcache/Python/3.11.16/x64/lib
compare-simulation-hashes	Require two matching actual runs from each of all three OS	2026-10-06T10:08:15.1143385Z ##[endgroup]
compare-simulation-hashes	Require two matching actual runs from each of all three OS	2026-10-06T10:08:15.6218226Z ubuntu-latest: ff921fd8148e699d
compare-simulation-hashes	Require two matching actual runs from each of all three OS	2026-10-06T10:08:15.6219004Z windows-latest: ff921fd8148e699d
compare-simulation-hashes	Require two matching actual runs from each of all three OS	2026-10-06T10:08:15.6219913Z macos-latest: ff921fd8148e699d
compare-simulation-hashes	Post Run actions/setup-python@5fda3b95a4ea91299a34e894583c3862153e4b97	﻿2026-10-06T10:08:15.6389883Z Post job cleanup.
compare-simulation-hashes	Post Run actions/checkout@3d3c42e5aac5ba805825da76410c181273ba90b1	﻿2026-10-06T10:08:15.7695218Z Post job cleanup.
compare-simulation-hashes	Post Run actions/checkout@3d3c42e5aac5ba805825da76410c181273ba90b1	2026-10-06T10:08:15.8570023Z [command]/usr/bin/git version
compare-simulation-hashes	Post Run actions/checkout@3d3c42e5aac5ba805825da76410c181273ba90b1	2026-10-06T10:08:15.8617636Z git version 2.55.0
compare-simulation-hashes	Post Run actions/checkout@3d3c42e5aac5ba805825da76410c181273ba90b1	2026-10-06T10:08:15.8655491Z Temporarily overriding HOME='/home/runner/work/_temp/347c1851-3975-49ca-9d4e-59952809d228' before making global git config changes
compare-simulation-hashes	Post Run actions/checkout@3d3c42e5aac5ba805825da76410c181273ba90b1	2026-10-06T10:08:15.8657227Z Adding repository directory to the temporary git global config as a safe directory
compare-simulation-hashes	Post Run actions/checkout@3d3c42e5aac5ba805825da76410c181273ba90b1	2026-10-06T10:08:15.8661468Z [command]/usr/bin/git config --global --add safe.directory /home/runner/work/OpenHOI4/OpenHOI4
compare-simulation-hashes	Post Run actions/checkout@3d3c42e5aac5ba805825da76410c181273ba90b1	2026-10-06T10:08:15.8697818Z Removing SSH command configuration
compare-simulation-hashes	Post Run actions/checkout@3d3c42e5aac5ba805825da76410c181273ba90b1	2026-10-06T10:08:15.8705417Z [command]/usr/bin/git config --local --name-only --get-regexp core\.sshCommand
compare-simulation-hashes	Post Run actions/checkout@3d3c42e5aac5ba805825da76410c181273ba90b1	2026-10-06T10:08:15.8746235Z [command]/usr/bin/git submodule foreach --recursive sh -c "git config --local --name-only --get-regexp 'core\.sshCommand' && git config --local --unset-all 'core.sshCommand' || :"
compare-simulation-hashes	Post Run actions/checkout@3d3c42e5aac5ba805825da76410c181273ba90b1	2026-10-06T10:08:15.8992378Z Removing HTTP extra header
compare-simulation-hashes	Post Run actions/checkout@3d3c42e5aac5ba805825da76410c181273ba90b1	2026-10-06T10:08:15.8998068Z [command]/usr/bin/git config --local --name-only --get-regexp http\.https\:\/\/github\.com\/\.extraheader
compare-simulation-hashes	Post Run actions/checkout@3d3c42e5aac5ba805825da76410c181273ba90b1	2026-10-06T10:08:15.9037032Z [command]/usr/bin/git submodule foreach --recursive sh -c "git config --local --name-only --get-regexp 'http\.https\:\/\/github\.com\/\.extraheader' && git config --local --unset-all 'http.https://github.com/.extraheader' || :"
compare-simulation-hashes	Post Run actions/checkout@3d3c42e5aac5ba805825da76410c181273ba90b1	2026-10-06T10:08:15.9281395Z Removing includeIf entries pointing to credentials config files
compare-simulation-hashes	Post Run actions/checkout@3d3c42e5aac5ba805825da76410c181273ba90b1	2026-10-06T10:08:15.9282449Z [command]/usr/bin/git config --local --name-only --get-regexp ^includeIf\.gitdir:
compare-simulation-hashes	Post Run actions/checkout@3d3c42e5aac5ba805825da76410c181273ba90b1	2026-10-06T10:08:15.9311702Z includeif.gitdir:/home/runner/work/OpenHOI4/OpenHOI4/.git.path
compare-simulation-hashes	Post Run actions/checkout@3d3c42e5aac5ba805825da76410c181273ba90b1	2026-10-06T10:08:15.9312373Z includeif.gitdir:/home/runner/work/OpenHOI4/OpenHOI4/.git/worktrees/*.path
compare-simulation-hashes	Post Run actions/checkout@3d3c42e5aac5ba805825da76410c181273ba90b1	2026-10-06T10:08:15.9313007Z includeif.gitdir:/github/workspace/.git.path
compare-simulation-hashes	Post Run actions/checkout@3d3c42e5aac5ba805825da76410c181273ba90b1	2026-10-06T10:08:15.9313510Z includeif.gitdir:/github/workspace/.git/worktrees/*.path
compare-simulation-hashes	Post Run actions/checkout@3d3c42e5aac5ba805825da76410c181273ba90b1	2026-10-06T10:08:15.9344797Z [command]/usr/bin/git config --local --get-all includeif.gitdir:/home/runner/work/OpenHOI4/OpenHOI4/.git.path
compare-simulation-hashes	Post Run actions/checkout@3d3c42e5aac5ba805825da76410c181273ba90b1	2026-10-06T10:08:15.9370537Z /home/runner/work/_temp/git-credentials-65020abc-7968-4b91-ab6e-74b068e30a0c.config
compare-simulation-hashes	Post Run actions/checkout@3d3c42e5aac5ba805825da76410c181273ba90b1	2026-10-06T10:08:15.9381797Z [command]/usr/bin/git config --local --unset includeif.gitdir:/home/runner/work/OpenHOI4/OpenHOI4/.git.path \/home\/runner\/work\/_temp\/git\-credentials\-65020abc\-7968\-4b91\-ab6e\-74b068e30a0c\.config
compare-simulation-hashes	Post Run actions/checkout@3d3c42e5aac5ba805825da76410c181273ba90b1	2026-10-06T10:08:15.9422141Z [command]/usr/bin/git config --local --get-all includeif.gitdir:/home/runner/work/OpenHOI4/OpenHOI4/.git/worktrees/*.path
compare-simulation-hashes	Post Run actions/checkout@3d3c42e5aac5ba805825da76410c181273ba90b1	2026-10-06T10:08:15.9446578Z /home/runner/work/_temp/git-credentials-65020abc-7968-4b91-ab6e-74b068e30a0c.config
compare-simulation-hashes	Post Run actions/checkout@3d3c42e5aac5ba805825da76410c181273ba90b1	2026-10-06T10:08:15.9456120Z [command]/usr/bin/git config --local --unset includeif.gitdir:/home/runner/work/OpenHOI4/OpenHOI4/.git/worktrees/*.path \/home\/runner\/work\/_temp\/git\-credentials\-65020abc\-7968\-4b91\-ab6e\-74b068e30a0c\.config
compare-simulation-hashes	Post Run actions/checkout@3d3c42e5aac5ba805825da76410c181273ba90b1	2026-10-06T10:08:15.9499051Z [command]/usr/bin/git config --local --get-all includeif.gitdir:/github/workspace/.git.path
compare-simulation-hashes	Post Run actions/checkout@3d3c42e5aac5ba805825da76410c181273ba90b1	2026-10-06T10:08:15.9522349Z /github/runner_temp/git-credentials-65020abc-7968-4b91-ab6e-74b068e30a0c.config
compare-simulation-hashes	Post Run actions/checkout@3d3c42e5aac5ba805825da76410c181273ba90b1	2026-10-06T10:08:15.9530140Z [command]/usr/bin/git config --local --unset includeif.gitdir:/github/workspace/.git.path \/github\/runner_temp\/git\-credentials\-65020abc\-7968\-4b91\-ab6e\-74b068e30a0c\.config
compare-simulation-hashes	Post Run actions/checkout@3d3c42e5aac5ba805825da76410c181273ba90b1	2026-10-06T10:08:15.9564329Z [command]/usr/bin/git config --local --get-all includeif.gitdir:/github/workspace/.git/worktrees/*.path
compare-simulation-hashes	Post Run actions/checkout@3d3c42e5aac5ba805825da76410c181273ba90b1	2026-10-06T10:08:15.9588405Z /github/runner_temp/git-credentials-65020abc-7968-4b91-ab6e-74b068e30a0c.config
compare-simulation-hashes	Post Run actions/checkout@3d3c42e5aac5ba805825da76410c181273ba90b1	2026-10-06T10:08:15.9599176Z [command]/usr/bin/git config --local --unset includeif.gitdir:/github/workspace/.git/worktrees/*.path \/github\/runner_temp\/git\-credentials\-65020abc\-7968\-4b91\-ab6e\-74b068e30a0c\.config
compare-simulation-hashes	Post Run actions/checkout@3d3c42e5aac5ba805825da76410c181273ba90b1	2026-10-06T10:08:15.9638101Z [command]/usr/bin/git submodule foreach --recursive git config --local --show-origin --name-only --get-regexp remote.origin.url
compare-simulation-hashes	Post Run actions/checkout@3d3c42e5aac5ba805825da76410c181273ba90b1	2026-10-06T10:08:15.9872144Z Removing credentials config '/home/runner/work/_temp/git-credentials-65020abc-7968-4b91-ab6e-74b068e30a0c.config'
compare-simulation-hashes	Complete job	﻿2026-10-06T10:08:16.0045528Z Cleaning up orphan processes
