client	Set up job	﻿2026-10-06T19:54:27.7286692Z Current runner version: '2.337.0'
client	Set up job	2026-10-06T19:54:27.7311142Z ##[group]Runner Image Provisioner
client	Set up job	2026-10-06T19:54:27.7312006Z Hosted Compute Agent
client	Set up job	2026-10-06T19:54:27.7312833Z Version: 20260901.588
client	Set up job	2026-10-06T19:54:27.7313405Z Commit: f88ec8081b781fac6c440065ac7ff9e710ce3d0b
client	Set up job	2026-10-06T19:54:27.7314047Z Build Date: 2026-09-01T19:56:44Z
client	Set up job	2026-10-06T19:54:27.7314699Z Worker ID: {acabe0bd-cacf-4eb5-b01d-5778e93e25be}
client	Set up job	2026-10-06T19:54:27.7315331Z Azure Region: westus2
client	Set up job	2026-10-06T19:54:27.7315873Z ##[endgroup]
client	Set up job	2026-10-06T19:54:27.7317328Z ##[group]Operating System
client	Set up job	2026-10-06T19:54:27.7317904Z Ubuntu
client	Set up job	2026-10-06T19:54:27.7318709Z 24.04.5
client	Set up job	2026-10-06T19:54:27.7319193Z LTS
client	Set up job	2026-10-06T19:54:27.7319666Z ##[endgroup]
client	Set up job	2026-10-06T19:54:27.7320170Z ##[group]Runner Image
client	Set up job	2026-10-06T19:54:27.7320711Z Image: ubuntu-24.04
client	Set up job	2026-10-06T19:54:27.7321240Z Version: 20260927.320.1
client	Set up job	2026-10-06T19:54:27.7322192Z Included Software: https://github.com/actions/runner-images/blob/ubuntu24/20260927.320/images/ubuntu/Ubuntu2404-Readme.md
client	Set up job	2026-10-06T19:54:27.7323771Z Image Release: https://github.com/actions/runner-images/releases/tag/ubuntu24%2F20260927.320
client	Set up job	2026-10-06T19:54:27.7324630Z ##[endgroup]
client	Set up job	2026-10-06T19:54:27.7325644Z ##[group]GITHUB_TOKEN Permissions
client	Set up job	2026-10-06T19:54:27.7327723Z Contents: read
client	Set up job	2026-10-06T19:54:27.7328656Z Metadata: read
client	Set up job	2026-10-06T19:54:27.7329322Z ##[endgroup]
client	Set up job	2026-10-06T19:54:27.7331401Z Secret source: Actions
client	Set up job	2026-10-06T19:54:27.7332383Z Cache mode: write
client	Set up job	2026-10-06T19:54:27.7332989Z Prepare workflow directory
client	Set up job	2026-10-06T19:54:27.7636521Z Prepare all required actions
client	Set up job	2026-10-06T19:54:27.7690438Z Getting action download info
client	Set up job	2026-10-06T19:54:28.1290821Z Download action repository 'actions/checkout@v7.0.1' (SHA:3d3c42e5aac5ba805825da76410c181273ba90b1)
client	Set up job	2026-10-06T19:54:28.2351111Z Download action repository 'actions/setup-node@v7.0.0' (SHA:820762786026740c76f36085b0efc47a31fe5020)
client	Set up job	2026-10-06T19:54:28.3000587Z Download action repository 'actions/upload-artifact@043fb46d1a93c77aae656e7c1c64a875d1fc6a0a' (SHA:043fb46d1a93c77aae656e7c1c64a875d1fc6a0a)
client	Set up job	2026-10-06T19:54:28.4584506Z Complete job name: client
client	Run actions/checkout@v7.0.1	﻿2026-10-06T19:54:28.5381968Z ##[group]Run actions/checkout@v7.0.1
client	Run actions/checkout@v7.0.1	2026-10-06T19:54:28.5382796Z with:
client	Run actions/checkout@v7.0.1	2026-10-06T19:54:28.5383201Z   repository: peppone-choi/OpenHOI4
client	Run actions/checkout@v7.0.1	2026-10-06T19:54:28.5386602Z   token: ***
client	Run actions/checkout@v7.0.1	2026-10-06T19:54:28.5386972Z   ssh-strict: true
client	Run actions/checkout@v7.0.1	2026-10-06T19:54:28.5387351Z   ssh-user: git
client	Run actions/checkout@v7.0.1	2026-10-06T19:54:28.5387739Z   persist-credentials: true
client	Run actions/checkout@v7.0.1	2026-10-06T19:54:28.5388306Z   clean: true
client	Run actions/checkout@v7.0.1	2026-10-06T19:54:28.5388713Z   sparse-checkout-cone-mode: true
client	Run actions/checkout@v7.0.1	2026-10-06T19:54:28.5389173Z   fetch-depth: 1
client	Run actions/checkout@v7.0.1	2026-10-06T19:54:28.5389554Z   fetch-tags: false
client	Run actions/checkout@v7.0.1	2026-10-06T19:54:28.5389946Z   show-progress: true
client	Run actions/checkout@v7.0.1	2026-10-06T19:54:28.5390335Z   lfs: false
client	Run actions/checkout@v7.0.1	2026-10-06T19:54:28.5390697Z   submodules: false
client	Run actions/checkout@v7.0.1	2026-10-06T19:54:28.5391081Z   set-safe-directory: true
client	Run actions/checkout@v7.0.1	2026-10-06T19:54:28.5391529Z   allow-unsafe-pr-checkout: false
client	Run actions/checkout@v7.0.1	2026-10-06T19:54:28.5392201Z ##[endgroup]
client	Run actions/checkout@v7.0.1	2026-10-06T19:54:28.6346439Z Syncing repository: peppone-choi/OpenHOI4
client	Run actions/checkout@v7.0.1	2026-10-06T19:54:28.6348532Z ##[group]Getting Git version info
client	Run actions/checkout@v7.0.1	2026-10-06T19:54:28.6349235Z Working directory is '/home/runner/work/OpenHOI4/OpenHOI4'
client	Run actions/checkout@v7.0.1	2026-10-06T19:54:28.6350284Z [command]/usr/bin/git version
client	Run actions/checkout@v7.0.1	2026-10-06T19:54:28.6390477Z git version 2.55.0
client	Run actions/checkout@v7.0.1	2026-10-06T19:54:28.6409166Z ##[endgroup]
client	Run actions/checkout@v7.0.1	2026-10-06T19:54:28.6420421Z Temporarily overriding HOME='/home/runner/work/_temp/49b7c372-af4b-424b-ad0e-3d2d1a049a82' before making global git config changes
client	Run actions/checkout@v7.0.1	2026-10-06T19:54:28.6423337Z Adding repository directory to the temporary git global config as a safe directory
client	Run actions/checkout@v7.0.1	2026-10-06T19:54:28.6426603Z [command]/usr/bin/git config --global --add safe.directory /home/runner/work/OpenHOI4/OpenHOI4
client	Run actions/checkout@v7.0.1	2026-10-06T19:54:28.6468106Z Deleting the contents of '/home/runner/work/OpenHOI4/OpenHOI4'
client	Run actions/checkout@v7.0.1	2026-10-06T19:54:28.6471352Z ##[group]Determining repository object format
client	Run actions/checkout@v7.0.1	2026-10-06T19:54:28.6472777Z ##[endgroup]
client	Run actions/checkout@v7.0.1	2026-10-06T19:54:28.6473428Z ##[group]Initializing the repository
client	Run actions/checkout@v7.0.1	2026-10-06T19:54:28.6476511Z [command]/usr/bin/git init /home/runner/work/OpenHOI4/OpenHOI4
client	Run actions/checkout@v7.0.1	2026-10-06T19:54:28.6576753Z hint: Using 'master' as the name for the initial branch. This default branch name
client	Run actions/checkout@v7.0.1	2026-10-06T19:54:28.6578225Z hint: will change to "main" in Git 3.0. To configure the initial branch name
client	Run actions/checkout@v7.0.1	2026-10-06T19:54:28.6579542Z hint: to use in all of your new repositories, which will suppress this warning,
client	Run actions/checkout@v7.0.1	2026-10-06T19:54:28.6580197Z hint: call:
client	Run actions/checkout@v7.0.1	2026-10-06T19:54:28.6580546Z hint:
client	Run actions/checkout@v7.0.1	2026-10-06T19:54:28.6581205Z hint: 	git config --global init.defaultBranch <name>
client	Run actions/checkout@v7.0.1	2026-10-06T19:54:28.6581871Z hint:
client	Run actions/checkout@v7.0.1	2026-10-06T19:54:28.6582373Z hint: Names commonly chosen instead of 'master' are 'main', 'trunk' and
client	Run actions/checkout@v7.0.1	2026-10-06T19:54:28.6583182Z hint: 'development'. The just-created branch can be renamed via this command:
client	Run actions/checkout@v7.0.1	2026-10-06T19:54:28.6583820Z hint:
client	Run actions/checkout@v7.0.1	2026-10-06T19:54:28.6584342Z hint: 	git branch -m <name>
client	Run actions/checkout@v7.0.1	2026-10-06T19:54:28.6584927Z hint:
client	Run actions/checkout@v7.0.1	2026-10-06T19:54:28.6585475Z hint: Disable this message with "git config set advice.defaultBranchName false"
client	Run actions/checkout@v7.0.1	2026-10-06T19:54:28.6586355Z Initialized empty Git repository in /home/runner/work/OpenHOI4/OpenHOI4/.git/
client	Run actions/checkout@v7.0.1	2026-10-06T19:54:28.6589634Z [command]/usr/bin/git remote add origin https://github.com/peppone-choi/OpenHOI4
client	Run actions/checkout@v7.0.1	2026-10-06T19:54:28.6627636Z ##[endgroup]
client	Run actions/checkout@v7.0.1	2026-10-06T19:54:28.6628483Z ##[group]Disabling automatic garbage collection
client	Run actions/checkout@v7.0.1	2026-10-06T19:54:28.6630492Z [command]/usr/bin/git config --local gc.auto 0
client	Run actions/checkout@v7.0.1	2026-10-06T19:54:28.6653788Z ##[endgroup]
client	Run actions/checkout@v7.0.1	2026-10-06T19:54:28.6654981Z ##[group]Setting up auth
client	Run actions/checkout@v7.0.1	2026-10-06T19:54:28.6655636Z Removing SSH command configuration
client	Run actions/checkout@v7.0.1	2026-10-06T19:54:28.6658777Z [command]/usr/bin/git config --local --name-only --get-regexp core\.sshCommand
client	Run actions/checkout@v7.0.1	2026-10-06T19:54:28.6684512Z [command]/usr/bin/git submodule foreach --recursive sh -c "git config --local --name-only --get-regexp 'core\.sshCommand' && git config --local --unset-all 'core.sshCommand' || :"
client	Run actions/checkout@v7.0.1	2026-10-06T19:54:28.6981785Z Removing HTTP extra header
client	Run actions/checkout@v7.0.1	2026-10-06T19:54:28.6987164Z [command]/usr/bin/git config --local --name-only --get-regexp http\.https\:\/\/github\.com\/\.extraheader
client	Run actions/checkout@v7.0.1	2026-10-06T19:54:28.7013920Z [command]/usr/bin/git submodule foreach --recursive sh -c "git config --local --name-only --get-regexp 'http\.https\:\/\/github\.com\/\.extraheader' && git config --local --unset-all 'http.https://github.com/.extraheader' || :"
client	Run actions/checkout@v7.0.1	2026-10-06T19:54:28.7186208Z Removing includeIf entries pointing to credentials config files
client	Run actions/checkout@v7.0.1	2026-10-06T19:54:28.7191378Z [command]/usr/bin/git config --local --name-only --get-regexp ^includeIf\.gitdir:
client	Run actions/checkout@v7.0.1	2026-10-06T19:54:28.7214986Z [command]/usr/bin/git submodule foreach --recursive git config --local --show-origin --name-only --get-regexp remote.origin.url
client	Run actions/checkout@v7.0.1	2026-10-06T19:54:28.7387280Z [command]/usr/bin/git config --file /home/runner/work/_temp/git-credentials-bf41d1d1-c22c-4d77-b0b6-2ddcee4fb448.config http.https://github.com/.extraheader AUTHORIZATION: basic ***
client	Run actions/checkout@v7.0.1	2026-10-06T19:54:28.7416129Z [command]/usr/bin/git config --local includeIf.gitdir:/home/runner/work/OpenHOI4/OpenHOI4/.git.path /home/runner/work/_temp/git-credentials-bf41d1d1-c22c-4d77-b0b6-2ddcee4fb448.config
client	Run actions/checkout@v7.0.1	2026-10-06T19:54:28.7440293Z [command]/usr/bin/git config --local includeIf.gitdir:/home/runner/work/OpenHOI4/OpenHOI4/.git/worktrees/*.path /home/runner/work/_temp/git-credentials-bf41d1d1-c22c-4d77-b0b6-2ddcee4fb448.config
client	Run actions/checkout@v7.0.1	2026-10-06T19:54:28.7467302Z [command]/usr/bin/git config --local includeIf.gitdir:/github/workspace/.git.path /github/runner_temp/git-credentials-bf41d1d1-c22c-4d77-b0b6-2ddcee4fb448.config
client	Run actions/checkout@v7.0.1	2026-10-06T19:54:28.7490504Z [command]/usr/bin/git config --local includeIf.gitdir:/github/workspace/.git/worktrees/*.path /github/runner_temp/git-credentials-bf41d1d1-c22c-4d77-b0b6-2ddcee4fb448.config
client	Run actions/checkout@v7.0.1	2026-10-06T19:54:28.7510087Z ##[endgroup]
client	Run actions/checkout@v7.0.1	2026-10-06T19:54:28.7510766Z ##[group]Fetching the repository
client	Run actions/checkout@v7.0.1	2026-10-06T19:54:28.7515966Z [command]/usr/bin/git -c protocol.version=2 fetch --no-tags --prune --no-recurse-submodules --depth=1 origin +941765e592301642841f5609894a6c8455d8a73f:refs/remotes/origin/main
client	Run actions/checkout@v7.0.1	2026-10-06T19:54:41.7450828Z From https://github.com/peppone-choi/OpenHOI4
client	Run actions/checkout@v7.0.1	2026-10-06T19:54:41.7453813Z  * [new ref]         941765e592301642841f5609894a6c8455d8a73f -> origin/main
client	Run actions/checkout@v7.0.1	2026-10-06T19:54:41.7459410Z [command]/usr/bin/git branch --list --remote origin/main
client	Run actions/checkout@v7.0.1	2026-10-06T19:54:41.7482000Z   origin/main
client	Run actions/checkout@v7.0.1	2026-10-06T19:54:41.7491444Z [command]/usr/bin/git rev-parse refs/remotes/origin/main
client	Run actions/checkout@v7.0.1	2026-10-06T19:54:41.7510558Z 941765e592301642841f5609894a6c8455d8a73f
client	Run actions/checkout@v7.0.1	2026-10-06T19:54:41.7514900Z ##[endgroup]
client	Run actions/checkout@v7.0.1	2026-10-06T19:54:41.7516236Z ##[group]Determining the checkout info
client	Run actions/checkout@v7.0.1	2026-10-06T19:54:41.7519796Z ##[endgroup]
client	Run actions/checkout@v7.0.1	2026-10-06T19:54:41.7520725Z [command]/usr/bin/git sparse-checkout disable
client	Run actions/checkout@v7.0.1	2026-10-06T19:54:41.7561920Z [command]/usr/bin/git config --local --unset-all extensions.worktreeConfig
client	Run actions/checkout@v7.0.1	2026-10-06T19:54:41.7585170Z ##[group]Checking out the ref
client	Run actions/checkout@v7.0.1	2026-10-06T19:54:41.7587687Z [command]/usr/bin/git checkout --progress --force -B main refs/remotes/origin/main
client	Run actions/checkout@v7.0.1	2026-10-06T19:54:42.4439516Z Switched to a new branch 'main'
client	Run actions/checkout@v7.0.1	2026-10-06T19:54:42.4445069Z branch 'main' set up to track 'origin/main'.
client	Run actions/checkout@v7.0.1	2026-10-06T19:54:42.4498895Z ##[endgroup]
client	Run actions/checkout@v7.0.1	2026-10-06T19:54:42.4536965Z [command]/usr/bin/git log -1 --format=%H
client	Run actions/checkout@v7.0.1	2026-10-06T19:54:42.4556112Z 941765e592301642841f5609894a6c8455d8a73f
client	Run actions/setup-node@v7.0.0	﻿2026-10-06T19:54:42.4798181Z ##[group]Run actions/setup-node@v7.0.0
client	Run actions/setup-node@v7.0.0	2026-10-06T19:54:42.4798588Z with:
client	Run actions/setup-node@v7.0.0	2026-10-06T19:54:42.4798848Z   node-version: 24.4.0
client	Run actions/setup-node@v7.0.0	2026-10-06T19:54:42.4799130Z   cache: npm
client	Run actions/setup-node@v7.0.0	2026-10-06T19:54:42.4799443Z   cache-dependency-path: client/package-lock.json
client	Run actions/setup-node@v7.0.0	2026-10-06T19:54:42.4799837Z   check-latest: false
client	Run actions/setup-node@v7.0.0	2026-10-06T19:54:42.4802654Z   token: ***
client	Run actions/setup-node@v7.0.0	2026-10-06T19:54:42.4802955Z   package-manager-cache: true
client	Run actions/setup-node@v7.0.0	2026-10-06T19:54:42.4803272Z ##[endgroup]
client	Run actions/setup-node@v7.0.0	2026-10-06T19:54:42.5969554Z Attempting to download 24.4.0...
client	Run actions/setup-node@v7.0.0	2026-10-06T19:54:43.4547567Z Acquiring 24.4.0 - x64 from https://github.com/actions/node-versions/releases/download/24.4.0-16210503505/node-24.4.0-linux-x64.tar.gz
client	Run actions/setup-node@v7.0.0	2026-10-06T19:54:43.9570472Z Extracting ...
client	Run actions/setup-node@v7.0.0	2026-10-06T19:54:43.9678208Z [command]/usr/bin/tar xz --strip 1 --warning=no-unknown-keyword --overwrite -C /home/runner/work/_temp/44ef69a9-4bcd-40e2-88f0-56501843dfb4 -f /home/runner/work/_temp/b175e596-f457-4653-9163-830b97d58919
client	Run actions/setup-node@v7.0.0	2026-10-06T19:54:45.0973251Z Adding to the cache ...
client	Run actions/setup-node@v7.0.0	2026-10-06T19:54:47.5119841Z ##[group]Environment details
client	Run actions/setup-node@v7.0.0	2026-10-06T19:54:47.7190776Z node: v24.4.0
client	Run actions/setup-node@v7.0.0	2026-10-06T19:54:47.7191866Z npm: 11.4.2
client	Run actions/setup-node@v7.0.0	2026-10-06T19:54:47.7192331Z yarn: 1.22.22
client	Run actions/setup-node@v7.0.0	2026-10-06T19:54:47.7193364Z ##[endgroup]
client	Run actions/setup-node@v7.0.0	2026-10-06T19:54:47.7209954Z [command]/opt/hostedtoolcache/node/24.4.0/x64/bin/npm config get cache
client	Run actions/setup-node@v7.0.0	2026-10-06T19:54:47.8016643Z /home/runner/.npm
client	Run actions/setup-node@v7.0.0	2026-10-06T19:54:48.0425694Z Cache hit for: node-cache-Linux-x64-npm-c8fd7c5457bbb41b9b9c1b633e6d2a905ffea2ff30eea1c47886e6fc189580d2
client	Run actions/setup-node@v7.0.0	2026-10-06T19:54:49.3233685Z Received 0 of 50037050 (0.0%), 0.0 MBs/sec
client	Run actions/setup-node@v7.0.0	2026-10-06T19:54:49.6548983Z Received 50037050 of 50037050 (100.0%), 35.8 MBs/sec
client	Run actions/setup-node@v7.0.0	2026-10-06T19:54:49.6550723Z Cache Size: ~48 MB (50037050 B)
client	Run actions/setup-node@v7.0.0	2026-10-06T19:54:49.6582633Z [command]/usr/bin/tar -xf /home/runner/work/_temp/7d2ce0a3-50b2-4088-94dc-8b9252275e43/cache.tzst -P -C /home/runner/work/OpenHOI4/OpenHOI4 --use-compress-program unzstd
client	Run actions/setup-node@v7.0.0	2026-10-06T19:54:49.7197834Z Cache restored successfully
client	Run actions/setup-node@v7.0.0	2026-10-06T19:54:49.7228553Z Cache restored from key: node-cache-Linux-x64-npm-c8fd7c5457bbb41b9b9c1b633e6d2a905ffea2ff30eea1c47886e6fc189580d2
client	Install pinned Rust for protocol generation and real server	﻿2026-10-06T19:54:49.7380668Z ##[group]Run rustup toolchain install 1.99.0 --profile minimal
client	Install pinned Rust for protocol generation and real server	2026-10-06T19:54:49.7381272Z [36;1mrustup toolchain install 1.99.0 --profile minimal[0m
client	Install pinned Rust for protocol generation and real server	2026-10-06T19:54:49.7574931Z shell: /usr/bin/bash -e {0}
client	Install pinned Rust for protocol generation and real server	2026-10-06T19:54:49.7575242Z ##[endgroup]
client	Install pinned Rust for protocol generation and real server	2026-10-06T19:54:49.8067464Z info: syncing channel updates for 1.99.0-x86_64-unknown-linux-gnu
client	Install pinned Rust for protocol generation and real server	2026-10-06T19:54:49.9522894Z info: latest update on 2026-10-01 for version 1.99.0 (b940084d7 2026-09-28)
client	Install pinned Rust for protocol generation and real server	2026-10-06T19:54:49.9524255Z info: downloading 3 components
client	Install pinned Rust for protocol generation and real server	2026-10-06T19:54:58.4449203Z
client	Install pinned Rust for protocol generation and real server	2026-10-06T19:54:58.4511632Z   1.99.0-x86_64-unknown-linux-gnu installed - rustc 1.99.0 (b940084d7 2026-09-28)
client	Install pinned Rust for protocol generation and real server	2026-10-06T19:54:58.4512347Z
client	Run npm --prefix client ci	﻿2026-10-06T19:54:58.4566530Z ##[group]Run npm --prefix client ci
client	Run npm --prefix client ci	2026-10-06T19:54:58.4566871Z [36;1mnpm --prefix client ci[0m
client	Run npm --prefix client ci	2026-10-06T19:54:58.4605496Z shell: /usr/bin/bash -e {0}
client	Run npm --prefix client ci	2026-10-06T19:54:58.4605819Z ##[endgroup]
client	Run npm --prefix client ci	2026-10-06T19:55:00.0918287Z
client	Run npm --prefix client ci	2026-10-06T19:55:00.0919203Z added 103 packages, and audited 104 packages in 2s
client	Run npm --prefix client ci	2026-10-06T19:55:00.0919644Z
client	Run npm --prefix client ci	2026-10-06T19:55:00.0919965Z 22 packages are looking for funding
client	Run npm --prefix client ci	2026-10-06T19:55:00.0920494Z   run `npm fund` for details
client	Run npm --prefix client ci	2026-10-06T19:55:00.0927030Z
client	Run npm --prefix client ci	2026-10-06T19:55:00.0927311Z found 0 vulnerabilities
client	Regenerate protocol types and reject stale bindings	﻿2026-10-06T19:55:00.1226766Z ##[group]Run cargo run -p oh_proto --locked --example generate
client	Regenerate protocol types and reject stale bindings	2026-10-06T19:55:00.1227233Z [36;1mcargo run -p oh_proto --locked --example generate[0m
client	Regenerate protocol types and reject stale bindings	2026-10-06T19:55:00.1227581Z [36;1mgit diff --exit-code -- client/src/proto[0m
client	Regenerate protocol types and reject stale bindings	2026-10-06T19:55:00.1264829Z shell: /usr/bin/bash -e {0}
client	Regenerate protocol types and reject stale bindings	2026-10-06T19:55:00.1265114Z ##[endgroup]
client	Regenerate protocol types and reject stale bindings	2026-10-06T19:55:00.1815663Z info: syncing channel updates for 1.99.0-x86_64-unknown-linux-gnu
client	Regenerate protocol types and reject stale bindings	2026-10-06T19:55:00.2916036Z info: latest update on 2026-10-01 for version 1.99.0 (b940084d7 2026-09-28)
client	Regenerate protocol types and reject stale bindings	2026-10-06T19:55:00.3039899Z info: downloading 2 components
client	Regenerate protocol types and reject stale bindings	2026-10-06T19:55:01.0284669Z     Updating crates.io index
client	Regenerate protocol types and reject stale bindings	2026-10-06T19:55:01.2396390Z  Downloading crates ...
client	Regenerate protocol types and reject stale bindings	2026-10-06T19:55:01.3384608Z   Downloaded cfg-if v1.0.5
client	Regenerate protocol types and reject stale bindings	2026-10-06T19:55:01.3438720Z   Downloaded cobs v0.3.0
client	Regenerate protocol types and reject stale bindings	2026-10-06T19:55:01.3485270Z   Downloaded adler2 v2.0.1
client	Regenerate protocol types and reject stale bindings	2026-10-06T19:55:01.3499585Z   Downloaded ref-cast v1.0.27
client	Regenerate protocol types and reject stale bindings	2026-10-06T19:55:01.3517846Z   Downloaded autocfg v1.5.1
client	Regenerate protocol types and reject stale bindings	2026-10-06T19:55:01.3530721Z   Downloaded az v1.3.0
client	Regenerate protocol types and reject stale bindings	2026-10-06T19:55:01.3543066Z   Downloaded bytemuck v1.25.2
client	Regenerate protocol types and reject stale bindings	2026-10-06T19:55:01.3565248Z   Downloaded bitflags v2.13.2
client	Regenerate protocol types and reject stale bindings	2026-10-06T19:55:01.3603564Z   Downloaded itoa v1.0.18
client	Regenerate protocol types and reject stale bindings	2026-10-06T19:55:01.3618756Z   Downloaded equivalent v1.0.2
client	Regenerate protocol types and reject stale bindings	2026-10-06T19:55:01.3640429Z   Downloaded semver v1.0.28
client	Regenerate protocol types and reject stale bindings	2026-10-06T19:55:01.3658387Z   Downloaded rmp v0.8.15
client	Regenerate protocol types and reject stale bindings	2026-10-06T19:55:01.3680184Z   Downloaded ts-rs-macros v12.0.1
client	Regenerate protocol types and reject stale bindings	2026-10-06T19:55:01.3690599Z   Downloaded ts-rs v12.0.1
client	Regenerate protocol types and reject stale bindings	2026-10-06T19:55:01.3735165Z   Downloaded embedded-io v0.4.0
client	Regenerate protocol types and reject stale bindings	2026-10-06T19:55:01.3757284Z   Downloaded half v2.7.1
client	Regenerate protocol types and reject stale bindings	2026-10-06T19:55:01.3779052Z   Downloaded ref-cast-impl v1.0.27
client	Regenerate protocol types and reject stale bindings	2026-10-06T19:55:01.3845097Z   Downloaded embedded-io v0.6.1
client	Regenerate protocol types and reject stale bindings	2026-10-06T19:55:01.3853963Z   Downloaded serde_spanned v1.1.1
client	Regenerate protocol types and reject stale bindings	2026-10-06T19:55:01.3861506Z   Downloaded fdeflate v0.3.7
client	Regenerate protocol types and reject stale bindings	2026-10-06T19:55:01.3874053Z   Downloaded ppv-lite86 v0.2.21
client	Regenerate protocol types and reject stale bindings	2026-10-06T19:55:01.3882392Z   Downloaded quote v1.0.47
client	Regenerate protocol types and reject stale bindings	2026-10-06T19:55:01.3897571Z   Downloaded toml_datetime v1.1.1+spec-1.1.0
client	Regenerate protocol types and reject stale bindings	2026-10-06T19:55:01.3906130Z   Downloaded memchr v2.8.3
client	Regenerate protocol types and reject stale bindings	2026-10-06T19:55:01.3937674Z   Downloaded proc-macro2 v1.0.107
client	Regenerate protocol types and reject stale bindings	2026-10-06T19:55:01.3954971Z   Downloaded dyn-clone v1.0.20
client	Regenerate protocol types and reject stale bindings	2026-10-06T19:55:01.3965400Z   Downloaded simd-adler32 v0.3.10
client	Regenerate protocol types and reject stale bindings	2026-10-06T19:55:01.3976228Z   Downloaded thiserror-impl v2.0.21
client	Regenerate protocol types and reject stale bindings	2026-10-06T19:55:01.3986002Z   Downloaded thiserror v2.0.21
client	Regenerate protocol types and reject stale bindings	2026-10-06T19:55:01.4019710Z   Downloaded toml_writer v1.1.2+spec-1.1.0
client	Regenerate protocol types and reject stale bindings	2026-10-06T19:55:01.4033652Z   Downloaded rand_chacha v0.10.0
client	Regenerate protocol types and reject stale bindings	2026-10-06T19:55:01.4041839Z   Downloaded serde_derive_internals v0.30.0
client	Regenerate protocol types and reject stale bindings	2026-10-06T19:55:01.4058221Z   Downloaded termcolor v1.4.1
client	Regenerate protocol types and reject stale bindings	2026-10-06T19:55:01.4068857Z   Downloaded unicode-ident v1.0.26
client	Regenerate protocol types and reject stale bindings	2026-10-06T19:55:01.4084734Z   Downloaded rand_core v0.10.1
client	Regenerate protocol types and reject stale bindings	2026-10-06T19:55:01.4095317Z   Downloaded rmp-serde v1.3.1
client	Regenerate protocol types and reject stale bindings	2026-10-06T19:55:01.4106622Z   Downloaded toml_parser v1.1.3+spec-1.1.0
client	Regenerate protocol types and reject stale bindings	2026-10-06T19:55:01.4123456Z   Downloaded crc32fast v1.5.2
client	Regenerate protocol types and reject stale bindings	2026-10-06T19:55:01.4139353Z   Downloaded zmij v1.0.23
client	Regenerate protocol types and reject stale bindings	2026-10-06T19:55:01.4150886Z   Downloaded postcard v1.1.3
client	Regenerate protocol types and reject stale bindings	2026-10-06T19:55:01.4165750Z   Downloaded toml v1.1.6+spec-1.1.0
client	Regenerate protocol types and reject stale bindings	2026-10-06T19:55:01.4191491Z   Downloaded miniz_oxide v0.8.9
client	Regenerate protocol types and reject stale bindings	2026-10-06T19:55:01.4208315Z   Downloaded num-traits v0.2.19
client	Regenerate protocol types and reject stale bindings	2026-10-06T19:55:01.4226023Z   Downloaded serde_core v1.0.229
client	Regenerate protocol types and reject stale bindings	2026-10-06T19:55:01.4245336Z   Downloaded schemars_derive v1.2.2
client	Regenerate protocol types and reject stale bindings	2026-10-06T19:55:01.4260514Z   Downloaded serde_derive v1.0.229
client	Regenerate protocol types and reject stale bindings	2026-10-06T19:55:01.4283365Z   Downloaded flate2 v1.1.10
client	Regenerate protocol types and reject stale bindings	2026-10-06T19:55:01.4313505Z   Downloaded miniz_oxide v0.9.1
client	Regenerate protocol types and reject stale bindings	2026-10-06T19:55:01.4330537Z   Downloaded schemars v1.2.2
client	Regenerate protocol types and reject stale bindings	2026-10-06T19:55:01.4418441Z   Downloaded indexmap v2.14.2
client	Regenerate protocol types and reject stale bindings	2026-10-06T19:55:01.4445417Z   Downloaded serde v1.0.229
client	Regenerate protocol types and reject stale bindings	2026-10-06T19:55:01.4466295Z   Downloaded hashbrown v0.17.1
client	Regenerate protocol types and reject stale bindings	2026-10-06T19:55:01.4499709Z   Downloaded typenum v1.20.1
client	Regenerate protocol types and reject stale bindings	2026-10-06T19:55:01.4522514Z   Downloaded png v0.18.1
client	Regenerate protocol types and reject stale bindings	2026-10-06T19:55:01.4548636Z   Downloaded serde_json v1.0.151
client	Regenerate protocol types and reject stale bindings	2026-10-06T19:55:01.4590882Z   Downloaded winnow v1.0.4
client	Regenerate protocol types and reject stale bindings	2026-10-06T19:55:01.4648462Z   Downloaded zerocopy-derive v0.8.60
client	Regenerate protocol types and reject stale bindings	2026-10-06T19:55:01.4713718Z   Downloaded zlib-rs v0.6.8
client	Regenerate protocol types and reject stale bindings	2026-10-06T19:55:01.4748112Z   Downloaded fixed v1.31.0
client	Regenerate protocol types and reject stale bindings	2026-10-06T19:55:01.4793921Z   Downloaded syn v3.0.6
client	Regenerate protocol types and reject stale bindings	2026-10-06T19:55:01.4860110Z   Downloaded syn v2.0.119
client	Regenerate protocol types and reject stale bindings	2026-10-06T19:55:01.4925731Z   Downloaded zerocopy v0.8.60
client	Regenerate protocol types and reject stale bindings	2026-10-06T19:55:01.5226592Z    Compiling proc-macro2 v1.0.107
client	Regenerate protocol types and reject stale bindings	2026-10-06T19:55:01.5227045Z    Compiling unicode-ident v1.0.26
client	Regenerate protocol types and reject stale bindings	2026-10-06T19:55:01.5227354Z    Compiling quote v1.0.47
client	Regenerate protocol types and reject stale bindings	2026-10-06T19:55:01.5227666Z    Compiling serde_core v1.0.229
client	Regenerate protocol types and reject stale bindings	2026-10-06T19:55:01.5757638Z    Compiling zerocopy v0.8.60
client	Regenerate protocol types and reject stale bindings	2026-10-06T19:55:01.6813348Z    Compiling serde v1.0.229
client	Regenerate protocol types and reject stale bindings	2026-10-06T19:55:01.8019263Z    Compiling thiserror v2.0.21
client	Regenerate protocol types and reject stale bindings	2026-10-06T19:55:01.8298991Z    Compiling cfg-if v1.0.5
client	Regenerate protocol types and reject stale bindings	2026-10-06T19:55:01.8569143Z    Compiling simd-adler32 v0.3.10
client	Regenerate protocol types and reject stale bindings	2026-10-06T19:55:02.0119182Z    Compiling crc32fast v1.5.2
client	Regenerate protocol types and reject stale bindings	2026-10-06T19:55:02.0159056Z    Compiling adler2 v2.0.1
client	Regenerate protocol types and reject stale bindings	2026-10-06T19:55:02.0695905Z    Compiling zmij v1.0.23
client	Regenerate protocol types and reject stale bindings	2026-10-06T19:55:02.2029221Z    Compiling autocfg v1.5.1
client	Regenerate protocol types and reject stale bindings	2026-10-06T19:55:02.2720424Z    Compiling ref-cast v1.0.27
client	Regenerate protocol types and reject stale bindings	2026-10-06T19:55:02.3409157Z    Compiling syn v3.0.6
client	Regenerate protocol types and reject stale bindings	2026-10-06T19:55:02.4159778Z    Compiling syn v2.0.119
client	Regenerate protocol types and reject stale bindings	2026-10-06T19:55:02.4959160Z    Compiling fixed v1.31.0
client	Regenerate protocol types and reject stale bindings	2026-10-06T19:55:02.5930240Z    Compiling serde_json v1.0.151
client	Regenerate protocol types and reject stale bindings	2026-10-06T19:55:02.6779221Z    Compiling num-traits v0.2.19
client	Regenerate protocol types and reject stale bindings	2026-10-06T19:55:03.1403479Z    Compiling miniz_oxide v0.9.1
client	Regenerate protocol types and reject stale bindings	2026-10-06T19:55:03.7499270Z    Compiling serde_derive_internals v0.30.0
client	Regenerate protocol types and reject stale bindings	2026-10-06T19:55:03.7635132Z    Compiling typenum v1.20.1
client	Regenerate protocol types and reject stale bindings	2026-10-06T19:55:04.3999221Z    Compiling itoa v1.0.18
client	Regenerate protocol types and reject stale bindings	2026-10-06T19:55:04.5036244Z    Compiling serde_derive v1.0.229
client	Regenerate protocol types and reject stale bindings	2026-10-06T19:55:04.5077797Z    Compiling thiserror-impl v2.0.21
client	Regenerate protocol types and reject stale bindings	2026-10-06T19:55:04.5231103Z    Compiling ref-cast-impl v1.0.27
client	Regenerate protocol types and reject stale bindings	2026-10-06T19:55:04.7992750Z    Compiling bytemuck v1.25.2
client	Regenerate protocol types and reject stale bindings	2026-10-06T19:55:04.9414788Z    Compiling az v1.3.0
client	Regenerate protocol types and reject stale bindings	2026-10-06T19:55:05.5279205Z    Compiling cobs v0.3.0
client	Regenerate protocol types and reject stale bindings	2026-10-06T19:55:05.6299123Z    Compiling memchr v2.8.3
client	Regenerate protocol types and reject stale bindings	2026-10-06T19:55:05.9113442Z    Compiling rand_core v0.10.1
client	Regenerate protocol types and reject stale bindings	2026-10-06T19:55:05.9943256Z    Compiling winnow v1.0.4
client	Regenerate protocol types and reject stale bindings	2026-10-06T19:55:06.3039775Z    Compiling toml_parser v1.1.3+spec-1.1.0
client	Regenerate protocol types and reject stale bindings	2026-10-06T19:55:06.5179357Z    Compiling zerocopy-derive v0.8.60
client	Regenerate protocol types and reject stale bindings	2026-10-06T19:55:06.9749268Z    Compiling schemars_derive v1.2.2
client	Regenerate protocol types and reject stale bindings	2026-10-06T19:55:07.3919258Z    Compiling serde_spanned v1.1.1
client	Regenerate protocol types and reject stale bindings	2026-10-06T19:55:07.4549238Z    Compiling toml_datetime v1.1.1+spec-1.1.0
client	Regenerate protocol types and reject stale bindings	2026-10-06T19:55:07.6479225Z    Compiling postcard v1.1.3
client	Regenerate protocol types and reject stale bindings	2026-10-06T19:55:07.6699060Z    Compiling flate2 v1.1.10
client	Regenerate protocol types and reject stale bindings	2026-10-06T19:55:07.9699817Z    Compiling miniz_oxide v0.8.9
client	Regenerate protocol types and reject stale bindings	2026-10-06T19:55:08.0043667Z    Compiling fdeflate v0.3.7
client	Regenerate protocol types and reject stale bindings	2026-10-06T19:55:08.2619564Z    Compiling toml_writer v1.1.2+spec-1.1.0
client	Regenerate protocol types and reject stale bindings	2026-10-06T19:55:08.3619362Z    Compiling bitflags v2.13.2
client	Regenerate protocol types and reject stale bindings	2026-10-06T19:55:08.4020421Z    Compiling semver v1.0.28
client	Regenerate protocol types and reject stale bindings	2026-10-06T19:55:08.5179299Z    Compiling dyn-clone v1.0.20
client	Regenerate protocol types and reject stale bindings	2026-10-06T19:55:08.5799637Z    Compiling schemars v1.2.2
client	Regenerate protocol types and reject stale bindings	2026-10-06T19:55:08.6168980Z    Compiling png v0.18.1
client	Regenerate protocol types and reject stale bindings	2026-10-06T19:55:08.6386860Z    Compiling toml v1.1.6+spec-1.1.0
client	Regenerate protocol types and reject stale bindings	2026-10-06T19:55:10.1639176Z    Compiling termcolor v1.4.1
client	Regenerate protocol types and reject stale bindings	2026-10-06T19:55:10.3411223Z    Compiling rmp v0.8.15
client	Regenerate protocol types and reject stale bindings	2026-10-06T19:55:10.3763032Z    Compiling ts-rs-macros v12.0.1
client	Regenerate protocol types and reject stale bindings	2026-10-06T19:55:10.4949841Z    Compiling rmp-serde v1.3.1
client	Regenerate protocol types and reject stale bindings	2026-10-06T19:55:11.1790201Z    Compiling ts-rs v12.0.1
client	Regenerate protocol types and reject stale bindings	2026-10-06T19:55:11.4309682Z    Compiling ppv-lite86 v0.2.21
client	Regenerate protocol types and reject stale bindings	2026-10-06T19:55:11.4769194Z    Compiling half v2.7.1
client	Regenerate protocol types and reject stale bindings	2026-10-06T19:55:11.6618745Z    Compiling rand_chacha v0.10.0
client	Regenerate protocol types and reject stale bindings	2026-10-06T19:55:16.4396012Z    Compiling oh_core v0.1.0 (/home/runner/work/OpenHOI4/OpenHOI4/crates/oh_core)
client	Regenerate protocol types and reject stale bindings	2026-10-06T19:55:16.5489987Z    Compiling oh_data v0.1.0 (/home/runner/work/OpenHOI4/OpenHOI4/crates/oh_data)
client	Regenerate protocol types and reject stale bindings	2026-10-06T19:55:17.1180598Z    Compiling oh_sim v0.1.0 (/home/runner/work/OpenHOI4/OpenHOI4/crates/oh_sim)
client	Regenerate protocol types and reject stale bindings	2026-10-06T19:55:17.4920965Z    Compiling oh_proto v0.1.0 (/home/runner/work/OpenHOI4/OpenHOI4/crates/oh_proto)
client	Regenerate protocol types and reject stale bindings	2026-10-06T19:55:18.9319893Z     Finished `dev` profile [unoptimized + debuginfo] target(s) in 17.92s
client	Regenerate protocol types and reject stale bindings	2026-10-06T19:55:18.9596151Z      Running `target/debug/examples/generate`
client	Run npm --prefix client run typecheck	﻿2026-10-06T19:55:20.2591345Z ##[group]Run npm --prefix client run typecheck
client	Run npm --prefix client run typecheck	2026-10-06T19:55:20.2591701Z [36;1mnpm --prefix client run typecheck[0m
client	Run npm --prefix client run typecheck	2026-10-06T19:55:20.2627480Z shell: /usr/bin/bash -e {0}
client	Run npm --prefix client run typecheck	2026-10-06T19:55:20.2627766Z ##[endgroup]
client	Run npm --prefix client run typecheck	2026-10-06T19:55:20.3487197Z
client	Run npm --prefix client run typecheck	2026-10-06T19:55:20.3487909Z > openhoi-client@0.1.0 typecheck
client	Run npm --prefix client run typecheck	2026-10-06T19:55:20.3488789Z > tsc --noEmit
client	Run npm --prefix client run typecheck	2026-10-06T19:55:20.3488998Z
client	Run npm --prefix client test	﻿2026-10-06T19:55:20.9229184Z ##[group]Run npm --prefix client test
client	Run npm --prefix client test	2026-10-06T19:55:20.9229530Z [36;1mnpm --prefix client test[0m
client	Run npm --prefix client test	2026-10-06T19:55:20.9264363Z shell: /usr/bin/bash -e {0}
client	Run npm --prefix client test	2026-10-06T19:55:20.9264642Z ##[endgroup]
client	Run npm --prefix client test	2026-10-06T19:55:21.0102737Z
client	Run npm --prefix client test	2026-10-06T19:55:21.0103538Z > openhoi-client@0.1.0 pretest
client	Run npm --prefix client test	2026-10-06T19:55:21.0104059Z > cargo run -p oh_proto --example wire_fixtures
client	Run npm --prefix client test	2026-10-06T19:55:21.0104280Z
client	Run npm --prefix client test	2026-10-06T19:55:21.0823827Z    Compiling oh_proto v0.1.0 (/home/runner/work/OpenHOI4/OpenHOI4/crates/oh_proto)
client	Run npm --prefix client test	2026-10-06T19:55:21.3691313Z     Finished `dev` profile [unoptimized + debuginfo] target(s) in 0.33s
client	Run npm --prefix client test	2026-10-06T19:55:21.3725888Z      Running `/home/runner/work/OpenHOI4/OpenHOI4/target/debug/examples/wire_fixtures`
client	Run npm --prefix client test	2026-10-06T19:55:21.3785388Z
client	Run npm --prefix client test	2026-10-06T19:55:21.3786018Z > openhoi-client@0.1.0 test
client	Run npm --prefix client test	2026-10-06T19:55:21.3786514Z > vitest run
client	Run npm --prefix client test	2026-10-06T19:55:21.3786725Z
client	Run npm --prefix client test	2026-10-06T19:55:21.6284275Z
client	Run npm --prefix client test	2026-10-06T19:55:21.6288699Z [1m[30m[46m RUN [49m[39m[22m [36mv5.0.3 [39m[90m/home/runner/work/OpenHOI4/OpenHOI4/client[39m
client	Run npm --prefix client test	2026-10-06T19:55:21.6289478Z
client	Run npm --prefix client test	2026-10-06T19:55:21.9642769Z  [32m✓[39m src/networkValidation.test.ts [2m([22m[2m114 tests[22m[2m)[22m[32m 87[2mms[22m[39m
client	Run npm --prefix client test	2026-10-06T19:55:21.9670295Z  [32m✓[39m src/i18n.test.tsx [2m([22m[2m3 tests[22m[2m)[22m[32m 41[2mms[22m[39m
client	Run npm --prefix client test	2026-10-06T19:55:22.0163595Z  [32m✓[39m src/national.test.tsx [2m([22m[2m3 tests[22m[2m)[22m[32m 90[2mms[22m[39m
client	Run npm --prefix client test	2026-10-06T19:55:22.1718274Z  [32m✓[39m src/map/model.test.ts [2m([22m[2m4 tests[22m[2m)[22m[32m 14[2mms[22m[39m
client	Run npm --prefix client test	2026-10-06T19:55:22.1922158Z  [32m✓[39m src/network.test.ts [2m([22m[2m2 tests[22m[2m)[22m[32m 7[2mms[22m[39m
client	Run npm --prefix client test	2026-10-06T19:55:22.4825538Z  [32m✓[39m src/App.test.tsx [2m([22m[2m1 test[22m[2m)[22m[32m 24[2mms[22m[39m
client	Run npm --prefix client test	2026-10-06T19:55:22.6704916Z  [32m✓[39m src/localization.test.ts [2m([22m[2m3 tests[22m[2m)[22m[33m 528[2mms[22m[39m
client	Run npm --prefix client test	2026-10-06T19:55:22.6705884Z    [33m[2m✓[22m[39m REQ-LOC-02 font cmap contains actual ko catalog glyphs, all Hangul syllables and CJK examples[33m 520[2mms[22m[39m
client	Run npm --prefix client test	2026-10-06T19:55:22.6733433Z
client	Run npm --prefix client test	2026-10-06T19:55:22.6737448Z [2m Test Files [22m [1m[32m7 passed[39m[22m[90m (7)[39m
client	Run npm --prefix client test	2026-10-06T19:55:22.6738564Z [2m      Tests [22m [1m[32m130 passed[39m[22m[90m (130)[39m
client	Run npm --prefix client test	2026-10-06T19:55:22.6739247Z [2m   Start at [22m 19:55:21
client	Run npm --prefix client test	2026-10-06T19:55:22.6742744Z [2m   Duration [22m 1.04s[2m (tests 54%, import 26%, transform 17%, worker 3%)[22m
client	Run npm --prefix client test	2026-10-06T19:55:22.6754564Z
client	Run npm --prefix client run build	﻿2026-10-06T19:55:22.6970477Z ##[group]Run npm --prefix client run build
client	Run npm --prefix client run build	2026-10-06T19:55:22.6970812Z [36;1mnpm --prefix client run build[0m
client	Run npm --prefix client run build	2026-10-06T19:55:22.7006727Z shell: /usr/bin/bash -e {0}
client	Run npm --prefix client run build	2026-10-06T19:55:22.7007019Z ##[endgroup]
client	Run npm --prefix client run build	2026-10-06T19:55:22.7833687Z
client	Run npm --prefix client run build	2026-10-06T19:55:22.7834693Z > openhoi-client@0.1.0 build
client	Run npm --prefix client run build	2026-10-06T19:55:22.7835274Z > tsc --noEmit && vite build
client	Run npm --prefix client run build	2026-10-06T19:55:22.7835540Z
client	Run npm --prefix client run build	2026-10-06T19:55:23.4739714Z [36mvite v8.3.3 [32mbuilding client environment for production...[36m[39m
client	Run npm --prefix client run build	2026-10-06T19:55:23.4832186Z transforming...
client	Run npm --prefix client run build	2026-10-06T19:55:23.7147221Z ✓ 55 modules transformed.
client	Run npm --prefix client run build	2026-10-06T19:55:23.8054626Z rendering chunks...
client	Run npm --prefix client run build	2026-10-06T19:55:23.9601574Z computing gzip size...
client	Run npm --prefix client run build	2026-10-06T19:55:23.9777769Z dist/index.html                     0.36 kB │ gzip:   0.25 kB
client	Run npm --prefix client run build	2026-10-06T19:55:23.9778958Z dist/assets/index-B9cOsW2B.css      4.39 kB │ gzip:   1.57 kB
client	Run npm --prefix client run build	2026-10-06T19:55:23.9779883Z dist/assets/index-C11MJPRn.js   1,170.78 kB │ gzip: 331.23 kB
client	Run npm --prefix client run build	2026-10-06T19:55:23.9780277Z
client	Run npm --prefix client run build	2026-10-06T19:55:23.9780676Z [32m✓ built in 503ms[39m
client	Run npm --prefix client run build	2026-10-06T19:55:23.9785664Z [33m[plugin builtin:vite-reporter]
client	Run npm --prefix client run build	2026-10-06T19:55:23.9786777Z (!) Some chunks are larger than 500 kB after minification. Consider:
client	Run npm --prefix client run build	2026-10-06T19:55:23.9787821Z - Using dynamic import() to code-split the application
client	Run npm --prefix client run build	2026-10-06T19:55:23.9789562Z - Use build.rolldownOptions.output.codeSplitting to improve chunking: https://rolldown.rs/reference/OutputOptions.codeSplitting
client	Run npm --prefix client run build	2026-10-06T19:55:23.9791205Z - Adjust chunk size limit for this warning via build.chunkSizeWarningLimit.[39m
client	Run cargo build -p oh_server --locked	﻿2026-10-06T19:55:23.9967263Z ##[group]Run cargo build -p oh_server --locked
client	Run cargo build -p oh_server --locked	2026-10-06T19:55:23.9967634Z [36;1mcargo build -p oh_server --locked[0m
client	Run cargo build -p oh_server --locked	2026-10-06T19:55:24.0003658Z shell: /usr/bin/bash -e {0}
client	Run cargo build -p oh_server --locked	2026-10-06T19:55:24.0004020Z ##[endgroup]
client	Run cargo build -p oh_server --locked	2026-10-06T19:55:24.0508138Z  Downloading crates ...
client	Run cargo build -p oh_server --locked	2026-10-06T19:55:24.0965937Z   Downloaded atomic-waker v1.1.2
client	Run cargo build -p oh_server --locked	2026-10-06T19:55:24.1047141Z   Downloaded generic-array v0.14.7
client	Run cargo build -p oh_server --locked	2026-10-06T19:55:24.1124387Z   Downloaded tungstenite v0.29.0
client	Run cargo build -p oh_server --locked	2026-10-06T19:55:24.1182274Z   Downloaded block-buffer v0.10.4
client	Run cargo build -p oh_server --locked	2026-10-06T19:55:24.1189506Z   Downloaded axum-core v0.5.6
client	Run cargo build -p oh_server --locked	2026-10-06T19:55:24.1204046Z   Downloaded mime v0.3.17
client	Run cargo build -p oh_server --locked	2026-10-06T19:55:24.1225050Z   Downloaded bytes v1.12.1
client	Run cargo build -p oh_server --locked	2026-10-06T19:55:24.1250492Z   Downloaded tower v0.5.3
client	Run cargo build -p oh_server --locked	2026-10-06T19:55:24.1314921Z   Downloaded cpufeatures v0.2.17
client	Run cargo build -p oh_server --locked	2026-10-06T19:55:24.1325259Z   Downloaded hyper-util v0.1.21
client	Run cargo build -p oh_server --locked	2026-10-06T19:55:24.1370198Z   Downloaded futures-core v0.3.34
client	Run cargo build -p oh_server --locked	2026-10-06T19:55:24.1381431Z   Downloaded sync_wrapper v1.0.2
client	Run cargo build -p oh_server --locked	2026-10-06T19:55:24.1386931Z   Downloaded sha1 v0.10.7
client	Run cargo build -p oh_server --locked	2026-10-06T19:55:24.1397539Z   Downloaded futures-sink v0.3.34
client	Run cargo build -p oh_server --locked	2026-10-06T19:55:24.1408357Z   Downloaded digest v0.10.7
client	Run cargo build -p oh_server --locked	2026-10-06T19:55:24.1425763Z   Downloaded http-body-util v0.1.5
client	Run cargo build -p oh_server --locked	2026-10-06T19:55:24.1438644Z   Downloaded serde_path_to_error v0.1.20
client	Run cargo build -p oh_server --locked	2026-10-06T19:55:24.1455311Z   Downloaded smallvec v1.16.2
client	Run cargo build -p oh_server --locked	2026-10-06T19:55:24.1466610Z   Downloaded version_check v0.9.5
client	Run cargo build -p oh_server --locked	2026-10-06T19:55:24.1473599Z   Downloaded base64 v0.22.1
client	Run cargo build -p oh_server --locked	2026-10-06T19:55:24.1496369Z   Downloaded data-encoding v2.11.1
client	Run cargo build -p oh_server --locked	2026-10-06T19:55:24.1503484Z   Downloaded httparse v1.10.1
client	Run cargo build -p oh_server --locked	2026-10-06T19:55:24.1518330Z   Downloaded futures-task v0.3.34
client	Run cargo build -p oh_server --locked	2026-10-06T19:55:24.1525524Z   Downloaded serde_urlencoded v0.7.1
client	Run cargo build -p oh_server --locked	2026-10-06T19:55:24.1535236Z   Downloaded tokio-macros v2.7.2
client	Run cargo build -p oh_server --locked	2026-10-06T19:55:24.1542365Z   Downloaded tower-layer v0.3.3
client	Run cargo build -p oh_server --locked	2026-10-06T19:55:24.1547818Z   Downloaded getrandom v0.3.4
client	Run cargo build -p oh_server --locked	2026-10-06T19:55:24.1568788Z   Downloaded matchit v0.8.4
client	Run cargo build -p oh_server --locked	2026-10-06T19:55:24.1582085Z   Downloaded rand v0.9.5
client	Run cargo build -p oh_server --locked	2026-10-06T19:55:24.1607223Z   Downloaded rand_core v0.9.5
client	Run cargo build -p oh_server --locked	2026-10-06T19:55:24.1615619Z   Downloaded slab v0.4.12
client	Run cargo build -p oh_server --locked	2026-10-06T19:55:24.1623344Z   Downloaded socket2 v0.6.5
client	Run cargo build -p oh_server --locked	2026-10-06T19:55:24.1636514Z   Downloaded tower-service v0.3.3
client	Run cargo build -p oh_server --locked	2026-10-06T19:55:24.1641878Z   Downloaded form_urlencoded v1.2.2
client	Run cargo build -p oh_server --locked	2026-10-06T19:55:24.1647046Z   Downloaded log v0.4.34
client	Run cargo build -p oh_server --locked	2026-10-06T19:55:24.1663086Z   Downloaded percent-encoding v2.3.2
client	Run cargo build -p oh_server --locked	2026-10-06T19:55:24.1668576Z   Downloaded errno v0.3.14
client	Run cargo build -p oh_server --locked	2026-10-06T19:55:24.1677248Z   Downloaded http-body v1.1.0
client	Run cargo build -p oh_server --locked	2026-10-06T19:55:24.1683516Z   Downloaded httpdate v1.0.3
client	Run cargo build -p oh_server --locked	2026-10-06T19:55:24.1690520Z   Downloaded mio v1.2.4
client	Run cargo build -p oh_server --locked	2026-10-06T19:55:24.1725503Z   Downloaded signal-hook-registry v1.4.8
client	Run cargo build -p oh_server --locked	2026-10-06T19:55:24.1733439Z   Downloaded http v1.5.0
client	Run cargo build -p oh_server --locked	2026-10-06T19:55:24.1757135Z   Downloaded rand_chacha v0.9.0
client	Run cargo build -p oh_server --locked	2026-10-06T19:55:24.1764849Z   Downloaded futures-channel v0.3.34
client	Run cargo build -p oh_server --locked	2026-10-06T19:55:24.1776240Z   Downloaded ryu v1.0.23
client	Run cargo build -p oh_server --locked	2026-10-06T19:55:24.1796329Z   Downloaded axum v0.8.9
client	Run cargo build -p oh_server --locked	2026-10-06T19:55:24.1845610Z   Downloaded hyper v1.11.1
client	Run cargo build -p oh_server --locked	2026-10-06T19:55:24.1889546Z   Downloaded tokio-tungstenite v0.29.0
client	Run cargo build -p oh_server --locked	2026-10-06T19:55:24.1903521Z   Downloaded pin-project-lite v0.2.17
client	Run cargo build -p oh_server --locked	2026-10-06T19:55:24.1932870Z   Downloaded crypto-common v0.1.7
client	Run cargo build -p oh_server --locked	2026-10-06T19:55:24.1938798Z   Downloaded futures-util v0.3.34
client	Run cargo build -p oh_server --locked	2026-10-06T19:55:24.2009761Z   Downloaded tokio v1.53.2
client	Run cargo build -p oh_server --locked	2026-10-06T19:55:24.2267226Z   Downloaded libc v0.2.190
client	Run cargo build -p oh_server --locked	2026-10-06T19:55:24.2783337Z    Compiling serde_core v1.0.229
client	Run cargo build -p oh_server --locked	2026-10-06T19:55:24.2783952Z    Compiling libc v0.2.190
client	Run cargo build -p oh_server --locked	2026-10-06T19:55:24.2789018Z    Compiling syn v3.0.6
client	Run cargo build -p oh_server --locked	2026-10-06T19:55:24.2822265Z    Compiling ppv-lite86 v0.2.21
client	Run cargo build -p oh_server --locked	2026-10-06T19:55:24.5649281Z    Compiling bytes v1.12.1
client	Run cargo build -p oh_server --locked	2026-10-06T19:55:25.1490465Z    Compiling version_check v0.9.5
client	Run cargo build -p oh_server --locked	2026-10-06T19:55:25.3399418Z    Compiling generic-array v0.14.7
client	Run cargo build -p oh_server --locked	2026-10-06T19:55:25.4050143Z    Compiling pin-project-lite v0.2.17
client	Run cargo build -p oh_server --locked	2026-10-06T19:55:25.4359241Z    Compiling futures-core v0.3.34
client	Run cargo build -p oh_server --locked	2026-10-06T19:55:25.5009269Z    Compiling serde_json v1.0.151
client	Run cargo build -p oh_server --locked	2026-10-06T19:55:25.5159391Z    Compiling http v1.5.0
client	Run cargo build -p oh_server --locked	2026-10-06T19:55:25.5811071Z    Compiling getrandom v0.3.4
client	Run cargo build -p oh_server --locked	2026-10-06T19:55:25.7299080Z    Compiling memchr v2.8.3
client	Run cargo build -p oh_server --locked	2026-10-06T19:55:26.4196812Z    Compiling serde_derive_internals v0.30.0
client	Run cargo build -p oh_server --locked	2026-10-06T19:55:26.9659059Z    Compiling errno v0.3.14
client	Run cargo build -p oh_server --locked	2026-10-06T19:55:27.0319185Z    Compiling httparse v1.10.1
client	Run cargo build -p oh_server --locked	2026-10-06T19:55:27.1794781Z    Compiling rand_chacha v0.10.0
client	Run cargo build -p oh_server --locked	2026-10-06T19:55:27.2069371Z    Compiling signal-hook-registry v1.4.8
client	Run cargo build -p oh_server --locked	2026-10-06T19:55:27.4049287Z    Compiling serde_spanned v1.1.1
client	Run cargo build -p oh_server --locked	2026-10-06T19:55:27.4690032Z    Compiling toml_datetime v1.1.1+spec-1.1.0
client	Run cargo build -p oh_server --locked	2026-10-06T19:55:27.4915951Z    Compiling mio v1.2.4
client	Run cargo build -p oh_server --locked	2026-10-06T19:55:27.6177593Z    Compiling socket2 v0.6.5
client	Run cargo build -p oh_server --locked	2026-10-06T19:55:27.6211014Z    Compiling serde_derive v1.0.229
client	Run cargo build -p oh_server --locked	2026-10-06T19:55:27.7259261Z    Compiling thiserror-impl v2.0.21
client	Run cargo build -p oh_server --locked	2026-10-06T19:55:27.9399157Z    Compiling ref-cast-impl v1.0.27
client	Run cargo build -p oh_server --locked	2026-10-06T19:55:28.0619061Z    Compiling tokio-macros v2.7.2
client	Run cargo build -p oh_server --locked	2026-10-06T19:55:28.2295136Z    Compiling ref-cast v1.0.27
client	Run cargo build -p oh_server --locked	2026-10-06T19:55:28.2699230Z    Compiling schemars_derive v1.2.2
client	Run cargo build -p oh_server --locked	2026-10-06T19:55:28.4884318Z    Compiling toml v1.1.6+spec-1.1.0
client	Run cargo build -p oh_server --locked	2026-10-06T19:55:28.7119732Z    Compiling thiserror v2.0.21
client	Run cargo build -p oh_server --locked	2026-10-06T19:55:28.7505525Z    Compiling cobs v0.3.0
client	Run cargo build -p oh_server --locked	2026-10-06T19:55:28.8449314Z    Compiling tokio v1.53.2
client	Run cargo build -p oh_server --locked	2026-10-06T19:55:29.5559162Z    Compiling rand_core v0.9.5
client	Run cargo build -p oh_server --locked	2026-10-06T19:55:29.8999199Z    Compiling block-buffer v0.10.4
client	Run cargo build -p oh_server --locked	2026-10-06T19:55:29.9609260Z    Compiling crypto-common v0.1.7
client	Run cargo build -p oh_server --locked	2026-10-06T19:55:30.0069203Z    Compiling http-body v1.1.0
client	Run cargo build -p oh_server --locked	2026-10-06T19:55:30.0362155Z    Compiling digest v0.10.7
client	Run cargo build -p oh_server --locked	2026-10-06T19:55:30.0729105Z    Compiling rand_chacha v0.9.0
client	Run cargo build -p oh_server --locked	2026-10-06T19:55:30.1519681Z    Compiling futures-task v0.3.34
client	Run cargo build -p oh_server --locked	2026-10-06T19:55:30.2249243Z    Compiling serde v1.0.229
client	Run cargo build -p oh_server --locked	2026-10-06T19:55:30.2443951Z    Compiling cpufeatures v0.2.17
client	Run cargo build -p oh_server --locked	2026-10-06T19:55:30.2736343Z    Compiling tower-service v0.3.3
client	Run cargo build -p oh_server --locked	2026-10-06T19:55:30.3060127Z    Compiling slab v0.4.12
client	Run cargo build -p oh_server --locked	2026-10-06T19:55:30.3629013Z    Compiling futures-sink v0.3.34
client	Run cargo build -p oh_server --locked	2026-10-06T19:55:30.3959385Z    Compiling futures-util v0.3.34
client	Run cargo build -p oh_server --locked	2026-10-06T19:55:30.3979609Z    Compiling sha1 v0.10.7
client	Run cargo build -p oh_server --locked	2026-10-06T19:55:30.5289115Z    Compiling rand v0.9.5
client	Run cargo build -p oh_server --locked	2026-10-06T19:55:30.7239229Z    Compiling postcard v1.1.3
client	Run cargo build -p oh_server --locked	2026-10-06T19:55:30.9749149Z    Compiling fixed v1.31.0
client	Run cargo build -p oh_server --locked	2026-10-06T19:55:31.0509172Z    Compiling schemars v1.2.2
client	Run cargo build -p oh_server --locked	2026-10-06T19:55:32.3909095Z    Compiling futures-channel v0.3.34
client	Run cargo build -p oh_server --locked	2026-10-06T19:55:32.5299166Z    Compiling log v0.4.34
client	Run cargo build -p oh_server --locked	2026-10-06T19:55:32.6402315Z    Compiling percent-encoding v2.3.2
client	Run cargo build -p oh_server --locked	2026-10-06T19:55:32.7079753Z    Compiling tower-layer v0.3.3
client	Run cargo build -p oh_server --locked	2026-10-06T19:55:32.7468992Z    Compiling httpdate v1.0.3
client	Run cargo build -p oh_server --locked	2026-10-06T19:55:32.8149115Z    Compiling smallvec v1.16.2
client	Run cargo build -p oh_server --locked	2026-10-06T19:55:32.8920164Z    Compiling atomic-waker v1.1.2
client	Run cargo build -p oh_server --locked	2026-10-06T19:55:32.9442589Z    Compiling sync_wrapper v1.0.2
client	Run cargo build -p oh_server --locked	2026-10-06T19:55:32.9500434Z    Compiling data-encoding v2.11.1
client	Run cargo build -p oh_server --locked	2026-10-06T19:55:32.9829133Z    Compiling hyper v1.11.1
client	Run cargo build -p oh_server --locked	2026-10-06T19:55:33.7109203Z    Compiling tungstenite v0.29.0
client	Run cargo build -p oh_server --locked	2026-10-06T19:55:34.1577009Z    Compiling form_urlencoded v1.2.2
client	Run cargo build -p oh_server --locked	2026-10-06T19:55:34.1698335Z    Compiling http-body-util v0.1.5
client	Run cargo build -p oh_server --locked	2026-10-06T19:55:34.2539221Z    Compiling mime v0.3.17
client	Run cargo build -p oh_server --locked	2026-10-06T19:55:34.3658958Z    Compiling ryu v1.0.23
client	Run cargo build -p oh_server --locked	2026-10-06T19:55:34.4449213Z    Compiling serde_urlencoded v0.7.1
client	Run cargo build -p oh_server --locked	2026-10-06T19:55:34.4804836Z    Compiling axum-core v0.5.6
client	Run cargo build -p oh_server --locked	2026-10-06T19:55:34.6160300Z    Compiling tokio-tungstenite v0.29.0
client	Run cargo build -p oh_server --locked	2026-10-06T19:55:34.7369822Z    Compiling rmp-serde v1.3.1
client	Run cargo build -p oh_server --locked	2026-10-06T19:55:34.8159084Z    Compiling ts-rs v12.0.1
client	Run cargo build -p oh_server --locked	2026-10-06T19:55:35.0879199Z    Compiling hyper-util v0.1.21
client	Run cargo build -p oh_server --locked	2026-10-06T19:55:35.3132927Z    Compiling tower v0.5.3
client	Run cargo build -p oh_server --locked	2026-10-06T19:55:35.5259126Z    Compiling serde_path_to_error v0.1.20
client	Run cargo build -p oh_server --locked	2026-10-06T19:55:35.6189518Z    Compiling oh_server v0.1.0 (/home/runner/work/OpenHOI4/OpenHOI4/crates/oh_server)
client	Run cargo build -p oh_server --locked	2026-10-06T19:55:35.7759616Z    Compiling matchit v0.8.4
client	Run cargo build -p oh_server --locked	2026-10-06T19:55:35.8209249Z    Compiling base64 v0.22.1
client	Run cargo build -p oh_server --locked	2026-10-06T19:55:36.0045592Z    Compiling axum v0.8.9
client	Run cargo build -p oh_server --locked	2026-10-06T19:55:37.5815272Z    Compiling oh_core v0.1.0 (/home/runner/work/OpenHOI4/OpenHOI4/crates/oh_core)
client	Run cargo build -p oh_server --locked	2026-10-06T19:55:37.7184869Z    Compiling oh_data v0.1.0 (/home/runner/work/OpenHOI4/OpenHOI4/crates/oh_data)
client	Run cargo build -p oh_server --locked	2026-10-06T19:55:38.3620334Z    Compiling oh_sim v0.1.0 (/home/runner/work/OpenHOI4/OpenHOI4/crates/oh_sim)
client	Run cargo build -p oh_server --locked	2026-10-06T19:55:38.7309513Z    Compiling oh_proto v0.1.0 (/home/runner/work/OpenHOI4/OpenHOI4/crates/oh_proto)
client	Run cargo build -p oh_server --locked	2026-10-06T19:55:39.1406951Z    Compiling oh_save v0.1.0 (/home/runner/work/OpenHOI4/OpenHOI4/crates/oh_save)
client	Run cargo build -p oh_server --locked	2026-10-06T19:55:39.1659814Z    Compiling oh_ai v0.1.0 (/home/runner/work/OpenHOI4/OpenHOI4/crates/oh_ai)
client	Run cargo build -p oh_server --locked	2026-10-06T19:55:41.4481191Z     Finished `dev` profile [unoptimized + debuginfo] target(s) in 17.42s
client	Browser compatibility and Rust-server WebSocket E2E	﻿2026-10-06T19:55:41.4618646Z ##[group]Run npx playwright install --with-deps chromium firefox webkit
client	Browser compatibility and Rust-server WebSocket E2E	2026-10-06T19:55:41.4619184Z [36;1mnpx playwright install --with-deps chromium firefox webkit[0m
client	Browser compatibility and Rust-server WebSocket E2E	2026-10-06T19:55:41.4619544Z [36;1mnpm run test:e2e[0m
client	Browser compatibility and Rust-server WebSocket E2E	2026-10-06T19:55:41.4654395Z shell: /usr/bin/bash -e {0}
client	Browser compatibility and Rust-server WebSocket E2E	2026-10-06T19:55:41.4654663Z env:
client	Browser compatibility and Rust-server WebSocket E2E	2026-10-06T19:55:41.4654891Z   OH_E2E_EVIDENCE: ../target/wp09/ci/m0-e2e
client	Browser compatibility and Rust-server WebSocket E2E	2026-10-06T19:55:41.4655221Z   OH_MALFORMED_EVIDENCE: ../target/wp09/ci/m0-malformed
client	Browser compatibility and Rust-server WebSocket E2E	2026-10-06T19:55:41.4655530Z ##[endgroup]
client	Browser compatibility and Rust-server WebSocket E2E	2026-10-06T19:55:42.1235118Z Installing dependencies...
client	Browser compatibility and Rust-server WebSocket E2E	2026-10-06T19:55:42.1312222Z Switching to root user to install dependencies...
client	Browser compatibility and Rust-server WebSocket E2E	2026-10-06T19:55:42.2079589Z Get:1 file:/etc/apt/apt-mirrors.txt Mirrorlist [144 B]
client	Browser compatibility and Rust-server WebSocket E2E	2026-10-06T19:55:42.2412327Z Hit:2 http://azure.archive.ubuntu.com/ubuntu noble InRelease
client	Browser compatibility and Rust-server WebSocket E2E	2026-10-06T19:55:42.2417026Z Get:6 https://packages.microsoft.com/ubuntu/24.04/prod noble InRelease [3600 B]
client	Browser compatibility and Rust-server WebSocket E2E	2026-10-06T19:55:42.2431411Z Get:3 http://azure.archive.ubuntu.com/ubuntu noble-updates InRelease [126 kB]
client	Browser compatibility and Rust-server WebSocket E2E	2026-10-06T19:55:42.2471198Z Get:4 http://azure.archive.ubuntu.com/ubuntu noble-backports InRelease [126 kB]
client	Browser compatibility and Rust-server WebSocket E2E	2026-10-06T19:55:42.2495469Z Get:5 http://azure.archive.ubuntu.com/ubuntu noble-security InRelease [126 kB]
client	Browser compatibility and Rust-server WebSocket E2E	2026-10-06T19:55:42.3491691Z Get:7 https://packages.microsoft.com/ubuntu/24.04/prod noble/main amd64 Packages [519 kB]
client	Browser compatibility and Rust-server WebSocket E2E	2026-10-06T19:55:42.3649284Z Get:8 https://packages.microsoft.com/ubuntu/24.04/prod noble/main arm64 Packages [463 kB]
client	Browser compatibility and Rust-server WebSocket E2E	2026-10-06T19:55:42.3726145Z Get:9 https://packages.microsoft.com/ubuntu/24.04/prod noble/main armhf Packages [12.6 kB]
client	Browser compatibility and Rust-server WebSocket E2E	2026-10-06T19:55:42.3865220Z Get:10 http://azure.archive.ubuntu.com/ubuntu noble-updates/main amd64 Packages [1373 kB]
client	Browser compatibility and Rust-server WebSocket E2E	2026-10-06T19:55:42.3934320Z Get:11 http://azure.archive.ubuntu.com/ubuntu noble-updates/main Translation-en [306 kB]
client	Browser compatibility and Rust-server WebSocket E2E	2026-10-06T19:55:42.3955644Z Get:12 http://azure.archive.ubuntu.com/ubuntu noble-updates/main amd64 Components [181 kB]
client	Browser compatibility and Rust-server WebSocket E2E	2026-10-06T19:55:42.3983968Z Get:13 http://azure.archive.ubuntu.com/ubuntu noble-updates/universe amd64 Packages [1700 kB]
client	Browser compatibility and Rust-server WebSocket E2E	2026-10-06T19:55:42.4075749Z Get:14 http://azure.archive.ubuntu.com/ubuntu noble-updates/universe Translation-en [341 kB]
client	Browser compatibility and Rust-server WebSocket E2E	2026-10-06T19:55:42.4087589Z Get:15 http://azure.archive.ubuntu.com/ubuntu noble-updates/universe amd64 Components [388 kB]
client	Browser compatibility and Rust-server WebSocket E2E	2026-10-06T19:55:42.4111128Z Get:16 http://azure.archive.ubuntu.com/ubuntu noble-updates/restricted amd64 Packages [1730 kB]
client	Browser compatibility and Rust-server WebSocket E2E	2026-10-06T19:55:42.4209276Z Get:17 http://azure.archive.ubuntu.com/ubuntu noble-updates/restricted Translation-en [396 kB]
client	Browser compatibility and Rust-server WebSocket E2E	2026-10-06T19:55:42.4222445Z Get:18 http://azure.archive.ubuntu.com/ubuntu noble-updates/multiverse Translation-en [13.3 kB]
client	Browser compatibility and Rust-server WebSocket E2E	2026-10-06T19:55:42.4224696Z Get:19 http://azure.archive.ubuntu.com/ubuntu noble-updates/multiverse amd64 Components [940 B]
client	Browser compatibility and Rust-server WebSocket E2E	2026-10-06T19:55:42.4789187Z Get:20 http://azure.archive.ubuntu.com/ubuntu noble-backports/main amd64 Components [5752 B]
client	Browser compatibility and Rust-server WebSocket E2E	2026-10-06T19:55:42.4805400Z Get:21 http://azure.archive.ubuntu.com/ubuntu noble-backports/universe amd64 Components [12.6 kB]
client	Browser compatibility and Rust-server WebSocket E2E	2026-10-06T19:55:42.4815137Z Get:22 http://azure.archive.ubuntu.com/ubuntu noble-security/main amd64 Packages [1072 kB]
client	Browser compatibility and Rust-server WebSocket E2E	2026-10-06T19:55:42.4868679Z Get:23 http://azure.archive.ubuntu.com/ubuntu noble-security/main Translation-en [222 kB]
client	Browser compatibility and Rust-server WebSocket E2E	2026-10-06T19:55:42.4884789Z Get:24 http://azure.archive.ubuntu.com/ubuntu noble-security/main amd64 Components [46.4 kB]
client	Browser compatibility and Rust-server WebSocket E2E	2026-10-06T19:55:42.4893064Z Get:25 http://azure.archive.ubuntu.com/ubuntu noble-security/universe amd64 Packages [1217 kB]
client	Browser compatibility and Rust-server WebSocket E2E	2026-10-06T19:55:42.4952328Z Get:26 http://azure.archive.ubuntu.com/ubuntu noble-security/universe Translation-en [245 kB]
client	Browser compatibility and Rust-server WebSocket E2E	2026-10-06T19:55:42.4969170Z Get:27 http://azure.archive.ubuntu.com/ubuntu noble-security/universe amd64 Components [76.3 kB]
client	Browser compatibility and Rust-server WebSocket E2E	2026-10-06T19:55:42.4978664Z Get:28 http://azure.archive.ubuntu.com/ubuntu noble-security/restricted amd64 Packages [1566 kB]
client	Browser compatibility and Rust-server WebSocket E2E	2026-10-06T19:55:42.5053147Z Get:29 http://azure.archive.ubuntu.com/ubuntu noble-security/restricted Translation-en [361 kB]
client	Browser compatibility and Rust-server WebSocket E2E	2026-10-06T19:55:42.5151725Z Get:30 http://azure.archive.ubuntu.com/ubuntu noble-security/multiverse Translation-en [11.6 kB]
client	Browser compatibility and Rust-server WebSocket E2E	2026-10-06T19:55:46.7603470Z Fetched 12.6 MB in 1s (9412 kB/s)
client	Browser compatibility and Rust-server WebSocket E2E	2026-10-06T19:55:47.6227473Z Reading package lists...
client	Browser compatibility and Rust-server WebSocket E2E	2026-10-06T19:55:47.6473575Z Reading package lists...
client	Browser compatibility and Rust-server WebSocket E2E	2026-10-06T19:55:47.8236341Z Building dependency tree...
client	Browser compatibility and Rust-server WebSocket E2E	2026-10-06T19:55:47.8241470Z Reading state information...
client	Browser compatibility and Rust-server WebSocket E2E	2026-10-06T19:55:47.8387418Z libasound2t64 is already the newest version (1.2.11-1ubuntu0.3).
client	Browser compatibility and Rust-server WebSocket E2E	2026-10-06T19:55:47.8388483Z libasound2t64 set to manually installed.
client	Browser compatibility and Rust-server WebSocket E2E	2026-10-06T19:55:47.8389471Z libatk-bridge2.0-0t64 is already the newest version (2.52.0-1build1).
client	Browser compatibility and Rust-server WebSocket E2E	2026-10-06T19:55:47.8390394Z libatk-bridge2.0-0t64 set to manually installed.
client	Browser compatibility and Rust-server WebSocket E2E	2026-10-06T19:55:47.8391278Z libatk1.0-0t64 is already the newest version (2.52.0-1build1).
client	Browser compatibility and Rust-server WebSocket E2E	2026-10-06T19:55:47.8392103Z libatk1.0-0t64 set to manually installed.
client	Browser compatibility and Rust-server WebSocket E2E	2026-10-06T19:55:47.8392995Z libatspi2.0-0t64 is already the newest version (2.52.0-1build1).
client	Browser compatibility and Rust-server WebSocket E2E	2026-10-06T19:55:47.8393887Z libatspi2.0-0t64 set to manually installed.
client	Browser compatibility and Rust-server WebSocket E2E	2026-10-06T19:55:47.8394655Z libcairo2 is already the newest version (1.18.0-3build1).
client	Browser compatibility and Rust-server WebSocket E2E	2026-10-06T19:55:47.8395113Z libcairo2 set to manually installed.
client	Browser compatibility and Rust-server WebSocket E2E	2026-10-06T19:55:47.8395602Z libcups2t64 is already the newest version (2.4.7-1.2ubuntu7.14).
client	Browser compatibility and Rust-server WebSocket E2E	2026-10-06T19:55:47.8396067Z libcups2t64 set to manually installed.
client	Browser compatibility and Rust-server WebSocket E2E	2026-10-06T19:55:47.8396550Z libdbus-1-3 is already the newest version (1.14.10-4ubuntu4.1).
client	Browser compatibility and Rust-server WebSocket E2E	2026-10-06T19:55:47.8397007Z libdbus-1-3 set to manually installed.
client	Browser compatibility and Rust-server WebSocket E2E	2026-10-06T19:55:47.8397497Z libdrm2 is already the newest version (2.4.125-1ubuntu0.1~24.04.2).
client	Browser compatibility and Rust-server WebSocket E2E	2026-10-06T19:55:47.8398159Z libdrm2 set to manually installed.
client	Browser compatibility and Rust-server WebSocket E2E	2026-10-06T19:55:47.8398845Z libglib2.0-0t64 is already the newest version (2.80.0-6ubuntu3.9).
client	Browser compatibility and Rust-server WebSocket E2E	2026-10-06T19:55:47.8399535Z libglib2.0-0t64 set to manually installed.
client	Browser compatibility and Rust-server WebSocket E2E	2026-10-06T19:55:47.8400021Z libnspr4 is already the newest version (2:4.35-1.1build1).
client	Browser compatibility and Rust-server WebSocket E2E	2026-10-06T19:55:47.8400457Z libnspr4 set to manually installed.
client	Browser compatibility and Rust-server WebSocket E2E	2026-10-06T19:55:47.8401250Z libnss3 is already the newest version (2:3.98-1ubuntu0.2).
client	Browser compatibility and Rust-server WebSocket E2E	2026-10-06T19:55:47.8401682Z libnss3 set to manually installed.
client	Browser compatibility and Rust-server WebSocket E2E	2026-10-06T19:55:47.8402188Z libpango-1.0-0 is already the newest version (1.52.1+ds-1build1).
client	Browser compatibility and Rust-server WebSocket E2E	2026-10-06T19:55:47.8402666Z libpango-1.0-0 set to manually installed.
client	Browser compatibility and Rust-server WebSocket E2E	2026-10-06T19:55:47.8403140Z libx11-6 is already the newest version (2:1.8.7-1build1).
client	Browser compatibility and Rust-server WebSocket E2E	2026-10-06T19:55:47.8403591Z libx11-6 set to manually installed.
client	Browser compatibility and Rust-server WebSocket E2E	2026-10-06T19:55:47.8404016Z libxcb1 is already the newest version (1.15-1ubuntu2).
client	Browser compatibility and Rust-server WebSocket E2E	2026-10-06T19:55:47.8404431Z libxcb1 set to manually installed.
client	Browser compatibility and Rust-server WebSocket E2E	2026-10-06T19:55:47.8404900Z libxcomposite1 is already the newest version (1:0.4.5-1build3).
client	Browser compatibility and Rust-server WebSocket E2E	2026-10-06T19:55:47.8405370Z libxcomposite1 set to manually installed.
client	Browser compatibility and Rust-server WebSocket E2E	2026-10-06T19:55:47.8405842Z libxdamage1 is already the newest version (1:1.1.6-1build1).
client	Browser compatibility and Rust-server WebSocket E2E	2026-10-06T19:55:47.8406295Z libxdamage1 set to manually installed.
client	Browser compatibility and Rust-server WebSocket E2E	2026-10-06T19:55:47.8406737Z libxext6 is already the newest version (2:1.3.4-1build2).
client	Browser compatibility and Rust-server WebSocket E2E	2026-10-06T19:55:47.8407164Z libxext6 set to manually installed.
client	Browser compatibility and Rust-server WebSocket E2E	2026-10-06T19:55:47.8407618Z libxfixes3 is already the newest version (1:6.0.0-2build1).
client	Browser compatibility and Rust-server WebSocket E2E	2026-10-06T19:55:47.8408248Z libxfixes3 set to manually installed.
client	Browser compatibility and Rust-server WebSocket E2E	2026-10-06T19:55:47.8408711Z libxkbcommon0 is already the newest version (1.6.0-1build1).
client	Browser compatibility and Rust-server WebSocket E2E	2026-10-06T19:55:47.8409164Z libxkbcommon0 set to manually installed.
client	Browser compatibility and Rust-server WebSocket E2E	2026-10-06T19:55:47.8409641Z libxrandr2 is already the newest version (2:1.5.2-2build1).
client	Browser compatibility and Rust-server WebSocket E2E	2026-10-06T19:55:47.8410082Z libxrandr2 set to manually installed.
client	Browser compatibility and Rust-server WebSocket E2E	2026-10-06T19:55:47.8410532Z xvfb is already the newest version (2:21.1.12-1ubuntu1.8).
client	Browser compatibility and Rust-server WebSocket E2E	2026-10-06T19:55:47.8411158Z fonts-noto-color-emoji is already the newest version (2.047-0ubuntu0.24.04.1).
client	Browser compatibility and Rust-server WebSocket E2E	2026-10-06T19:55:47.8411802Z libfontconfig1 is already the newest version (2.15.0-1.1ubuntu2).
client	Browser compatibility and Rust-server WebSocket E2E	2026-10-06T19:55:47.8412279Z libfontconfig1 set to manually installed.
client	Browser compatibility and Rust-server WebSocket E2E	2026-10-06T19:55:47.8412764Z fonts-liberation is already the newest version (1:2.1.5-3).
client	Browser compatibility and Rust-server WebSocket E2E	2026-10-06T19:55:47.8413235Z fonts-liberation set to manually installed.
client	Browser compatibility and Rust-server WebSocket E2E	2026-10-06T19:55:47.8413900Z libcairo-gobject2 is already the newest version (1.18.0-3build1).
client	Browser compatibility and Rust-server WebSocket E2E	2026-10-06T19:55:47.8414408Z libcairo-gobject2 set to manually installed.
client	Browser compatibility and Rust-server WebSocket E2E	2026-10-06T19:55:47.8414964Z libgdk-pixbuf-2.0-0 is already the newest version (2.42.10+dfsg-3ubuntu3.3).
client	Browser compatibility and Rust-server WebSocket E2E	2026-10-06T19:55:47.8415505Z libgdk-pixbuf-2.0-0 set to manually installed.
client	Browser compatibility and Rust-server WebSocket E2E	2026-10-06T19:55:47.8416024Z libgtk-3-0t64 is already the newest version (3.24.41-4ubuntu1.3).
client	Browser compatibility and Rust-server WebSocket E2E	2026-10-06T19:55:47.8416488Z libgtk-3-0t64 set to manually installed.
client	Browser compatibility and Rust-server WebSocket E2E	2026-10-06T19:55:47.8416994Z libpangocairo-1.0-0 is already the newest version (1.52.1+ds-1build1).
client	Browser compatibility and Rust-server WebSocket E2E	2026-10-06T19:55:47.8417525Z libpangocairo-1.0-0 set to manually installed.
client	Browser compatibility and Rust-server WebSocket E2E	2026-10-06T19:55:47.8418155Z libx11-xcb1 is already the newest version (2:1.8.7-1build1).
client	Browser compatibility and Rust-server WebSocket E2E	2026-10-06T19:55:47.8418612Z libx11-xcb1 set to manually installed.
client	Browser compatibility and Rust-server WebSocket E2E	2026-10-06T19:55:47.8419072Z libxcb-shm0 is already the newest version (1.15-1ubuntu2).
client	Browser compatibility and Rust-server WebSocket E2E	2026-10-06T19:55:47.8419519Z libxcb-shm0 set to manually installed.
client	Browser compatibility and Rust-server WebSocket E2E	2026-10-06T19:55:47.8419994Z libxcursor1 is already the newest version (1:1.2.1-1build1).
client	Browser compatibility and Rust-server WebSocket E2E	2026-10-06T19:55:47.8420442Z libxcursor1 set to manually installed.
client	Browser compatibility and Rust-server WebSocket E2E	2026-10-06T19:55:47.8420901Z libxi6 is already the newest version (2:1.8.1-1build1).
client	Browser compatibility and Rust-server WebSocket E2E	2026-10-06T19:55:47.8421330Z libxi6 set to manually installed.
client	Browser compatibility and Rust-server WebSocket E2E	2026-10-06T19:55:47.8421813Z libxrender1 is already the newest version (1:0.9.10-1.1build1).
client	Browser compatibility and Rust-server WebSocket E2E	2026-10-06T19:55:47.8422283Z libxrender1 set to manually installed.
client	Browser compatibility and Rust-server WebSocket E2E	2026-10-06T19:55:47.8422732Z libicu74 is already the newest version (74.2-1ubuntu3.1).
client	Browser compatibility and Rust-server WebSocket E2E	2026-10-06T19:55:47.8423273Z libatomic1 is already the newest version (14.2.0-4ubuntu2~24.04.1).
client	Browser compatibility and Rust-server WebSocket E2E	2026-10-06T19:55:47.8423752Z libatomic1 set to manually installed.
client	Browser compatibility and Rust-server WebSocket E2E	2026-10-06T19:55:47.8424220Z libenchant-2-2 is already the newest version (2.3.3-2build2).
client	Browser compatibility and Rust-server WebSocket E2E	2026-10-06T19:55:47.8424679Z libenchant-2-2 set to manually installed.
client	Browser compatibility and Rust-server WebSocket E2E	2026-10-06T19:55:47.8425146Z libepoxy0 is already the newest version (1.5.10-1build1).
client	Browser compatibility and Rust-server WebSocket E2E	2026-10-06T19:55:47.8425677Z libepoxy0 set to manually installed.
client	Browser compatibility and Rust-server WebSocket E2E	2026-10-06T19:55:47.8426178Z libgstreamer1.0-0 is already the newest version (1.24.2-1ubuntu0.1).
client	Browser compatibility and Rust-server WebSocket E2E	2026-10-06T19:55:47.8426690Z libgstreamer1.0-0 set to manually installed.
client	Browser compatibility and Rust-server WebSocket E2E	2026-10-06T19:55:47.8427180Z libharfbuzz0b is already the newest version (8.3.0-2build2).
client	Browser compatibility and Rust-server WebSocket E2E	2026-10-06T19:55:47.8427630Z libharfbuzz0b set to manually installed.
client	Browser compatibility and Rust-server WebSocket E2E	2026-10-06T19:55:47.8428316Z libjpeg-turbo8 is already the newest version (2.1.5-2ubuntu2).
client	Browser compatibility and Rust-server WebSocket E2E	2026-10-06T19:55:47.8428810Z libjpeg-turbo8 set to manually installed.
client	Browser compatibility and Rust-server WebSocket E2E	2026-10-06T19:55:47.8429273Z liblcms2-2 is already the newest version (2.14-2ubuntu0.1).
client	Browser compatibility and Rust-server WebSocket E2E	2026-10-06T19:55:47.9775566Z liblcms2-2 set to manually installed.
client	Browser compatibility and Rust-server WebSocket E2E	2026-10-06T19:55:47.9776596Z libpng16-16t64 is already the newest version (1.6.43-5ubuntu0.6).
client	Browser compatibility and Rust-server WebSocket E2E	2026-10-06T19:55:47.9777428Z libpng16-16t64 set to manually installed.
client	Browser compatibility and Rust-server WebSocket E2E	2026-10-06T19:55:47.9779197Z libwayland-client0 is already the newest version (1.22.0-2.1build1).
client	Browser compatibility and Rust-server WebSocket E2E	2026-10-06T19:55:47.9780134Z libwayland-client0 set to manually installed.
client	Browser compatibility and Rust-server WebSocket E2E	2026-10-06T19:55:47.9781238Z libwayland-egl1 is already the newest version (1.22.0-2.1build1).
client	Browser compatibility and Rust-server WebSocket E2E	2026-10-06T19:55:47.9782139Z libwayland-egl1 set to manually installed.
client	Browser compatibility and Rust-server WebSocket E2E	2026-10-06T19:55:47.9782986Z libwebp7 is already the newest version (1.3.2-0.4build3).
client	Browser compatibility and Rust-server WebSocket E2E	2026-10-06T19:55:47.9783777Z libwebp7 set to manually installed.
client	Browser compatibility and Rust-server WebSocket E2E	2026-10-06T19:55:47.9784624Z libwebpdemux2 is already the newest version (1.3.2-0.4build3).
client	Browser compatibility and Rust-server WebSocket E2E	2026-10-06T19:55:47.9785474Z libwebpdemux2 set to manually installed.
client	Browser compatibility and Rust-server WebSocket E2E	2026-10-06T19:55:47.9786357Z libxml2 is already the newest version (2.9.14+dfsg-1.3ubuntu3.9).
client	Browser compatibility and Rust-server WebSocket E2E	2026-10-06T19:55:47.9786853Z libxml2 set to manually installed.
client	Browser compatibility and Rust-server WebSocket E2E	2026-10-06T19:55:47.9787369Z libxslt1.1 is already the newest version (1.1.39-0exp1ubuntu0.24.04.3).
client	Browser compatibility and Rust-server WebSocket E2E	2026-10-06T19:55:47.9787864Z libxslt1.1 set to manually installed.
client	Browser compatibility and Rust-server WebSocket E2E	2026-10-06T19:55:47.9788568Z The following additional packages will be installed:
client	Browser compatibility and Rust-server WebSocket E2E	2026-10-06T19:55:47.9789119Z   glib-networking glib-networking-common glib-networking-services
client	Browser compatibility and Rust-server WebSocket E2E	2026-10-06T19:55:47.9789737Z   gsettings-desktop-schemas libaa1 libabsl20220623t64 libass9 libasyncns0
client	Browser compatibility and Rust-server WebSocket E2E	2026-10-06T19:55:47.9790884Z   libavc1394-0 libavfilter9 libavformat60 libavtp0 libavutil58 libblas3
client	Browser compatibility and Rust-server WebSocket E2E	2026-10-06T19:55:47.9791524Z   libbluray2 libbs2b0 libcaca0 libcairo-script-interpreter2 libcdparanoia0
client	Browser compatibility and Rust-server WebSocket E2E	2026-10-06T19:55:47.9792152Z   libchromaprint1 libcjson1 libcodec2-1.2 libdav1d7 libdc1394-25 libdca0
client	Browser compatibility and Rust-server WebSocket E2E	2026-10-06T19:55:47.9792738Z   libde265-0 libdecor-0-0 libdirectfb-1.7-7t64 libdv4t64 libdvdnav4
client	Browser compatibility and Rust-server WebSocket E2E	2026-10-06T19:55:47.9793300Z   libdvdread8t64 libegl-mesa0 libegl1 libevent-core-2.1-7t64
client	Browser compatibility and Rust-server WebSocket E2E	2026-10-06T19:55:47.9794070Z   libevent-pthreads-2.1-7t64 libfaad2 libflac12t64 libfluidsynth3 libfreeaptx0
client	Browser compatibility and Rust-server WebSocket E2E	2026-10-06T19:55:47.9794875Z   libgav1-1 libgl1-mesa-dri libglx-mesa0 libgme0 libgraphene-1.0-0 libgsm1
client	Browser compatibility and Rust-server WebSocket E2E	2026-10-06T19:55:47.9795532Z   libgssdp-1.6-0 libgstreamer-plugins-good1.0-0 libgtk-4-common libgupnp-1.6-0
client	Browser compatibility and Rust-server WebSocket E2E	2026-10-06T19:55:47.9796168Z   libgupnp-igd-1.6-0 libhwy1t64 libiec61883-0 libimath-3-1-29t64
client	Browser compatibility and Rust-server WebSocket E2E	2026-10-06T19:55:47.9796727Z   libinstpatch-1.0-2 libjack-jackd2-0 libjxl0.7 liblapack3 liblc3-1
client	Browser compatibility and Rust-server WebSocket E2E	2026-10-06T19:55:47.9797321Z   libldacbt-enc2 liblilv-0-0 liblrdf0 libltc11 libmbedcrypto7t64 libmfx1
client	Browser compatibility and Rust-server WebSocket E2E	2026-10-06T19:55:47.9797885Z   libmjpegutils-2.1-0t64 libmodplug1 libmp3lame0 libmpcdec6
client	Browser compatibility and Rust-server WebSocket E2E	2026-10-06T19:55:47.9798857Z   libmpeg2encpp-2.1-0t64 libmpg123-0t64 libmplex2-2.1-0t64 libmysofa1
client	Browser compatibility and Rust-server WebSocket E2E	2026-10-06T19:55:47.9799450Z   libneon27t64 libnice10 libopenal-data libopenal1 libopenexr-3-1-30
client	Browser compatibility and Rust-server WebSocket E2E	2026-10-06T19:55:47.9800018Z   libopenh264-7 libopenmpt0t64 libopenni2-0 liborc-0.4-0t64
client	Browser compatibility and Rust-server WebSocket E2E	2026-10-06T19:55:47.9800560Z   libpipewire-0.3-0t64 libplacebo338 libpocketsphinx3 libpostproc57
client	Browser compatibility and Rust-server WebSocket E2E	2026-10-06T19:55:47.9801157Z   libproxy1v5 libpulse0 libqrencode4 libraptor2-0 librav1e0 libraw1394-11
client	Browser compatibility and Rust-server WebSocket E2E	2026-10-06T19:55:47.9801884Z   librist4 librsvg2-2 librubberband2 libsamplerate0 libsbc1 libsdl2-2.0-0
client	Browser compatibility and Rust-server WebSocket E2E	2026-10-06T19:55:47.9802508Z   libsecret-common libserd-0-0 libshine3 libshout3 libsndfile1 libsndio7.0
client	Browser compatibility and Rust-server WebSocket E2E	2026-10-06T19:55:47.9803140Z   libsord-0-0 libsoundtouch1 libsoup-3.0-0 libsoup-3.0-common libsoxr0
client	Browser compatibility and Rust-server WebSocket E2E	2026-10-06T19:55:47.9804183Z   libspa-0.2-modules libspandsp2t64 libspeex1 libsphinxbase3t64 libsratom-0-0
client	Browser compatibility and Rust-server WebSocket E2E	2026-10-06T19:55:47.9804837Z   libsrt1.5-gnutls libsrtp2-1 libssh-gcrypt-4 libsvtav1enc1d1 libswresample4
client	Browser compatibility and Rust-server WebSocket E2E	2026-10-06T19:55:47.9805478Z   libswscale7 libtag1v5 libtag1v5-vanilla libtheora0 libtwolame0 libudfread0
client	Browser compatibility and Rust-server WebSocket E2E	2026-10-06T19:55:47.9806096Z   libunibreak5 libv4l-0t64 libv4lconvert0t64 libva-drm2 libva-x11-2 libva2
client	Browser compatibility and Rust-server WebSocket E2E	2026-10-06T19:55:47.9806699Z   libvdpau1 libvidstab1.1 libvisual-0.4-0 libvo-aacenc0 libvo-amrwbenc0
client	Browser compatibility and Rust-server WebSocket E2E	2026-10-06T19:55:47.9807329Z   libvorbisenc2 libvpl2 libwavpack1 libwebrtc-audio-processing1 libwildmidi2
client	Browser compatibility and Rust-server WebSocket E2E	2026-10-06T19:55:47.9808132Z   libx265-199 libxcb-xkb1 libxkbcommon-x11-0 libxvidcore4 libyuv0 libzbar0t64
client	Browser compatibility and Rust-server WebSocket E2E	2026-10-06T19:55:47.9808845Z   libzimg2 libzix-0-0 libzvbi-common libzvbi0t64 libzxing3 mesa-libgallium
client	Browser compatibility and Rust-server WebSocket E2E	2026-10-06T19:55:47.9809494Z   ocl-icd-libopencl1 session-migration timgm6mb-soundfont xfonts-encodings
client	Browser compatibility and Rust-server WebSocket E2E	2026-10-06T19:55:47.9809956Z   xfonts-utils
client	Browser compatibility and Rust-server WebSocket E2E	2026-10-06T19:55:47.9810236Z Suggested packages:
client	Browser compatibility and Rust-server WebSocket E2E	2026-10-06T19:55:47.9810689Z   frei0r-plugins gvfs libcuda1 libnvcuvid1 libnvidia-encode1 libbluray-bdj
client	Browser compatibility and Rust-server WebSocket E2E	2026-10-06T19:55:47.9811318Z   libdirectfb-extra libdv-bin oss-compat libdvdcss2 libvisual-0.4-plugins
client	Browser compatibility and Rust-server WebSocket E2E	2026-10-06T19:55:47.9811987Z   jackd2 liblrdf0-dev libportaudio2 opus-tools pipewire pulseaudio
client	Browser compatibility and Rust-server WebSocket E2E	2026-10-06T19:55:47.9812567Z   raptor2-utils libraw1394-doc librsvg2-bin serdi sndiod sordi speex
client	Browser compatibility and Rust-server WebSocket E2E	2026-10-06T19:55:47.9813083Z   libwildmidi-config opencl-icd fluid-soundfont-gm
client	Browser compatibility and Rust-server WebSocket E2E	2026-10-06T19:55:47.9813468Z Recommended packages:
client	Browser compatibility and Rust-server WebSocket E2E	2026-10-06T19:55:47.9813884Z   fonts-ipafont-mincho fonts-tlwg-loma gstreamer1.0-x libaacs0
client	Browser compatibility and Rust-server WebSocket E2E	2026-10-06T19:55:47.9814459Z   default-libdecor-0-plugin-1 | libdecor-0-plugin-1 gstreamer1.0-gl
client	Browser compatibility and Rust-server WebSocket E2E	2026-10-06T19:55:47.9815096Z   libgtk-4-bin librsvg2-common libgtk-4-media-gstreamer libpipewire-0.3-common
client	Browser compatibility and Rust-server WebSocket E2E	2026-10-06T19:55:47.9815769Z   pocketsphinx-en-us va-driver-all | va-driver vdpau-driver-all | vdpau-driver
client	Browser compatibility and Rust-server WebSocket E2E	2026-10-06T19:55:47.9816260Z   libmagickcore-6.q16-7-extra
client	Browser compatibility and Rust-server WebSocket E2E	2026-10-06T19:55:48.0527182Z The following NEW packages will be installed:
client	Browser compatibility and Rust-server WebSocket E2E	2026-10-06T19:55:48.0528955Z   fonts-freefont-ttf fonts-ipafont-gothic fonts-tlwg-loma-otf fonts-unifont
client	Browser compatibility and Rust-server WebSocket E2E	2026-10-06T19:55:48.0529985Z   fonts-wqy-zenhei glib-networking glib-networking-common
client	Browser compatibility and Rust-server WebSocket E2E	2026-10-06T19:55:48.0531017Z   glib-networking-services gsettings-desktop-schemas gstreamer1.0-libav
client	Browser compatibility and Rust-server WebSocket E2E	2026-10-06T19:55:48.0532228Z   gstreamer1.0-plugins-bad gstreamer1.0-plugins-base gstreamer1.0-plugins-good
client	Browser compatibility and Rust-server WebSocket E2E	2026-10-06T19:55:48.0532923Z   libaa1 libabsl20220623t64 libass9 libasyncns0 libavc1394-0 libavcodec60
client	Browser compatibility and Rust-server WebSocket E2E	2026-10-06T19:55:48.0533522Z   libavfilter9 libavformat60 libavif16 libavtp0 libavutil58 libblas3
client	Browser compatibility and Rust-server WebSocket E2E	2026-10-06T19:55:48.0534441Z   libbluray2 libbs2b0 libcaca0 libcairo-script-interpreter2 libcdparanoia0
client	Browser compatibility and Rust-server WebSocket E2E	2026-10-06T19:55:48.0535517Z   libchromaprint1 libcjson1 libcodec2-1.2 libdav1d7 libdc1394-25 libdca0
client	Browser compatibility and Rust-server WebSocket E2E	2026-10-06T19:55:48.0536193Z   libde265-0 libdecor-0-0 libdirectfb-1.7-7t64 libdv4t64 libdvdnav4
client	Browser compatibility and Rust-server WebSocket E2E	2026-10-06T19:55:48.0536788Z   libdvdread8t64 libegl-mesa0 libegl1 libevent-2.1-7t64 libfaad2 libflac12t64
client	Browser compatibility and Rust-server WebSocket E2E	2026-10-06T19:55:48.0537481Z   libflite1 libfluidsynth3 libfreeaptx0 libgav1-1 libgles2 libgme0
client	Browser compatibility and Rust-server WebSocket E2E	2026-10-06T19:55:48.0538474Z   libgraphene-1.0-0 libgsm1 libgssdp-1.6-0 libgstreamer-gl1.0-0
client	Browser compatibility and Rust-server WebSocket E2E	2026-10-06T19:55:48.0539035Z   libgstreamer-plugins-bad1.0-0 libgstreamer-plugins-base1.0-0
client	Browser compatibility and Rust-server WebSocket E2E	2026-10-06T19:55:48.0539637Z   libgstreamer-plugins-good1.0-0 libgtk-4-1 libgtk-4-common libgupnp-1.6-0
client	Browser compatibility and Rust-server WebSocket E2E	2026-10-06T19:55:48.0540506Z   libgupnp-igd-1.6-0 libharfbuzz-icu0 libhwy1t64 libhyphen0 libiec61883-0
client	Browser compatibility and Rust-server WebSocket E2E	2026-10-06T19:55:48.0541339Z   libimath-3-1-29t64 libinstpatch-1.0-2 libjack-jackd2-0 libjxl0.7 liblapack3
client	Browser compatibility and Rust-server WebSocket E2E	2026-10-06T19:55:48.0541962Z   liblc3-1 libldacbt-enc2 liblilv-0-0 liblrdf0 libltc11 libmanette-0.2-0
client	Browser compatibility and Rust-server WebSocket E2E	2026-10-06T19:55:48.0542567Z   libmbedcrypto7t64 libmfx1 libmjpegutils-2.1-0t64 libmodplug1 libmp3lame0
client	Browser compatibility and Rust-server WebSocket E2E	2026-10-06T19:55:48.0543163Z   libmpcdec6 libmpeg2encpp-2.1-0t64 libmpg123-0t64 libmplex2-2.1-0t64
client	Browser compatibility and Rust-server WebSocket E2E	2026-10-06T19:55:48.0543717Z   libmysofa1 libneon27t64 libnice10 libopenal-data libopenal1
client	Browser compatibility and Rust-server WebSocket E2E	2026-10-06T19:55:48.0544430Z   libopenexr-3-1-30 libopenh264-7 libopenmpt0t64 libopenni2-0 libopus0
client	Browser compatibility and Rust-server WebSocket E2E	2026-10-06T19:55:48.0545001Z   liborc-0.4-0t64 libpipewire-0.3-0t64 libplacebo338 libpocketsphinx3
client	Browser compatibility and Rust-server WebSocket E2E	2026-10-06T19:55:48.0545594Z   libpostproc57 libproxy1v5 libpulse0 libqrencode4 libraptor2-0 librav1e0
client	Browser compatibility and Rust-server WebSocket E2E	2026-10-06T19:55:48.0546439Z   libraw1394-11 librist4 librsvg2-2 librubberband2 libsamplerate0 libsbc1
client	Browser compatibility and Rust-server WebSocket E2E	2026-10-06T19:55:48.0547307Z   libsdl2-2.0-0 libsecret-1-0 libsecret-common libserd-0-0 libshine3 libshout3
client	Browser compatibility and Rust-server WebSocket E2E	2026-10-06T19:55:48.0547915Z   libsndfile1 libsndio7.0 libsord-0-0 libsoundtouch1 libsoup-3.0-0
client	Browser compatibility and Rust-server WebSocket E2E	2026-10-06T19:55:48.0548693Z   libsoup-3.0-common libsoxr0 libspa-0.2-modules libspandsp2t64 libspeex1
client	Browser compatibility and Rust-server WebSocket E2E	2026-10-06T19:55:48.0549318Z   libsphinxbase3t64 libsratom-0-0 libsrt1.5-gnutls libsrtp2-1 libssh-gcrypt-4
client	Browser compatibility and Rust-server WebSocket E2E	2026-10-06T19:55:48.0549949Z   libsvtav1enc1d1 libswresample4 libswscale7 libtag1v5 libtag1v5-vanilla
client	Browser compatibility and Rust-server WebSocket E2E	2026-10-06T19:55:48.0550512Z   libtheora0 libtwolame0 libudfread0 libunibreak5 libv4l-0t64
client	Browser compatibility and Rust-server WebSocket E2E	2026-10-06T19:55:48.0551093Z   libv4lconvert0t64 libva-drm2 libva-x11-2 libva2 libvdpau1 libvidstab1.1
client	Browser compatibility and Rust-server WebSocket E2E	2026-10-06T19:55:48.0551796Z   libvisual-0.4-0 libvo-aacenc0 libvo-amrwbenc0 libvorbisenc2 libvpl2 libvpx9
client	Browser compatibility and Rust-server WebSocket E2E	2026-10-06T19:55:48.0552772Z   libwavpack1 libwayland-server0 libwebrtc-audio-processing1 libwildmidi2
client	Browser compatibility and Rust-server WebSocket E2E	2026-10-06T19:55:48.0553406Z   libwoff1 libx264-164 libx265-199 libxcb-xkb1 libxkbcommon-x11-0 libxvidcore4
client	Browser compatibility and Rust-server WebSocket E2E	2026-10-06T19:55:48.0554048Z   libyuv0 libzbar0t64 libzimg2 libzix-0-0 libzvbi-common libzvbi0t64 libzxing3
client	Browser compatibility and Rust-server WebSocket E2E	2026-10-06T19:55:48.0554682Z   ocl-icd-libopencl1 session-migration timgm6mb-soundfont xfonts-cyrillic
client	Browser compatibility and Rust-server WebSocket E2E	2026-10-06T19:55:48.0555218Z   xfonts-encodings xfonts-scalable xfonts-utils
client	Browser compatibility and Rust-server WebSocket E2E	2026-10-06T19:55:48.0555658Z The following packages will be upgraded:
client	Browser compatibility and Rust-server WebSocket E2E	2026-10-06T19:55:48.0556148Z   libevent-core-2.1-7t64 libevent-pthreads-2.1-7t64 libfreetype6 libgbm1
client	Browser compatibility and Rust-server WebSocket E2E	2026-10-06T19:55:48.0556664Z   libgl1-mesa-dri libglx-mesa0 mesa-libgallium
client	Browser compatibility and Rust-server WebSocket E2E	2026-10-06T19:55:48.0723106Z 7 upgraded, 181 newly installed, 0 to remove and 22 not upgraded.
client	Browser compatibility and Rust-server WebSocket E2E	2026-10-06T19:55:48.0723887Z Need to get 126 MB of archives.
client	Browser compatibility and Rust-server WebSocket E2E	2026-10-06T19:55:48.0724314Z After this operation, 364 MB of additional disk space will be used.
client	Browser compatibility and Rust-server WebSocket E2E	2026-10-06T19:55:48.0724783Z Get:1 file:/etc/apt/apt-mirrors.txt Mirrorlist [144 B]
client	Browser compatibility and Rust-server WebSocket E2E	2026-10-06T19:55:48.2322051Z Get:2 http://azure.archive.ubuntu.com/ubuntu noble/universe amd64 fonts-ipafont-gothic all 00303-21ubuntu1 [3513 kB]
client	Browser compatibility and Rust-server WebSocket E2E	2026-10-06T19:55:48.5201215Z Get:3 http://azure.archive.ubuntu.com/ubuntu noble/main amd64 fonts-freefont-ttf all 20211204+svn4273-2 [5641 kB]
client	Browser compatibility and Rust-server WebSocket E2E	2026-10-06T19:55:48.8991480Z Get:4 http://azure.archive.ubuntu.com/ubuntu noble/universe amd64 fonts-tlwg-loma-otf all 1:0.7.3-1 [107 kB]
client	Browser compatibility and Rust-server WebSocket E2E	2026-10-06T19:55:49.0394112Z Get:5 http://azure.archive.ubuntu.com/ubuntu noble/universe amd64 fonts-unifont all 1:15.1.01-1build1 [2993 kB]
client	Browser compatibility and Rust-server WebSocket E2E	2026-10-06T19:55:49.3044894Z Get:6 http://azure.archive.ubuntu.com/ubuntu noble/universe amd64 fonts-wqy-zenhei all 0.9.45-8 [7472 kB]
client	Browser compatibility and Rust-server WebSocket E2E	2026-10-06T19:55:49.7658638Z Get:7 http://azure.archive.ubuntu.com/ubuntu noble/main amd64 libproxy1v5 amd64 0.5.4-4build1 [26.5 kB]
client	Browser compatibility and Rust-server WebSocket E2E	2026-10-06T19:55:49.9042403Z Get:8 http://azure.archive.ubuntu.com/ubuntu noble/main amd64 glib-networking-common all 2.80.0-1build1 [6702 B]
client	Browser compatibility and Rust-server WebSocket E2E	2026-10-06T19:55:50.0381097Z Get:9 http://azure.archive.ubuntu.com/ubuntu noble/main amd64 glib-networking-services amd64 2.80.0-1build1 [12.8 kB]
client	Browser compatibility and Rust-server WebSocket E2E	2026-10-06T19:55:50.1725465Z Get:10 http://azure.archive.ubuntu.com/ubuntu noble/main amd64 session-migration amd64 0.3.9build1 [9034 B]
client	Browser compatibility and Rust-server WebSocket E2E	2026-10-06T19:55:50.3062576Z Get:11 http://azure.archive.ubuntu.com/ubuntu noble-updates/main amd64 gsettings-desktop-schemas all 46.1-0ubuntu1 [35.6 kB]
client	Browser compatibility and Rust-server WebSocket E2E	2026-10-06T19:55:50.4698614Z Get:12 http://azure.archive.ubuntu.com/ubuntu noble/main amd64 glib-networking amd64 2.80.0-1build1 [64.1 kB]
client	Browser compatibility and Rust-server WebSocket E2E	2026-10-06T19:55:50.6062985Z Get:13 http://azure.archive.ubuntu.com/ubuntu noble-updates/universe amd64 libva2 amd64 2.20.0-2ubuntu0.2 [66.4 kB]
client	Browser compatibility and Rust-server WebSocket E2E	2026-10-06T19:55:50.7422980Z Get:14 http://azure.archive.ubuntu.com/ubuntu noble-updates/universe amd64 libva-drm2 amd64 2.20.0-2ubuntu0.2 [7124 B]
client	Browser compatibility and Rust-server WebSocket E2E	2026-10-06T19:55:50.8762873Z Get:15 http://azure.archive.ubuntu.com/ubuntu noble-updates/universe amd64 libva-x11-2 amd64 2.20.0-2ubuntu0.2 [12.0 kB]
client	Browser compatibility and Rust-server WebSocket E2E	2026-10-06T19:55:51.0103072Z Get:16 http://azure.archive.ubuntu.com/ubuntu noble/main amd64 libvdpau1 amd64 1.5-2build1 [27.8 kB]
client	Browser compatibility and Rust-server WebSocket E2E	2026-10-06T19:55:51.1442680Z Get:17 http://azure.archive.ubuntu.com/ubuntu noble/universe amd64 libvpl2 amd64 2023.3.0-1build1 [99.8 kB]
client	Browser compatibility and Rust-server WebSocket E2E	2026-10-06T19:55:51.2822035Z Get:18 http://azure.archive.ubuntu.com/ubuntu noble/universe amd64 ocl-icd-libopencl1 amd64 2.3.2-1build1 [38.5 kB]
client	Browser compatibility and Rust-server WebSocket E2E	2026-10-06T19:55:51.4169162Z Get:19 http://azure.archive.ubuntu.com/ubuntu noble/universe amd64 libavutil58 amd64 7:6.1.1-3ubuntu5 [401 kB]
client	Browser compatibility and Rust-server WebSocket E2E	2026-10-06T19:55:51.5667263Z Get:20 http://azure.archive.ubuntu.com/ubuntu noble/universe amd64 libcodec2-1.2 amd64 1.2.0-2build1 [8998 kB]
client	Browser compatibility and Rust-server WebSocket E2E	2026-10-06T19:55:52.0820216Z Get:21 http://azure.archive.ubuntu.com/ubuntu noble/universe amd64 libdav1d7 amd64 1.4.1-1build1 [604 kB]
client	Browser compatibility and Rust-server WebSocket E2E	2026-10-06T19:55:52.2407025Z Get:22 http://azure.archive.ubuntu.com/ubuntu noble/universe amd64 libgsm1 amd64 1.0.22-1build1 [27.8 kB]
client	Browser compatibility and Rust-server WebSocket E2E	2026-10-06T19:55:52.3754720Z Get:23 http://azure.archive.ubuntu.com/ubuntu noble/universe amd64 libhwy1t64 amd64 1.0.7-8.1build1 [584 kB]
client	Browser compatibility and Rust-server WebSocket E2E	2026-10-06T19:55:52.5332821Z Get:24 http://azure.archive.ubuntu.com/ubuntu noble-updates/universe amd64 libjxl0.7 amd64 0.7.0-10.2ubuntu6.1 [1001 kB]
client	Browser compatibility and Rust-server WebSocket E2E	2026-10-06T19:55:52.7113568Z Get:25 http://azure.archive.ubuntu.com/ubuntu noble/main amd64 libmp3lame0 amd64 3.100-6build1 [142 kB]
client	Browser compatibility and Rust-server WebSocket E2E	2026-10-06T19:55:52.8496968Z Get:26 http://azure.archive.ubuntu.com/ubuntu noble/main amd64 libopus0 amd64 1.4-1build1 [208 kB]
client	Browser compatibility and Rust-server WebSocket E2E	2026-10-06T19:55:52.9920470Z Get:27 http://azure.archive.ubuntu.com/ubuntu noble/universe amd64 librav1e0 amd64 0.7.1-2 [1022 kB]
client	Browser compatibility and Rust-server WebSocket E2E	2026-10-06T19:55:53.1683207Z Get:28 http://azure.archive.ubuntu.com/ubuntu noble/main amd64 librsvg2-2 amd64 2.58.0+dfsg-1build1 [2135 kB]
client	Browser compatibility and Rust-server WebSocket E2E	2026-10-06T19:55:53.3919691Z Get:29 http://azure.archive.ubuntu.com/ubuntu noble/universe amd64 libshine3 amd64 3.1.1-2build1 [23.2 kB]
client	Browser compatibility and Rust-server WebSocket E2E	2026-10-06T19:55:53.5263025Z Get:30 http://azure.archive.ubuntu.com/ubuntu noble-updates/main amd64 libspeex1 amd64 1.2.1-2ubuntu2.24.04.1 [59.6 kB]
client	Browser compatibility and Rust-server WebSocket E2E	2026-10-06T19:55:53.6627776Z Get:31 http://azure.archive.ubuntu.com/ubuntu noble/universe amd64 libsvtav1enc1d1 amd64 1.7.0+dfsg-2build1 [2425 kB]
client	Browser compatibility and Rust-server WebSocket E2E	2026-10-06T19:55:53.8976509Z Get:32 http://azure.archive.ubuntu.com/ubuntu noble/universe amd64 libsoxr0 amd64 0.1.3-4build3 [80.0 kB]
client	Browser compatibility and Rust-server WebSocket E2E	2026-10-06T19:55:54.0345069Z Get:33 http://azure.archive.ubuntu.com/ubuntu noble/universe amd64 libswresample4 amd64 7:6.1.1-3ubuntu5 [63.8 kB]
client	Browser compatibility and Rust-server WebSocket E2E	2026-10-06T19:55:54.1703006Z Get:34 http://azure.archive.ubuntu.com/ubuntu noble/main amd64 libtheora0 amd64 1.1.1+dfsg.1-16.1build3 [211 kB]
client	Browser compatibility and Rust-server WebSocket E2E	2026-10-06T19:55:54.3122603Z Get:35 http://azure.archive.ubuntu.com/ubuntu noble/main amd64 libtwolame0 amd64 0.4.0-2build3 [52.3 kB]
client	Browser compatibility and Rust-server WebSocket E2E	2026-10-06T19:55:54.4486825Z Get:36 http://azure.archive.ubuntu.com/ubuntu noble/main amd64 libvorbisenc2 amd64 1.3.7-1build3 [80.8 kB]
client	Browser compatibility and Rust-server WebSocket E2E	2026-10-06T19:55:54.5854788Z Get:37 http://azure.archive.ubuntu.com/ubuntu noble-updates/main amd64 libvpx9 amd64 1.14.0-1ubuntu2.3 [1143 kB]
client	Browser compatibility and Rust-server WebSocket E2E	2026-10-06T19:55:54.7664071Z Get:38 http://azure.archive.ubuntu.com/ubuntu noble/universe amd64 libx264-164 amd64 2:0.164.3108+git31e19f9-1 [604 kB]
client	Browser compatibility and Rust-server WebSocket E2E	2026-10-06T19:55:54.9253907Z Get:39 http://azure.archive.ubuntu.com/ubuntu noble/universe amd64 libx265-199 amd64 3.5-2build1 [1226 kB]
client	Browser compatibility and Rust-server WebSocket E2E	2026-10-06T19:55:55.1111661Z Get:40 http://azure.archive.ubuntu.com/ubuntu noble/universe amd64 libxvidcore4 amd64 2:1.3.7-1build1 [219 kB]
client	Browser compatibility and Rust-server WebSocket E2E	2026-10-06T19:55:55.2607608Z Get:41 http://azure.archive.ubuntu.com/ubuntu noble/universe amd64 libzvbi-common all 0.2.42-2 [42.4 kB]
client	Browser compatibility and Rust-server WebSocket E2E	2026-10-06T19:55:55.3957675Z Get:42 http://azure.archive.ubuntu.com/ubuntu noble/universe amd64 libzvbi0t64 amd64 0.2.42-2 [261 kB]
client	Browser compatibility and Rust-server WebSocket E2E	2026-10-06T19:55:55.5400988Z Get:43 http://azure.archive.ubuntu.com/ubuntu noble/universe amd64 libavcodec60 amd64 7:6.1.1-3ubuntu5 [5851 kB]
client	Browser compatibility and Rust-server WebSocket E2E	2026-10-06T19:55:55.9223686Z Get:44 http://azure.archive.ubuntu.com/ubuntu noble-updates/main amd64 libfreetype6 amd64 2.13.2+dfsg-1ubuntu0.2 [403 kB]
client	Browser compatibility and Rust-server WebSocket E2E	2026-10-06T19:55:56.0722717Z Get:45 http://azure.archive.ubuntu.com/ubuntu noble/universe amd64 libunibreak5 amd64 5.1-2build1 [25.0 kB]
client	Browser compatibility and Rust-server WebSocket E2E	2026-10-06T19:55:56.2067192Z Get:46 http://azure.archive.ubuntu.com/ubuntu noble/universe amd64 libass9 amd64 1:0.17.1-2build1 [104 kB]
client	Browser compatibility and Rust-server WebSocket E2E	2026-10-06T19:55:56.3440509Z Get:47 http://azure.archive.ubuntu.com/ubuntu noble/universe amd64 libudfread0 amd64 1.1.2-1build1 [19.0 kB]
client	Browser compatibility and Rust-server WebSocket E2E	2026-10-06T19:55:56.4784378Z Get:48 http://azure.archive.ubuntu.com/ubuntu noble/universe amd64 libbluray2 amd64 1:1.3.4-1build1 [159 kB]
client	Browser compatibility and Rust-server WebSocket E2E	2026-10-06T19:55:56.6287817Z Get:49 http://azure.archive.ubuntu.com/ubuntu noble/universe amd64 libchromaprint1 amd64 1.5.1-5 [30.5 kB]
client	Browser compatibility and Rust-server WebSocket E2E	2026-10-06T19:55:56.7637076Z Get:50 http://azure.archive.ubuntu.com/ubuntu noble/universe amd64 libgme0 amd64 0.6.3-7build1 [134 kB]
client	Browser compatibility and Rust-server WebSocket E2E	2026-10-06T19:55:56.9022336Z Get:51 http://azure.archive.ubuntu.com/ubuntu noble-updates/main amd64 libmpg123-0t64 amd64 1.32.5-1ubuntu1.1 [169 kB]
client	Browser compatibility and Rust-server WebSocket E2E	2026-10-06T19:55:57.0429489Z Get:52 http://azure.archive.ubuntu.com/ubuntu noble/universe amd64 libopenmpt0t64 amd64 0.7.3-1.1build3 [647 kB]
client	Browser compatibility and Rust-server WebSocket E2E	2026-10-06T19:55:57.2040230Z Get:53 http://azure.archive.ubuntu.com/ubuntu noble/universe amd64 libcjson1 amd64 1.7.17-1 [24.8 kB]
client	Browser compatibility and Rust-server WebSocket E2E	2026-10-06T19:55:57.3388877Z Get:54 http://azure.archive.ubuntu.com/ubuntu noble/universe amd64 libmbedcrypto7t64 amd64 2.28.8-1 [209 kB]
client	Browser compatibility and Rust-server WebSocket E2E	2026-10-06T19:55:57.4807466Z Get:55 http://azure.archive.ubuntu.com/ubuntu noble/universe amd64 librist4 amd64 0.2.10+dfsg-2 [74.9 kB]
client	Browser compatibility and Rust-server WebSocket E2E	2026-10-06T19:55:57.6198803Z Get:56 http://azure.archive.ubuntu.com/ubuntu noble/universe amd64 libsrt1.5-gnutls amd64 1.5.3-1build2 [316 kB]
client	Browser compatibility and Rust-server WebSocket E2E	2026-10-06T19:55:57.7684101Z Get:57 http://azure.archive.ubuntu.com/ubuntu noble-updates/main amd64 libssh-gcrypt-4 amd64 0.10.6-2ubuntu0.5 [226 kB]
client	Browser compatibility and Rust-server WebSocket E2E	2026-10-06T19:55:57.9145028Z Get:58 http://azure.archive.ubuntu.com/ubuntu noble/universe amd64 libavformat60 amd64 7:6.1.1-3ubuntu5 [1153 kB]
client	Browser compatibility and Rust-server WebSocket E2E	2026-10-06T19:55:58.0996769Z Get:59 http://azure.archive.ubuntu.com/ubuntu noble/universe amd64 libbs2b0 amd64 3.1.0+dfsg-7build1 [10.6 kB]
client	Browser compatibility and Rust-server WebSocket E2E	2026-10-06T19:55:58.2363013Z Get:60 http://azure.archive.ubuntu.com/ubuntu noble/universe amd64 libflite1 amd64 2.2-6build3 [13.6 MB]
client	Browser compatibility and Rust-server WebSocket E2E	2026-10-06T19:55:58.9689886Z Get:61 http://azure.archive.ubuntu.com/ubuntu noble/universe amd64 libserd-0-0 amd64 0.32.2-1 [43.6 kB]
client	Browser compatibility and Rust-server WebSocket E2E	2026-10-06T19:55:59.1059243Z Get:62 http://azure.archive.ubuntu.com/ubuntu noble/universe amd64 libzix-0-0 amd64 0.4.2-2build1 [23.6 kB]
client	Browser compatibility and Rust-server WebSocket E2E	2026-10-06T19:55:59.2427594Z Get:63 http://azure.archive.ubuntu.com/ubuntu noble/universe amd64 libsord-0-0 amd64 0.16.16-2build1 [15.8 kB]
client	Browser compatibility and Rust-server WebSocket E2E	2026-10-06T19:55:59.3793177Z Get:64 http://azure.archive.ubuntu.com/ubuntu noble/universe amd64 libsratom-0-0 amd64 0.6.16-1build1 [17.3 kB]
client	Browser compatibility and Rust-server WebSocket E2E	2026-10-06T19:55:59.5214741Z Get:65 http://azure.archive.ubuntu.com/ubuntu noble/universe amd64 liblilv-0-0 amd64 0.24.22-1build1 [41.0 kB]
client	Browser compatibility and Rust-server WebSocket E2E	2026-10-06T19:55:59.6582919Z Get:66 http://azure.archive.ubuntu.com/ubuntu noble/universe amd64 libmysofa1 amd64 1.3.2+dfsg-2ubuntu2 [1158 kB]
client	Browser compatibility and Rust-server WebSocket E2E	2026-10-06T19:55:59.8430981Z Get:67 http://azure.archive.ubuntu.com/ubuntu noble/universe amd64 libplacebo338 amd64 6.338.2-2build1 [2654 kB]
client	Browser compatibility and Rust-server WebSocket E2E	2026-10-06T19:56:00.0929174Z Get:68 http://azure.archive.ubuntu.com/ubuntu noble-updates/main amd64 libblas3 amd64 3.12.0-3build1.1 [238 kB]
client	Browser compatibility and Rust-server WebSocket E2E	2026-10-06T19:56:00.2382814Z Get:69 http://azure.archive.ubuntu.com/ubuntu noble-updates/main amd64 liblapack3 amd64 3.12.0-3build1.1 [2646 kB]
client	Browser compatibility and Rust-server WebSocket E2E	2026-10-06T19:56:00.4875300Z Get:70 http://azure.archive.ubuntu.com/ubuntu noble/main amd64 libasyncns0 amd64 0.8-6build4 [11.3 kB]
client	Browser compatibility and Rust-server WebSocket E2E	2026-10-06T19:56:00.6247368Z Get:71 http://azure.archive.ubuntu.com/ubuntu noble/main amd64 libflac12t64 amd64 1.4.3+ds-2.1ubuntu2 [197 kB]
client	Browser compatibility and Rust-server WebSocket E2E	2026-10-06T19:56:00.7685415Z Get:72 http://azure.archive.ubuntu.com/ubuntu noble-updates/main amd64 libsndfile1 amd64 1.2.2-1ubuntu5.24.04.1 [209 kB]
client	Browser compatibility and Rust-server WebSocket E2E	2026-10-06T19:56:00.9142204Z Get:73 http://azure.archive.ubuntu.com/ubuntu noble-updates/main amd64 libpulse0 amd64 1:16.1+dfsg1-2ubuntu10.1 [292 kB]
client	Browser compatibility and Rust-server WebSocket E2E	2026-10-06T19:56:01.0617328Z Get:74 http://azure.archive.ubuntu.com/ubuntu noble/universe amd64 libsphinxbase3t64 amd64 0.8+5prealpha+1-17build2 [126 kB]
client	Browser compatibility and Rust-server WebSocket E2E	2026-10-06T19:56:01.2029043Z Get:75 http://azure.archive.ubuntu.com/ubuntu noble/universe amd64 libpocketsphinx3 amd64 0.8.0+real5prealpha+1-15ubuntu5 [133 kB]
client	Browser compatibility and Rust-server WebSocket E2E	2026-10-06T19:56:01.3443030Z Get:76 http://azure.archive.ubuntu.com/ubuntu noble/universe amd64 libpostproc57 amd64 7:6.1.1-3ubuntu5 [49.9 kB]
client	Browser compatibility and Rust-server WebSocket E2E	2026-10-06T19:56:01.4817903Z Get:77 http://azure.archive.ubuntu.com/ubuntu noble/main amd64 libsamplerate0 amd64 0.2.2-4build1 [1344 kB]
client	Browser compatibility and Rust-server WebSocket E2E	2026-10-06T19:56:01.8188492Z Get:78 http://azure.archive.ubuntu.com/ubuntu noble/universe amd64 librubberband2 amd64 3.3.0+dfsg-2build1 [130 kB]
client	Browser compatibility and Rust-server WebSocket E2E	2026-10-06T19:56:02.4433032Z Get:79 http://azure.archive.ubuntu.com/ubuntu noble/universe amd64 libswscale7 amd64 7:6.1.1-3ubuntu5 [193 kB]
client	Browser compatibility and Rust-server WebSocket E2E	2026-10-06T19:56:02.7568737Z Get:80 http://azure.archive.ubuntu.com/ubuntu noble/universe amd64 libvidstab1.1 amd64 1.1.0-2build1 [38.5 kB]
client	Browser compatibility and Rust-server WebSocket E2E	2026-10-06T19:56:02.9092811Z Get:81 http://azure.archive.ubuntu.com/ubuntu noble/universe amd64 libzimg2 amd64 3.0.5+ds1-1build1 [254 kB]
client	Browser compatibility and Rust-server WebSocket E2E	2026-10-06T19:56:03.1313707Z Get:82 http://azure.archive.ubuntu.com/ubuntu noble/universe amd64 libavfilter9 amd64 7:6.1.1-3ubuntu5 [4235 kB]
client	Browser compatibility and Rust-server WebSocket E2E	2026-10-06T19:56:03.8232773Z Get:83 http://azure.archive.ubuntu.com/ubuntu noble-updates/main amd64 liborc-0.4-0t64 amd64 1:0.4.38-1ubuntu0.1 [207 kB]
client	Browser compatibility and Rust-server WebSocket E2E	2026-10-06T19:56:03.9676715Z Get:84 http://azure.archive.ubuntu.com/ubuntu noble-updates/main amd64 libgstreamer-plugins-base1.0-0 amd64 1.24.2-1ubuntu0.5 [862 kB]
client	Browser compatibility and Rust-server WebSocket E2E	2026-10-06T19:56:04.1262930Z Get:85 http://azure.archive.ubuntu.com/ubuntu noble/universe amd64 gstreamer1.0-libav amd64 1.24.1-1build1 [103 kB]
client	Browser compatibility and Rust-server WebSocket E2E	2026-10-06T19:56:04.2680819Z Get:86 http://azure.archive.ubuntu.com/ubuntu noble/main amd64 libcdparanoia0 amd64 3.10.2+debian-14build3 [48.5 kB]
client	Browser compatibility and Rust-server WebSocket E2E	2026-10-06T19:56:04.4229311Z Get:87 http://azure.archive.ubuntu.com/ubuntu noble/main amd64 libvisual-0.4-0 amd64 0.4.2-2build1 [115 kB]
client	Browser compatibility and Rust-server WebSocket E2E	2026-10-06T19:56:04.5642468Z Get:88 http://azure.archive.ubuntu.com/ubuntu noble-updates/main amd64 gstreamer1.0-plugins-base amd64 1.24.2-1ubuntu0.5 [721 kB]
client	Browser compatibility and Rust-server WebSocket E2E	2026-10-06T19:56:04.7196741Z Get:89 http://azure.archive.ubuntu.com/ubuntu noble/main amd64 libaa1 amd64 1.4p5-51.1 [49.9 kB]
client	Browser compatibility and Rust-server WebSocket E2E	2026-10-06T19:56:04.8603146Z Get:90 http://azure.archive.ubuntu.com/ubuntu noble/main amd64 libraw1394-11 amd64 2.1.2-2build3 [26.2 kB]
client	Browser compatibility and Rust-server WebSocket E2E	2026-10-06T19:56:05.0008734Z Get:91 http://azure.archive.ubuntu.com/ubuntu noble/main amd64 libavc1394-0 amd64 0.5.4-5build3 [15.4 kB]
client	Browser compatibility and Rust-server WebSocket E2E	2026-10-06T19:56:05.1411263Z Get:92 http://azure.archive.ubuntu.com/ubuntu noble-updates/main amd64 libcaca0 amd64 0.99.beta20-4ubuntu0.2 [209 kB]
client	Browser compatibility and Rust-server WebSocket E2E	2026-10-06T19:56:05.2852460Z Get:93 http://azure.archive.ubuntu.com/ubuntu noble/main amd64 libdv4t64 amd64 1.0.0-17.1build1 [63.2 kB]
client	Browser compatibility and Rust-server WebSocket E2E	2026-10-06T19:56:05.4258686Z Get:94 http://azure.archive.ubuntu.com/ubuntu noble-updates/main amd64 libgstreamer-plugins-good1.0-0 amd64 1.24.2-1ubuntu1.8 [34.3 kB]
client	Browser compatibility and Rust-server WebSocket E2E	2026-10-06T19:56:05.5665561Z Get:95 http://azure.archive.ubuntu.com/ubuntu noble/main amd64 libiec61883-0 amd64 1.2.0-6build1 [24.5 kB]
client	Browser compatibility and Rust-server WebSocket E2E	2026-10-06T19:56:05.7068267Z Get:96 http://azure.archive.ubuntu.com/ubuntu noble/main amd64 libshout3 amd64 2.4.6-1build2 [50.3 kB]
client	Browser compatibility and Rust-server WebSocket E2E	2026-10-06T19:56:05.8475111Z Get:97 http://azure.archive.ubuntu.com/ubuntu noble/main amd64 libtag1v5-vanilla amd64 1.13.1-1build1 [326 kB]
client	Browser compatibility and Rust-server WebSocket E2E	2026-10-06T19:56:05.9942947Z Get:98 http://azure.archive.ubuntu.com/ubuntu noble/main amd64 libtag1v5 amd64 1.13.1-1build1 [11.7 kB]
client	Browser compatibility and Rust-server WebSocket E2E	2026-10-06T19:56:06.1343494Z Get:99 http://azure.archive.ubuntu.com/ubuntu noble/main amd64 libv4lconvert0t64 amd64 1.26.1-4build3 [87.6 kB]
client	Browser compatibility and Rust-server WebSocket E2E	2026-10-06T19:56:06.2759885Z Get:100 http://azure.archive.ubuntu.com/ubuntu noble/main amd64 libv4l-0t64 amd64 1.26.1-4build3 [46.9 kB]
client	Browser compatibility and Rust-server WebSocket E2E	2026-10-06T19:56:06.4167025Z Get:101 http://azure.archive.ubuntu.com/ubuntu noble/main amd64 libwavpack1 amd64 5.6.0-1build1 [84.6 kB]
client	Browser compatibility and Rust-server WebSocket E2E	2026-10-06T19:56:06.5644069Z Get:102 http://azure.archive.ubuntu.com/ubuntu noble-updates/main amd64 libsoup-3.0-common all 3.4.4-5ubuntu0.8 [11.7 kB]
client	Browser compatibility and Rust-server WebSocket E2E	2026-10-06T19:56:06.7174063Z Get:103 http://azure.archive.ubuntu.com/ubuntu noble-updates/main amd64 libsoup-3.0-0 amd64 3.4.4-5ubuntu0.8 [290 kB]
client	Browser compatibility and Rust-server WebSocket E2E	2026-10-06T19:56:06.8854700Z Get:104 http://azure.archive.ubuntu.com/ubuntu noble-updates/main amd64 gstreamer1.0-plugins-good amd64 1.24.2-1ubuntu1.8 [2236 kB]
client	Browser compatibility and Rust-server WebSocket E2E	2026-10-06T19:56:07.2154575Z Get:105 http://azure.archive.ubuntu.com/ubuntu noble-updates/main amd64 libabsl20220623t64 amd64 20220623.1-3.1ubuntu3.2 [423 kB]
client	Browser compatibility and Rust-server WebSocket E2E	2026-10-06T19:56:07.3769096Z Get:106 http://azure.archive.ubuntu.com/ubuntu noble/universe amd64 libgav1-1 amd64 0.18.0-1build3 [357 kB]
client	Browser compatibility and Rust-server WebSocket E2E	2026-10-06T19:56:07.5360706Z Get:107 http://azure.archive.ubuntu.com/ubuntu noble/universe amd64 libyuv0 amd64 0.0~git202401110.af6ac82-1 [178 kB]
client	Browser compatibility and Rust-server WebSocket E2E	2026-10-06T19:56:07.6899263Z Get:108 http://azure.archive.ubuntu.com/ubuntu noble/universe amd64 libavif16 amd64 1.0.4-1ubuntu3 [91.2 kB]
client	Browser compatibility and Rust-server WebSocket E2E	2026-10-06T19:56:07.8453925Z Get:109 http://azure.archive.ubuntu.com/ubuntu noble/universe amd64 libavtp0 amd64 0.2.0-1build1 [6414 B]
client	Browser compatibility and Rust-server WebSocket E2E	2026-10-06T19:56:07.9983289Z Get:110 http://azure.archive.ubuntu.com/ubuntu noble/main amd64 libcairo-script-interpreter2 amd64 1.18.0-3build1 [60.3 kB]
client	Browser compatibility and Rust-server WebSocket E2E	2026-10-06T19:56:08.1519983Z Get:111 http://azure.archive.ubuntu.com/ubuntu noble/universe amd64 libdc1394-25 amd64 2.2.6-4build1 [90.1 kB]
client	Browser compatibility and Rust-server WebSocket E2E	2026-10-06T19:56:08.3057558Z Get:112 http://azure.archive.ubuntu.com/ubuntu noble-updates/main amd64 libde265-0 amd64 1.0.15-1ubuntu0.1 [167 kB]
client	Browser compatibility and Rust-server WebSocket E2E	2026-10-06T19:56:08.4604302Z Get:113 http://azure.archive.ubuntu.com/ubuntu noble/main amd64 libdecor-0-0 amd64 0.2.2-1build2 [16.5 kB]
client	Browser compatibility and Rust-server WebSocket E2E	2026-10-06T19:56:08.6131908Z Get:114 http://azure.archive.ubuntu.com/ubuntu noble/main amd64 libgles2 amd64 1.7.0-1build1 [17.1 kB]
client	Browser compatibility and Rust-server WebSocket E2E	2026-10-06T19:56:08.7660103Z Get:115 http://azure.archive.ubuntu.com/ubuntu noble/universe amd64 libdirectfb-1.7-7t64 amd64 1.7.7-11.1ubuntu2 [1035 kB]
client	Browser compatibility and Rust-server WebSocket E2E	2026-10-06T19:56:08.9351446Z Get:116 http://azure.archive.ubuntu.com/ubuntu noble/universe amd64 libdvdread8t64 amd64 6.1.3-1.1build1 [54.7 kB]
client	Browser compatibility and Rust-server WebSocket E2E	2026-10-06T19:56:09.0883496Z Get:117 http://azure.archive.ubuntu.com/ubuntu noble/universe amd64 libdvdnav4 amd64 6.1.1-3build1 [39.5 kB]
client	Browser compatibility and Rust-server WebSocket E2E	2026-10-06T19:56:09.2409916Z Get:118 http://azure.archive.ubuntu.com/ubuntu noble-updates/main amd64 libgl1-mesa-dri amd64 25.2.8-0ubuntu0.24.04.4 [38.0 kB]
client	Browser compatibility and Rust-server WebSocket E2E	2026-10-06T19:56:09.4045540Z Get:119 http://azure.archive.ubuntu.com/ubuntu noble-updates/main amd64 libglx-mesa0 amd64 25.2.8-0ubuntu0.24.04.4 [110 kB]
client	Browser compatibility and Rust-server WebSocket E2E	2026-10-06T19:56:09.5641676Z Get:120 http://azure.archive.ubuntu.com/ubuntu noble-updates/main amd64 libgbm1 amd64 25.2.8-0ubuntu0.24.04.4 [34.2 kB]
client	Browser compatibility and Rust-server WebSocket E2E	2026-10-06T19:56:09.7189368Z Get:121 http://azure.archive.ubuntu.com/ubuntu noble-updates/main amd64 mesa-libgallium amd64 25.2.8-0ubuntu0.24.04.4 [10.8 MB]
client	Browser compatibility and Rust-server WebSocket E2E	2026-10-06T19:56:10.4894972Z Get:122 http://azure.archive.ubuntu.com/ubuntu noble-updates/main amd64 libegl-mesa0 amd64 25.2.8-0ubuntu0.24.04.4 [117 kB]
client	Browser compatibility and Rust-server WebSocket E2E	2026-10-06T19:56:10.6433158Z Get:123 http://azure.archive.ubuntu.com/ubuntu noble-updates/main amd64 libevent-2.1-7t64 amd64 2.1.12-stable-9ubuntu2.2 [146 kB]
client	Browser compatibility and Rust-server WebSocket E2E	2026-10-06T19:56:10.7991681Z Get:124 http://azure.archive.ubuntu.com/ubuntu noble-updates/main amd64 libevent-pthreads-2.1-7t64 amd64 2.1.12-stable-9ubuntu2.2 [7988 B]
client	Browser compatibility and Rust-server WebSocket E2E	2026-10-06T19:56:10.9520761Z Get:125 http://azure.archive.ubuntu.com/ubuntu noble-updates/main amd64 libevent-core-2.1-7t64 amd64 2.1.12-stable-9ubuntu2.2 [91.9 kB]
client	Browser compatibility and Rust-server WebSocket E2E	2026-10-06T19:56:11.1055667Z Get:126 http://azure.archive.ubuntu.com/ubuntu noble/universe amd64 libfaad2 amd64 2.11.1-1build1 [207 kB]
client	Browser compatibility and Rust-server WebSocket E2E	2026-10-06T19:56:11.2603452Z Get:127 http://azure.archive.ubuntu.com/ubuntu noble/universe amd64 libinstpatch-1.0-2 amd64 1.1.6-1build2 [251 kB]
client	Browser compatibility and Rust-server WebSocket E2E	2026-10-06T19:56:11.4162435Z Get:128 http://azure.archive.ubuntu.com/ubuntu noble/main amd64 libjack-jackd2-0 amd64 1.9.21~dfsg-3ubuntu3 [289 kB]
client	Browser compatibility and Rust-server WebSocket E2E	2026-10-06T19:56:11.5722357Z Get:129 http://azure.archive.ubuntu.com/ubuntu noble/main amd64 libwebrtc-audio-processing1 amd64 0.3.1-0ubuntu6 [290 kB]
client	Browser compatibility and Rust-server WebSocket E2E	2026-10-06T19:56:11.7285659Z Get:130 http://azure.archive.ubuntu.com/ubuntu noble-updates/main amd64 libspa-0.2-modules amd64 1.0.5-1ubuntu3.3 [628 kB]
client	Browser compatibility and Rust-server WebSocket E2E	2026-10-06T19:56:11.8910743Z Get:131 http://azure.archive.ubuntu.com/ubuntu noble-updates/main amd64 libpipewire-0.3-0t64 amd64 1.0.5-1ubuntu3.3 [252 kB]
client	Browser compatibility and Rust-server WebSocket E2E	2026-10-06T19:56:12.0465079Z Get:132 http://azure.archive.ubuntu.com/ubuntu noble-updates/main amd64 libsdl2-2.0-0 amd64 2.30.0+dfsg-1ubuntu3.1 [686 kB]
client	Browser compatibility and Rust-server WebSocket E2E	2026-10-06T19:56:12.2092362Z Get:133 http://azure.archive.ubuntu.com/ubuntu noble/universe amd64 timgm6mb-soundfont all 1.3-5 [5427 kB]
client	Browser compatibility and Rust-server WebSocket E2E	2026-10-06T19:56:12.5574399Z Get:134 http://azure.archive.ubuntu.com/ubuntu noble/universe amd64 libfluidsynth3 amd64 2.3.4-1build3 [249 kB]
client	Browser compatibility and Rust-server WebSocket E2E	2026-10-06T19:56:12.7130254Z Get:135 http://azure.archive.ubuntu.com/ubuntu noble/main amd64 libfreeaptx0 amd64 0.1.1-2build1 [13.5 kB]
client	Browser compatibility and Rust-server WebSocket E2E	2026-10-06T19:56:12.8661915Z Get:136 http://azure.archive.ubuntu.com/ubuntu noble/main amd64 libgraphene-1.0-0 amd64 1.10.8-3build2 [46.2 kB]
client	Browser compatibility and Rust-server WebSocket E2E	2026-10-06T19:56:13.0193298Z Get:137 http://azure.archive.ubuntu.com/ubuntu noble/main amd64 libgssdp-1.6-0 amd64 1.6.3-1build3 [40.4 kB]
client	Browser compatibility and Rust-server WebSocket E2E	2026-10-06T19:56:13.1725488Z Get:138 http://azure.archive.ubuntu.com/ubuntu noble/main amd64 libegl1 amd64 1.7.0-1build1 [28.7 kB]
client	Browser compatibility and Rust-server WebSocket E2E	2026-10-06T19:56:13.3255554Z Get:139 http://azure.archive.ubuntu.com/ubuntu noble-updates/main amd64 libgstreamer-gl1.0-0 amd64 1.24.2-1ubuntu0.5 [214 kB]
client	Browser compatibility and Rust-server WebSocket E2E	2026-10-06T19:56:13.4806178Z Get:140 http://azure.archive.ubuntu.com/ubuntu noble-updates/main amd64 libgtk-4-common all 4.14.5+ds-0ubuntu0.10 [1497 kB]
client	Browser compatibility and Rust-server WebSocket E2E	2026-10-06T19:56:13.6567369Z Get:141 http://azure.archive.ubuntu.com/ubuntu noble-updates/main amd64 libgtk-4-1 amd64 4.14.5+ds-0ubuntu0.10 [3295 kB]
client	Browser compatibility and Rust-server WebSocket E2E	2026-10-06T19:56:13.9633335Z Get:142 http://azure.archive.ubuntu.com/ubuntu noble/main amd64 libgupnp-1.6-0 amd64 1.6.6-1build3 [92.7 kB]
client	Browser compatibility and Rust-server WebSocket E2E	2026-10-06T19:56:14.1189566Z Get:143 http://azure.archive.ubuntu.com/ubuntu noble/universe amd64 libgupnp-igd-1.6-0 amd64 1.6.0-3build3 [16.5 kB]
client	Browser compatibility and Rust-server WebSocket E2E	2026-10-06T19:56:14.2719166Z Get:144 http://azure.archive.ubuntu.com/ubuntu noble/main amd64 libharfbuzz-icu0 amd64 8.3.0-2build2 [13.3 kB]
client	Browser compatibility and Rust-server WebSocket E2E	2026-10-06T19:56:14.4246173Z Get:145 http://azure.archive.ubuntu.com/ubuntu noble/main amd64 libhyphen0 amd64 2.8.8-7build3 [26.5 kB]
client	Browser compatibility and Rust-server WebSocket E2E	2026-10-06T19:56:14.5778722Z Get:146 http://azure.archive.ubuntu.com/ubuntu noble/universe amd64 libimath-3-1-29t64 amd64 3.1.9-3.1ubuntu2 [72.2 kB]
client	Browser compatibility and Rust-server WebSocket E2E	2026-10-06T19:56:14.7326691Z Get:147 http://azure.archive.ubuntu.com/ubuntu noble/main amd64 liblc3-1 amd64 1.0.4-3build1 [69.7 kB]
client	Browser compatibility and Rust-server WebSocket E2E	2026-10-06T19:56:14.8882098Z Get:148 http://azure.archive.ubuntu.com/ubuntu noble/main amd64 libldacbt-enc2 amd64 2.0.2.3+git20200429+ed310a0-4ubuntu2 [27.1 kB]
client	Browser compatibility and Rust-server WebSocket E2E	2026-10-06T19:56:15.0414397Z Get:149 http://azure.archive.ubuntu.com/ubuntu noble-updates/main amd64 libraptor2-0 amd64 2.0.16-3ubuntu0.1 [165 kB]
client	Browser compatibility and Rust-server WebSocket E2E	2026-10-06T19:56:15.2009033Z Get:150 http://azure.archive.ubuntu.com/ubuntu noble/universe amd64 liblrdf0 amd64 0.6.1-4build1 [18.5 kB]
client	Browser compatibility and Rust-server WebSocket E2E	2026-10-06T19:56:15.3537473Z Get:151 http://azure.archive.ubuntu.com/ubuntu noble/universe amd64 libltc11 amd64 1.3.2-1build1 [13.0 kB]
client	Browser compatibility and Rust-server WebSocket E2E	2026-10-06T19:56:15.5066124Z Get:152 http://azure.archive.ubuntu.com/ubuntu noble/main amd64 libmanette-0.2-0 amd64 0.2.7-1build2 [30.6 kB]
client	Browser compatibility and Rust-server WebSocket E2E	2026-10-06T19:56:15.6638634Z Get:153 http://azure.archive.ubuntu.com/ubuntu noble/universe amd64 libmfx1 amd64 22.5.4-1 [3124 kB]
client	Browser compatibility and Rust-server WebSocket E2E	2026-10-06T19:56:15.9634521Z Get:154 http://azure.archive.ubuntu.com/ubuntu noble/universe amd64 libmjpegutils-2.1-0t64 amd64 1:2.1.0+debian-8.1build1 [25.5 kB]
client	Browser compatibility and Rust-server WebSocket E2E	2026-10-06T19:56:16.1165500Z Get:155 http://azure.archive.ubuntu.com/ubuntu noble/universe amd64 libmodplug1 amd64 1:0.8.9.0-3build1 [166 kB]
client	Browser compatibility and Rust-server WebSocket E2E	2026-10-06T19:56:16.2753439Z Get:156 http://azure.archive.ubuntu.com/ubuntu noble/universe amd64 libmpcdec6 amd64 2:0.1~r495-2build1 [32.7 kB]
client	Browser compatibility and Rust-server WebSocket E2E	2026-10-06T19:56:16.4289121Z Get:157 http://azure.archive.ubuntu.com/ubuntu noble/universe amd64 libmpeg2encpp-2.1-0t64 amd64 1:2.1.0+debian-8.1build1 [75.6 kB]
client	Browser compatibility and Rust-server WebSocket E2E	2026-10-06T19:56:16.5909864Z Get:158 http://azure.archive.ubuntu.com/ubuntu noble/universe amd64 libmplex2-2.1-0t64 amd64 1:2.1.0+debian-8.1build1 [46.1 kB]
client	Browser compatibility and Rust-server WebSocket E2E	2026-10-06T19:56:16.7447444Z Get:159 http://azure.archive.ubuntu.com/ubuntu noble/universe amd64 libneon27t64 amd64 0.33.0-1.1build3 [102 kB]
client	Browser compatibility and Rust-server WebSocket E2E	2026-10-06T19:56:16.9010632Z Get:160 http://azure.archive.ubuntu.com/ubuntu noble/universe amd64 libnice10 amd64 0.1.21-2build3 [157 kB]
client	Browser compatibility and Rust-server WebSocket E2E	2026-10-06T19:56:17.0598274Z Get:161 http://azure.archive.ubuntu.com/ubuntu noble/universe amd64 libopenal-data all 1:1.23.1-4build1 [161 kB]
client	Browser compatibility and Rust-server WebSocket E2E	2026-10-06T19:56:17.2193803Z Get:162 http://azure.archive.ubuntu.com/ubuntu noble/universe amd64 libopenexr-3-1-30 amd64 3.1.5-5.1build3 [1004 kB]
client	Browser compatibility and Rust-server WebSocket E2E	2026-10-06T19:56:17.4200009Z Get:163 http://azure.archive.ubuntu.com/ubuntu noble/universe amd64 libopenh264-7 amd64 2.4.1+dfsg-1 [409 kB]
client	Browser compatibility and Rust-server WebSocket E2E	2026-10-06T19:56:17.5911477Z Get:164 http://azure.archive.ubuntu.com/ubuntu noble/universe amd64 libopenni2-0 amd64 2.2.0.33+dfsg-18 [370 kB]
client	Browser compatibility and Rust-server WebSocket E2E	2026-10-06T19:56:17.7605213Z Get:165 http://azure.archive.ubuntu.com/ubuntu noble/universe amd64 libqrencode4 amd64 4.1.1-1build2 [25.0 kB]
client	Browser compatibility and Rust-server WebSocket E2E	2026-10-06T19:56:17.9146121Z Get:166 http://azure.archive.ubuntu.com/ubuntu noble/main amd64 libsecret-common all 0.21.4-1build3 [4962 B]
client	Browser compatibility and Rust-server WebSocket E2E	2026-10-06T19:56:18.0673683Z Get:167 http://azure.archive.ubuntu.com/ubuntu noble/main amd64 libsecret-1-0 amd64 0.21.4-1build3 [116 kB]
client	Browser compatibility and Rust-server WebSocket E2E	2026-10-06T19:56:18.2241194Z Get:168 http://azure.archive.ubuntu.com/ubuntu noble/universe amd64 libsndio7.0 amd64 1.9.0-0.3build3 [29.6 kB]
client	Browser compatibility and Rust-server WebSocket E2E	2026-10-06T19:56:18.3777187Z Get:169 http://azure.archive.ubuntu.com/ubuntu noble/universe amd64 libsoundtouch1 amd64 2.3.2+ds1-1build1 [60.5 kB]
client	Browser compatibility and Rust-server WebSocket E2E	2026-10-06T19:56:18.5320784Z Get:170 http://azure.archive.ubuntu.com/ubuntu noble/universe amd64 libspandsp2t64 amd64 0.0.6+dfsg-2.1build1 [311 kB]
client	Browser compatibility and Rust-server WebSocket E2E	2026-10-06T19:56:18.6981764Z Get:171 http://azure.archive.ubuntu.com/ubuntu noble/universe amd64 libsrtp2-1 amd64 2.5.0-3build1 [41.9 kB]
client	Browser compatibility and Rust-server WebSocket E2E	2026-10-06T19:56:18.8514151Z Get:172 http://azure.archive.ubuntu.com/ubuntu noble/main amd64 libwayland-server0 amd64 1.22.0-2.1build1 [33.9 kB]
client	Browser compatibility and Rust-server WebSocket E2E	2026-10-06T19:56:19.0054952Z Get:173 http://azure.archive.ubuntu.com/ubuntu noble/universe amd64 libwildmidi2 amd64 0.4.3-1build3 [68.5 kB]
client	Browser compatibility and Rust-server WebSocket E2E	2026-10-06T19:56:19.1602296Z Get:174 http://azure.archive.ubuntu.com/ubuntu noble/main amd64 libwoff1 amd64 1.0.2-2build1 [45.3 kB]
client	Browser compatibility and Rust-server WebSocket E2E	2026-10-06T19:56:19.3138330Z Get:175 http://azure.archive.ubuntu.com/ubuntu noble/main amd64 libxcb-xkb1 amd64 1.15-1ubuntu2 [32.3 kB]
client	Browser compatibility and Rust-server WebSocket E2E	2026-10-06T19:56:19.4676501Z Get:176 http://azure.archive.ubuntu.com/ubuntu noble/main amd64 libxkbcommon-x11-0 amd64 1.6.0-1build1 [14.5 kB]
client	Browser compatibility and Rust-server WebSocket E2E	2026-10-06T19:56:19.6201665Z Get:177 http://azure.archive.ubuntu.com/ubuntu noble/universe amd64 libzbar0t64 amd64 0.23.93-4build3 [123 kB]
client	Browser compatibility and Rust-server WebSocket E2E	2026-10-06T19:56:19.7771950Z Get:178 http://azure.archive.ubuntu.com/ubuntu noble/universe amd64 libzxing3 amd64 2.2.1-3 [583 kB]
client	Browser compatibility and Rust-server WebSocket E2E	2026-10-06T19:56:19.9564073Z Get:179 http://azure.archive.ubuntu.com/ubuntu noble/main amd64 xfonts-encodings all 1:1.0.5-0ubuntu2 [578 kB]
client	Browser compatibility and Rust-server WebSocket E2E	2026-10-06T19:56:20.1365053Z Get:180 http://azure.archive.ubuntu.com/ubuntu noble/main amd64 xfonts-utils amd64 1:7.7+6build3 [94.4 kB]
client	Browser compatibility and Rust-server WebSocket E2E	2026-10-06T19:56:20.2924175Z Get:181 http://azure.archive.ubuntu.com/ubuntu noble/universe amd64 xfonts-cyrillic all 1:1.0.5+nmu1 [384 kB]
client	Browser compatibility and Rust-server WebSocket E2E	2026-10-06T19:56:20.4626580Z Get:182 http://azure.archive.ubuntu.com/ubuntu noble/main amd64 xfonts-scalable all 1:1.0.3-1.3 [304 kB]
client	Browser compatibility and Rust-server WebSocket E2E	2026-10-06T19:56:20.6290038Z Get:183 http://azure.archive.ubuntu.com/ubuntu noble/universe amd64 libgstreamer-plugins-bad1.0-0 amd64 1.24.2-1ubuntu4 [797 kB]
client	Browser compatibility and Rust-server WebSocket E2E	2026-10-06T19:56:20.8188399Z Get:184 http://azure.archive.ubuntu.com/ubuntu noble/universe amd64 libdca0 amd64 0.0.7-2build1 [93.8 kB]
client	Browser compatibility and Rust-server WebSocket E2E	2026-10-06T19:56:20.9753402Z Get:185 http://azure.archive.ubuntu.com/ubuntu noble/universe amd64 libopenal1 amd64 1:1.23.1-4build1 [540 kB]
client	Browser compatibility and Rust-server WebSocket E2E	2026-10-06T19:56:21.1521639Z Get:186 http://azure.archive.ubuntu.com/ubuntu noble/main amd64 libsbc1 amd64 2.0-1build1 [33.9 kB]
client	Browser compatibility and Rust-server WebSocket E2E	2026-10-06T19:56:21.3072984Z Get:187 http://azure.archive.ubuntu.com/ubuntu noble/universe amd64 libvo-aacenc0 amd64 0.1.3-2build1 [67.8 kB]
client	Browser compatibility and Rust-server WebSocket E2E	2026-10-06T19:56:21.4605748Z Get:188 http://azure.archive.ubuntu.com/ubuntu noble/universe amd64 libvo-amrwbenc0 amd64 0.1.3-2build1 [76.7 kB]
client	Browser compatibility and Rust-server WebSocket E2E	2026-10-06T19:56:21.6155284Z Get:189 http://azure.archive.ubuntu.com/ubuntu noble/universe amd64 gstreamer1.0-plugins-bad amd64 1.24.2-1ubuntu4 [3081 kB]
client	Browser compatibility and Rust-server WebSocket E2E	2026-10-06T19:56:22.1713181Z Fetched 126 MB in 34s (3728 kB/s)
client	Browser compatibility and Rust-server WebSocket E2E	2026-10-06T19:56:22.1944614Z Selecting previously unselected package fonts-ipafont-gothic.
client	Browser compatibility and Rust-server WebSocket E2E	2026-10-06T19:56:22.2165394Z (Reading database ...
client	Browser compatibility and Rust-server WebSocket E2E	2026-10-06T19:56:22.2165866Z (Reading database ... 5%
client	Browser compatibility and Rust-server WebSocket E2E	2026-10-06T19:56:22.2166208Z (Reading database ... 10%
client	Browser compatibility and Rust-server WebSocket E2E	2026-10-06T19:56:22.2166541Z (Reading database ... 15%
client	Browser compatibility and Rust-server WebSocket E2E	2026-10-06T19:56:22.2166861Z (Reading database ... 20%
client	Browser compatibility and Rust-server WebSocket E2E	2026-10-06T19:56:22.2167160Z (Reading database ... 25%
client	Browser compatibility and Rust-server WebSocket E2E	2026-10-06T19:56:22.2167457Z (Reading database ... 30%
client	Browser compatibility and Rust-server WebSocket E2E	2026-10-06T19:56:22.2167845Z (Reading database ... 35%
client	Browser compatibility and Rust-server WebSocket E2E	2026-10-06T19:56:22.2168527Z (Reading database ... 40%
client	Browser compatibility and Rust-server WebSocket E2E	2026-10-06T19:56:22.2168923Z (Reading database ... 45%
client	Browser compatibility and Rust-server WebSocket E2E	2026-10-06T19:56:22.2169273Z (Reading database ... 50%
client	Browser compatibility and Rust-server WebSocket E2E	2026-10-06T19:56:22.2209465Z (Reading database ... 55%
client	Browser compatibility and Rust-server WebSocket E2E	2026-10-06T19:56:22.3407754Z (Reading database ... 60%
client	Browser compatibility and Rust-server WebSocket E2E	2026-10-06T19:56:22.5460502Z (Reading database ... 65%
client	Browser compatibility and Rust-server WebSocket E2E	2026-10-06T19:56:22.7505309Z (Reading database ... 70%
client	Browser compatibility and Rust-server WebSocket E2E	2026-10-06T19:56:22.9370893Z (Reading database ... 75%
client	Browser compatibility and Rust-server WebSocket E2E	2026-10-06T19:56:23.0952232Z (Reading database ... 80%
client	Browser compatibility and Rust-server WebSocket E2E	2026-10-06T19:56:23.2908628Z (Reading database ... 85%
client	Browser compatibility and Rust-server WebSocket E2E	2026-10-06T19:56:23.4955832Z (Reading database ... 90%
client	Browser compatibility and Rust-server WebSocket E2E	2026-10-06T19:56:23.7040046Z (Reading database ... 95%
client	Browser compatibility and Rust-server WebSocket E2E	2026-10-06T19:56:23.7040667Z (Reading database ... 100%
client	Browser compatibility and Rust-server WebSocket E2E	2026-10-06T19:56:23.7041181Z (Reading database ... 202296 files and directories currently installed.)
client	Browser compatibility and Rust-server WebSocket E2E	2026-10-06T19:56:23.7083903Z Preparing to unpack .../000-fonts-ipafont-gothic_00303-21ubuntu1_all.deb ...
client	Browser compatibility and Rust-server WebSocket E2E	2026-10-06T19:56:23.7165075Z Unpacking fonts-ipafont-gothic (00303-21ubuntu1) ...
client	Browser compatibility and Rust-server WebSocket E2E	2026-10-06T19:56:23.9407901Z Selecting previously unselected package fonts-freefont-ttf.
client	Browser compatibility and Rust-server WebSocket E2E	2026-10-06T19:56:23.9516909Z Preparing to unpack .../001-fonts-freefont-ttf_20211204+svn4273-2_all.deb ...
client	Browser compatibility and Rust-server WebSocket E2E	2026-10-06T19:56:23.9525675Z Unpacking fonts-freefont-ttf (20211204+svn4273-2) ...
client	Browser compatibility and Rust-server WebSocket E2E	2026-10-06T19:56:24.0252114Z Selecting previously unselected package fonts-tlwg-loma-otf.
client	Browser compatibility and Rust-server WebSocket E2E	2026-10-06T19:56:24.0363137Z Preparing to unpack .../002-fonts-tlwg-loma-otf_1%3a0.7.3-1_all.deb ...
client	Browser compatibility and Rust-server WebSocket E2E	2026-10-06T19:56:24.0376115Z Unpacking fonts-tlwg-loma-otf (1:0.7.3-1) ...
client	Browser compatibility and Rust-server WebSocket E2E	2026-10-06T19:56:24.0521122Z Selecting previously unselected package fonts-unifont.
client	Browser compatibility and Rust-server WebSocket E2E	2026-10-06T19:56:24.0629154Z Preparing to unpack .../003-fonts-unifont_1%3a15.1.01-1build1_all.deb ...
client	Browser compatibility and Rust-server WebSocket E2E	2026-10-06T19:56:24.0636308Z Unpacking fonts-unifont (1:15.1.01-1build1) ...
client	Browser compatibility and Rust-server WebSocket E2E	2026-10-06T19:56:24.1554731Z Selecting previously unselected package fonts-wqy-zenhei.
client	Browser compatibility and Rust-server WebSocket E2E	2026-10-06T19:56:24.1663709Z Preparing to unpack .../004-fonts-wqy-zenhei_0.9.45-8_all.deb ...
client	Browser compatibility and Rust-server WebSocket E2E	2026-10-06T19:56:24.1743215Z Unpacking fonts-wqy-zenhei (0.9.45-8) ...
client	Browser compatibility and Rust-server WebSocket E2E	2026-10-06T19:56:24.6352666Z Selecting previously unselected package libproxy1v5:amd64.
client	Browser compatibility and Rust-server WebSocket E2E	2026-10-06T19:56:24.6462830Z Preparing to unpack .../005-libproxy1v5_0.5.4-4build1_amd64.deb ...
client	Browser compatibility and Rust-server WebSocket E2E	2026-10-06T19:56:24.6476584Z Unpacking libproxy1v5:amd64 (0.5.4-4build1) ...
client	Browser compatibility and Rust-server WebSocket E2E	2026-10-06T19:56:24.6632731Z Selecting previously unselected package glib-networking-common.
client	Browser compatibility and Rust-server WebSocket E2E	2026-10-06T19:56:24.6743923Z Preparing to unpack .../006-glib-networking-common_2.80.0-1build1_all.deb ...
client	Browser compatibility and Rust-server WebSocket E2E	2026-10-06T19:56:24.6750207Z Unpacking glib-networking-common (2.80.0-1build1) ...
client	Browser compatibility and Rust-server WebSocket E2E	2026-10-06T19:56:24.6878320Z Selecting previously unselected package glib-networking-services.
client	Browser compatibility and Rust-server WebSocket E2E	2026-10-06T19:56:24.6986056Z Preparing to unpack .../007-glib-networking-services_2.80.0-1build1_amd64.deb ...
client	Browser compatibility and Rust-server WebSocket E2E	2026-10-06T19:56:24.6991897Z Unpacking glib-networking-services (2.80.0-1build1) ...
client	Browser compatibility and Rust-server WebSocket E2E	2026-10-06T19:56:24.7130260Z Selecting previously unselected package session-migration.
client	Browser compatibility and Rust-server WebSocket E2E	2026-10-06T19:56:24.7238201Z Preparing to unpack .../008-session-migration_0.3.9build1_amd64.deb ...
client	Browser compatibility and Rust-server WebSocket E2E	2026-10-06T19:56:24.7243428Z Unpacking session-migration (0.3.9build1) ...
client	Browser compatibility and Rust-server WebSocket E2E	2026-10-06T19:56:24.7450111Z Selecting previously unselected package gsettings-desktop-schemas.
client	Browser compatibility and Rust-server WebSocket E2E	2026-10-06T19:56:24.7559714Z Preparing to unpack .../009-gsettings-desktop-schemas_46.1-0ubuntu1_all.deb ...
client	Browser compatibility and Rust-server WebSocket E2E	2026-10-06T19:56:24.7565878Z Unpacking gsettings-desktop-schemas (46.1-0ubuntu1) ...
client	Browser compatibility and Rust-server WebSocket E2E	2026-10-06T19:56:24.8761745Z Selecting previously unselected package glib-networking:amd64.
client	Browser compatibility and Rust-server WebSocket E2E	2026-10-06T19:56:24.8870624Z Preparing to unpack .../010-glib-networking_2.80.0-1build1_amd64.deb ...
client	Browser compatibility and Rust-server WebSocket E2E	2026-10-06T19:56:24.8879019Z Unpacking glib-networking:amd64 (2.80.0-1build1) ...
client	Browser compatibility and Rust-server WebSocket E2E	2026-10-06T19:56:24.9032888Z Selecting previously unselected package libva2:amd64.
client	Browser compatibility and Rust-server WebSocket E2E	2026-10-06T19:56:24.9141682Z Preparing to unpack .../011-libva2_2.20.0-2ubuntu0.2_amd64.deb ...
client	Browser compatibility and Rust-server WebSocket E2E	2026-10-06T19:56:24.9148290Z Unpacking libva2:amd64 (2.20.0-2ubuntu0.2) ...
client	Browser compatibility and Rust-server WebSocket E2E	2026-10-06T19:56:24.9296269Z Selecting previously unselected package libva-drm2:amd64.
client	Browser compatibility and Rust-server WebSocket E2E	2026-10-06T19:56:24.9404605Z Preparing to unpack .../012-libva-drm2_2.20.0-2ubuntu0.2_amd64.deb ...
client	Browser compatibility and Rust-server WebSocket E2E	2026-10-06T19:56:24.9410616Z Unpacking libva-drm2:amd64 (2.20.0-2ubuntu0.2) ...
client	Browser compatibility and Rust-server WebSocket E2E	2026-10-06T19:56:24.9549596Z Selecting previously unselected package libva-x11-2:amd64.
client	Browser compatibility and Rust-server WebSocket E2E	2026-10-06T19:56:24.9658533Z Preparing to unpack .../013-libva-x11-2_2.20.0-2ubuntu0.2_amd64.deb ...
client	Browser compatibility and Rust-server WebSocket E2E	2026-10-06T19:56:24.9664613Z Unpacking libva-x11-2:amd64 (2.20.0-2ubuntu0.2) ...
client	Browser compatibility and Rust-server WebSocket E2E	2026-10-06T19:56:24.9821315Z Selecting previously unselected package libvdpau1:amd64.
client	Browser compatibility and Rust-server WebSocket E2E	2026-10-06T19:56:24.9935472Z Preparing to unpack .../014-libvdpau1_1.5-2build1_amd64.deb ...
client	Browser compatibility and Rust-server WebSocket E2E	2026-10-06T19:56:24.9942293Z Unpacking libvdpau1:amd64 (1.5-2build1) ...
client	Browser compatibility and Rust-server WebSocket E2E	2026-10-06T19:56:25.0100500Z Selecting previously unselected package libvpl2.
client	Browser compatibility and Rust-server WebSocket E2E	2026-10-06T19:56:25.0212109Z Preparing to unpack .../015-libvpl2_2023.3.0-1build1_amd64.deb ...
client	Browser compatibility and Rust-server WebSocket E2E	2026-10-06T19:56:25.0219613Z Unpacking libvpl2 (2023.3.0-1build1) ...
client	Browser compatibility and Rust-server WebSocket E2E	2026-10-06T19:56:25.0377705Z Selecting previously unselected package ocl-icd-libopencl1:amd64.
client	Browser compatibility and Rust-server WebSocket E2E	2026-10-06T19:56:25.0487935Z Preparing to unpack .../016-ocl-icd-libopencl1_2.3.2-1build1_amd64.deb ...
client	Browser compatibility and Rust-server WebSocket E2E	2026-10-06T19:56:25.0494855Z Unpacking ocl-icd-libopencl1:amd64 (2.3.2-1build1) ...
client	Browser compatibility and Rust-server WebSocket E2E	2026-10-06T19:56:25.0671678Z Selecting previously unselected package libavutil58:amd64.
client	Browser compatibility and Rust-server WebSocket E2E	2026-10-06T19:56:25.0784859Z Preparing to unpack .../017-libavutil58_7%3a6.1.1-3ubuntu5_amd64.deb ...
client	Browser compatibility and Rust-server WebSocket E2E	2026-10-06T19:56:25.0791454Z Unpacking libavutil58:amd64 (7:6.1.1-3ubuntu5) ...
client	Browser compatibility and Rust-server WebSocket E2E	2026-10-06T19:56:25.0999490Z Selecting previously unselected package libcodec2-1.2:amd64.
client	Browser compatibility and Rust-server WebSocket E2E	2026-10-06T19:56:25.1110383Z Preparing to unpack .../018-libcodec2-1.2_1.2.0-2build1_amd64.deb ...
client	Browser compatibility and Rust-server WebSocket E2E	2026-10-06T19:56:25.1117295Z Unpacking libcodec2-1.2:amd64 (1.2.0-2build1) ...
client	Browser compatibility and Rust-server WebSocket E2E	2026-10-06T19:56:25.1735504Z Selecting previously unselected package libdav1d7:amd64.
client	Browser compatibility and Rust-server WebSocket E2E	2026-10-06T19:56:25.1843828Z Preparing to unpack .../019-libdav1d7_1.4.1-1build1_amd64.deb ...
client	Browser compatibility and Rust-server WebSocket E2E	2026-10-06T19:56:25.1849070Z Unpacking libdav1d7:amd64 (1.4.1-1build1) ...
client	Browser compatibility and Rust-server WebSocket E2E	2026-10-06T19:56:25.2066972Z Selecting previously unselected package libgsm1:amd64.
client	Browser compatibility and Rust-server WebSocket E2E	2026-10-06T19:56:25.2175800Z Preparing to unpack .../020-libgsm1_1.0.22-1build1_amd64.deb ...
client	Browser compatibility and Rust-server WebSocket E2E	2026-10-06T19:56:25.2181054Z Unpacking libgsm1:amd64 (1.0.22-1build1) ...
client	Browser compatibility and Rust-server WebSocket E2E	2026-10-06T19:56:25.2325065Z Selecting previously unselected package libhwy1t64:amd64.
client	Browser compatibility and Rust-server WebSocket E2E	2026-10-06T19:56:25.2433839Z Preparing to unpack .../021-libhwy1t64_1.0.7-8.1build1_amd64.deb ...
client	Browser compatibility and Rust-server WebSocket E2E	2026-10-06T19:56:25.2443234Z Unpacking libhwy1t64:amd64 (1.0.7-8.1build1) ...
client	Browser compatibility and Rust-server WebSocket E2E	2026-10-06T19:56:25.2690616Z Selecting previously unselected package libjxl0.7:amd64.
client	Browser compatibility and Rust-server WebSocket E2E	2026-10-06T19:56:25.2801829Z Preparing to unpack .../022-libjxl0.7_0.7.0-10.2ubuntu6.1_amd64.deb ...
client	Browser compatibility and Rust-server WebSocket E2E	2026-10-06T19:56:25.2809157Z Unpacking libjxl0.7:amd64 (0.7.0-10.2ubuntu6.1) ...
client	Browser compatibility and Rust-server WebSocket E2E	2026-10-06T19:56:25.3072148Z Selecting previously unselected package libmp3lame0:amd64.
client	Browser compatibility and Rust-server WebSocket E2E	2026-10-06T19:56:25.3182037Z Preparing to unpack .../023-libmp3lame0_3.100-6build1_amd64.deb ...
client	Browser compatibility and Rust-server WebSocket E2E	2026-10-06T19:56:25.3191492Z Unpacking libmp3lame0:amd64 (3.100-6build1) ...
client	Browser compatibility and Rust-server WebSocket E2E	2026-10-06T19:56:25.3356648Z Selecting previously unselected package libopus0:amd64.
client	Browser compatibility and Rust-server WebSocket E2E	2026-10-06T19:56:25.3464579Z Preparing to unpack .../024-libopus0_1.4-1build1_amd64.deb ...
client	Browser compatibility and Rust-server WebSocket E2E	2026-10-06T19:56:25.3469965Z Unpacking libopus0:amd64 (1.4-1build1) ...
client	Browser compatibility and Rust-server WebSocket E2E	2026-10-06T19:56:25.3625898Z Selecting previously unselected package librav1e0:amd64.
client	Browser compatibility and Rust-server WebSocket E2E	2026-10-06T19:56:25.3733459Z Preparing to unpack .../025-librav1e0_0.7.1-2_amd64.deb ...
client	Browser compatibility and Rust-server WebSocket E2E	2026-10-06T19:56:25.3739501Z Unpacking librav1e0:amd64 (0.7.1-2) ...
client	Browser compatibility and Rust-server WebSocket E2E	2026-10-06T19:56:25.4001162Z Selecting previously unselected package librsvg2-2:amd64.
client	Browser compatibility and Rust-server WebSocket E2E	2026-10-06T19:56:25.4109502Z Preparing to unpack .../026-librsvg2-2_2.58.0+dfsg-1build1_amd64.deb ...
client	Browser compatibility and Rust-server WebSocket E2E	2026-10-06T19:56:25.4115440Z Unpacking librsvg2-2:amd64 (2.58.0+dfsg-1build1) ...
client	Browser compatibility and Rust-server WebSocket E2E	2026-10-06T19:56:25.4503695Z Selecting previously unselected package libshine3:amd64.
client	Browser compatibility and Rust-server WebSocket E2E	2026-10-06T19:56:25.4613619Z Preparing to unpack .../027-libshine3_3.1.1-2build1_amd64.deb ...
client	Browser compatibility and Rust-server WebSocket E2E	2026-10-06T19:56:25.4625541Z Unpacking libshine3:amd64 (3.1.1-2build1) ...
client	Browser compatibility and Rust-server WebSocket E2E	2026-10-06T19:56:25.4766726Z Selecting previously unselected package libspeex1:amd64.
client	Browser compatibility and Rust-server WebSocket E2E	2026-10-06T19:56:25.4875612Z Preparing to unpack .../028-libspeex1_1.2.1-2ubuntu2.24.04.1_amd64.deb ...
client	Browser compatibility and Rust-server WebSocket E2E	2026-10-06T19:56:25.4881539Z Unpacking libspeex1:amd64 (1.2.1-2ubuntu2.24.04.1) ...
client	Browser compatibility and Rust-server WebSocket E2E	2026-10-06T19:56:25.5025297Z Selecting previously unselected package libsvtav1enc1d1:amd64.
client	Browser compatibility and Rust-server WebSocket E2E	2026-10-06T19:56:25.5132305Z Preparing to unpack .../029-libsvtav1enc1d1_1.7.0+dfsg-2build1_amd64.deb ...
client	Browser compatibility and Rust-server WebSocket E2E	2026-10-06T19:56:25.5137675Z Unpacking libsvtav1enc1d1:amd64 (1.7.0+dfsg-2build1) ...
client	Browser compatibility and Rust-server WebSocket E2E	2026-10-06T19:56:25.5550360Z Selecting previously unselected package libsoxr0:amd64.
client	Browser compatibility and Rust-server WebSocket E2E	2026-10-06T19:56:25.5659891Z Preparing to unpack .../030-libsoxr0_0.1.3-4build3_amd64.deb ...
client	Browser compatibility and Rust-server WebSocket E2E	2026-10-06T19:56:25.5666194Z Unpacking libsoxr0:amd64 (0.1.3-4build3) ...
client	Browser compatibility and Rust-server WebSocket E2E	2026-10-06T19:56:25.5816547Z Selecting previously unselected package libswresample4:amd64.
client	Browser compatibility and Rust-server WebSocket E2E	2026-10-06T19:56:25.5925344Z Preparing to unpack .../031-libswresample4_7%3a6.1.1-3ubuntu5_amd64.deb ...
client	Browser compatibility and Rust-server WebSocket E2E	2026-10-06T19:56:25.5931151Z Unpacking libswresample4:amd64 (7:6.1.1-3ubuntu5) ...
client	Browser compatibility and Rust-server WebSocket E2E	2026-10-06T19:56:25.6080983Z Selecting previously unselected package libtheora0:amd64.
client	Browser compatibility and Rust-server WebSocket E2E	2026-10-06T19:56:25.6188659Z Preparing to unpack .../032-libtheora0_1.1.1+dfsg.1-16.1build3_amd64.deb ...
client	Browser compatibility and Rust-server WebSocket E2E	2026-10-06T19:56:25.6195316Z Unpacking libtheora0:amd64 (1.1.1+dfsg.1-16.1build3) ...
client	Browser compatibility and Rust-server WebSocket E2E	2026-10-06T19:56:25.6361186Z Selecting previously unselected package libtwolame0:amd64.
client	Browser compatibility and Rust-server WebSocket E2E	2026-10-06T19:56:25.6470362Z Preparing to unpack .../033-libtwolame0_0.4.0-2build3_amd64.deb ...
client	Browser compatibility and Rust-server WebSocket E2E	2026-10-06T19:56:25.6475813Z Unpacking libtwolame0:amd64 (0.4.0-2build3) ...
client	Browser compatibility and Rust-server WebSocket E2E	2026-10-06T19:56:25.6618384Z Selecting previously unselected package libvorbisenc2:amd64.
client	Browser compatibility and Rust-server WebSocket E2E	2026-10-06T19:56:25.6728429Z Preparing to unpack .../034-libvorbisenc2_1.3.7-1build3_amd64.deb ...
client	Browser compatibility and Rust-server WebSocket E2E	2026-10-06T19:56:25.6736383Z Unpacking libvorbisenc2:amd64 (1.3.7-1build3) ...
client	Browser compatibility and Rust-server WebSocket E2E	2026-10-06T19:56:25.6907588Z Selecting previously unselected package libvpx9:amd64.
client	Browser compatibility and Rust-server WebSocket E2E	2026-10-06T19:56:25.7019268Z Preparing to unpack .../035-libvpx9_1.14.0-1ubuntu2.3_amd64.deb ...
client	Browser compatibility and Rust-server WebSocket E2E	2026-10-06T19:56:25.7028548Z Unpacking libvpx9:amd64 (1.14.0-1ubuntu2.3) ...
client	Browser compatibility and Rust-server WebSocket E2E	2026-10-06T19:56:25.7295477Z Selecting previously unselected package libx264-164:amd64.
client	Browser compatibility and Rust-server WebSocket E2E	2026-10-06T19:56:25.7410254Z Preparing to unpack .../036-libx264-164_2%3a0.164.3108+git31e19f9-1_amd64.deb ...
client	Browser compatibility and Rust-server WebSocket E2E	2026-10-06T19:56:25.7418237Z Unpacking libx264-164:amd64 (2:0.164.3108+git31e19f9-1) ...
client	Browser compatibility and Rust-server WebSocket E2E	2026-10-06T19:56:25.7632745Z Selecting previously unselected package libx265-199:amd64.
client	Browser compatibility and Rust-server WebSocket E2E	2026-10-06T19:56:25.7743805Z Preparing to unpack .../037-libx265-199_3.5-2build1_amd64.deb ...
client	Browser compatibility and Rust-server WebSocket E2E	2026-10-06T19:56:25.7751353Z Unpacking libx265-199:amd64 (3.5-2build1) ...
client	Browser compatibility and Rust-server WebSocket E2E	2026-10-06T19:56:25.8305706Z Selecting previously unselected package libxvidcore4:amd64.
client	Browser compatibility and Rust-server WebSocket E2E	2026-10-06T19:56:25.8418139Z Preparing to unpack .../038-libxvidcore4_2%3a1.3.7-1build1_amd64.deb ...
client	Browser compatibility and Rust-server WebSocket E2E	2026-10-06T19:56:25.8425537Z Unpacking libxvidcore4:amd64 (2:1.3.7-1build1) ...
client	Browser compatibility and Rust-server WebSocket E2E	2026-10-06T19:56:25.8586872Z Selecting previously unselected package libzvbi-common.
client	Browser compatibility and Rust-server WebSocket E2E	2026-10-06T19:56:25.8695856Z Preparing to unpack .../039-libzvbi-common_0.2.42-2_all.deb ...
client	Browser compatibility and Rust-server WebSocket E2E	2026-10-06T19:56:25.8702395Z Unpacking libzvbi-common (0.2.42-2) ...
client	Browser compatibility and Rust-server WebSocket E2E	2026-10-06T19:56:25.9261261Z Selecting previously unselected package libzvbi0t64:amd64.
client	Browser compatibility and Rust-server WebSocket E2E	2026-10-06T19:56:25.9373129Z Preparing to unpack .../040-libzvbi0t64_0.2.42-2_amd64.deb ...
client	Browser compatibility and Rust-server WebSocket E2E	2026-10-06T19:56:25.9383137Z Unpacking libzvbi0t64:amd64 (0.2.42-2) ...
client	Browser compatibility and Rust-server WebSocket E2E	2026-10-06T19:56:25.9562033Z Selecting previously unselected package libavcodec60:amd64.
client	Browser compatibility and Rust-server WebSocket E2E	2026-10-06T19:56:25.9672704Z Preparing to unpack .../041-libavcodec60_7%3a6.1.1-3ubuntu5_amd64.deb ...
client	Browser compatibility and Rust-server WebSocket E2E	2026-10-06T19:56:25.9681815Z Unpacking libavcodec60:amd64 (7:6.1.1-3ubuntu5) ...
client	Browser compatibility and Rust-server WebSocket E2E	2026-10-06T19:56:26.0525305Z Preparing to unpack .../042-libfreetype6_2.13.2+dfsg-1ubuntu0.2_amd64.deb ...
client	Browser compatibility and Rust-server WebSocket E2E	2026-10-06T19:56:26.0556675Z Unpacking libfreetype6:amd64 (2.13.2+dfsg-1ubuntu0.2) over (2.13.2+dfsg-1ubuntu0.1) ...
client	Browser compatibility and Rust-server WebSocket E2E	2026-10-06T19:56:26.0760542Z Selecting previously unselected package libunibreak5:amd64.
client	Browser compatibility and Rust-server WebSocket E2E	2026-10-06T19:56:26.0873815Z Preparing to unpack .../043-libunibreak5_5.1-2build1_amd64.deb ...
client	Browser compatibility and Rust-server WebSocket E2E	2026-10-06T19:56:26.0879966Z Unpacking libunibreak5:amd64 (5.1-2build1) ...
client	Browser compatibility and Rust-server WebSocket E2E	2026-10-06T19:56:26.1027260Z Selecting previously unselected package libass9:amd64.
client	Browser compatibility and Rust-server WebSocket E2E	2026-10-06T19:56:26.1140533Z Preparing to unpack .../044-libass9_1%3a0.17.1-2build1_amd64.deb ...
client	Browser compatibility and Rust-server WebSocket E2E	2026-10-06T19:56:26.1152294Z Unpacking libass9:amd64 (1:0.17.1-2build1) ...
client	Browser compatibility and Rust-server WebSocket E2E	2026-10-06T19:56:26.1307222Z Selecting previously unselected package libudfread0:amd64.
client	Browser compatibility and Rust-server WebSocket E2E	2026-10-06T19:56:26.1416686Z Preparing to unpack .../045-libudfread0_1.1.2-1build1_amd64.deb ...
client	Browser compatibility and Rust-server WebSocket E2E	2026-10-06T19:56:26.1422744Z Unpacking libudfread0:amd64 (1.1.2-1build1) ...
client	Browser compatibility and Rust-server WebSocket E2E	2026-10-06T19:56:26.1569760Z Selecting previously unselected package libbluray2:amd64.
client	Browser compatibility and Rust-server WebSocket E2E	2026-10-06T19:56:26.1679605Z Preparing to unpack .../046-libbluray2_1%3a1.3.4-1build1_amd64.deb ...
client	Browser compatibility and Rust-server WebSocket E2E	2026-10-06T19:56:26.1687432Z Unpacking libbluray2:amd64 (1:1.3.4-1build1) ...
client	Browser compatibility and Rust-server WebSocket E2E	2026-10-06T19:56:26.1849397Z Selecting previously unselected package libchromaprint1:amd64.
client	Browser compatibility and Rust-server WebSocket E2E	2026-10-06T19:56:26.1959013Z Preparing to unpack .../047-libchromaprint1_1.5.1-5_amd64.deb ...
client	Browser compatibility and Rust-server WebSocket E2E	2026-10-06T19:56:26.1966995Z Unpacking libchromaprint1:amd64 (1.5.1-5) ...
client	Browser compatibility and Rust-server WebSocket E2E	2026-10-06T19:56:26.2119848Z Selecting previously unselected package libgme0:amd64.
client	Browser compatibility and Rust-server WebSocket E2E	2026-10-06T19:56:26.2233787Z Preparing to unpack .../048-libgme0_0.6.3-7build1_amd64.deb ...
client	Browser compatibility and Rust-server WebSocket E2E	2026-10-06T19:56:26.2242322Z Unpacking libgme0:amd64 (0.6.3-7build1) ...
client	Browser compatibility and Rust-server WebSocket E2E	2026-10-06T19:56:26.2401335Z Selecting previously unselected package libmpg123-0t64:amd64.
client	Browser compatibility and Rust-server WebSocket E2E	2026-10-06T19:56:26.2512956Z Preparing to unpack .../049-libmpg123-0t64_1.32.5-1ubuntu1.1_amd64.deb ...
client	Browser compatibility and Rust-server WebSocket E2E	2026-10-06T19:56:26.2520180Z Unpacking libmpg123-0t64:amd64 (1.32.5-1ubuntu1.1) ...
client	Browser compatibility and Rust-server WebSocket E2E	2026-10-06T19:56:26.2689037Z Selecting previously unselected package libopenmpt0t64:amd64.
client	Browser compatibility and Rust-server WebSocket E2E	2026-10-06T19:56:26.2804511Z Preparing to unpack .../050-libopenmpt0t64_0.7.3-1.1build3_amd64.deb ...
client	Browser compatibility and Rust-server WebSocket E2E	2026-10-06T19:56:26.2812984Z Unpacking libopenmpt0t64:amd64 (0.7.3-1.1build3) ...
client	Browser compatibility and Rust-server WebSocket E2E	2026-10-06T19:56:26.3022763Z Selecting previously unselected package libcjson1:amd64.
client	Browser compatibility and Rust-server WebSocket E2E	2026-10-06T19:56:26.3134584Z Preparing to unpack .../051-libcjson1_1.7.17-1_amd64.deb ...
client	Browser compatibility and Rust-server WebSocket E2E	2026-10-06T19:56:26.3141548Z Unpacking libcjson1:amd64 (1.7.17-1) ...
client	Browser compatibility and Rust-server WebSocket E2E	2026-10-06T19:56:26.3295893Z Selecting previously unselected package libmbedcrypto7t64:amd64.
client	Browser compatibility and Rust-server WebSocket E2E	2026-10-06T19:56:26.3407239Z Preparing to unpack .../052-libmbedcrypto7t64_2.28.8-1_amd64.deb ...
client	Browser compatibility and Rust-server WebSocket E2E	2026-10-06T19:56:26.3414106Z Unpacking libmbedcrypto7t64:amd64 (2.28.8-1) ...
client	Browser compatibility and Rust-server WebSocket E2E	2026-10-06T19:56:26.3582820Z Selecting previously unselected package librist4:amd64.
client	Browser compatibility and Rust-server WebSocket E2E	2026-10-06T19:56:26.3695350Z Preparing to unpack .../053-librist4_0.2.10+dfsg-2_amd64.deb ...
client	Browser compatibility and Rust-server WebSocket E2E	2026-10-06T19:56:26.3703835Z Unpacking librist4:amd64 (0.2.10+dfsg-2) ...
client	Browser compatibility and Rust-server WebSocket E2E	2026-10-06T19:56:26.3858637Z Selecting previously unselected package libsrt1.5-gnutls:amd64.
client	Browser compatibility and Rust-server WebSocket E2E	2026-10-06T19:56:26.3969489Z Preparing to unpack .../054-libsrt1.5-gnutls_1.5.3-1build2_amd64.deb ...
client	Browser compatibility and Rust-server WebSocket E2E	2026-10-06T19:56:26.3982140Z Unpacking libsrt1.5-gnutls:amd64 (1.5.3-1build2) ...
client	Browser compatibility and Rust-server WebSocket E2E	2026-10-06T19:56:26.4167860Z Selecting previously unselected package libssh-gcrypt-4:amd64.
client	Browser compatibility and Rust-server WebSocket E2E	2026-10-06T19:56:26.4281455Z Preparing to unpack .../055-libssh-gcrypt-4_0.10.6-2ubuntu0.5_amd64.deb ...
client	Browser compatibility and Rust-server WebSocket E2E	2026-10-06T19:56:26.4288518Z Unpacking libssh-gcrypt-4:amd64 (0.10.6-2ubuntu0.5) ...
client	Browser compatibility and Rust-server WebSocket E2E	2026-10-06T19:56:26.4461780Z Selecting previously unselected package libavformat60:amd64.
client	Browser compatibility and Rust-server WebSocket E2E	2026-10-06T19:56:26.4574636Z Preparing to unpack .../056-libavformat60_7%3a6.1.1-3ubuntu5_amd64.deb ...
client	Browser compatibility and Rust-server WebSocket E2E	2026-10-06T19:56:26.4582077Z Unpacking libavformat60:amd64 (7:6.1.1-3ubuntu5) ...
client	Browser compatibility and Rust-server WebSocket E2E	2026-10-06T19:56:26.4836909Z Selecting previously unselected package libbs2b0:amd64.
client	Browser compatibility and Rust-server WebSocket E2E	2026-10-06T19:56:26.4949328Z Preparing to unpack .../057-libbs2b0_3.1.0+dfsg-7build1_amd64.deb ...
client	Browser compatibility and Rust-server WebSocket E2E	2026-10-06T19:56:26.4964237Z Unpacking libbs2b0:amd64 (3.1.0+dfsg-7build1) ...
client	Browser compatibility and Rust-server WebSocket E2E	2026-10-06T19:56:26.5143644Z Selecting previously unselected package libflite1:amd64.
client	Browser compatibility and Rust-server WebSocket E2E	2026-10-06T19:56:26.5257610Z Preparing to unpack .../058-libflite1_2.2-6build3_amd64.deb ...
client	Browser compatibility and Rust-server WebSocket E2E	2026-10-06T19:56:26.5265121Z Unpacking libflite1:amd64 (2.2-6build3) ...
client	Browser compatibility and Rust-server WebSocket E2E	2026-10-06T19:56:26.6249468Z Selecting previously unselected package libserd-0-0:amd64.
client	Browser compatibility and Rust-server WebSocket E2E	2026-10-06T19:56:26.6363506Z Preparing to unpack .../059-libserd-0-0_0.32.2-1_amd64.deb ...
client	Browser compatibility and Rust-server WebSocket E2E	2026-10-06T19:56:26.6370564Z Unpacking libserd-0-0:amd64 (0.32.2-1) ...
client	Browser compatibility and Rust-server WebSocket E2E	2026-10-06T19:56:26.6546775Z Selecting previously unselected package libzix-0-0:amd64.
client	Browser compatibility and Rust-server WebSocket E2E	2026-10-06T19:56:26.6659194Z Preparing to unpack .../060-libzix-0-0_0.4.2-2build1_amd64.deb ...
client	Browser compatibility and Rust-server WebSocket E2E	2026-10-06T19:56:26.6677209Z Unpacking libzix-0-0:amd64 (0.4.2-2build1) ...
client	Browser compatibility and Rust-server WebSocket E2E	2026-10-06T19:56:26.6830815Z Selecting previously unselected package libsord-0-0:amd64.
client	Browser compatibility and Rust-server WebSocket E2E	2026-10-06T19:56:26.6943063Z Preparing to unpack .../061-libsord-0-0_0.16.16-2build1_amd64.deb ...
client	Browser compatibility and Rust-server WebSocket E2E	2026-10-06T19:56:26.6954068Z Unpacking libsord-0-0:amd64 (0.16.16-2build1) ...
client	Browser compatibility and Rust-server WebSocket E2E	2026-10-06T19:56:26.7105313Z Selecting previously unselected package libsratom-0-0:amd64.
client	Browser compatibility and Rust-server WebSocket E2E	2026-10-06T19:56:26.7217429Z Preparing to unpack .../062-libsratom-0-0_0.6.16-1build1_amd64.deb ...
client	Browser compatibility and Rust-server WebSocket E2E	2026-10-06T19:56:26.7225891Z Unpacking libsratom-0-0:amd64 (0.6.16-1build1) ...
client	Browser compatibility and Rust-server WebSocket E2E	2026-10-06T19:56:26.7387473Z Selecting previously unselected package liblilv-0-0:amd64.
client	Browser compatibility and Rust-server WebSocket E2E	2026-10-06T19:56:26.7502783Z Preparing to unpack .../063-liblilv-0-0_0.24.22-1build1_amd64.deb ...
client	Browser compatibility and Rust-server WebSocket E2E	2026-10-06T19:56:26.7510867Z Unpacking liblilv-0-0:amd64 (0.24.22-1build1) ...
client	Browser compatibility and Rust-server WebSocket E2E	2026-10-06T19:56:26.7671931Z Selecting previously unselected package libmysofa1:amd64.
client	Browser compatibility and Rust-server WebSocket E2E	2026-10-06T19:56:26.7785406Z Preparing to unpack .../064-libmysofa1_1.3.2+dfsg-2ubuntu2_amd64.deb ...
client	Browser compatibility and Rust-server WebSocket E2E	2026-10-06T19:56:26.7793609Z Unpacking libmysofa1:amd64 (1.3.2+dfsg-2ubuntu2) ...
client	Browser compatibility and Rust-server WebSocket E2E	2026-10-06T19:56:26.7982606Z Selecting previously unselected package libplacebo338:amd64.
client	Browser compatibility and Rust-server WebSocket E2E	2026-10-06T19:56:26.8094555Z Preparing to unpack .../065-libplacebo338_6.338.2-2build1_amd64.deb ...
client	Browser compatibility and Rust-server WebSocket E2E	2026-10-06T19:56:26.8109614Z Unpacking libplacebo338:amd64 (6.338.2-2build1) ...
client	Browser compatibility and Rust-server WebSocket E2E	2026-10-06T19:56:26.8585226Z Selecting previously unselected package libblas3:amd64.
client	Browser compatibility and Rust-server WebSocket E2E	2026-10-06T19:56:26.8698418Z Preparing to unpack .../066-libblas3_3.12.0-3build1.1_amd64.deb ...
client	Browser compatibility and Rust-server WebSocket E2E	2026-10-06T19:56:26.8732808Z Unpacking libblas3:amd64 (3.12.0-3build1.1) ...
client	Browser compatibility and Rust-server WebSocket E2E	2026-10-06T19:56:26.8918748Z Selecting previously unselected package liblapack3:amd64.
client	Browser compatibility and Rust-server WebSocket E2E	2026-10-06T19:56:26.9032545Z Preparing to unpack .../067-liblapack3_3.12.0-3build1.1_amd64.deb ...
client	Browser compatibility and Rust-server WebSocket E2E	2026-10-06T19:56:26.9058818Z Unpacking liblapack3:amd64 (3.12.0-3build1.1) ...
client	Browser compatibility and Rust-server WebSocket E2E	2026-10-06T19:56:26.9508549Z Selecting previously unselected package libasyncns0:amd64.
client	Browser compatibility and Rust-server WebSocket E2E	2026-10-06T19:56:26.9621423Z Preparing to unpack .../068-libasyncns0_0.8-6build4_amd64.deb ...
client	Browser compatibility and Rust-server WebSocket E2E	2026-10-06T19:56:26.9628392Z Unpacking libasyncns0:amd64 (0.8-6build4) ...
client	Browser compatibility and Rust-server WebSocket E2E	2026-10-06T19:56:26.9780794Z Selecting previously unselected package libflac12t64:amd64.
client	Browser compatibility and Rust-server WebSocket E2E	2026-10-06T19:56:26.9895226Z Preparing to unpack .../069-libflac12t64_1.4.3+ds-2.1ubuntu2_amd64.deb ...
client	Browser compatibility and Rust-server WebSocket E2E	2026-10-06T19:56:26.9903158Z Unpacking libflac12t64:amd64 (1.4.3+ds-2.1ubuntu2) ...
client	Browser compatibility and Rust-server WebSocket E2E	2026-10-06T19:56:27.0072364Z Selecting previously unselected package libsndfile1:amd64.
client	Browser compatibility and Rust-server WebSocket E2E	2026-10-06T19:56:27.0184515Z Preparing to unpack .../070-libsndfile1_1.2.2-1ubuntu5.24.04.1_amd64.deb ...
client	Browser compatibility and Rust-server WebSocket E2E	2026-10-06T19:56:27.0192729Z Unpacking libsndfile1:amd64 (1.2.2-1ubuntu5.24.04.1) ...
client	Browser compatibility and Rust-server WebSocket E2E	2026-10-06T19:56:27.0379672Z Selecting previously unselected package libpulse0:amd64.
client	Browser compatibility and Rust-server WebSocket E2E	2026-10-06T19:56:27.0490577Z Preparing to unpack .../071-libpulse0_1%3a16.1+dfsg1-2ubuntu10.1_amd64.deb ...
client	Browser compatibility and Rust-server WebSocket E2E	2026-10-06T19:56:27.0543287Z Unpacking libpulse0:amd64 (1:16.1+dfsg1-2ubuntu10.1) ...
client	Browser compatibility and Rust-server WebSocket E2E	2026-10-06T19:56:27.0741383Z Selecting previously unselected package libsphinxbase3t64:amd64.
client	Browser compatibility and Rust-server WebSocket E2E	2026-10-06T19:56:27.0854799Z Preparing to unpack .../072-libsphinxbase3t64_0.8+5prealpha+1-17build2_amd64.deb ...
client	Browser compatibility and Rust-server WebSocket E2E	2026-10-06T19:56:27.0861691Z Unpacking libsphinxbase3t64:amd64 (0.8+5prealpha+1-17build2) ...
client	Browser compatibility and Rust-server WebSocket E2E	2026-10-06T19:56:27.1028376Z Selecting previously unselected package libpocketsphinx3:amd64.
client	Browser compatibility and Rust-server WebSocket E2E	2026-10-06T19:56:27.1143230Z Preparing to unpack .../073-libpocketsphinx3_0.8.0+real5prealpha+1-15ubuntu5_amd64.deb ...
client	Browser compatibility and Rust-server WebSocket E2E	2026-10-06T19:56:27.1150085Z Unpacking libpocketsphinx3:amd64 (0.8.0+real5prealpha+1-15ubuntu5) ...
client	Browser compatibility and Rust-server WebSocket E2E	2026-10-06T19:56:27.1321191Z Selecting previously unselected package libpostproc57:amd64.
client	Browser compatibility and Rust-server WebSocket E2E	2026-10-06T19:56:27.1437348Z Preparing to unpack .../074-libpostproc57_7%3a6.1.1-3ubuntu5_amd64.deb ...
client	Browser compatibility and Rust-server WebSocket E2E	2026-10-06T19:56:27.1444944Z Unpacking libpostproc57:amd64 (7:6.1.1-3ubuntu5) ...
client	Browser compatibility and Rust-server WebSocket E2E	2026-10-06T19:56:27.1609669Z Selecting previously unselected package libsamplerate0:amd64.
client	Browser compatibility and Rust-server WebSocket E2E	2026-10-06T19:56:27.1724852Z Preparing to unpack .../075-libsamplerate0_0.2.2-4build1_amd64.deb ...
client	Browser compatibility and Rust-server WebSocket E2E	2026-10-06T19:56:27.1745138Z Unpacking libsamplerate0:amd64 (0.2.2-4build1) ...
client	Browser compatibility and Rust-server WebSocket E2E	2026-10-06T19:56:27.1946963Z Selecting previously unselected package librubberband2:amd64.
client	Browser compatibility and Rust-server WebSocket E2E	2026-10-06T19:56:27.2058898Z Preparing to unpack .../076-librubberband2_3.3.0+dfsg-2build1_amd64.deb ...
client	Browser compatibility and Rust-server WebSocket E2E	2026-10-06T19:56:27.2066595Z Unpacking librubberband2:amd64 (3.3.0+dfsg-2build1) ...
client	Browser compatibility and Rust-server WebSocket E2E	2026-10-06T19:56:27.2235800Z Selecting previously unselected package libswscale7:amd64.
client	Browser compatibility and Rust-server WebSocket E2E	2026-10-06T19:56:27.2350171Z Preparing to unpack .../077-libswscale7_7%3a6.1.1-3ubuntu5_amd64.deb ...
client	Browser compatibility and Rust-server WebSocket E2E	2026-10-06T19:56:27.2362746Z Unpacking libswscale7:amd64 (7:6.1.1-3ubuntu5) ...
client	Browser compatibility and Rust-server WebSocket E2E	2026-10-06T19:56:27.2554579Z Selecting previously unselected package libvidstab1.1:amd64.
client	Browser compatibility and Rust-server WebSocket E2E	2026-10-06T19:56:27.2668312Z Preparing to unpack .../078-libvidstab1.1_1.1.0-2build1_amd64.deb ...
client	Browser compatibility and Rust-server WebSocket E2E	2026-10-06T19:56:27.2678091Z Unpacking libvidstab1.1:amd64 (1.1.0-2build1) ...
client	Browser compatibility and Rust-server WebSocket E2E	2026-10-06T19:56:27.2835646Z Selecting previously unselected package libzimg2:amd64.
client	Browser compatibility and Rust-server WebSocket E2E	2026-10-06T19:56:27.2947544Z Preparing to unpack .../079-libzimg2_3.0.5+ds1-1build1_amd64.deb ...
client	Browser compatibility and Rust-server WebSocket E2E	2026-10-06T19:56:27.2954223Z Unpacking libzimg2:amd64 (3.0.5+ds1-1build1) ...
client	Browser compatibility and Rust-server WebSocket E2E	2026-10-06T19:56:27.3136442Z Selecting previously unselected package libavfilter9:amd64.
client	Browser compatibility and Rust-server WebSocket E2E	2026-10-06T19:56:27.3250461Z Preparing to unpack .../080-libavfilter9_7%3a6.1.1-3ubuntu5_amd64.deb ...
client	Browser compatibility and Rust-server WebSocket E2E	2026-10-06T19:56:27.3258948Z Unpacking libavfilter9:amd64 (7:6.1.1-3ubuntu5) ...
client	Browser compatibility and Rust-server WebSocket E2E	2026-10-06T19:56:27.4069569Z Selecting previously unselected package liborc-0.4-0t64:amd64.
client	Browser compatibility and Rust-server WebSocket E2E	2026-10-06T19:56:27.4183369Z Preparing to unpack .../081-liborc-0.4-0t64_1%3a0.4.38-1ubuntu0.1_amd64.deb ...
client	Browser compatibility and Rust-server WebSocket E2E	2026-10-06T19:56:27.4192191Z Unpacking liborc-0.4-0t64:amd64 (1:0.4.38-1ubuntu0.1) ...
client	Browser compatibility and Rust-server WebSocket E2E	2026-10-06T19:56:27.4389521Z Selecting previously unselected package libgstreamer-plugins-base1.0-0:amd64.
client	Browser compatibility and Rust-server WebSocket E2E	2026-10-06T19:56:27.4501346Z Preparing to unpack .../082-libgstreamer-plugins-base1.0-0_1.24.2-1ubuntu0.5_amd64.deb ...
client	Browser compatibility and Rust-server WebSocket E2E	2026-10-06T19:56:27.4512405Z Unpacking libgstreamer-plugins-base1.0-0:amd64 (1.24.2-1ubuntu0.5) ...
client	Browser compatibility and Rust-server WebSocket E2E	2026-10-06T19:56:27.4796623Z Selecting previously unselected package gstreamer1.0-libav:amd64.
client	Browser compatibility and Rust-server WebSocket E2E	2026-10-06T19:56:27.4908863Z Preparing to unpack .../083-gstreamer1.0-libav_1.24.1-1build1_amd64.deb ...
client	Browser compatibility and Rust-server WebSocket E2E	2026-10-06T19:56:27.4922629Z Unpacking gstreamer1.0-libav:amd64 (1.24.1-1build1) ...
client	Browser compatibility and Rust-server WebSocket E2E	2026-10-06T19:56:27.5086268Z Selecting previously unselected package libcdparanoia0:amd64.
client	Browser compatibility and Rust-server WebSocket E2E	2026-10-06T19:56:27.5212836Z Preparing to unpack .../084-libcdparanoia0_3.10.2+debian-14build3_amd64.deb ...
client	Browser compatibility and Rust-server WebSocket E2E	2026-10-06T19:56:27.5218691Z Unpacking libcdparanoia0:amd64 (3.10.2+debian-14build3) ...
client	Browser compatibility and Rust-server WebSocket E2E	2026-10-06T19:56:27.5379217Z Selecting previously unselected package libvisual-0.4-0:amd64.
client	Browser compatibility and Rust-server WebSocket E2E	2026-10-06T19:56:27.5489884Z Preparing to unpack .../085-libvisual-0.4-0_0.4.2-2build1_amd64.deb ...
client	Browser compatibility and Rust-server WebSocket E2E	2026-10-06T19:56:27.5501457Z Unpacking libvisual-0.4-0:amd64 (0.4.2-2build1) ...
client	Browser compatibility and Rust-server WebSocket E2E	2026-10-06T19:56:27.5661175Z Selecting previously unselected package gstreamer1.0-plugins-base:amd64.
client	Browser compatibility and Rust-server WebSocket E2E	2026-10-06T19:56:27.5769781Z Preparing to unpack .../086-gstreamer1.0-plugins-base_1.24.2-1ubuntu0.5_amd64.deb ...
client	Browser compatibility and Rust-server WebSocket E2E	2026-10-06T19:56:27.5780826Z Unpacking gstreamer1.0-plugins-base:amd64 (1.24.2-1ubuntu0.5) ...
client	Browser compatibility and Rust-server WebSocket E2E	2026-10-06T19:56:27.6026077Z Selecting previously unselected package libaa1:amd64.
client	Browser compatibility and Rust-server WebSocket E2E	2026-10-06T19:56:27.6135069Z Preparing to unpack .../087-libaa1_1.4p5-51.1_amd64.deb ...
client	Browser compatibility and Rust-server WebSocket E2E	2026-10-06T19:56:27.6140618Z Unpacking libaa1:amd64 (1.4p5-51.1) ...
client	Browser compatibility and Rust-server WebSocket E2E	2026-10-06T19:56:27.6289278Z Selecting previously unselected package libraw1394-11:amd64.
client	Browser compatibility and Rust-server WebSocket E2E	2026-10-06T19:56:27.6398174Z Preparing to unpack .../088-libraw1394-11_2.1.2-2build3_amd64.deb ...
client	Browser compatibility and Rust-server WebSocket E2E	2026-10-06T19:56:27.6407346Z Unpacking libraw1394-11:amd64 (2.1.2-2build3) ...
client	Browser compatibility and Rust-server WebSocket E2E	2026-10-06T19:56:27.6559711Z Selecting previously unselected package libavc1394-0:amd64.
client	Browser compatibility and Rust-server WebSocket E2E	2026-10-06T19:56:27.6671107Z Preparing to unpack .../089-libavc1394-0_0.5.4-5build3_amd64.deb ...
client	Browser compatibility and Rust-server WebSocket E2E	2026-10-06T19:56:27.6678188Z Unpacking libavc1394-0:amd64 (0.5.4-5build3) ...
client	Browser compatibility and Rust-server WebSocket E2E	2026-10-06T19:56:27.6827519Z Selecting previously unselected package libcaca0:amd64.
client	Browser compatibility and Rust-server WebSocket E2E	2026-10-06T19:56:27.6936827Z Preparing to unpack .../090-libcaca0_0.99.beta20-4ubuntu0.2_amd64.deb ...
client	Browser compatibility and Rust-server WebSocket E2E	2026-10-06T19:56:27.6942181Z Unpacking libcaca0:amd64 (0.99.beta20-4ubuntu0.2) ...
client	Browser compatibility and Rust-server WebSocket E2E	2026-10-06T19:56:27.7126304Z Selecting previously unselected package libdv4t64:amd64.
client	Browser compatibility and Rust-server WebSocket E2E	2026-10-06T19:56:27.7236359Z Preparing to unpack .../091-libdv4t64_1.0.0-17.1build1_amd64.deb ...
client	Browser compatibility and Rust-server WebSocket E2E	2026-10-06T19:56:27.7242069Z Unpacking libdv4t64:amd64 (1.0.0-17.1build1) ...
client	Browser compatibility and Rust-server WebSocket E2E	2026-10-06T19:56:27.7403199Z Selecting previously unselected package libgstreamer-plugins-good1.0-0:amd64.
client	Browser compatibility and Rust-server WebSocket E2E	2026-10-06T19:56:27.7513355Z Preparing to unpack .../092-libgstreamer-plugins-good1.0-0_1.24.2-1ubuntu1.8_amd64.deb ...
client	Browser compatibility and Rust-server WebSocket E2E	2026-10-06T19:56:27.7519642Z Unpacking libgstreamer-plugins-good1.0-0:amd64 (1.24.2-1ubuntu1.8) ...
client	Browser compatibility and Rust-server WebSocket E2E	2026-10-06T19:56:27.7673836Z Selecting previously unselected package libiec61883-0:amd64.
client	Browser compatibility and Rust-server WebSocket E2E	2026-10-06T19:56:27.7783369Z Preparing to unpack .../093-libiec61883-0_1.2.0-6build1_amd64.deb ...
client	Browser compatibility and Rust-server WebSocket E2E	2026-10-06T19:56:27.7788749Z Unpacking libiec61883-0:amd64 (1.2.0-6build1) ...
client	Browser compatibility and Rust-server WebSocket E2E	2026-10-06T19:56:27.7937638Z Selecting previously unselected package libshout3:amd64.
client	Browser compatibility and Rust-server WebSocket E2E	2026-10-06T19:56:27.8047912Z Preparing to unpack .../094-libshout3_2.4.6-1build2_amd64.deb ...
client	Browser compatibility and Rust-server WebSocket E2E	2026-10-06T19:56:27.8056610Z Unpacking libshout3:amd64 (2.4.6-1build2) ...
client	Browser compatibility and Rust-server WebSocket E2E	2026-10-06T19:56:27.8219235Z Selecting previously unselected package libtag1v5-vanilla:amd64.
client	Browser compatibility and Rust-server WebSocket E2E	2026-10-06T19:56:27.8333554Z Preparing to unpack .../095-libtag1v5-vanilla_1.13.1-1build1_amd64.deb ...
client	Browser compatibility and Rust-server WebSocket E2E	2026-10-06T19:56:27.8344759Z Unpacking libtag1v5-vanilla:amd64 (1.13.1-1build1) ...
client	Browser compatibility and Rust-server WebSocket E2E	2026-10-06T19:56:27.8537568Z Selecting previously unselected package libtag1v5:amd64.
client	Browser compatibility and Rust-server WebSocket E2E	2026-10-06T19:56:27.8654038Z Preparing to unpack .../096-libtag1v5_1.13.1-1build1_amd64.deb ...
client	Browser compatibility and Rust-server WebSocket E2E	2026-10-06T19:56:27.8668304Z Unpacking libtag1v5:amd64 (1.13.1-1build1) ...
client	Browser compatibility and Rust-server WebSocket E2E	2026-10-06T19:56:27.8819988Z Selecting previously unselected package libv4lconvert0t64:amd64.
client	Browser compatibility and Rust-server WebSocket E2E	2026-10-06T19:56:27.8930584Z Preparing to unpack .../097-libv4lconvert0t64_1.26.1-4build3_amd64.deb ...
client	Browser compatibility and Rust-server WebSocket E2E	2026-10-06T19:56:27.8938761Z Unpacking libv4lconvert0t64:amd64 (1.26.1-4build3) ...
client	Browser compatibility and Rust-server WebSocket E2E	2026-10-06T19:56:27.9105302Z Selecting previously unselected package libv4l-0t64:amd64.
client	Browser compatibility and Rust-server WebSocket E2E	2026-10-06T19:56:27.9216232Z Preparing to unpack .../098-libv4l-0t64_1.26.1-4build3_amd64.deb ...
client	Browser compatibility and Rust-server WebSocket E2E	2026-10-06T19:56:27.9222923Z Unpacking libv4l-0t64:amd64 (1.26.1-4build3) ...
client	Browser compatibility and Rust-server WebSocket E2E	2026-10-06T19:56:27.9382262Z Selecting previously unselected package libwavpack1:amd64.
client	Browser compatibility and Rust-server WebSocket E2E	2026-10-06T19:56:27.9494490Z Preparing to unpack .../099-libwavpack1_5.6.0-1build1_amd64.deb ...
client	Browser compatibility and Rust-server WebSocket E2E	2026-10-06T19:56:27.9501569Z Unpacking libwavpack1:amd64 (5.6.0-1build1) ...
client	Browser compatibility and Rust-server WebSocket E2E	2026-10-06T19:56:27.9656292Z Selecting previously unselected package libsoup-3.0-common.
client	Browser compatibility and Rust-server WebSocket E2E	2026-10-06T19:56:27.9767527Z Preparing to unpack .../100-libsoup-3.0-common_3.4.4-5ubuntu0.8_all.deb ...
client	Browser compatibility and Rust-server WebSocket E2E	2026-10-06T19:56:27.9779627Z Unpacking libsoup-3.0-common (3.4.4-5ubuntu0.8) ...
client	Browser compatibility and Rust-server WebSocket E2E	2026-10-06T19:56:27.9938657Z Selecting previously unselected package libsoup-3.0-0:amd64.
client	Browser compatibility and Rust-server WebSocket E2E	2026-10-06T19:56:28.0050525Z Preparing to unpack .../101-libsoup-3.0-0_3.4.4-5ubuntu0.8_amd64.deb ...
client	Browser compatibility and Rust-server WebSocket E2E	2026-10-06T19:56:28.0060923Z Unpacking libsoup-3.0-0:amd64 (3.4.4-5ubuntu0.8) ...
client	Browser compatibility and Rust-server WebSocket E2E	2026-10-06T19:56:28.0236018Z Selecting previously unselected package gstreamer1.0-plugins-good:amd64.
client	Browser compatibility and Rust-server WebSocket E2E	2026-10-06T19:56:28.0346256Z Preparing to unpack .../102-gstreamer1.0-plugins-good_1.24.2-1ubuntu1.8_amd64.deb ...
client	Browser compatibility and Rust-server WebSocket E2E	2026-10-06T19:56:28.0354937Z Unpacking gstreamer1.0-plugins-good:amd64 (1.24.2-1ubuntu1.8) ...
client	Browser compatibility and Rust-server WebSocket E2E	2026-10-06T19:56:28.0811011Z Selecting previously unselected package libabsl20220623t64:amd64.
client	Browser compatibility and Rust-server WebSocket E2E	2026-10-06T19:56:28.0923824Z Preparing to unpack .../103-libabsl20220623t64_20220623.1-3.1ubuntu3.2_amd64.deb ...
client	Browser compatibility and Rust-server WebSocket E2E	2026-10-06T19:56:28.0931085Z Unpacking libabsl20220623t64:amd64 (20220623.1-3.1ubuntu3.2) ...
client	Browser compatibility and Rust-server WebSocket E2E	2026-10-06T19:56:28.1216591Z Selecting previously unselected package libgav1-1:amd64.
client	Browser compatibility and Rust-server WebSocket E2E	2026-10-06T19:56:28.1331494Z Preparing to unpack .../104-libgav1-1_0.18.0-1build3_amd64.deb ...
client	Browser compatibility and Rust-server WebSocket E2E	2026-10-06T19:56:28.1339774Z Unpacking libgav1-1:amd64 (0.18.0-1build3) ...
client	Browser compatibility and Rust-server WebSocket E2E	2026-10-06T19:56:28.1530105Z Selecting previously unselected package libyuv0:amd64.
client	Browser compatibility and Rust-server WebSocket E2E	2026-10-06T19:56:28.1642438Z Preparing to unpack .../105-libyuv0_0.0~git202401110.af6ac82-1_amd64.deb ...
client	Browser compatibility and Rust-server WebSocket E2E	2026-10-06T19:56:28.1651891Z Unpacking libyuv0:amd64 (0.0~git202401110.af6ac82-1) ...
client	Browser compatibility and Rust-server WebSocket E2E	2026-10-06T19:56:28.1830753Z Selecting previously unselected package libavif16:amd64.
client	Browser compatibility and Rust-server WebSocket E2E	2026-10-06T19:56:28.1942019Z Preparing to unpack .../106-libavif16_1.0.4-1ubuntu3_amd64.deb ...
client	Browser compatibility and Rust-server WebSocket E2E	2026-10-06T19:56:28.1948386Z Unpacking libavif16:amd64 (1.0.4-1ubuntu3) ...
client	Browser compatibility and Rust-server WebSocket E2E	2026-10-06T19:56:28.2112352Z Selecting previously unselected package libavtp0:amd64.
client	Browser compatibility and Rust-server WebSocket E2E	2026-10-06T19:56:28.2220724Z Preparing to unpack .../107-libavtp0_0.2.0-1build1_amd64.deb ...
client	Browser compatibility and Rust-server WebSocket E2E	2026-10-06T19:56:28.2226778Z Unpacking libavtp0:amd64 (0.2.0-1build1) ...
client	Browser compatibility and Rust-server WebSocket E2E	2026-10-06T19:56:28.2377190Z Selecting previously unselected package libcairo-script-interpreter2:amd64.
client	Browser compatibility and Rust-server WebSocket E2E	2026-10-06T19:56:28.2488572Z Preparing to unpack .../108-libcairo-script-interpreter2_1.18.0-3build1_amd64.deb ...
client	Browser compatibility and Rust-server WebSocket E2E	2026-10-06T19:56:28.2495329Z Unpacking libcairo-script-interpreter2:amd64 (1.18.0-3build1) ...
client	Browser compatibility and Rust-server WebSocket E2E	2026-10-06T19:56:28.2645137Z Selecting previously unselected package libdc1394-25:amd64.
client	Browser compatibility and Rust-server WebSocket E2E	2026-10-06T19:56:28.2755039Z Preparing to unpack .../109-libdc1394-25_2.2.6-4build1_amd64.deb ...
client	Browser compatibility and Rust-server WebSocket E2E	2026-10-06T19:56:28.2761546Z Unpacking libdc1394-25:amd64 (2.2.6-4build1) ...
client	Browser compatibility and Rust-server WebSocket E2E	2026-10-06T19:56:28.2924978Z Selecting previously unselected package libde265-0:amd64.
client	Browser compatibility and Rust-server WebSocket E2E	2026-10-06T19:56:28.3035347Z Preparing to unpack .../110-libde265-0_1.0.15-1ubuntu0.1_amd64.deb ...
client	Browser compatibility and Rust-server WebSocket E2E	2026-10-06T19:56:28.3041697Z Unpacking libde265-0:amd64 (1.0.15-1ubuntu0.1) ...
client	Browser compatibility and Rust-server WebSocket E2E	2026-10-06T19:56:28.3202082Z Selecting previously unselected package libdecor-0-0:amd64.
client	Browser compatibility and Rust-server WebSocket E2E	2026-10-06T19:56:28.3310932Z Preparing to unpack .../111-libdecor-0-0_0.2.2-1build2_amd64.deb ...
client	Browser compatibility and Rust-server WebSocket E2E	2026-10-06T19:56:28.3316838Z Unpacking libdecor-0-0:amd64 (0.2.2-1build2) ...
client	Browser compatibility and Rust-server WebSocket E2E	2026-10-06T19:56:28.3465292Z Selecting previously unselected package libgles2:amd64.
client	Browser compatibility and Rust-server WebSocket E2E	2026-10-06T19:56:28.3577385Z Preparing to unpack .../112-libgles2_1.7.0-1build1_amd64.deb ...
client	Browser compatibility and Rust-server WebSocket E2E	2026-10-06T19:56:28.3584668Z Unpacking libgles2:amd64 (1.7.0-1build1) ...
client	Browser compatibility and Rust-server WebSocket E2E	2026-10-06T19:56:28.3738281Z Selecting previously unselected package libdirectfb-1.7-7t64:amd64.
client	Browser compatibility and Rust-server WebSocket E2E	2026-10-06T19:56:28.3849644Z Preparing to unpack .../113-libdirectfb-1.7-7t64_1.7.7-11.1ubuntu2_amd64.deb ...
client	Browser compatibility and Rust-server WebSocket E2E	2026-10-06T19:56:28.3856489Z Unpacking libdirectfb-1.7-7t64:amd64 (1.7.7-11.1ubuntu2) ...
client	Browser compatibility and Rust-server WebSocket E2E	2026-10-06T19:56:28.4148880Z Selecting previously unselected package libdvdread8t64:amd64.
client	Browser compatibility and Rust-server WebSocket E2E	2026-10-06T19:56:28.4259883Z Preparing to unpack .../114-libdvdread8t64_6.1.3-1.1build1_amd64.deb ...
client	Browser compatibility and Rust-server WebSocket E2E	2026-10-06T19:56:28.4265476Z Unpacking libdvdread8t64:amd64 (6.1.3-1.1build1) ...
client	Browser compatibility and Rust-server WebSocket E2E	2026-10-06T19:56:28.4422284Z Selecting previously unselected package libdvdnav4:amd64.
client	Browser compatibility and Rust-server WebSocket E2E	2026-10-06T19:56:28.4531279Z Preparing to unpack .../115-libdvdnav4_6.1.1-3build1_amd64.deb ...
client	Browser compatibility and Rust-server WebSocket E2E	2026-10-06T19:56:28.4539039Z Unpacking libdvdnav4:amd64 (6.1.1-3build1) ...
client	Browser compatibility and Rust-server WebSocket E2E	2026-10-06T19:56:28.4801022Z Preparing to unpack .../116-libgl1-mesa-dri_25.2.8-0ubuntu0.24.04.4_amd64.deb ...
client	Browser compatibility and Rust-server WebSocket E2E	2026-10-06T19:56:28.4910295Z Unpacking libgl1-mesa-dri:amd64 (25.2.8-0ubuntu0.24.04.4) over (25.2.8-0ubuntu0.24.04.2) ...
client	Browser compatibility and Rust-server WebSocket E2E	2026-10-06T19:56:28.5394704Z Preparing to unpack .../117-libglx-mesa0_25.2.8-0ubuntu0.24.04.4_amd64.deb ...
client	Browser compatibility and Rust-server WebSocket E2E	2026-10-06T19:56:28.5416040Z Unpacking libglx-mesa0:amd64 (25.2.8-0ubuntu0.24.04.4) over (25.2.8-0ubuntu0.24.04.2) ...
client	Browser compatibility and Rust-server WebSocket E2E	2026-10-06T19:56:28.5749623Z Preparing to unpack .../118-libgbm1_25.2.8-0ubuntu0.24.04.4_amd64.deb ...
client	Browser compatibility and Rust-server WebSocket E2E	2026-10-06T19:56:28.6272565Z Unpacking libgbm1:amd64 (25.2.8-0ubuntu0.24.04.4) over (25.2.8-0ubuntu0.24.04.2) ...
client	Browser compatibility and Rust-server WebSocket E2E	2026-10-06T19:56:28.6575615Z Preparing to unpack .../119-mesa-libgallium_25.2.8-0ubuntu0.24.04.4_amd64.deb ...
client	Browser compatibility and Rust-server WebSocket E2E	2026-10-06T19:56:28.6594496Z Unpacking mesa-libgallium:amd64 (25.2.8-0ubuntu0.24.04.4) over (25.2.8-0ubuntu0.24.04.2) ...
client	Browser compatibility and Rust-server WebSocket E2E	2026-10-06T19:56:28.8110027Z Selecting previously unselected package libegl-mesa0:amd64.
client	Browser compatibility and Rust-server WebSocket E2E	2026-10-06T19:56:28.8221784Z Preparing to unpack .../120-libegl-mesa0_25.2.8-0ubuntu0.24.04.4_amd64.deb ...
client	Browser compatibility and Rust-server WebSocket E2E	2026-10-06T19:56:28.8228760Z Unpacking libegl-mesa0:amd64 (25.2.8-0ubuntu0.24.04.4) ...
client	Browser compatibility and Rust-server WebSocket E2E	2026-10-06T19:56:28.8395276Z Selecting previously unselected package libevent-2.1-7t64:amd64.
client	Browser compatibility and Rust-server WebSocket E2E	2026-10-06T19:56:28.8505411Z Preparing to unpack .../121-libevent-2.1-7t64_2.1.12-stable-9ubuntu2.2_amd64.deb ...
client	Browser compatibility and Rust-server WebSocket E2E	2026-10-06T19:56:28.8513712Z Unpacking libevent-2.1-7t64:amd64 (2.1.12-stable-9ubuntu2.2) ...
client	Browser compatibility and Rust-server WebSocket E2E	2026-10-06T19:56:28.8782585Z Preparing to unpack .../122-libevent-pthreads-2.1-7t64_2.1.12-stable-9ubuntu2.2_amd64.deb ...
client	Browser compatibility and Rust-server WebSocket E2E	2026-10-06T19:56:28.8847473Z Unpacking libevent-pthreads-2.1-7t64:amd64 (2.1.12-stable-9ubuntu2.2) over (2.1.12-stable-9ubuntu2.1) ...
client	Browser compatibility and Rust-server WebSocket E2E	2026-10-06T19:56:28.9131589Z Preparing to unpack .../123-libevent-core-2.1-7t64_2.1.12-stable-9ubuntu2.2_amd64.deb ...
client	Browser compatibility and Rust-server WebSocket E2E	2026-10-06T19:56:28.9195563Z Unpacking libevent-core-2.1-7t64:amd64 (2.1.12-stable-9ubuntu2.2) over (2.1.12-stable-9ubuntu2.1) ...
client	Browser compatibility and Rust-server WebSocket E2E	2026-10-06T19:56:28.9359397Z Selecting previously unselected package libfaad2:amd64.
client	Browser compatibility and Rust-server WebSocket E2E	2026-10-06T19:56:28.9470788Z Preparing to unpack .../124-libfaad2_2.11.1-1build1_amd64.deb ...
client	Browser compatibility and Rust-server WebSocket E2E	2026-10-06T19:56:28.9480871Z Unpacking libfaad2:amd64 (2.11.1-1build1) ...
client	Browser compatibility and Rust-server WebSocket E2E	2026-10-06T19:56:28.9649227Z Selecting previously unselected package libinstpatch-1.0-2:amd64.
client	Browser compatibility and Rust-server WebSocket E2E	2026-10-06T19:56:28.9756909Z Preparing to unpack .../125-libinstpatch-1.0-2_1.1.6-1build2_amd64.deb ...
client	Browser compatibility and Rust-server WebSocket E2E	2026-10-06T19:56:28.9764417Z Unpacking libinstpatch-1.0-2:amd64 (1.1.6-1build2) ...
client	Browser compatibility and Rust-server WebSocket E2E	2026-10-06T19:56:28.9935221Z Selecting previously unselected package libjack-jackd2-0:amd64.
client	Browser compatibility and Rust-server WebSocket E2E	2026-10-06T19:56:29.0047340Z Preparing to unpack .../126-libjack-jackd2-0_1.9.21~dfsg-3ubuntu3_amd64.deb ...
client	Browser compatibility and Rust-server WebSocket E2E	2026-10-06T19:56:29.0058632Z Unpacking libjack-jackd2-0:amd64 (1.9.21~dfsg-3ubuntu3) ...
client	Browser compatibility and Rust-server WebSocket E2E	2026-10-06T19:56:29.0242234Z Selecting previously unselected package libwebrtc-audio-processing1:amd64.
client	Browser compatibility and Rust-server WebSocket E2E	2026-10-06T19:56:29.0350511Z Preparing to unpack .../127-libwebrtc-audio-processing1_0.3.1-0ubuntu6_amd64.deb ...
client	Browser compatibility and Rust-server WebSocket E2E	2026-10-06T19:56:29.0358906Z Unpacking libwebrtc-audio-processing1:amd64 (0.3.1-0ubuntu6) ...
client	Browser compatibility and Rust-server WebSocket E2E	2026-10-06T19:56:29.0516495Z Selecting previously unselected package libspa-0.2-modules:amd64.
client	Browser compatibility and Rust-server WebSocket E2E	2026-10-06T19:56:29.0626603Z Preparing to unpack .../128-libspa-0.2-modules_1.0.5-1ubuntu3.3_amd64.deb ...
client	Browser compatibility and Rust-server WebSocket E2E	2026-10-06T19:56:29.0634093Z Unpacking libspa-0.2-modules:amd64 (1.0.5-1ubuntu3.3) ...
client	Browser compatibility and Rust-server WebSocket E2E	2026-10-06T19:56:29.0869527Z Selecting previously unselected package libpipewire-0.3-0t64:amd64.
client	Browser compatibility and Rust-server WebSocket E2E	2026-10-06T19:56:29.0979586Z Preparing to unpack .../129-libpipewire-0.3-0t64_1.0.5-1ubuntu3.3_amd64.deb ...
client	Browser compatibility and Rust-server WebSocket E2E	2026-10-06T19:56:29.0986256Z Unpacking libpipewire-0.3-0t64:amd64 (1.0.5-1ubuntu3.3) ...
client	Browser compatibility and Rust-server WebSocket E2E	2026-10-06T19:56:29.1161679Z Selecting previously unselected package libsdl2-2.0-0:amd64.
client	Browser compatibility and Rust-server WebSocket E2E	2026-10-06T19:56:29.1271034Z Preparing to unpack .../130-libsdl2-2.0-0_2.30.0+dfsg-1ubuntu3.1_amd64.deb ...
client	Browser compatibility and Rust-server WebSocket E2E	2026-10-06T19:56:29.1276037Z Unpacking libsdl2-2.0-0:amd64 (2.30.0+dfsg-1ubuntu3.1) ...
client	Browser compatibility and Rust-server WebSocket E2E	2026-10-06T19:56:29.1492526Z Selecting previously unselected package timgm6mb-soundfont.
client	Browser compatibility and Rust-server WebSocket E2E	2026-10-06T19:56:29.1601121Z Preparing to unpack .../131-timgm6mb-soundfont_1.3-5_all.deb ...
client	Browser compatibility and Rust-server WebSocket E2E	2026-10-06T19:56:29.1606364Z Unpacking timgm6mb-soundfont (1.3-5) ...
client	Browser compatibility and Rust-server WebSocket E2E	2026-10-06T19:56:29.5070216Z Selecting previously unselected package libfluidsynth3:amd64.
client	Browser compatibility and Rust-server WebSocket E2E	2026-10-06T19:56:29.5178687Z Preparing to unpack .../132-libfluidsynth3_2.3.4-1build3_amd64.deb ...
client	Browser compatibility and Rust-server WebSocket E2E	2026-10-06T19:56:29.5190390Z Unpacking libfluidsynth3:amd64 (2.3.4-1build3) ...
client	Browser compatibility and Rust-server WebSocket E2E	2026-10-06T19:56:29.5424882Z Selecting previously unselected package libfreeaptx0:amd64.
client	Browser compatibility and Rust-server WebSocket E2E	2026-10-06T19:56:29.5534878Z Preparing to unpack .../133-libfreeaptx0_0.1.1-2build1_amd64.deb ...
client	Browser compatibility and Rust-server WebSocket E2E	2026-10-06T19:56:29.5546822Z Unpacking libfreeaptx0:amd64 (0.1.1-2build1) ...
client	Browser compatibility and Rust-server WebSocket E2E	2026-10-06T19:56:29.5700143Z Selecting previously unselected package libgraphene-1.0-0:amd64.
client	Browser compatibility and Rust-server WebSocket E2E	2026-10-06T19:56:29.5809824Z Preparing to unpack .../134-libgraphene-1.0-0_1.10.8-3build2_amd64.deb ...
client	Browser compatibility and Rust-server WebSocket E2E	2026-10-06T19:56:29.5821567Z Unpacking libgraphene-1.0-0:amd64 (1.10.8-3build2) ...
client	Browser compatibility and Rust-server WebSocket E2E	2026-10-06T19:56:29.5975145Z Selecting previously unselected package libgssdp-1.6-0:amd64.
client	Browser compatibility and Rust-server WebSocket E2E	2026-10-06T19:56:29.6086986Z Preparing to unpack .../135-libgssdp-1.6-0_1.6.3-1build3_amd64.deb ...
client	Browser compatibility and Rust-server WebSocket E2E	2026-10-06T19:56:29.6098431Z Unpacking libgssdp-1.6-0:amd64 (1.6.3-1build3) ...
client	Browser compatibility and Rust-server WebSocket E2E	2026-10-06T19:56:29.6253881Z Selecting previously unselected package libegl1:amd64.
client	Browser compatibility and Rust-server WebSocket E2E	2026-10-06T19:56:29.6363922Z Preparing to unpack .../136-libegl1_1.7.0-1build1_amd64.deb ...
client	Browser compatibility and Rust-server WebSocket E2E	2026-10-06T19:56:29.6372420Z Unpacking libegl1:amd64 (1.7.0-1build1) ...
client	Browser compatibility and Rust-server WebSocket E2E	2026-10-06T19:56:29.6521098Z Selecting previously unselected package libgstreamer-gl1.0-0:amd64.
client	Browser compatibility and Rust-server WebSocket E2E	2026-10-06T19:56:29.6628951Z Preparing to unpack .../137-libgstreamer-gl1.0-0_1.24.2-1ubuntu0.5_amd64.deb ...
client	Browser compatibility and Rust-server WebSocket E2E	2026-10-06T19:56:29.6641951Z Unpacking libgstreamer-gl1.0-0:amd64 (1.24.2-1ubuntu0.5) ...
client	Browser compatibility and Rust-server WebSocket E2E	2026-10-06T19:56:29.6802006Z Selecting previously unselected package libgtk-4-common.
client	Browser compatibility and Rust-server WebSocket E2E	2026-10-06T19:56:29.6910345Z Preparing to unpack .../138-libgtk-4-common_4.14.5+ds-0ubuntu0.10_all.deb ...
client	Browser compatibility and Rust-server WebSocket E2E	2026-10-06T19:56:29.6916961Z Unpacking libgtk-4-common (4.14.5+ds-0ubuntu0.10) ...
client	Browser compatibility and Rust-server WebSocket E2E	2026-10-06T19:56:29.7283406Z Selecting previously unselected package libgtk-4-1:amd64.
client	Browser compatibility and Rust-server WebSocket E2E	2026-10-06T19:56:29.7394091Z Preparing to unpack .../139-libgtk-4-1_4.14.5+ds-0ubuntu0.10_amd64.deb ...
client	Browser compatibility and Rust-server WebSocket E2E	2026-10-06T19:56:29.7404846Z Unpacking libgtk-4-1:amd64 (4.14.5+ds-0ubuntu0.10) ...
client	Browser compatibility and Rust-server WebSocket E2E	2026-10-06T19:56:29.7947798Z Selecting previously unselected package libgupnp-1.6-0:amd64.
client	Browser compatibility and Rust-server WebSocket E2E	2026-10-06T19:56:29.8056386Z Preparing to unpack .../140-libgupnp-1.6-0_1.6.6-1build3_amd64.deb ...
client	Browser compatibility and Rust-server WebSocket E2E	2026-10-06T19:56:29.8065651Z Unpacking libgupnp-1.6-0:amd64 (1.6.6-1build3) ...
client	Browser compatibility and Rust-server WebSocket E2E	2026-10-06T19:56:29.8219786Z Selecting previously unselected package libgupnp-igd-1.6-0:amd64.
client	Browser compatibility and Rust-server WebSocket E2E	2026-10-06T19:56:29.8328791Z Preparing to unpack .../141-libgupnp-igd-1.6-0_1.6.0-3build3_amd64.deb ...
client	Browser compatibility and Rust-server WebSocket E2E	2026-10-06T19:56:29.8336653Z Unpacking libgupnp-igd-1.6-0:amd64 (1.6.0-3build3) ...
client	Browser compatibility and Rust-server WebSocket E2E	2026-10-06T19:56:29.8479778Z Selecting previously unselected package libharfbuzz-icu0:amd64.
client	Browser compatibility and Rust-server WebSocket E2E	2026-10-06T19:56:29.8590985Z Preparing to unpack .../142-libharfbuzz-icu0_8.3.0-2build2_amd64.deb ...
client	Browser compatibility and Rust-server WebSocket E2E	2026-10-06T19:56:29.8599585Z Unpacking libharfbuzz-icu0:amd64 (8.3.0-2build2) ...
client	Browser compatibility and Rust-server WebSocket E2E	2026-10-06T19:56:29.8745434Z Selecting previously unselected package libhyphen0:amd64.
client	Browser compatibility and Rust-server WebSocket E2E	2026-10-06T19:56:29.8852643Z Preparing to unpack .../143-libhyphen0_2.8.8-7build3_amd64.deb ...
client	Browser compatibility and Rust-server WebSocket E2E	2026-10-06T19:56:29.8858145Z Unpacking libhyphen0:amd64 (2.8.8-7build3) ...
client	Browser compatibility and Rust-server WebSocket E2E	2026-10-06T19:56:29.8996584Z Selecting previously unselected package libimath-3-1-29t64:amd64.
client	Browser compatibility and Rust-server WebSocket E2E	2026-10-06T19:56:29.9104408Z Preparing to unpack .../144-libimath-3-1-29t64_3.1.9-3.1ubuntu2_amd64.deb ...
client	Browser compatibility and Rust-server WebSocket E2E	2026-10-06T19:56:29.9109457Z Unpacking libimath-3-1-29t64:amd64 (3.1.9-3.1ubuntu2) ...
client	Browser compatibility and Rust-server WebSocket E2E	2026-10-06T19:56:29.9267101Z Selecting previously unselected package liblc3-1:amd64.
client	Browser compatibility and Rust-server WebSocket E2E	2026-10-06T19:56:29.9373506Z Preparing to unpack .../145-liblc3-1_1.0.4-3build1_amd64.deb ...
client	Browser compatibility and Rust-server WebSocket E2E	2026-10-06T19:56:29.9380985Z Unpacking liblc3-1:amd64 (1.0.4-3build1) ...
client	Browser compatibility and Rust-server WebSocket E2E	2026-10-06T19:56:29.9523370Z Selecting previously unselected package libldacbt-enc2:amd64.
client	Browser compatibility and Rust-server WebSocket E2E	2026-10-06T19:56:29.9631083Z Preparing to unpack .../146-libldacbt-enc2_2.0.2.3+git20200429+ed310a0-4ubuntu2_amd64.deb ...
client	Browser compatibility and Rust-server WebSocket E2E	2026-10-06T19:56:29.9636582Z Unpacking libldacbt-enc2:amd64 (2.0.2.3+git20200429+ed310a0-4ubuntu2) ...
client	Browser compatibility and Rust-server WebSocket E2E	2026-10-06T19:56:29.9780573Z Selecting previously unselected package libraptor2-0:amd64.
client	Browser compatibility and Rust-server WebSocket E2E	2026-10-06T19:56:29.9889247Z Preparing to unpack .../147-libraptor2-0_2.0.16-3ubuntu0.1_amd64.deb ...
client	Browser compatibility and Rust-server WebSocket E2E	2026-10-06T19:56:29.9895442Z Unpacking libraptor2-0:amd64 (2.0.16-3ubuntu0.1) ...
client	Browser compatibility and Rust-server WebSocket E2E	2026-10-06T19:56:30.0059759Z Selecting previously unselected package liblrdf0:amd64.
client	Browser compatibility and Rust-server WebSocket E2E	2026-10-06T19:56:30.0169239Z Preparing to unpack .../148-liblrdf0_0.6.1-4build1_amd64.deb ...
client	Browser compatibility and Rust-server WebSocket E2E	2026-10-06T19:56:30.0181112Z Unpacking liblrdf0:amd64 (0.6.1-4build1) ...
client	Browser compatibility and Rust-server WebSocket E2E	2026-10-06T19:56:30.0331810Z Selecting previously unselected package libltc11:amd64.
client	Browser compatibility and Rust-server WebSocket E2E	2026-10-06T19:56:30.0439941Z Preparing to unpack .../149-libltc11_1.3.2-1build1_amd64.deb ...
client	Browser compatibility and Rust-server WebSocket E2E	2026-10-06T19:56:30.0448297Z Unpacking libltc11:amd64 (1.3.2-1build1) ...
client	Browser compatibility and Rust-server WebSocket E2E	2026-10-06T19:56:30.0596348Z Selecting previously unselected package libmanette-0.2-0:amd64.
client	Browser compatibility and Rust-server WebSocket E2E	2026-10-06T19:56:30.0706542Z Preparing to unpack .../150-libmanette-0.2-0_0.2.7-1build2_amd64.deb ...
client	Browser compatibility and Rust-server WebSocket E2E	2026-10-06T19:56:30.0715663Z Unpacking libmanette-0.2-0:amd64 (0.2.7-1build2) ...
client	Browser compatibility and Rust-server WebSocket E2E	2026-10-06T19:56:30.0866438Z Selecting previously unselected package libmfx1:amd64.
client	Browser compatibility and Rust-server WebSocket E2E	2026-10-06T19:56:30.0975091Z Preparing to unpack .../151-libmfx1_22.5.4-1_amd64.deb ...
client	Browser compatibility and Rust-server WebSocket E2E	2026-10-06T19:56:30.0981842Z Unpacking libmfx1:amd64 (22.5.4-1) ...
client	Browser compatibility and Rust-server WebSocket E2E	2026-10-06T19:56:30.1752682Z Selecting previously unselected package libmjpegutils-2.1-0t64:amd64.
client	Browser compatibility and Rust-server WebSocket E2E	2026-10-06T19:56:30.1862588Z Preparing to unpack .../152-libmjpegutils-2.1-0t64_1%3a2.1.0+debian-8.1build1_amd64.deb ...
client	Browser compatibility and Rust-server WebSocket E2E	2026-10-06T19:56:30.1871160Z Unpacking libmjpegutils-2.1-0t64:amd64 (1:2.1.0+debian-8.1build1) ...
client	Browser compatibility and Rust-server WebSocket E2E	2026-10-06T19:56:30.2014204Z Selecting previously unselected package libmodplug1:amd64.
client	Browser compatibility and Rust-server WebSocket E2E	2026-10-06T19:56:30.2121842Z Preparing to unpack .../153-libmodplug1_1%3a0.8.9.0-3build1_amd64.deb ...
client	Browser compatibility and Rust-server WebSocket E2E	2026-10-06T19:56:30.2128372Z Unpacking libmodplug1:amd64 (1:0.8.9.0-3build1) ...
client	Browser compatibility and Rust-server WebSocket E2E	2026-10-06T19:56:30.2283199Z Selecting previously unselected package libmpcdec6:amd64.
client	Browser compatibility and Rust-server WebSocket E2E	2026-10-06T19:56:30.2392012Z Preparing to unpack .../154-libmpcdec6_2%3a0.1~r495-2build1_amd64.deb ...
client	Browser compatibility and Rust-server WebSocket E2E	2026-10-06T19:56:30.2398443Z Unpacking libmpcdec6:amd64 (2:0.1~r495-2build1) ...
client	Browser compatibility and Rust-server WebSocket E2E	2026-10-06T19:56:30.2543216Z Selecting previously unselected package libmpeg2encpp-2.1-0t64:amd64.
client	Browser compatibility and Rust-server WebSocket E2E	2026-10-06T19:56:30.2651638Z Preparing to unpack .../155-libmpeg2encpp-2.1-0t64_1%3a2.1.0+debian-8.1build1_amd64.deb ...
client	Browser compatibility and Rust-server WebSocket E2E	2026-10-06T19:56:30.2664835Z Unpacking libmpeg2encpp-2.1-0t64:amd64 (1:2.1.0+debian-8.1build1) ...
client	Browser compatibility and Rust-server WebSocket E2E	2026-10-06T19:56:30.2810529Z Selecting previously unselected package libmplex2-2.1-0t64:amd64.
client	Browser compatibility and Rust-server WebSocket E2E	2026-10-06T19:56:30.2919036Z Preparing to unpack .../156-libmplex2-2.1-0t64_1%3a2.1.0+debian-8.1build1_amd64.deb ...
client	Browser compatibility and Rust-server WebSocket E2E	2026-10-06T19:56:30.2924674Z Unpacking libmplex2-2.1-0t64:amd64 (1:2.1.0+debian-8.1build1) ...
client	Browser compatibility and Rust-server WebSocket E2E	2026-10-06T19:56:30.3072186Z Selecting previously unselected package libneon27t64:amd64.
client	Browser compatibility and Rust-server WebSocket E2E	2026-10-06T19:56:30.3180241Z Preparing to unpack .../157-libneon27t64_0.33.0-1.1build3_amd64.deb ...
client	Browser compatibility and Rust-server WebSocket E2E	2026-10-06T19:56:30.3189798Z Unpacking libneon27t64:amd64 (0.33.0-1.1build3) ...
client	Browser compatibility and Rust-server WebSocket E2E	2026-10-06T19:56:30.3515842Z Selecting previously unselected package libnice10:amd64.
client	Browser compatibility and Rust-server WebSocket E2E	2026-10-06T19:56:30.3624072Z Preparing to unpack .../158-libnice10_0.1.21-2build3_amd64.deb ...
client	Browser compatibility and Rust-server WebSocket E2E	2026-10-06T19:56:30.3636257Z Unpacking libnice10:amd64 (0.1.21-2build3) ...
client	Browser compatibility and Rust-server WebSocket E2E	2026-10-06T19:56:30.3795777Z Selecting previously unselected package libopenal-data.
client	Browser compatibility and Rust-server WebSocket E2E	2026-10-06T19:56:30.3902883Z Preparing to unpack .../159-libopenal-data_1%3a1.23.1-4build1_all.deb ...
client	Browser compatibility and Rust-server WebSocket E2E	2026-10-06T19:56:30.3908677Z Unpacking libopenal-data (1:1.23.1-4build1) ...
client	Browser compatibility and Rust-server WebSocket E2E	2026-10-06T19:56:30.4059977Z Selecting previously unselected package libopenexr-3-1-30:amd64.
client	Browser compatibility and Rust-server WebSocket E2E	2026-10-06T19:56:30.4166559Z Preparing to unpack .../160-libopenexr-3-1-30_3.1.5-5.1build3_amd64.deb ...
client	Browser compatibility and Rust-server WebSocket E2E	2026-10-06T19:56:30.4173858Z Unpacking libopenexr-3-1-30:amd64 (3.1.5-5.1build3) ...
client	Browser compatibility and Rust-server WebSocket E2E	2026-10-06T19:56:30.4451286Z Selecting previously unselected package libopenh264-7:amd64.
client	Browser compatibility and Rust-server WebSocket E2E	2026-10-06T19:56:30.4558305Z Preparing to unpack .../161-libopenh264-7_2.4.1+dfsg-1_amd64.deb ...
client	Browser compatibility and Rust-server WebSocket E2E	2026-10-06T19:56:30.4563737Z Unpacking libopenh264-7:amd64 (2.4.1+dfsg-1) ...
client	Browser compatibility and Rust-server WebSocket E2E	2026-10-06T19:56:30.4752389Z Selecting previously unselected package libopenni2-0:amd64.
client	Browser compatibility and Rust-server WebSocket E2E	2026-10-06T19:56:30.4860052Z Preparing to unpack .../162-libopenni2-0_2.2.0.33+dfsg-18_amd64.deb ...
client	Browser compatibility and Rust-server WebSocket E2E	2026-10-06T19:56:30.4880496Z Unpacking libopenni2-0:amd64 (2.2.0.33+dfsg-18) ...
client	Browser compatibility and Rust-server WebSocket E2E	2026-10-06T19:56:30.5077022Z Selecting previously unselected package libqrencode4:amd64.
client	Browser compatibility and Rust-server WebSocket E2E	2026-10-06T19:56:30.5187665Z Preparing to unpack .../163-libqrencode4_4.1.1-1build2_amd64.deb ...
client	Browser compatibility and Rust-server WebSocket E2E	2026-10-06T19:56:30.5193845Z Unpacking libqrencode4:amd64 (4.1.1-1build2) ...
client	Browser compatibility and Rust-server WebSocket E2E	2026-10-06T19:56:30.5334682Z Selecting previously unselected package libsecret-common.
client	Browser compatibility and Rust-server WebSocket E2E	2026-10-06T19:56:30.5442762Z Preparing to unpack .../164-libsecret-common_0.21.4-1build3_all.deb ...
client	Browser compatibility and Rust-server WebSocket E2E	2026-10-06T19:56:30.5447519Z Unpacking libsecret-common (0.21.4-1build3) ...
client	Browser compatibility and Rust-server WebSocket E2E	2026-10-06T19:56:30.5586102Z Selecting previously unselected package libsecret-1-0:amd64.
client	Browser compatibility and Rust-server WebSocket E2E	2026-10-06T19:56:30.5693693Z Preparing to unpack .../165-libsecret-1-0_0.21.4-1build3_amd64.deb ...
client	Browser compatibility and Rust-server WebSocket E2E	2026-10-06T19:56:30.5700577Z Unpacking libsecret-1-0:amd64 (0.21.4-1build3) ...
client	Browser compatibility and Rust-server WebSocket E2E	2026-10-06T19:56:30.5863212Z Selecting previously unselected package libsndio7.0:amd64.
client	Browser compatibility and Rust-server WebSocket E2E	2026-10-06T19:56:30.5973962Z Preparing to unpack .../166-libsndio7.0_1.9.0-0.3build3_amd64.deb ...
client	Browser compatibility and Rust-server WebSocket E2E	2026-10-06T19:56:30.5980471Z Unpacking libsndio7.0:amd64 (1.9.0-0.3build3) ...
client	Browser compatibility and Rust-server WebSocket E2E	2026-10-06T19:56:30.6126925Z Selecting previously unselected package libsoundtouch1:amd64.
client	Browser compatibility and Rust-server WebSocket E2E	2026-10-06T19:56:30.6236641Z Preparing to unpack .../167-libsoundtouch1_2.3.2+ds1-1build1_amd64.deb ...
client	Browser compatibility and Rust-server WebSocket E2E	2026-10-06T19:56:30.6245209Z Unpacking libsoundtouch1:amd64 (2.3.2+ds1-1build1) ...
client	Browser compatibility and Rust-server WebSocket E2E	2026-10-06T19:56:30.6400132Z Selecting previously unselected package libspandsp2t64:amd64.
client	Browser compatibility and Rust-server WebSocket E2E	2026-10-06T19:56:30.6509556Z Preparing to unpack .../168-libspandsp2t64_0.0.6+dfsg-2.1build1_amd64.deb ...
client	Browser compatibility and Rust-server WebSocket E2E	2026-10-06T19:56:30.6518812Z Unpacking libspandsp2t64:amd64 (0.0.6+dfsg-2.1build1) ...
client	Browser compatibility and Rust-server WebSocket E2E	2026-10-06T19:56:30.6696753Z Selecting previously unselected package libsrtp2-1:amd64.
client	Browser compatibility and Rust-server WebSocket E2E	2026-10-06T19:56:30.6805811Z Preparing to unpack .../169-libsrtp2-1_2.5.0-3build1_amd64.deb ...
client	Browser compatibility and Rust-server WebSocket E2E	2026-10-06T19:56:30.6812045Z Unpacking libsrtp2-1:amd64 (2.5.0-3build1) ...
client	Browser compatibility and Rust-server WebSocket E2E	2026-10-06T19:56:30.6960440Z Selecting previously unselected package libwayland-server0:amd64.
client	Browser compatibility and Rust-server WebSocket E2E	2026-10-06T19:56:30.7069573Z Preparing to unpack .../170-libwayland-server0_1.22.0-2.1build1_amd64.deb ...
client	Browser compatibility and Rust-server WebSocket E2E	2026-10-06T19:56:30.7074926Z Unpacking libwayland-server0:amd64 (1.22.0-2.1build1) ...
client	Browser compatibility and Rust-server WebSocket E2E	2026-10-06T19:56:30.7221763Z Selecting previously unselected package libwildmidi2:amd64.
client	Browser compatibility and Rust-server WebSocket E2E	2026-10-06T19:56:30.7330662Z Preparing to unpack .../171-libwildmidi2_0.4.3-1build3_amd64.deb ...
client	Browser compatibility and Rust-server WebSocket E2E	2026-10-06T19:56:30.7336977Z Unpacking libwildmidi2:amd64 (0.4.3-1build3) ...
client	Browser compatibility and Rust-server WebSocket E2E	2026-10-06T19:56:30.7485024Z Selecting previously unselected package libwoff1:amd64.
client	Browser compatibility and Rust-server WebSocket E2E	2026-10-06T19:56:30.7594146Z Preparing to unpack .../172-libwoff1_1.0.2-2build1_amd64.deb ...
client	Browser compatibility and Rust-server WebSocket E2E	2026-10-06T19:56:30.7602594Z Unpacking libwoff1:amd64 (1.0.2-2build1) ...
client	Browser compatibility and Rust-server WebSocket E2E	2026-10-06T19:56:30.7752770Z Selecting previously unselected package libxcb-xkb1:amd64.
client	Browser compatibility and Rust-server WebSocket E2E	2026-10-06T19:56:30.7861904Z Preparing to unpack .../173-libxcb-xkb1_1.15-1ubuntu2_amd64.deb ...
client	Browser compatibility and Rust-server WebSocket E2E	2026-10-06T19:56:30.7870282Z Unpacking libxcb-xkb1:amd64 (1.15-1ubuntu2) ...
client	Browser compatibility and Rust-server WebSocket E2E	2026-10-06T19:56:30.8018543Z Selecting previously unselected package libxkbcommon-x11-0:amd64.
client	Browser compatibility and Rust-server WebSocket E2E	2026-10-06T19:56:30.8126667Z Preparing to unpack .../174-libxkbcommon-x11-0_1.6.0-1build1_amd64.deb ...
client	Browser compatibility and Rust-server WebSocket E2E	2026-10-06T19:56:30.8132523Z Unpacking libxkbcommon-x11-0:amd64 (1.6.0-1build1) ...
client	Browser compatibility and Rust-server WebSocket E2E	2026-10-06T19:56:30.8275688Z Selecting previously unselected package libzbar0t64:amd64.
client	Browser compatibility and Rust-server WebSocket E2E	2026-10-06T19:56:30.8383801Z Preparing to unpack .../175-libzbar0t64_0.23.93-4build3_amd64.deb ...
client	Browser compatibility and Rust-server WebSocket E2E	2026-10-06T19:56:30.8390378Z Unpacking libzbar0t64:amd64 (0.23.93-4build3) ...
client	Browser compatibility and Rust-server WebSocket E2E	2026-10-06T19:56:30.8547237Z Selecting previously unselected package libzxing3:amd64.
client	Browser compatibility and Rust-server WebSocket E2E	2026-10-06T19:56:30.8655220Z Preparing to unpack .../176-libzxing3_2.2.1-3_amd64.deb ...
client	Browser compatibility and Rust-server WebSocket E2E	2026-10-06T19:56:30.8660480Z Unpacking libzxing3:amd64 (2.2.1-3) ...
client	Browser compatibility and Rust-server WebSocket E2E	2026-10-06T19:56:30.8840412Z Selecting previously unselected package xfonts-encodings.
client	Browser compatibility and Rust-server WebSocket E2E	2026-10-06T19:56:30.8947878Z Preparing to unpack .../177-xfonts-encodings_1%3a1.0.5-0ubuntu2_all.deb ...
client	Browser compatibility and Rust-server WebSocket E2E	2026-10-06T19:56:30.8954761Z Unpacking xfonts-encodings (1:1.0.5-0ubuntu2) ...
client	Browser compatibility and Rust-server WebSocket E2E	2026-10-06T19:56:30.9142596Z Selecting previously unselected package xfonts-utils.
client	Browser compatibility and Rust-server WebSocket E2E	2026-10-06T19:56:30.9250959Z Preparing to unpack .../178-xfonts-utils_1%3a7.7+6build3_amd64.deb ...
client	Browser compatibility and Rust-server WebSocket E2E	2026-10-06T19:56:30.9256489Z Unpacking xfonts-utils (1:7.7+6build3) ...
client	Browser compatibility and Rust-server WebSocket E2E	2026-10-06T19:56:31.1311352Z Selecting previously unselected package xfonts-cyrillic.
client	Browser compatibility and Rust-server WebSocket E2E	2026-10-06T19:56:31.1419633Z Preparing to unpack .../179-xfonts-cyrillic_1%3a1.0.5+nmu1_all.deb ...
client	Browser compatibility and Rust-server WebSocket E2E	2026-10-06T19:56:31.1429834Z Unpacking xfonts-cyrillic (1:1.0.5+nmu1) ...
client	Browser compatibility and Rust-server WebSocket E2E	2026-10-06T19:56:31.1644216Z Selecting previously unselected package xfonts-scalable.
client	Browser compatibility and Rust-server WebSocket E2E	2026-10-06T19:56:31.1755922Z Preparing to unpack .../180-xfonts-scalable_1%3a1.0.3-1.3_all.deb ...
client	Browser compatibility and Rust-server WebSocket E2E	2026-10-06T19:56:31.1762805Z Unpacking xfonts-scalable (1:1.0.3-1.3) ...
client	Browser compatibility and Rust-server WebSocket E2E	2026-10-06T19:56:31.1941789Z Selecting previously unselected package libgstreamer-plugins-bad1.0-0:amd64.
client	Browser compatibility and Rust-server WebSocket E2E	2026-10-06T19:56:31.2052109Z Preparing to unpack .../181-libgstreamer-plugins-bad1.0-0_1.24.2-1ubuntu4_amd64.deb ...
client	Browser compatibility and Rust-server WebSocket E2E	2026-10-06T19:56:31.2058210Z Unpacking libgstreamer-plugins-bad1.0-0:amd64 (1.24.2-1ubuntu4) ...
client	Browser compatibility and Rust-server WebSocket E2E	2026-10-06T19:56:31.2326069Z Selecting previously unselected package libdca0:amd64.
client	Browser compatibility and Rust-server WebSocket E2E	2026-10-06T19:56:31.2437444Z Preparing to unpack .../182-libdca0_0.0.7-2build1_amd64.deb ...
client	Browser compatibility and Rust-server WebSocket E2E	2026-10-06T19:56:31.2444216Z Unpacking libdca0:amd64 (0.0.7-2build1) ...
client	Browser compatibility and Rust-server WebSocket E2E	2026-10-06T19:56:31.2605453Z Selecting previously unselected package libopenal1:amd64.
client	Browser compatibility and Rust-server WebSocket E2E	2026-10-06T19:56:31.2715162Z Preparing to unpack .../183-libopenal1_1%3a1.23.1-4build1_amd64.deb ...
client	Browser compatibility and Rust-server WebSocket E2E	2026-10-06T19:56:31.2720248Z Unpacking libopenal1:amd64 (1:1.23.1-4build1) ...
client	Browser compatibility and Rust-server WebSocket E2E	2026-10-06T19:56:31.2912027Z Selecting previously unselected package libsbc1:amd64.
client	Browser compatibility and Rust-server WebSocket E2E	2026-10-06T19:56:31.3020906Z Preparing to unpack .../184-libsbc1_2.0-1build1_amd64.deb ...
client	Browser compatibility and Rust-server WebSocket E2E	2026-10-06T19:56:31.3026121Z Unpacking libsbc1:amd64 (2.0-1build1) ...
client	Browser compatibility and Rust-server WebSocket E2E	2026-10-06T19:56:31.3170562Z Selecting previously unselected package libvo-aacenc0:amd64.
client	Browser compatibility and Rust-server WebSocket E2E	2026-10-06T19:56:31.3280020Z Preparing to unpack .../185-libvo-aacenc0_0.1.3-2build1_amd64.deb ...
client	Browser compatibility and Rust-server WebSocket E2E	2026-10-06T19:56:31.3290064Z Unpacking libvo-aacenc0:amd64 (0.1.3-2build1) ...
client	Browser compatibility and Rust-server WebSocket E2E	2026-10-06T19:56:31.3436740Z Selecting previously unselected package libvo-amrwbenc0:amd64.
client	Browser compatibility and Rust-server WebSocket E2E	2026-10-06T19:56:31.3545368Z Preparing to unpack .../186-libvo-amrwbenc0_0.1.3-2build1_amd64.deb ...
client	Browser compatibility and Rust-server WebSocket E2E	2026-10-06T19:56:31.3551339Z Unpacking libvo-amrwbenc0:amd64 (0.1.3-2build1) ...
client	Browser compatibility and Rust-server WebSocket E2E	2026-10-06T19:56:31.3690845Z Selecting previously unselected package gstreamer1.0-plugins-bad:amd64.
client	Browser compatibility and Rust-server WebSocket E2E	2026-10-06T19:56:31.3798765Z Preparing to unpack .../187-gstreamer1.0-plugins-bad_1.24.2-1ubuntu4_amd64.deb ...
client	Browser compatibility and Rust-server WebSocket E2E	2026-10-06T19:56:31.3804251Z Unpacking gstreamer1.0-plugins-bad:amd64 (1.24.2-1ubuntu4) ...
client	Browser compatibility and Rust-server WebSocket E2E	2026-10-06T19:56:31.5563783Z Setting up libgme0:amd64 (0.6.3-7build1) ...
client	Browser compatibility and Rust-server WebSocket E2E	2026-10-06T19:56:31.5585053Z Setting up libchromaprint1:amd64 (1.5.1-5) ...
client	Browser compatibility and Rust-server WebSocket E2E	2026-10-06T19:56:31.5599280Z Setting up libssh-gcrypt-4:amd64 (0.10.6-2ubuntu0.5) ...
client	Browser compatibility and Rust-server WebSocket E2E	2026-10-06T19:56:31.5613313Z Setting up libhwy1t64:amd64 (1.0.7-8.1build1) ...
client	Browser compatibility and Rust-server WebSocket E2E	2026-10-06T19:56:31.5629276Z Setting up libfreeaptx0:amd64 (0.1.1-2build1) ...
client	Browser compatibility and Rust-server WebSocket E2E	2026-10-06T19:56:31.5644605Z Setting up libdvdread8t64:amd64 (6.1.3-1.1build1) ...
client	Browser compatibility and Rust-server WebSocket E2E	2026-10-06T19:56:31.5657797Z Setting up libudfread0:amd64 (1.1.2-1build1) ...
client	Browser compatibility and Rust-server WebSocket E2E	2026-10-06T19:56:31.5673478Z Setting up libmodplug1:amd64 (1:0.8.9.0-3build1) ...
client	Browser compatibility and Rust-server WebSocket E2E	2026-10-06T19:56:31.5689597Z Setting up libcdparanoia0:amd64 (3.10.2+debian-14build3) ...
client	Browser compatibility and Rust-server WebSocket E2E	2026-10-06T19:56:31.5704929Z Setting up libwayland-server0:amd64 (1.22.0-2.1build1) ...
client	Browser compatibility and Rust-server WebSocket E2E	2026-10-06T19:56:31.5718670Z Setting up libvo-amrwbenc0:amd64 (0.1.3-2build1) ...
client	Browser compatibility and Rust-server WebSocket E2E	2026-10-06T19:56:31.5731974Z Setting up mesa-libgallium:amd64 (25.2.8-0ubuntu0.24.04.4) ...
client	Browser compatibility and Rust-server WebSocket E2E	2026-10-06T19:56:31.5746480Z Setting up session-migration (0.3.9build1) ...
client	Browser compatibility and Rust-server WebSocket E2E	2026-10-06T19:56:31.8975030Z Created symlink /etc/systemd/user/graphical-session-pre.target.wants/session-migration.service → /usr/lib/systemd/user/session-migration.service.
client	Browser compatibility and Rust-server WebSocket E2E	2026-10-06T19:56:31.8976008Z
client	Browser compatibility and Rust-server WebSocket E2E	2026-10-06T19:56:31.8999075Z Setting up libraw1394-11:amd64 (2.1.2-2build3) ...
client	Browser compatibility and Rust-server WebSocket E2E	2026-10-06T19:56:31.9017880Z Setting up libsbc1:amd64 (2.0-1build1) ...
client	Browser compatibility and Rust-server WebSocket E2E	2026-10-06T19:56:31.9033982Z Setting up libproxy1v5:amd64 (0.5.4-4build1) ...
client	Browser compatibility and Rust-server WebSocket E2E	2026-10-06T19:56:31.9047811Z Setting up libneon27t64:amd64 (0.33.0-1.1build3) ...
client	Browser compatibility and Rust-server WebSocket E2E	2026-10-06T19:56:31.9065297Z Setting up libtag1v5-vanilla:amd64 (1.13.1-1build1) ...
client	Browser compatibility and Rust-server WebSocket E2E	2026-10-06T19:56:31.9080781Z Setting up libharfbuzz-icu0:amd64 (8.3.0-2build2) ...
client	Browser compatibility and Rust-server WebSocket E2E	2026-10-06T19:56:31.9095192Z Setting up libopenni2-0:amd64 (2.2.0.33+dfsg-18) ...
client	Browser compatibility and Rust-server WebSocket E2E	2026-10-06T19:56:31.9317571Z Setting up libspeex1:amd64 (1.2.1-2ubuntu2.24.04.1) ...
client	Browser compatibility and Rust-server WebSocket E2E	2026-10-06T19:56:31.9331737Z Setting up libshine3:amd64 (3.1.1-2build1) ...
client	Browser compatibility and Rust-server WebSocket E2E	2026-10-06T19:56:31.9347931Z Setting up libcaca0:amd64 (0.99.beta20-4ubuntu0.2) ...
client	Browser compatibility and Rust-server WebSocket E2E	2026-10-06T19:56:31.9362163Z Setting up libvpl2 (2023.3.0-1build1) ...
client	Browser compatibility and Rust-server WebSocket E2E	2026-10-06T19:56:31.9374939Z Setting up libv4lconvert0t64:amd64 (1.26.1-4build3) ...
client	Browser compatibility and Rust-server WebSocket E2E	2026-10-06T19:56:31.9392638Z Setting up libx264-164:amd64 (2:0.164.3108+git31e19f9-1) ...
client	Browser compatibility and Rust-server WebSocket E2E	2026-10-06T19:56:31.9406672Z Setting up libtwolame0:amd64 (0.4.0-2build3) ...
client	Browser compatibility and Rust-server WebSocket E2E	2026-10-06T19:56:31.9426467Z Setting up libmbedcrypto7t64:amd64 (2.28.8-1) ...
client	Browser compatibility and Rust-server WebSocket E2E	2026-10-06T19:56:31.9440937Z Setting up libwoff1:amd64 (1.0.2-2build1) ...
client	Browser compatibility and Rust-server WebSocket E2E	2026-10-06T19:56:31.9454431Z Setting up liblc3-1:amd64 (1.0.4-3build1) ...
client	Browser compatibility and Rust-server WebSocket E2E	2026-10-06T19:56:31.9470105Z Setting up libqrencode4:amd64 (4.1.1-1build2) ...
client	Browser compatibility and Rust-server WebSocket E2E	2026-10-06T19:56:31.9486721Z Setting up libhyphen0:amd64 (2.8.8-7build3) ...
client	Browser compatibility and Rust-server WebSocket E2E	2026-10-06T19:56:31.9500055Z Setting up libgbm1:amd64 (25.2.8-0ubuntu0.24.04.4) ...
client	Browser compatibility and Rust-server WebSocket E2E	2026-10-06T19:56:31.9517670Z Setting up libgsm1:amd64 (1.0.22-1build1) ...
client	Browser compatibility and Rust-server WebSocket E2E	2026-10-06T19:56:31.9531429Z Setting up libvisual-0.4-0:amd64 (0.4.2-2build1) ...
client	Browser compatibility and Rust-server WebSocket E2E	2026-10-06T19:56:31.9548938Z Setting up libsoxr0:amd64 (0.1.3-4build3) ...
client	Browser compatibility and Rust-server WebSocket E2E	2026-10-06T19:56:31.9561794Z Setting up libzix-0-0:amd64 (0.4.2-2build1) ...
client	Browser compatibility and Rust-server WebSocket E2E	2026-10-06T19:56:31.9574771Z Setting up libcodec2-1.2:amd64 (1.2.0-2build1) ...
client	Browser compatibility and Rust-server WebSocket E2E	2026-10-06T19:56:31.9590673Z Setting up libmanette-0.2-0:amd64 (0.2.7-1build2) ...
client	Browser compatibility and Rust-server WebSocket E2E	2026-10-06T19:56:31.9605692Z Setting up libsrtp2-1:amd64 (2.5.0-3build1) ...
client	Browser compatibility and Rust-server WebSocket E2E	2026-10-06T19:56:31.9622110Z Setting up libgl1-mesa-dri:amd64 (25.2.8-0ubuntu0.24.04.4) ...
client	Browser compatibility and Rust-server WebSocket E2E	2026-10-06T19:56:31.9681443Z Setting up libmysofa1:amd64 (1.3.2+dfsg-2ubuntu2) ...
client	Browser compatibility and Rust-server WebSocket E2E	2026-10-06T19:56:31.9694404Z Setting up libraptor2-0:amd64 (2.0.16-3ubuntu0.1) ...
client	Browser compatibility and Rust-server WebSocket E2E	2026-10-06T19:56:31.9708849Z Setting up libldacbt-enc2:amd64 (2.0.2.3+git20200429+ed310a0-4ubuntu2) ...
client	Browser compatibility and Rust-server WebSocket E2E	2026-10-06T19:56:31.9722193Z Setting up fonts-wqy-zenhei (0.9.45-8) ...
client	Browser compatibility and Rust-server WebSocket E2E	2026-10-06T19:56:31.9811804Z Setting up libwebrtc-audio-processing1:amd64 (0.3.1-0ubuntu6) ...
client	Browser compatibility and Rust-server WebSocket E2E	2026-10-06T19:56:31.9827230Z Setting up fonts-freefont-ttf (20211204+svn4273-2) ...
client	Browser compatibility and Rust-server WebSocket E2E	2026-10-06T19:56:31.9844371Z Setting up libevent-2.1-7t64:amd64 (2.1.12-stable-9ubuntu2.2) ...
client	Browser compatibility and Rust-server WebSocket E2E	2026-10-06T19:56:31.9856071Z Setting up libsvtav1enc1d1:amd64 (1.7.0+dfsg-2build1) ...
client	Browser compatibility and Rust-server WebSocket E2E	2026-10-06T19:56:31.9868278Z Setting up libsoup-3.0-common (3.4.4-5ubuntu0.8) ...
client	Browser compatibility and Rust-server WebSocket E2E	2026-10-06T19:56:31.9882882Z Setting up libmpg123-0t64:amd64 (1.32.5-1ubuntu1.1) ...
client	Browser compatibility and Rust-server WebSocket E2E	2026-10-06T19:56:31.9898531Z Setting up libcjson1:amd64 (1.7.17-1) ...
client	Browser compatibility and Rust-server WebSocket E2E	2026-10-06T19:56:31.9911704Z Setting up libxvidcore4:amd64 (2:1.3.7-1build1) ...
client	Browser compatibility and Rust-server WebSocket E2E	2026-10-06T19:56:31.9926384Z Setting up libmpcdec6:amd64 (2:0.1~r495-2build1) ...
client	Browser compatibility and Rust-server WebSocket E2E	2026-10-06T19:56:31.9943353Z Setting up libmjpegutils-2.1-0t64:amd64 (1:2.1.0+debian-8.1build1) ...
client	Browser compatibility and Rust-server WebSocket E2E	2026-10-06T19:56:31.9960520Z Setting up librav1e0:amd64 (0.7.1-2) ...
client	Browser compatibility and Rust-server WebSocket E2E	2026-10-06T19:56:31.9974236Z Setting up liborc-0.4-0t64:amd64 (1:0.4.38-1ubuntu0.1) ...
client	Browser compatibility and Rust-server WebSocket E2E	2026-10-06T19:56:31.9989294Z Setting up libxcb-xkb1:amd64 (1.15-1ubuntu2) ...
client	Browser compatibility and Rust-server WebSocket E2E	2026-10-06T19:56:32.0004253Z Setting up libvo-aacenc0:amd64 (0.1.3-2build1) ...
client	Browser compatibility and Rust-server WebSocket E2E	2026-10-06T19:56:32.0016827Z Setting up librist4:amd64 (0.2.10+dfsg-2) ...
client	Browser compatibility and Rust-server WebSocket E2E	2026-10-06T19:56:32.0032864Z Setting up librsvg2-2:amd64 (2.58.0+dfsg-1build1) ...
client	Browser compatibility and Rust-server WebSocket E2E	2026-10-06T19:56:32.0046229Z Setting up libblas3:amd64 (3.12.0-3build1.1) ...
client	Browser compatibility and Rust-server WebSocket E2E	2026-10-06T19:56:32.0093245Z update-alternatives: using /usr/lib/x86_64-linux-gnu/blas/libblas.so.3 to provide /usr/lib/x86_64-linux-gnu/libblas.so.3 (libblas.so.3-x86_64-linux-gnu) in auto mode
client	Browser compatibility and Rust-server WebSocket E2E	2026-10-06T19:56:32.0103920Z Setting up libegl-mesa0:amd64 (25.2.8-0ubuntu0.24.04.4) ...
client	Browser compatibility and Rust-server WebSocket E2E	2026-10-06T19:56:32.0117175Z Setting up libsoundtouch1:amd64 (2.3.2+ds1-1build1) ...
client	Browser compatibility and Rust-server WebSocket E2E	2026-10-06T19:56:32.0132099Z Setting up libplacebo338:amd64 (6.338.2-2build1) ...
client	Browser compatibility and Rust-server WebSocket E2E	2026-10-06T19:56:32.0145713Z Setting up libgles2:amd64 (1.7.0-1build1) ...
client	Browser compatibility and Rust-server WebSocket E2E	2026-10-06T19:56:32.0158531Z Setting up fonts-tlwg-loma-otf (1:0.7.3-1) ...
client	Browser compatibility and Rust-server WebSocket E2E	2026-10-06T19:56:32.0174987Z Setting up libva2:amd64 (2.20.0-2ubuntu0.2) ...
client	Browser compatibility and Rust-server WebSocket E2E	2026-10-06T19:56:32.0188485Z Setting up libfreetype6:amd64 (2.13.2+dfsg-1ubuntu0.2) ...
client	Browser compatibility and Rust-server WebSocket E2E	2026-10-06T19:56:32.0205576Z Setting up libspa-0.2-modules:amd64 (1.0.5-1ubuntu3.3) ...
client	Browser compatibility and Rust-server WebSocket E2E	2026-10-06T19:56:32.0220649Z Setting up libzxing3:amd64 (2.2.1-3) ...
client	Browser compatibility and Rust-server WebSocket E2E	2026-10-06T19:56:32.0235374Z Setting up xfonts-encodings (1:1.0.5-0ubuntu2) ...
client	Browser compatibility and Rust-server WebSocket E2E	2026-10-06T19:56:32.0250659Z Setting up libopus0:amd64 (1.4-1build1) ...
client	Browser compatibility and Rust-server WebSocket E2E	2026-10-06T19:56:32.0264622Z Setting up libfaad2:amd64 (2.11.1-1build1) ...
client	Browser compatibility and Rust-server WebSocket E2E	2026-10-06T19:56:32.0283564Z Setting up libxkbcommon-x11-0:amd64 (1.6.0-1build1) ...
client	Browser compatibility and Rust-server WebSocket E2E	2026-10-06T19:56:32.0297830Z Setting up libdc1394-25:amd64 (2.2.6-4build1) ...
client	Browser compatibility and Rust-server WebSocket E2E	2026-10-06T19:56:32.0311044Z Setting up libimath-3-1-29t64:amd64 (3.1.9-3.1ubuntu2) ...
client	Browser compatibility and Rust-server WebSocket E2E	2026-10-06T19:56:32.0326295Z Setting up libunibreak5:amd64 (5.1-2build1) ...
client	Browser compatibility and Rust-server WebSocket E2E	2026-10-06T19:56:32.0339857Z Setting up libdv4t64:amd64 (1.0.0-17.1build1) ...
client	Browser compatibility and Rust-server WebSocket E2E	2026-10-06T19:56:32.0355036Z Setting up libjxl0.7:amd64 (0.7.0-10.2ubuntu6.1) ...
client	Browser compatibility and Rust-server WebSocket E2E	2026-10-06T19:56:32.0370308Z Setting up libopenh264-7:amd64 (2.4.1+dfsg-1) ...
client	Browser compatibility and Rust-server WebSocket E2E	2026-10-06T19:56:32.0388237Z Setting up libltc11:amd64 (1.3.2-1build1) ...
client	Browser compatibility and Rust-server WebSocket E2E	2026-10-06T19:56:32.0406276Z Setting up libx265-199:amd64 (3.5-2build1) ...
client	Browser compatibility and Rust-server WebSocket E2E	2026-10-06T19:56:32.0603316Z Setting up libv4l-0t64:amd64 (1.26.1-4build3) ...
client	Browser compatibility and Rust-server WebSocket E2E	2026-10-06T19:56:32.0618207Z Setting up libavtp0:amd64 (0.2.0-1build1) ...
client	Browser compatibility and Rust-server WebSocket E2E	2026-10-06T19:56:32.0636865Z Setting up libsndio7.0:amd64 (1.9.0-0.3build3) ...
client	Browser compatibility and Rust-server WebSocket E2E	2026-10-06T19:56:32.0654648Z Setting up libdirectfb-1.7-7t64:amd64 (1.7.7-11.1ubuntu2) ...
client	Browser compatibility and Rust-server WebSocket E2E	2026-10-06T19:56:32.0671926Z Setting up libspandsp2t64:amd64 (0.0.6+dfsg-2.1build1) ...
client	Browser compatibility and Rust-server WebSocket E2E	2026-10-06T19:56:32.0689759Z Setting up libvidstab1.1:amd64 (1.1.0-2build1) ...
client	Browser compatibility and Rust-server WebSocket E2E	2026-10-06T19:56:32.0710050Z Setting up libvpx9:amd64 (1.14.0-1ubuntu2.3) ...
client	Browser compatibility and Rust-server WebSocket E2E	2026-10-06T19:56:32.0723653Z Setting up libsrt1.5-gnutls:amd64 (1.5.3-1build2) ...
client	Browser compatibility and Rust-server WebSocket E2E	2026-10-06T19:56:32.0740818Z Setting up libtag1v5:amd64 (1.13.1-1build1) ...
client	Browser compatibility and Rust-server WebSocket E2E	2026-10-06T19:56:32.0753808Z Setting up libflite1:amd64 (2.2-6build3) ...
client	Browser compatibility and Rust-server WebSocket E2E	2026-10-06T19:56:32.0768253Z Setting up libdav1d7:amd64 (1.4.1-1build1) ...
client	Browser compatibility and Rust-server WebSocket E2E	2026-10-06T19:56:32.0783565Z Setting up libva-drm2:amd64 (2.20.0-2ubuntu0.2) ...
client	Browser compatibility and Rust-server WebSocket E2E	2026-10-06T19:56:32.0797935Z Setting up fonts-ipafont-gothic (00303-21ubuntu1) ...
client	Browser compatibility and Rust-server WebSocket E2E	2026-10-06T19:56:32.0852411Z update-alternatives: using /usr/share/fonts/opentype/ipafont-gothic/ipag.ttf to provide /usr/share/fonts/truetype/fonts-japanese-gothic.ttf (fonts-japanese-gothic.ttf) in auto mode
client	Browser compatibility and Rust-server WebSocket E2E	2026-10-06T19:56:32.0862556Z Setting up ocl-icd-libopencl1:amd64 (2.3.2-1build1) ...
client	Browser compatibility and Rust-server WebSocket E2E	2026-10-06T19:56:32.0876999Z Setting up libasyncns0:amd64 (0.8-6build4) ...
client	Browser compatibility and Rust-server WebSocket E2E	2026-10-06T19:56:32.0892790Z Setting up libwildmidi2:amd64 (0.4.3-1build3) ...
client	Browser compatibility and Rust-server WebSocket E2E	2026-10-06T19:56:32.0906017Z Setting up libvdpau1:amd64 (1.5-2build1) ...
client	Browser compatibility and Rust-server WebSocket E2E	2026-10-06T19:56:32.0925276Z Setting up libwavpack1:amd64 (5.6.0-1build1) ...
client	Browser compatibility and Rust-server WebSocket E2E	2026-10-06T19:56:32.0940218Z Setting up libbs2b0:amd64 (3.1.0+dfsg-7build1) ...
client	Browser compatibility and Rust-server WebSocket E2E	2026-10-06T19:56:32.0955526Z Setting up libtheora0:amd64 (1.1.1+dfsg.1-16.1build3) ...
client	Browser compatibility and Rust-server WebSocket E2E	2026-10-06T19:56:32.0968148Z Setting up libegl1:amd64 (1.7.0-1build1) ...
client	Browser compatibility and Rust-server WebSocket E2E	2026-10-06T19:56:32.0984901Z Setting up libdecor-0-0:amd64 (0.2.2-1build2) ...
client	Browser compatibility and Rust-server WebSocket E2E	2026-10-06T19:56:32.1014177Z Setting up libdca0:amd64 (0.0.7-2build1) ...
client	Browser compatibility and Rust-server WebSocket E2E	2026-10-06T19:56:32.1028243Z Setting up libzimg2:amd64 (3.0.5+ds1-1build1) ...
client	Browser compatibility and Rust-server WebSocket E2E	2026-10-06T19:56:32.1041868Z Setting up libopenal-data (1:1.23.1-4build1) ...
client	Browser compatibility and Rust-server WebSocket E2E	2026-10-06T19:56:32.1060146Z Setting up libevent-core-2.1-7t64:amd64 (2.1.12-stable-9ubuntu2.2) ...
client	Browser compatibility and Rust-server WebSocket E2E	2026-10-06T19:56:32.1075050Z Setting up libabsl20220623t64:amd64 (20220623.1-3.1ubuntu3.2) ...
client	Browser compatibility and Rust-server WebSocket E2E	2026-10-06T19:56:32.1088140Z Setting up libflac12t64:amd64 (1.4.3+ds-2.1ubuntu2) ...
client	Browser compatibility and Rust-server WebSocket E2E	2026-10-06T19:56:32.1103260Z Setting up libgtk-4-common (4.14.5+ds-0ubuntu0.10) ...
client	Browser compatibility and Rust-server WebSocket E2E	2026-10-06T19:56:32.1118662Z Setting up libmpeg2encpp-2.1-0t64:amd64 (1:2.1.0+debian-8.1build1) ...
client	Browser compatibility and Rust-server WebSocket E2E	2026-10-06T19:56:32.1131722Z Setting up glib-networking-common (2.80.0-1build1) ...
client	Browser compatibility and Rust-server WebSocket E2E	2026-10-06T19:56:32.1145454Z Setting up libmfx1:amd64 (22.5.4-1) ...
client	Browser compatibility and Rust-server WebSocket E2E	2026-10-06T19:56:32.1158128Z Setting up libbluray2:amd64 (1:1.3.4-1build1) ...
client	Browser compatibility and Rust-server WebSocket E2E	2026-10-06T19:56:32.1173635Z Setting up libde265-0:amd64 (1.0.15-1ubuntu0.1) ...
client	Browser compatibility and Rust-server WebSocket E2E	2026-10-06T19:56:32.1187471Z Setting up libsamplerate0:amd64 (0.2.2-4build1) ...
client	Browser compatibility and Rust-server WebSocket E2E	2026-10-06T19:56:32.1199664Z Setting up timgm6mb-soundfont (1.3-5) ...
client	Browser compatibility and Rust-server WebSocket E2E	2026-10-06T19:56:32.1261638Z update-alternatives: using /usr/share/sounds/sf2/TimGM6mb.sf2 to provide /usr/share/sounds/sf2/default-GM.sf2 (default-GM.sf2) in auto mode
client	Browser compatibility and Rust-server WebSocket E2E	2026-10-06T19:56:32.1293269Z update-alternatives: using /usr/share/sounds/sf2/TimGM6mb.sf2 to provide /usr/share/sounds/sf3/default-GM.sf3 (default-GM.sf3) in auto mode
client	Browser compatibility and Rust-server WebSocket E2E	2026-10-06T19:56:32.1304228Z Setting up libva-x11-2:amd64 (2.20.0-2ubuntu0.2) ...
client	Browser compatibility and Rust-server WebSocket E2E	2026-10-06T19:56:32.1320150Z Setting up libyuv0:amd64 (0.0~git202401110.af6ac82-1) ...
client	Browser compatibility and Rust-server WebSocket E2E	2026-10-06T19:56:32.1336118Z Setting up libmplex2-2.1-0t64:amd64 (1:2.1.0+debian-8.1build1) ...
client	Browser compatibility and Rust-server WebSocket E2E	2026-10-06T19:56:32.1349696Z Setting up libpipewire-0.3-0t64:amd64 (1.0.5-1ubuntu3.3) ...
client	Browser compatibility and Rust-server WebSocket E2E	2026-10-06T19:56:32.1364059Z Setting up libopenmpt0t64:amd64 (0.7.3-1.1build3) ...
client	Browser compatibility and Rust-server WebSocket E2E	2026-10-06T19:56:32.1377464Z Setting up libzvbi-common (0.2.42-2) ...
client	Browser compatibility and Rust-server WebSocket E2E	2026-10-06T19:56:32.1392624Z Setting up libsecret-common (0.21.4-1build3) ...
client	Browser compatibility and Rust-server WebSocket E2E	2026-10-06T19:56:32.1406396Z Setting up libmp3lame0:amd64 (3.100-6build1) ...
client	Browser compatibility and Rust-server WebSocket E2E	2026-10-06T19:56:32.1421287Z Setting up libgraphene-1.0-0:amd64 (1.10.8-3build2) ...
client	Browser compatibility and Rust-server WebSocket E2E	2026-10-06T19:56:32.1443160Z Setting up libvorbisenc2:amd64 (1.3.7-1build3) ...
client	Browser compatibility and Rust-server WebSocket E2E	2026-10-06T19:56:32.1456534Z Setting up libdvdnav4:amd64 (6.1.1-3build1) ...
client	Browser compatibility and Rust-server WebSocket E2E	2026-10-06T19:56:32.1472297Z Setting up fonts-unifont (1:15.1.01-1build1) ...
client	Browser compatibility and Rust-server WebSocket E2E	2026-10-06T19:56:32.1485362Z Setting up libaa1:amd64 (1.4p5-51.1) ...
client	Browser compatibility and Rust-server WebSocket E2E	2026-10-06T19:56:32.1502388Z Setting up libiec61883-0:amd64 (1.2.0-6build1) ...
client	Browser compatibility and Rust-server WebSocket E2E	2026-10-06T19:56:32.1516215Z Setting up libserd-0-0:amd64 (0.32.2-1) ...
client	Browser compatibility and Rust-server WebSocket E2E	2026-10-06T19:56:32.1537548Z Setting up libavc1394-0:amd64 (0.5.4-5build3) ...
client	Browser compatibility and Rust-server WebSocket E2E	2026-10-06T19:56:32.1554614Z Setting up libcairo-script-interpreter2:amd64 (1.18.0-3build1) ...
client	Browser compatibility and Rust-server WebSocket E2E	2026-10-06T19:56:32.1567599Z Setting up gsettings-desktop-schemas (46.1-0ubuntu1) ...
client	Browser compatibility and Rust-server WebSocket E2E	2026-10-06T19:56:32.1585196Z Setting up glib-networking-services (2.80.0-1build1) ...
client	Browser compatibility and Rust-server WebSocket E2E	2026-10-06T19:56:32.1598167Z Setting up liblapack3:amd64 (3.12.0-3build1.1) ...
client	Browser compatibility and Rust-server WebSocket E2E	2026-10-06T19:56:32.1643698Z update-alternatives: using /usr/lib/x86_64-linux-gnu/lapack/liblapack.so.3 to provide /usr/lib/x86_64-linux-gnu/liblapack.so.3 (liblapack.so.3-x86_64-linux-gnu) in auto mode
client	Browser compatibility and Rust-server WebSocket E2E	2026-10-06T19:56:32.1655872Z Setting up libglx-mesa0:amd64 (25.2.8-0ubuntu0.24.04.4) ...
client	Browser compatibility and Rust-server WebSocket E2E	2026-10-06T19:56:32.1669062Z Setting up libzvbi0t64:amd64 (0.2.42-2) ...
client	Browser compatibility and Rust-server WebSocket E2E	2026-10-06T19:56:32.1684782Z Setting up libevent-pthreads-2.1-7t64:amd64 (2.1.12-stable-9ubuntu2.2) ...
client	Browser compatibility and Rust-server WebSocket E2E	2026-10-06T19:56:32.1700969Z Setting up liblrdf0:amd64 (0.6.1-4build1) ...
client	Browser compatibility and Rust-server WebSocket E2E	2026-10-06T19:56:32.1714219Z Setting up libzbar0t64:amd64 (0.23.93-4build3) ...
client	Browser compatibility and Rust-server WebSocket E2E	2026-10-06T19:56:32.1731926Z Setting up libgstreamer-plugins-base1.0-0:amd64 (1.24.2-1ubuntu0.5) ...
client	Browser compatibility and Rust-server WebSocket E2E	2026-10-06T19:56:32.1746449Z Setting up libavutil58:amd64 (7:6.1.1-3ubuntu5) ...
client	Browser compatibility and Rust-server WebSocket E2E	2026-10-06T19:56:32.1759261Z Setting up libopenal1:amd64 (1:1.23.1-4build1) ...
client	Browser compatibility and Rust-server WebSocket E2E	2026-10-06T19:56:32.1773195Z Setting up xfonts-utils (1:7.7+6build3) ...
client	Browser compatibility and Rust-server WebSocket E2E	2026-10-06T19:56:32.1805254Z Setting up libsecret-1-0:amd64 (0.21.4-1build3) ...
client	Browser compatibility and Rust-server WebSocket E2E	2026-10-06T19:56:32.1820126Z Setting up libgstreamer-plugins-good1.0-0:amd64 (1.24.2-1ubuntu1.8) ...
client	Browser compatibility and Rust-server WebSocket E2E	2026-10-06T19:56:32.1832326Z Setting up libgstreamer-gl1.0-0:amd64 (1.24.2-1ubuntu0.5) ...
client	Browser compatibility and Rust-server WebSocket E2E	2026-10-06T19:56:32.1848995Z Setting up gstreamer1.0-plugins-base:amd64 (1.24.2-1ubuntu0.5) ...
client	Browser compatibility and Rust-server WebSocket E2E	2026-10-06T19:56:32.1862112Z Setting up libass9:amd64 (1:0.17.1-2build1) ...
client	Browser compatibility and Rust-server WebSocket E2E	2026-10-06T19:56:32.1875814Z Setting up libswresample4:amd64 (7:6.1.1-3ubuntu5) ...
client	Browser compatibility and Rust-server WebSocket E2E	2026-10-06T19:56:32.1892630Z Setting up libopenexr-3-1-30:amd64 (3.1.5-5.1build3) ...
client	Browser compatibility and Rust-server WebSocket E2E	2026-10-06T19:56:32.1906783Z Setting up libshout3:amd64 (2.4.6-1build2) ...
client	Browser compatibility and Rust-server WebSocket E2E	2026-10-06T19:56:32.1919551Z Setting up libgav1-1:amd64 (0.18.0-1build3) ...
client	Browser compatibility and Rust-server WebSocket E2E	2026-10-06T19:56:32.1936465Z Setting up libavcodec60:amd64 (7:6.1.1-3ubuntu5) ...
client	Browser compatibility and Rust-server WebSocket E2E	2026-10-06T19:56:32.1949340Z Setting up librubberband2:amd64 (3.3.0+dfsg-2build1) ...
client	Browser compatibility and Rust-server WebSocket E2E	2026-10-06T19:56:32.1964841Z Setting up libjack-jackd2-0:amd64 (1.9.21~dfsg-3ubuntu3) ...
client	Browser compatibility and Rust-server WebSocket E2E	2026-10-06T19:56:32.1980991Z Setting up libsord-0-0:amd64 (0.16.16-2build1) ...
client	Browser compatibility and Rust-server WebSocket E2E	2026-10-06T19:56:32.1994865Z Setting up xfonts-cyrillic (1:1.0.5+nmu1) ...
client	Browser compatibility and Rust-server WebSocket E2E	2026-10-06T19:56:32.2264388Z Setting up libpostproc57:amd64 (7:6.1.1-3ubuntu5) ...
client	Browser compatibility and Rust-server WebSocket E2E	2026-10-06T19:56:32.2280327Z Setting up libsratom-0-0:amd64 (0.6.16-1build1) ...
client	Browser compatibility and Rust-server WebSocket E2E	2026-10-06T19:56:32.2306387Z Setting up libsndfile1:amd64 (1.2.2-1ubuntu5.24.04.1) ...
client	Browser compatibility and Rust-server WebSocket E2E	2026-10-06T19:56:32.2484344Z Setting up liblilv-0-0:amd64 (0.24.22-1build1) ...
client	Browser compatibility and Rust-server WebSocket E2E	2026-10-06T19:56:32.2500176Z Setting up libinstpatch-1.0-2:amd64 (1.1.6-1build2) ...
client	Browser compatibility and Rust-server WebSocket E2E	2026-10-06T19:56:32.2519228Z Setting up xfonts-scalable (1:1.0.3-1.3) ...
client	Browser compatibility and Rust-server WebSocket E2E	2026-10-06T19:56:32.2716523Z Setting up libswscale7:amd64 (7:6.1.1-3ubuntu5) ...
client	Browser compatibility and Rust-server WebSocket E2E	2026-10-06T19:56:32.2734798Z Setting up libavif16:amd64 (1.0.4-1ubuntu3) ...
client	Browser compatibility and Rust-server WebSocket E2E	2026-10-06T19:56:32.2747588Z Setting up libpulse0:amd64 (1:16.1+dfsg1-2ubuntu10.1) ...
client	Browser compatibility and Rust-server WebSocket E2E	2026-10-06T19:56:32.2803700Z Setting up libavformat60:amd64 (7:6.1.1-3ubuntu5) ...
client	Browser compatibility and Rust-server WebSocket E2E	2026-10-06T19:56:32.2816592Z Setting up libsphinxbase3t64:amd64 (0.8+5prealpha+1-17build2) ...
client	Browser compatibility and Rust-server WebSocket E2E	2026-10-06T19:56:32.2833878Z Setting up libsdl2-2.0-0:amd64 (2.30.0+dfsg-1ubuntu3.1) ...
client	Browser compatibility and Rust-server WebSocket E2E	2026-10-06T19:56:32.2848726Z Setting up libfluidsynth3:amd64 (2.3.4-1build3) ...
client	Browser compatibility and Rust-server WebSocket E2E	2026-10-06T19:56:32.2861707Z Setting up libpocketsphinx3:amd64 (0.8.0+real5prealpha+1-15ubuntu5) ...
client	Browser compatibility and Rust-server WebSocket E2E	2026-10-06T19:56:32.2876707Z Setting up libavfilter9:amd64 (7:6.1.1-3ubuntu5) ...
client	Browser compatibility and Rust-server WebSocket E2E	2026-10-06T19:56:32.2891783Z Setting up gstreamer1.0-libav:amd64 (1.24.1-1build1) ...
client	Browser compatibility and Rust-server WebSocket E2E	2026-10-06T19:56:32.3788389Z Processing triggers for fontconfig (2.15.0-1.1ubuntu2) ...
client	Browser compatibility and Rust-server WebSocket E2E	2026-10-06T19:56:32.5646908Z Processing triggers for libc-bin (2.39-0ubuntu8.9) ...
client	Browser compatibility and Rust-server WebSocket E2E	2026-10-06T19:56:32.6161869Z Processing triggers for man-db (2.12.0-4build2) ...
client	Browser compatibility and Rust-server WebSocket E2E	2026-10-06T19:56:32.6184575Z Not building database; man-db/auto-update is not 'true'.
client	Browser compatibility and Rust-server WebSocket E2E	2026-10-06T19:56:32.6212280Z Processing triggers for libglib2.0-0t64:amd64 (2.80.0-6ubuntu3.9) ...
client	Browser compatibility and Rust-server WebSocket E2E	2026-10-06T19:56:32.6667830Z Setting up libgtk-4-1:amd64 (4.14.5+ds-0ubuntu0.10) ...
client	Browser compatibility and Rust-server WebSocket E2E	2026-10-06T19:56:33.3788661Z Setting up glib-networking:amd64 (2.80.0-1build1) ...
client	Browser compatibility and Rust-server WebSocket E2E	2026-10-06T19:56:33.3826376Z Setting up libsoup-3.0-0:amd64 (3.4.4-5ubuntu0.8) ...
client	Browser compatibility and Rust-server WebSocket E2E	2026-10-06T19:56:33.3850984Z Setting up libgssdp-1.6-0:amd64 (1.6.3-1build3) ...
client	Browser compatibility and Rust-server WebSocket E2E	2026-10-06T19:56:33.3916814Z Setting up gstreamer1.0-plugins-good:amd64 (1.24.2-1ubuntu1.8) ...
client	Browser compatibility and Rust-server WebSocket E2E	2026-10-06T19:56:33.3941948Z Setting up libgupnp-1.6-0:amd64 (1.6.6-1build3) ...
client	Browser compatibility and Rust-server WebSocket E2E	2026-10-06T19:56:33.3994461Z Setting up libgupnp-igd-1.6-0:amd64 (1.6.0-3build3) ...
client	Browser compatibility and Rust-server WebSocket E2E	2026-10-06T19:56:33.4029242Z Setting up libnice10:amd64 (0.1.21-2build3) ...
client	Browser compatibility and Rust-server WebSocket E2E	2026-10-06T19:56:33.4072512Z Setting up libgstreamer-plugins-bad1.0-0:amd64 (1.24.2-1ubuntu4) ...
client	Browser compatibility and Rust-server WebSocket E2E	2026-10-06T19:56:33.4114792Z Setting up gstreamer1.0-plugins-bad:amd64 (1.24.2-1ubuntu4) ...
client	Browser compatibility and Rust-server WebSocket E2E	2026-10-06T19:56:33.4132852Z Processing triggers for libc-bin (2.39-0ubuntu8.9) ...
client	Browser compatibility and Rust-server WebSocket E2E	2026-10-06T19:56:33.9708345Z
client	Browser compatibility and Rust-server WebSocket E2E	2026-10-06T19:56:33.9709189Z Running kernel seems to be up-to-date.
client	Browser compatibility and Rust-server WebSocket E2E	2026-10-06T19:56:33.9712662Z
client	Browser compatibility and Rust-server WebSocket E2E	2026-10-06T19:56:33.9713137Z Restarting services...
client	Browser compatibility and Rust-server WebSocket E2E	2026-10-06T19:56:33.9775037Z  systemctl restart php8.3-fpm.service
client	Browser compatibility and Rust-server WebSocket E2E	2026-10-06T19:56:34.0531492Z
client	Browser compatibility and Rust-server WebSocket E2E	2026-10-06T19:56:34.0532497Z No containers need to be restarted.
client	Browser compatibility and Rust-server WebSocket E2E	2026-10-06T19:56:34.0548909Z
client	Browser compatibility and Rust-server WebSocket E2E	2026-10-06T19:56:34.0549620Z No user sessions are running outdated binaries.
client	Browser compatibility and Rust-server WebSocket E2E	2026-10-06T19:56:34.0549927Z
client	Browser compatibility and Rust-server WebSocket E2E	2026-10-06T19:56:34.0550257Z No VM guests are running outdated hypervisor (qemu) binaries on this host.
client	Browser compatibility and Rust-server WebSocket E2E	2026-10-06T19:56:34.9155118Z Downloading Chrome for Testing 153.0.8010.12 (playwright chromium v1243) from https://cdn.playwright.dev/builds/cft/153.0.8010.12/linux64/chrome-linux64.zip
client	Browser compatibility and Rust-server WebSocket E2E	2026-10-06T19:56:35.3643826Z |                                                                                |   0% of 186.8 MiB
client	Browser compatibility and Rust-server WebSocket E2E	2026-10-06T19:56:35.5124647Z |■■■■■■■■                                                                        |  10% of 186.8 MiB
client	Browser compatibility and Rust-server WebSocket E2E	2026-10-06T19:56:35.5969380Z |■■■■■■■■■■■■■■■■                                                                |  20% of 186.8 MiB
client	Browser compatibility and Rust-server WebSocket E2E	2026-10-06T19:56:35.6923845Z |■■■■■■■■■■■■■■■■■■■■■■■■                                                        |  30% of 186.8 MiB
client	Browser compatibility and Rust-server WebSocket E2E	2026-10-06T19:56:35.7842939Z |■■■■■■■■■■■■■■■■■■■■■■■■■■■■■■■■                                                |  40% of 186.8 MiB
client	Browser compatibility and Rust-server WebSocket E2E	2026-10-06T19:56:35.8921500Z |■■■■■■■■■■■■■■■■■■■■■■■■■■■■■■■■■■■■■■■■                                        |  50% of 186.8 MiB
client	Browser compatibility and Rust-server WebSocket E2E	2026-10-06T19:56:35.9938910Z |■■■■■■■■■■■■■■■■■■■■■■■■■■■■■■■■■■■■■■■■■■■■■■■■                                |  60% of 186.8 MiB
client	Browser compatibility and Rust-server WebSocket E2E	2026-10-06T19:56:36.1251719Z |■■■■■■■■■■■■■■■■■■■■■■■■■■■■■■■■■■■■■■■■■■■■■■■■■■■■■■■■                        |  70% of 186.8 MiB
client	Browser compatibility and Rust-server WebSocket E2E	2026-10-06T19:56:36.2408257Z |■■■■■■■■■■■■■■■■■■■■■■■■■■■■■■■■■■■■■■■■■■■■■■■■■■■■■■■■■■■■■■■■                |  80% of 186.8 MiB
client	Browser compatibility and Rust-server WebSocket E2E	2026-10-06T19:56:36.3429106Z |■■■■■■■■■■■■■■■■■■■■■■■■■■■■■■■■■■■■■■■■■■■■■■■■■■■■■■■■■■■■■■■■■■■■■■■■        |  90% of 186.8 MiB
client	Browser compatibility and Rust-server WebSocket E2E	2026-10-06T19:56:36.4579058Z |■■■■■■■■■■■■■■■■■■■■■■■■■■■■■■■■■■■■■■■■■■■■■■■■■■■■■■■■■■■■■■■■■■■■■■■■■■■■■■■■| 100% of 186.8 MiB
client	Browser compatibility and Rust-server WebSocket E2E	2026-10-06T19:56:39.3081444Z Chrome for Testing 153.0.8010.12 (playwright chromium v1243) downloaded to /home/runner/.cache/ms-playwright/chromium-1243
client	Browser compatibility and Rust-server WebSocket E2E	2026-10-06T19:56:39.3085595Z Downloading FFmpeg (playwright ffmpeg v1011) from https://cdn.playwright.dev/dbazure/download/playwright/builds/ffmpeg/1011/ffmpeg-linux.zip
client	Browser compatibility and Rust-server WebSocket E2E	2026-10-06T19:56:39.6665321Z |                                                                                |   0% of 2.3 MiB
client	Browser compatibility and Rust-server WebSocket E2E	2026-10-06T19:56:39.6758664Z |■■■■■■■■                                                                        |  10% of 2.3 MiB
client	Browser compatibility and Rust-server WebSocket E2E	2026-10-06T19:56:39.6819028Z |■■■■■■■■■■■■■■■■                                                                |  20% of 2.3 MiB
client	Browser compatibility and Rust-server WebSocket E2E	2026-10-06T19:56:39.6856407Z |■■■■■■■■■■■■■■■■■■■■■■■■                                                        |  30% of 2.3 MiB
client	Browser compatibility and Rust-server WebSocket E2E	2026-10-06T19:56:39.6896412Z |■■■■■■■■■■■■■■■■■■■■■■■■■■■■■■■■                                                |  40% of 2.3 MiB
client	Browser compatibility and Rust-server WebSocket E2E	2026-10-06T19:56:39.6931731Z |■■■■■■■■■■■■■■■■■■■■■■■■■■■■■■■■■■■■■■■■                                        |  50% of 2.3 MiB
client	Browser compatibility and Rust-server WebSocket E2E	2026-10-06T19:56:39.6954188Z |■■■■■■■■■■■■■■■■■■■■■■■■■■■■■■■■■■■■■■■■■■■■■■■■                                |  60% of 2.3 MiB
client	Browser compatibility and Rust-server WebSocket E2E	2026-10-06T19:56:39.6967882Z |■■■■■■■■■■■■■■■■■■■■■■■■■■■■■■■■■■■■■■■■■■■■■■■■■■■■■■■■                        |  70% of 2.3 MiB
client	Browser compatibility and Rust-server WebSocket E2E	2026-10-06T19:56:39.6989130Z |■■■■■■■■■■■■■■■■■■■■■■■■■■■■■■■■■■■■■■■■■■■■■■■■■■■■■■■■■■■■■■■■                |  80% of 2.3 MiB
client	Browser compatibility and Rust-server WebSocket E2E	2026-10-06T19:56:39.7004538Z |■■■■■■■■■■■■■■■■■■■■■■■■■■■■■■■■■■■■■■■■■■■■■■■■■■■■■■■■■■■■■■■■■■■■■■■■        |  90% of 2.3 MiB
client	Browser compatibility and Rust-server WebSocket E2E	2026-10-06T19:56:39.7014229Z |■■■■■■■■■■■■■■■■■■■■■■■■■■■■■■■■■■■■■■■■■■■■■■■■■■■■■■■■■■■■■■■■■■■■■■■■■■■■■■■■| 100% of 2.3 MiB
client	Browser compatibility and Rust-server WebSocket E2E	2026-10-06T19:56:39.7516818Z FFmpeg (playwright ffmpeg v1011) downloaded to /home/runner/.cache/ms-playwright/ffmpeg-1011
client	Browser compatibility and Rust-server WebSocket E2E	2026-10-06T19:56:39.7519991Z Downloading Chrome Headless Shell 153.0.8010.12 (playwright chromium-headless-shell v1243) from https://cdn.playwright.dev/builds/cft/153.0.8010.12/linux64/chrome-headless-shell-linux64.zip
client	Browser compatibility and Rust-server WebSocket E2E	2026-10-06T19:56:40.1411986Z |                                                                                |   0% of 114.3 MiB
client	Browser compatibility and Rust-server WebSocket E2E	2026-10-06T19:56:40.2861710Z |■■■■■■■■                                                                        |  10% of 114.3 MiB
client	Browser compatibility and Rust-server WebSocket E2E	2026-10-06T19:56:40.3451435Z |■■■■■■■■■■■■■■■■                                                                |  20% of 114.3 MiB
client	Browser compatibility and Rust-server WebSocket E2E	2026-10-06T19:56:40.3843140Z |■■■■■■■■■■■■■■■■■■■■■■■■                                                        |  30% of 114.3 MiB
client	Browser compatibility and Rust-server WebSocket E2E	2026-10-06T19:56:40.4309976Z |■■■■■■■■■■■■■■■■■■■■■■■■■■■■■■■■                                                |  40% of 114.3 MiB
client	Browser compatibility and Rust-server WebSocket E2E	2026-10-06T19:56:40.4849867Z |■■■■■■■■■■■■■■■■■■■■■■■■■■■■■■■■■■■■■■■■                                        |  50% of 114.3 MiB
client	Browser compatibility and Rust-server WebSocket E2E	2026-10-06T19:56:40.5169380Z |■■■■■■■■■■■■■■■■■■■■■■■■■■■■■■■■■■■■■■■■■■■■■■■■                                |  60% of 114.3 MiB
client	Browser compatibility and Rust-server WebSocket E2E	2026-10-06T19:56:40.5482466Z |■■■■■■■■■■■■■■■■■■■■■■■■■■■■■■■■■■■■■■■■■■■■■■■■■■■■■■■■                        |  70% of 114.3 MiB
client	Browser compatibility and Rust-server WebSocket E2E	2026-10-06T19:56:40.5996293Z |■■■■■■■■■■■■■■■■■■■■■■■■■■■■■■■■■■■■■■■■■■■■■■■■■■■■■■■■■■■■■■■■                |  80% of 114.3 MiB
client	Browser compatibility and Rust-server WebSocket E2E	2026-10-06T19:56:40.6308486Z |■■■■■■■■■■■■■■■■■■■■■■■■■■■■■■■■■■■■■■■■■■■■■■■■■■■■■■■■■■■■■■■■■■■■■■■■        |  90% of 114.3 MiB
client	Browser compatibility and Rust-server WebSocket E2E	2026-10-06T19:56:40.6637460Z |■■■■■■■■■■■■■■■■■■■■■■■■■■■■■■■■■■■■■■■■■■■■■■■■■■■■■■■■■■■■■■■■■■■■■■■■■■■■■■■■| 100% of 114.3 MiB
client	Browser compatibility and Rust-server WebSocket E2E	2026-10-06T19:56:42.6965955Z Chrome Headless Shell 153.0.8010.12 (playwright chromium-headless-shell v1243) downloaded to /home/runner/.cache/ms-playwright/chromium_headless_shell-1243
client	Browser compatibility and Rust-server WebSocket E2E	2026-10-06T19:56:42.6969067Z Downloading Firefox 155.0 (playwright firefox v1543) from https://cdn.playwright.dev/dbazure/download/playwright/builds/firefox/1543/firefox-ubuntu-24.04.zip
client	Browser compatibility and Rust-server WebSocket E2E	2026-10-06T19:56:43.0816313Z |                                                                                |   0% of 109.5 MiB
client	Browser compatibility and Rust-server WebSocket E2E	2026-10-06T19:56:43.3274146Z |■■■■■■■■                                                                        |  10% of 109.5 MiB
client	Browser compatibility and Rust-server WebSocket E2E	2026-10-06T19:56:43.4036950Z |■■■■■■■■■■■■■■■■                                                                |  20% of 109.5 MiB
client	Browser compatibility and Rust-server WebSocket E2E	2026-10-06T19:56:43.5090411Z |■■■■■■■■■■■■■■■■■■■■■■■■                                                        |  30% of 109.5 MiB
client	Browser compatibility and Rust-server WebSocket E2E	2026-10-06T19:56:43.7041119Z |■■■■■■■■■■■■■■■■■■■■■■■■■■■■■■■■                                                |  40% of 109.5 MiB
client	Browser compatibility and Rust-server WebSocket E2E	2026-10-06T19:56:43.9711255Z |■■■■■■■■■■■■■■■■■■■■■■■■■■■■■■■■■■■■■■■■                                        |  50% of 109.5 MiB
client	Browser compatibility and Rust-server WebSocket E2E	2026-10-06T19:56:44.1262114Z |■■■■■■■■■■■■■■■■■■■■■■■■■■■■■■■■■■■■■■■■■■■■■■■■                                |  60% of 109.5 MiB
client	Browser compatibility and Rust-server WebSocket E2E	2026-10-06T19:56:44.3403235Z |■■■■■■■■■■■■■■■■■■■■■■■■■■■■■■■■■■■■■■■■■■■■■■■■■■■■■■■■                        |  70% of 109.5 MiB
client	Browser compatibility and Rust-server WebSocket E2E	2026-10-06T19:56:44.6023652Z |■■■■■■■■■■■■■■■■■■■■■■■■■■■■■■■■■■■■■■■■■■■■■■■■■■■■■■■■■■■■■■■■                |  80% of 109.5 MiB
client	Browser compatibility and Rust-server WebSocket E2E	2026-10-06T19:56:44.9359876Z |■■■■■■■■■■■■■■■■■■■■■■■■■■■■■■■■■■■■■■■■■■■■■■■■■■■■■■■■■■■■■■■■■■■■■■■■        |  90% of 109.5 MiB
client	Browser compatibility and Rust-server WebSocket E2E	2026-10-06T19:56:45.2069556Z |■■■■■■■■■■■■■■■■■■■■■■■■■■■■■■■■■■■■■■■■■■■■■■■■■■■■■■■■■■■■■■■■■■■■■■■■■■■■■■■■| 100% of 109.5 MiB
client	Browser compatibility and Rust-server WebSocket E2E	2026-10-06T19:56:47.2346129Z Firefox 155.0 (playwright firefox v1543) downloaded to /home/runner/.cache/ms-playwright/firefox-1543
client	Browser compatibility and Rust-server WebSocket E2E	2026-10-06T19:56:47.2349683Z Downloading WebKit 26.6 (playwright webkit v2359) from https://cdn.playwright.dev/dbazure/download/playwright/builds/webkit/2359/webkit-ubuntu-24.04.zip
client	Browser compatibility and Rust-server WebSocket E2E	2026-10-06T19:56:47.6389967Z |                                                                                |   0% of 102.3 MiB
client	Browser compatibility and Rust-server WebSocket E2E	2026-10-06T19:56:47.7132202Z |■■■■■■■■                                                                        |  10% of 102.3 MiB
client	Browser compatibility and Rust-server WebSocket E2E	2026-10-06T19:56:47.7821430Z |■■■■■■■■■■■■■■■■                                                                |  20% of 102.3 MiB
client	Browser compatibility and Rust-server WebSocket E2E	2026-10-06T19:56:47.8171471Z |■■■■■■■■■■■■■■■■■■■■■■■■                                                        |  30% of 102.3 MiB
client	Browser compatibility and Rust-server WebSocket E2E	2026-10-06T19:56:47.8713076Z |■■■■■■■■■■■■■■■■■■■■■■■■■■■■■■■■                                                |  40% of 102.3 MiB
client	Browser compatibility and Rust-server WebSocket E2E	2026-10-06T19:56:47.9274909Z |■■■■■■■■■■■■■■■■■■■■■■■■■■■■■■■■■■■■■■■■                                        |  50% of 102.3 MiB
client	Browser compatibility and Rust-server WebSocket E2E	2026-10-06T19:56:47.9658791Z |■■■■■■■■■■■■■■■■■■■■■■■■■■■■■■■■■■■■■■■■■■■■■■■■                                |  60% of 102.3 MiB
client	Browser compatibility and Rust-server WebSocket E2E	2026-10-06T19:56:47.9936363Z |■■■■■■■■■■■■■■■■■■■■■■■■■■■■■■■■■■■■■■■■■■■■■■■■■■■■■■■■                        |  70% of 102.3 MiB
client	Browser compatibility and Rust-server WebSocket E2E	2026-10-06T19:56:48.0425725Z |■■■■■■■■■■■■■■■■■■■■■■■■■■■■■■■■■■■■■■■■■■■■■■■■■■■■■■■■■■■■■■■■                |  80% of 102.3 MiB
client	Browser compatibility and Rust-server WebSocket E2E	2026-10-06T19:56:48.2499026Z |■■■■■■■■■■■■■■■■■■■■■■■■■■■■■■■■■■■■■■■■■■■■■■■■■■■■■■■■■■■■■■■■■■■■■■■■        |  90% of 102.3 MiB
client	Browser compatibility and Rust-server WebSocket E2E	2026-10-06T19:56:48.2837498Z |■■■■■■■■■■■■■■■■■■■■■■■■■■■■■■■■■■■■■■■■■■■■■■■■■■■■■■■■■■■■■■■■■■■■■■■■■■■■■■■■| 100% of 102.3 MiB
client	Browser compatibility and Rust-server WebSocket E2E	2026-10-06T19:56:50.1759292Z WebKit 26.6 (playwright webkit v2359) downloaded to /home/runner/.cache/ms-playwright/webkit-2359
client	Browser compatibility and Rust-server WebSocket E2E	2026-10-06T19:56:50.8300273Z
client	Browser compatibility and Rust-server WebSocket E2E	2026-10-06T19:56:50.8301072Z > openhoi-client@0.1.0 test:e2e
client	Browser compatibility and Rust-server WebSocket E2E	2026-10-06T19:56:50.8301530Z > playwright test
client	Browser compatibility and Rust-server WebSocket E2E	2026-10-06T19:56:50.8301679Z
client	Browser compatibility and Rust-server WebSocket E2E	2026-10-06T19:56:51.7888643Z
client	Browser compatibility and Rust-server WebSocket E2E	2026-10-06T19:56:51.7889289Z Running 36 tests using 2 workers
client	Browser compatibility and Rust-server WebSocket E2E	2026-10-06T19:57:24.6218566Z ····································
client	Browser compatibility and Rust-server WebSocket E2E	2026-10-06T19:57:24.6223205Z   36 passed (33.1s)
client	Actual M1 panels, ownership/control, ledger and malformed wire E2E	﻿2026-10-06T19:57:24.6421088Z ##[group]Run npm run test:e2e -- --config playwright.m1.config.ts --project chromium --project webkit
client	Actual M1 panels, ownership/control, ledger and malformed wire E2E	2026-10-06T19:57:24.6422236Z [36;1mnpm run test:e2e -- --config playwright.m1.config.ts --project chromium --project webkit[0m
client	Actual M1 panels, ownership/control, ledger and malformed wire E2E	2026-10-06T19:57:24.6478319Z shell: /usr/bin/bash -e {0}
client	Actual M1 panels, ownership/control, ledger and malformed wire E2E	2026-10-06T19:57:24.6478756Z env:
client	Actual M1 panels, ownership/control, ledger and malformed wire E2E	2026-10-06T19:57:24.6479096Z   OH_TEST_PORT: 19412
client	Actual M1 panels, ownership/control, ledger and malformed wire E2E	2026-10-06T19:57:24.6479481Z   OH_E2E_EVIDENCE: ../target/wp09/ci/m1-e2e
client	Actual M1 panels, ownership/control, ledger and malformed wire E2E	2026-10-06T19:57:24.6479992Z   OH_MALFORMED_EVIDENCE: ../target/wp09/ci/m1-malformed
client	Actual M1 panels, ownership/control, ledger and malformed wire E2E	2026-10-06T19:57:24.6480480Z ##[endgroup]
client	Actual M1 panels, ownership/control, ledger and malformed wire E2E	2026-10-06T19:57:24.8301845Z
client	Actual M1 panels, ownership/control, ledger and malformed wire E2E	2026-10-06T19:57:24.8302643Z > openhoi-client@0.1.0 test:e2e
client	Actual M1 panels, ownership/control, ledger and malformed wire E2E	2026-10-06T19:57:24.8303292Z > playwright test --config playwright.m1.config.ts --project chromium --project webkit
client	Actual M1 panels, ownership/control, ledger and malformed wire E2E	2026-10-06T19:57:24.8303655Z
client	Actual M1 panels, ownership/control, ledger and malformed wire E2E	2026-10-06T19:57:25.9916782Z
client	Actual M1 panels, ownership/control, ledger and malformed wire E2E	2026-10-06T19:57:25.9917419Z Running 82 tests using 1 worker
client	Actual M1 panels, ownership/control, ledger and malformed wire E2E	2026-10-06T20:00:50.8644597Z ··TF············································································
client	Actual M1 panels, ownership/control, ledger and malformed wire E2E	2026-10-06T20:00:51.7706956Z ··
client	Actual M1 panels, ownership/control, ledger and malformed wire E2E	2026-10-06T20:00:51.7715850Z
client	Actual M1 panels, ownership/control, ledger and malformed wire E2E	2026-10-06T20:00:51.7725066Z   1) [chromium] › e2e-m1/map-dpr.spec.ts:7:33 › REQ-PLAT-03 DPR surface preserves display and authority preferred
client	Actual M1 panels, ownership/control, ledger and malformed wire E2E	2026-10-06T20:00:51.7725792Z
client	Actual M1 panels, ownership/control, ledger and malformed wire E2E	2026-10-06T20:00:51.7726021Z     Test timeout of 30000ms exceeded.
client	Actual M1 panels, ownership/control, ledger and malformed wire E2E	2026-10-06T20:00:51.7726301Z
client	Actual M1 panels, ownership/control, ledger and malformed wire E2E	2026-10-06T20:00:51.7726515Z     Error: locator.evaluate: Test ended.
client	Actual M1 panels, ownership/control, ledger and malformed wire E2E	2026-10-06T20:00:51.7726877Z
client	Actual M1 panels, ownership/control, ledger and malformed wire E2E	2026-10-06T20:00:51.7730099Z       35 |  await page.mouse.move(box.x+box.width/2,box.y+box.height/2);await page.mouse.wheel(0,-200);await expect.poll(async()=>(await cam()).zoom).toBeGreaterThan(1);await page.mouse.down();await page.mouse.move(box.x+box.width/2+20,box.y+box.height/2+10,{steps:4});await page.mouse.up();await page.mouse.move(0,0);
client	Actual M1 panels, ownership/control, ledger and malformed wire E2E	2026-10-06T20:00:51.7733480Z       36 |  const saved=await cam(),authority={tick:await page.getByTestId('tick').textContent(),date:await page.getByTestId('date').textContent(),hour:await page.getByTestId('hour').textContent()},backend=await map.getAttribute('data-backend'),cdp=browserName==='chromium'?await context.newCDPSession(page):null;
client	Actual M1 panels, ownership/control, ledger and malformed wire E2E	2026-10-06T20:00:51.7736626Z     > 37 |  const buffer=()=>map.locator('canvas').evaluate((c:HTMLCanvasElement)=>({width:c.width,height:c.height,expectedWidth:Math.floor(c.clientWidth*devicePixelRatio),expectedHeight:Math.floor(c.clientHeight*devicePixelRatio)}));
client	Actual M1 panels, ownership/control, ledger and malformed wire E2E	2026-10-06T20:00:51.7739017Z          |                                         ^
client	Actual M1 panels, ownership/control, ledger and malformed wire E2E	2026-10-06T20:00:51.7739608Z       38 |  for(const dpr of cdp?[2,1.5,1,2,1.5,1]:[2]){
client	Actual M1 panels, ownership/control, ledger and malformed wire E2E	2026-10-06T20:00:51.7740902Z       39 |   const old=await map.locator('canvas').elementHandle();if(cdp)await cdp.send('Emulation.setDeviceMetricsOverride',{width:1280,height:720,deviceScaleFactor:dpr,mobile:false});
client	Actual M1 panels, ownership/control, ledger and malformed wire E2E	2026-10-06T20:00:51.7742233Z       40 |   await expect.poll(()=>page.evaluate(()=>devicePixelRatio)).toBe(dpr);
client	Actual M1 panels, ownership/control, ledger and malformed wire E2E	2026-10-06T20:00:51.7743206Z         at buffer (/home/runner/work/OpenHOI4/OpenHOI4/client/e2e-m1/map-dpr.spec.ts:37:41)
client	Actual M1 panels, ownership/control, ledger and malformed wire E2E	2026-10-06T20:00:51.7744226Z         at /home/runner/work/OpenHOI4/OpenHOI4/client/e2e-m1/map-dpr.spec.ts:56:128
client	Actual M1 panels, ownership/control, ledger and malformed wire E2E	2026-10-06T20:00:51.7744715Z
client	Actual M1 panels, ownership/control, ledger and malformed wire E2E	2026-10-06T20:00:51.7745438Z     Error Context: test-results/map-dpr-REQ-PLAT-03-DPR-su-1d887-lay-and-authority-preferred-chromium/error-context.md
client	Actual M1 panels, ownership/control, ledger and malformed wire E2E	2026-10-06T20:00:51.7746237Z
client	Actual M1 panels, ownership/control, ledger and malformed wire E2E	2026-10-06T20:00:51.7747074Z   2) [chromium] › e2e-m1/map-dpr.spec.ts:7:33 › REQ-PLAT-03 DPR surface preserves display and authority forced GL
client	Actual M1 panels, ownership/control, ledger and malformed wire E2E	2026-10-06T20:00:51.7747745Z
client	Actual M1 panels, ownership/control, ledger and malformed wire E2E	2026-10-06T20:00:51.7748140Z     Error: Test timeout of 30000ms exceeded
client	Actual M1 panels, ownership/control, ledger and malformed wire E2E	2026-10-06T20:00:51.7748451Z
client	Actual M1 panels, ownership/control, ledger and malformed wire E2E	2026-10-06T20:00:51.7748599Z       57 |  }
client	Actual M1 panels, ownership/control, ledger and malformed wire E2E	2026-10-06T20:00:51.7749163Z       58 |  await cdp?.detach();expect(metadata).toBe(1);expect(index).toBe(1);
client	Actual M1 panels, ownership/control, ledger and malformed wire E2E	2026-10-06T20:00:51.7751147Z     > 59 |  reload=true;await page.getByTestId('speed-3').click();await expect(page.getByRole('alert').filter({hasText:'Map data'})).toContainText('Map data');await expect(map.locator('canvas')).toHaveCount(0);await expect.poll(life).toEqual({media:0,listeners:0,observers:0,rafs:0});
client	Actual M1 panels, ownership/control, ledger and malformed wire E2E	2026-10-06T20:00:51.7753576Z          |                                                                                                                                                                                                                                ^
client	Actual M1 panels, ownership/control, ledger and malformed wire E2E	2026-10-06T20:00:51.7755691Z       60 |  await expect(page.getByTestId('selected-province')).toHaveText('30');await expect(page.getByTestId('state-panel').locator('.ledger-value strong')).toHaveText('0');for(const [key,value] of Object.entries(authority))await expect(page.getByTestId(key)).toHaveText(value!);expect(errors).toEqual([]);
client	Actual M1 panels, ownership/control, ledger and malformed wire E2E	2026-10-06T20:00:51.7760255Z       61 |  }finally{writeFileSync(`${evidence}/${info.project.name}-${force}.json`,JSON.stringify({browser:browser.version(),scope:browserName==='chromium'?'live CDP DPR1↔2, fixed CSS box':'native DPR2 creation only; live CDP unavailable',steps,errors,resources:await page.evaluate(()=>(window as unknown as {__dprLife?:()=>unknown}).__dprLife?.()).catch(()=>null),surface:await map.evaluate(host=>{const canvas=host.querySelector('canvas');return {dpr:devicePixelRatio,resolution1:matchMedia('(resolution: 1dppx)').matches,resolution2:matchMedia('(resolution: 2dppx)').matches,canvas:canvas?{width:canvas.width,height:canvas.height,cssWidth:canvas.clientWidth,cssHeight:canvas.clientHeight}:null,dataset:{...host.dataset}};}).catch(()=>null)},null,2));await context.close();}
client	Actual M1 panels, ownership/control, ledger and malformed wire E2E	2026-10-06T20:00:51.7763009Z       62 | });
client	Actual M1 panels, ownership/control, ledger and malformed wire E2E	2026-10-06T20:00:51.7763630Z         at /home/runner/work/OpenHOI4/OpenHOI4/client/e2e-m1/map-dpr.spec.ts:59:224
client	Actual M1 panels, ownership/control, ledger and malformed wire E2E	2026-10-06T20:00:51.7764151Z
client	Actual M1 panels, ownership/control, ledger and malformed wire E2E	2026-10-06T20:00:51.7764900Z     Error Context: test-results/map-dpr-REQ-PLAT-03-DPR-su-d0353-lay-and-authority-forced-GL-chromium/error-context.md
client	Actual M1 panels, ownership/control, ledger and malformed wire E2E	2026-10-06T20:00:51.7765708Z
client	Actual M1 panels, ownership/control, ledger and malformed wire E2E	2026-10-06T20:00:51.7765840Z   2 failed
client	Actual M1 panels, ownership/control, ledger and malformed wire E2E	2026-10-06T20:00:51.7766713Z     [chromium] › e2e-m1/map-dpr.spec.ts:7:33 › REQ-PLAT-03 DPR surface preserves display and authority preferred
client	Actual M1 panels, ownership/control, ledger and malformed wire E2E	2026-10-06T20:00:51.7768089Z     [chromium] › e2e-m1/map-dpr.spec.ts:7:33 › REQ-PLAT-03 DPR surface preserves display and authority forced GL
client	Actual M1 panels, ownership/control, ledger and malformed wire E2E	2026-10-06T20:00:51.7768847Z   80 passed (3.4m)
client	Actual M1 panels, ownership/control, ledger and malformed wire E2E	2026-10-06T20:00:51.7903424Z ##[error]Process completed with exit code 1.
client	Upload protocol and browser evidence	﻿2026-10-06T20:00:51.7988324Z ##[group]Run actions/upload-artifact@043fb46d1a93c77aae656e7c1c64a875d1fc6a0a
client	Upload protocol and browser evidence	2026-10-06T20:00:51.7988738Z with:
client	Upload protocol and browser evidence	2026-10-06T20:00:51.7988989Z   name: wp05-protocol-browser-evidence
client	Upload protocol and browser evidence	2026-10-06T20:00:51.7989490Z   path: target/wp05/
client	Upload protocol and browser evidence	target/wp09/
client	Upload protocol and browser evidence	target/wp08/
client	Upload protocol and browser evidence	client/test-results/
client	Upload protocol and browser evidence
client	Upload protocol and browser evidence	2026-10-06T20:00:51.7989851Z   if-no-files-found: error
client	Upload protocol and browser evidence	2026-10-06T20:00:51.7990114Z   archive: true
client	Upload protocol and browser evidence	2026-10-06T20:00:51.7990331Z   compression-level: 6
client	Upload protocol and browser evidence	2026-10-06T20:00:51.7990561Z   overwrite: false
client	Upload protocol and browser evidence	2026-10-06T20:00:51.7990782Z   include-hidden-files: false
client	Upload protocol and browser evidence	2026-10-06T20:00:51.7991025Z ##[endgroup]
client	Upload protocol and browser evidence	2026-10-06T20:00:51.9573754Z Multiple search paths detected. Calculating the least common ancestor of all paths
client	Upload protocol and browser evidence	2026-10-06T20:00:51.9575867Z The least common ancestor is /home/runner/work/OpenHOI4/OpenHOI4. This will be the root directory of the artifact
client	Upload protocol and browser evidence	2026-10-06T20:00:51.9576918Z With the provided path, there will be 169 files uploaded
client	Upload protocol and browser evidence	2026-10-06T20:00:51.9581428Z Artifact name is valid!
client	Upload protocol and browser evidence	2026-10-06T20:00:51.9582097Z Root directory input is valid!
client	Upload protocol and browser evidence	2026-10-06T20:00:52.3406445Z Uploading artifact: wp05-protocol-browser-evidence.zip
client	Upload protocol and browser evidence	2026-10-06T20:00:52.3444388Z Beginning upload of artifact content to blob storage
client	Upload protocol and browser evidence	2026-10-06T20:00:53.3269084Z Uploaded bytes 2781949
client	Upload protocol and browser evidence	2026-10-06T20:00:53.3993665Z Finished uploading artifact content to blob storage!
client	Upload protocol and browser evidence	2026-10-06T20:00:53.3995042Z SHA256 digest of uploaded artifact is 2a3cd2e7231b769c3dda8ae4bf79b3133000d25301429a7533ea0b9912b98a0a
client	Upload protocol and browser evidence	2026-10-06T20:00:53.3996125Z Finalizing artifact upload
client	Upload protocol and browser evidence	2026-10-06T20:00:53.8569830Z Artifact wp05-protocol-browser-evidence successfully finalized. Artifact ID 11440549215
client	Upload protocol and browser evidence	2026-10-06T20:00:53.8570937Z Artifact wp05-protocol-browser-evidence has been successfully uploaded! Final size is 2781949 bytes. Artifact ID is 11440549215
client	Upload protocol and browser evidence	2026-10-06T20:00:53.8574121Z Artifact download URL: https://github.com/peppone-choi/OpenHOI4/actions/runs/37522389014/artifacts/11440549215
client	Post Run actions/checkout@v7.0.1	﻿2026-10-06T20:00:53.8754249Z Post job cleanup.
client	Post Run actions/checkout@v7.0.1	2026-10-06T20:00:53.9544049Z [command]/usr/bin/git version
client	Post Run actions/checkout@v7.0.1	2026-10-06T20:00:53.9577735Z git version 2.55.0
client	Post Run actions/checkout@v7.0.1	2026-10-06T20:00:53.9616725Z Temporarily overriding HOME='/home/runner/work/_temp/2e90b549-5786-4740-942a-6d2413b3be8a' before making global git config changes
client	Post Run actions/checkout@v7.0.1	2026-10-06T20:00:53.9618291Z Adding repository directory to the temporary git global config as a safe directory
client	Post Run actions/checkout@v7.0.1	2026-10-06T20:00:53.9621375Z [command]/usr/bin/git config --global --add safe.directory /home/runner/work/OpenHOI4/OpenHOI4
client	Post Run actions/checkout@v7.0.1	2026-10-06T20:00:53.9648648Z Removing SSH command configuration
client	Post Run actions/checkout@v7.0.1	2026-10-06T20:00:53.9654634Z [command]/usr/bin/git config --local --name-only --get-regexp core\.sshCommand
client	Post Run actions/checkout@v7.0.1	2026-10-06T20:00:53.9682613Z [command]/usr/bin/git submodule foreach --recursive sh -c "git config --local --name-only --get-regexp 'core\.sshCommand' && git config --local --unset-all 'core.sshCommand' || :"
client	Post Run actions/checkout@v7.0.1	2026-10-06T20:00:53.9861811Z Removing HTTP extra header
client	Post Run actions/checkout@v7.0.1	2026-10-06T20:00:53.9866534Z [command]/usr/bin/git config --local --name-only --get-regexp http\.https\:\/\/github\.com\/\.extraheader
client	Post Run actions/checkout@v7.0.1	2026-10-06T20:00:53.9894442Z [command]/usr/bin/git submodule foreach --recursive sh -c "git config --local --name-only --get-regexp 'http\.https\:\/\/github\.com\/\.extraheader' && git config --local --unset-all 'http.https://github.com/.extraheader' || :"
client	Post Run actions/checkout@v7.0.1	2026-10-06T20:00:54.0069648Z Removing includeIf entries pointing to credentials config files
client	Post Run actions/checkout@v7.0.1	2026-10-06T20:00:54.0074549Z [command]/usr/bin/git config --local --name-only --get-regexp ^includeIf\.gitdir:
client	Post Run actions/checkout@v7.0.1	2026-10-06T20:00:54.0099369Z includeif.gitdir:/home/runner/work/OpenHOI4/OpenHOI4/.git.path
client	Post Run actions/checkout@v7.0.1	2026-10-06T20:00:54.0100081Z includeif.gitdir:/home/runner/work/OpenHOI4/OpenHOI4/.git/worktrees/*.path
client	Post Run actions/checkout@v7.0.1	2026-10-06T20:00:54.0100644Z includeif.gitdir:/github/workspace/.git.path
client	Post Run actions/checkout@v7.0.1	2026-10-06T20:00:54.0101117Z includeif.gitdir:/github/workspace/.git/worktrees/*.path
client	Post Run actions/checkout@v7.0.1	2026-10-06T20:00:54.0107110Z [command]/usr/bin/git config --local --get-all includeif.gitdir:/home/runner/work/OpenHOI4/OpenHOI4/.git.path
client	Post Run actions/checkout@v7.0.1	2026-10-06T20:00:54.0124915Z /home/runner/work/_temp/git-credentials-bf41d1d1-c22c-4d77-b0b6-2ddcee4fb448.config
client	Post Run actions/checkout@v7.0.1	2026-10-06T20:00:54.0133872Z [command]/usr/bin/git config --local --unset includeif.gitdir:/home/runner/work/OpenHOI4/OpenHOI4/.git.path \/home\/runner\/work\/_temp\/git\-credentials\-bf41d1d1\-c22c\-4d77\-b0b6\-2ddcee4fb448\.config
client	Post Run actions/checkout@v7.0.1	2026-10-06T20:00:54.0161353Z [command]/usr/bin/git config --local --get-all includeif.gitdir:/home/runner/work/OpenHOI4/OpenHOI4/.git/worktrees/*.path
client	Post Run actions/checkout@v7.0.1	2026-10-06T20:00:54.0179027Z /home/runner/work/_temp/git-credentials-bf41d1d1-c22c-4d77-b0b6-2ddcee4fb448.config
client	Post Run actions/checkout@v7.0.1	2026-10-06T20:00:54.0222109Z [command]/usr/bin/git config --local --unset includeif.gitdir:/home/runner/work/OpenHOI4/OpenHOI4/.git/worktrees/*.path \/home\/runner\/work\/_temp\/git\-credentials\-bf41d1d1\-c22c\-4d77\-b0b6\-2ddcee4fb448\.config
client	Post Run actions/checkout@v7.0.1	2026-10-06T20:00:54.0247349Z [command]/usr/bin/git config --local --get-all includeif.gitdir:/github/workspace/.git.path
client	Post Run actions/checkout@v7.0.1	2026-10-06T20:00:54.0264461Z /github/runner_temp/git-credentials-bf41d1d1-c22c-4d77-b0b6-2ddcee4fb448.config
client	Post Run actions/checkout@v7.0.1	2026-10-06T20:00:54.0269964Z [command]/usr/bin/git config --local --unset includeif.gitdir:/github/workspace/.git.path \/github\/runner_temp\/git\-credentials\-bf41d1d1\-c22c\-4d77\-b0b6\-2ddcee4fb448\.config
client	Post Run actions/checkout@v7.0.1	2026-10-06T20:00:54.0294516Z [command]/usr/bin/git config --local --get-all includeif.gitdir:/github/workspace/.git/worktrees/*.path
client	Post Run actions/checkout@v7.0.1	2026-10-06T20:00:54.0311048Z /github/runner_temp/git-credentials-bf41d1d1-c22c-4d77-b0b6-2ddcee4fb448.config
client	Post Run actions/checkout@v7.0.1	2026-10-06T20:00:54.0318619Z [command]/usr/bin/git config --local --unset includeif.gitdir:/github/workspace/.git/worktrees/*.path \/github\/runner_temp\/git\-credentials\-bf41d1d1\-c22c\-4d77\-b0b6\-2ddcee4fb448\.config
client	Post Run actions/checkout@v7.0.1	2026-10-06T20:00:54.0344485Z [command]/usr/bin/git submodule foreach --recursive git config --local --show-origin --name-only --get-regexp remote.origin.url
client	Post Run actions/checkout@v7.0.1	2026-10-06T20:00:54.0519707Z Removing credentials config '/home/runner/work/_temp/git-credentials-bf41d1d1-c22c-4d77-b0b6-2ddcee4fb448.config'
client	Complete job	﻿2026-10-06T20:00:54.0724266Z Cleaning up orphan processes
