2026-10-06T18:46:21.6235270Z Current runner version: '2.337.0'
2026-10-06T18:46:21.6256668Z ##[group]Runner Image Provisioner
2026-10-06T18:46:21.6257483Z Hosted Compute Agent
2026-10-06T18:46:21.6257945Z Version: 20260901.588
2026-10-06T18:46:21.6258986Z Commit: f88ec8081b781fac6c440065ac7ff9e710ce3d0b
2026-10-06T18:46:21.6259602Z Build Date: 2026-09-01T19:56:44Z
2026-10-06T18:46:21.6260198Z Worker ID: {c30fbb4c-dd09-42c7-9272-213f04b6ec9b}
2026-10-06T18:46:21.6260834Z Azure Region: westus
2026-10-06T18:46:21.6261320Z ##[endgroup]
2026-10-06T18:46:21.6262607Z ##[group]Operating System
2026-10-06T18:46:21.6263164Z Ubuntu
2026-10-06T18:46:21.6263692Z 24.04.5
2026-10-06T18:46:21.6264174Z LTS
2026-10-06T18:46:21.6264718Z ##[endgroup]
2026-10-06T18:46:21.6265228Z ##[group]Runner Image
2026-10-06T18:46:21.6265746Z Image: ubuntu-24.04
2026-10-06T18:46:21.6266218Z Version: 20260927.320.1
2026-10-06T18:46:21.6267351Z Included Software: https://github.com/actions/runner-images/blob/ubuntu24/20260927.320/images/ubuntu/Ubuntu2404-Readme.md
2026-10-06T18:46:21.6268761Z Image Release: https://github.com/actions/runner-images/releases/tag/ubuntu24%2F20260927.320
2026-10-06T18:46:21.6269573Z ##[endgroup]
2026-10-06T18:46:21.6270567Z ##[group]GITHUB_TOKEN Permissions
2026-10-06T18:46:21.6272316Z Contents: read
2026-10-06T18:46:21.6272811Z Metadata: read
2026-10-06T18:46:21.6273369Z ##[endgroup]
2026-10-06T18:46:21.6275131Z Secret source: Actions
2026-10-06T18:46:21.6276025Z Cache mode: write
2026-10-06T18:46:21.6276610Z Prepare workflow directory
2026-10-06T18:46:21.6537200Z Prepare all required actions
2026-10-06T18:46:21.6575942Z Getting action download info
2026-10-06T18:46:22.0104499Z Download action repository 'actions/checkout@v7.0.1' (SHA:3d3c42e5aac5ba805825da76410c181273ba90b1)
2026-10-06T18:46:22.2637427Z Download action repository 'actions/setup-node@v7.0.0' (SHA:820762786026740c76f36085b0efc47a31fe5020)
2026-10-06T18:46:22.4900540Z Download action repository 'actions/upload-artifact@043fb46d1a93c77aae656e7c1c64a875d1fc6a0a' (SHA:043fb46d1a93c77aae656e7c1c64a875d1fc6a0a)
2026-10-06T18:46:22.8554227Z Complete job name: client
2026-10-06T18:46:22.9400250Z ##[group]Run actions/checkout@v7.0.1
2026-10-06T18:46:22.9401567Z with:
2026-10-06T18:46:22.9402317Z   repository: peppone-choi/OpenHOI4
2026-10-06T18:46:22.9410847Z   token: ***
2026-10-06T18:46:22.9411360Z   ssh-strict: true
2026-10-06T18:46:22.9411849Z   ssh-user: git
2026-10-06T18:46:22.9412346Z   persist-credentials: true
2026-10-06T18:46:22.9412903Z   clean: true
2026-10-06T18:46:22.9413391Z   sparse-checkout-cone-mode: true
2026-10-06T18:46:22.9414003Z   fetch-depth: 1
2026-10-06T18:46:22.9414471Z   fetch-tags: false
2026-10-06T18:46:22.9414968Z   show-progress: true
2026-10-06T18:46:22.9415471Z   lfs: false
2026-10-06T18:46:22.9415924Z   submodules: false
2026-10-06T18:46:22.9416412Z   set-safe-directory: true
2026-10-06T18:46:22.9416994Z   allow-unsafe-pr-checkout: false
2026-10-06T18:46:22.9417925Z ##[endgroup]
2026-10-06T18:46:23.0277280Z Syncing repository: peppone-choi/OpenHOI4
2026-10-06T18:46:23.0279700Z ##[group]Getting Git version info
2026-10-06T18:46:23.0280602Z Working directory is '/home/runner/work/OpenHOI4/OpenHOI4'
2026-10-06T18:46:23.0281834Z [command]/usr/bin/git version
2026-10-06T18:46:23.1022306Z git version 2.55.0
2026-10-06T18:46:23.1038362Z ##[endgroup]
2026-10-06T18:46:23.1049182Z Temporarily overriding HOME='/home/runner/work/_temp/44c1a40c-86e4-4fb8-8958-63b008f29468' before making global git config changes
2026-10-06T18:46:23.1051957Z Adding repository directory to the temporary git global config as a safe directory
2026-10-06T18:46:23.1054427Z [command]/usr/bin/git config --global --add safe.directory /home/runner/work/OpenHOI4/OpenHOI4
2026-10-06T18:46:23.1095034Z Deleting the contents of '/home/runner/work/OpenHOI4/OpenHOI4'
2026-10-06T18:46:23.1098362Z ##[group]Determining repository object format
2026-10-06T18:46:23.1100343Z ##[endgroup]
2026-10-06T18:46:23.1101554Z ##[group]Initializing the repository
2026-10-06T18:46:23.1104574Z [command]/usr/bin/git init /home/runner/work/OpenHOI4/OpenHOI4
2026-10-06T18:46:23.1210957Z hint: Using 'master' as the name for the initial branch. This default branch name
2026-10-06T18:46:23.1212925Z hint: will change to "main" in Git 3.0. To configure the initial branch name
2026-10-06T18:46:23.1215120Z hint: to use in all of your new repositories, which will suppress this warning,
2026-10-06T18:46:23.1216428Z hint: call:
2026-10-06T18:46:23.1216849Z hint:
2026-10-06T18:46:23.1217423Z hint: 	git config --global init.defaultBranch <name>
2026-10-06T18:46:23.1218152Z hint:
2026-10-06T18:46:23.1219134Z hint: Names commonly chosen instead of 'master' are 'main', 'trunk' and
2026-10-06T18:46:23.1220551Z hint: 'development'. The just-created branch can be renamed via this command:
2026-10-06T18:46:23.1221461Z hint:
2026-10-06T18:46:23.1221910Z hint: 	git branch -m <name>
2026-10-06T18:46:23.1222427Z hint:
2026-10-06T18:46:23.1223298Z hint: Disable this message with "git config set advice.defaultBranchName false"
2026-10-06T18:46:23.1225248Z Initialized empty Git repository in /home/runner/work/OpenHOI4/OpenHOI4/.git/
2026-10-06T18:46:23.1227751Z [command]/usr/bin/git remote add origin https://github.com/peppone-choi/OpenHOI4
2026-10-06T18:46:23.1410070Z ##[endgroup]
2026-10-06T18:46:23.1411088Z ##[group]Disabling automatic garbage collection
2026-10-06T18:46:23.1412683Z [command]/usr/bin/git config --local gc.auto 0
2026-10-06T18:46:23.1443195Z ##[endgroup]
2026-10-06T18:46:23.1444287Z ##[group]Setting up auth
2026-10-06T18:46:23.1445095Z Removing SSH command configuration
2026-10-06T18:46:23.1447954Z [command]/usr/bin/git config --local --name-only --get-regexp core\.sshCommand
2026-10-06T18:46:23.1475116Z [command]/usr/bin/git submodule foreach --recursive sh -c "git config --local --name-only --get-regexp 'core\.sshCommand' && git config --local --unset-all 'core.sshCommand' || :"
2026-10-06T18:46:23.1748656Z Removing HTTP extra header
2026-10-06T18:46:23.1754338Z [command]/usr/bin/git config --local --name-only --get-regexp http\.https\:\/\/github\.com\/\.extraheader
2026-10-06T18:46:23.1783157Z [command]/usr/bin/git submodule foreach --recursive sh -c "git config --local --name-only --get-regexp 'http\.https\:\/\/github\.com\/\.extraheader' && git config --local --unset-all 'http.https://github.com/.extraheader' || :"
2026-10-06T18:46:23.1964941Z Removing includeIf entries pointing to credentials config files
2026-10-06T18:46:23.1969107Z [command]/usr/bin/git config --local --name-only --get-regexp ^includeIf\.gitdir:
2026-10-06T18:46:23.1995678Z [command]/usr/bin/git submodule foreach --recursive git config --local --show-origin --name-only --get-regexp remote.origin.url
2026-10-06T18:46:23.2196201Z [command]/usr/bin/git config --file /home/runner/work/_temp/git-credentials-0d285be9-dd14-4a08-a75c-dcb8fe6fe902.config http.https://github.com/.extraheader AUTHORIZATION: basic ***
2026-10-06T18:46:23.2222819Z [command]/usr/bin/git config --local includeIf.gitdir:/home/runner/work/OpenHOI4/OpenHOI4/.git.path /home/runner/work/_temp/git-credentials-0d285be9-dd14-4a08-a75c-dcb8fe6fe902.config
2026-10-06T18:46:23.2247615Z [command]/usr/bin/git config --local includeIf.gitdir:/home/runner/work/OpenHOI4/OpenHOI4/.git/worktrees/*.path /home/runner/work/_temp/git-credentials-0d285be9-dd14-4a08-a75c-dcb8fe6fe902.config
2026-10-06T18:46:23.2275911Z [command]/usr/bin/git config --local includeIf.gitdir:/github/workspace/.git.path /github/runner_temp/git-credentials-0d285be9-dd14-4a08-a75c-dcb8fe6fe902.config
2026-10-06T18:46:23.2302795Z [command]/usr/bin/git config --local includeIf.gitdir:/github/workspace/.git/worktrees/*.path /github/runner_temp/git-credentials-0d285be9-dd14-4a08-a75c-dcb8fe6fe902.config
2026-10-06T18:46:23.2324508Z ##[endgroup]
2026-10-06T18:46:23.2325671Z ##[group]Fetching the repository
2026-10-06T18:46:23.2331942Z [command]/usr/bin/git -c protocol.version=2 fetch --no-tags --prune --no-recurse-submodules --depth=1 origin +9fbc05a1e29062f93bb362450aaddc2068aa41e9:refs/remotes/origin/codex/wp08-map-rendering
2026-10-06T18:46:45.9616719Z From https://github.com/peppone-choi/OpenHOI4
2026-10-06T18:46:45.9618616Z  * [new ref]         9fbc05a1e29062f93bb362450aaddc2068aa41e9 -> origin/codex/wp08-map-rendering
2026-10-06T18:46:45.9625132Z [command]/usr/bin/git branch --list --remote origin/codex/wp08-map-rendering
2026-10-06T18:46:45.9647972Z   origin/codex/wp08-map-rendering
2026-10-06T18:46:45.9654554Z [command]/usr/bin/git rev-parse refs/remotes/origin/codex/wp08-map-rendering
2026-10-06T18:46:45.9672876Z 9fbc05a1e29062f93bb362450aaddc2068aa41e9
2026-10-06T18:46:45.9676106Z ##[endgroup]
2026-10-06T18:46:45.9676505Z ##[group]Determining the checkout info
2026-10-06T18:46:45.9677133Z ##[endgroup]
2026-10-06T18:46:45.9680074Z [command]/usr/bin/git sparse-checkout disable
2026-10-06T18:46:45.9720143Z [command]/usr/bin/git config --local --unset-all extensions.worktreeConfig
2026-10-06T18:46:45.9803648Z ##[group]Checking out the ref
2026-10-06T18:46:45.9804619Z [command]/usr/bin/git checkout --progress --force -B codex/wp08-map-rendering refs/remotes/origin/codex/wp08-map-rendering
2026-10-06T18:46:46.2054268Z Switched to a new branch 'codex/wp08-map-rendering'
2026-10-06T18:46:46.2057170Z branch 'codex/wp08-map-rendering' set up to track 'origin/codex/wp08-map-rendering'.
2026-10-06T18:46:46.2076934Z ##[endgroup]
2026-10-06T18:46:46.2116750Z [command]/usr/bin/git log -1 --format=%H
2026-10-06T18:46:46.2139439Z 9fbc05a1e29062f93bb362450aaddc2068aa41e9
2026-10-06T18:46:46.2365712Z ##[group]Run actions/setup-node@v7.0.0
2026-10-06T18:46:46.2365982Z with:
2026-10-06T18:46:46.2366152Z   node-version: 24.4.0
2026-10-06T18:46:46.2366332Z   cache: npm
2026-10-06T18:46:46.2366536Z   cache-dependency-path: client/package-lock.json
2026-10-06T18:46:46.2366789Z   check-latest: false
2026-10-06T18:46:46.2368954Z   token: ***
2026-10-06T18:46:46.2369145Z   package-manager-cache: true
2026-10-06T18:46:46.2369354Z ##[endgroup]
2026-10-06T18:46:46.3412510Z Attempting to download 24.4.0...
2026-10-06T18:46:46.9521567Z Acquiring 24.4.0 - x64 from https://github.com/actions/node-versions/releases/download/24.4.0-16210503505/node-24.4.0-linux-x64.tar.gz
2026-10-06T18:46:47.3695083Z Extracting ...
2026-10-06T18:46:47.3787289Z [command]/usr/bin/tar xz --strip 1 --warning=no-unknown-keyword --overwrite -C /home/runner/work/_temp/47cddb18-9c82-4cf1-bf61-c0c260fa010a -f /home/runner/work/_temp/99225f47-e55d-4509-a0ff-b8b3978b9e7d
2026-10-06T18:46:48.4170417Z Adding to the cache ...
2026-10-06T18:46:50.9995422Z ##[group]Environment details
2026-10-06T18:46:51.2121941Z node: v24.4.0
2026-10-06T18:46:51.2122250Z npm: 11.4.2
2026-10-06T18:46:51.2122477Z yarn: 1.22.22
2026-10-06T18:46:51.2123098Z ##[endgroup]
2026-10-06T18:46:51.2135677Z [command]/opt/hostedtoolcache/node/24.4.0/x64/bin/npm config get cache
2026-10-06T18:46:51.2842061Z /home/runner/.npm
2026-10-06T18:46:51.5546653Z Cache hit for: node-cache-Linux-x64-npm-c8fd7c5457bbb41b9b9c1b633e6d2a905ffea2ff30eea1c47886e6fc189580d2
2026-10-06T18:46:52.8999364Z Received 0 of 50037050 (0.0%), 0.0 MBs/sec
2026-10-06T18:46:53.3982813Z Received 50037050 of 50037050 (100.0%), 31.9 MBs/sec
2026-10-06T18:46:53.3983304Z Cache Size: ~48 MB (50037050 B)
2026-10-06T18:46:53.4007302Z [command]/usr/bin/tar -xf /home/runner/work/_temp/d1dbd89a-8329-4e75-9c3b-0e72d07fba2c/cache.tzst -P -C /home/runner/work/OpenHOI4/OpenHOI4 --use-compress-program unzstd
2026-10-06T18:46:53.5693836Z Cache restored successfully
2026-10-06T18:46:53.5721420Z Cache restored from key: node-cache-Linux-x64-npm-c8fd7c5457bbb41b9b9c1b633e6d2a905ffea2ff30eea1c47886e6fc189580d2
2026-10-06T18:46:53.5884382Z ##[group]Run rustup toolchain install 1.99.0 --profile minimal
2026-10-06T18:46:53.5884817Z [36;1mrustup toolchain install 1.99.0 --profile minimal[0m
2026-10-06T18:46:53.6762202Z shell: /usr/bin/bash -e {0}
2026-10-06T18:46:53.6762486Z ##[endgroup]
2026-10-06T18:46:53.8683409Z info: syncing channel updates for 1.99.0-x86_64-unknown-linux-gnu
2026-10-06T18:46:54.1739942Z info: latest update on 2026-10-01 for version 1.99.0 (b940084d7 2026-09-28)
2026-10-06T18:46:54.1740379Z info: downloading 3 components
2026-10-06T18:47:01.1903761Z
2026-10-06T18:47:01.1968339Z   1.99.0-x86_64-unknown-linux-gnu installed - rustc 1.99.0 (b940084d7 2026-09-28)
2026-10-06T18:47:01.1968810Z
2026-10-06T18:47:01.2047681Z ##[group]Run npm --prefix client ci
2026-10-06T18:47:01.2047973Z [36;1mnpm --prefix client ci[0m
2026-10-06T18:47:01.2104209Z shell: /usr/bin/bash -e {0}
2026-10-06T18:47:01.2104439Z ##[endgroup]
2026-10-06T18:47:02.6175232Z
2026-10-06T18:47:02.6175879Z added 103 packages, and audited 104 packages in 1s
2026-10-06T18:47:02.6176132Z
2026-10-06T18:47:02.6176432Z 22 packages are looking for funding
2026-10-06T18:47:02.6176778Z   run `npm fund` for details
2026-10-06T18:47:02.6182911Z
2026-10-06T18:47:02.6183171Z found 0 vulnerabilities
2026-10-06T18:47:02.6650223Z ##[group]Run cargo run -p oh_proto --locked --example generate
2026-10-06T18:47:02.6650822Z [36;1mcargo run -p oh_proto --locked --example generate[0m
2026-10-06T18:47:02.6651300Z [36;1mgit diff --exit-code -- client/src/proto[0m
2026-10-06T18:47:02.6708462Z shell: /usr/bin/bash -e {0}
2026-10-06T18:47:02.6708691Z ##[endgroup]
2026-10-06T18:47:02.7246198Z info: syncing channel updates for 1.99.0-x86_64-unknown-linux-gnu
2026-10-06T18:47:02.8732798Z info: latest update on 2026-10-01 for version 1.99.0 (b940084d7 2026-09-28)
2026-10-06T18:47:02.8849214Z info: downloading 2 components
2026-10-06T18:47:03.5006123Z     Updating crates.io index
2026-10-06T18:47:03.6905577Z  Downloading crates ...
2026-10-06T18:47:03.7195270Z   Downloaded adler2 v2.0.1
2026-10-06T18:47:03.7227848Z   Downloaded bytemuck v1.25.2
2026-10-06T18:47:03.7252876Z   Downloaded cobs v0.3.0
2026-10-06T18:47:03.7263557Z   Downloaded fdeflate v0.3.7
2026-10-06T18:47:03.7276076Z   Downloaded toml v1.1.6+spec-1.1.0
2026-10-06T18:47:03.7338978Z   Downloaded typenum v1.20.1
2026-10-06T18:47:03.7371514Z   Downloaded flate2 v1.1.10
2026-10-06T18:47:03.7414798Z   Downloaded png v0.18.1
2026-10-06T18:47:03.7445723Z   Downloaded rand_core v0.10.1
2026-10-06T18:47:03.7457844Z   Downloaded ref-cast-impl v1.0.27
2026-10-06T18:47:03.7463832Z   Downloaded rmp v0.8.15
2026-10-06T18:47:03.7494745Z   Downloaded serde_derive_internals v0.30.0
2026-10-06T18:47:03.7506424Z   Downloaded embedded-io v0.4.0
2026-10-06T18:47:03.7519914Z   Downloaded serde_spanned v1.1.1
2026-10-06T18:47:03.7540636Z   Downloaded hashbrown v0.17.1
2026-10-06T18:47:03.7576216Z   Downloaded ts-rs-macros v12.0.1
2026-10-06T18:47:03.7590339Z   Downloaded cfg-if v1.0.5
2026-10-06T18:47:03.7601268Z   Downloaded dyn-clone v1.0.20
2026-10-06T18:47:03.7615448Z   Downloaded equivalent v1.0.2
2026-10-06T18:47:03.7622666Z   Downloaded ppv-lite86 v0.2.21
2026-10-06T18:47:03.7634731Z   Downloaded ts-rs v12.0.1
2026-10-06T18:47:03.7682654Z   Downloaded itoa v1.0.18
2026-10-06T18:47:03.7695663Z   Downloaded ref-cast v1.0.27
2026-10-06T18:47:03.7718419Z   Downloaded rmp-serde v1.3.1
2026-10-06T18:47:03.7731704Z   Downloaded zmij v1.0.23
2026-10-06T18:47:03.7744997Z   Downloaded bitflags v2.13.2
2026-10-06T18:47:03.7780124Z   Downloaded schemars_derive v1.2.2
2026-10-06T18:47:03.7794848Z   Downloaded num-traits v0.2.19
2026-10-06T18:47:03.7814482Z   Downloaded termcolor v1.4.1
2026-10-06T18:47:03.7823780Z   Downloaded miniz_oxide v0.8.9
2026-10-06T18:47:03.7842540Z   Downloaded serde_derive v1.0.229
2026-10-06T18:47:03.7865957Z   Downloaded simd-adler32 v0.3.10
2026-10-06T18:47:03.7879886Z   Downloaded crc32fast v1.5.2
2026-10-06T18:47:03.7895363Z   Downloaded embedded-io v0.6.1
2026-10-06T18:47:03.7904863Z   Downloaded autocfg v1.5.1
2026-10-06T18:47:03.7918704Z   Downloaded rand_chacha v0.10.0
2026-10-06T18:47:03.7927551Z   Downloaded thiserror v2.0.21
2026-10-06T18:47:03.7977371Z   Downloaded toml_datetime v1.1.1+spec-1.1.0
2026-10-06T18:47:03.7987264Z   Downloaded toml_writer v1.1.2+spec-1.1.0
2026-10-06T18:47:03.7997868Z   Downloaded thiserror-impl v2.0.21
2026-10-06T18:47:03.8009170Z   Downloaded semver v1.0.28
2026-10-06T18:47:03.8026431Z   Downloaded proc-macro2 v1.0.107
2026-10-06T18:47:03.8049210Z   Downloaded toml_parser v1.1.3+spec-1.1.0
2026-10-06T18:47:03.8066971Z   Downloaded az v1.3.0
2026-10-06T18:47:03.8086468Z   Downloaded postcard v1.1.3
2026-10-06T18:47:03.8104018Z   Downloaded quote v1.0.47
2026-10-06T18:47:03.8124702Z   Downloaded unicode-ident v1.0.26
2026-10-06T18:47:03.8145737Z   Downloaded indexmap v2.14.2
2026-10-06T18:47:03.8184561Z   Downloaded serde v1.0.229
2026-10-06T18:47:03.8211474Z   Downloaded serde_core v1.0.229
2026-10-06T18:47:03.8232465Z   Downloaded miniz_oxide v0.9.1
2026-10-06T18:47:03.8251636Z   Downloaded half v2.7.1
2026-10-06T18:47:03.8272888Z   Downloaded memchr v2.8.3
2026-10-06T18:47:03.8315723Z   Downloaded schemars v1.2.2
2026-10-06T18:47:03.8452057Z   Downloaded zerocopy-derive v0.8.60
2026-10-06T18:47:03.8550128Z   Downloaded serde_json v1.0.151
2026-10-06T18:47:03.8607581Z   Downloaded winnow v1.0.4
2026-10-06T18:47:03.8683783Z   Downloaded syn v3.0.6
2026-10-06T18:47:03.8769414Z   Downloaded zlib-rs v0.6.8
2026-10-06T18:47:03.8812455Z   Downloaded fixed v1.31.0
2026-10-06T18:47:03.8867292Z   Downloaded zerocopy v0.8.60
2026-10-06T18:47:03.9038370Z   Downloaded syn v2.0.119
2026-10-06T18:47:03.9369307Z    Compiling proc-macro2 v1.0.107
2026-10-06T18:47:03.9369777Z    Compiling quote v1.0.47
2026-10-06T18:47:03.9370116Z    Compiling unicode-ident v1.0.26
2026-10-06T18:47:03.9370811Z    Compiling serde_core v1.0.229
2026-10-06T18:47:04.0089393Z    Compiling serde v1.0.229
2026-10-06T18:47:04.0698945Z    Compiling zerocopy v0.8.60
2026-10-06T18:47:04.1478877Z    Compiling thiserror v2.0.21
2026-10-06T18:47:04.2669574Z    Compiling cfg-if v1.0.5
2026-10-06T18:47:04.2849198Z    Compiling simd-adler32 v0.3.10
2026-10-06T18:47:04.3179743Z    Compiling adler2 v2.0.1
2026-10-06T18:47:04.3614320Z    Compiling zmij v1.0.23
2026-10-06T18:47:04.4109664Z    Compiling crc32fast v1.5.2
2026-10-06T18:47:04.5447729Z    Compiling ref-cast v1.0.27
2026-10-06T18:47:04.5478992Z    Compiling serde_json v1.0.151
2026-10-06T18:47:04.6233685Z    Compiling syn v3.0.6
2026-10-06T18:47:04.6398793Z    Compiling syn v2.0.119
2026-10-06T18:47:04.6609867Z    Compiling fixed v1.31.0
2026-10-06T18:47:04.7559728Z    Compiling autocfg v1.5.1
2026-10-06T18:47:04.9779533Z    Compiling num-traits v0.2.19
2026-10-06T18:47:05.4115037Z    Compiling miniz_oxide v0.9.1
2026-10-06T18:47:05.8609862Z    Compiling serde_derive_internals v0.30.0
2026-10-06T18:47:05.9379314Z    Compiling az v1.3.0
2026-10-06T18:47:06.4810708Z    Compiling serde_derive v1.0.229
2026-10-06T18:47:06.5259379Z    Compiling thiserror-impl v2.0.21
2026-10-06T18:47:06.7559428Z    Compiling ref-cast-impl v1.0.27
2026-10-06T18:47:06.9795211Z    Compiling rand_core v0.10.1
2026-10-06T18:47:07.0699456Z    Compiling itoa v1.0.18
2026-10-06T18:47:07.1699529Z    Compiling bytemuck v1.25.2
2026-10-06T18:47:07.2970594Z    Compiling memchr v2.8.3
2026-10-06T18:47:07.4140066Z    Compiling cobs v0.3.0
2026-10-06T18:47:07.4980092Z    Compiling winnow v1.0.4
2026-10-06T18:47:07.7390001Z    Compiling typenum v1.20.1
2026-10-06T18:47:07.8089587Z    Compiling toml_parser v1.1.3+spec-1.1.0
2026-10-06T18:47:08.0764723Z    Compiling zerocopy-derive v0.8.60
2026-10-06T18:47:08.3843052Z    Compiling schemars_derive v1.2.2
2026-10-06T18:47:09.2229999Z    Compiling postcard v1.1.3
2026-10-06T18:47:09.3159506Z    Compiling serde_spanned v1.1.1
2026-10-06T18:47:09.3809893Z    Compiling toml_datetime v1.1.1+spec-1.1.0
2026-10-06T18:47:09.4641023Z    Compiling flate2 v1.1.10
2026-10-06T18:47:09.5800400Z    Compiling fdeflate v0.3.7
2026-10-06T18:47:09.6019696Z    Compiling miniz_oxide v0.8.9
2026-10-06T18:47:09.7950455Z    Compiling toml_writer v1.1.2+spec-1.1.0
2026-10-06T18:47:09.9059079Z    Compiling bitflags v2.13.2
2026-10-06T18:47:09.9139591Z    Compiling semver v1.0.28
2026-10-06T18:47:10.0307156Z    Compiling dyn-clone v1.0.20
2026-10-06T18:47:10.0805021Z    Compiling schemars v1.2.2
2026-10-06T18:47:10.1239675Z    Compiling png v0.18.1
2026-10-06T18:47:10.1527715Z    Compiling toml v1.1.6+spec-1.1.0
2026-10-06T18:47:11.5169372Z    Compiling termcolor v1.4.1
2026-10-06T18:47:11.6729167Z    Compiling rmp v0.8.15
2026-10-06T18:47:11.7129667Z    Compiling ts-rs-macros v12.0.1
2026-10-06T18:47:11.8392879Z    Compiling rmp-serde v1.3.1
2026-10-06T18:47:12.4267169Z    Compiling ts-rs v12.0.1
2026-10-06T18:47:12.4869678Z    Compiling ppv-lite86 v0.2.21
2026-10-06T18:47:12.4870680Z    Compiling half v2.7.1
2026-10-06T18:47:12.7305698Z    Compiling rand_chacha v0.10.0
2026-10-06T18:47:17.0104391Z    Compiling oh_core v0.1.0 (/home/runner/work/OpenHOI4/OpenHOI4/crates/oh_core)
2026-10-06T18:47:17.1139665Z    Compiling oh_data v0.1.0 (/home/runner/work/OpenHOI4/OpenHOI4/crates/oh_data)
2026-10-06T18:47:17.5790173Z    Compiling oh_sim v0.1.0 (/home/runner/work/OpenHOI4/OpenHOI4/crates/oh_sim)
2026-10-06T18:47:17.9230242Z    Compiling oh_proto v0.1.0 (/home/runner/work/OpenHOI4/OpenHOI4/crates/oh_proto)
2026-10-06T18:47:19.1537050Z     Finished `dev` profile [unoptimized + debuginfo] target(s) in 15.67s
2026-10-06T18:47:19.1811292Z      Running `target/debug/examples/generate`
2026-10-06T18:47:19.5200497Z ##[group]Run npm --prefix client run typecheck
2026-10-06T18:47:19.5200986Z [36;1mnpm --prefix client run typecheck[0m
2026-10-06T18:47:19.5269854Z shell: /usr/bin/bash -e {0}
2026-10-06T18:47:19.5270098Z ##[endgroup]
2026-10-06T18:47:19.6110244Z
2026-10-06T18:47:19.6110589Z > openhoi-client@0.1.0 typecheck
2026-10-06T18:47:19.6110958Z > tsc --noEmit
2026-10-06T18:47:19.6111100Z
2026-10-06T18:47:20.0580369Z ##[group]Run npm --prefix client test
2026-10-06T18:47:20.0580815Z [36;1mnpm --prefix client test[0m
2026-10-06T18:47:20.0657424Z shell: /usr/bin/bash -e {0}
2026-10-06T18:47:20.0657673Z ##[endgroup]
2026-10-06T18:47:20.1459999Z
2026-10-06T18:47:20.1460588Z > openhoi-client@0.1.0 pretest
2026-10-06T18:47:20.1460991Z > cargo run -p oh_proto --example wire_fixtures
2026-10-06T18:47:20.1461192Z
2026-10-06T18:47:20.2054390Z    Compiling oh_proto v0.1.0 (/home/runner/work/OpenHOI4/OpenHOI4/crates/oh_proto)
2026-10-06T18:47:20.4505160Z     Finished `dev` profile [unoptimized + debuginfo] target(s) in 0.27s
2026-10-06T18:47:20.4545166Z      Running `/home/runner/work/OpenHOI4/OpenHOI4/target/debug/examples/wire_fixtures`
2026-10-06T18:47:20.4607820Z
2026-10-06T18:47:20.4608483Z > openhoi-client@0.1.0 test
2026-10-06T18:47:20.4608844Z > vitest run
2026-10-06T18:47:20.4608992Z
2026-10-06T18:47:20.6666076Z
2026-10-06T18:47:20.6669410Z [1m[30m[46m RUN [49m[39m[22m [36mv5.0.3 [39m[90m/home/runner/work/OpenHOI4/OpenHOI4/client[39m
2026-10-06T18:47:20.6669914Z
2026-10-06T18:47:20.9580229Z  [32m✓[39m src/networkValidation.test.ts [2m([22m[2m114 tests[22m[2m)[22m[32m 62[2mms[22m[39m
2026-10-06T18:47:20.9699777Z  [32m✓[39m src/i18n.test.tsx [2m([22m[2m3 tests[22m[2m)[22m[32m 38[2mms[22m[39m
2026-10-06T18:47:21.0170328Z  [32m✓[39m src/national.test.tsx [2m([22m[2m3 tests[22m[2m)[22m[32m 82[2mms[22m[39m
2026-10-06T18:47:21.1423377Z  [32m✓[39m src/map/model.test.ts [2m([22m[2m4 tests[22m[2m)[22m[32m 13[2mms[22m[39m
2026-10-06T18:47:21.1823989Z  [32m✓[39m src/network.test.ts [2m([22m[2m2 tests[22m[2m)[22m[32m 7[2mms[22m[39m
2026-10-06T18:47:21.4004864Z  [32m✓[39m src/App.test.tsx [2m([22m[2m1 test[22m[2m)[22m[32m 21[2mms[22m[39m
2026-10-06T18:47:21.5809540Z  [32m✓[39m src/localization.test.ts [2m([22m[2m3 tests[22m[2m)[22m[33m 457[2mms[22m[39m
2026-10-06T18:47:21.5811143Z    [33m[2m✓[22m[39m REQ-LOC-02 font cmap contains actual ko catalog glyphs, all Hangul syllables and CJK examples[33m 451[2mms[22m[39m
2026-10-06T18:47:21.5847735Z
2026-10-06T18:47:21.5852198Z [2m Test Files [22m [1m[32m7 passed[39m[22m[90m (7)[39m
2026-10-06T18:47:21.5853216Z [2m      Tests [22m [1m[32m130 passed[39m[22m[90m (130)[39m
2026-10-06T18:47:21.5854158Z [2m   Start at [22m 18:47:20
2026-10-06T18:47:21.5856876Z [2m   Duration [22m 913ms[2m (tests 52%, import 23%, transform 22%, worker 2%)[22m
2026-10-06T18:47:21.5870791Z
2026-10-06T18:47:21.6096028Z ##[group]Run npm --prefix client run build
2026-10-06T18:47:21.6096484Z [36;1mnpm --prefix client run build[0m
2026-10-06T18:47:21.6152728Z shell: /usr/bin/bash -e {0}
2026-10-06T18:47:21.6152944Z ##[endgroup]
2026-10-06T18:47:21.6948034Z
2026-10-06T18:47:21.6948788Z > openhoi-client@0.1.0 build
2026-10-06T18:47:21.6949274Z > tsc --noEmit && vite build
2026-10-06T18:47:21.6949494Z
2026-10-06T18:47:22.2757813Z [36mvite v8.3.3 [32mbuilding client environment for production...[36m[39m
2026-10-06T18:47:22.2831211Z transforming...
2026-10-06T18:47:22.4584707Z ✓ 55 modules transformed.
2026-10-06T18:47:22.5233659Z rendering chunks...
2026-10-06T18:47:22.6809277Z computing gzip size...
2026-10-06T18:47:22.6936629Z dist/index.html                     0.36 kB │ gzip:   0.25 kB
2026-10-06T18:47:22.6937330Z dist/assets/index-B9cOsW2B.css      4.39 kB │ gzip:   1.57 kB
2026-10-06T18:47:22.6937776Z dist/assets/index-C11MJPRn.js   1,170.78 kB │ gzip: 331.23 kB
2026-10-06T18:47:22.6938096Z
2026-10-06T18:47:22.6940321Z [32m✓ built in 417ms[39m
2026-10-06T18:47:22.6945710Z [33m[plugin builtin:vite-reporter]
2026-10-06T18:47:22.6946317Z (!) Some chunks are larger than 500 kB after minification. Consider:
2026-10-06T18:47:22.6946899Z - Using dynamic import() to code-split the application
2026-10-06T18:47:22.6947908Z - Use build.rolldownOptions.output.codeSplitting to improve chunking: https://rolldown.rs/reference/OutputOptions.codeSplitting
2026-10-06T18:47:22.6949015Z - Adjust chunk size limit for this warning via build.chunkSizeWarningLimit.[39m
2026-10-06T18:47:22.7165032Z ##[group]Run cargo build -p oh_server --locked
2026-10-06T18:47:22.7165347Z [36;1mcargo build -p oh_server --locked[0m
2026-10-06T18:47:22.7223529Z shell: /usr/bin/bash -e {0}
2026-10-06T18:47:22.7223751Z ##[endgroup]
2026-10-06T18:47:22.7725743Z  Downloading crates ...
2026-10-06T18:47:22.7993524Z   Downloaded block-buffer v0.10.4
2026-10-06T18:47:22.8012060Z   Downloaded cpufeatures v0.2.17
2026-10-06T18:47:22.8023285Z   Downloaded atomic-waker v1.1.2
2026-10-06T18:47:22.8033453Z   Downloaded bytes v1.12.1
2026-10-06T18:47:22.8061594Z   Downloaded serde_path_to_error v0.1.20
2026-10-06T18:47:22.8074851Z   Downloaded axum v0.8.9
2026-10-06T18:47:22.8141091Z   Downloaded form_urlencoded v1.2.2
2026-10-06T18:47:22.8147233Z   Downloaded tungstenite v0.29.0
2026-10-06T18:47:22.8174892Z   Downloaded signal-hook-registry v1.4.8
2026-10-06T18:47:22.8184217Z   Downloaded hyper-util v0.1.21
2026-10-06T18:47:22.8235327Z   Downloaded tower v0.5.3
2026-10-06T18:47:22.8315749Z   Downloaded serde_urlencoded v0.7.1
2026-10-06T18:47:22.8329542Z   Downloaded mime v0.3.17
2026-10-06T18:47:22.8340039Z   Downloaded tower-layer v0.3.3
2026-10-06T18:47:22.8347782Z   Downloaded matchit v0.8.4
2026-10-06T18:47:22.8365366Z   Downloaded data-encoding v2.11.1
2026-10-06T18:47:22.8373911Z   Downloaded http-body v1.1.0
2026-10-06T18:47:22.8381982Z   Downloaded tokio-macros v2.7.2
2026-10-06T18:47:22.8390497Z   Downloaded axum-core v0.5.6
2026-10-06T18:47:22.8408154Z   Downloaded sync_wrapper v1.0.2
2026-10-06T18:47:22.8414747Z   Downloaded rand_core v0.9.5
2026-10-06T18:47:22.8425077Z   Downloaded smallvec v1.16.2
2026-10-06T18:47:22.8435948Z   Downloaded tokio-tungstenite v0.29.0
2026-10-06T18:47:22.8452926Z   Downloaded percent-encoding v2.3.2
2026-10-06T18:47:22.8460333Z   Downloaded ryu v1.0.23
2026-10-06T18:47:22.8485308Z   Downloaded getrandom v0.3.4
2026-10-06T18:47:22.8512774Z   Downloaded httparse v1.10.1
2026-10-06T18:47:22.8532620Z   Downloaded futures-core v0.3.34
2026-10-06T18:47:22.8543253Z   Downloaded sha1 v0.10.7
2026-10-06T18:47:22.8555328Z   Downloaded slab v0.4.12
2026-10-06T18:47:22.8565362Z   Downloaded errno v0.3.14
2026-10-06T18:47:22.8577088Z   Downloaded httpdate v1.0.3
2026-10-06T18:47:22.8586437Z   Downloaded base64 v0.22.1
2026-10-06T18:47:22.8616578Z   Downloaded futures-sink v0.3.34
2026-10-06T18:47:22.8623307Z   Downloaded crypto-common v0.1.7
2026-10-06T18:47:22.8630437Z   Downloaded futures-task v0.3.34
2026-10-06T18:47:22.8639451Z   Downloaded generic-array v0.14.7
2026-10-06T18:47:22.8650068Z   Downloaded http-body-util v0.1.5
2026-10-06T18:47:22.8667110Z   Downloaded rand v0.9.5
2026-10-06T18:47:22.8696943Z   Downloaded tower-service v0.3.3
2026-10-06T18:47:22.8703263Z   Downloaded version_check v0.9.5
2026-10-06T18:47:22.8713124Z   Downloaded pin-project-lite v0.2.17
2026-10-06T18:47:22.8765526Z   Downloaded digest v0.10.7
2026-10-06T18:47:22.8780213Z   Downloaded futures-channel v0.3.34
2026-10-06T18:47:22.8794597Z   Downloaded http v1.5.0
2026-10-06T18:47:22.8823726Z   Downloaded log v0.4.34
2026-10-06T18:47:22.8843924Z   Downloaded mio v1.2.4
2026-10-06T18:47:22.8892112Z   Downloaded hyper v1.11.1
2026-10-06T18:47:22.8947268Z   Downloaded rand_chacha v0.9.0
2026-10-06T18:47:22.8956718Z   Downloaded futures-util v0.3.34
2026-10-06T18:47:22.9062360Z   Downloaded libc v0.2.190
2026-10-06T18:47:22.9444788Z   Downloaded socket2 v0.6.5
2026-10-06T18:47:23.0692833Z   Downloaded tokio v1.53.2
2026-10-06T18:47:23.1635360Z    Compiling serde_core v1.0.229
2026-10-06T18:47:23.1636962Z    Compiling syn v3.0.6
2026-10-06T18:47:23.1645706Z    Compiling libc v0.2.190
2026-10-06T18:47:23.1652355Z    Compiling ppv-lite86 v0.2.21
2026-10-06T18:47:23.4150439Z    Compiling bytes v1.12.1
2026-10-06T18:47:23.8999483Z    Compiling version_check v0.9.5
2026-10-06T18:47:24.0819499Z    Compiling generic-array v0.14.7
2026-10-06T18:47:24.1569365Z    Compiling futures-core v0.3.34
2026-10-06T18:47:24.2170050Z    Compiling pin-project-lite v0.2.17
2026-10-06T18:47:24.2420235Z    Compiling serde_json v1.0.151
2026-10-06T18:47:24.2617990Z    Compiling http v1.5.0
2026-10-06T18:47:24.3279481Z    Compiling getrandom v0.3.4
2026-10-06T18:47:24.4599539Z    Compiling memchr v2.8.3
2026-10-06T18:47:24.9819549Z    Compiling serde_derive_internals v0.30.0
2026-10-06T18:47:25.5397656Z    Compiling errno v0.3.14
2026-10-06T18:47:25.5989994Z    Compiling httparse v1.10.1
2026-10-06T18:47:25.6389767Z    Compiling rand_chacha v0.10.0
2026-10-06T18:47:25.7529625Z    Compiling signal-hook-registry v1.4.8
2026-10-06T18:47:25.8899563Z    Compiling toml_datetime v1.1.1+spec-1.1.0
2026-10-06T18:47:25.9149758Z    Compiling serde_spanned v1.1.1
2026-10-06T18:47:25.9669499Z    Compiling mio v1.2.4
2026-10-06T18:47:26.0399529Z    Compiling serde_derive v1.0.229
2026-10-06T18:47:26.0630626Z    Compiling thiserror-impl v2.0.21
2026-10-06T18:47:26.1499516Z    Compiling ref-cast-impl v1.0.27
2026-10-06T18:47:26.3351610Z    Compiling schemars_derive v1.2.2
2026-10-06T18:47:26.3989409Z    Compiling ref-cast v1.0.27
2026-10-06T18:47:26.4259568Z    Compiling tokio-macros v2.7.2
2026-10-06T18:47:26.7739514Z    Compiling socket2 v0.6.5
2026-10-06T18:47:26.9329585Z    Compiling thiserror v2.0.21
2026-10-06T18:47:26.9630466Z    Compiling cobs v0.3.0
2026-10-06T18:47:27.0449677Z    Compiling toml v1.1.6+spec-1.1.0
2026-10-06T18:47:27.1633443Z    Compiling tokio v1.53.2
2026-10-06T18:47:27.4080213Z    Compiling rand_core v0.9.5
2026-10-06T18:47:27.6885758Z    Compiling block-buffer v0.10.4
2026-10-06T18:47:27.7449853Z    Compiling crypto-common v0.1.7
2026-10-06T18:47:27.7819593Z    Compiling http-body v1.1.0
2026-10-06T18:47:27.8420038Z    Compiling digest v0.10.7
2026-10-06T18:47:27.9419793Z    Compiling rand_chacha v0.9.0
2026-10-06T18:47:28.1918843Z    Compiling tower-service v0.3.3
2026-10-06T18:47:28.2231700Z    Compiling slab v0.4.12
2026-10-06T18:47:28.2882850Z    Compiling serde v1.0.229
2026-10-06T18:47:28.3239672Z    Compiling cpufeatures v0.2.17
2026-10-06T18:47:28.3342164Z    Compiling futures-sink v0.3.34
2026-10-06T18:47:28.3447933Z    Compiling futures-task v0.3.34
2026-10-06T18:47:28.3679535Z    Compiling sha1 v0.10.7
2026-10-06T18:47:28.4287451Z    Compiling futures-util v0.3.34
2026-10-06T18:47:28.4859326Z    Compiling rand v0.9.5
2026-10-06T18:47:28.6978648Z    Compiling postcard v1.1.3
2026-10-06T18:47:28.9189605Z    Compiling fixed v1.31.0
2026-10-06T18:47:28.9304066Z    Compiling schemars v1.2.2
2026-10-06T18:47:30.1689425Z    Compiling futures-channel v0.3.34
2026-10-06T18:47:30.2799352Z    Compiling sync_wrapper v1.0.2
2026-10-06T18:47:30.3057723Z    Compiling percent-encoding v2.3.2
2026-10-06T18:47:30.3509459Z    Compiling tower-layer v0.3.3
2026-10-06T18:47:30.3979523Z    Compiling data-encoding v2.11.1
2026-10-06T18:47:30.4266343Z    Compiling httpdate v1.0.3
2026-10-06T18:47:30.5599596Z    Compiling smallvec v1.16.2
2026-10-06T18:47:30.6759554Z    Compiling atomic-waker v1.1.2
2026-10-06T18:47:30.7159508Z    Compiling log v0.4.34
2026-10-06T18:47:30.8049368Z    Compiling tungstenite v0.29.0
2026-10-06T18:47:31.0234291Z    Compiling hyper v1.11.1
2026-10-06T18:47:31.6660043Z    Compiling form_urlencoded v1.2.2
2026-10-06T18:47:31.7470192Z    Compiling http-body-util v0.1.5
2026-10-06T18:47:31.8389527Z    Compiling mime v0.3.17
2026-10-06T18:47:31.9059502Z    Compiling ryu v1.0.23
2026-10-06T18:47:31.9939287Z    Compiling serde_urlencoded v0.7.1
2026-10-06T18:47:32.0009750Z    Compiling axum-core v0.5.6
2026-10-06T18:47:32.0491618Z    Compiling rmp-serde v1.3.1
2026-10-06T18:47:32.1349551Z    Compiling hyper-util v0.1.21
2026-10-06T18:47:32.3171186Z    Compiling tokio-tungstenite v0.29.0
2026-10-06T18:47:32.3559100Z    Compiling ts-rs v12.0.1
2026-10-06T18:47:32.4879673Z    Compiling tower v0.5.3
2026-10-06T18:47:32.7519935Z    Compiling serde_path_to_error v0.1.20
2026-10-06T18:47:32.9561665Z    Compiling base64 v0.22.1
2026-10-06T18:47:33.0029507Z    Compiling matchit v0.8.4
2026-10-06T18:47:33.0869797Z    Compiling oh_server v0.1.0 (/home/runner/work/OpenHOI4/OpenHOI4/crates/oh_server)
2026-10-06T18:47:33.1560457Z    Compiling axum v0.8.9
2026-10-06T18:47:34.7523055Z    Compiling oh_core v0.1.0 (/home/runner/work/OpenHOI4/OpenHOI4/crates/oh_core)
2026-10-06T18:47:34.8721667Z    Compiling oh_data v0.1.0 (/home/runner/work/OpenHOI4/OpenHOI4/crates/oh_data)
2026-10-06T18:47:35.4193310Z    Compiling oh_sim v0.1.0 (/home/runner/work/OpenHOI4/OpenHOI4/crates/oh_sim)
2026-10-06T18:47:35.7836711Z    Compiling oh_save v0.1.0 (/home/runner/work/OpenHOI4/OpenHOI4/crates/oh_save)
2026-10-06T18:47:35.8099626Z    Compiling oh_ai v0.1.0 (/home/runner/work/OpenHOI4/OpenHOI4/crates/oh_ai)
2026-10-06T18:47:35.8349597Z    Compiling oh_proto v0.1.0 (/home/runner/work/OpenHOI4/OpenHOI4/crates/oh_proto)
2026-10-06T18:47:38.0764368Z     Finished `dev` profile [unoptimized + debuginfo] target(s) in 15.32s
2026-10-06T18:47:38.0919629Z ##[group]Run npx playwright install --with-deps chromium firefox webkit
2026-10-06T18:47:38.0920063Z [36;1mnpx playwright install --with-deps chromium firefox webkit[0m
2026-10-06T18:47:38.0920353Z [36;1mnpm run test:e2e[0m
2026-10-06T18:47:38.0976283Z shell: /usr/bin/bash -e {0}
2026-10-06T18:47:38.0976501Z env:
2026-10-06T18:47:38.0976682Z   OH_E2E_EVIDENCE: ../target/wp09/ci/m0-e2e
2026-10-06T18:47:38.0976952Z   OH_MALFORMED_EVIDENCE: ../target/wp09/ci/m0-malformed
2026-10-06T18:47:38.0977215Z ##[endgroup]
2026-10-06T18:47:38.6638255Z Installing dependencies...
2026-10-06T18:47:38.6707725Z Switching to root user to install dependencies...
2026-10-06T18:47:38.7620002Z Get:1 file:/etc/apt/apt-mirrors.txt Mirrorlist [144 B]
2026-10-06T18:47:38.7897259Z Hit:2 http://azure.archive.ubuntu.com/ubuntu noble InRelease
2026-10-06T18:47:38.7925652Z Get:3 http://azure.archive.ubuntu.com/ubuntu noble-updates InRelease [126 kB]
2026-10-06T18:47:38.7959925Z Get:4 http://azure.archive.ubuntu.com/ubuntu noble-backports InRelease [126 kB]
2026-10-06T18:47:38.7978703Z Get:5 http://azure.archive.ubuntu.com/ubuntu noble-security InRelease [126 kB]
2026-10-06T18:47:38.8063709Z Get:6 https://packages.microsoft.com/ubuntu/24.04/prod noble InRelease [3600 B]
2026-10-06T18:47:38.9710605Z Get:7 http://azure.archive.ubuntu.com/ubuntu noble-updates/main amd64 Packages [1373 kB]
2026-10-06T18:47:38.9822367Z Get:8 http://azure.archive.ubuntu.com/ubuntu noble-updates/main Translation-en [306 kB]
2026-10-06T18:47:38.9851351Z Get:9 http://azure.archive.ubuntu.com/ubuntu noble-updates/main amd64 Components [181 kB]
2026-10-06T18:47:38.9854970Z Get:10 http://azure.archive.ubuntu.com/ubuntu noble-updates/universe amd64 Packages [1700 kB]
2026-10-06T18:47:38.9927192Z Get:11 http://azure.archive.ubuntu.com/ubuntu noble-updates/universe Translation-en [341 kB]
2026-10-06T18:47:38.9949056Z Get:12 http://azure.archive.ubuntu.com/ubuntu noble-updates/universe amd64 Components [388 kB]
2026-10-06T18:47:38.9979589Z Get:13 http://azure.archive.ubuntu.com/ubuntu noble-updates/restricted amd64 Packages [1730 kB]
2026-10-06T18:47:39.0038926Z Get:14 http://azure.archive.ubuntu.com/ubuntu noble-updates/restricted Translation-en [396 kB]
2026-10-06T18:47:39.0059267Z Get:15 http://azure.archive.ubuntu.com/ubuntu noble-updates/multiverse Translation-en [13.3 kB]
2026-10-06T18:47:39.0070891Z Get:16 http://azure.archive.ubuntu.com/ubuntu noble-updates/multiverse amd64 Components [940 B]
2026-10-06T18:47:39.0669199Z Get:17 http://azure.archive.ubuntu.com/ubuntu noble-backports/main amd64 Components [5752 B]
2026-10-06T18:47:39.0685931Z Get:18 http://azure.archive.ubuntu.com/ubuntu noble-backports/universe amd64 Components [12.6 kB]
2026-10-06T18:47:39.0689961Z Get:19 http://azure.archive.ubuntu.com/ubuntu noble-security/main amd64 Packages [1072 kB]
2026-10-06T18:47:39.0744783Z Get:20 http://azure.archive.ubuntu.com/ubuntu noble-security/main Translation-en [222 kB]
2026-10-06T18:47:39.0764034Z Get:21 http://azure.archive.ubuntu.com/ubuntu noble-security/main amd64 Components [46.4 kB]
2026-10-06T18:47:39.0769372Z Get:22 http://azure.archive.ubuntu.com/ubuntu noble-security/universe amd64 Packages [1217 kB]
2026-10-06T18:47:39.0849690Z Get:23 http://azure.archive.ubuntu.com/ubuntu noble-security/universe Translation-en [245 kB]
2026-10-06T18:47:39.0850861Z Get:24 http://azure.archive.ubuntu.com/ubuntu noble-security/universe amd64 Components [76.3 kB]
2026-10-06T18:47:39.0854451Z Get:25 http://azure.archive.ubuntu.com/ubuntu noble-security/restricted amd64 Packages [1566 kB]
2026-10-06T18:47:39.0920849Z Get:26 http://azure.archive.ubuntu.com/ubuntu noble-security/restricted Translation-en [361 kB]
2026-10-06T18:47:39.0941340Z Get:27 http://azure.archive.ubuntu.com/ubuntu noble-security/multiverse Translation-en [11.6 kB]
2026-10-06T18:47:39.1074710Z Get:28 https://packages.microsoft.com/ubuntu/24.04/prod noble/main arm64 Packages [458 kB]
2026-10-06T18:47:39.1120194Z Get:29 https://packages.microsoft.com/ubuntu/24.04/prod noble/main armhf Packages [12.6 kB]
2026-10-06T18:47:39.1142277Z Get:30 https://packages.microsoft.com/ubuntu/24.04/prod noble/main amd64 Packages [515 kB]
2026-10-06T18:47:48.0636750Z Fetched 12.6 MB in 1s (10.5 MB/s)
2026-10-06T18:47:48.8041028Z Reading package lists...
2026-10-06T18:47:48.8253239Z Reading package lists...
2026-10-06T18:47:49.0316272Z Building dependency tree...
2026-10-06T18:47:49.0322700Z Reading state information...
2026-10-06T18:47:49.0512843Z libasound2t64 is already the newest version (1.2.11-1ubuntu0.3).
2026-10-06T18:47:49.0513433Z libasound2t64 set to manually installed.
2026-10-06T18:47:49.0513983Z libatk-bridge2.0-0t64 is already the newest version (2.52.0-1build1).
2026-10-06T18:47:49.0514497Z libatk-bridge2.0-0t64 set to manually installed.
2026-10-06T18:47:49.0514988Z libatk1.0-0t64 is already the newest version (2.52.0-1build1).
2026-10-06T18:47:49.0515489Z libatk1.0-0t64 set to manually installed.
2026-10-06T18:47:49.0515979Z libatspi2.0-0t64 is already the newest version (2.52.0-1build1).
2026-10-06T18:47:49.0516478Z libatspi2.0-0t64 set to manually installed.
2026-10-06T18:47:49.0516938Z libcairo2 is already the newest version (1.18.0-3build1).
2026-10-06T18:47:49.0517374Z libcairo2 set to manually installed.
2026-10-06T18:47:49.0517844Z libcups2t64 is already the newest version (2.4.7-1.2ubuntu7.14).
2026-10-06T18:47:49.0518498Z libcups2t64 set to manually installed.
2026-10-06T18:47:49.0518976Z libdbus-1-3 is already the newest version (1.14.10-4ubuntu4.1).
2026-10-06T18:47:49.0519421Z libdbus-1-3 set to manually installed.
2026-10-06T18:47:49.0519894Z libdrm2 is already the newest version (2.4.125-1ubuntu0.1~24.04.2).
2026-10-06T18:47:49.0520353Z libdrm2 set to manually installed.
2026-10-06T18:47:49.0520814Z libglib2.0-0t64 is already the newest version (2.80.0-6ubuntu3.9).
2026-10-06T18:47:49.0521732Z libglib2.0-0t64 set to manually installed.
2026-10-06T18:47:49.0522210Z libnspr4 is already the newest version (2:4.35-1.1build1).
2026-10-06T18:47:49.0522636Z libnspr4 set to manually installed.
2026-10-06T18:47:49.0523064Z libnss3 is already the newest version (2:3.98-1ubuntu0.2).
2026-10-06T18:47:49.0523481Z libnss3 set to manually installed.
2026-10-06T18:47:49.0523941Z libpango-1.0-0 is already the newest version (1.52.1+ds-1build1).
2026-10-06T18:47:49.0524395Z libpango-1.0-0 set to manually installed.
2026-10-06T18:47:49.0524839Z libx11-6 is already the newest version (2:1.8.7-1build1).
2026-10-06T18:47:49.0525269Z libx11-6 set to manually installed.
2026-10-06T18:47:49.0525670Z libxcb1 is already the newest version (1.15-1ubuntu2).
2026-10-06T18:47:49.0526067Z libxcb1 set to manually installed.
2026-10-06T18:47:49.0526539Z libxcomposite1 is already the newest version (1:0.4.5-1build3).
2026-10-06T18:47:49.0527010Z libxcomposite1 set to manually installed.
2026-10-06T18:47:49.0527488Z libxdamage1 is already the newest version (1:1.1.6-1build1).
2026-10-06T18:47:49.0527936Z libxdamage1 set to manually installed.
2026-10-06T18:47:49.0528526Z libxext6 is already the newest version (2:1.3.4-1build2).
2026-10-06T18:47:49.0528941Z libxext6 set to manually installed.
2026-10-06T18:47:49.0529393Z libxfixes3 is already the newest version (1:6.0.0-2build1).
2026-10-06T18:47:49.0529823Z libxfixes3 set to manually installed.
2026-10-06T18:47:49.0530277Z libxkbcommon0 is already the newest version (1.6.0-1build1).
2026-10-06T18:47:49.0530735Z libxkbcommon0 set to manually installed.
2026-10-06T18:47:49.0531189Z libxrandr2 is already the newest version (2:1.5.2-2build1).
2026-10-06T18:47:49.0531622Z libxrandr2 set to manually installed.
2026-10-06T18:47:49.0532065Z xvfb is already the newest version (2:21.1.12-1ubuntu1.8).
2026-10-06T18:47:49.0532695Z fonts-noto-color-emoji is already the newest version (2.047-0ubuntu0.24.04.1).
2026-10-06T18:47:49.0533330Z libfontconfig1 is already the newest version (2.15.0-1.1ubuntu2).
2026-10-06T18:47:49.0533807Z libfontconfig1 set to manually installed.
2026-10-06T18:47:49.0534289Z fonts-liberation is already the newest version (1:2.1.5-3).
2026-10-06T18:47:49.0534947Z fonts-liberation set to manually installed.
2026-10-06T18:47:49.0535470Z libcairo-gobject2 is already the newest version (1.18.0-3build1).
2026-10-06T18:47:49.0535965Z libcairo-gobject2 set to manually installed.
2026-10-06T18:47:49.0536523Z libgdk-pixbuf-2.0-0 is already the newest version (2.42.10+dfsg-3ubuntu3.3).
2026-10-06T18:47:49.0537055Z libgdk-pixbuf-2.0-0 set to manually installed.
2026-10-06T18:47:49.0537580Z libgtk-3-0t64 is already the newest version (3.24.41-4ubuntu1.3).
2026-10-06T18:47:49.0538044Z libgtk-3-0t64 set to manually installed.
2026-10-06T18:47:49.0538677Z libpangocairo-1.0-0 is already the newest version (1.52.1+ds-1build1).
2026-10-06T18:47:49.0539196Z libpangocairo-1.0-0 set to manually installed.
2026-10-06T18:47:49.0539680Z libx11-xcb1 is already the newest version (2:1.8.7-1build1).
2026-10-06T18:47:49.0540131Z libx11-xcb1 set to manually installed.
2026-10-06T18:47:49.0540588Z libxcb-shm0 is already the newest version (1.15-1ubuntu2).
2026-10-06T18:47:49.0541044Z libxcb-shm0 set to manually installed.
2026-10-06T18:47:49.0541521Z libxcursor1 is already the newest version (1:1.2.1-1build1).
2026-10-06T18:47:49.0541967Z libxcursor1 set to manually installed.
2026-10-06T18:47:49.0542401Z libxi6 is already the newest version (2:1.8.1-1build1).
2026-10-06T18:47:49.0542812Z libxi6 set to manually installed.
2026-10-06T18:47:49.0543276Z libxrender1 is already the newest version (1:0.9.10-1.1build1).
2026-10-06T18:47:49.0543738Z libxrender1 set to manually installed.
2026-10-06T18:47:49.0544184Z libicu74 is already the newest version (74.2-1ubuntu3.1).
2026-10-06T18:47:49.0544734Z libatomic1 is already the newest version (14.2.0-4ubuntu2~24.04.1).
2026-10-06T18:47:49.0545218Z libatomic1 set to manually installed.
2026-10-06T18:47:49.0545688Z libenchant-2-2 is already the newest version (2.3.3-2build2).
2026-10-06T18:47:49.0546398Z libenchant-2-2 set to manually installed.
2026-10-06T18:47:49.0546866Z libepoxy0 is already the newest version (1.5.10-1build1).
2026-10-06T18:47:49.0547314Z libepoxy0 set to manually installed.
2026-10-06T18:47:49.0547814Z libgstreamer1.0-0 is already the newest version (1.24.2-1ubuntu0.1).
2026-10-06T18:47:49.0548445Z libgstreamer1.0-0 set to manually installed.
2026-10-06T18:47:49.0548947Z libharfbuzz0b is already the newest version (8.3.0-2build2).
2026-10-06T18:47:49.0549406Z libharfbuzz0b set to manually installed.
2026-10-06T18:47:49.0549901Z libjpeg-turbo8 is already the newest version (2.1.5-2ubuntu2).
2026-10-06T18:47:49.0550377Z libjpeg-turbo8 set to manually installed.
2026-10-06T18:47:49.0550849Z liblcms2-2 is already the newest version (2.14-2ubuntu0.1).
2026-10-06T18:47:49.2009345Z liblcms2-2 set to manually installed.
2026-10-06T18:47:49.2009991Z libpng16-16t64 is already the newest version (1.6.43-5ubuntu0.6).
2026-10-06T18:47:49.2010559Z libpng16-16t64 set to manually installed.
2026-10-06T18:47:49.2011136Z libwayland-client0 is already the newest version (1.22.0-2.1build1).
2026-10-06T18:47:49.2011739Z libwayland-client0 set to manually installed.
2026-10-06T18:47:49.2012316Z libwayland-egl1 is already the newest version (1.22.0-2.1build1).
2026-10-06T18:47:49.2012873Z libwayland-egl1 set to manually installed.
2026-10-06T18:47:49.2013369Z libwebp7 is already the newest version (1.3.2-0.4build3).
2026-10-06T18:47:49.2013833Z libwebp7 set to manually installed.
2026-10-06T18:47:49.2014331Z libwebpdemux2 is already the newest version (1.3.2-0.4build3).
2026-10-06T18:47:49.2015002Z libwebpdemux2 set to manually installed.
2026-10-06T18:47:49.2015786Z libxml2 is already the newest version (2.9.14+dfsg-1.3ubuntu3.9).
2026-10-06T18:47:49.2016547Z libxml2 set to manually installed.
2026-10-06T18:47:49.2017188Z libxslt1.1 is already the newest version (1.1.39-0exp1ubuntu0.24.04.3).
2026-10-06T18:47:49.2017929Z libxslt1.1 set to manually installed.
2026-10-06T18:47:49.2018703Z The following additional packages will be installed:
2026-10-06T18:47:49.2019437Z   glib-networking glib-networking-common glib-networking-services
2026-10-06T18:47:49.2020790Z   gsettings-desktop-schemas libaa1 libabsl20220623t64 libass9 libasyncns0
2026-10-06T18:47:49.2021755Z   libavc1394-0 libavfilter9 libavformat60 libavtp0 libavutil58 libblas3
2026-10-06T18:47:49.2022556Z   libbluray2 libbs2b0 libcaca0 libcairo-script-interpreter2 libcdparanoia0
2026-10-06T18:47:49.2023383Z   libchromaprint1 libcjson1 libcodec2-1.2 libdav1d7 libdc1394-25 libdca0
2026-10-06T18:47:49.2024262Z   libde265-0 libdecor-0-0 libdirectfb-1.7-7t64 libdv4t64 libdvdnav4
2026-10-06T18:47:49.2024959Z   libdvdread8t64 libegl-mesa0 libegl1 libevent-core-2.1-7t64
2026-10-06T18:47:49.2025665Z   libevent-pthreads-2.1-7t64 libfaad2 libflac12t64 libfluidsynth3 libfreeaptx0
2026-10-06T18:47:49.2026354Z   libgav1-1 libgl1-mesa-dri libglx-mesa0 libgme0 libgraphene-1.0-0 libgsm1
2026-10-06T18:47:49.2026988Z   libgssdp-1.6-0 libgstreamer-plugins-good1.0-0 libgtk-4-common libgupnp-1.6-0
2026-10-06T18:47:49.2027571Z   libgupnp-igd-1.6-0 libhwy1t64 libiec61883-0 libimath-3-1-29t64
2026-10-06T18:47:49.2028089Z   libinstpatch-1.0-2 libjack-jackd2-0 libjxl0.7 liblapack3 liblc3-1
2026-10-06T18:47:49.2028766Z   libldacbt-enc2 liblilv-0-0 liblrdf0 libltc11 libmbedcrypto7t64 libmfx1
2026-10-06T18:47:49.2029301Z   libmjpegutils-2.1-0t64 libmodplug1 libmp3lame0 libmpcdec6
2026-10-06T18:47:49.2029821Z   libmpeg2encpp-2.1-0t64 libmpg123-0t64 libmplex2-2.1-0t64 libmysofa1
2026-10-06T18:47:49.2030304Z   libneon27t64 libnice10 libopenal-data libopenal1 libopenexr-3-1-30
2026-10-06T18:47:49.2030836Z   libopenh264-7 libopenmpt0t64 libopenni2-0 liborc-0.4-0t64
2026-10-06T18:47:49.2031306Z   libpipewire-0.3-0t64 libplacebo338 libpocketsphinx3 libpostproc57
2026-10-06T18:47:49.2031882Z   libproxy1v5 libpulse0 libqrencode4 libraptor2-0 librav1e0 libraw1394-11
2026-10-06T18:47:49.2032422Z   librist4 librsvg2-2 librubberband2 libsamplerate0 libsbc1 libsdl2-2.0-0
2026-10-06T18:47:49.2033110Z   libsecret-common libserd-0-0 libshine3 libshout3 libsndfile1 libsndio7.0
2026-10-06T18:47:49.2033716Z   libsord-0-0 libsoundtouch1 libsoup-3.0-0 libsoup-3.0-common libsoxr0
2026-10-06T18:47:49.2034231Z   libspa-0.2-modules libspandsp2t64 libspeex1 libsphinxbase3t64 libsratom-0-0
2026-10-06T18:47:49.2034835Z   libsrt1.5-gnutls libsrtp2-1 libssh-gcrypt-4 libsvtav1enc1d1 libswresample4
2026-10-06T18:47:49.2035404Z   libswscale7 libtag1v5 libtag1v5-vanilla libtheora0 libtwolame0 libudfread0
2026-10-06T18:47:49.2035942Z   libunibreak5 libv4l-0t64 libv4lconvert0t64 libva-drm2 libva-x11-2 libva2
2026-10-06T18:47:49.2036459Z   libvdpau1 libvidstab1.1 libvisual-0.4-0 libvo-aacenc0 libvo-amrwbenc0
2026-10-06T18:47:49.2037000Z   libvorbisenc2 libvpl2 libwavpack1 libwebrtc-audio-processing1 libwildmidi2
2026-10-06T18:47:49.2037609Z   libx265-199 libxcb-xkb1 libxkbcommon-x11-0 libxvidcore4 libyuv0 libzbar0t64
2026-10-06T18:47:49.2038158Z   libzimg2 libzix-0-0 libzvbi-common libzvbi0t64 libzxing3 mesa-libgallium
2026-10-06T18:47:49.2038902Z   ocl-icd-libopencl1 session-migration timgm6mb-soundfont xfonts-encodings
2026-10-06T18:47:49.2039309Z   xfonts-utils
2026-10-06T18:47:49.2039709Z Suggested packages:
2026-10-06T18:47:49.2040136Z   frei0r-plugins gvfs libcuda1 libnvcuvid1 libnvidia-encode1 libbluray-bdj
2026-10-06T18:47:49.2040672Z   libdirectfb-extra libdv-bin oss-compat libdvdcss2 libvisual-0.4-plugins
2026-10-06T18:47:49.2041227Z   jackd2 liblrdf0-dev libportaudio2 opus-tools pipewire pulseaudio
2026-10-06T18:47:49.2041762Z   raptor2-utils libraw1394-doc librsvg2-bin serdi sndiod sordi speex
2026-10-06T18:47:49.2042270Z   libwildmidi-config opencl-icd fluid-soundfont-gm
2026-10-06T18:47:49.2042635Z Recommended packages:
2026-10-06T18:47:49.2043066Z   fonts-ipafont-mincho fonts-tlwg-loma gstreamer1.0-x libaacs0
2026-10-06T18:47:49.2043570Z   default-libdecor-0-plugin-1 | libdecor-0-plugin-1 gstreamer1.0-gl
2026-10-06T18:47:49.2044096Z   libgtk-4-bin librsvg2-common libgtk-4-media-gstreamer libpipewire-0.3-common
2026-10-06T18:47:49.2044746Z   pocketsphinx-en-us va-driver-all | va-driver vdpau-driver-all | vdpau-driver
2026-10-06T18:47:49.2045165Z   libmagickcore-6.q16-7-extra
2026-10-06T18:47:49.3340907Z The following NEW packages will be installed:
2026-10-06T18:47:49.3341846Z   fonts-freefont-ttf fonts-ipafont-gothic fonts-tlwg-loma-otf fonts-unifont
2026-10-06T18:47:49.3342917Z   fonts-wqy-zenhei glib-networking glib-networking-common
2026-10-06T18:47:49.3343802Z   glib-networking-services gsettings-desktop-schemas gstreamer1.0-libav
2026-10-06T18:47:49.3344891Z   gstreamer1.0-plugins-bad gstreamer1.0-plugins-base gstreamer1.0-plugins-good
2026-10-06T18:47:49.3345862Z   libaa1 libabsl20220623t64 libass9 libasyncns0 libavc1394-0 libavcodec60
2026-10-06T18:47:49.3346647Z   libavfilter9 libavformat60 libavif16 libavtp0 libavutil58 libblas3
2026-10-06T18:47:49.3347632Z   libbluray2 libbs2b0 libcaca0 libcairo-script-interpreter2 libcdparanoia0
2026-10-06T18:47:49.3348775Z   libchromaprint1 libcjson1 libcodec2-1.2 libdav1d7 libdc1394-25 libdca0
2026-10-06T18:47:49.3349713Z   libde265-0 libdecor-0-0 libdirectfb-1.7-7t64 libdv4t64 libdvdnav4
2026-10-06T18:47:49.3350616Z   libdvdread8t64 libegl-mesa0 libegl1 libevent-2.1-7t64 libfaad2 libflac12t64
2026-10-06T18:47:49.3351556Z   libflite1 libfluidsynth3 libfreeaptx0 libgav1-1 libgles2 libgme0
2026-10-06T18:47:49.3352335Z   libgraphene-1.0-0 libgsm1 libgssdp-1.6-0 libgstreamer-gl1.0-0
2026-10-06T18:47:49.3353117Z   libgstreamer-plugins-bad1.0-0 libgstreamer-plugins-base1.0-0
2026-10-06T18:47:49.3353879Z   libgstreamer-plugins-good1.0-0 libgtk-4-1 libgtk-4-common libgupnp-1.6-0
2026-10-06T18:47:49.3354705Z   libgupnp-igd-1.6-0 libharfbuzz-icu0 libhwy1t64 libhyphen0 libiec61883-0
2026-10-06T18:47:49.3355611Z   libimath-3-1-29t64 libinstpatch-1.0-2 libjack-jackd2-0 libjxl0.7 liblapack3
2026-10-06T18:47:49.3356474Z   liblc3-1 libldacbt-enc2 liblilv-0-0 liblrdf0 libltc11 libmanette-0.2-0
2026-10-06T18:47:49.3357416Z   libmbedcrypto7t64 libmfx1 libmjpegutils-2.1-0t64 libmodplug1 libmp3lame0
2026-10-06T18:47:49.3358608Z   libmpcdec6 libmpeg2encpp-2.1-0t64 libmpg123-0t64 libmplex2-2.1-0t64
2026-10-06T18:47:49.3359348Z   libmysofa1 libneon27t64 libnice10 libopenal-data libopenal1
2026-10-06T18:47:49.3360307Z   libopenexr-3-1-30 libopenh264-7 libopenmpt0t64 libopenni2-0 libopus0
2026-10-06T18:47:49.3361143Z   liborc-0.4-0t64 libpipewire-0.3-0t64 libplacebo338 libpocketsphinx3
2026-10-06T18:47:49.3362078Z   libpostproc57 libproxy1v5 libpulse0 libqrencode4 libraptor2-0 librav1e0
2026-10-06T18:47:49.3362913Z   libraw1394-11 librist4 librsvg2-2 librubberband2 libsamplerate0 libsbc1
2026-10-06T18:47:49.3363794Z   libsdl2-2.0-0 libsecret-1-0 libsecret-common libserd-0-0 libshine3 libshout3
2026-10-06T18:47:49.3364719Z   libsndfile1 libsndio7.0 libsord-0-0 libsoundtouch1 libsoup-3.0-0
2026-10-06T18:47:49.3365507Z   libsoup-3.0-common libsoxr0 libspa-0.2-modules libspandsp2t64 libspeex1
2026-10-06T18:47:49.3366475Z   libsphinxbase3t64 libsratom-0-0 libsrt1.5-gnutls libsrtp2-1 libssh-gcrypt-4
2026-10-06T18:47:49.3367427Z   libsvtav1enc1d1 libswresample4 libswscale7 libtag1v5 libtag1v5-vanilla
2026-10-06T18:47:49.3368474Z   libtheora0 libtwolame0 libudfread0 libunibreak5 libv4l-0t64
2026-10-06T18:47:49.3369329Z   libv4lconvert0t64 libva-drm2 libva-x11-2 libva2 libvdpau1 libvidstab1.1
2026-10-06T18:47:49.3370268Z   libvisual-0.4-0 libvo-aacenc0 libvo-amrwbenc0 libvorbisenc2 libvpl2 libvpx9
2026-10-06T18:47:49.3371198Z   libwavpack1 libwayland-server0 libwebrtc-audio-processing1 libwildmidi2
2026-10-06T18:47:49.3372124Z   libwoff1 libx264-164 libx265-199 libxcb-xkb1 libxkbcommon-x11-0 libxvidcore4
2026-10-06T18:47:49.3373041Z   libyuv0 libzbar0t64 libzimg2 libzix-0-0 libzvbi-common libzvbi0t64 libzxing3
2026-10-06T18:47:49.3373839Z   ocl-icd-libopencl1 session-migration timgm6mb-soundfont xfonts-cyrillic
2026-10-06T18:47:49.3374607Z   xfonts-encodings xfonts-scalable xfonts-utils
2026-10-06T18:47:49.3375184Z The following packages will be upgraded:
2026-10-06T18:47:49.3375810Z   libevent-core-2.1-7t64 libevent-pthreads-2.1-7t64 libfreetype6 libgbm1
2026-10-06T18:47:49.3376612Z   libgl1-mesa-dri libglx-mesa0 mesa-libgallium
2026-10-06T18:47:49.3560275Z 7 upgraded, 181 newly installed, 0 to remove and 22 not upgraded.
2026-10-06T18:47:49.3561075Z Need to get 126 MB of archives.
2026-10-06T18:47:49.3561771Z After this operation, 364 MB of additional disk space will be used.
2026-10-06T18:47:49.3562571Z Get:1 file:/etc/apt/apt-mirrors.txt Mirrorlist [144 B]
2026-10-06T18:47:49.4572378Z Get:2 http://azure.archive.ubuntu.com/ubuntu noble/universe amd64 fonts-ipafont-gothic all 00303-21ubuntu1 [3513 kB]
2026-10-06T18:47:49.6639592Z Get:3 http://azure.archive.ubuntu.com/ubuntu noble/main amd64 fonts-freefont-ttf all 20211204+svn4273-2 [5641 kB]
2026-10-06T18:47:49.8937044Z Get:4 http://azure.archive.ubuntu.com/ubuntu noble/universe amd64 fonts-tlwg-loma-otf all 1:0.7.3-1 [107 kB]
2026-10-06T18:47:50.0102041Z Get:5 http://azure.archive.ubuntu.com/ubuntu noble/universe amd64 fonts-unifont all 1:15.1.01-1build1 [2993 kB]
2026-10-06T18:47:50.2382474Z Get:6 http://azure.archive.ubuntu.com/ubuntu noble/universe amd64 fonts-wqy-zenhei all 0.9.45-8 [7472 kB]
2026-10-06T18:47:50.4844979Z Get:7 http://azure.archive.ubuntu.com/ubuntu noble/main amd64 libproxy1v5 amd64 0.5.4-4build1 [26.5 kB]
2026-10-06T18:47:50.5572310Z Get:8 http://azure.archive.ubuntu.com/ubuntu noble/main amd64 glib-networking-common all 2.80.0-1build1 [6702 B]
2026-10-06T18:47:50.6297266Z Get:9 http://azure.archive.ubuntu.com/ubuntu noble/main amd64 glib-networking-services amd64 2.80.0-1build1 [12.8 kB]
2026-10-06T18:47:50.7023995Z Get:10 http://azure.archive.ubuntu.com/ubuntu noble/main amd64 session-migration amd64 0.3.9build1 [9034 B]
2026-10-06T18:47:50.7753191Z Get:11 http://azure.archive.ubuntu.com/ubuntu noble-updates/main amd64 gsettings-desktop-schemas all 46.1-0ubuntu1 [35.6 kB]
2026-10-06T18:47:50.8479556Z Get:12 http://azure.archive.ubuntu.com/ubuntu noble/main amd64 glib-networking amd64 2.80.0-1build1 [64.1 kB]
2026-10-06T18:47:50.9207949Z Get:13 http://azure.archive.ubuntu.com/ubuntu noble-updates/universe amd64 libva2 amd64 2.20.0-2ubuntu0.2 [66.4 kB]
2026-10-06T18:47:50.9937838Z Get:14 http://azure.archive.ubuntu.com/ubuntu noble-updates/universe amd64 libva-drm2 amd64 2.20.0-2ubuntu0.2 [7124 B]
2026-10-06T18:47:51.0669795Z Get:15 http://azure.archive.ubuntu.com/ubuntu noble-updates/universe amd64 libva-x11-2 amd64 2.20.0-2ubuntu0.2 [12.0 kB]
2026-10-06T18:47:51.1396223Z Get:16 http://azure.archive.ubuntu.com/ubuntu noble/main amd64 libvdpau1 amd64 1.5-2build1 [27.8 kB]
2026-10-06T18:47:51.2123443Z Get:17 http://azure.archive.ubuntu.com/ubuntu noble/universe amd64 libvpl2 amd64 2023.3.0-1build1 [99.8 kB]
2026-10-06T18:47:51.2861445Z Get:18 http://azure.archive.ubuntu.com/ubuntu noble/universe amd64 ocl-icd-libopencl1 amd64 2.3.2-1build1 [38.5 kB]
2026-10-06T18:47:51.3590916Z Get:19 http://azure.archive.ubuntu.com/ubuntu noble/universe amd64 libavutil58 amd64 7:6.1.1-3ubuntu5 [401 kB]
2026-10-06T18:47:51.4396914Z Get:20 http://azure.archive.ubuntu.com/ubuntu noble/universe amd64 libcodec2-1.2 amd64 1.2.0-2build1 [8998 kB]
2026-10-06T18:47:51.7218111Z Get:21 http://azure.archive.ubuntu.com/ubuntu noble/universe amd64 libdav1d7 amd64 1.4.1-1build1 [604 kB]
2026-10-06T18:47:51.8079252Z Get:22 http://azure.archive.ubuntu.com/ubuntu noble/universe amd64 libgsm1 amd64 1.0.22-1build1 [27.8 kB]
2026-10-06T18:47:51.8806910Z Get:23 http://azure.archive.ubuntu.com/ubuntu noble/universe amd64 libhwy1t64 amd64 1.0.7-8.1build1 [584 kB]
2026-10-06T18:47:51.9659076Z Get:24 http://azure.archive.ubuntu.com/ubuntu noble-updates/universe amd64 libjxl0.7 amd64 0.7.0-10.2ubuntu6.1 [1001 kB]
2026-10-06T18:47:52.0608457Z Get:25 http://azure.archive.ubuntu.com/ubuntu noble/main amd64 libmp3lame0 amd64 3.100-6build1 [142 kB]
2026-10-06T18:47:52.1364862Z Get:26 http://azure.archive.ubuntu.com/ubuntu noble/main amd64 libopus0 amd64 1.4-1build1 [208 kB]
2026-10-06T18:47:52.3359699Z Get:27 http://azure.archive.ubuntu.com/ubuntu noble/universe amd64 librav1e0 amd64 0.7.1-2 [1022 kB]
2026-10-06T18:47:52.7124546Z Get:28 http://azure.archive.ubuntu.com/ubuntu noble/main amd64 librsvg2-2 amd64 2.58.0+dfsg-1build1 [2135 kB]
2026-10-06T18:47:52.9134045Z Get:29 http://azure.archive.ubuntu.com/ubuntu noble/universe amd64 libshine3 amd64 3.1.1-2build1 [23.2 kB]
2026-10-06T18:47:52.9891570Z Get:30 http://azure.archive.ubuntu.com/ubuntu noble-updates/main amd64 libspeex1 amd64 1.2.1-2ubuntu2.24.04.1 [59.6 kB]
2026-10-06T18:47:53.0661482Z Get:31 http://azure.archive.ubuntu.com/ubuntu noble/universe amd64 libsvtav1enc1d1 amd64 1.7.0+dfsg-2build1 [2425 kB]
2026-10-06T18:47:53.1999001Z Get:32 http://azure.archive.ubuntu.com/ubuntu noble/universe amd64 libsoxr0 amd64 0.1.3-4build3 [80.0 kB]
2026-10-06T18:47:53.2763915Z Get:33 http://azure.archive.ubuntu.com/ubuntu noble/universe amd64 libswresample4 amd64 7:6.1.1-3ubuntu5 [63.8 kB]
2026-10-06T18:47:53.3529124Z Get:34 http://azure.archive.ubuntu.com/ubuntu noble/main amd64 libtheora0 amd64 1.1.1+dfsg.1-16.1build3 [211 kB]
2026-10-06T18:47:53.4320976Z Get:35 http://azure.archive.ubuntu.com/ubuntu noble/main amd64 libtwolame0 amd64 0.4.0-2build3 [52.3 kB]
2026-10-06T18:47:53.5080613Z Get:36 http://azure.archive.ubuntu.com/ubuntu noble/main amd64 libvorbisenc2 amd64 1.3.7-1build3 [80.8 kB]
2026-10-06T18:47:53.5846985Z Get:37 http://azure.archive.ubuntu.com/ubuntu noble-updates/main amd64 libvpx9 amd64 1.14.0-1ubuntu2.3 [1143 kB]
2026-10-06T18:47:53.6815659Z Get:38 http://azure.archive.ubuntu.com/ubuntu noble/universe amd64 libx264-164 amd64 2:0.164.3108+git31e19f9-1 [604 kB]
2026-10-06T18:47:53.7685943Z Get:39 http://azure.archive.ubuntu.com/ubuntu noble/universe amd64 libx265-199 amd64 3.5-2build1 [1226 kB]
2026-10-06T18:47:53.8672774Z Get:40 http://azure.archive.ubuntu.com/ubuntu noble/universe amd64 libxvidcore4 amd64 2:1.3.7-1build1 [219 kB]
2026-10-06T18:47:53.9463113Z Get:41 http://azure.archive.ubuntu.com/ubuntu noble/universe amd64 libzvbi-common all 0.2.42-2 [42.4 kB]
2026-10-06T18:47:54.0220732Z Get:42 http://azure.archive.ubuntu.com/ubuntu noble/universe amd64 libzvbi0t64 amd64 0.2.42-2 [261 kB]
2026-10-06T18:47:54.1027585Z Get:43 http://azure.archive.ubuntu.com/ubuntu noble/universe amd64 libavcodec60 amd64 7:6.1.1-3ubuntu5 [5851 kB]
2026-10-06T18:47:54.3089792Z Get:44 http://azure.archive.ubuntu.com/ubuntu noble-updates/main amd64 libfreetype6 amd64 2.13.2+dfsg-1ubuntu0.2 [403 kB]
2026-10-06T18:47:54.3963073Z Get:45 http://azure.archive.ubuntu.com/ubuntu noble/universe amd64 libunibreak5 amd64 5.1-2build1 [25.0 kB]
2026-10-06T18:47:54.4722340Z Get:46 http://azure.archive.ubuntu.com/ubuntu noble/universe amd64 libass9 amd64 1:0.17.1-2build1 [104 kB]
2026-10-06T18:47:54.5484554Z Get:47 http://azure.archive.ubuntu.com/ubuntu noble/universe amd64 libudfread0 amd64 1.1.2-1build1 [19.0 kB]
2026-10-06T18:47:54.6204244Z Get:48 http://azure.archive.ubuntu.com/ubuntu noble/universe amd64 libbluray2 amd64 1:1.3.4-1build1 [159 kB]
2026-10-06T18:47:54.6952800Z Get:49 http://azure.archive.ubuntu.com/ubuntu noble/universe amd64 libchromaprint1 amd64 1.5.1-5 [30.5 kB]
2026-10-06T18:47:54.7671642Z Get:50 http://azure.archive.ubuntu.com/ubuntu noble/universe amd64 libgme0 amd64 0.6.3-7build1 [134 kB]
2026-10-06T18:47:54.8412555Z Get:51 http://azure.archive.ubuntu.com/ubuntu noble-updates/main amd64 libmpg123-0t64 amd64 1.32.5-1ubuntu1.1 [169 kB]
2026-10-06T18:47:54.9168876Z Get:52 http://azure.archive.ubuntu.com/ubuntu noble/universe amd64 libopenmpt0t64 amd64 0.7.3-1.1build3 [647 kB]
2026-10-06T18:47:55.0032314Z Get:53 http://azure.archive.ubuntu.com/ubuntu noble/universe amd64 libcjson1 amd64 1.7.17-1 [24.8 kB]
2026-10-06T18:47:55.0759122Z Get:54 http://azure.archive.ubuntu.com/ubuntu noble/universe amd64 libmbedcrypto7t64 amd64 2.28.8-1 [209 kB]
2026-10-06T18:47:55.1526158Z Get:55 http://azure.archive.ubuntu.com/ubuntu noble/universe amd64 librist4 amd64 0.2.10+dfsg-2 [74.9 kB]
2026-10-06T18:47:55.2259761Z Get:56 http://azure.archive.ubuntu.com/ubuntu noble/universe amd64 libsrt1.5-gnutls amd64 1.5.3-1build2 [316 kB]
2026-10-06T18:47:55.3745648Z Get:57 http://azure.archive.ubuntu.com/ubuntu noble-updates/main amd64 libssh-gcrypt-4 amd64 0.10.6-2ubuntu0.5 [226 kB]
2026-10-06T18:47:55.7607740Z Get:58 http://azure.archive.ubuntu.com/ubuntu noble/universe amd64 libavformat60 amd64 7:6.1.1-3ubuntu5 [1153 kB]
2026-10-06T18:47:56.1021600Z Get:59 http://azure.archive.ubuntu.com/ubuntu noble/universe amd64 libbs2b0 amd64 3.1.0+dfsg-7build1 [10.6 kB]
2026-10-06T18:47:56.1751281Z Get:60 http://azure.archive.ubuntu.com/ubuntu noble/universe amd64 libflite1 amd64 2.2-6build3 [13.6 MB]
2026-10-06T18:47:56.5621138Z Get:61 http://azure.archive.ubuntu.com/ubuntu noble/universe amd64 libserd-0-0 amd64 0.32.2-1 [43.6 kB]
2026-10-06T18:47:56.6347470Z Get:62 http://azure.archive.ubuntu.com/ubuntu noble/universe amd64 libzix-0-0 amd64 0.4.2-2build1 [23.6 kB]
2026-10-06T18:47:56.7112858Z Get:63 http://azure.archive.ubuntu.com/ubuntu noble/universe amd64 libsord-0-0 amd64 0.16.16-2build1 [15.8 kB]
2026-10-06T18:47:56.7874027Z Get:64 http://azure.archive.ubuntu.com/ubuntu noble/universe amd64 libsratom-0-0 amd64 0.6.16-1build1 [17.3 kB]
2026-10-06T18:47:56.8631630Z Get:65 http://azure.archive.ubuntu.com/ubuntu noble/universe amd64 liblilv-0-0 amd64 0.24.22-1build1 [41.0 kB]
2026-10-06T18:47:56.9391084Z Get:66 http://azure.archive.ubuntu.com/ubuntu noble/universe amd64 libmysofa1 amd64 1.3.2+dfsg-2ubuntu2 [1158 kB]
2026-10-06T18:47:57.0241366Z Get:67 http://azure.archive.ubuntu.com/ubuntu noble/universe amd64 libplacebo338 amd64 6.338.2-2build1 [2654 kB]
2026-10-06T18:47:57.1218790Z Get:68 http://azure.archive.ubuntu.com/ubuntu noble-updates/main amd64 libblas3 amd64 3.12.0-3build1.1 [238 kB]
2026-10-06T18:47:57.1995412Z Get:69 http://azure.archive.ubuntu.com/ubuntu noble-updates/main amd64 liblapack3 amd64 3.12.0-3build1.1 [2646 kB]
2026-10-06T18:47:57.3022030Z Get:70 http://azure.archive.ubuntu.com/ubuntu noble/main amd64 libasyncns0 amd64 0.8-6build4 [11.3 kB]
2026-10-06T18:47:57.3779321Z Get:71 http://azure.archive.ubuntu.com/ubuntu noble/main amd64 libflac12t64 amd64 1.4.3+ds-2.1ubuntu2 [197 kB]
2026-10-06T18:47:57.4582098Z Get:72 http://azure.archive.ubuntu.com/ubuntu noble-updates/main amd64 libsndfile1 amd64 1.2.2-1ubuntu5.24.04.1 [209 kB]
2026-10-06T18:47:57.5348796Z Get:73 http://azure.archive.ubuntu.com/ubuntu noble-updates/main amd64 libpulse0 amd64 1:16.1+dfsg1-2ubuntu10.1 [292 kB]
2026-10-06T18:47:57.6126095Z Get:74 http://azure.archive.ubuntu.com/ubuntu noble/universe amd64 libsphinxbase3t64 amd64 0.8+5prealpha+1-17build2 [126 kB]
2026-10-06T18:47:57.6894033Z Get:75 http://azure.archive.ubuntu.com/ubuntu noble/universe amd64 libpocketsphinx3 amd64 0.8.0+real5prealpha+1-15ubuntu5 [133 kB]
2026-10-06T18:47:57.7665300Z Get:76 http://azure.archive.ubuntu.com/ubuntu noble/universe amd64 libpostproc57 amd64 7:6.1.1-3ubuntu5 [49.9 kB]
2026-10-06T18:47:57.8430968Z Get:77 http://azure.archive.ubuntu.com/ubuntu noble/main amd64 libsamplerate0 amd64 0.2.2-4build1 [1344 kB]
2026-10-06T18:47:57.9295614Z Get:78 http://azure.archive.ubuntu.com/ubuntu noble/universe amd64 librubberband2 amd64 3.3.0+dfsg-2build1 [130 kB]
2026-10-06T18:47:58.0066037Z Get:79 http://azure.archive.ubuntu.com/ubuntu noble/universe amd64 libswscale7 amd64 7:6.1.1-3ubuntu5 [193 kB]
2026-10-06T18:47:58.0830554Z Get:80 http://azure.archive.ubuntu.com/ubuntu noble/universe amd64 libvidstab1.1 amd64 1.1.0-2build1 [38.5 kB]
2026-10-06T18:47:58.1552011Z Get:81 http://azure.archive.ubuntu.com/ubuntu noble/universe amd64 libzimg2 amd64 3.0.5+ds1-1build1 [254 kB]
2026-10-06T18:47:58.4711171Z Get:82 http://azure.archive.ubuntu.com/ubuntu noble/universe amd64 libavfilter9 amd64 7:6.1.1-3ubuntu5 [4235 kB]
2026-10-06T18:47:58.8560825Z Get:83 http://azure.archive.ubuntu.com/ubuntu noble-updates/main amd64 liborc-0.4-0t64 amd64 1:0.4.38-1ubuntu0.1 [207 kB]
2026-10-06T18:47:58.9296039Z Get:84 http://azure.archive.ubuntu.com/ubuntu noble-updates/main amd64 libgstreamer-plugins-base1.0-0 amd64 1.24.2-1ubuntu0.5 [862 kB]
2026-10-06T18:47:59.0104240Z Get:85 http://azure.archive.ubuntu.com/ubuntu noble/universe amd64 gstreamer1.0-libav amd64 1.24.1-1build1 [103 kB]
2026-10-06T18:47:59.0828712Z Get:86 http://azure.archive.ubuntu.com/ubuntu noble/main amd64 libcdparanoia0 amd64 3.10.2+debian-14build3 [48.5 kB]
2026-10-06T18:47:59.1551670Z Get:87 http://azure.archive.ubuntu.com/ubuntu noble/main amd64 libvisual-0.4-0 amd64 0.4.2-2build1 [115 kB]
2026-10-06T18:47:59.2317415Z Get:88 http://azure.archive.ubuntu.com/ubuntu noble-updates/main amd64 gstreamer1.0-plugins-base amd64 1.24.2-1ubuntu0.5 [721 kB]
2026-10-06T18:47:59.3234411Z Get:89 http://azure.archive.ubuntu.com/ubuntu noble/main amd64 libaa1 amd64 1.4p5-51.1 [49.9 kB]
2026-10-06T18:47:59.3995621Z Get:90 http://azure.archive.ubuntu.com/ubuntu noble/main amd64 libraw1394-11 amd64 2.1.2-2build3 [26.2 kB]
2026-10-06T18:47:59.4753757Z Get:91 http://azure.archive.ubuntu.com/ubuntu noble/main amd64 libavc1394-0 amd64 0.5.4-5build3 [15.4 kB]
2026-10-06T18:47:59.5513280Z Get:92 http://azure.archive.ubuntu.com/ubuntu noble-updates/main amd64 libcaca0 amd64 0.99.beta20-4ubuntu0.2 [209 kB]
2026-10-06T18:47:59.6303360Z Get:93 http://azure.archive.ubuntu.com/ubuntu noble/main amd64 libdv4t64 amd64 1.0.0-17.1build1 [63.2 kB]
2026-10-06T18:47:59.7067703Z Get:94 http://azure.archive.ubuntu.com/ubuntu noble-updates/main amd64 libgstreamer-plugins-good1.0-0 amd64 1.24.2-1ubuntu1.8 [34.3 kB]
2026-10-06T18:47:59.7826982Z Get:95 http://azure.archive.ubuntu.com/ubuntu noble/main amd64 libiec61883-0 amd64 1.2.0-6build1 [24.5 kB]
2026-10-06T18:47:59.8588028Z Get:96 http://azure.archive.ubuntu.com/ubuntu noble/main amd64 libshout3 amd64 2.4.6-1build2 [50.3 kB]
2026-10-06T18:47:59.9349280Z Get:97 http://azure.archive.ubuntu.com/ubuntu noble/main amd64 libtag1v5-vanilla amd64 1.13.1-1build1 [326 kB]
2026-10-06T18:48:00.0173021Z Get:98 http://azure.archive.ubuntu.com/ubuntu noble/main amd64 libtag1v5 amd64 1.13.1-1build1 [11.7 kB]
2026-10-06T18:48:00.0935054Z Get:99 http://azure.archive.ubuntu.com/ubuntu noble/main amd64 libv4lconvert0t64 amd64 1.26.1-4build3 [87.6 kB]
2026-10-06T18:48:00.1700402Z Get:100 http://azure.archive.ubuntu.com/ubuntu noble/main amd64 libv4l-0t64 amd64 1.26.1-4build3 [46.9 kB]
2026-10-06T18:48:00.2462876Z Get:101 http://azure.archive.ubuntu.com/ubuntu noble/main amd64 libwavpack1 amd64 5.6.0-1build1 [84.6 kB]
2026-10-06T18:48:00.3225070Z Get:102 http://azure.archive.ubuntu.com/ubuntu noble-updates/main amd64 libsoup-3.0-common all 3.4.4-5ubuntu0.8 [11.7 kB]
2026-10-06T18:48:00.3956733Z Get:103 http://azure.archive.ubuntu.com/ubuntu noble-updates/main amd64 libsoup-3.0-0 amd64 3.4.4-5ubuntu0.8 [290 kB]
2026-10-06T18:48:00.5905321Z Get:104 http://azure.archive.ubuntu.com/ubuntu noble-updates/main amd64 gstreamer1.0-plugins-good amd64 1.24.2-1ubuntu1.8 [2236 kB]
2026-10-06T18:48:01.2217550Z Get:105 http://azure.archive.ubuntu.com/ubuntu noble-updates/main amd64 libabsl20220623t64 amd64 20220623.1-3.1ubuntu3.2 [423 kB]
2026-10-06T18:48:01.3041349Z Get:106 http://azure.archive.ubuntu.com/ubuntu noble/universe amd64 libgav1-1 amd64 0.18.0-1build3 [357 kB]
2026-10-06T18:48:01.3843412Z Get:107 http://azure.archive.ubuntu.com/ubuntu noble/universe amd64 libyuv0 amd64 0.0~git202401110.af6ac82-1 [178 kB]
2026-10-06T18:48:01.4593629Z Get:108 http://azure.archive.ubuntu.com/ubuntu noble/universe amd64 libavif16 amd64 1.0.4-1ubuntu3 [91.2 kB]
2026-10-06T18:48:01.5333886Z Get:109 http://azure.archive.ubuntu.com/ubuntu noble/universe amd64 libavtp0 amd64 0.2.0-1build1 [6414 B]
2026-10-06T18:48:01.6713801Z Get:110 http://azure.archive.ubuntu.com/ubuntu noble/main amd64 libcairo-script-interpreter2 amd64 1.18.0-3build1 [60.3 kB]
2026-10-06T18:48:01.8856414Z Get:111 http://azure.archive.ubuntu.com/ubuntu noble/universe amd64 libdc1394-25 amd64 2.2.6-4build1 [90.1 kB]
2026-10-06T18:48:01.9943735Z Get:112 http://azure.archive.ubuntu.com/ubuntu noble-updates/main amd64 libde265-0 amd64 1.0.15-1ubuntu0.1 [167 kB]
2026-10-06T18:48:02.2124159Z Get:113 http://azure.archive.ubuntu.com/ubuntu noble/main amd64 libdecor-0-0 amd64 0.2.2-1build2 [16.5 kB]
2026-10-06T18:48:02.3193831Z Get:114 http://azure.archive.ubuntu.com/ubuntu noble/main amd64 libgles2 amd64 1.7.0-1build1 [17.1 kB]
2026-10-06T18:48:02.3942567Z Get:115 http://azure.archive.ubuntu.com/ubuntu noble/universe amd64 libdirectfb-1.7-7t64 amd64 1.7.7-11.1ubuntu2 [1035 kB]
2026-10-06T18:48:02.6481237Z Get:116 http://azure.archive.ubuntu.com/ubuntu noble/universe amd64 libdvdread8t64 amd64 6.1.3-1.1build1 [54.7 kB]
2026-10-06T18:48:02.7214364Z Get:117 http://azure.archive.ubuntu.com/ubuntu noble/universe amd64 libdvdnav4 amd64 6.1.1-3build1 [39.5 kB]
2026-10-06T18:48:02.7960293Z Get:118 http://azure.archive.ubuntu.com/ubuntu noble-updates/main amd64 libgl1-mesa-dri amd64 25.2.8-0ubuntu0.24.04.4 [38.0 kB]
2026-10-06T18:48:02.8680708Z Get:119 http://azure.archive.ubuntu.com/ubuntu noble-updates/main amd64 libglx-mesa0 amd64 25.2.8-0ubuntu0.24.04.4 [110 kB]
2026-10-06T18:48:02.9438945Z Get:120 http://azure.archive.ubuntu.com/ubuntu noble-updates/main amd64 libgbm1 amd64 25.2.8-0ubuntu0.24.04.4 [34.2 kB]
2026-10-06T18:48:03.0166889Z Get:121 http://azure.archive.ubuntu.com/ubuntu noble-updates/main amd64 mesa-libgallium amd64 25.2.8-0ubuntu0.24.04.4 [10.8 MB]
2026-10-06T18:48:03.3955541Z Get:122 http://azure.archive.ubuntu.com/ubuntu noble-updates/main amd64 libegl-mesa0 amd64 25.2.8-0ubuntu0.24.04.4 [117 kB]
2026-10-06T18:48:03.4682273Z Get:123 http://azure.archive.ubuntu.com/ubuntu noble-updates/main amd64 libevent-2.1-7t64 amd64 2.1.12-stable-9ubuntu2.2 [146 kB]
2026-10-06T18:48:03.5407654Z Get:124 http://azure.archive.ubuntu.com/ubuntu noble-updates/main amd64 libevent-pthreads-2.1-7t64 amd64 2.1.12-stable-9ubuntu2.2 [7988 B]
2026-10-06T18:48:03.6126056Z Get:125 http://azure.archive.ubuntu.com/ubuntu noble-updates/main amd64 libevent-core-2.1-7t64 amd64 2.1.12-stable-9ubuntu2.2 [91.9 kB]
2026-10-06T18:48:03.6852044Z Get:126 http://azure.archive.ubuntu.com/ubuntu noble/universe amd64 libfaad2 amd64 2.11.1-1build1 [207 kB]
2026-10-06T18:48:03.7583758Z Get:127 http://azure.archive.ubuntu.com/ubuntu noble/universe amd64 libinstpatch-1.0-2 amd64 1.1.6-1build2 [251 kB]
2026-10-06T18:48:03.8314925Z Get:128 http://azure.archive.ubuntu.com/ubuntu noble/main amd64 libjack-jackd2-0 amd64 1.9.21~dfsg-3ubuntu3 [289 kB]
2026-10-06T18:48:03.9052388Z Get:129 http://azure.archive.ubuntu.com/ubuntu noble/main amd64 libwebrtc-audio-processing1 amd64 0.3.1-0ubuntu6 [290 kB]
2026-10-06T18:48:03.9794848Z Get:130 http://azure.archive.ubuntu.com/ubuntu noble-updates/main amd64 libspa-0.2-modules amd64 1.0.5-1ubuntu3.3 [628 kB]
2026-10-06T18:48:04.0556019Z Get:131 http://azure.archive.ubuntu.com/ubuntu noble-updates/main amd64 libpipewire-0.3-0t64 amd64 1.0.5-1ubuntu3.3 [252 kB]
2026-10-06T18:48:04.1288141Z Get:132 http://azure.archive.ubuntu.com/ubuntu noble-updates/main amd64 libsdl2-2.0-0 amd64 2.30.0+dfsg-1ubuntu3.1 [686 kB]
2026-10-06T18:48:04.2071106Z Get:133 http://azure.archive.ubuntu.com/ubuntu noble/universe amd64 timgm6mb-soundfont all 1.3-5 [5427 kB]
2026-10-06T18:48:04.3681092Z Get:134 http://azure.archive.ubuntu.com/ubuntu noble/universe amd64 libfluidsynth3 amd64 2.3.4-1build3 [249 kB]
2026-10-06T18:48:04.4415231Z Get:135 http://azure.archive.ubuntu.com/ubuntu noble/main amd64 libfreeaptx0 amd64 0.1.1-2build1 [13.5 kB]
2026-10-06T18:48:04.5173796Z Get:136 http://azure.archive.ubuntu.com/ubuntu noble/main amd64 libgraphene-1.0-0 amd64 1.10.8-3build2 [46.2 kB]
2026-10-06T18:48:04.5931159Z Get:137 http://azure.archive.ubuntu.com/ubuntu noble/main amd64 libgssdp-1.6-0 amd64 1.6.3-1build3 [40.4 kB]
2026-10-06T18:48:04.6697425Z Get:138 http://azure.archive.ubuntu.com/ubuntu noble/main amd64 libegl1 amd64 1.7.0-1build1 [28.7 kB]
2026-10-06T18:48:04.7460605Z Get:139 http://azure.archive.ubuntu.com/ubuntu noble-updates/main amd64 libgstreamer-gl1.0-0 amd64 1.24.2-1ubuntu0.5 [214 kB]
2026-10-06T18:48:04.8229258Z Get:140 http://azure.archive.ubuntu.com/ubuntu noble-updates/main amd64 libgtk-4-common all 4.14.5+ds-0ubuntu0.10 [1497 kB]
2026-10-06T18:48:04.9104662Z Get:141 http://azure.archive.ubuntu.com/ubuntu noble-updates/main amd64 libgtk-4-1 amd64 4.14.5+ds-0ubuntu0.10 [3295 kB]
2026-10-06T18:48:05.0622124Z Get:142 http://azure.archive.ubuntu.com/ubuntu noble/main amd64 libgupnp-1.6-0 amd64 1.6.6-1build3 [92.7 kB]
2026-10-06T18:48:05.1394096Z Get:143 http://azure.archive.ubuntu.com/ubuntu noble/universe amd64 libgupnp-igd-1.6-0 amd64 1.6.0-3build3 [16.5 kB]
2026-10-06T18:48:05.2151075Z Get:144 http://azure.archive.ubuntu.com/ubuntu noble/main amd64 libharfbuzz-icu0 amd64 8.3.0-2build2 [13.3 kB]
2026-10-06T18:48:05.2920108Z Get:145 http://azure.archive.ubuntu.com/ubuntu noble/main amd64 libhyphen0 amd64 2.8.8-7build3 [26.5 kB]
2026-10-06T18:48:05.3678926Z Get:146 http://azure.archive.ubuntu.com/ubuntu noble/universe amd64 libimath-3-1-29t64 amd64 3.1.9-3.1ubuntu2 [72.2 kB]
2026-10-06T18:48:05.4440955Z Get:147 http://azure.archive.ubuntu.com/ubuntu noble/main amd64 liblc3-1 amd64 1.0.4-3build1 [69.7 kB]
2026-10-06T18:48:05.5200420Z Get:148 http://azure.archive.ubuntu.com/ubuntu noble/main amd64 libldacbt-enc2 amd64 2.0.2.3+git20200429+ed310a0-4ubuntu2 [27.1 kB]
2026-10-06T18:48:05.5959776Z Get:149 http://azure.archive.ubuntu.com/ubuntu noble-updates/main amd64 libraptor2-0 amd64 2.0.16-3ubuntu0.1 [165 kB]
2026-10-06T18:48:05.6739499Z Get:150 http://azure.archive.ubuntu.com/ubuntu noble/universe amd64 liblrdf0 amd64 0.6.1-4build1 [18.5 kB]
2026-10-06T18:48:05.7499271Z Get:151 http://azure.archive.ubuntu.com/ubuntu noble/universe amd64 libltc11 amd64 1.3.2-1build1 [13.0 kB]
2026-10-06T18:48:05.8258009Z Get:152 http://azure.archive.ubuntu.com/ubuntu noble/main amd64 libmanette-0.2-0 amd64 0.2.7-1build2 [30.6 kB]
2026-10-06T18:48:05.8978934Z Get:153 http://azure.archive.ubuntu.com/ubuntu noble/universe amd64 libmfx1 amd64 22.5.4-1 [3124 kB]
2026-10-06T18:48:05.9937794Z Get:154 http://azure.archive.ubuntu.com/ubuntu noble/universe amd64 libmjpegutils-2.1-0t64 amd64 1:2.1.0+debian-8.1build1 [25.5 kB]
2026-10-06T18:48:06.0658985Z Get:155 http://azure.archive.ubuntu.com/ubuntu noble/universe amd64 libmodplug1 amd64 1:0.8.9.0-3build1 [166 kB]
2026-10-06T18:48:06.1388705Z Get:156 http://azure.archive.ubuntu.com/ubuntu noble/universe amd64 libmpcdec6 amd64 2:0.1~r495-2build1 [32.7 kB]
2026-10-06T18:48:06.2113708Z Get:157 http://azure.archive.ubuntu.com/ubuntu noble/universe amd64 libmpeg2encpp-2.1-0t64 amd64 1:2.1.0+debian-8.1build1 [75.6 kB]
2026-10-06T18:48:06.2881556Z Get:158 http://azure.archive.ubuntu.com/ubuntu noble/universe amd64 libmplex2-2.1-0t64 amd64 1:2.1.0+debian-8.1build1 [46.1 kB]
2026-10-06T18:48:06.3645086Z Get:159 http://azure.archive.ubuntu.com/ubuntu noble/universe amd64 libneon27t64 amd64 0.33.0-1.1build3 [102 kB]
2026-10-06T18:48:06.4430929Z Get:160 http://azure.archive.ubuntu.com/ubuntu noble/universe amd64 libnice10 amd64 0.1.21-2build3 [157 kB]
2026-10-06T18:48:06.5210277Z Get:161 http://azure.archive.ubuntu.com/ubuntu noble/universe amd64 libopenal-data all 1:1.23.1-4build1 [161 kB]
2026-10-06T18:48:06.6000510Z Get:162 http://azure.archive.ubuntu.com/ubuntu noble/universe amd64 libopenexr-3-1-30 amd64 3.1.5-5.1build3 [1004 kB]
2026-10-06T18:48:06.6989702Z Get:163 http://azure.archive.ubuntu.com/ubuntu noble/universe amd64 libopenh264-7 amd64 2.4.1+dfsg-1 [409 kB]
2026-10-06T18:48:06.7839644Z Get:164 http://azure.archive.ubuntu.com/ubuntu noble/universe amd64 libopenni2-0 amd64 2.2.0.33+dfsg-18 [370 kB]
2026-10-06T18:48:06.8678352Z Get:165 http://azure.archive.ubuntu.com/ubuntu noble/universe amd64 libqrencode4 amd64 4.1.1-1build2 [25.0 kB]
2026-10-06T18:48:06.9439494Z Get:166 http://azure.archive.ubuntu.com/ubuntu noble/main amd64 libsecret-common all 0.21.4-1build3 [4962 B]
2026-10-06T18:48:07.0196886Z Get:167 http://azure.archive.ubuntu.com/ubuntu noble/main amd64 libsecret-1-0 amd64 0.21.4-1build3 [116 kB]
2026-10-06T18:48:07.0972671Z Get:168 http://azure.archive.ubuntu.com/ubuntu noble/universe amd64 libsndio7.0 amd64 1.9.0-0.3build3 [29.6 kB]
2026-10-06T18:48:07.1732778Z Get:169 http://azure.archive.ubuntu.com/ubuntu noble/universe amd64 libsoundtouch1 amd64 2.3.2+ds1-1build1 [60.5 kB]
2026-10-06T18:48:07.2496680Z Get:170 http://azure.archive.ubuntu.com/ubuntu noble/universe amd64 libspandsp2t64 amd64 0.0.6+dfsg-2.1build1 [311 kB]
2026-10-06T18:48:07.3312650Z Get:171 http://azure.archive.ubuntu.com/ubuntu noble/universe amd64 libsrtp2-1 amd64 2.5.0-3build1 [41.9 kB]
2026-10-06T18:48:07.4079168Z Get:172 http://azure.archive.ubuntu.com/ubuntu noble/main amd64 libwayland-server0 amd64 1.22.0-2.1build1 [33.9 kB]
2026-10-06T18:48:07.4839594Z Get:173 http://azure.archive.ubuntu.com/ubuntu noble/universe amd64 libwildmidi2 amd64 0.4.3-1build3 [68.5 kB]
2026-10-06T18:48:07.5613848Z Get:174 http://azure.archive.ubuntu.com/ubuntu noble/main amd64 libwoff1 amd64 1.0.2-2build1 [45.3 kB]
2026-10-06T18:48:07.6377073Z Get:175 http://azure.archive.ubuntu.com/ubuntu noble/main amd64 libxcb-xkb1 amd64 1.15-1ubuntu2 [32.3 kB]
2026-10-06T18:48:07.8130629Z Get:176 http://azure.archive.ubuntu.com/ubuntu noble/main amd64 libxkbcommon-x11-0 amd64 1.6.0-1build1 [14.5 kB]
2026-10-06T18:48:07.9264433Z Get:177 http://azure.archive.ubuntu.com/ubuntu noble/universe amd64 libzbar0t64 amd64 0.23.93-4build3 [123 kB]
2026-10-06T18:48:08.0576644Z Get:178 http://azure.archive.ubuntu.com/ubuntu noble/universe amd64 libzxing3 amd64 2.2.1-3 [583 kB]
2026-10-06T18:48:08.1743103Z Get:179 http://azure.archive.ubuntu.com/ubuntu noble/main amd64 xfonts-encodings all 1:1.0.5-0ubuntu2 [578 kB]
2026-10-06T18:48:08.2883674Z Get:180 http://azure.archive.ubuntu.com/ubuntu noble/main amd64 xfonts-utils amd64 1:7.7+6build3 [94.4 kB]
2026-10-06T18:48:08.4014416Z Get:181 http://azure.archive.ubuntu.com/ubuntu noble/universe amd64 xfonts-cyrillic all 1:1.0.5+nmu1 [384 kB]
2026-10-06T18:48:08.5104460Z Get:182 http://azure.archive.ubuntu.com/ubuntu noble/main amd64 xfonts-scalable all 1:1.0.3-1.3 [304 kB]
2026-10-06T18:48:08.6304764Z Get:183 http://azure.archive.ubuntu.com/ubuntu noble/universe amd64 libgstreamer-plugins-bad1.0-0 amd64 1.24.2-1ubuntu4 [797 kB]
2026-10-06T18:48:08.7486700Z Get:184 http://azure.archive.ubuntu.com/ubuntu noble/universe amd64 libdca0 amd64 0.0.7-2build1 [93.8 kB]
2026-10-06T18:48:08.8677101Z Get:185 http://azure.archive.ubuntu.com/ubuntu noble/universe amd64 libopenal1 amd64 1:1.23.1-4build1 [540 kB]
2026-10-06T18:48:08.9423872Z Get:186 http://azure.archive.ubuntu.com/ubuntu noble/main amd64 libsbc1 amd64 2.0-1build1 [33.9 kB]
2026-10-06T18:48:09.0114208Z Get:187 http://azure.archive.ubuntu.com/ubuntu noble/universe amd64 libvo-aacenc0 amd64 0.1.3-2build1 [67.8 kB]
2026-10-06T18:48:09.0806341Z Get:188 http://azure.archive.ubuntu.com/ubuntu noble/universe amd64 libvo-amrwbenc0 amd64 0.1.3-2build1 [76.7 kB]
2026-10-06T18:48:09.1498622Z Get:189 http://azure.archive.ubuntu.com/ubuntu noble/universe amd64 gstreamer1.0-plugins-bad amd64 1.24.2-1ubuntu4 [3081 kB]
2026-10-06T18:48:09.5447072Z Fetched 126 MB in 20s (6332 kB/s)
2026-10-06T18:48:09.5805477Z Selecting previously unselected package fonts-ipafont-gothic.
2026-10-06T18:48:09.6100934Z (Reading database ...
2026-10-06T18:48:09.6101316Z (Reading database ... 5%
2026-10-06T18:48:09.6101643Z (Reading database ... 10%
2026-10-06T18:48:09.6101956Z (Reading database ... 15%
2026-10-06T18:48:09.6102329Z (Reading database ... 20%
2026-10-06T18:48:09.6102541Z (Reading database ... 25%
2026-10-06T18:48:09.6102746Z (Reading database ... 30%
2026-10-06T18:48:09.6102938Z (Reading database ... 35%
2026-10-06T18:48:09.6103152Z (Reading database ... 40%
2026-10-06T18:48:09.6103353Z (Reading database ... 45%
2026-10-06T18:48:09.6103558Z (Reading database ... 50%
2026-10-06T18:48:09.6265307Z (Reading database ... 55%
2026-10-06T18:48:09.7538576Z (Reading database ... 60%
2026-10-06T18:48:09.9590255Z (Reading database ... 65%
2026-10-06T18:48:10.1476059Z (Reading database ... 70%
2026-10-06T18:48:10.3265111Z (Reading database ... 75%
2026-10-06T18:48:10.4956587Z (Reading database ... 80%
2026-10-06T18:48:10.6080243Z (Reading database ... 85%
2026-10-06T18:48:10.7807135Z (Reading database ... 90%
2026-10-06T18:48:10.9178922Z (Reading database ... 95%
2026-10-06T18:48:10.9179227Z (Reading database ... 100%
2026-10-06T18:48:10.9179600Z (Reading database ... 202296 files and directories currently installed.)
2026-10-06T18:48:10.9222589Z Preparing to unpack .../000-fonts-ipafont-gothic_00303-21ubuntu1_all.deb ...
2026-10-06T18:48:10.9352705Z Unpacking fonts-ipafont-gothic (00303-21ubuntu1) ...
2026-10-06T18:48:11.1700407Z Selecting previously unselected package fonts-freefont-ttf.
2026-10-06T18:48:11.1811389Z Preparing to unpack .../001-fonts-freefont-ttf_20211204+svn4273-2_all.deb ...
2026-10-06T18:48:11.1817472Z Unpacking fonts-freefont-ttf (20211204+svn4273-2) ...
2026-10-06T18:48:11.2867138Z Selecting previously unselected package fonts-tlwg-loma-otf.
2026-10-06T18:48:11.2977878Z Preparing to unpack .../002-fonts-tlwg-loma-otf_1%3a0.7.3-1_all.deb ...
2026-10-06T18:48:11.2984394Z Unpacking fonts-tlwg-loma-otf (1:0.7.3-1) ...
2026-10-06T18:48:11.3159249Z Selecting previously unselected package fonts-unifont.
2026-10-06T18:48:11.3270840Z Preparing to unpack .../003-fonts-unifont_1%3a15.1.01-1build1_all.deb ...
2026-10-06T18:48:11.3277053Z Unpacking fonts-unifont (1:15.1.01-1build1) ...
2026-10-06T18:48:11.5332935Z Selecting previously unselected package fonts-wqy-zenhei.
2026-10-06T18:48:11.5445292Z Preparing to unpack .../004-fonts-wqy-zenhei_0.9.45-8_all.deb ...
2026-10-06T18:48:11.5531802Z Unpacking fonts-wqy-zenhei (0.9.45-8) ...
2026-10-06T18:48:12.0252385Z Selecting previously unselected package libproxy1v5:amd64.
2026-10-06T18:48:12.0364903Z Preparing to unpack .../005-libproxy1v5_0.5.4-4build1_amd64.deb ...
2026-10-06T18:48:12.0378789Z Unpacking libproxy1v5:amd64 (0.5.4-4build1) ...
2026-10-06T18:48:12.0660715Z Selecting previously unselected package glib-networking-common.
2026-10-06T18:48:12.0771644Z Preparing to unpack .../006-glib-networking-common_2.80.0-1build1_all.deb ...
2026-10-06T18:48:12.0778505Z Unpacking glib-networking-common (2.80.0-1build1) ...
2026-10-06T18:48:12.0933478Z Selecting previously unselected package glib-networking-services.
2026-10-06T18:48:12.1044391Z Preparing to unpack .../007-glib-networking-services_2.80.0-1build1_amd64.deb ...
2026-10-06T18:48:12.1051493Z Unpacking glib-networking-services (2.80.0-1build1) ...
2026-10-06T18:48:12.2486798Z Selecting previously unselected package session-migration.
2026-10-06T18:48:12.2599428Z Preparing to unpack .../008-session-migration_0.3.9build1_amd64.deb ...
2026-10-06T18:48:12.2605576Z Unpacking session-migration (0.3.9build1) ...
2026-10-06T18:48:12.3313783Z Selecting previously unselected package gsettings-desktop-schemas.
2026-10-06T18:48:12.3431695Z Preparing to unpack .../009-gsettings-desktop-schemas_46.1-0ubuntu1_all.deb ...
2026-10-06T18:48:12.3513905Z Unpacking gsettings-desktop-schemas (46.1-0ubuntu1) ...
2026-10-06T18:48:12.3737180Z Selecting previously unselected package glib-networking:amd64.
2026-10-06T18:48:12.3850340Z Preparing to unpack .../010-glib-networking_2.80.0-1build1_amd64.deb ...
2026-10-06T18:48:12.3855678Z Unpacking glib-networking:amd64 (2.80.0-1build1) ...
2026-10-06T18:48:12.4092914Z Selecting previously unselected package libva2:amd64.
2026-10-06T18:48:12.4205887Z Preparing to unpack .../011-libva2_2.20.0-2ubuntu0.2_amd64.deb ...
2026-10-06T18:48:12.4379925Z Unpacking libva2:amd64 (2.20.0-2ubuntu0.2) ...
2026-10-06T18:48:12.4560535Z Selecting previously unselected package libva-drm2:amd64.
2026-10-06T18:48:12.4672911Z Preparing to unpack .../012-libva-drm2_2.20.0-2ubuntu0.2_amd64.deb ...
2026-10-06T18:48:12.4679202Z Unpacking libva-drm2:amd64 (2.20.0-2ubuntu0.2) ...
2026-10-06T18:48:12.4851160Z Selecting previously unselected package libva-x11-2:amd64.
2026-10-06T18:48:12.4964537Z Preparing to unpack .../013-libva-x11-2_2.20.0-2ubuntu0.2_amd64.deb ...
2026-10-06T18:48:12.4970945Z Unpacking libva-x11-2:amd64 (2.20.0-2ubuntu0.2) ...
2026-10-06T18:48:12.5775337Z Selecting previously unselected package libvdpau1:amd64.
2026-10-06T18:48:12.5890857Z Preparing to unpack .../014-libvdpau1_1.5-2build1_amd64.deb ...
2026-10-06T18:48:12.5897469Z Unpacking libvdpau1:amd64 (1.5-2build1) ...
2026-10-06T18:48:12.6071399Z Selecting previously unselected package libvpl2.
2026-10-06T18:48:12.6183063Z Preparing to unpack .../015-libvpl2_2023.3.0-1build1_amd64.deb ...
2026-10-06T18:48:12.6189167Z Unpacking libvpl2 (2023.3.0-1build1) ...
2026-10-06T18:48:12.6477461Z Selecting previously unselected package ocl-icd-libopencl1:amd64.
2026-10-06T18:48:12.6591248Z Preparing to unpack .../016-ocl-icd-libopencl1_2.3.2-1build1_amd64.deb ...
2026-10-06T18:48:12.6597807Z Unpacking ocl-icd-libopencl1:amd64 (2.3.2-1build1) ...
2026-10-06T18:48:12.6846923Z Selecting previously unselected package libavutil58:amd64.
2026-10-06T18:48:12.6958717Z Preparing to unpack .../017-libavutil58_7%3a6.1.1-3ubuntu5_amd64.deb ...
2026-10-06T18:48:12.6964932Z Unpacking libavutil58:amd64 (7:6.1.1-3ubuntu5) ...
2026-10-06T18:48:12.7211933Z Selecting previously unselected package libcodec2-1.2:amd64.
2026-10-06T18:48:12.7323996Z Preparing to unpack .../018-libcodec2-1.2_1.2.0-2build1_amd64.deb ...
2026-10-06T18:48:12.7330240Z Unpacking libcodec2-1.2:amd64 (1.2.0-2build1) ...
2026-10-06T18:48:13.1541814Z Selecting previously unselected package libdav1d7:amd64.
2026-10-06T18:48:13.1656515Z Preparing to unpack .../019-libdav1d7_1.4.1-1build1_amd64.deb ...
2026-10-06T18:48:13.1662257Z Unpacking libdav1d7:amd64 (1.4.1-1build1) ...
2026-10-06T18:48:13.2096419Z Selecting previously unselected package libgsm1:amd64.
2026-10-06T18:48:13.2207707Z Preparing to unpack .../020-libgsm1_1.0.22-1build1_amd64.deb ...
2026-10-06T18:48:13.2215417Z Unpacking libgsm1:amd64 (1.0.22-1build1) ...
2026-10-06T18:48:13.2405097Z Selecting previously unselected package libhwy1t64:amd64.
2026-10-06T18:48:13.2517647Z Preparing to unpack .../021-libhwy1t64_1.0.7-8.1build1_amd64.deb ...
2026-10-06T18:48:13.2524560Z Unpacking libhwy1t64:amd64 (1.0.7-8.1build1) ...
2026-10-06T18:48:13.3788140Z Selecting previously unselected package libjxl0.7:amd64.
2026-10-06T18:48:13.3900912Z Preparing to unpack .../022-libjxl0.7_0.7.0-10.2ubuntu6.1_amd64.deb ...
2026-10-06T18:48:13.3907741Z Unpacking libjxl0.7:amd64 (0.7.0-10.2ubuntu6.1) ...
2026-10-06T18:48:13.4324668Z Selecting previously unselected package libmp3lame0:amd64.
2026-10-06T18:48:13.4437868Z Preparing to unpack .../023-libmp3lame0_3.100-6build1_amd64.deb ...
2026-10-06T18:48:13.4444520Z Unpacking libmp3lame0:amd64 (3.100-6build1) ...
2026-10-06T18:48:13.4632432Z Selecting previously unselected package libopus0:amd64.
2026-10-06T18:48:13.4743853Z Preparing to unpack .../024-libopus0_1.4-1build1_amd64.deb ...
2026-10-06T18:48:13.4751156Z Unpacking libopus0:amd64 (1.4-1build1) ...
2026-10-06T18:48:13.5006490Z Selecting previously unselected package librav1e0:amd64.
2026-10-06T18:48:13.5119579Z Preparing to unpack .../025-librav1e0_0.7.1-2_amd64.deb ...
2026-10-06T18:48:13.5126266Z Unpacking librav1e0:amd64 (0.7.1-2) ...
2026-10-06T18:48:13.6906501Z Selecting previously unselected package librsvg2-2:amd64.
2026-10-06T18:48:13.7018490Z Preparing to unpack .../026-librsvg2-2_2.58.0+dfsg-1build1_amd64.deb ...
2026-10-06T18:48:13.7025380Z Unpacking librsvg2-2:amd64 (2.58.0+dfsg-1build1) ...
2026-10-06T18:48:13.8670029Z Selecting previously unselected package libshine3:amd64.
2026-10-06T18:48:13.8782930Z Preparing to unpack .../027-libshine3_3.1.1-2build1_amd64.deb ...
2026-10-06T18:48:13.8789000Z Unpacking libshine3:amd64 (3.1.1-2build1) ...
2026-10-06T18:48:13.9197877Z Selecting previously unselected package libspeex1:amd64.
2026-10-06T18:48:13.9311734Z Preparing to unpack .../028-libspeex1_1.2.1-2ubuntu2.24.04.1_amd64.deb ...
2026-10-06T18:48:13.9338590Z Unpacking libspeex1:amd64 (1.2.1-2ubuntu2.24.04.1) ...
2026-10-06T18:48:13.9513190Z Selecting previously unselected package libsvtav1enc1d1:amd64.
2026-10-06T18:48:13.9624682Z Preparing to unpack .../029-libsvtav1enc1d1_1.7.0+dfsg-2build1_amd64.deb ...
2026-10-06T18:48:13.9632263Z Unpacking libsvtav1enc1d1:amd64 (1.7.0+dfsg-2build1) ...
2026-10-06T18:48:14.0954601Z Selecting previously unselected package libsoxr0:amd64.
2026-10-06T18:48:14.1066514Z Preparing to unpack .../030-libsoxr0_0.1.3-4build3_amd64.deb ...
2026-10-06T18:48:14.1073257Z Unpacking libsoxr0:amd64 (0.1.3-4build3) ...
2026-10-06T18:48:14.1411455Z Selecting previously unselected package libswresample4:amd64.
2026-10-06T18:48:14.1523534Z Preparing to unpack .../031-libswresample4_7%3a6.1.1-3ubuntu5_amd64.deb ...
2026-10-06T18:48:14.1530694Z Unpacking libswresample4:amd64 (7:6.1.1-3ubuntu5) ...
2026-10-06T18:48:14.2002938Z Selecting previously unselected package libtheora0:amd64.
2026-10-06T18:48:14.2115043Z Preparing to unpack .../032-libtheora0_1.1.1+dfsg.1-16.1build3_amd64.deb ...
2026-10-06T18:48:14.4024358Z Unpacking libtheora0:amd64 (1.1.1+dfsg.1-16.1build3) ...
2026-10-06T18:48:14.8505035Z Selecting previously unselected package libtwolame0:amd64.
2026-10-06T18:48:14.8616790Z Preparing to unpack .../033-libtwolame0_0.4.0-2build3_amd64.deb ...
2026-10-06T18:48:14.8623467Z Unpacking libtwolame0:amd64 (0.4.0-2build3) ...
2026-10-06T18:48:14.8796098Z Selecting previously unselected package libvorbisenc2:amd64.
2026-10-06T18:48:14.8907306Z Preparing to unpack .../034-libvorbisenc2_1.3.7-1build3_amd64.deb ...
2026-10-06T18:48:14.8914396Z Unpacking libvorbisenc2:amd64 (1.3.7-1build3) ...
2026-10-06T18:48:15.0434413Z Selecting previously unselected package libvpx9:amd64.
2026-10-06T18:48:15.0549080Z Preparing to unpack .../035-libvpx9_1.14.0-1ubuntu2.3_amd64.deb ...
2026-10-06T18:48:15.0709929Z Unpacking libvpx9:amd64 (1.14.0-1ubuntu2.3) ...
2026-10-06T18:48:15.1135272Z Selecting previously unselected package libx264-164:amd64.
2026-10-06T18:48:15.1248371Z Preparing to unpack .../036-libx264-164_2%3a0.164.3108+git31e19f9-1_amd64.deb ...
2026-10-06T18:48:15.1254912Z Unpacking libx264-164:amd64 (2:0.164.3108+git31e19f9-1) ...
2026-10-06T18:48:15.1742359Z Selecting previously unselected package libx265-199:amd64.
2026-10-06T18:48:15.1855475Z Preparing to unpack .../037-libx265-199_3.5-2build1_amd64.deb ...
2026-10-06T18:48:15.1950138Z Unpacking libx265-199:amd64 (3.5-2build1) ...
2026-10-06T18:48:15.3404752Z Selecting previously unselected package libxvidcore4:amd64.
2026-10-06T18:48:15.3517955Z Preparing to unpack .../038-libxvidcore4_2%3a1.3.7-1build1_amd64.deb ...
2026-10-06T18:48:15.3524719Z Unpacking libxvidcore4:amd64 (2:1.3.7-1build1) ...
2026-10-06T18:48:15.3728140Z Selecting previously unselected package libzvbi-common.
2026-10-06T18:48:15.3839098Z Preparing to unpack .../039-libzvbi-common_0.2.42-2_all.deb ...
2026-10-06T18:48:15.3845293Z Unpacking libzvbi-common (0.2.42-2) ...
2026-10-06T18:48:15.4256101Z Selecting previously unselected package libzvbi0t64:amd64.
2026-10-06T18:48:15.4368499Z Preparing to unpack .../040-libzvbi0t64_0.2.42-2_amd64.deb ...
2026-10-06T18:48:15.4375988Z Unpacking libzvbi0t64:amd64 (0.2.42-2) ...
2026-10-06T18:48:15.4622717Z Selecting previously unselected package libavcodec60:amd64.
2026-10-06T18:48:15.4734814Z Preparing to unpack .../041-libavcodec60_7%3a6.1.1-3ubuntu5_amd64.deb ...
2026-10-06T18:48:15.4741838Z Unpacking libavcodec60:amd64 (7:6.1.1-3ubuntu5) ...
2026-10-06T18:48:15.6262920Z Preparing to unpack .../042-libfreetype6_2.13.2+dfsg-1ubuntu0.2_amd64.deb ...
2026-10-06T18:48:15.6367379Z Unpacking libfreetype6:amd64 (2.13.2+dfsg-1ubuntu0.2) over (2.13.2+dfsg-1ubuntu0.1) ...
2026-10-06T18:48:15.6706882Z Selecting previously unselected package libunibreak5:amd64.
2026-10-06T18:48:15.6822350Z Preparing to unpack .../043-libunibreak5_5.1-2build1_amd64.deb ...
2026-10-06T18:48:15.6829159Z Unpacking libunibreak5:amd64 (5.1-2build1) ...
2026-10-06T18:48:15.7024412Z Selecting previously unselected package libass9:amd64.
2026-10-06T18:48:15.7135802Z Preparing to unpack .../044-libass9_1%3a0.17.1-2build1_amd64.deb ...
2026-10-06T18:48:15.7143024Z Unpacking libass9:amd64 (1:0.17.1-2build1) ...
2026-10-06T18:48:15.7329551Z Selecting previously unselected package libudfread0:amd64.
2026-10-06T18:48:15.7439901Z Preparing to unpack .../045-libudfread0_1.1.2-1build1_amd64.deb ...
2026-10-06T18:48:15.7447494Z Unpacking libudfread0:amd64 (1.1.2-1build1) ...
2026-10-06T18:48:15.7797693Z Selecting previously unselected package libbluray2:amd64.
2026-10-06T18:48:15.7910205Z Preparing to unpack .../046-libbluray2_1%3a1.3.4-1build1_amd64.deb ...
2026-10-06T18:48:15.7917130Z Unpacking libbluray2:amd64 (1:1.3.4-1build1) ...
2026-10-06T18:48:15.8167165Z Selecting previously unselected package libchromaprint1:amd64.
2026-10-06T18:48:15.8281203Z Preparing to unpack .../047-libchromaprint1_1.5.1-5_amd64.deb ...
2026-10-06T18:48:15.8287851Z Unpacking libchromaprint1:amd64 (1.5.1-5) ...
2026-10-06T18:48:15.8553705Z Selecting previously unselected package libgme0:amd64.
2026-10-06T18:48:15.8665502Z Preparing to unpack .../048-libgme0_0.6.3-7build1_amd64.deb ...
2026-10-06T18:48:15.8673042Z Unpacking libgme0:amd64 (0.6.3-7build1) ...
2026-10-06T18:48:15.8870588Z Selecting previously unselected package libmpg123-0t64:amd64.
2026-10-06T18:48:15.8981979Z Preparing to unpack .../049-libmpg123-0t64_1.32.5-1ubuntu1.1_amd64.deb ...
2026-10-06T18:48:15.8990365Z Unpacking libmpg123-0t64:amd64 (1.32.5-1ubuntu1.1) ...
2026-10-06T18:48:15.9186135Z Selecting previously unselected package libopenmpt0t64:amd64.
2026-10-06T18:48:15.9299230Z Preparing to unpack .../050-libopenmpt0t64_0.7.3-1.1build3_amd64.deb ...
2026-10-06T18:48:15.9306048Z Unpacking libopenmpt0t64:amd64 (0.7.3-1.1build3) ...
2026-10-06T18:48:15.9639645Z Selecting previously unselected package libcjson1:amd64.
2026-10-06T18:48:15.9754739Z Preparing to unpack .../051-libcjson1_1.7.17-1_amd64.deb ...
2026-10-06T18:48:15.9761497Z Unpacking libcjson1:amd64 (1.7.17-1) ...
2026-10-06T18:48:16.0190654Z Selecting previously unselected package libmbedcrypto7t64:amd64.
2026-10-06T18:48:16.0304259Z Preparing to unpack .../052-libmbedcrypto7t64_2.28.8-1_amd64.deb ...
2026-10-06T18:48:16.0310565Z Unpacking libmbedcrypto7t64:amd64 (2.28.8-1) ...
2026-10-06T18:48:16.0756040Z Selecting previously unselected package librist4:amd64.
2026-10-06T18:48:16.0869161Z Preparing to unpack .../053-librist4_0.2.10+dfsg-2_amd64.deb ...
2026-10-06T18:48:16.0876546Z Unpacking librist4:amd64 (0.2.10+dfsg-2) ...
2026-10-06T18:48:16.1057288Z Selecting previously unselected package libsrt1.5-gnutls:amd64.
2026-10-06T18:48:16.1169321Z Preparing to unpack .../054-libsrt1.5-gnutls_1.5.3-1build2_amd64.deb ...
2026-10-06T18:48:16.1176053Z Unpacking libsrt1.5-gnutls:amd64 (1.5.3-1build2) ...
2026-10-06T18:48:16.1427246Z Selecting previously unselected package libssh-gcrypt-4:amd64.
2026-10-06T18:48:16.1540353Z Preparing to unpack .../055-libssh-gcrypt-4_0.10.6-2ubuntu0.5_amd64.deb ...
2026-10-06T18:48:16.1546594Z Unpacking libssh-gcrypt-4:amd64 (0.10.6-2ubuntu0.5) ...
2026-10-06T18:48:16.1751053Z Selecting previously unselected package libavformat60:amd64.
2026-10-06T18:48:16.1864102Z Preparing to unpack .../056-libavformat60_7%3a6.1.1-3ubuntu5_amd64.deb ...
2026-10-06T18:48:16.1870472Z Unpacking libavformat60:amd64 (7:6.1.1-3ubuntu5) ...
2026-10-06T18:48:16.2244666Z Selecting previously unselected package libbs2b0:amd64.
2026-10-06T18:48:16.2356588Z Preparing to unpack .../057-libbs2b0_3.1.0+dfsg-7build1_amd64.deb ...
2026-10-06T18:48:16.2363778Z Unpacking libbs2b0:amd64 (3.1.0+dfsg-7build1) ...
2026-10-06T18:48:16.2612483Z Selecting previously unselected package libflite1:amd64.
2026-10-06T18:48:16.2725739Z Preparing to unpack .../058-libflite1_2.2-6build3_amd64.deb ...
2026-10-06T18:48:16.2736444Z Unpacking libflite1:amd64 (2.2-6build3) ...
2026-10-06T18:48:16.4334683Z Selecting previously unselected package libserd-0-0:amd64.
2026-10-06T18:48:16.4447305Z Preparing to unpack .../059-libserd-0-0_0.32.2-1_amd64.deb ...
2026-10-06T18:48:16.4454117Z Unpacking libserd-0-0:amd64 (0.32.2-1) ...
2026-10-06T18:48:16.4629485Z Selecting previously unselected package libzix-0-0:amd64.
2026-10-06T18:48:16.4740995Z Preparing to unpack .../060-libzix-0-0_0.4.2-2build1_amd64.deb ...
2026-10-06T18:48:16.4864189Z Unpacking libzix-0-0:amd64 (0.4.2-2build1) ...
2026-10-06T18:48:16.5075224Z Selecting previously unselected package libsord-0-0:amd64.
2026-10-06T18:48:16.5188944Z Preparing to unpack .../061-libsord-0-0_0.16.16-2build1_amd64.deb ...
2026-10-06T18:48:16.5195664Z Unpacking libsord-0-0:amd64 (0.16.16-2build1) ...
2026-10-06T18:48:16.5416293Z Selecting previously unselected package libsratom-0-0:amd64.
2026-10-06T18:48:16.5528561Z Preparing to unpack .../062-libsratom-0-0_0.6.16-1build1_amd64.deb ...
2026-10-06T18:48:16.5536811Z Unpacking libsratom-0-0:amd64 (0.6.16-1build1) ...
2026-10-06T18:48:16.5709167Z Selecting previously unselected package liblilv-0-0:amd64.
2026-10-06T18:48:16.5821408Z Preparing to unpack .../063-liblilv-0-0_0.24.22-1build1_amd64.deb ...
2026-10-06T18:48:16.6852958Z Unpacking liblilv-0-0:amd64 (0.24.22-1build1) ...
2026-10-06T18:48:16.7038389Z Selecting previously unselected package libmysofa1:amd64.
2026-10-06T18:48:16.7156527Z Preparing to unpack .../064-libmysofa1_1.3.2+dfsg-2ubuntu2_amd64.deb ...
2026-10-06T18:48:16.7163068Z Unpacking libmysofa1:amd64 (1.3.2+dfsg-2ubuntu2) ...
2026-10-06T18:48:16.7835482Z Selecting previously unselected package libplacebo338:amd64.
2026-10-06T18:48:16.7946232Z Preparing to unpack .../065-libplacebo338_6.338.2-2build1_amd64.deb ...
2026-10-06T18:48:16.8086414Z Unpacking libplacebo338:amd64 (6.338.2-2build1) ...
2026-10-06T18:48:16.8923860Z Selecting previously unselected package libblas3:amd64.
2026-10-06T18:48:16.9036813Z Preparing to unpack .../066-libblas3_3.12.0-3build1.1_amd64.deb ...
2026-10-06T18:48:16.9125087Z Unpacking libblas3:amd64 (3.12.0-3build1.1) ...
2026-10-06T18:48:16.9359126Z Selecting previously unselected package liblapack3:amd64.
2026-10-06T18:48:16.9472361Z Preparing to unpack .../067-liblapack3_3.12.0-3build1.1_amd64.deb ...
2026-10-06T18:48:16.9499617Z Unpacking liblapack3:amd64 (3.12.0-3build1.1) ...
2026-10-06T18:48:17.0487294Z Selecting previously unselected package libasyncns0:amd64.
2026-10-06T18:48:17.0601890Z Preparing to unpack .../068-libasyncns0_0.8-6build4_amd64.deb ...
2026-10-06T18:48:17.0609247Z Unpacking libasyncns0:amd64 (0.8-6build4) ...
2026-10-06T18:48:17.0786698Z Selecting previously unselected package libflac12t64:amd64.
2026-10-06T18:48:17.0899609Z Preparing to unpack .../069-libflac12t64_1.4.3+ds-2.1ubuntu2_amd64.deb ...
2026-10-06T18:48:17.0907365Z Unpacking libflac12t64:amd64 (1.4.3+ds-2.1ubuntu2) ...
2026-10-06T18:48:17.1310608Z Selecting previously unselected package libsndfile1:amd64.
2026-10-06T18:48:17.1425482Z Preparing to unpack .../070-libsndfile1_1.2.2-1ubuntu5.24.04.1_amd64.deb ...
2026-10-06T18:48:17.1522314Z Unpacking libsndfile1:amd64 (1.2.2-1ubuntu5.24.04.1) ...
2026-10-06T18:48:17.1761607Z Selecting previously unselected package libpulse0:amd64.
2026-10-06T18:48:17.1874328Z Preparing to unpack .../071-libpulse0_1%3a16.1+dfsg1-2ubuntu10.1_amd64.deb ...
2026-10-06T18:48:17.1930700Z Unpacking libpulse0:amd64 (1:16.1+dfsg1-2ubuntu10.1) ...
2026-10-06T18:48:17.2165973Z Selecting previously unselected package libsphinxbase3t64:amd64.
2026-10-06T18:48:17.2277540Z Preparing to unpack .../072-libsphinxbase3t64_0.8+5prealpha+1-17build2_amd64.deb ...
2026-10-06T18:48:17.2285141Z Unpacking libsphinxbase3t64:amd64 (0.8+5prealpha+1-17build2) ...
2026-10-06T18:48:17.2470901Z Selecting previously unselected package libpocketsphinx3:amd64.
2026-10-06T18:48:17.2584108Z Preparing to unpack .../073-libpocketsphinx3_0.8.0+real5prealpha+1-15ubuntu5_amd64.deb ...
2026-10-06T18:48:17.2590147Z Unpacking libpocketsphinx3:amd64 (0.8.0+real5prealpha+1-15ubuntu5) ...
2026-10-06T18:48:17.2784571Z Selecting previously unselected package libpostproc57:amd64.
2026-10-06T18:48:17.2897433Z Preparing to unpack .../074-libpostproc57_7%3a6.1.1-3ubuntu5_amd64.deb ...
2026-10-06T18:48:17.2904098Z Unpacking libpostproc57:amd64 (7:6.1.1-3ubuntu5) ...
2026-10-06T18:48:17.3084806Z Selecting previously unselected package libsamplerate0:amd64.
2026-10-06T18:48:17.3197583Z Preparing to unpack .../075-libsamplerate0_0.2.2-4build1_amd64.deb ...
2026-10-06T18:48:17.3204254Z Unpacking libsamplerate0:amd64 (0.2.2-4build1) ...
2026-10-06T18:48:17.3599014Z Selecting previously unselected package librubberband2:amd64.
2026-10-06T18:48:17.3713693Z Preparing to unpack .../076-librubberband2_3.3.0+dfsg-2build1_amd64.deb ...
2026-10-06T18:48:17.3720302Z Unpacking librubberband2:amd64 (3.3.0+dfsg-2build1) ...
2026-10-06T18:48:17.3916333Z Selecting previously unselected package libswscale7:amd64.
2026-10-06T18:48:17.4028634Z Preparing to unpack .../077-libswscale7_7%3a6.1.1-3ubuntu5_amd64.deb ...
2026-10-06T18:48:17.4035590Z Unpacking libswscale7:amd64 (7:6.1.1-3ubuntu5) ...
2026-10-06T18:48:17.4685789Z Selecting previously unselected package libvidstab1.1:amd64.
2026-10-06T18:48:17.4800987Z Preparing to unpack .../078-libvidstab1.1_1.1.0-2build1_amd64.deb ...
2026-10-06T18:48:17.4807338Z Unpacking libvidstab1.1:amd64 (1.1.0-2build1) ...
2026-10-06T18:48:17.5124722Z Selecting previously unselected package libzimg2:amd64.
2026-10-06T18:48:17.5238887Z Preparing to unpack .../079-libzimg2_3.0.5+ds1-1build1_amd64.deb ...
2026-10-06T18:48:17.5245990Z Unpacking libzimg2:amd64 (3.0.5+ds1-1build1) ...
2026-10-06T18:48:17.5480409Z Selecting previously unselected package libavfilter9:amd64.
2026-10-06T18:48:17.5593343Z Preparing to unpack .../080-libavfilter9_7%3a6.1.1-3ubuntu5_amd64.deb ...
2026-10-06T18:48:17.5600223Z Unpacking libavfilter9:amd64 (7:6.1.1-3ubuntu5) ...
2026-10-06T18:48:17.7452276Z Selecting previously unselected package liborc-0.4-0t64:amd64.
2026-10-06T18:48:17.7564278Z Preparing to unpack .../081-liborc-0.4-0t64_1%3a0.4.38-1ubuntu0.1_amd64.deb ...
2026-10-06T18:48:17.7570582Z Unpacking liborc-0.4-0t64:amd64 (1:0.4.38-1ubuntu0.1) ...
2026-10-06T18:48:17.7809620Z Selecting previously unselected package libgstreamer-plugins-base1.0-0:amd64.
2026-10-06T18:48:17.7922536Z Preparing to unpack .../082-libgstreamer-plugins-base1.0-0_1.24.2-1ubuntu0.5_amd64.deb ...
2026-10-06T18:48:17.8044285Z Unpacking libgstreamer-plugins-base1.0-0:amd64 (1.24.2-1ubuntu0.5) ...
2026-10-06T18:48:17.8472089Z Selecting previously unselected package gstreamer1.0-libav:amd64.
2026-10-06T18:48:17.8585208Z Preparing to unpack .../083-gstreamer1.0-libav_1.24.1-1build1_amd64.deb ...
2026-10-06T18:48:17.8591161Z Unpacking gstreamer1.0-libav:amd64 (1.24.1-1build1) ...
2026-10-06T18:48:17.8930991Z Selecting previously unselected package libcdparanoia0:amd64.
2026-10-06T18:48:17.9044087Z Preparing to unpack .../084-libcdparanoia0_3.10.2+debian-14build3_amd64.deb ...
2026-10-06T18:48:17.9050671Z Unpacking libcdparanoia0:amd64 (3.10.2+debian-14build3) ...
2026-10-06T18:48:17.9239440Z Selecting previously unselected package libvisual-0.4-0:amd64.
2026-10-06T18:48:17.9352404Z Preparing to unpack .../085-libvisual-0.4-0_0.4.2-2build1_amd64.deb ...
2026-10-06T18:48:17.9443380Z Unpacking libvisual-0.4-0:amd64 (0.4.2-2build1) ...
2026-10-06T18:48:17.9648459Z Selecting previously unselected package gstreamer1.0-plugins-base:amd64.
2026-10-06T18:48:17.9761975Z Preparing to unpack .../086-gstreamer1.0-plugins-base_1.24.2-1ubuntu0.5_amd64.deb ...
2026-10-06T18:48:17.9768019Z Unpacking gstreamer1.0-plugins-base:amd64 (1.24.2-1ubuntu0.5) ...
2026-10-06T18:48:18.0304597Z Selecting previously unselected package libaa1:amd64.
2026-10-06T18:48:18.0417466Z Preparing to unpack .../087-libaa1_1.4p5-51.1_amd64.deb ...
2026-10-06T18:48:18.0425131Z Unpacking libaa1:amd64 (1.4p5-51.1) ...
2026-10-06T18:48:18.0851864Z Selecting previously unselected package libraw1394-11:amd64.
2026-10-06T18:48:18.0965075Z Preparing to unpack .../088-libraw1394-11_2.1.2-2build3_amd64.deb ...
2026-10-06T18:48:18.0971369Z Unpacking libraw1394-11:amd64 (2.1.2-2build3) ...
2026-10-06T18:48:18.1222014Z Selecting previously unselected package libavc1394-0:amd64.
2026-10-06T18:48:18.1336125Z Preparing to unpack .../089-libavc1394-0_0.5.4-5build3_amd64.deb ...
2026-10-06T18:48:18.1342586Z Unpacking libavc1394-0:amd64 (0.5.4-5build3) ...
2026-10-06T18:48:18.2026472Z Selecting previously unselected package libcaca0:amd64.
2026-10-06T18:48:18.2139532Z Preparing to unpack .../090-libcaca0_0.99.beta20-4ubuntu0.2_amd64.deb ...
2026-10-06T18:48:18.2145844Z Unpacking libcaca0:amd64 (0.99.beta20-4ubuntu0.2) ...
2026-10-06T18:48:18.2649107Z Selecting previously unselected package libdv4t64:amd64.
2026-10-06T18:48:18.2761097Z Preparing to unpack .../091-libdv4t64_1.0.0-17.1build1_amd64.deb ...
2026-10-06T18:48:18.2768802Z Unpacking libdv4t64:amd64 (1.0.0-17.1build1) ...
2026-10-06T18:48:18.3016641Z Selecting previously unselected package libgstreamer-plugins-good1.0-0:amd64.
2026-10-06T18:48:18.3128905Z Preparing to unpack .../092-libgstreamer-plugins-good1.0-0_1.24.2-1ubuntu1.8_amd64.deb ...
2026-10-06T18:48:18.3135575Z Unpacking libgstreamer-plugins-good1.0-0:amd64 (1.24.2-1ubuntu1.8) ...
2026-10-06T18:48:18.3314418Z Selecting previously unselected package libiec61883-0:amd64.
2026-10-06T18:48:18.3427715Z Preparing to unpack .../093-libiec61883-0_1.2.0-6build1_amd64.deb ...
2026-10-06T18:48:18.3445656Z Unpacking libiec61883-0:amd64 (1.2.0-6build1) ...
2026-10-06T18:48:18.3623534Z Selecting previously unselected package libshout3:amd64.
2026-10-06T18:48:18.3736291Z Preparing to unpack .../094-libshout3_2.4.6-1build2_amd64.deb ...
2026-10-06T18:48:18.3744032Z Unpacking libshout3:amd64 (2.4.6-1build2) ...
2026-10-06T18:48:18.4220711Z Selecting previously unselected package libtag1v5-vanilla:amd64.
2026-10-06T18:48:18.4335902Z Preparing to unpack .../095-libtag1v5-vanilla_1.13.1-1build1_amd64.deb ...
2026-10-06T18:48:18.4341934Z Unpacking libtag1v5-vanilla:amd64 (1.13.1-1build1) ...
2026-10-06T18:48:18.4609068Z Selecting previously unselected package libtag1v5:amd64.
2026-10-06T18:48:18.4721627Z Preparing to unpack .../096-libtag1v5_1.13.1-1build1_amd64.deb ...
2026-10-06T18:48:18.4729081Z Unpacking libtag1v5:amd64 (1.13.1-1build1) ...
2026-10-06T18:48:18.5245553Z Selecting previously unselected package libv4lconvert0t64:amd64.
2026-10-06T18:48:18.5357951Z Preparing to unpack .../097-libv4lconvert0t64_1.26.1-4build3_amd64.deb ...
2026-10-06T18:48:18.5364485Z Unpacking libv4lconvert0t64:amd64 (1.26.1-4build3) ...
2026-10-06T18:48:18.5666131Z Selecting previously unselected package libv4l-0t64:amd64.
2026-10-06T18:48:18.5781851Z Preparing to unpack .../098-libv4l-0t64_1.26.1-4build3_amd64.deb ...
2026-10-06T18:48:18.5788366Z Unpacking libv4l-0t64:amd64 (1.26.1-4build3) ...
2026-10-06T18:48:18.5990334Z Selecting previously unselected package libwavpack1:amd64.
2026-10-06T18:48:18.6103646Z Preparing to unpack .../099-libwavpack1_5.6.0-1build1_amd64.deb ...
2026-10-06T18:48:18.6110026Z Unpacking libwavpack1:amd64 (5.6.0-1build1) ...
2026-10-06T18:48:18.6569424Z Selecting previously unselected package libsoup-3.0-common.
2026-10-06T18:48:18.6685713Z Preparing to unpack .../100-libsoup-3.0-common_3.4.4-5ubuntu0.8_all.deb ...
2026-10-06T18:48:18.6692130Z Unpacking libsoup-3.0-common (3.4.4-5ubuntu0.8) ...
2026-10-06T18:48:18.6875058Z Selecting previously unselected package libsoup-3.0-0:amd64.
2026-10-06T18:48:18.6988035Z Preparing to unpack .../101-libsoup-3.0-0_3.4.4-5ubuntu0.8_amd64.deb ...
2026-10-06T18:48:18.6997187Z Unpacking libsoup-3.0-0:amd64 (3.4.4-5ubuntu0.8) ...
2026-10-06T18:48:18.7472506Z Selecting previously unselected package gstreamer1.0-plugins-good:amd64.
2026-10-06T18:48:18.7585336Z Preparing to unpack .../102-gstreamer1.0-plugins-good_1.24.2-1ubuntu1.8_amd64.deb ...
2026-10-06T18:48:18.7673668Z Unpacking gstreamer1.0-plugins-good:amd64 (1.24.2-1ubuntu1.8) ...
2026-10-06T18:48:18.8976237Z Selecting previously unselected package libabsl20220623t64:amd64.
2026-10-06T18:48:18.9095932Z Preparing to unpack .../103-libabsl20220623t64_20220623.1-3.1ubuntu3.2_amd64.deb ...
2026-10-06T18:48:18.9103186Z Unpacking libabsl20220623t64:amd64 (20220623.1-3.1ubuntu3.2) ...
2026-10-06T18:48:18.9894609Z Selecting previously unselected package libgav1-1:amd64.
2026-10-06T18:48:19.0017430Z Preparing to unpack .../104-libgav1-1_0.18.0-1build3_amd64.deb ...
2026-10-06T18:48:19.0085616Z Unpacking libgav1-1:amd64 (0.18.0-1build3) ...
2026-10-06T18:48:19.1480549Z Selecting previously unselected package libyuv0:amd64.
2026-10-06T18:48:19.1594909Z Preparing to unpack .../105-libyuv0_0.0~git202401110.af6ac82-1_amd64.deb ...
2026-10-06T18:48:19.1601878Z Unpacking libyuv0:amd64 (0.0~git202401110.af6ac82-1) ...
2026-10-06T18:48:19.1823922Z Selecting previously unselected package libavif16:amd64.
2026-10-06T18:48:19.1936698Z Preparing to unpack .../106-libavif16_1.0.4-1ubuntu3_amd64.deb ...
2026-10-06T18:48:19.1943599Z Unpacking libavif16:amd64 (1.0.4-1ubuntu3) ...
2026-10-06T18:48:19.2322251Z Selecting previously unselected package libavtp0:amd64.
2026-10-06T18:48:19.2436750Z Preparing to unpack .../107-libavtp0_0.2.0-1build1_amd64.deb ...
2026-10-06T18:48:19.2490981Z Unpacking libavtp0:amd64 (0.2.0-1build1) ...
2026-10-06T18:48:19.2691491Z Selecting previously unselected package libcairo-script-interpreter2:amd64.
2026-10-06T18:48:19.2804502Z Preparing to unpack .../108-libcairo-script-interpreter2_1.18.0-3build1_amd64.deb ...
2026-10-06T18:48:19.2813808Z Unpacking libcairo-script-interpreter2:amd64 (1.18.0-3build1) ...
2026-10-06T18:48:19.3380557Z Selecting previously unselected package libdc1394-25:amd64.
2026-10-06T18:48:19.3496624Z Preparing to unpack .../109-libdc1394-25_2.2.6-4build1_amd64.deb ...
2026-10-06T18:48:19.3539501Z Unpacking libdc1394-25:amd64 (2.2.6-4build1) ...
2026-10-06T18:48:19.3909619Z Selecting previously unselected package libde265-0:amd64.
2026-10-06T18:48:19.4026510Z Preparing to unpack .../110-libde265-0_1.0.15-1ubuntu0.1_amd64.deb ...
2026-10-06T18:48:19.4034904Z Unpacking libde265-0:amd64 (1.0.15-1ubuntu0.1) ...
2026-10-06T18:48:19.4291294Z Selecting previously unselected package libdecor-0-0:amd64.
2026-10-06T18:48:19.4406617Z Preparing to unpack .../111-libdecor-0-0_0.2.2-1build2_amd64.deb ...
2026-10-06T18:48:19.4611977Z Unpacking libdecor-0-0:amd64 (0.2.2-1build2) ...
2026-10-06T18:48:19.4962525Z Selecting previously unselected package libgles2:amd64.
2026-10-06T18:48:19.5079579Z Preparing to unpack .../112-libgles2_1.7.0-1build1_amd64.deb ...
2026-10-06T18:48:19.5087912Z Unpacking libgles2:amd64 (1.7.0-1build1) ...
2026-10-06T18:48:19.6004696Z Selecting previously unselected package libdirectfb-1.7-7t64:amd64.
2026-10-06T18:48:19.6121669Z Preparing to unpack .../113-libdirectfb-1.7-7t64_1.7.7-11.1ubuntu2_amd64.deb ...
2026-10-06T18:48:19.6128832Z Unpacking libdirectfb-1.7-7t64:amd64 (1.7.7-11.1ubuntu2) ...
2026-10-06T18:48:19.6790630Z Selecting previously unselected package libdvdread8t64:amd64.
2026-10-06T18:48:19.6904856Z Preparing to unpack .../114-libdvdread8t64_6.1.3-1.1build1_amd64.deb ...
2026-10-06T18:48:19.6994032Z Unpacking libdvdread8t64:amd64 (6.1.3-1.1build1) ...
2026-10-06T18:48:19.7657524Z Selecting previously unselected package libdvdnav4:amd64.
2026-10-06T18:48:19.7773792Z Preparing to unpack .../115-libdvdnav4_6.1.1-3build1_amd64.deb ...
2026-10-06T18:48:19.7780104Z Unpacking libdvdnav4:amd64 (6.1.1-3build1) ...
2026-10-06T18:48:19.8459137Z Preparing to unpack .../116-libgl1-mesa-dri_25.2.8-0ubuntu0.24.04.4_amd64.deb ...
2026-10-06T18:48:19.8595289Z Unpacking libgl1-mesa-dri:amd64 (25.2.8-0ubuntu0.24.04.4) over (25.2.8-0ubuntu0.24.04.2) ...
2026-10-06T18:48:19.9191415Z Preparing to unpack .../117-libglx-mesa0_25.2.8-0ubuntu0.24.04.4_amd64.deb ...
2026-10-06T18:48:19.9211241Z Unpacking libglx-mesa0:amd64 (25.2.8-0ubuntu0.24.04.4) over (25.2.8-0ubuntu0.24.04.2) ...
2026-10-06T18:48:20.6391112Z Preparing to unpack .../118-libgbm1_25.2.8-0ubuntu0.24.04.4_amd64.deb ...
2026-10-06T18:48:20.6524069Z Unpacking libgbm1:amd64 (25.2.8-0ubuntu0.24.04.4) over (25.2.8-0ubuntu0.24.04.2) ...
2026-10-06T18:48:20.7151025Z Preparing to unpack .../119-mesa-libgallium_25.2.8-0ubuntu0.24.04.4_amd64.deb ...
2026-10-06T18:48:20.7171564Z Unpacking mesa-libgallium:amd64 (25.2.8-0ubuntu0.24.04.4) over (25.2.8-0ubuntu0.24.04.2) ...
2026-10-06T18:48:21.2647664Z Selecting previously unselected package libegl-mesa0:amd64.
2026-10-06T18:48:21.2765303Z Preparing to unpack .../120-libegl-mesa0_25.2.8-0ubuntu0.24.04.4_amd64.deb ...
2026-10-06T18:48:21.2771778Z Unpacking libegl-mesa0:amd64 (25.2.8-0ubuntu0.24.04.4) ...
2026-10-06T18:48:21.3131184Z Selecting previously unselected package libevent-2.1-7t64:amd64.
2026-10-06T18:48:21.3244583Z Preparing to unpack .../121-libevent-2.1-7t64_2.1.12-stable-9ubuntu2.2_amd64.deb ...
2026-10-06T18:48:21.4647209Z Unpacking libevent-2.1-7t64:amd64 (2.1.12-stable-9ubuntu2.2) ...
2026-10-06T18:48:21.5132120Z Preparing to unpack .../122-libevent-pthreads-2.1-7t64_2.1.12-stable-9ubuntu2.2_amd64.deb ...
2026-10-06T18:48:21.5376066Z Unpacking libevent-pthreads-2.1-7t64:amd64 (2.1.12-stable-9ubuntu2.2) over (2.1.12-stable-9ubuntu2.1) ...
2026-10-06T18:48:21.5736351Z Preparing to unpack .../123-libevent-core-2.1-7t64_2.1.12-stable-9ubuntu2.2_amd64.deb ...
2026-10-06T18:48:21.6345466Z Unpacking libevent-core-2.1-7t64:amd64 (2.1.12-stable-9ubuntu2.2) over (2.1.12-stable-9ubuntu2.1) ...
2026-10-06T18:48:21.6768498Z Selecting previously unselected package libfaad2:amd64.
2026-10-06T18:48:21.6887177Z Preparing to unpack .../124-libfaad2_2.11.1-1build1_amd64.deb ...
2026-10-06T18:48:21.6893837Z Unpacking libfaad2:amd64 (2.11.1-1build1) ...
2026-10-06T18:48:21.7113264Z Selecting previously unselected package libinstpatch-1.0-2:amd64.
2026-10-06T18:48:21.7225622Z Preparing to unpack .../125-libinstpatch-1.0-2_1.1.6-1build2_amd64.deb ...
2026-10-06T18:48:21.7236301Z Unpacking libinstpatch-1.0-2:amd64 (1.1.6-1build2) ...
2026-10-06T18:48:21.7621047Z Selecting previously unselected package libjack-jackd2-0:amd64.
2026-10-06T18:48:21.7733513Z Preparing to unpack .../126-libjack-jackd2-0_1.9.21~dfsg-3ubuntu3_amd64.deb ...
2026-10-06T18:48:21.7740502Z Unpacking libjack-jackd2-0:amd64 (1.9.21~dfsg-3ubuntu3) ...
2026-10-06T18:48:21.8216848Z Selecting previously unselected package libwebrtc-audio-processing1:amd64.
2026-10-06T18:48:21.8332057Z Preparing to unpack .../127-libwebrtc-audio-processing1_0.3.1-0ubuntu6_amd64.deb ...
2026-10-06T18:48:21.8340253Z Unpacking libwebrtc-audio-processing1:amd64 (0.3.1-0ubuntu6) ...
2026-10-06T18:48:21.8813364Z Selecting previously unselected package libspa-0.2-modules:amd64.
2026-10-06T18:48:21.8927548Z Preparing to unpack .../128-libspa-0.2-modules_1.0.5-1ubuntu3.3_amd64.deb ...
2026-10-06T18:48:21.8933413Z Unpacking libspa-0.2-modules:amd64 (1.0.5-1ubuntu3.3) ...
2026-10-06T18:48:21.9677380Z Selecting previously unselected package libpipewire-0.3-0t64:amd64.
2026-10-06T18:48:21.9792897Z Preparing to unpack .../129-libpipewire-0.3-0t64_1.0.5-1ubuntu3.3_amd64.deb ...
2026-10-06T18:48:21.9801315Z Unpacking libpipewire-0.3-0t64:amd64 (1.0.5-1ubuntu3.3) ...
2026-10-06T18:48:22.0080279Z Selecting previously unselected package libsdl2-2.0-0:amd64.
2026-10-06T18:48:22.0194010Z Preparing to unpack .../130-libsdl2-2.0-0_2.30.0+dfsg-1ubuntu3.1_amd64.deb ...
2026-10-06T18:48:22.0200901Z Unpacking libsdl2-2.0-0:amd64 (2.30.0+dfsg-1ubuntu3.1) ...
2026-10-06T18:48:22.0528713Z Selecting previously unselected package timgm6mb-soundfont.
2026-10-06T18:48:22.0642637Z Preparing to unpack .../131-timgm6mb-soundfont_1.3-5_all.deb ...
2026-10-06T18:48:22.0652117Z Unpacking timgm6mb-soundfont (1.3-5) ...
2026-10-06T18:48:22.4203474Z Selecting previously unselected package libfluidsynth3:amd64.
2026-10-06T18:48:22.4318118Z Preparing to unpack .../132-libfluidsynth3_2.3.4-1build3_amd64.deb ...
2026-10-06T18:48:22.5019105Z Unpacking libfluidsynth3:amd64 (2.3.4-1build3) ...
2026-10-06T18:48:22.5638817Z Selecting previously unselected package libfreeaptx0:amd64.
2026-10-06T18:48:22.5752221Z Preparing to unpack .../133-libfreeaptx0_0.1.1-2build1_amd64.deb ...
2026-10-06T18:48:22.5761323Z Unpacking libfreeaptx0:amd64 (0.1.1-2build1) ...
2026-10-06T18:48:22.6304068Z Selecting previously unselected package libgraphene-1.0-0:amd64.
2026-10-06T18:48:22.6418055Z Preparing to unpack .../134-libgraphene-1.0-0_1.10.8-3build2_amd64.deb ...
2026-10-06T18:48:22.6428415Z Unpacking libgraphene-1.0-0:amd64 (1.10.8-3build2) ...
2026-10-06T18:48:22.6612138Z Selecting previously unselected package libgssdp-1.6-0:amd64.
2026-10-06T18:48:22.6725269Z Preparing to unpack .../135-libgssdp-1.6-0_1.6.3-1build3_amd64.deb ...
2026-10-06T18:48:22.6732092Z Unpacking libgssdp-1.6-0:amd64 (1.6.3-1build3) ...
2026-10-06T18:48:22.6938855Z Selecting previously unselected package libegl1:amd64.
2026-10-06T18:48:22.7049757Z Preparing to unpack .../136-libegl1_1.7.0-1build1_amd64.deb ...
2026-10-06T18:48:22.7056264Z Unpacking libegl1:amd64 (1.7.0-1build1) ...
2026-10-06T18:48:22.7751533Z Selecting previously unselected package libgstreamer-gl1.0-0:amd64.
2026-10-06T18:48:22.7865624Z Preparing to unpack .../137-libgstreamer-gl1.0-0_1.24.2-1ubuntu0.5_amd64.deb ...
2026-10-06T18:48:22.7872657Z Unpacking libgstreamer-gl1.0-0:amd64 (1.24.2-1ubuntu0.5) ...
2026-10-06T18:48:22.8086284Z Selecting previously unselected package libgtk-4-common.
2026-10-06T18:48:22.8200580Z Preparing to unpack .../138-libgtk-4-common_4.14.5+ds-0ubuntu0.10_all.deb ...
2026-10-06T18:48:22.8412163Z Unpacking libgtk-4-common (4.14.5+ds-0ubuntu0.10) ...
2026-10-06T18:48:22.9952233Z Selecting previously unselected package libgtk-4-1:amd64.
2026-10-06T18:48:23.0069414Z Preparing to unpack .../139-libgtk-4-1_4.14.5+ds-0ubuntu0.10_amd64.deb ...
2026-10-06T18:48:23.0076096Z Unpacking libgtk-4-1:amd64 (4.14.5+ds-0ubuntu0.10) ...
2026-10-06T18:48:23.1699364Z Selecting previously unselected package libgupnp-1.6-0:amd64.
2026-10-06T18:48:23.1813612Z Preparing to unpack .../140-libgupnp-1.6-0_1.6.6-1build3_amd64.deb ...
2026-10-06T18:48:23.1824742Z Unpacking libgupnp-1.6-0:amd64 (1.6.6-1build3) ...
2026-10-06T18:48:23.2088044Z Selecting previously unselected package libgupnp-igd-1.6-0:amd64.
2026-10-06T18:48:23.2202658Z Preparing to unpack .../141-libgupnp-igd-1.6-0_1.6.0-3build3_amd64.deb ...
2026-10-06T18:48:23.2305254Z Unpacking libgupnp-igd-1.6-0:amd64 (1.6.0-3build3) ...
2026-10-06T18:48:23.3260617Z Selecting previously unselected package libharfbuzz-icu0:amd64.
2026-10-06T18:48:23.3374545Z Preparing to unpack .../142-libharfbuzz-icu0_8.3.0-2build2_amd64.deb ...
2026-10-06T18:48:23.3461860Z Unpacking libharfbuzz-icu0:amd64 (8.3.0-2build2) ...
2026-10-06T18:48:23.3689840Z Selecting previously unselected package libhyphen0:amd64.
2026-10-06T18:48:23.3804152Z Preparing to unpack .../143-libhyphen0_2.8.8-7build3_amd64.deb ...
2026-10-06T18:48:23.3905938Z Unpacking libhyphen0:amd64 (2.8.8-7build3) ...
2026-10-06T18:48:23.4623938Z Selecting previously unselected package libimath-3-1-29t64:amd64.
2026-10-06T18:48:23.4736542Z Preparing to unpack .../144-libimath-3-1-29t64_3.1.9-3.1ubuntu2_amd64.deb ...
2026-10-06T18:48:23.4742859Z Unpacking libimath-3-1-29t64:amd64 (3.1.9-3.1ubuntu2) ...
2026-10-06T18:48:23.4941813Z Selecting previously unselected package liblc3-1:amd64.
2026-10-06T18:48:23.5055223Z Preparing to unpack .../145-liblc3-1_1.0.4-3build1_amd64.deb ...
2026-10-06T18:48:23.5061546Z Unpacking liblc3-1:amd64 (1.0.4-3build1) ...
2026-10-06T18:48:23.5452744Z Selecting previously unselected package libldacbt-enc2:amd64.
2026-10-06T18:48:23.5566964Z Preparing to unpack .../146-libldacbt-enc2_2.0.2.3+git20200429+ed310a0-4ubuntu2_amd64.deb ...
2026-10-06T18:48:23.5573775Z Unpacking libldacbt-enc2:amd64 (2.0.2.3+git20200429+ed310a0-4ubuntu2) ...
2026-10-06T18:48:23.5752892Z Selecting previously unselected package libraptor2-0:amd64.
2026-10-06T18:48:23.5865151Z Preparing to unpack .../147-libraptor2-0_2.0.16-3ubuntu0.1_amd64.deb ...
2026-10-06T18:48:23.5871940Z Unpacking libraptor2-0:amd64 (2.0.16-3ubuntu0.1) ...
2026-10-06T18:48:23.6110105Z Selecting previously unselected package liblrdf0:amd64.
2026-10-06T18:48:23.6222847Z Preparing to unpack .../148-liblrdf0_0.6.1-4build1_amd64.deb ...
2026-10-06T18:48:23.6234469Z Unpacking liblrdf0:amd64 (0.6.1-4build1) ...
2026-10-06T18:48:23.7122843Z Selecting previously unselected package libltc11:amd64.
2026-10-06T18:48:23.7235723Z Preparing to unpack .../149-libltc11_1.3.2-1build1_amd64.deb ...
2026-10-06T18:48:23.7242927Z Unpacking libltc11:amd64 (1.3.2-1build1) ...
2026-10-06T18:48:23.7827480Z Selecting previously unselected package libmanette-0.2-0:amd64.
2026-10-06T18:48:23.7942668Z Preparing to unpack .../150-libmanette-0.2-0_0.2.7-1build2_amd64.deb ...
2026-10-06T18:48:23.8119854Z Unpacking libmanette-0.2-0:amd64 (0.2.7-1build2) ...
2026-10-06T18:48:23.8301537Z Selecting previously unselected package libmfx1:amd64.
2026-10-06T18:48:23.8415299Z Preparing to unpack .../151-libmfx1_22.5.4-1_amd64.deb ...
2026-10-06T18:48:23.8423848Z Unpacking libmfx1:amd64 (22.5.4-1) ...
2026-10-06T18:48:24.0148124Z Selecting previously unselected package libmjpegutils-2.1-0t64:amd64.
2026-10-06T18:48:24.0263910Z Preparing to unpack .../152-libmjpegutils-2.1-0t64_1%3a2.1.0+debian-8.1build1_amd64.deb ...
2026-10-06T18:48:24.0450423Z Unpacking libmjpegutils-2.1-0t64:amd64 (1:2.1.0+debian-8.1build1) ...
2026-10-06T18:48:24.0809374Z Selecting previously unselected package libmodplug1:amd64.
2026-10-06T18:48:24.0923678Z Preparing to unpack .../153-libmodplug1_1%3a0.8.9.0-3build1_amd64.deb ...
2026-10-06T18:48:24.0929975Z Unpacking libmodplug1:amd64 (1:0.8.9.0-3build1) ...
2026-10-06T18:48:24.1127701Z Selecting previously unselected package libmpcdec6:amd64.
2026-10-06T18:48:24.1240306Z Preparing to unpack .../154-libmpcdec6_2%3a0.1~r495-2build1_amd64.deb ...
2026-10-06T18:48:24.1376555Z Unpacking libmpcdec6:amd64 (2:0.1~r495-2build1) ...
2026-10-06T18:48:24.1565846Z Selecting previously unselected package libmpeg2encpp-2.1-0t64:amd64.
2026-10-06T18:48:24.1680390Z Preparing to unpack .../155-libmpeg2encpp-2.1-0t64_1%3a2.1.0+debian-8.1build1_amd64.deb ...
2026-10-06T18:48:24.1687633Z Unpacking libmpeg2encpp-2.1-0t64:amd64 (1:2.1.0+debian-8.1build1) ...
2026-10-06T18:48:24.1915240Z Selecting previously unselected package libmplex2-2.1-0t64:amd64.
2026-10-06T18:48:24.2029189Z Preparing to unpack .../156-libmplex2-2.1-0t64_1%3a2.1.0+debian-8.1build1_amd64.deb ...
2026-10-06T18:48:24.2036110Z Unpacking libmplex2-2.1-0t64:amd64 (1:2.1.0+debian-8.1build1) ...
2026-10-06T18:48:24.2535694Z Selecting previously unselected package libneon27t64:amd64.
2026-10-06T18:48:24.2651763Z Preparing to unpack .../157-libneon27t64_0.33.0-1.1build3_amd64.deb ...
2026-10-06T18:48:24.2658667Z Unpacking libneon27t64:amd64 (0.33.0-1.1build3) ...
2026-10-06T18:48:24.4769121Z Selecting previously unselected package libnice10:amd64.
2026-10-06T18:48:24.4885092Z Preparing to unpack .../158-libnice10_0.1.21-2build3_amd64.deb ...
2026-10-06T18:48:24.4891853Z Unpacking libnice10:amd64 (0.1.21-2build3) ...
2026-10-06T18:48:24.5812429Z Selecting previously unselected package libopenal-data.
2026-10-06T18:48:24.5926071Z Preparing to unpack .../159-libopenal-data_1%3a1.23.1-4build1_all.deb ...
2026-10-06T18:48:24.5933304Z Unpacking libopenal-data (1:1.23.1-4build1) ...
2026-10-06T18:48:24.6785356Z Selecting previously unselected package libopenexr-3-1-30:amd64.
2026-10-06T18:48:24.6900747Z Preparing to unpack .../160-libopenexr-3-1-30_3.1.5-5.1build3_amd64.deb ...
2026-10-06T18:48:24.6934574Z Unpacking libopenexr-3-1-30:amd64 (3.1.5-5.1build3) ...
2026-10-06T18:48:24.7673685Z Selecting previously unselected package libopenh264-7:amd64.
2026-10-06T18:48:24.7790268Z Preparing to unpack .../161-libopenh264-7_2.4.1+dfsg-1_amd64.deb ...
2026-10-06T18:48:24.7796567Z Unpacking libopenh264-7:amd64 (2.4.1+dfsg-1) ...
2026-10-06T18:48:24.8172563Z Selecting previously unselected package libopenni2-0:amd64.
2026-10-06T18:48:24.8286330Z Preparing to unpack .../162-libopenni2-0_2.2.0.33+dfsg-18_amd64.deb ...
2026-10-06T18:48:24.8313754Z Unpacking libopenni2-0:amd64 (2.2.0.33+dfsg-18) ...
2026-10-06T18:48:24.8709319Z Selecting previously unselected package libqrencode4:amd64.
2026-10-06T18:48:24.8823027Z Preparing to unpack .../163-libqrencode4_4.1.1-1build2_amd64.deb ...
2026-10-06T18:48:24.8829435Z Unpacking libqrencode4:amd64 (4.1.1-1build2) ...
2026-10-06T18:48:24.9606567Z Selecting previously unselected package libsecret-common.
2026-10-06T18:48:24.9722516Z Preparing to unpack .../164-libsecret-common_0.21.4-1build3_all.deb ...
2026-10-06T18:48:24.9767726Z Unpacking libsecret-common (0.21.4-1build3) ...
2026-10-06T18:48:25.0573742Z Selecting previously unselected package libsecret-1-0:amd64.
2026-10-06T18:48:25.0689779Z Preparing to unpack .../165-libsecret-1-0_0.21.4-1build3_amd64.deb ...
2026-10-06T18:48:25.0696262Z Unpacking libsecret-1-0:amd64 (0.21.4-1build3) ...
2026-10-06T18:48:25.1032932Z Selecting previously unselected package libsndio7.0:amd64.
2026-10-06T18:48:25.1147701Z Preparing to unpack .../166-libsndio7.0_1.9.0-0.3build3_amd64.deb ...
2026-10-06T18:48:25.1156156Z Unpacking libsndio7.0:amd64 (1.9.0-0.3build3) ...
2026-10-06T18:48:25.1332775Z Selecting previously unselected package libsoundtouch1:amd64.
2026-10-06T18:48:25.1445392Z Preparing to unpack .../167-libsoundtouch1_2.3.2+ds1-1build1_amd64.deb ...
2026-10-06T18:48:25.1451265Z Unpacking libsoundtouch1:amd64 (2.3.2+ds1-1build1) ...
2026-10-06T18:48:25.1634460Z Selecting previously unselected package libspandsp2t64:amd64.
2026-10-06T18:48:25.1747492Z Preparing to unpack .../168-libspandsp2t64_0.0.6+dfsg-2.1build1_amd64.deb ...
2026-10-06T18:48:25.1753556Z Unpacking libspandsp2t64:amd64 (0.0.6+dfsg-2.1build1) ...
2026-10-06T18:48:25.1992129Z Selecting previously unselected package libsrtp2-1:amd64.
2026-10-06T18:48:25.2105478Z Preparing to unpack .../169-libsrtp2-1_2.5.0-3build1_amd64.deb ...
2026-10-06T18:48:25.2111300Z Unpacking libsrtp2-1:amd64 (2.5.0-3build1) ...
2026-10-06T18:48:25.3144218Z Selecting previously unselected package libwayland-server0:amd64.
2026-10-06T18:48:25.3258125Z Preparing to unpack .../170-libwayland-server0_1.22.0-2.1build1_amd64.deb ...
2026-10-06T18:48:25.3266795Z Unpacking libwayland-server0:amd64 (1.22.0-2.1build1) ...
2026-10-06T18:48:25.3445956Z Selecting previously unselected package libwildmidi2:amd64.
2026-10-06T18:48:25.3559407Z Preparing to unpack .../171-libwildmidi2_0.4.3-1build3_amd64.deb ...
2026-10-06T18:48:25.3566101Z Unpacking libwildmidi2:amd64 (0.4.3-1build3) ...
2026-10-06T18:48:25.3744781Z Selecting previously unselected package libwoff1:amd64.
2026-10-06T18:48:25.3857140Z Preparing to unpack .../172-libwoff1_1.0.2-2build1_amd64.deb ...
2026-10-06T18:48:25.3862924Z Unpacking libwoff1:amd64 (1.0.2-2build1) ...
2026-10-06T18:48:25.4045753Z Selecting previously unselected package libxcb-xkb1:amd64.
2026-10-06T18:48:25.4158360Z Preparing to unpack .../173-libxcb-xkb1_1.15-1ubuntu2_amd64.deb ...
2026-10-06T18:48:25.4164204Z Unpacking libxcb-xkb1:amd64 (1.15-1ubuntu2) ...
2026-10-06T18:48:25.4342788Z Selecting previously unselected package libxkbcommon-x11-0:amd64.
2026-10-06T18:48:25.4460143Z Preparing to unpack .../174-libxkbcommon-x11-0_1.6.0-1build1_amd64.deb ...
2026-10-06T18:48:25.4466182Z Unpacking libxkbcommon-x11-0:amd64 (1.6.0-1build1) ...
2026-10-06T18:48:25.5242103Z Selecting previously unselected package libzbar0t64:amd64.
2026-10-06T18:48:25.5359058Z Preparing to unpack .../175-libzbar0t64_0.23.93-4build3_amd64.deb ...
2026-10-06T18:48:25.5365944Z Unpacking libzbar0t64:amd64 (0.23.93-4build3) ...
2026-10-06T18:48:25.5548780Z Selecting previously unselected package libzxing3:amd64.
2026-10-06T18:48:25.5661989Z Preparing to unpack .../176-libzxing3_2.2.1-3_amd64.deb ...
2026-10-06T18:48:25.5668546Z Unpacking libzxing3:amd64 (2.2.1-3) ...
2026-10-06T18:48:25.5928806Z Selecting previously unselected package xfonts-encodings.
2026-10-06T18:48:25.6042270Z Preparing to unpack .../177-xfonts-encodings_1%3a1.0.5-0ubuntu2_all.deb ...
2026-10-06T18:48:25.6051188Z Unpacking xfonts-encodings (1:1.0.5-0ubuntu2) ...
2026-10-06T18:48:25.6779203Z Selecting previously unselected package xfonts-utils.
2026-10-06T18:48:25.6893499Z Preparing to unpack .../178-xfonts-utils_1%3a7.7+6build3_amd64.deb ...
2026-10-06T18:48:25.7864818Z Unpacking xfonts-utils (1:7.7+6build3) ...
2026-10-06T18:48:25.8143550Z Selecting previously unselected package xfonts-cyrillic.
2026-10-06T18:48:25.8255085Z Preparing to unpack .../179-xfonts-cyrillic_1%3a1.0.5+nmu1_all.deb ...
2026-10-06T18:48:25.8261474Z Unpacking xfonts-cyrillic (1:1.0.5+nmu1) ...
2026-10-06T18:48:25.8541807Z Selecting previously unselected package xfonts-scalable.
2026-10-06T18:48:25.8654603Z Preparing to unpack .../180-xfonts-scalable_1%3a1.0.3-1.3_all.deb ...
2026-10-06T18:48:25.8661439Z Unpacking xfonts-scalable (1:1.0.3-1.3) ...
2026-10-06T18:48:25.8872530Z Selecting previously unselected package libgstreamer-plugins-bad1.0-0:amd64.
2026-10-06T18:48:25.8985361Z Preparing to unpack .../181-libgstreamer-plugins-bad1.0-0_1.24.2-1ubuntu4_amd64.deb ...
2026-10-06T18:48:25.8993179Z Unpacking libgstreamer-plugins-bad1.0-0:amd64 (1.24.2-1ubuntu4) ...
2026-10-06T18:48:25.9365577Z Selecting previously unselected package libdca0:amd64.
2026-10-06T18:48:25.9479145Z Preparing to unpack .../182-libdca0_0.0.7-2build1_amd64.deb ...
2026-10-06T18:48:26.0075386Z Unpacking libdca0:amd64 (0.0.7-2build1) ...
2026-10-06T18:48:26.0877347Z Selecting previously unselected package libopenal1:amd64.
2026-10-06T18:48:26.0990635Z Preparing to unpack .../183-libopenal1_1%3a1.23.1-4build1_amd64.deb ...
2026-10-06T18:48:26.0996909Z Unpacking libopenal1:amd64 (1:1.23.1-4build1) ...
2026-10-06T18:48:26.1248108Z Selecting previously unselected package libsbc1:amd64.
2026-10-06T18:48:26.1361433Z Preparing to unpack .../184-libsbc1_2.0-1build1_amd64.deb ...
2026-10-06T18:48:26.1713932Z Unpacking libsbc1:amd64 (2.0-1build1) ...
2026-10-06T18:48:26.1892495Z Selecting previously unselected package libvo-aacenc0:amd64.
2026-10-06T18:48:26.2005063Z Preparing to unpack .../185-libvo-aacenc0_0.1.3-2build1_amd64.deb ...
2026-10-06T18:48:26.2011844Z Unpacking libvo-aacenc0:amd64 (0.1.3-2build1) ...
2026-10-06T18:48:26.2190885Z Selecting previously unselected package libvo-amrwbenc0:amd64.
2026-10-06T18:48:26.2302361Z Preparing to unpack .../186-libvo-amrwbenc0_0.1.3-2build1_amd64.deb ...
2026-10-06T18:48:26.2785336Z Unpacking libvo-amrwbenc0:amd64 (0.1.3-2build1) ...
2026-10-06T18:48:26.2964929Z Selecting previously unselected package gstreamer1.0-plugins-bad:amd64.
2026-10-06T18:48:26.3077704Z Preparing to unpack .../187-gstreamer1.0-plugins-bad_1.24.2-1ubuntu4_amd64.deb ...
2026-10-06T18:48:26.3084296Z Unpacking gstreamer1.0-plugins-bad:amd64 (1.24.2-1ubuntu4) ...
2026-10-06T18:48:26.5743160Z Setting up libgme0:amd64 (0.6.3-7build1) ...
2026-10-06T18:48:26.5763350Z Setting up libchromaprint1:amd64 (1.5.1-5) ...
2026-10-06T18:48:26.5777661Z Setting up libssh-gcrypt-4:amd64 (0.10.6-2ubuntu0.5) ...
2026-10-06T18:48:26.5793482Z Setting up libhwy1t64:amd64 (1.0.7-8.1build1) ...
2026-10-06T18:48:26.5807250Z Setting up libfreeaptx0:amd64 (0.1.1-2build1) ...
2026-10-06T18:48:26.5822610Z Setting up libdvdread8t64:amd64 (6.1.3-1.1build1) ...
2026-10-06T18:48:26.5837285Z Setting up libudfread0:amd64 (1.1.2-1build1) ...
2026-10-06T18:48:26.6566109Z Setting up libmodplug1:amd64 (1:0.8.9.0-3build1) ...
2026-10-06T18:48:26.6582433Z Setting up libcdparanoia0:amd64 (3.10.2+debian-14build3) ...
2026-10-06T18:48:26.6597511Z Setting up libwayland-server0:amd64 (1.22.0-2.1build1) ...
2026-10-06T18:48:26.6615596Z Setting up libvo-amrwbenc0:amd64 (0.1.3-2build1) ...
2026-10-06T18:48:26.6631578Z Setting up mesa-libgallium:amd64 (25.2.8-0ubuntu0.24.04.4) ...
2026-10-06T18:48:26.6645428Z Setting up session-migration (0.3.9build1) ...
2026-10-06T18:48:26.7520195Z Created symlink /etc/systemd/user/graphical-session-pre.target.wants/session-migration.service → /usr/lib/systemd/user/session-migration.service.
2026-10-06T18:48:26.7520756Z
2026-10-06T18:48:26.7547250Z Setting up libraw1394-11:amd64 (2.1.2-2build3) ...
2026-10-06T18:48:26.7561097Z Setting up libsbc1:amd64 (2.0-1build1) ...
2026-10-06T18:48:26.7582386Z Setting up libproxy1v5:amd64 (0.5.4-4build1) ...
2026-10-06T18:48:26.7598474Z Setting up libneon27t64:amd64 (0.33.0-1.1build3) ...
2026-10-06T18:48:26.7612103Z Setting up libtag1v5-vanilla:amd64 (1.13.1-1build1) ...
2026-10-06T18:48:26.7628098Z Setting up libharfbuzz-icu0:amd64 (8.3.0-2build2) ...
2026-10-06T18:48:26.7641312Z Setting up libopenni2-0:amd64 (2.2.0.33+dfsg-18) ...
2026-10-06T18:48:26.7777609Z Setting up libspeex1:amd64 (1.2.1-2ubuntu2.24.04.1) ...
2026-10-06T18:48:26.7794246Z Setting up libshine3:amd64 (3.1.1-2build1) ...
2026-10-06T18:48:26.7808155Z Setting up libcaca0:amd64 (0.99.beta20-4ubuntu0.2) ...
2026-10-06T18:48:26.7825477Z Setting up libvpl2 (2023.3.0-1build1) ...
2026-10-06T18:48:26.7841674Z Setting up libv4lconvert0t64:amd64 (1.26.1-4build3) ...
2026-10-06T18:48:26.7860316Z Setting up libx264-164:amd64 (2:0.164.3108+git31e19f9-1) ...
2026-10-06T18:48:26.7874593Z Setting up libtwolame0:amd64 (0.4.0-2build3) ...
2026-10-06T18:48:26.7890099Z Setting up libmbedcrypto7t64:amd64 (2.28.8-1) ...
2026-10-06T18:48:26.7904462Z Setting up libwoff1:amd64 (1.0.2-2build1) ...
2026-10-06T18:48:26.7925964Z Setting up liblc3-1:amd64 (1.0.4-3build1) ...
2026-10-06T18:48:26.8362804Z Setting up libqrencode4:amd64 (4.1.1-1build2) ...
2026-10-06T18:48:26.8457096Z Setting up libhyphen0:amd64 (2.8.8-7build3) ...
2026-10-06T18:48:26.8473861Z Setting up libgbm1:amd64 (25.2.8-0ubuntu0.24.04.4) ...
2026-10-06T18:48:26.8488688Z Setting up libgsm1:amd64 (1.0.22-1build1) ...
2026-10-06T18:48:26.8508484Z Setting up libvisual-0.4-0:amd64 (0.4.2-2build1) ...
2026-10-06T18:48:26.8528092Z Setting up libsoxr0:amd64 (0.1.3-4build3) ...
2026-10-06T18:48:26.8543099Z Setting up libzix-0-0:amd64 (0.4.2-2build1) ...
2026-10-06T18:48:26.8578860Z Setting up libcodec2-1.2:amd64 (1.2.0-2build1) ...
2026-10-06T18:48:26.8594902Z Setting up libmanette-0.2-0:amd64 (0.2.7-1build2) ...
2026-10-06T18:48:26.8673372Z Setting up libsrtp2-1:amd64 (2.5.0-3build1) ...
2026-10-06T18:48:26.8808662Z Setting up libgl1-mesa-dri:amd64 (25.2.8-0ubuntu0.24.04.4) ...
2026-10-06T18:48:26.9084529Z Setting up libmysofa1:amd64 (1.3.2+dfsg-2ubuntu2) ...
2026-10-06T18:48:26.9104996Z Setting up libraptor2-0:amd64 (2.0.16-3ubuntu0.1) ...
2026-10-06T18:48:26.9126304Z Setting up libldacbt-enc2:amd64 (2.0.2.3+git20200429+ed310a0-4ubuntu2) ...
2026-10-06T18:48:26.9141786Z Setting up fonts-wqy-zenhei (0.9.45-8) ...
2026-10-06T18:48:26.9243913Z Setting up libwebrtc-audio-processing1:amd64 (0.3.1-0ubuntu6) ...
2026-10-06T18:48:26.9304949Z Setting up fonts-freefont-ttf (20211204+svn4273-2) ...
2026-10-06T18:48:26.9319619Z Setting up libevent-2.1-7t64:amd64 (2.1.12-stable-9ubuntu2.2) ...
2026-10-06T18:48:26.9334706Z Setting up libsvtav1enc1d1:amd64 (1.7.0+dfsg-2build1) ...
2026-10-06T18:48:26.9347982Z Setting up libsoup-3.0-common (3.4.4-5ubuntu0.8) ...
2026-10-06T18:48:26.9366123Z Setting up libmpg123-0t64:amd64 (1.32.5-1ubuntu1.1) ...
2026-10-06T18:48:26.9379572Z Setting up libcjson1:amd64 (1.7.17-1) ...
2026-10-06T18:48:26.9400084Z Setting up libxvidcore4:amd64 (2:1.3.7-1build1) ...
2026-10-06T18:48:26.9416166Z Setting up libmpcdec6:amd64 (2:0.1~r495-2build1) ...
2026-10-06T18:48:26.9430472Z Setting up libmjpegutils-2.1-0t64:amd64 (1:2.1.0+debian-8.1build1) ...
2026-10-06T18:48:26.9447038Z Setting up librav1e0:amd64 (0.7.1-2) ...
2026-10-06T18:48:26.9461328Z Setting up liborc-0.4-0t64:amd64 (1:0.4.38-1ubuntu0.1) ...
2026-10-06T18:48:26.9477412Z Setting up libxcb-xkb1:amd64 (1.15-1ubuntu2) ...
2026-10-06T18:48:26.9492353Z Setting up libvo-aacenc0:amd64 (0.1.3-2build1) ...
2026-10-06T18:48:26.9507344Z Setting up librist4:amd64 (0.2.10+dfsg-2) ...
2026-10-06T18:48:26.9523627Z Setting up librsvg2-2:amd64 (2.58.0+dfsg-1build1) ...
2026-10-06T18:48:26.9537246Z Setting up libblas3:amd64 (3.12.0-3build1.1) ...
2026-10-06T18:48:26.9600971Z update-alternatives: using /usr/lib/x86_64-linux-gnu/blas/libblas.so.3 to provide /usr/lib/x86_64-linux-gnu/libblas.so.3 (libblas.so.3-x86_64-linux-gnu) in auto mode
2026-10-06T18:48:26.9617037Z Setting up libegl-mesa0:amd64 (25.2.8-0ubuntu0.24.04.4) ...
2026-10-06T18:48:26.9631150Z Setting up libsoundtouch1:amd64 (2.3.2+ds1-1build1) ...
2026-10-06T18:48:26.9648432Z Setting up libplacebo338:amd64 (6.338.2-2build1) ...
2026-10-06T18:48:26.9663026Z Setting up libgles2:amd64 (1.7.0-1build1) ...
2026-10-06T18:48:26.9677615Z Setting up fonts-tlwg-loma-otf (1:0.7.3-1) ...
2026-10-06T18:48:26.9693207Z Setting up libva2:amd64 (2.20.0-2ubuntu0.2) ...
2026-10-06T18:48:26.9714023Z Setting up libfreetype6:amd64 (2.13.2+dfsg-1ubuntu0.2) ...
2026-10-06T18:48:26.9729939Z Setting up libspa-0.2-modules:amd64 (1.0.5-1ubuntu3.3) ...
2026-10-06T18:48:26.9751632Z Setting up libzxing3:amd64 (2.2.1-3) ...
2026-10-06T18:48:26.9766940Z Setting up xfonts-encodings (1:1.0.5-0ubuntu2) ...
2026-10-06T18:48:26.9782722Z Setting up libopus0:amd64 (1.4-1build1) ...
2026-10-06T18:48:26.9797360Z Setting up libfaad2:amd64 (2.11.1-1build1) ...
2026-10-06T18:48:26.9812908Z Setting up libxkbcommon-x11-0:amd64 (1.6.0-1build1) ...
2026-10-06T18:48:26.9829917Z Setting up libdc1394-25:amd64 (2.2.6-4build1) ...
2026-10-06T18:48:26.9845175Z Setting up libimath-3-1-29t64:amd64 (3.1.9-3.1ubuntu2) ...
2026-10-06T18:48:26.9861818Z Setting up libunibreak5:amd64 (5.1-2build1) ...
2026-10-06T18:48:26.9876252Z Setting up libdv4t64:amd64 (1.0.0-17.1build1) ...
2026-10-06T18:48:26.9891528Z Setting up libjxl0.7:amd64 (0.7.0-10.2ubuntu6.1) ...
2026-10-06T18:48:26.9914498Z Setting up libopenh264-7:amd64 (2.4.1+dfsg-1) ...
2026-10-06T18:48:26.9929042Z Setting up libltc11:amd64 (1.3.2-1build1) ...
2026-10-06T18:48:26.9944427Z Setting up libx265-199:amd64 (3.5-2build1) ...
2026-10-06T18:48:27.0889213Z Setting up libv4l-0t64:amd64 (1.26.1-4build3) ...
2026-10-06T18:48:27.1125105Z Setting up libavtp0:amd64 (0.2.0-1build1) ...
2026-10-06T18:48:27.1155074Z Setting up libsndio7.0:amd64 (1.9.0-0.3build3) ...
2026-10-06T18:48:27.1174251Z Setting up libdirectfb-1.7-7t64:amd64 (1.7.7-11.1ubuntu2) ...
2026-10-06T18:48:27.1205814Z Setting up libspandsp2t64:amd64 (0.0.6+dfsg-2.1build1) ...
2026-10-06T18:48:27.1225069Z Setting up libvidstab1.1:amd64 (1.1.0-2build1) ...
2026-10-06T18:48:27.1249564Z Setting up libvpx9:amd64 (1.14.0-1ubuntu2.3) ...
2026-10-06T18:48:27.1265669Z Setting up libsrt1.5-gnutls:amd64 (1.5.3-1build2) ...
2026-10-06T18:48:27.1282358Z Setting up libtag1v5:amd64 (1.13.1-1build1) ...
2026-10-06T18:48:27.1297296Z Setting up libflite1:amd64 (2.2-6build3) ...
2026-10-06T18:48:27.1315582Z Setting up libdav1d7:amd64 (1.4.1-1build1) ...
2026-10-06T18:48:27.1331051Z Setting up libva-drm2:amd64 (2.20.0-2ubuntu0.2) ...
2026-10-06T18:48:27.1363298Z Setting up fonts-ipafont-gothic (00303-21ubuntu1) ...
2026-10-06T18:48:27.1425664Z update-alternatives: using /usr/share/fonts/opentype/ipafont-gothic/ipag.ttf to provide /usr/share/fonts/truetype/fonts-japanese-gothic.ttf (fonts-japanese-gothic.ttf) in auto mode
2026-10-06T18:48:27.1466135Z Setting up ocl-icd-libopencl1:amd64 (2.3.2-1build1) ...
2026-10-06T18:48:27.1483774Z Setting up libasyncns0:amd64 (0.8-6build4) ...
2026-10-06T18:48:27.1497368Z Setting up libwildmidi2:amd64 (0.4.3-1build3) ...
2026-10-06T18:48:27.1511326Z Setting up libvdpau1:amd64 (1.5-2build1) ...
2026-10-06T18:48:27.1535569Z Setting up libwavpack1:amd64 (5.6.0-1build1) ...
2026-10-06T18:48:27.1549646Z Setting up libbs2b0:amd64 (3.1.0+dfsg-7build1) ...
2026-10-06T18:48:27.1565663Z Setting up libtheora0:amd64 (1.1.1+dfsg.1-16.1build3) ...
2026-10-06T18:48:27.1580898Z Setting up libegl1:amd64 (1.7.0-1build1) ...
2026-10-06T18:48:27.1597195Z Setting up libdecor-0-0:amd64 (0.2.2-1build2) ...
2026-10-06T18:48:27.1614300Z Setting up libdca0:amd64 (0.0.7-2build1) ...
2026-10-06T18:48:27.1629978Z Setting up libzimg2:amd64 (3.0.5+ds1-1build1) ...
2026-10-06T18:48:27.1650223Z Setting up libopenal-data (1:1.23.1-4build1) ...
2026-10-06T18:48:27.1672583Z Setting up libevent-core-2.1-7t64:amd64 (2.1.12-stable-9ubuntu2.2) ...
2026-10-06T18:48:27.1687465Z Setting up libabsl20220623t64:amd64 (20220623.1-3.1ubuntu3.2) ...
2026-10-06T18:48:27.1701072Z Setting up libflac12t64:amd64 (1.4.3+ds-2.1ubuntu2) ...
2026-10-06T18:48:27.1716499Z Setting up libgtk-4-common (4.14.5+ds-0ubuntu0.10) ...
2026-10-06T18:48:27.1732591Z Setting up libmpeg2encpp-2.1-0t64:amd64 (1:2.1.0+debian-8.1build1) ...
2026-10-06T18:48:27.1746617Z Setting up glib-networking-common (2.80.0-1build1) ...
2026-10-06T18:48:27.1767586Z Setting up libmfx1:amd64 (22.5.4-1) ...
2026-10-06T18:48:27.1787267Z Setting up libbluray2:amd64 (1:1.3.4-1build1) ...
2026-10-06T18:48:27.1802212Z Setting up libde265-0:amd64 (1.0.15-1ubuntu0.1) ...
2026-10-06T18:48:27.1818764Z Setting up libsamplerate0:amd64 (0.2.2-4build1) ...
2026-10-06T18:48:27.1834130Z Setting up timgm6mb-soundfont (1.3-5) ...
2026-10-06T18:48:27.1903953Z update-alternatives: using /usr/share/sounds/sf2/TimGM6mb.sf2 to provide /usr/share/sounds/sf2/default-GM.sf2 (default-GM.sf2) in auto mode
2026-10-06T18:48:27.1942684Z update-alternatives: using /usr/share/sounds/sf2/TimGM6mb.sf2 to provide /usr/share/sounds/sf3/default-GM.sf3 (default-GM.sf3) in auto mode
2026-10-06T18:48:27.1956888Z Setting up libva-x11-2:amd64 (2.20.0-2ubuntu0.2) ...
2026-10-06T18:48:27.1972371Z Setting up libyuv0:amd64 (0.0~git202401110.af6ac82-1) ...
2026-10-06T18:48:27.1991264Z Setting up libmplex2-2.1-0t64:amd64 (1:2.1.0+debian-8.1build1) ...
2026-10-06T18:48:27.2006107Z Setting up libpipewire-0.3-0t64:amd64 (1.0.5-1ubuntu3.3) ...
2026-10-06T18:48:27.2020317Z Setting up libopenmpt0t64:amd64 (0.7.3-1.1build3) ...
2026-10-06T18:48:27.2037519Z Setting up libzvbi-common (0.2.42-2) ...
2026-10-06T18:48:27.2051507Z Setting up libsecret-common (0.21.4-1build3) ...
2026-10-06T18:48:27.2067110Z Setting up libmp3lame0:amd64 (3.100-6build1) ...
2026-10-06T18:48:27.2095852Z Setting up libgraphene-1.0-0:amd64 (1.10.8-3build2) ...
2026-10-06T18:48:27.2112674Z Setting up libvorbisenc2:amd64 (1.3.7-1build3) ...
2026-10-06T18:48:27.2127771Z Setting up libdvdnav4:amd64 (6.1.1-3build1) ...
2026-10-06T18:48:27.2141811Z Setting up fonts-unifont (1:15.1.01-1build1) ...
2026-10-06T18:48:27.2159347Z Setting up libaa1:amd64 (1.4p5-51.1) ...
2026-10-06T18:48:27.2173735Z Setting up libiec61883-0:amd64 (1.2.0-6build1) ...
2026-10-06T18:48:27.2188814Z Setting up libserd-0-0:amd64 (0.32.2-1) ...
2026-10-06T18:48:27.2203064Z Setting up libavc1394-0:amd64 (0.5.4-5build3) ...
2026-10-06T18:48:27.2222080Z Setting up libcairo-script-interpreter2:amd64 (1.18.0-3build1) ...
2026-10-06T18:48:27.2348299Z Setting up gsettings-desktop-schemas (46.1-0ubuntu1) ...
2026-10-06T18:48:27.2364901Z Setting up glib-networking-services (2.80.0-1build1) ...
2026-10-06T18:48:27.2381928Z Setting up liblapack3:amd64 (3.12.0-3build1.1) ...
2026-10-06T18:48:27.2709652Z update-alternatives: using /usr/lib/x86_64-linux-gnu/lapack/liblapack.so.3 to provide /usr/lib/x86_64-linux-gnu/liblapack.so.3 (liblapack.so.3-x86_64-linux-gnu) in auto mode
2026-10-06T18:48:27.3226932Z Setting up libglx-mesa0:amd64 (25.2.8-0ubuntu0.24.04.4) ...
2026-10-06T18:48:27.3248715Z Setting up libzvbi0t64:amd64 (0.2.42-2) ...
2026-10-06T18:48:27.3268710Z Setting up libevent-pthreads-2.1-7t64:amd64 (2.1.12-stable-9ubuntu2.2) ...
2026-10-06T18:48:27.3288122Z Setting up liblrdf0:amd64 (0.6.1-4build1) ...
2026-10-06T18:48:27.3304786Z Setting up libzbar0t64:amd64 (0.23.93-4build3) ...
2026-10-06T18:48:27.3322302Z Setting up libgstreamer-plugins-base1.0-0:amd64 (1.24.2-1ubuntu0.5) ...
2026-10-06T18:48:27.3457930Z Setting up libavutil58:amd64 (7:6.1.1-3ubuntu5) ...
2026-10-06T18:48:27.3773957Z Setting up libopenal1:amd64 (1:1.23.1-4build1) ...
2026-10-06T18:48:27.3788977Z Setting up xfonts-utils (1:7.7+6build3) ...
2026-10-06T18:48:27.3976465Z Setting up libsecret-1-0:amd64 (0.21.4-1build3) ...
2026-10-06T18:48:27.3995130Z Setting up libgstreamer-plugins-good1.0-0:amd64 (1.24.2-1ubuntu1.8) ...
2026-10-06T18:48:27.4011917Z Setting up libgstreamer-gl1.0-0:amd64 (1.24.2-1ubuntu0.5) ...
2026-10-06T18:48:27.4027805Z Setting up gstreamer1.0-plugins-base:amd64 (1.24.2-1ubuntu0.5) ...
2026-10-06T18:48:27.4042512Z Setting up libass9:amd64 (1:0.17.1-2build1) ...
2026-10-06T18:48:27.4059466Z Setting up libswresample4:amd64 (7:6.1.1-3ubuntu5) ...
2026-10-06T18:48:27.4073895Z Setting up libopenexr-3-1-30:amd64 (3.1.5-5.1build3) ...
2026-10-06T18:48:27.4089950Z Setting up libshout3:amd64 (2.4.6-1build2) ...
2026-10-06T18:48:27.4104225Z Setting up libgav1-1:amd64 (0.18.0-1build3) ...
2026-10-06T18:48:27.4118834Z Setting up libavcodec60:amd64 (7:6.1.1-3ubuntu5) ...
2026-10-06T18:48:27.4136716Z Setting up librubberband2:amd64 (3.3.0+dfsg-2build1) ...
2026-10-06T18:48:27.4153392Z Setting up libjack-jackd2-0:amd64 (1.9.21~dfsg-3ubuntu3) ...
2026-10-06T18:48:27.4168379Z Setting up libsord-0-0:amd64 (0.16.16-2build1) ...
2026-10-06T18:48:27.4186640Z Setting up xfonts-cyrillic (1:1.0.5+nmu1) ...
2026-10-06T18:48:27.4437362Z Setting up libpostproc57:amd64 (7:6.1.1-3ubuntu5) ...
2026-10-06T18:48:27.4455284Z Setting up libsratom-0-0:amd64 (0.6.16-1build1) ...
2026-10-06T18:48:27.4469724Z Setting up libsndfile1:amd64 (1.2.2-1ubuntu5.24.04.1) ...
2026-10-06T18:48:27.5594273Z Setting up liblilv-0-0:amd64 (0.24.22-1build1) ...
2026-10-06T18:48:27.5613136Z Setting up libinstpatch-1.0-2:amd64 (1.1.6-1build2) ...
2026-10-06T18:48:27.5631434Z Setting up xfonts-scalable (1:1.0.3-1.3) ...
2026-10-06T18:48:27.6020486Z Setting up libswscale7:amd64 (7:6.1.1-3ubuntu5) ...
2026-10-06T18:48:27.6066521Z Setting up libavif16:amd64 (1.0.4-1ubuntu3) ...
2026-10-06T18:48:27.6137826Z Setting up libpulse0:amd64 (1:16.1+dfsg1-2ubuntu10.1) ...
2026-10-06T18:48:27.6196410Z Setting up libavformat60:amd64 (7:6.1.1-3ubuntu5) ...
2026-10-06T18:48:27.6210571Z Setting up libsphinxbase3t64:amd64 (0.8+5prealpha+1-17build2) ...
2026-10-06T18:48:27.6337977Z Setting up libsdl2-2.0-0:amd64 (2.30.0+dfsg-1ubuntu3.1) ...
2026-10-06T18:48:27.6645126Z Setting up libfluidsynth3:amd64 (2.3.4-1build3) ...
2026-10-06T18:48:27.6830135Z Setting up libpocketsphinx3:amd64 (0.8.0+real5prealpha+1-15ubuntu5) ...
2026-10-06T18:48:27.6846364Z Setting up libavfilter9:amd64 (7:6.1.1-3ubuntu5) ...
2026-10-06T18:48:27.6965938Z Setting up gstreamer1.0-libav:amd64 (1.24.1-1build1) ...
2026-10-06T18:48:27.7186955Z Processing triggers for fontconfig (2.15.0-1.1ubuntu2) ...
2026-10-06T18:48:27.7963596Z Processing triggers for libc-bin (2.39-0ubuntu8.9) ...
2026-10-06T18:48:28.0381075Z Processing triggers for man-db (2.12.0-4build2) ...
2026-10-06T18:48:28.0406489Z Not building database; man-db/auto-update is not 'true'.
2026-10-06T18:48:28.0429911Z Processing triggers for libglib2.0-0t64:amd64 (2.80.0-6ubuntu3.9) ...
2026-10-06T18:48:28.0919265Z Setting up libgtk-4-1:amd64 (4.14.5+ds-0ubuntu0.10) ...
2026-10-06T18:48:28.1512798Z Setting up glib-networking:amd64 (2.80.0-1build1) ...
2026-10-06T18:48:28.1547144Z Setting up libsoup-3.0-0:amd64 (3.4.4-5ubuntu0.8) ...
2026-10-06T18:48:28.1571302Z Setting up libgssdp-1.6-0:amd64 (1.6.3-1build3) ...
2026-10-06T18:48:28.1854760Z Setting up gstreamer1.0-plugins-good:amd64 (1.24.2-1ubuntu1.8) ...
2026-10-06T18:48:28.1876830Z Setting up libgupnp-1.6-0:amd64 (1.6.6-1build3) ...
2026-10-06T18:48:28.1927135Z Setting up libgupnp-igd-1.6-0:amd64 (1.6.0-3build3) ...
2026-10-06T18:48:28.1957103Z Setting up libnice10:amd64 (0.1.21-2build3) ...
2026-10-06T18:48:28.2031524Z Setting up libgstreamer-plugins-bad1.0-0:amd64 (1.24.2-1ubuntu4) ...
2026-10-06T18:48:28.2064272Z Setting up gstreamer1.0-plugins-bad:amd64 (1.24.2-1ubuntu4) ...
2026-10-06T18:48:28.2139587Z Processing triggers for libc-bin (2.39-0ubuntu8.9) ...
2026-10-06T18:48:29.0984957Z
2026-10-06T18:48:29.0985558Z Running kernel seems to be up-to-date.
2026-10-06T18:48:29.0985791Z
2026-10-06T18:48:29.0985896Z Restarting services...
2026-10-06T18:48:29.1054943Z  systemctl restart php8.3-fpm.service
2026-10-06T18:48:29.1970780Z
2026-10-06T18:48:29.1972054Z No containers need to be restarted.
2026-10-06T18:48:29.1972425Z
2026-10-06T18:48:29.1972756Z No user sessions are running outdated binaries.
2026-10-06T18:48:29.1973029Z
2026-10-06T18:48:30.2484963Z No VM guests are running outdated hypervisor (qemu) binaries on this host.
2026-10-06T18:48:30.2485805Z Downloading Chrome for Testing 153.0.8010.12 (playwright chromium v1243) from https://cdn.playwright.dev/builds/cft/153.0.8010.12/linux64/chrome-linux64.zip
2026-10-06T18:48:30.6217380Z |                                                                                |   0% of 186.8 MiB
2026-10-06T18:48:31.1800542Z |■■■■■■■■                                                                        |  10% of 186.8 MiB
2026-10-06T18:48:31.5660951Z |■■■■■■■■■■■■■■■■                                                                |  20% of 186.8 MiB
2026-10-06T18:48:31.8190967Z |■■■■■■■■■■■■■■■■■■■■■■■■                                                        |  30% of 186.8 MiB
2026-10-06T18:48:32.0339676Z |■■■■■■■■■■■■■■■■■■■■■■■■■■■■■■■■                                                |  40% of 186.8 MiB
2026-10-06T18:48:32.2565237Z |■■■■■■■■■■■■■■■■■■■■■■■■■■■■■■■■■■■■■■■■                                        |  50% of 186.8 MiB
2026-10-06T18:48:32.4141642Z |■■■■■■■■■■■■■■■■■■■■■■■■■■■■■■■■■■■■■■■■■■■■■■■■                                |  60% of 186.8 MiB
2026-10-06T18:48:32.6083742Z |■■■■■■■■■■■■■■■■■■■■■■■■■■■■■■■■■■■■■■■■■■■■■■■■■■■■■■■■                        |  70% of 186.8 MiB
2026-10-06T18:48:32.8333449Z |■■■■■■■■■■■■■■■■■■■■■■■■■■■■■■■■■■■■■■■■■■■■■■■■■■■■■■■■■■■■■■■■                |  80% of 186.8 MiB
2026-10-06T18:48:33.0477769Z |■■■■■■■■■■■■■■■■■■■■■■■■■■■■■■■■■■■■■■■■■■■■■■■■■■■■■■■■■■■■■■■■■■■■■■■■        |  90% of 186.8 MiB
2026-10-06T18:48:33.2640728Z |■■■■■■■■■■■■■■■■■■■■■■■■■■■■■■■■■■■■■■■■■■■■■■■■■■■■■■■■■■■■■■■■■■■■■■■■■■■■■■■■| 100% of 186.8 MiB
2026-10-06T18:48:35.6336149Z Chrome for Testing 153.0.8010.12 (playwright chromium v1243) downloaded to /home/runner/.cache/ms-playwright/chromium-1243
2026-10-06T18:48:35.6345706Z Downloading FFmpeg (playwright ffmpeg v1011) from https://cdn.playwright.dev/dbazure/download/playwright/builds/ffmpeg/1011/ffmpeg-linux.zip
2026-10-06T18:48:35.9196730Z |                                                                                |   0% of 2.3 MiB
2026-10-06T18:48:35.9306400Z |■■■■■■■■                                                                        |  10% of 2.3 MiB
2026-10-06T18:48:35.9390074Z |■■■■■■■■■■■■■■■■                                                                |  20% of 2.3 MiB
2026-10-06T18:48:35.9421635Z |■■■■■■■■■■■■■■■■■■■■■■■■                                                        |  30% of 2.3 MiB
2026-10-06T18:48:35.9436490Z |■■■■■■■■■■■■■■■■■■■■■■■■■■■■■■■■                                                |  40% of 2.3 MiB
2026-10-06T18:48:35.9448417Z |■■■■■■■■■■■■■■■■■■■■■■■■■■■■■■■■■■■■■■■■                                        |  50% of 2.3 MiB
2026-10-06T18:48:35.9533759Z |■■■■■■■■■■■■■■■■■■■■■■■■■■■■■■■■■■■■■■■■■■■■■■■■                                |  60% of 2.3 MiB
2026-10-06T18:48:35.9552168Z |■■■■■■■■■■■■■■■■■■■■■■■■■■■■■■■■■■■■■■■■■■■■■■■■■■■■■■■■                        |  70% of 2.3 MiB
2026-10-06T18:48:35.9563247Z |■■■■■■■■■■■■■■■■■■■■■■■■■■■■■■■■■■■■■■■■■■■■■■■■■■■■■■■■■■■■■■■■                |  80% of 2.3 MiB
2026-10-06T18:48:35.9577238Z |■■■■■■■■■■■■■■■■■■■■■■■■■■■■■■■■■■■■■■■■■■■■■■■■■■■■■■■■■■■■■■■■■■■■■■■■        |  90% of 2.3 MiB
2026-10-06T18:48:35.9586487Z |■■■■■■■■■■■■■■■■■■■■■■■■■■■■■■■■■■■■■■■■■■■■■■■■■■■■■■■■■■■■■■■■■■■■■■■■■■■■■■■■| 100% of 2.3 MiB
2026-10-06T18:48:36.0048733Z FFmpeg (playwright ffmpeg v1011) downloaded to /home/runner/.cache/ms-playwright/ffmpeg-1011
2026-10-06T18:48:36.0051095Z Downloading Chrome Headless Shell 153.0.8010.12 (playwright chromium-headless-shell v1243) from https://cdn.playwright.dev/builds/cft/153.0.8010.12/linux64/chrome-headless-shell-linux64.zip
2026-10-06T18:48:36.3585952Z |                                                                                |   0% of 114.3 MiB
2026-10-06T18:48:36.4571565Z |■■■■■■■■                                                                        |  10% of 114.3 MiB
2026-10-06T18:48:36.5195898Z |■■■■■■■■■■■■■■■■                                                                |  20% of 114.3 MiB
2026-10-06T18:48:36.5761627Z |■■■■■■■■■■■■■■■■■■■■■■■■                                                        |  30% of 114.3 MiB
2026-10-06T18:48:36.6496435Z |■■■■■■■■■■■■■■■■■■■■■■■■■■■■■■■■                                                |  40% of 114.3 MiB
2026-10-06T18:48:36.6942352Z |■■■■■■■■■■■■■■■■■■■■■■■■■■■■■■■■■■■■■■■■                                        |  50% of 114.3 MiB
2026-10-06T18:48:36.7543039Z |■■■■■■■■■■■■■■■■■■■■■■■■■■■■■■■■■■■■■■■■■■■■■■■■                                |  60% of 114.3 MiB
2026-10-06T18:48:36.8175719Z |■■■■■■■■■■■■■■■■■■■■■■■■■■■■■■■■■■■■■■■■■■■■■■■■■■■■■■■■                        |  70% of 114.3 MiB
2026-10-06T18:48:36.8628696Z |■■■■■■■■■■■■■■■■■■■■■■■■■■■■■■■■■■■■■■■■■■■■■■■■■■■■■■■■■■■■■■■■                |  80% of 114.3 MiB
2026-10-06T18:48:36.9297545Z |■■■■■■■■■■■■■■■■■■■■■■■■■■■■■■■■■■■■■■■■■■■■■■■■■■■■■■■■■■■■■■■■■■■■■■■■        |  90% of 114.3 MiB
2026-10-06T18:48:37.0155590Z |■■■■■■■■■■■■■■■■■■■■■■■■■■■■■■■■■■■■■■■■■■■■■■■■■■■■■■■■■■■■■■■■■■■■■■■■■■■■■■■■| 100% of 114.3 MiB
2026-10-06T18:48:38.7303984Z Chrome Headless Shell 153.0.8010.12 (playwright chromium-headless-shell v1243) downloaded to /home/runner/.cache/ms-playwright/chromium_headless_shell-1243
2026-10-06T18:48:38.7308641Z Downloading Firefox 155.0 (playwright firefox v1543) from https://cdn.playwright.dev/dbazure/download/playwright/builds/firefox/1543/firefox-ubuntu-24.04.zip
2026-10-06T18:48:39.0329635Z |                                                                                |   0% of 109.5 MiB
2026-10-06T18:48:39.0924962Z |■■■■■■■■                                                                        |  10% of 109.5 MiB
2026-10-06T18:48:39.1479879Z |■■■■■■■■■■■■■■■■                                                                |  20% of 109.5 MiB
2026-10-06T18:48:39.1815098Z |■■■■■■■■■■■■■■■■■■■■■■■■                                                        |  30% of 109.5 MiB
2026-10-06T18:48:39.2229448Z |■■■■■■■■■■■■■■■■■■■■■■■■■■■■■■■■                                                |  40% of 109.5 MiB
2026-10-06T18:48:39.2750677Z |■■■■■■■■■■■■■■■■■■■■■■■■■■■■■■■■■■■■■■■■                                        |  50% of 109.5 MiB
2026-10-06T18:48:39.3024456Z |■■■■■■■■■■■■■■■■■■■■■■■■■■■■■■■■■■■■■■■■■■■■■■■■                                |  60% of 109.5 MiB
2026-10-06T18:48:39.3290841Z |■■■■■■■■■■■■■■■■■■■■■■■■■■■■■■■■■■■■■■■■■■■■■■■■■■■■■■■■                        |  70% of 109.5 MiB
2026-10-06T18:48:39.3729491Z |■■■■■■■■■■■■■■■■■■■■■■■■■■■■■■■■■■■■■■■■■■■■■■■■■■■■■■■■■■■■■■■■                |  80% of 109.5 MiB
2026-10-06T18:48:39.4005341Z |■■■■■■■■■■■■■■■■■■■■■■■■■■■■■■■■■■■■■■■■■■■■■■■■■■■■■■■■■■■■■■■■■■■■■■■■        |  90% of 109.5 MiB
2026-10-06T18:48:39.4280681Z |■■■■■■■■■■■■■■■■■■■■■■■■■■■■■■■■■■■■■■■■■■■■■■■■■■■■■■■■■■■■■■■■■■■■■■■■■■■■■■■■| 100% of 109.5 MiB
2026-10-06T18:48:41.0579080Z Firefox 155.0 (playwright firefox v1543) downloaded to /home/runner/.cache/ms-playwright/firefox-1543
2026-10-06T18:48:41.0581475Z Downloading WebKit 26.6 (playwright webkit v2359) from https://cdn.playwright.dev/dbazure/download/playwright/builds/webkit/2359/webkit-ubuntu-24.04.zip
2026-10-06T18:48:41.3818019Z |                                                                                |   0% of 102.3 MiB
2026-10-06T18:48:41.4515703Z |■■■■■■■■                                                                        |  10% of 102.3 MiB
2026-10-06T18:48:41.5286729Z |■■■■■■■■■■■■■■■■                                                                |  20% of 102.3 MiB
2026-10-06T18:48:41.5695337Z |■■■■■■■■■■■■■■■■■■■■■■■■                                                        |  30% of 102.3 MiB
2026-10-06T18:48:41.6245176Z |■■■■■■■■■■■■■■■■■■■■■■■■■■■■■■■■                                                |  40% of 102.3 MiB
2026-10-06T18:48:41.7067107Z |■■■■■■■■■■■■■■■■■■■■■■■■■■■■■■■■■■■■■■■■                                        |  50% of 102.3 MiB
2026-10-06T18:48:41.7404368Z |■■■■■■■■■■■■■■■■■■■■■■■■■■■■■■■■■■■■■■■■■■■■■■■■                                |  60% of 102.3 MiB
2026-10-06T18:48:41.7751220Z |■■■■■■■■■■■■■■■■■■■■■■■■■■■■■■■■■■■■■■■■■■■■■■■■■■■■■■■■                        |  70% of 102.3 MiB
2026-10-06T18:48:41.8405146Z |■■■■■■■■■■■■■■■■■■■■■■■■■■■■■■■■■■■■■■■■■■■■■■■■■■■■■■■■■■■■■■■■                |  80% of 102.3 MiB
2026-10-06T18:48:41.8880309Z |■■■■■■■■■■■■■■■■■■■■■■■■■■■■■■■■■■■■■■■■■■■■■■■■■■■■■■■■■■■■■■■■■■■■■■■■        |  90% of 102.3 MiB
2026-10-06T18:48:41.9117755Z |■■■■■■■■■■■■■■■■■■■■■■■■■■■■■■■■■■■■■■■■■■■■■■■■■■■■■■■■■■■■■■■■■■■■■■■■■■■■■■■■| 100% of 102.3 MiB
2026-10-06T18:48:43.4685831Z WebKit 26.6 (playwright webkit v2359) downloaded to /home/runner/.cache/ms-playwright/webkit-2359
2026-10-06T18:48:43.8036054Z
2026-10-06T18:48:43.8036730Z > openhoi-client@0.1.0 test:e2e
2026-10-06T18:48:43.8037175Z > playwright test
2026-10-06T18:48:43.8037527Z
2026-10-06T18:48:44.5944758Z
2026-10-06T18:48:44.5945425Z Running 36 tests using 2 workers
2026-10-06T18:49:07.9385664Z ····································
2026-10-06T18:49:07.9388931Z   36 passed (23.6s)
2026-10-06T18:49:07.9612191Z ##[group]Run npm run test:e2e -- --config playwright.m1.config.ts --project chromium --project webkit
2026-10-06T18:49:07.9612748Z [36;1mnpm run test:e2e -- --config playwright.m1.config.ts --project chromium --project webkit[0m
2026-10-06T18:49:07.9668582Z shell: /usr/bin/bash -e {0}
2026-10-06T18:49:07.9668799Z env:
2026-10-06T18:49:07.9668967Z   OH_TEST_PORT: 19412
2026-10-06T18:49:07.9669166Z   OH_E2E_EVIDENCE: ../target/wp09/ci/m1-e2e
2026-10-06T18:49:07.9669428Z   OH_MALFORMED_EVIDENCE: ../target/wp09/ci/m1-malformed
2026-10-06T18:49:07.9669671Z ##[endgroup]
2026-10-06T18:49:08.0444912Z
2026-10-06T18:49:08.0447599Z > openhoi-client@0.1.0 test:e2e
2026-10-06T18:49:08.0448432Z > playwright test --config playwright.m1.config.ts --project chromium --project webkit
2026-10-06T18:49:08.0448735Z
2026-10-06T18:49:09.0129157Z
2026-10-06T18:49:09.0130085Z Running 82 tests using 1 worker
2026-10-06T18:51:44.9570357Z ················································································
2026-10-06T18:51:45.8049532Z ··
2026-10-06T18:51:45.8055286Z   82 passed (2.6m)
2026-10-06T18:51:45.8245453Z ##[group]Run npm run test:e2e -- --config playwright.m1.config.ts --project=firefox map-capability.spec.ts
2026-10-06T18:51:45.8246062Z [36;1mnpm run test:e2e -- --config playwright.m1.config.ts --project=firefox map-capability.spec.ts[0m
2026-10-06T18:51:45.8303699Z shell: /usr/bin/bash -e {0}
2026-10-06T18:51:45.8303918Z env:
2026-10-06T18:51:45.8304089Z   OH_TEST_PORT: 19413
2026-10-06T18:51:45.8304361Z   OH_MAP_CAPABILITY_EVIDENCE: ../target/wp08/ci/firefox-native-headless
2026-10-06T18:51:45.8304653Z ##[endgroup]
2026-10-06T18:51:45.9075678Z
2026-10-06T18:51:45.9077199Z > openhoi-client@0.1.0 test:e2e
2026-10-06T18:51:45.9078003Z > playwright test --config playwright.m1.config.ts --project=firefox map-capability.spec.ts
2026-10-06T18:51:45.9078601Z
2026-10-06T18:51:46.5668638Z
2026-10-06T18:51:46.5669280Z Running 1 test using 1 worker
2026-10-06T18:51:49.8231975Z ·
2026-10-06T18:51:49.8234086Z   1 passed (3.4s)
2026-10-06T18:51:49.8439110Z ##[group]Run xvfb-run -a npm run test:e2e -- --config playwright.m1.config.ts --project firefox --headed
2026-10-06T18:51:49.8440263Z [36;1mxvfb-run -a npm run test:e2e -- --config playwright.m1.config.ts --project firefox --headed[0m
2026-10-06T18:51:49.8508666Z shell: /usr/bin/bash -e {0}
2026-10-06T18:51:49.8508971Z env:
2026-10-06T18:51:49.8509231Z   OH_TEST_PORT: 19414
2026-10-06T18:51:49.8509567Z   OH_MAP_EVIDENCE: ../target/wp08/ci/firefox-xvfb-map
2026-10-06T18:51:49.8510047Z   OH_MAP_REDIRECT_EVIDENCE: ../target/wp08/ci/firefox-xvfb-redirect
2026-10-06T18:51:49.8510580Z   OH_MAP_CAPABILITY_EVIDENCE: ../target/wp08/ci/firefox-xvfb-capability
2026-10-06T18:51:49.8511077Z   OH_E2E_EVIDENCE: ../target/wp09/ci/firefox-xvfb-m1-e2e
2026-10-06T18:51:49.8511558Z   OH_MALFORMED_EVIDENCE: ../target/wp09/ci/firefox-xvfb-m1-malformed
2026-10-06T18:51:49.8511984Z ##[endgroup]
2026-10-06T18:51:50.0661660Z
2026-10-06T18:51:50.0662210Z > openhoi-client@0.1.0 test:e2e
2026-10-06T18:51:50.0663082Z > playwright test --config playwright.m1.config.ts --project firefox --headed
2026-10-06T18:51:50.0663489Z
2026-10-06T18:51:50.7333222Z
2026-10-06T18:51:50.7333636Z Running 41 tests using 1 worker
2026-10-06T18:52:44.1975629Z ·········································
2026-10-06T18:52:44.1978581Z   41 passed (53.7s)
2026-10-06T18:52:44.2254336Z ##[group]Run actions/upload-artifact@043fb46d1a93c77aae656e7c1c64a875d1fc6a0a
2026-10-06T18:52:44.2254676Z with:
2026-10-06T18:52:44.2254863Z   name: wp05-protocol-browser-evidence
2026-10-06T18:52:44.2255155Z   path: target/wp05/
target/wp09/
target/wp08/
client/test-results/

2026-10-06T18:52:44.2255448Z   if-no-files-found: error
2026-10-06T18:52:44.2255641Z   archive: true
2026-10-06T18:52:44.2255811Z   compression-level: 6
2026-10-06T18:52:44.2255990Z   overwrite: false
2026-10-06T18:52:44.2256167Z   include-hidden-files: false
2026-10-06T18:52:44.2256367Z ##[endgroup]
2026-10-06T18:52:44.3729412Z Multiple search paths detected. Calculating the least common ancestor of all paths
2026-10-06T18:52:44.3731089Z The least common ancestor is /home/runner/work/OpenHOI4/OpenHOI4. This will be the root directory of the artifact
2026-10-06T18:52:44.3731946Z With the provided path, there will be 230 files uploaded
2026-10-06T18:52:44.3732583Z Artifact name is valid!
2026-10-06T18:52:44.3732974Z Root directory input is valid!
2026-10-06T18:52:44.7886413Z Uploading artifact: wp05-protocol-browser-evidence.zip
2026-10-06T18:52:44.7914714Z Beginning upload of artifact content to blob storage
2026-10-06T18:52:45.7871484Z Uploaded bytes 3419737
2026-10-06T18:52:45.8599265Z Finished uploading artifact content to blob storage!
2026-10-06T18:52:45.8600088Z SHA256 digest of uploaded artifact is 8e81ca441b9db3a4eeb5d27cbf1e2fffdd7d44308290363d335e8a7554244ddf
2026-10-06T18:52:45.8600625Z Finalizing artifact upload
2026-10-06T18:52:46.2835847Z Artifact wp05-protocol-browser-evidence successfully finalized. Artifact ID 11437106228
2026-10-06T18:52:46.2836781Z Artifact wp05-protocol-browser-evidence has been successfully uploaded! Final size is 3419737 bytes. Artifact ID is 11437106228
2026-10-06T18:52:46.2839114Z Artifact download URL: https://github.com/peppone-choi/OpenHOI4/actions/runs/37513851532/artifacts/11437106228
2026-10-06T18:52:46.2999034Z Post job cleanup.
2026-10-06T18:52:46.3876683Z Cache hit occurred on the primary key node-cache-Linux-x64-npm-c8fd7c5457bbb41b9b9c1b633e6d2a905ffea2ff30eea1c47886e6fc189580d2, not saving cache.
2026-10-06T18:52:46.4149286Z Post job cleanup.
2026-10-06T18:52:46.4784236Z [command]/usr/bin/git version
2026-10-06T18:52:46.4814341Z git version 2.55.0
2026-10-06T18:52:46.4844715Z Temporarily overriding HOME='/home/runner/work/_temp/0df7efe2-8d06-4e6d-aa3f-c99a269d9e7e' before making global git config changes
2026-10-06T18:52:46.4845751Z Adding repository directory to the temporary git global config as a safe directory
2026-10-06T18:52:46.4848021Z [command]/usr/bin/git config --global --add safe.directory /home/runner/work/OpenHOI4/OpenHOI4
2026-10-06T18:52:46.4872631Z Removing SSH command configuration
2026-10-06T18:52:46.4877478Z [command]/usr/bin/git config --local --name-only --get-regexp core\.sshCommand
2026-10-06T18:52:46.4905034Z [command]/usr/bin/git submodule foreach --recursive sh -c "git config --local --name-only --get-regexp 'core\.sshCommand' && git config --local --unset-all 'core.sshCommand' || :"
2026-10-06T18:52:46.5094307Z Removing HTTP extra header
2026-10-06T18:52:46.5098523Z [command]/usr/bin/git config --local --name-only --get-regexp http\.https\:\/\/github\.com\/\.extraheader
2026-10-06T18:52:46.5125401Z [command]/usr/bin/git submodule foreach --recursive sh -c "git config --local --name-only --get-regexp 'http\.https\:\/\/github\.com\/\.extraheader' && git config --local --unset-all 'http.https://github.com/.extraheader' || :"
2026-10-06T18:52:46.5306283Z Removing includeIf entries pointing to credentials config files
2026-10-06T18:52:46.5310783Z [command]/usr/bin/git config --local --name-only --get-regexp ^includeIf\.gitdir:
2026-10-06T18:52:46.5486622Z includeif.gitdir:/home/runner/work/OpenHOI4/OpenHOI4/.git.path
2026-10-06T18:52:46.5487377Z includeif.gitdir:/home/runner/work/OpenHOI4/OpenHOI4/.git/worktrees/*.path
2026-10-06T18:52:46.5488053Z includeif.gitdir:/github/workspace/.git.path
2026-10-06T18:52:46.5488735Z includeif.gitdir:/github/workspace/.git/worktrees/*.path
2026-10-06T18:52:46.5498830Z [command]/usr/bin/git config --local --get-all includeif.gitdir:/home/runner/work/OpenHOI4/OpenHOI4/.git.path
2026-10-06T18:52:46.5512669Z /home/runner/work/_temp/git-credentials-0d285be9-dd14-4a08-a75c-dcb8fe6fe902.config
2026-10-06T18:52:46.5520298Z [command]/usr/bin/git config --local --unset includeif.gitdir:/home/runner/work/OpenHOI4/OpenHOI4/.git.path \/home\/runner\/work\/_temp\/git\-credentials\-0d285be9\-dd14\-4a08\-a75c\-dcb8fe6fe902\.config
2026-10-06T18:52:46.5547763Z [command]/usr/bin/git config --local --get-all includeif.gitdir:/home/runner/work/OpenHOI4/OpenHOI4/.git/worktrees/*.path
2026-10-06T18:52:46.5565320Z /home/runner/work/_temp/git-credentials-0d285be9-dd14-4a08-a75c-dcb8fe6fe902.config
2026-10-06T18:52:46.5571616Z [command]/usr/bin/git config --local --unset includeif.gitdir:/home/runner/work/OpenHOI4/OpenHOI4/.git/worktrees/*.path \/home\/runner\/work\/_temp\/git\-credentials\-0d285be9\-dd14\-4a08\-a75c\-dcb8fe6fe902\.config
2026-10-06T18:52:46.5603575Z [command]/usr/bin/git config --local --get-all includeif.gitdir:/github/workspace/.git.path
2026-10-06T18:52:46.5621171Z /github/runner_temp/git-credentials-0d285be9-dd14-4a08-a75c-dcb8fe6fe902.config
2026-10-06T18:52:46.5627378Z [command]/usr/bin/git config --local --unset includeif.gitdir:/github/workspace/.git.path \/github\/runner_temp\/git\-credentials\-0d285be9\-dd14\-4a08\-a75c\-dcb8fe6fe902\.config
2026-10-06T18:52:46.5653720Z [command]/usr/bin/git config --local --get-all includeif.gitdir:/github/workspace/.git/worktrees/*.path
2026-10-06T18:52:46.5670351Z /github/runner_temp/git-credentials-0d285be9-dd14-4a08-a75c-dcb8fe6fe902.config
2026-10-06T18:52:46.5676745Z [command]/usr/bin/git config --local --unset includeif.gitdir:/github/workspace/.git/worktrees/*.path \/github\/runner_temp\/git\-credentials\-0d285be9\-dd14\-4a08\-a75c\-dcb8fe6fe902\.config
2026-10-06T18:52:46.5704888Z [command]/usr/bin/git submodule foreach --recursive git config --local --show-origin --name-only --get-regexp remote.origin.url
2026-10-06T18:52:46.5885261Z Removing credentials config '/home/runner/work/_temp/git-credentials-0d285be9-dd14-4a08-a75c-dcb8fe6fe902.config'
2026-10-06T18:52:46.6013336Z Cleaning up orphan processes
