client	Set up job	﻿2026-10-06T20:15:42.2324469Z Current runner version: '2.337.0'
client	Set up job	2026-10-06T20:15:42.2351571Z ##[group]Runner Image Provisioner
client	Set up job	2026-10-06T20:15:42.2352544Z Hosted Compute Agent
client	Set up job	2026-10-06T20:15:42.2353563Z Version: 20260901.588
client	Set up job	2026-10-06T20:15:42.2354209Z Commit: f88ec8081b781fac6c440065ac7ff9e710ce3d0b
client	Set up job	2026-10-06T20:15:42.2354920Z Build Date: 2026-09-01T19:56:44Z
client	Set up job	2026-10-06T20:15:42.2355728Z Worker ID: {6321faf0-5d62-4d93-8f0d-2b5272b96769}
client	Set up job	2026-10-06T20:15:42.2356436Z Azure Region: westus
client	Set up job	2026-10-06T20:15:42.2357019Z ##[endgroup]
client	Set up job	2026-10-06T20:15:42.2358664Z ##[group]Operating System
client	Set up job	2026-10-06T20:15:42.2359323Z Ubuntu
client	Set up job	2026-10-06T20:15:42.2359982Z 24.04.5
client	Set up job	2026-10-06T20:15:42.2360490Z LTS
client	Set up job	2026-10-06T20:15:42.2361030Z ##[endgroup]
client	Set up job	2026-10-06T20:15:42.2361830Z ##[group]Runner Image
client	Set up job	2026-10-06T20:15:42.2362436Z Image: ubuntu-24.04
client	Set up job	2026-10-06T20:15:42.2363094Z Version: 20260927.320.1
client	Set up job	2026-10-06T20:15:42.2364163Z Included Software: https://github.com/actions/runner-images/blob/ubuntu24/20260927.320/images/ubuntu/Ubuntu2404-Readme.md
client	Set up job	2026-10-06T20:15:42.2366007Z Image Release: https://github.com/actions/runner-images/releases/tag/ubuntu24%2F20260927.320
client	Set up job	2026-10-06T20:15:42.2366976Z ##[endgroup]
client	Set up job	2026-10-06T20:15:42.2368189Z ##[group]GITHUB_TOKEN Permissions
client	Set up job	2026-10-06T20:15:42.2370407Z Contents: read
client	Set up job	2026-10-06T20:15:42.2371108Z Metadata: read
client	Set up job	2026-10-06T20:15:42.2372100Z ##[endgroup]
client	Set up job	2026-10-06T20:15:42.2374306Z Secret source: Actions
client	Set up job	2026-10-06T20:15:42.2375423Z Cache mode: write
client	Set up job	2026-10-06T20:15:42.2376102Z Prepare workflow directory
client	Set up job	2026-10-06T20:15:42.2725059Z Prepare all required actions
client	Set up job	2026-10-06T20:15:42.2774655Z Getting action download info
client	Set up job	2026-10-06T20:15:42.6630368Z Download action repository 'actions/checkout@v7.0.1' (SHA:3d3c42e5aac5ba805825da76410c181273ba90b1)
client	Set up job	2026-10-06T20:15:42.7659983Z Download action repository 'actions/setup-node@v7.0.0' (SHA:820762786026740c76f36085b0efc47a31fe5020)
client	Set up job	2026-10-06T20:15:42.8968326Z Download action repository 'actions/upload-artifact@043fb46d1a93c77aae656e7c1c64a875d1fc6a0a' (SHA:043fb46d1a93c77aae656e7c1c64a875d1fc6a0a)
client	Set up job	2026-10-06T20:15:43.1234243Z Complete job name: client
client	Run actions/checkout@v7.0.1	﻿2026-10-06T20:15:43.2057742Z ##[group]Run actions/checkout@v7.0.1
client	Run actions/checkout@v7.0.1	2026-10-06T20:15:43.2058721Z with:
client	Run actions/checkout@v7.0.1	2026-10-06T20:15:43.2059180Z   repository: peppone-choi/OpenHOI4
client	Run actions/checkout@v7.0.1	2026-10-06T20:15:43.2063196Z   token: ***
client	Run actions/checkout@v7.0.1	2026-10-06T20:15:43.2063634Z   ssh-strict: true
client	Run actions/checkout@v7.0.1	2026-10-06T20:15:43.2064069Z   ssh-user: git
client	Run actions/checkout@v7.0.1	2026-10-06T20:15:43.2064506Z   persist-credentials: true
client	Run actions/checkout@v7.0.1	2026-10-06T20:15:43.2064977Z   clean: true
client	Run actions/checkout@v7.0.1	2026-10-06T20:15:43.2065408Z   sparse-checkout-cone-mode: true
client	Run actions/checkout@v7.0.1	2026-10-06T20:15:43.2065918Z   fetch-depth: 1
client	Run actions/checkout@v7.0.1	2026-10-06T20:15:43.2066336Z   fetch-tags: false
client	Run actions/checkout@v7.0.1	2026-10-06T20:15:43.2066768Z   show-progress: true
client	Run actions/checkout@v7.0.1	2026-10-06T20:15:43.2067200Z   lfs: false
client	Run actions/checkout@v7.0.1	2026-10-06T20:15:43.2067605Z   submodules: false
client	Run actions/checkout@v7.0.1	2026-10-06T20:15:43.2068106Z   set-safe-directory: true
client	Run actions/checkout@v7.0.1	2026-10-06T20:15:43.2068616Z   allow-unsafe-pr-checkout: false
client	Run actions/checkout@v7.0.1	2026-10-06T20:15:43.2069453Z ##[endgroup]
client	Run actions/checkout@v7.0.1	2026-10-06T20:15:43.3220329Z Syncing repository: peppone-choi/OpenHOI4
client	Run actions/checkout@v7.0.1	2026-10-06T20:15:43.3223671Z ##[group]Getting Git version info
client	Run actions/checkout@v7.0.1	2026-10-06T20:15:43.3225014Z Working directory is '/home/runner/work/OpenHOI4/OpenHOI4'
client	Run actions/checkout@v7.0.1	2026-10-06T20:15:43.3227008Z [command]/usr/bin/git version
client	Run actions/checkout@v7.0.1	2026-10-06T20:15:43.3311900Z git version 2.55.0
client	Run actions/checkout@v7.0.1	2026-10-06T20:15:43.3341990Z ##[endgroup]
client	Run actions/checkout@v7.0.1	2026-10-06T20:15:43.3355067Z Temporarily overriding HOME='/home/runner/work/_temp/43cf3770-aa07-4520-b2f1-e3c044404e9e' before making global git config changes
client	Run actions/checkout@v7.0.1	2026-10-06T20:15:43.3358168Z Adding repository directory to the temporary git global config as a safe directory
client	Run actions/checkout@v7.0.1	2026-10-06T20:15:43.3361701Z [command]/usr/bin/git config --global --add safe.directory /home/runner/work/OpenHOI4/OpenHOI4
client	Run actions/checkout@v7.0.1	2026-10-06T20:15:43.3420435Z Deleting the contents of '/home/runner/work/OpenHOI4/OpenHOI4'
client	Run actions/checkout@v7.0.1	2026-10-06T20:15:43.3424413Z ##[group]Determining repository object format
client	Run actions/checkout@v7.0.1	2026-10-06T20:15:43.3426228Z ##[endgroup]
client	Run actions/checkout@v7.0.1	2026-10-06T20:15:43.3427660Z ##[group]Initializing the repository
client	Run actions/checkout@v7.0.1	2026-10-06T20:15:43.3430431Z [command]/usr/bin/git init /home/runner/work/OpenHOI4/OpenHOI4
client	Run actions/checkout@v7.0.1	2026-10-06T20:15:43.3554948Z hint: Using 'master' as the name for the initial branch. This default branch name
client	Run actions/checkout@v7.0.1	2026-10-06T20:15:43.3558703Z hint: will change to "main" in Git 3.0. To configure the initial branch name
client	Run actions/checkout@v7.0.1	2026-10-06T20:15:43.3561749Z hint: to use in all of your new repositories, which will suppress this warning,
client	Run actions/checkout@v7.0.1	2026-10-06T20:15:43.3563674Z hint: call:
client	Run actions/checkout@v7.0.1	2026-10-06T20:15:43.3565345Z hint:
client	Run actions/checkout@v7.0.1	2026-10-06T20:15:43.3567110Z hint: 	git config --global init.defaultBranch <name>
client	Run actions/checkout@v7.0.1	2026-10-06T20:15:43.3570076Z hint:
client	Run actions/checkout@v7.0.1	2026-10-06T20:15:43.3572026Z hint: Names commonly chosen instead of 'master' are 'main', 'trunk' and
client	Run actions/checkout@v7.0.1	2026-10-06T20:15:43.3574683Z hint: 'development'. The just-created branch can be renamed via this command:
client	Run actions/checkout@v7.0.1	2026-10-06T20:15:43.3576939Z hint:
client	Run actions/checkout@v7.0.1	2026-10-06T20:15:43.3578932Z hint: 	git branch -m <name>
client	Run actions/checkout@v7.0.1	2026-10-06T20:15:43.3580433Z hint:
client	Run actions/checkout@v7.0.1	2026-10-06T20:15:43.3583101Z hint: Disable this message with "git config set advice.defaultBranchName false"
client	Run actions/checkout@v7.0.1	2026-10-06T20:15:43.3585896Z Initialized empty Git repository in /home/runner/work/OpenHOI4/OpenHOI4/.git/
client	Run actions/checkout@v7.0.1	2026-10-06T20:15:43.3593154Z [command]/usr/bin/git remote add origin https://github.com/peppone-choi/OpenHOI4
client	Run actions/checkout@v7.0.1	2026-10-06T20:15:43.3629264Z ##[endgroup]
client	Run actions/checkout@v7.0.1	2026-10-06T20:15:43.3630130Z ##[group]Disabling automatic garbage collection
client	Run actions/checkout@v7.0.1	2026-10-06T20:15:43.3633156Z [command]/usr/bin/git config --local gc.auto 0
client	Run actions/checkout@v7.0.1	2026-10-06T20:15:43.3665197Z ##[endgroup]
client	Run actions/checkout@v7.0.1	2026-10-06T20:15:43.3666291Z ##[group]Setting up auth
client	Run actions/checkout@v7.0.1	2026-10-06T20:15:43.3666843Z Removing SSH command configuration
client	Run actions/checkout@v7.0.1	2026-10-06T20:15:43.3671757Z [command]/usr/bin/git config --local --name-only --get-regexp core\.sshCommand
client	Run actions/checkout@v7.0.1	2026-10-06T20:15:43.3703176Z [command]/usr/bin/git submodule foreach --recursive sh -c "git config --local --name-only --get-regexp 'core\.sshCommand' && git config --local --unset-all 'core.sshCommand' || :"
client	Run actions/checkout@v7.0.1	2026-10-06T20:15:43.4054427Z Removing HTTP extra header
client	Run actions/checkout@v7.0.1	2026-10-06T20:15:43.4061004Z [command]/usr/bin/git config --local --name-only --get-regexp http\.https\:\/\/github\.com\/\.extraheader
client	Run actions/checkout@v7.0.1	2026-10-06T20:15:43.4094134Z [command]/usr/bin/git submodule foreach --recursive sh -c "git config --local --name-only --get-regexp 'http\.https\:\/\/github\.com\/\.extraheader' && git config --local --unset-all 'http.https://github.com/.extraheader' || :"
client	Run actions/checkout@v7.0.1	2026-10-06T20:15:43.4312321Z Removing includeIf entries pointing to credentials config files
client	Run actions/checkout@v7.0.1	2026-10-06T20:15:43.4319119Z [command]/usr/bin/git config --local --name-only --get-regexp ^includeIf\.gitdir:
client	Run actions/checkout@v7.0.1	2026-10-06T20:15:43.4354122Z [command]/usr/bin/git submodule foreach --recursive git config --local --show-origin --name-only --get-regexp remote.origin.url
client	Run actions/checkout@v7.0.1	2026-10-06T20:15:43.4582584Z [command]/usr/bin/git config --file /home/runner/work/_temp/git-credentials-7d128732-ea3b-41b0-9aa0-ec5be23fcad3.config http.https://github.com/.extraheader AUTHORIZATION: basic ***
client	Run actions/checkout@v7.0.1	2026-10-06T20:15:43.4621190Z [command]/usr/bin/git config --local includeIf.gitdir:/home/runner/work/OpenHOI4/OpenHOI4/.git.path /home/runner/work/_temp/git-credentials-7d128732-ea3b-41b0-9aa0-ec5be23fcad3.config
client	Run actions/checkout@v7.0.1	2026-10-06T20:15:43.4653222Z [command]/usr/bin/git config --local includeIf.gitdir:/home/runner/work/OpenHOI4/OpenHOI4/.git/worktrees/*.path /home/runner/work/_temp/git-credentials-7d128732-ea3b-41b0-9aa0-ec5be23fcad3.config
client	Run actions/checkout@v7.0.1	2026-10-06T20:15:43.4689080Z [command]/usr/bin/git config --local includeIf.gitdir:/github/workspace/.git.path /github/runner_temp/git-credentials-7d128732-ea3b-41b0-9aa0-ec5be23fcad3.config
client	Run actions/checkout@v7.0.1	2026-10-06T20:15:43.4802621Z [command]/usr/bin/git config --local includeIf.gitdir:/github/workspace/.git/worktrees/*.path /github/runner_temp/git-credentials-7d128732-ea3b-41b0-9aa0-ec5be23fcad3.config
client	Run actions/checkout@v7.0.1	2026-10-06T20:15:43.4832655Z ##[endgroup]
client	Run actions/checkout@v7.0.1	2026-10-06T20:15:43.4833975Z ##[group]Fetching the repository
client	Run actions/checkout@v7.0.1	2026-10-06T20:15:43.4840759Z [command]/usr/bin/git -c protocol.version=2 fetch --no-tags --prune --no-recurse-submodules --depth=1 origin +bbf8762922cf74c3b54f6274c1bff83b0977da62:refs/remotes/origin/main
client	Run actions/checkout@v7.0.1	2026-10-06T20:15:53.1443346Z From https://github.com/peppone-choi/OpenHOI4
client	Run actions/checkout@v7.0.1	2026-10-06T20:15:53.1445687Z  * [new ref]         bbf8762922cf74c3b54f6274c1bff83b0977da62 -> origin/main
client	Run actions/checkout@v7.0.1	2026-10-06T20:15:53.1460875Z [command]/usr/bin/git branch --list --remote origin/main
client	Run actions/checkout@v7.0.1	2026-10-06T20:15:53.1479835Z   origin/main
client	Run actions/checkout@v7.0.1	2026-10-06T20:15:53.1488402Z [command]/usr/bin/git rev-parse refs/remotes/origin/main
client	Run actions/checkout@v7.0.1	2026-10-06T20:15:53.1513308Z bbf8762922cf74c3b54f6274c1bff83b0977da62
client	Run actions/checkout@v7.0.1	2026-10-06T20:15:53.1518104Z ##[endgroup]
client	Run actions/checkout@v7.0.1	2026-10-06T20:15:53.1519589Z ##[group]Determining the checkout info
client	Run actions/checkout@v7.0.1	2026-10-06T20:15:53.1521455Z ##[endgroup]
client	Run actions/checkout@v7.0.1	2026-10-06T20:15:53.1523192Z [command]/usr/bin/git sparse-checkout disable
client	Run actions/checkout@v7.0.1	2026-10-06T20:15:53.1573863Z [command]/usr/bin/git config --local --unset-all extensions.worktreeConfig
client	Run actions/checkout@v7.0.1	2026-10-06T20:15:53.1603185Z ##[group]Checking out the ref
client	Run actions/checkout@v7.0.1	2026-10-06T20:15:53.1606169Z [command]/usr/bin/git checkout --progress --force -B main refs/remotes/origin/main
client	Run actions/checkout@v7.0.1	2026-10-06T20:15:53.9891158Z Switched to a new branch 'main'
client	Run actions/checkout@v7.0.1	2026-10-06T20:15:53.9896021Z branch 'main' set up to track 'origin/main'.
client	Run actions/checkout@v7.0.1	2026-10-06T20:15:53.9962193Z ##[endgroup]
client	Run actions/checkout@v7.0.1	2026-10-06T20:15:54.0006788Z [command]/usr/bin/git log -1 --format=%H
client	Run actions/checkout@v7.0.1	2026-10-06T20:15:54.0031829Z bbf8762922cf74c3b54f6274c1bff83b0977da62
client	Run actions/setup-node@v7.0.0	﻿2026-10-06T20:15:54.0476569Z ##[group]Run actions/setup-node@v7.0.0
client	Run actions/setup-node@v7.0.0	2026-10-06T20:15:54.0477944Z with:
client	Run actions/setup-node@v7.0.0	2026-10-06T20:15:54.0478772Z   node-version: 24.4.0
client	Run actions/setup-node@v7.0.0	2026-10-06T20:15:54.0479725Z   cache: npm
client	Run actions/setup-node@v7.0.0	2026-10-06T20:15:54.0480751Z   cache-dependency-path: client/package-lock.json
client	Run actions/setup-node@v7.0.0	2026-10-06T20:15:54.0482321Z   check-latest: false
client	Run actions/setup-node@v7.0.0	2026-10-06T20:15:54.0492428Z   token: ***
client	Run actions/setup-node@v7.0.0	2026-10-06T20:15:54.0493371Z   package-manager-cache: true
client	Run actions/setup-node@v7.0.0	2026-10-06T20:15:54.0494419Z ##[endgroup]
client	Run actions/setup-node@v7.0.0	2026-10-06T20:15:54.1790168Z Attempting to download 24.4.0...
client	Run actions/setup-node@v7.0.0	2026-10-06T20:15:54.8558482Z Acquiring 24.4.0 - x64 from https://github.com/actions/node-versions/releases/download/24.4.0-16210503505/node-24.4.0-linux-x64.tar.gz
client	Run actions/setup-node@v7.0.0	2026-10-06T20:15:55.3382884Z Extracting ...
client	Run actions/setup-node@v7.0.0	2026-10-06T20:15:55.3514604Z [command]/usr/bin/tar xz --strip 1 --warning=no-unknown-keyword --overwrite -C /home/runner/work/_temp/37771a72-d52a-425e-8ecf-33602c683b2a -f /home/runner/work/_temp/a56c0312-7e65-443e-ac45-738cddb492cc
client	Run actions/setup-node@v7.0.0	2026-10-06T20:15:56.5437934Z Adding to the cache ...
client	Run actions/setup-node@v7.0.0	2026-10-06T20:15:58.5822060Z ##[group]Environment details
client	Run actions/setup-node@v7.0.0	2026-10-06T20:15:58.8075463Z node: v24.4.0
client	Run actions/setup-node@v7.0.0	2026-10-06T20:15:58.8076141Z npm: 11.4.2
client	Run actions/setup-node@v7.0.0	2026-10-06T20:15:58.8076471Z yarn: 1.22.22
client	Run actions/setup-node@v7.0.0	2026-10-06T20:15:58.8077213Z ##[endgroup]
client	Run actions/setup-node@v7.0.0	2026-10-06T20:15:58.8098579Z [command]/opt/hostedtoolcache/node/24.4.0/x64/bin/npm config get cache
client	Run actions/setup-node@v7.0.0	2026-10-06T20:15:58.9013897Z /home/runner/.npm
client	Run actions/setup-node@v7.0.0	2026-10-06T20:15:59.1522279Z Cache hit for: node-cache-Linux-x64-npm-c8fd7c5457bbb41b9b9c1b633e6d2a905ffea2ff30eea1c47886e6fc189580d2
client	Run actions/setup-node@v7.0.0	2026-10-06T20:16:00.4466392Z Received 0 of 50037050 (0.0%), 0.0 MBs/sec
client	Run actions/setup-node@v7.0.0	2026-10-06T20:16:01.4477817Z Received 45842746 of 50037050 (91.6%), 21.8 MBs/sec
client	Run actions/setup-node@v7.0.0	2026-10-06T20:16:01.9048382Z Received 50037050 of 50037050 (100.0%), 19.4 MBs/sec
client	Run actions/setup-node@v7.0.0	2026-10-06T20:16:01.9049514Z Cache Size: ~48 MB (50037050 B)
client	Run actions/setup-node@v7.0.0	2026-10-06T20:16:01.9164889Z [command]/usr/bin/tar -xf /home/runner/work/_temp/064e15a0-cd27-4784-a345-d3bb2f86dcc1/cache.tzst -P -C /home/runner/work/OpenHOI4/OpenHOI4 --use-compress-program unzstd
client	Run actions/setup-node@v7.0.0	2026-10-06T20:16:02.0086224Z Cache restored successfully
client	Run actions/setup-node@v7.0.0	2026-10-06T20:16:02.0117063Z Cache restored from key: node-cache-Linux-x64-npm-c8fd7c5457bbb41b9b9c1b633e6d2a905ffea2ff30eea1c47886e6fc189580d2
client	Install pinned Rust for protocol generation and real server	﻿2026-10-06T20:16:02.0293055Z ##[group]Run rustup toolchain install 1.99.0 --profile minimal
client	Install pinned Rust for protocol generation and real server	2026-10-06T20:16:02.0293632Z [36;1mrustup toolchain install 1.99.0 --profile minimal[0m
client	Install pinned Rust for protocol generation and real server	2026-10-06T20:16:02.0560160Z shell: /usr/bin/bash -e {0}
client	Install pinned Rust for protocol generation and real server	2026-10-06T20:16:02.0560576Z ##[endgroup]
client	Install pinned Rust for protocol generation and real server	2026-10-06T20:16:02.6958039Z info: syncing channel updates for 1.99.0-x86_64-unknown-linux-gnu
client	Install pinned Rust for protocol generation and real server	2026-10-06T20:16:02.9826264Z info: latest update on 2026-10-01 for version 1.99.0 (b940084d7 2026-09-28)
client	Install pinned Rust for protocol generation and real server	2026-10-06T20:16:02.9827229Z info: downloading 3 components
client	Install pinned Rust for protocol generation and real server	2026-10-06T20:16:10.6816289Z
client	Install pinned Rust for protocol generation and real server	2026-10-06T20:16:10.6884286Z   1.99.0-x86_64-unknown-linux-gnu installed - rustc 1.99.0 (b940084d7 2026-09-28)
client	Install pinned Rust for protocol generation and real server	2026-10-06T20:16:10.6885690Z
client	Run npm --prefix client ci	﻿2026-10-06T20:16:10.6968197Z ##[group]Run npm --prefix client ci
client	Run npm --prefix client ci	2026-10-06T20:16:10.6968568Z [36;1mnpm --prefix client ci[0m
client	Run npm --prefix client ci	2026-10-06T20:16:10.7033104Z shell: /usr/bin/bash -e {0}
client	Run npm --prefix client ci	2026-10-06T20:16:10.7033424Z ##[endgroup]
client	Run npm --prefix client ci	2026-10-06T20:16:12.6091951Z
client	Run npm --prefix client ci	2026-10-06T20:16:12.6092816Z added 103 packages, and audited 104 packages in 2s
client	Run npm --prefix client ci	2026-10-06T20:16:12.6093321Z
client	Run npm --prefix client ci	2026-10-06T20:16:12.6093613Z 22 packages are looking for funding
client	Run npm --prefix client ci	2026-10-06T20:16:12.6094150Z   run `npm fund` for details
client	Run npm --prefix client ci	2026-10-06T20:16:12.6101449Z
client	Run npm --prefix client ci	2026-10-06T20:16:12.6101871Z found 0 vulnerabilities
client	Regenerate protocol types and reject stale bindings	﻿2026-10-06T20:16:12.6660815Z ##[group]Run cargo run -p oh_proto --locked --example generate
client	Regenerate protocol types and reject stale bindings	2026-10-06T20:16:12.6661603Z [36;1mcargo run -p oh_proto --locked --example generate[0m
client	Regenerate protocol types and reject stale bindings	2026-10-06T20:16:12.6662014Z [36;1mgit diff --exit-code -- client/src/proto[0m
client	Regenerate protocol types and reject stale bindings	2026-10-06T20:16:12.6724163Z shell: /usr/bin/bash -e {0}
client	Regenerate protocol types and reject stale bindings	2026-10-06T20:16:12.6724445Z ##[endgroup]
client	Regenerate protocol types and reject stale bindings	2026-10-06T20:16:12.7362290Z info: syncing channel updates for 1.99.0-x86_64-unknown-linux-gnu
client	Regenerate protocol types and reject stale bindings	2026-10-06T20:16:12.8162762Z info: latest update on 2026-10-01 for version 1.99.0 (b940084d7 2026-09-28)
client	Regenerate protocol types and reject stale bindings	2026-10-06T20:16:12.8293845Z info: downloading 2 components
client	Regenerate protocol types and reject stale bindings	2026-10-06T20:16:13.4985363Z     Updating crates.io index
client	Regenerate protocol types and reject stale bindings	2026-10-06T20:16:13.6806876Z  Downloading crates ...
client	Regenerate protocol types and reject stale bindings	2026-10-06T20:16:13.7362935Z   Downloaded embedded-io v0.4.0
client	Regenerate protocol types and reject stale bindings	2026-10-06T20:16:13.7389819Z   Downloaded itoa v1.0.18
client	Regenerate protocol types and reject stale bindings	2026-10-06T20:16:13.7409443Z   Downloaded half v2.7.1
client	Regenerate protocol types and reject stale bindings	2026-10-06T20:16:13.7439057Z   Downloaded adler2 v2.0.1
client	Regenerate protocol types and reject stale bindings	2026-10-06T20:16:13.7453158Z   Downloaded serde_core v1.0.229
client	Regenerate protocol types and reject stale bindings	2026-10-06T20:16:13.7479939Z   Downloaded ts-rs-macros v12.0.1
client	Regenerate protocol types and reject stale bindings	2026-10-06T20:16:13.7501869Z   Downloaded proc-macro2 v1.0.107
client	Regenerate protocol types and reject stale bindings	2026-10-06T20:16:13.7535549Z   Downloaded rand_core v0.10.1
client	Regenerate protocol types and reject stale bindings	2026-10-06T20:16:13.7550913Z   Downloaded serde_spanned v1.1.1
client	Regenerate protocol types and reject stale bindings	2026-10-06T20:16:13.7561855Z   Downloaded toml_parser v1.1.3+spec-1.1.0
client	Regenerate protocol types and reject stale bindings	2026-10-06T20:16:13.7584668Z   Downloaded serde_derive_internals v0.30.0
client	Regenerate protocol types and reject stale bindings	2026-10-06T20:16:13.7600237Z   Downloaded schemars_derive v1.2.2
client	Regenerate protocol types and reject stale bindings	2026-10-06T20:16:13.7619241Z   Downloaded png v0.18.1
client	Regenerate protocol types and reject stale bindings	2026-10-06T20:16:13.7660346Z   Downloaded postcard v1.1.3
client	Regenerate protocol types and reject stale bindings	2026-10-06T20:16:13.7683816Z   Downloaded syn v3.0.6
client	Regenerate protocol types and reject stale bindings	2026-10-06T20:16:13.7800842Z   Downloaded rmp v0.8.15
client	Regenerate protocol types and reject stale bindings	2026-10-06T20:16:13.7841031Z   Downloaded cfg-if v1.0.5
client	Regenerate protocol types and reject stale bindings	2026-10-06T20:16:13.7854669Z   Downloaded fdeflate v0.3.7
client	Regenerate protocol types and reject stale bindings	2026-10-06T20:16:13.7873482Z   Downloaded toml_datetime v1.1.1+spec-1.1.0
client	Regenerate protocol types and reject stale bindings	2026-10-06T20:16:13.7886427Z   Downloaded ts-rs v12.0.1
client	Regenerate protocol types and reject stale bindings	2026-10-06T20:16:13.7952018Z   Downloaded serde v1.0.229
client	Regenerate protocol types and reject stale bindings	2026-10-06T20:16:13.7996637Z   Downloaded zlib-rs v0.6.8
client	Regenerate protocol types and reject stale bindings	2026-10-06T20:16:13.8054888Z   Downloaded num-traits v0.2.19
client	Regenerate protocol types and reject stale bindings	2026-10-06T20:16:13.8080643Z   Downloaded embedded-io v0.6.1
client	Regenerate protocol types and reject stale bindings	2026-10-06T20:16:13.8094695Z   Downloaded schemars v1.2.2
client	Regenerate protocol types and reject stale bindings	2026-10-06T20:16:13.8282419Z   Downloaded bytemuck v1.25.2
client	Regenerate protocol types and reject stale bindings	2026-10-06T20:16:13.8314179Z   Downloaded toml v1.1.6+spec-1.1.0
client	Regenerate protocol types and reject stale bindings	2026-10-06T20:16:13.8355983Z   Downloaded crc32fast v1.5.2
client	Regenerate protocol types and reject stale bindings	2026-10-06T20:16:13.8378034Z   Downloaded miniz_oxide v0.9.1
client	Regenerate protocol types and reject stale bindings	2026-10-06T20:16:13.8402864Z   Downloaded simd-adler32 v0.3.10
client	Regenerate protocol types and reject stale bindings	2026-10-06T20:16:13.8421848Z   Downloaded ref-cast-impl v1.0.27
client	Regenerate protocol types and reject stale bindings	2026-10-06T20:16:13.8431463Z   Downloaded hashbrown v0.17.1
client	Regenerate protocol types and reject stale bindings	2026-10-06T20:16:13.8486213Z   Downloaded semver v1.0.28
client	Regenerate protocol types and reject stale bindings	2026-10-06T20:16:13.8510970Z   Downloaded cobs v0.3.0
client	Regenerate protocol types and reject stale bindings	2026-10-06T20:16:13.8524754Z   Downloaded az v1.3.0
client	Regenerate protocol types and reject stale bindings	2026-10-06T20:16:13.8542927Z   Downloaded flate2 v1.1.10
client	Regenerate protocol types and reject stale bindings	2026-10-06T20:16:13.8591883Z   Downloaded quote v1.0.47
client	Regenerate protocol types and reject stale bindings	2026-10-06T20:16:13.8619177Z   Downloaded equivalent v1.0.2
client	Regenerate protocol types and reject stale bindings	2026-10-06T20:16:13.8629031Z   Downloaded termcolor v1.4.1
client	Regenerate protocol types and reject stale bindings	2026-10-06T20:16:13.8641153Z   Downloaded thiserror v2.0.21
client	Regenerate protocol types and reject stale bindings	2026-10-06T20:16:13.8706429Z   Downloaded dyn-clone v1.0.20
client	Regenerate protocol types and reject stale bindings	2026-10-06T20:16:13.8723049Z   Downloaded autocfg v1.5.1
client	Regenerate protocol types and reject stale bindings	2026-10-06T20:16:13.8741801Z   Downloaded memchr v2.8.3
client	Regenerate protocol types and reject stale bindings	2026-10-06T20:16:13.8796542Z   Downloaded ref-cast v1.0.27
client	Regenerate protocol types and reject stale bindings	2026-10-06T20:16:13.8833751Z   Downloaded unicode-ident v1.0.26
client	Regenerate protocol types and reject stale bindings	2026-10-06T20:16:13.8861038Z   Downloaded rmp-serde v1.3.1
client	Regenerate protocol types and reject stale bindings	2026-10-06T20:16:13.8879316Z   Downloaded ppv-lite86 v0.2.21
client	Regenerate protocol types and reject stale bindings	2026-10-06T20:16:13.8892003Z   Downloaded rand_chacha v0.10.0
client	Regenerate protocol types and reject stale bindings	2026-10-06T20:16:13.8903577Z   Downloaded thiserror-impl v2.0.21
client	Regenerate protocol types and reject stale bindings	2026-10-06T20:16:13.8917832Z   Downloaded zmij v1.0.23
client	Regenerate protocol types and reject stale bindings	2026-10-06T20:16:13.8943098Z   Downloaded bitflags v2.13.2
client	Regenerate protocol types and reject stale bindings	2026-10-06T20:16:13.8988280Z   Downloaded syn v2.0.119
client	Regenerate protocol types and reject stale bindings	2026-10-06T20:16:13.9093351Z   Downloaded miniz_oxide v0.8.9
client	Regenerate protocol types and reject stale bindings	2026-10-06T20:16:13.9117749Z   Downloaded typenum v1.20.1
client	Regenerate protocol types and reject stale bindings	2026-10-06T20:16:13.9152379Z   Downloaded zerocopy-derive v0.8.60
client	Regenerate protocol types and reject stale bindings	2026-10-06T20:16:13.9278833Z   Downloaded indexmap v2.14.2
client	Regenerate protocol types and reject stale bindings	2026-10-06T20:16:13.9324338Z   Downloaded serde_json v1.0.151
client	Regenerate protocol types and reject stale bindings	2026-10-06T20:16:13.9399625Z   Downloaded winnow v1.0.4
client	Regenerate protocol types and reject stale bindings	2026-10-06T20:16:13.9496212Z   Downloaded zerocopy v0.8.60
client	Regenerate protocol types and reject stale bindings	2026-10-06T20:16:13.9711479Z   Downloaded fixed v1.31.0
client	Regenerate protocol types and reject stale bindings	2026-10-06T20:16:13.9789740Z   Downloaded serde_derive v1.0.229
client	Regenerate protocol types and reject stale bindings	2026-10-06T20:16:13.9827499Z   Downloaded toml_writer v1.1.2+spec-1.1.0
client	Regenerate protocol types and reject stale bindings	2026-10-06T20:16:14.0102591Z    Compiling proc-macro2 v1.0.107
client	Regenerate protocol types and reject stale bindings	2026-10-06T20:16:14.0103338Z    Compiling unicode-ident v1.0.26
client	Regenerate protocol types and reject stale bindings	2026-10-06T20:16:14.0103916Z    Compiling quote v1.0.47
client	Regenerate protocol types and reject stale bindings	2026-10-06T20:16:14.0104326Z    Compiling serde_core v1.0.229
client	Regenerate protocol types and reject stale bindings	2026-10-06T20:16:14.0812636Z    Compiling zerocopy v0.8.60
client	Regenerate protocol types and reject stale bindings	2026-10-06T20:16:14.3486386Z    Compiling serde v1.0.229
client	Regenerate protocol types and reject stale bindings	2026-10-06T20:16:14.3777662Z    Compiling thiserror v2.0.21
client	Regenerate protocol types and reject stale bindings	2026-10-06T20:16:14.5212806Z    Compiling cfg-if v1.0.5
client	Regenerate protocol types and reject stale bindings	2026-10-06T20:16:14.5510828Z    Compiling simd-adler32 v0.3.10
client	Regenerate protocol types and reject stale bindings	2026-10-06T20:16:14.5902600Z    Compiling crc32fast v1.5.2
client	Regenerate protocol types and reject stale bindings	2026-10-06T20:16:14.6852524Z    Compiling adler2 v2.0.1
client	Regenerate protocol types and reject stale bindings	2026-10-06T20:16:14.7202513Z    Compiling zmij v1.0.23
client	Regenerate protocol types and reject stale bindings	2026-10-06T20:16:14.7602910Z    Compiling fixed v1.31.0
client	Regenerate protocol types and reject stale bindings	2026-10-06T20:16:14.8852540Z    Compiling autocfg v1.5.1
client	Regenerate protocol types and reject stale bindings	2026-10-06T20:16:14.9822597Z    Compiling serde_json v1.0.151
client	Regenerate protocol types and reject stale bindings	2026-10-06T20:16:15.0392659Z    Compiling syn v3.0.6
client	Regenerate protocol types and reject stale bindings	2026-10-06T20:16:15.0772547Z    Compiling syn v2.0.119
client	Regenerate protocol types and reject stale bindings	2026-10-06T20:16:15.1702854Z    Compiling ref-cast v1.0.27
client	Regenerate protocol types and reject stale bindings	2026-10-06T20:16:15.3342647Z    Compiling num-traits v0.2.19
client	Regenerate protocol types and reject stale bindings	2026-10-06T20:16:15.8872498Z    Compiling miniz_oxide v0.9.1
client	Regenerate protocol types and reject stale bindings	2026-10-06T20:16:16.5502747Z    Compiling serde_derive_internals v0.30.0
client	Regenerate protocol types and reject stale bindings	2026-10-06T20:16:16.7314559Z    Compiling winnow v1.0.4
client	Regenerate protocol types and reject stale bindings	2026-10-06T20:16:17.0455672Z    Compiling memchr v2.8.3
client	Regenerate protocol types and reject stale bindings	2026-10-06T20:16:17.3942553Z    Compiling typenum v1.20.1
client	Regenerate protocol types and reject stale bindings	2026-10-06T20:16:17.4004016Z    Compiling serde_derive v1.0.229
client	Regenerate protocol types and reject stale bindings	2026-10-06T20:16:17.7482608Z    Compiling thiserror-impl v2.0.21
client	Regenerate protocol types and reject stale bindings	2026-10-06T20:16:18.0822925Z    Compiling ref-cast-impl v1.0.27
client	Regenerate protocol types and reject stale bindings	2026-10-06T20:16:18.3889511Z    Compiling rand_core v0.10.1
client	Regenerate protocol types and reject stale bindings	2026-10-06T20:16:18.4752619Z    Compiling bytemuck v1.25.2
client	Regenerate protocol types and reject stale bindings	2026-10-06T20:16:18.6302567Z    Compiling az v1.3.0
client	Regenerate protocol types and reject stale bindings	2026-10-06T20:16:18.9242890Z    Compiling cobs v0.3.0
client	Regenerate protocol types and reject stale bindings	2026-10-06T20:16:19.0362406Z    Compiling itoa v1.0.18
client	Regenerate protocol types and reject stale bindings	2026-10-06T20:16:19.7792997Z    Compiling zerocopy-derive v0.8.60
client	Regenerate protocol types and reject stale bindings	2026-10-06T20:16:19.9370367Z    Compiling schemars_derive v1.2.2
client	Regenerate protocol types and reject stale bindings	2026-10-06T20:16:20.3633163Z    Compiling toml_parser v1.1.3+spec-1.1.0
client	Regenerate protocol types and reject stale bindings	2026-10-06T20:16:20.8562842Z    Compiling postcard v1.1.3
client	Regenerate protocol types and reject stale bindings	2026-10-06T20:16:21.0740902Z    Compiling toml_datetime v1.1.1+spec-1.1.0
client	Regenerate protocol types and reject stale bindings	2026-10-06T20:16:21.1192640Z    Compiling serde_spanned v1.1.1
client	Regenerate protocol types and reject stale bindings	2026-10-06T20:16:21.1832651Z    Compiling flate2 v1.1.10
client	Regenerate protocol types and reject stale bindings	2026-10-06T20:16:21.3623544Z    Compiling miniz_oxide v0.8.9
client	Regenerate protocol types and reject stale bindings	2026-10-06T20:16:21.3722178Z    Compiling fdeflate v0.3.7
client	Regenerate protocol types and reject stale bindings	2026-10-06T20:16:21.5834529Z    Compiling bitflags v2.13.2
client	Regenerate protocol types and reject stale bindings	2026-10-06T20:16:21.7292480Z    Compiling semver v1.0.28
client	Regenerate protocol types and reject stale bindings	2026-10-06T20:16:21.7882346Z    Compiling dyn-clone v1.0.20
client	Regenerate protocol types and reject stale bindings	2026-10-06T20:16:21.8562711Z    Compiling toml_writer v1.1.2+spec-1.1.0
client	Regenerate protocol types and reject stale bindings	2026-10-06T20:16:21.9922609Z    Compiling toml v1.1.6+spec-1.1.0
client	Regenerate protocol types and reject stale bindings	2026-10-06T20:16:22.0014456Z    Compiling schemars v1.2.2
client	Regenerate protocol types and reject stale bindings	2026-10-06T20:16:22.0472342Z    Compiling png v0.18.1
client	Regenerate protocol types and reject stale bindings	2026-10-06T20:16:23.6382603Z    Compiling termcolor v1.4.1
client	Regenerate protocol types and reject stale bindings	2026-10-06T20:16:23.8504196Z    Compiling ts-rs-macros v12.0.1
client	Regenerate protocol types and reject stale bindings	2026-10-06T20:16:24.0027362Z    Compiling rmp v0.8.15
client	Regenerate protocol types and reject stale bindings	2026-10-06T20:16:24.2162599Z    Compiling rmp-serde v1.3.1
client	Regenerate protocol types and reject stale bindings	2026-10-06T20:16:24.7844015Z    Compiling ts-rs v12.0.1
client	Regenerate protocol types and reject stale bindings	2026-10-06T20:16:25.0941620Z    Compiling half v2.7.1
client	Regenerate protocol types and reject stale bindings	2026-10-06T20:16:25.1344036Z    Compiling ppv-lite86 v0.2.21
client	Regenerate protocol types and reject stale bindings	2026-10-06T20:16:25.3287713Z    Compiling rand_chacha v0.10.0
client	Regenerate protocol types and reject stale bindings	2026-10-06T20:16:30.4485744Z    Compiling oh_core v0.1.0 (/home/runner/work/OpenHOI4/OpenHOI4/crates/oh_core)
client	Regenerate protocol types and reject stale bindings	2026-10-06T20:16:30.5675529Z    Compiling oh_data v0.1.0 (/home/runner/work/OpenHOI4/OpenHOI4/crates/oh_data)
client	Regenerate protocol types and reject stale bindings	2026-10-06T20:16:31.1297916Z    Compiling oh_sim v0.1.0 (/home/runner/work/OpenHOI4/OpenHOI4/crates/oh_sim)
client	Regenerate protocol types and reject stale bindings	2026-10-06T20:16:31.5304290Z    Compiling oh_proto v0.1.0 (/home/runner/work/OpenHOI4/OpenHOI4/crates/oh_proto)
client	Regenerate protocol types and reject stale bindings	2026-10-06T20:16:33.0800944Z     Finished `dev` profile [unoptimized + debuginfo] target(s) in 19.60s
client	Regenerate protocol types and reject stale bindings	2026-10-06T20:16:33.1035262Z      Running `target/debug/examples/generate`
client	Run npm --prefix client run typecheck	﻿2026-10-06T20:16:34.7471896Z ##[group]Run npm --prefix client run typecheck
client	Run npm --prefix client run typecheck	2026-10-06T20:16:34.7472334Z [36;1mnpm --prefix client run typecheck[0m
client	Run npm --prefix client run typecheck	2026-10-06T20:16:34.7534684Z shell: /usr/bin/bash -e {0}
client	Run npm --prefix client run typecheck	2026-10-06T20:16:34.7534998Z ##[endgroup]
client	Run npm --prefix client run typecheck	2026-10-06T20:16:34.8558567Z
client	Run npm --prefix client run typecheck	2026-10-06T20:16:34.8559258Z > openhoi-client@0.1.0 typecheck
client	Run npm --prefix client run typecheck	2026-10-06T20:16:34.8559765Z > tsc --noEmit
client	Run npm --prefix client run typecheck	2026-10-06T20:16:34.8559979Z
client	Run npm --prefix client test	﻿2026-10-06T20:16:35.4376412Z ##[group]Run npm --prefix client test
client	Run npm --prefix client test	2026-10-06T20:16:35.4376777Z [36;1mnpm --prefix client test[0m
client	Run npm --prefix client test	2026-10-06T20:16:35.4437186Z shell: /usr/bin/bash -e {0}
client	Run npm --prefix client test	2026-10-06T20:16:35.4437468Z ##[endgroup]
client	Run npm --prefix client test	2026-10-06T20:16:35.5475140Z
client	Run npm --prefix client test	2026-10-06T20:16:35.5475771Z > openhoi-client@0.1.0 pretest
client	Run npm --prefix client test	2026-10-06T20:16:35.5476550Z > cargo run -p oh_proto --example wire_fixtures
client	Run npm --prefix client test	2026-10-06T20:16:35.5476876Z
client	Run npm --prefix client test	2026-10-06T20:16:35.6220493Z    Compiling oh_proto v0.1.0 (/home/runner/work/OpenHOI4/OpenHOI4/crates/oh_proto)
client	Run npm --prefix client test	2026-10-06T20:16:35.9277924Z     Finished `dev` profile [unoptimized + debuginfo] target(s) in 0.34s
client	Run npm --prefix client test	2026-10-06T20:16:35.9317980Z      Running `/home/runner/work/OpenHOI4/OpenHOI4/target/debug/examples/wire_fixtures`
client	Run npm --prefix client test	2026-10-06T20:16:35.9388989Z
client	Run npm --prefix client test	2026-10-06T20:16:35.9389291Z > openhoi-client@0.1.0 test
client	Run npm --prefix client test	2026-10-06T20:16:35.9389740Z > vitest run
client	Run npm --prefix client test	2026-10-06T20:16:35.9389956Z
client	Run npm --prefix client test	2026-10-06T20:16:36.2058017Z
client	Run npm --prefix client test	2026-10-06T20:16:36.2062643Z [1m[30m[46m RUN [49m[39m[22m [36mv5.0.3 [39m[90m/home/runner/work/OpenHOI4/OpenHOI4/client[39m
client	Run npm --prefix client test	2026-10-06T20:16:36.2063489Z
client	Run npm --prefix client test	2026-10-06T20:16:36.5533575Z  [32m✓[39m src/networkValidation.test.ts [2m([22m[2m114 tests[22m[2m)[22m[32m 92[2mms[22m[39m
client	Run npm --prefix client test	2026-10-06T20:16:36.5760580Z  [32m✓[39m src/i18n.test.tsx [2m([22m[2m3 tests[22m[2m)[22m[32m 51[2mms[22m[39m
client	Run npm --prefix client test	2026-10-06T20:16:36.6960831Z  [32m✓[39m src/national.test.tsx [2m([22m[2m3 tests[22m[2m)[22m[32m 116[2mms[22m[39m
client	Run npm --prefix client test	2026-10-06T20:16:36.8018891Z  [32m✓[39m src/map/model.test.ts [2m([22m[2m4 tests[22m[2m)[22m[32m 15[2mms[22m[39m
client	Run npm --prefix client test	2026-10-06T20:16:36.8750148Z  [32m✓[39m src/network.test.ts [2m([22m[2m2 tests[22m[2m)[22m[32m 7[2mms[22m[39m
client	Run npm --prefix client test	2026-10-06T20:16:37.1722141Z  [32m✓[39m src/App.test.tsx [2m([22m[2m1 test[22m[2m)[22m[32m 25[2mms[22m[39m
client	Run npm --prefix client test	2026-10-06T20:16:37.3807191Z  [32m✓[39m src/localization.test.ts [2m([22m[2m3 tests[22m[2m)[22m[33m 643[2mms[22m[39m
client	Run npm --prefix client test	2026-10-06T20:16:37.3808960Z    [33m[2m✓[22m[39m REQ-LOC-02 font cmap contains actual ko catalog glyphs, all Hangul syllables and CJK examples[33m 633[2mms[22m[39m
client	Run npm --prefix client test	2026-10-06T20:16:37.3843030Z
client	Run npm --prefix client test	2026-10-06T20:16:37.3847118Z [2m Test Files [22m [1m[32m7 passed[39m[22m[90m (7)[39m
client	Run npm --prefix client test	2026-10-06T20:16:37.3848236Z [2m      Tests [22m [1m[32m130 passed[39m[22m[90m (130)[39m
client	Run npm --prefix client test	2026-10-06T20:16:37.3849072Z [2m   Start at [22m 20:16:36
client	Run npm --prefix client test	2026-10-06T20:16:37.3853187Z [2m   Duration [22m 1.17s[2m (tests 55%, import 25%, transform 18%, worker 2%)[22m
client	Run npm --prefix client test	2026-10-06T20:16:37.3867154Z
client	Run npm --prefix client run build	﻿2026-10-06T20:16:37.4117994Z ##[group]Run npm --prefix client run build
client	Run npm --prefix client run build	2026-10-06T20:16:37.4118373Z [36;1mnpm --prefix client run build[0m
client	Run npm --prefix client run build	2026-10-06T20:16:37.4180631Z shell: /usr/bin/bash -e {0}
client	Run npm --prefix client run build	2026-10-06T20:16:37.4181098Z ##[endgroup]
client	Run npm --prefix client run build	2026-10-06T20:16:37.5166478Z
client	Run npm --prefix client run build	2026-10-06T20:16:37.5167127Z > openhoi-client@0.1.0 build
client	Run npm --prefix client run build	2026-10-06T20:16:37.5167681Z > tsc --noEmit && vite build
client	Run npm --prefix client run build	2026-10-06T20:16:37.5167907Z
client	Run npm --prefix client run build	2026-10-06T20:16:38.2940326Z [36mvite v8.3.3 [32mbuilding client environment for production...[36m[39m
client	Run npm --prefix client run build	2026-10-06T20:16:38.3038348Z transforming...
client	Run npm --prefix client run build	2026-10-06T20:16:38.5155132Z ✓ 55 modules transformed.
client	Run npm --prefix client run build	2026-10-06T20:16:38.6014956Z rendering chunks...
client	Run npm --prefix client run build	2026-10-06T20:16:38.7615354Z computing gzip size...
client	Run npm --prefix client run build	2026-10-06T20:16:38.7805334Z dist/index.html                     0.36 kB │ gzip:   0.25 kB
client	Run npm --prefix client run build	2026-10-06T20:16:38.7806226Z dist/assets/index-B9cOsW2B.css      4.39 kB │ gzip:   1.57 kB
client	Run npm --prefix client run build	2026-10-06T20:16:38.7807601Z dist/assets/index-C11MJPRn.js   1,170.78 kB │ gzip: 331.23 kB
client	Run npm --prefix client run build	2026-10-06T20:16:38.7808228Z
client	Run npm --prefix client run build	2026-10-06T20:16:38.7808789Z [32m✓ built in 485ms[39m
client	Run npm --prefix client run build	2026-10-06T20:16:38.7815523Z [33m[plugin builtin:vite-reporter]
client	Run npm --prefix client run build	2026-10-06T20:16:38.7816469Z (!) Some chunks are larger than 500 kB after minification. Consider:
client	Run npm --prefix client run build	2026-10-06T20:16:38.7817490Z - Using dynamic import() to code-split the application
client	Run npm --prefix client run build	2026-10-06T20:16:38.7819080Z - Use build.rolldownOptions.output.codeSplitting to improve chunking: https://rolldown.rs/reference/OutputOptions.codeSplitting
client	Run npm --prefix client run build	2026-10-06T20:16:38.7821803Z - Adjust chunk size limit for this warning via build.chunkSizeWarningLimit.[39m
client	Run cargo build -p oh_server --locked	﻿2026-10-06T20:16:38.8130041Z ##[group]Run cargo build -p oh_server --locked
client	Run cargo build -p oh_server --locked	2026-10-06T20:16:38.8130583Z [36;1mcargo build -p oh_server --locked[0m
client	Run cargo build -p oh_server --locked	2026-10-06T20:16:38.8213482Z shell: /usr/bin/bash -e {0}
client	Run cargo build -p oh_server --locked	2026-10-06T20:16:38.8213910Z ##[endgroup]
client	Run cargo build -p oh_server --locked	2026-10-06T20:16:38.8829009Z  Downloading crates ...
client	Run cargo build -p oh_server --locked	2026-10-06T20:16:38.9211701Z   Downloaded block-buffer v0.10.4
client	Run cargo build -p oh_server --locked	2026-10-06T20:16:38.9226653Z   Downloaded atomic-waker v1.1.2
client	Run cargo build -p oh_server --locked	2026-10-06T20:16:38.9238993Z   Downloaded base64 v0.22.1
client	Run cargo build -p oh_server --locked	2026-10-06T20:16:38.9328255Z   Downloaded futures-sink v0.3.34
client	Run cargo build -p oh_server --locked	2026-10-06T20:16:38.9499624Z   Downloaded tower-service v0.3.3
client	Run cargo build -p oh_server --locked	2026-10-06T20:16:38.9508926Z   Downloaded cpufeatures v0.2.17
client	Run cargo build -p oh_server --locked	2026-10-06T20:16:38.9523589Z   Downloaded generic-array v0.14.7
client	Run cargo build -p oh_server --locked	2026-10-06T20:16:38.9539027Z   Downloaded http-body v1.1.0
client	Run cargo build -p oh_server --locked	2026-10-06T20:16:38.9551700Z   Downloaded httpdate v1.0.3
client	Run cargo build -p oh_server --locked	2026-10-06T20:16:38.9564933Z   Downloaded digest v0.10.7
client	Run cargo build -p oh_server --locked	2026-10-06T20:16:38.9590643Z   Downloaded smallvec v1.16.2
client	Run cargo build -p oh_server --locked	2026-10-06T20:16:38.9608697Z   Downloaded matchit v0.8.4
client	Run cargo build -p oh_server --locked	2026-10-06T20:16:38.9638877Z   Downloaded ryu v1.0.23
client	Run cargo build -p oh_server --locked	2026-10-06T20:16:38.9675498Z   Downloaded rand v0.9.5
client	Run cargo build -p oh_server --locked	2026-10-06T20:16:38.9717293Z   Downloaded mio v1.2.4
client	Run cargo build -p oh_server --locked	2026-10-06T20:16:38.9786753Z   Downloaded tower v0.5.3
client	Run cargo build -p oh_server --locked	2026-10-06T20:16:38.9895921Z   Downloaded libc v0.2.190
client	Run cargo build -p oh_server --locked	2026-10-06T20:16:39.0369846Z   Downloaded futures-util v0.3.34
client	Run cargo build -p oh_server --locked	2026-10-06T20:16:39.0500714Z   Downloaded bytes v1.12.1
client	Run cargo build -p oh_server --locked	2026-10-06T20:16:39.0538396Z   Downloaded tokio v1.53.2
client	Run cargo build -p oh_server --locked	2026-10-06T20:16:39.0992282Z   Downloaded slab v0.4.12
client	Run cargo build -p oh_server --locked	2026-10-06T20:16:39.1005215Z   Downloaded errno v0.3.14
client	Run cargo build -p oh_server --locked	2026-10-06T20:16:39.1020322Z   Downloaded rand_chacha v0.9.0
client	Run cargo build -p oh_server --locked	2026-10-06T20:16:39.1032492Z   Downloaded futures-core v0.3.34
client	Run cargo build -p oh_server --locked	2026-10-06T20:16:39.1046473Z   Downloaded serde_urlencoded v0.7.1
client	Run cargo build -p oh_server --locked	2026-10-06T20:16:39.1063886Z   Downloaded sync_wrapper v1.0.2
client	Run cargo build -p oh_server --locked	2026-10-06T20:16:39.1072272Z   Downloaded tokio-macros v2.7.2
client	Run cargo build -p oh_server --locked	2026-10-06T20:16:39.1082930Z   Downloaded pin-project-lite v0.2.17
client	Run cargo build -p oh_server --locked	2026-10-06T20:16:39.1141425Z   Downloaded tower-layer v0.3.3
client	Run cargo build -p oh_server --locked	2026-10-06T20:16:39.1151018Z   Downloaded tungstenite v0.29.0
client	Run cargo build -p oh_server --locked	2026-10-06T20:16:39.1185804Z   Downloaded http-body-util v0.1.5
client	Run cargo build -p oh_server --locked	2026-10-06T20:16:39.1205586Z   Downloaded hyper-util v0.1.21
client	Run cargo build -p oh_server --locked	2026-10-06T20:16:39.1269067Z   Downloaded serde_path_to_error v0.1.20
client	Run cargo build -p oh_server --locked	2026-10-06T20:16:39.1286179Z   Downloaded crypto-common v0.1.7
client	Run cargo build -p oh_server --locked	2026-10-06T20:16:39.1295837Z   Downloaded rand_core v0.9.5
client	Run cargo build -p oh_server --locked	2026-10-06T20:16:39.1308869Z   Downloaded signal-hook-registry v1.4.8
client	Run cargo build -p oh_server --locked	2026-10-06T20:16:39.1320550Z   Downloaded socket2 v0.6.5
client	Run cargo build -p oh_server --locked	2026-10-06T20:16:39.1338688Z   Downloaded version_check v0.9.5
client	Run cargo build -p oh_server --locked	2026-10-06T20:16:39.1351337Z   Downloaded form_urlencoded v1.2.2
client	Run cargo build -p oh_server --locked	2026-10-06T20:16:39.1358928Z   Downloaded mime v0.3.17
client	Run cargo build -p oh_server --locked	2026-10-06T20:16:39.1372406Z   Downloaded futures-channel v0.3.34
client	Run cargo build -p oh_server --locked	2026-10-06T20:16:39.1390548Z   Downloaded tokio-tungstenite v0.29.0
client	Run cargo build -p oh_server --locked	2026-10-06T20:16:39.1410566Z   Downloaded axum-core v0.5.6
client	Run cargo build -p oh_server --locked	2026-10-06T20:16:39.1432747Z   Downloaded http v1.5.0
client	Run cargo build -p oh_server --locked	2026-10-06T20:16:39.1468860Z   Downloaded httparse v1.10.1
client	Run cargo build -p oh_server --locked	2026-10-06T20:16:39.1493542Z   Downloaded data-encoding v2.11.1
client	Run cargo build -p oh_server --locked	2026-10-06T20:16:39.1503409Z   Downloaded log v0.4.34
client	Run cargo build -p oh_server --locked	2026-10-06T20:16:39.1527886Z   Downloaded percent-encoding v2.3.2
client	Run cargo build -p oh_server --locked	2026-10-06T20:16:39.1536774Z   Downloaded axum v0.8.9
client	Run cargo build -p oh_server --locked	2026-10-06T20:16:39.1618053Z   Downloaded hyper v1.11.1
client	Run cargo build -p oh_server --locked	2026-10-06T20:16:39.1686959Z   Downloaded futures-task v0.3.34
client	Run cargo build -p oh_server --locked	2026-10-06T20:16:39.1699307Z   Downloaded getrandom v0.3.4
client	Run cargo build -p oh_server --locked	2026-10-06T20:16:39.2552104Z   Downloaded sha1 v0.10.7
client	Run cargo build -p oh_server --locked	2026-10-06T20:16:39.2883628Z    Compiling serde_core v1.0.229
client	Run cargo build -p oh_server --locked	2026-10-06T20:16:39.2884278Z    Compiling libc v0.2.190
client	Run cargo build -p oh_server --locked	2026-10-06T20:16:39.2896769Z    Compiling syn v3.0.6
client	Run cargo build -p oh_server --locked	2026-10-06T20:16:39.2932160Z    Compiling ppv-lite86 v0.2.21
client	Run cargo build -p oh_server --locked	2026-10-06T20:16:39.6132829Z    Compiling bytes v1.12.1
client	Run cargo build -p oh_server --locked	2026-10-06T20:16:40.2402674Z    Compiling version_check v0.9.5
client	Run cargo build -p oh_server --locked	2026-10-06T20:16:40.4402469Z    Compiling generic-array v0.14.7
client	Run cargo build -p oh_server --locked	2026-10-06T20:16:40.5312469Z    Compiling pin-project-lite v0.2.17
client	Run cargo build -p oh_server --locked	2026-10-06T20:16:40.5670435Z    Compiling futures-core v0.3.34
client	Run cargo build -p oh_server --locked	2026-10-06T20:16:40.6375813Z    Compiling serde_json v1.0.151
client	Run cargo build -p oh_server --locked	2026-10-06T20:16:40.6595867Z    Compiling http v1.5.0
client	Run cargo build -p oh_server --locked	2026-10-06T20:16:40.7329785Z    Compiling memchr v2.8.3
client	Run cargo build -p oh_server --locked	2026-10-06T20:16:41.4219898Z    Compiling getrandom v0.3.4
client	Run cargo build -p oh_server --locked	2026-10-06T20:16:41.5902748Z    Compiling serde_derive_internals v0.30.0
client	Run cargo build -p oh_server --locked	2026-10-06T20:16:42.2992856Z    Compiling errno v0.3.14
client	Run cargo build -p oh_server --locked	2026-10-06T20:16:42.3682303Z    Compiling httparse v1.10.1
client	Run cargo build -p oh_server --locked	2026-10-06T20:16:42.4442378Z    Compiling rand_chacha v0.10.0
client	Run cargo build -p oh_server --locked	2026-10-06T20:16:42.5642487Z    Compiling signal-hook-registry v1.4.8
client	Run cargo build -p oh_server --locked	2026-10-06T20:16:42.6262514Z    Compiling serde_spanned v1.1.1
client	Run cargo build -p oh_server --locked	2026-10-06T20:16:42.6910988Z    Compiling toml_datetime v1.1.1+spec-1.1.0
client	Run cargo build -p oh_server --locked	2026-10-06T20:16:42.9012529Z    Compiling socket2 v0.6.5
client	Run cargo build -p oh_server --locked	2026-10-06T20:16:42.9262529Z    Compiling mio v1.2.4
client	Run cargo build -p oh_server --locked	2026-10-06T20:16:43.0542606Z    Compiling thiserror-impl v2.0.21
client	Run cargo build -p oh_server --locked	2026-10-06T20:16:43.0803002Z    Compiling serde_derive v1.0.229
client	Run cargo build -p oh_server --locked	2026-10-06T20:16:43.3856888Z    Compiling ref-cast-impl v1.0.27
client	Run cargo build -p oh_server --locked	2026-10-06T20:16:43.3932372Z    Compiling tokio-macros v2.7.2
client	Run cargo build -p oh_server --locked	2026-10-06T20:16:43.7233059Z    Compiling ref-cast v1.0.27
client	Run cargo build -p oh_server --locked	2026-10-06T20:16:43.7572709Z    Compiling schemars_derive v1.2.2
client	Run cargo build -p oh_server --locked	2026-10-06T20:16:43.8563322Z    Compiling toml v1.1.6+spec-1.1.0
client	Run cargo build -p oh_server --locked	2026-10-06T20:16:44.1347469Z    Compiling thiserror v2.0.21
client	Run cargo build -p oh_server --locked	2026-10-06T20:16:44.1752814Z    Compiling cobs v0.3.0
client	Run cargo build -p oh_server --locked	2026-10-06T20:16:44.2707526Z    Compiling tokio v1.53.2
client	Run cargo build -p oh_server --locked	2026-10-06T20:16:45.2112706Z    Compiling rand_core v0.9.5
client	Run cargo build -p oh_server --locked	2026-10-06T20:16:45.6052798Z    Compiling crypto-common v0.1.7
client	Run cargo build -p oh_server --locked	2026-10-06T20:16:45.6162352Z    Compiling block-buffer v0.10.4
client	Run cargo build -p oh_server --locked	2026-10-06T20:16:45.6552526Z    Compiling http-body v1.1.0
client	Run cargo build -p oh_server --locked	2026-10-06T20:16:45.6953053Z    Compiling digest v0.10.7
client	Run cargo build -p oh_server --locked	2026-10-06T20:16:45.7272961Z    Compiling rand_chacha v0.9.0
client	Run cargo build -p oh_server --locked	2026-10-06T20:16:45.8508359Z    Compiling futures-task v0.3.34
client	Run cargo build -p oh_server --locked	2026-10-06T20:16:45.9932464Z    Compiling futures-sink v0.3.34
client	Run cargo build -p oh_server --locked	2026-10-06T20:16:46.0202659Z    Compiling slab v0.4.12
client	Run cargo build -p oh_server --locked	2026-10-06T20:16:46.1072695Z    Compiling serde v1.0.229
client	Run cargo build -p oh_server --locked	2026-10-06T20:16:46.1223201Z    Compiling tower-service v0.3.3
client	Run cargo build -p oh_server --locked	2026-10-06T20:16:46.1310020Z    Compiling cpufeatures v0.2.17
client	Run cargo build -p oh_server --locked	2026-10-06T20:16:46.1535811Z    Compiling sha1 v0.10.7
client	Run cargo build -p oh_server --locked	2026-10-06T20:16:46.1572060Z    Compiling futures-util v0.3.34
client	Run cargo build -p oh_server --locked	2026-10-06T20:16:46.2893126Z    Compiling rand v0.9.5
client	Run cargo build -p oh_server --locked	2026-10-06T20:16:46.6562495Z    Compiling fixed v1.31.0
client	Run cargo build -p oh_server --locked	2026-10-06T20:16:46.8372611Z    Compiling postcard v1.1.3
client	Run cargo build -p oh_server --locked	2026-10-06T20:16:47.1041107Z    Compiling schemars v1.2.2
client	Run cargo build -p oh_server --locked	2026-10-06T20:16:48.3742602Z    Compiling futures-channel v0.3.34
client	Run cargo build -p oh_server --locked	2026-10-06T20:16:48.5212766Z    Compiling data-encoding v2.11.1
client	Run cargo build -p oh_server --locked	2026-10-06T20:16:48.8632535Z    Compiling log v0.4.34
client	Run cargo build -p oh_server --locked	2026-10-06T20:16:48.9842479Z    Compiling sync_wrapper v1.0.2
client	Run cargo build -p oh_server --locked	2026-10-06T20:16:49.0159675Z    Compiling httpdate v1.0.3
client	Run cargo build -p oh_server --locked	2026-10-06T20:16:49.1920506Z    Compiling smallvec v1.16.2
client	Run cargo build -p oh_server --locked	2026-10-06T20:16:49.3472763Z    Compiling atomic-waker v1.1.2
client	Run cargo build -p oh_server --locked	2026-10-06T20:16:49.3722680Z    Compiling percent-encoding v2.3.2
client	Run cargo build -p oh_server --locked	2026-10-06T20:16:49.4082106Z    Compiling tower-layer v0.3.3
client	Run cargo build -p oh_server --locked	2026-10-06T20:16:49.4852724Z    Compiling form_urlencoded v1.2.2
client	Run cargo build -p oh_server --locked	2026-10-06T20:16:49.5178775Z    Compiling hyper v1.11.1
client	Run cargo build -p oh_server --locked	2026-10-06T20:16:49.5922658Z    Compiling tungstenite v0.29.0
client	Run cargo build -p oh_server --locked	2026-10-06T20:16:50.1037601Z    Compiling http-body-util v0.1.5
client	Run cargo build -p oh_server --locked	2026-10-06T20:16:50.3202506Z    Compiling ryu v1.0.23
client	Run cargo build -p oh_server --locked	2026-10-06T20:16:50.4452643Z    Compiling mime v0.3.17
client	Run cargo build -p oh_server --locked	2026-10-06T20:16:50.6655389Z    Compiling axum-core v0.5.6
client	Run cargo build -p oh_server --locked	2026-10-06T20:16:50.7063138Z    Compiling serde_urlencoded v0.7.1
client	Run cargo build -p oh_server --locked	2026-10-06T20:16:50.8142516Z    Compiling hyper-util v0.1.21
client	Run cargo build -p oh_server --locked	2026-10-06T20:16:50.9024237Z    Compiling tokio-tungstenite v0.29.0
client	Run cargo build -p oh_server --locked	2026-10-06T20:16:51.0658376Z    Compiling rmp-serde v1.3.1
client	Run cargo build -p oh_server --locked	2026-10-06T20:16:51.1072590Z    Compiling ts-rs v12.0.1
client	Run cargo build -p oh_server --locked	2026-10-06T20:16:51.4808894Z    Compiling tower v0.5.3
client	Run cargo build -p oh_server --locked	2026-10-06T20:16:51.8663269Z    Compiling serde_path_to_error v0.1.20
client	Run cargo build -p oh_server --locked	2026-10-06T20:16:51.8973123Z    Compiling oh_server v0.1.0 (/home/runner/work/OpenHOI4/OpenHOI4/crates/oh_server)
client	Run cargo build -p oh_server --locked	2026-10-06T20:16:52.0902588Z    Compiling base64 v0.22.1
client	Run cargo build -p oh_server --locked	2026-10-06T20:16:52.1902676Z    Compiling matchit v0.8.4
client	Run cargo build -p oh_server --locked	2026-10-06T20:16:52.3522228Z    Compiling axum v0.8.9
client	Run cargo build -p oh_server --locked	2026-10-06T20:16:54.3812928Z    Compiling oh_core v0.1.0 (/home/runner/work/OpenHOI4/OpenHOI4/crates/oh_core)
client	Run cargo build -p oh_server --locked	2026-10-06T20:16:54.5339235Z    Compiling oh_data v0.1.0 (/home/runner/work/OpenHOI4/OpenHOI4/crates/oh_data)
client	Run cargo build -p oh_server --locked	2026-10-06T20:16:55.2226747Z    Compiling oh_sim v0.1.0 (/home/runner/work/OpenHOI4/OpenHOI4/crates/oh_sim)
client	Run cargo build -p oh_server --locked	2026-10-06T20:16:55.6242799Z    Compiling oh_ai v0.1.0 (/home/runner/work/OpenHOI4/OpenHOI4/crates/oh_ai)
client	Run cargo build -p oh_server --locked	2026-10-06T20:16:55.6484576Z    Compiling oh_proto v0.1.0 (/home/runner/work/OpenHOI4/OpenHOI4/crates/oh_proto)
client	Run cargo build -p oh_server --locked	2026-10-06T20:16:56.0961816Z    Compiling oh_save v0.1.0 (/home/runner/work/OpenHOI4/OpenHOI4/crates/oh_save)
client	Run cargo build -p oh_server --locked	2026-10-06T20:16:58.4760316Z     Finished `dev` profile [unoptimized + debuginfo] target(s) in 19.61s
client	Browser compatibility and Rust-server WebSocket E2E	﻿2026-10-06T20:16:58.4936799Z ##[group]Run npx playwright install --with-deps chromium firefox webkit
client	Browser compatibility and Rust-server WebSocket E2E	2026-10-06T20:16:58.4937396Z [36;1mnpx playwright install --with-deps chromium firefox webkit[0m
client	Browser compatibility and Rust-server WebSocket E2E	2026-10-06T20:16:58.4937802Z [36;1mnpm run test:e2e[0m
client	Browser compatibility and Rust-server WebSocket E2E	2026-10-06T20:16:58.4999082Z shell: /usr/bin/bash -e {0}
client	Browser compatibility and Rust-server WebSocket E2E	2026-10-06T20:16:58.4999381Z env:
client	Browser compatibility and Rust-server WebSocket E2E	2026-10-06T20:16:58.4999638Z   OH_E2E_EVIDENCE: ../target/wp09/ci/m0-e2e
client	Browser compatibility and Rust-server WebSocket E2E	2026-10-06T20:16:58.5000037Z   OH_MALFORMED_EVIDENCE: ../target/wp09/ci/m0-malformed
client	Browser compatibility and Rust-server WebSocket E2E	2026-10-06T20:16:58.5000397Z ##[endgroup]
client	Browser compatibility and Rust-server WebSocket E2E	2026-10-06T20:16:59.2200761Z Installing dependencies...
client	Browser compatibility and Rust-server WebSocket E2E	2026-10-06T20:16:59.2285058Z Switching to root user to install dependencies...
client	Browser compatibility and Rust-server WebSocket E2E	2026-10-06T20:16:59.3704250Z Get:1 file:/etc/apt/apt-mirrors.txt Mirrorlist [144 B]
client	Browser compatibility and Rust-server WebSocket E2E	2026-10-06T20:16:59.3833604Z Get:3 https://packages.microsoft.com/ubuntu/24.04/prod noble InRelease [3600 B]
client	Browser compatibility and Rust-server WebSocket E2E	2026-10-06T20:16:59.4079463Z Hit:2 http://azure.archive.ubuntu.com/ubuntu noble InRelease
client	Browser compatibility and Rust-server WebSocket E2E	2026-10-06T20:16:59.4126309Z Get:4 http://azure.archive.ubuntu.com/ubuntu noble-updates InRelease [126 kB]
client	Browser compatibility and Rust-server WebSocket E2E	2026-10-06T20:16:59.4217156Z Get:5 http://azure.archive.ubuntu.com/ubuntu noble-backports InRelease [126 kB]
client	Browser compatibility and Rust-server WebSocket E2E	2026-10-06T20:16:59.4282481Z Get:6 http://azure.archive.ubuntu.com/ubuntu noble-security InRelease [126 kB]
client	Browser compatibility and Rust-server WebSocket E2E	2026-10-06T20:16:59.5144404Z Get:7 https://packages.microsoft.com/ubuntu/24.04/prod noble/main amd64 Packages [519 kB]
client	Browser compatibility and Rust-server WebSocket E2E	2026-10-06T20:16:59.5333275Z Get:8 https://packages.microsoft.com/ubuntu/24.04/prod noble/main arm64 Packages [463 kB]
client	Browser compatibility and Rust-server WebSocket E2E	2026-10-06T20:16:59.5386190Z Get:9 https://packages.microsoft.com/ubuntu/24.04/prod noble/main armhf Packages [12.6 kB]
client	Browser compatibility and Rust-server WebSocket E2E	2026-10-06T20:16:59.6461681Z Get:10 http://azure.archive.ubuntu.com/ubuntu noble-updates/main amd64 Packages [1373 kB]
client	Browser compatibility and Rust-server WebSocket E2E	2026-10-06T20:16:59.6533007Z Get:11 http://azure.archive.ubuntu.com/ubuntu noble-updates/main Translation-en [306 kB]
client	Browser compatibility and Rust-server WebSocket E2E	2026-10-06T20:16:59.6553213Z Get:12 http://azure.archive.ubuntu.com/ubuntu noble-updates/main amd64 Components [181 kB]
client	Browser compatibility and Rust-server WebSocket E2E	2026-10-06T20:16:59.6592707Z Get:13 http://azure.archive.ubuntu.com/ubuntu noble-updates/universe amd64 Packages [1700 kB]
client	Browser compatibility and Rust-server WebSocket E2E	2026-10-06T20:16:59.6653006Z Get:14 http://azure.archive.ubuntu.com/ubuntu noble-updates/universe Translation-en [341 kB]
client	Browser compatibility and Rust-server WebSocket E2E	2026-10-06T20:16:59.6668253Z Get:15 http://azure.archive.ubuntu.com/ubuntu noble-updates/universe amd64 Components [388 kB]
client	Browser compatibility and Rust-server WebSocket E2E	2026-10-06T20:16:59.6692020Z Get:16 http://azure.archive.ubuntu.com/ubuntu noble-updates/restricted amd64 Packages [1730 kB]
client	Browser compatibility and Rust-server WebSocket E2E	2026-10-06T20:16:59.6784502Z Get:17 http://azure.archive.ubuntu.com/ubuntu noble-updates/restricted Translation-en [396 kB]
client	Browser compatibility and Rust-server WebSocket E2E	2026-10-06T20:16:59.6799895Z Get:18 http://azure.archive.ubuntu.com/ubuntu noble-updates/multiverse Translation-en [13.3 kB]
client	Browser compatibility and Rust-server WebSocket E2E	2026-10-06T20:16:59.6807710Z Get:19 http://azure.archive.ubuntu.com/ubuntu noble-updates/multiverse amd64 Components [940 B]
client	Browser compatibility and Rust-server WebSocket E2E	2026-10-06T20:16:59.7425214Z Get:20 http://azure.archive.ubuntu.com/ubuntu noble-backports/main amd64 Components [5752 B]
client	Browser compatibility and Rust-server WebSocket E2E	2026-10-06T20:16:59.7436655Z Get:21 http://azure.archive.ubuntu.com/ubuntu noble-backports/universe amd64 Components [12.6 kB]
client	Browser compatibility and Rust-server WebSocket E2E	2026-10-06T20:16:59.7509702Z Get:22 http://azure.archive.ubuntu.com/ubuntu noble-security/main amd64 Packages [1072 kB]
client	Browser compatibility and Rust-server WebSocket E2E	2026-10-06T20:16:59.7600509Z Get:23 http://azure.archive.ubuntu.com/ubuntu noble-security/main Translation-en [222 kB]
client	Browser compatibility and Rust-server WebSocket E2E	2026-10-06T20:16:59.7620224Z Get:24 http://azure.archive.ubuntu.com/ubuntu noble-security/main amd64 Components [46.4 kB]
client	Browser compatibility and Rust-server WebSocket E2E	2026-10-06T20:16:59.7630765Z Get:25 http://azure.archive.ubuntu.com/ubuntu noble-security/universe amd64 Packages [1217 kB]
client	Browser compatibility and Rust-server WebSocket E2E	2026-10-06T20:16:59.7691928Z Get:26 http://azure.archive.ubuntu.com/ubuntu noble-security/universe Translation-en [245 kB]
client	Browser compatibility and Rust-server WebSocket E2E	2026-10-06T20:16:59.7710543Z Get:27 http://azure.archive.ubuntu.com/ubuntu noble-security/universe amd64 Components [76.3 kB]
client	Browser compatibility and Rust-server WebSocket E2E	2026-10-06T20:16:59.7722248Z Get:28 http://azure.archive.ubuntu.com/ubuntu noble-security/restricted amd64 Packages [1566 kB]
client	Browser compatibility and Rust-server WebSocket E2E	2026-10-06T20:16:59.7797108Z Get:29 http://azure.archive.ubuntu.com/ubuntu noble-security/restricted Translation-en [361 kB]
client	Browser compatibility and Rust-server WebSocket E2E	2026-10-06T20:16:59.7818342Z Get:30 http://azure.archive.ubuntu.com/ubuntu noble-security/multiverse Translation-en [11.6 kB]
client	Browser compatibility and Rust-server WebSocket E2E	2026-10-06T20:17:07.7876711Z Fetched 12.6 MB in 1s (8825 kB/s)
client	Browser compatibility and Rust-server WebSocket E2E	2026-10-06T20:17:08.6900575Z Reading package lists...
client	Browser compatibility and Rust-server WebSocket E2E	2026-10-06T20:17:08.7144392Z Reading package lists...
client	Browser compatibility and Rust-server WebSocket E2E	2026-10-06T20:17:08.9372602Z Building dependency tree...
client	Browser compatibility and Rust-server WebSocket E2E	2026-10-06T20:17:08.9380249Z Reading state information...
client	Browser compatibility and Rust-server WebSocket E2E	2026-10-06T20:17:08.9534032Z libasound2t64 is already the newest version (1.2.11-1ubuntu0.3).
client	Browser compatibility and Rust-server WebSocket E2E	2026-10-06T20:17:08.9534894Z libasound2t64 set to manually installed.
client	Browser compatibility and Rust-server WebSocket E2E	2026-10-06T20:17:08.9535682Z libatk-bridge2.0-0t64 is already the newest version (2.52.0-1build1).
client	Browser compatibility and Rust-server WebSocket E2E	2026-10-06T20:17:08.9536486Z libatk-bridge2.0-0t64 set to manually installed.
client	Browser compatibility and Rust-server WebSocket E2E	2026-10-06T20:17:08.9537263Z libatk1.0-0t64 is already the newest version (2.52.0-1build1).
client	Browser compatibility and Rust-server WebSocket E2E	2026-10-06T20:17:08.9537963Z libatk1.0-0t64 set to manually installed.
client	Browser compatibility and Rust-server WebSocket E2E	2026-10-06T20:17:08.9538733Z libatspi2.0-0t64 is already the newest version (2.52.0-1build1).
client	Browser compatibility and Rust-server WebSocket E2E	2026-10-06T20:17:08.9539469Z libatspi2.0-0t64 set to manually installed.
client	Browser compatibility and Rust-server WebSocket E2E	2026-10-06T20:17:08.9540192Z libcairo2 is already the newest version (1.18.0-3build1).
client	Browser compatibility and Rust-server WebSocket E2E	2026-10-06T20:17:08.9540856Z libcairo2 set to manually installed.
client	Browser compatibility and Rust-server WebSocket E2E	2026-10-06T20:17:08.9541823Z libcups2t64 is already the newest version (2.4.7-1.2ubuntu7.14).
client	Browser compatibility and Rust-server WebSocket E2E	2026-10-06T20:17:08.9542538Z libcups2t64 set to manually installed.
client	Browser compatibility and Rust-server WebSocket E2E	2026-10-06T20:17:08.9543255Z libdbus-1-3 is already the newest version (1.14.10-4ubuntu4.1).
client	Browser compatibility and Rust-server WebSocket E2E	2026-10-06T20:17:08.9543961Z libdbus-1-3 set to manually installed.
client	Browser compatibility and Rust-server WebSocket E2E	2026-10-06T20:17:08.9544694Z libdrm2 is already the newest version (2.4.125-1ubuntu0.1~24.04.2).
client	Browser compatibility and Rust-server WebSocket E2E	2026-10-06T20:17:08.9545404Z libdrm2 set to manually installed.
client	Browser compatibility and Rust-server WebSocket E2E	2026-10-06T20:17:08.9546131Z libglib2.0-0t64 is already the newest version (2.80.0-6ubuntu3.9).
client	Browser compatibility and Rust-server WebSocket E2E	2026-10-06T20:17:08.9546870Z libglib2.0-0t64 set to manually installed.
client	Browser compatibility and Rust-server WebSocket E2E	2026-10-06T20:17:08.9547599Z libnspr4 is already the newest version (2:4.35-1.1build1).
client	Browser compatibility and Rust-server WebSocket E2E	2026-10-06T20:17:08.9548699Z libnspr4 set to manually installed.
client	Browser compatibility and Rust-server WebSocket E2E	2026-10-06T20:17:08.9549401Z libnss3 is already the newest version (2:3.98-1ubuntu0.2).
client	Browser compatibility and Rust-server WebSocket E2E	2026-10-06T20:17:08.9550057Z libnss3 set to manually installed.
client	Browser compatibility and Rust-server WebSocket E2E	2026-10-06T20:17:08.9550773Z libpango-1.0-0 is already the newest version (1.52.1+ds-1build1).
client	Browser compatibility and Rust-server WebSocket E2E	2026-10-06T20:17:08.9551687Z libpango-1.0-0 set to manually installed.
client	Browser compatibility and Rust-server WebSocket E2E	2026-10-06T20:17:08.9552385Z libx11-6 is already the newest version (2:1.8.7-1build1).
client	Browser compatibility and Rust-server WebSocket E2E	2026-10-06T20:17:08.9553043Z libx11-6 set to manually installed.
client	Browser compatibility and Rust-server WebSocket E2E	2026-10-06T20:17:08.9553694Z libxcb1 is already the newest version (1.15-1ubuntu2).
client	Browser compatibility and Rust-server WebSocket E2E	2026-10-06T20:17:08.9554326Z libxcb1 set to manually installed.
client	Browser compatibility and Rust-server WebSocket E2E	2026-10-06T20:17:08.9555053Z libxcomposite1 is already the newest version (1:0.4.5-1build3).
client	Browser compatibility and Rust-server WebSocket E2E	2026-10-06T20:17:08.9555792Z libxcomposite1 set to manually installed.
client	Browser compatibility and Rust-server WebSocket E2E	2026-10-06T20:17:08.9556526Z libxdamage1 is already the newest version (1:1.1.6-1build1).
client	Browser compatibility and Rust-server WebSocket E2E	2026-10-06T20:17:08.9557225Z libxdamage1 set to manually installed.
client	Browser compatibility and Rust-server WebSocket E2E	2026-10-06T20:17:08.9557923Z libxext6 is already the newest version (2:1.3.4-1build2).
client	Browser compatibility and Rust-server WebSocket E2E	2026-10-06T20:17:08.9558592Z libxext6 set to manually installed.
client	Browser compatibility and Rust-server WebSocket E2E	2026-10-06T20:17:08.9559301Z libxfixes3 is already the newest version (1:6.0.0-2build1).
client	Browser compatibility and Rust-server WebSocket E2E	2026-10-06T20:17:08.9559986Z libxfixes3 set to manually installed.
client	Browser compatibility and Rust-server WebSocket E2E	2026-10-06T20:17:08.9560712Z libxkbcommon0 is already the newest version (1.6.0-1build1).
client	Browser compatibility and Rust-server WebSocket E2E	2026-10-06T20:17:08.9561592Z libxkbcommon0 set to manually installed.
client	Browser compatibility and Rust-server WebSocket E2E	2026-10-06T20:17:08.9562313Z libxrandr2 is already the newest version (2:1.5.2-2build1).
client	Browser compatibility and Rust-server WebSocket E2E	2026-10-06T20:17:08.9563002Z libxrandr2 set to manually installed.
client	Browser compatibility and Rust-server WebSocket E2E	2026-10-06T20:17:08.9563700Z xvfb is already the newest version (2:21.1.12-1ubuntu1.8).
client	Browser compatibility and Rust-server WebSocket E2E	2026-10-06T20:17:08.9564652Z fonts-noto-color-emoji is already the newest version (2.047-0ubuntu0.24.04.1).
client	Browser compatibility and Rust-server WebSocket E2E	2026-10-06T20:17:08.9565668Z libfontconfig1 is already the newest version (2.15.0-1.1ubuntu2).
client	Browser compatibility and Rust-server WebSocket E2E	2026-10-06T20:17:08.9566423Z libfontconfig1 set to manually installed.
client	Browser compatibility and Rust-server WebSocket E2E	2026-10-06T20:17:08.9567173Z fonts-liberation is already the newest version (1:2.1.5-3).
client	Browser compatibility and Rust-server WebSocket E2E	2026-10-06T20:17:08.9567920Z fonts-liberation set to manually installed.
client	Browser compatibility and Rust-server WebSocket E2E	2026-10-06T20:17:08.9568959Z libcairo-gobject2 is already the newest version (1.18.0-3build1).
client	Browser compatibility and Rust-server WebSocket E2E	2026-10-06T20:17:08.9569755Z libcairo-gobject2 set to manually installed.
client	Browser compatibility and Rust-server WebSocket E2E	2026-10-06T20:17:08.9570646Z libgdk-pixbuf-2.0-0 is already the newest version (2.42.10+dfsg-3ubuntu3.3).
client	Browser compatibility and Rust-server WebSocket E2E	2026-10-06T20:17:08.9571684Z libgdk-pixbuf-2.0-0 set to manually installed.
client	Browser compatibility and Rust-server WebSocket E2E	2026-10-06T20:17:08.9572495Z libgtk-3-0t64 is already the newest version (3.24.41-4ubuntu1.3).
client	Browser compatibility and Rust-server WebSocket E2E	2026-10-06T20:17:08.9573239Z libgtk-3-0t64 set to manually installed.
client	Browser compatibility and Rust-server WebSocket E2E	2026-10-06T20:17:08.9574031Z libpangocairo-1.0-0 is already the newest version (1.52.1+ds-1build1).
client	Browser compatibility and Rust-server WebSocket E2E	2026-10-06T20:17:08.9574729Z libpangocairo-1.0-0 set to manually installed.
client	Browser compatibility and Rust-server WebSocket E2E	2026-10-06T20:17:08.9575372Z libx11-xcb1 is already the newest version (2:1.8.7-1build1).
client	Browser compatibility and Rust-server WebSocket E2E	2026-10-06T20:17:08.9575968Z libx11-xcb1 set to manually installed.
client	Browser compatibility and Rust-server WebSocket E2E	2026-10-06T20:17:08.9576570Z libxcb-shm0 is already the newest version (1.15-1ubuntu2).
client	Browser compatibility and Rust-server WebSocket E2E	2026-10-06T20:17:08.9577172Z libxcb-shm0 set to manually installed.
client	Browser compatibility and Rust-server WebSocket E2E	2026-10-06T20:17:08.9577840Z libxcursor1 is already the newest version (1:1.2.1-1build1).
client	Browser compatibility and Rust-server WebSocket E2E	2026-10-06T20:17:08.9578489Z libxcursor1 set to manually installed.
client	Browser compatibility and Rust-server WebSocket E2E	2026-10-06T20:17:08.9579078Z libxi6 is already the newest version (2:1.8.1-1build1).
client	Browser compatibility and Rust-server WebSocket E2E	2026-10-06T20:17:08.9579747Z libxi6 set to manually installed.
client	Browser compatibility and Rust-server WebSocket E2E	2026-10-06T20:17:08.9580414Z libxrender1 is already the newest version (1:0.9.10-1.1build1).
client	Browser compatibility and Rust-server WebSocket E2E	2026-10-06T20:17:08.9581032Z libxrender1 set to manually installed.
client	Browser compatibility and Rust-server WebSocket E2E	2026-10-06T20:17:08.9581792Z libicu74 is already the newest version (74.2-1ubuntu3.1).
client	Browser compatibility and Rust-server WebSocket E2E	2026-10-06T20:17:08.9582556Z libatomic1 is already the newest version (14.2.0-4ubuntu2~24.04.1).
client	Browser compatibility and Rust-server WebSocket E2E	2026-10-06T20:17:08.9583158Z libatomic1 set to manually installed.
client	Browser compatibility and Rust-server WebSocket E2E	2026-10-06T20:17:08.9583798Z libenchant-2-2 is already the newest version (2.3.3-2build2).
client	Browser compatibility and Rust-server WebSocket E2E	2026-10-06T20:17:08.9584426Z libenchant-2-2 set to manually installed.
client	Browser compatibility and Rust-server WebSocket E2E	2026-10-06T20:17:08.9585233Z libepoxy0 is already the newest version (1.5.10-1build1).
client	Browser compatibility and Rust-server WebSocket E2E	2026-10-06T20:17:08.9585804Z libepoxy0 set to manually installed.
client	Browser compatibility and Rust-server WebSocket E2E	2026-10-06T20:17:08.9586466Z libgstreamer1.0-0 is already the newest version (1.24.2-1ubuntu0.1).
client	Browser compatibility and Rust-server WebSocket E2E	2026-10-06T20:17:08.9587131Z libgstreamer1.0-0 set to manually installed.
client	Browser compatibility and Rust-server WebSocket E2E	2026-10-06T20:17:08.9587763Z libharfbuzz0b is already the newest version (8.3.0-2build2).
client	Browser compatibility and Rust-server WebSocket E2E	2026-10-06T20:17:08.9588352Z libharfbuzz0b set to manually installed.
client	Browser compatibility and Rust-server WebSocket E2E	2026-10-06T20:17:08.9588986Z libjpeg-turbo8 is already the newest version (2.1.5-2ubuntu2).
client	Browser compatibility and Rust-server WebSocket E2E	2026-10-06T20:17:08.9592104Z libjpeg-turbo8 set to manually installed.
client	Browser compatibility and Rust-server WebSocket E2E	2026-10-06T20:17:08.9592764Z liblcms2-2 is already the newest version (2.14-2ubuntu0.1).
client	Browser compatibility and Rust-server WebSocket E2E	2026-10-06T20:17:09.1097891Z liblcms2-2 set to manually installed.
client	Browser compatibility and Rust-server WebSocket E2E	2026-10-06T20:17:09.1098825Z libpng16-16t64 is already the newest version (1.6.43-5ubuntu0.6).
client	Browser compatibility and Rust-server WebSocket E2E	2026-10-06T20:17:09.1099614Z libpng16-16t64 set to manually installed.
client	Browser compatibility and Rust-server WebSocket E2E	2026-10-06T20:17:09.1100514Z libwayland-client0 is already the newest version (1.22.0-2.1build1).
client	Browser compatibility and Rust-server WebSocket E2E	2026-10-06T20:17:09.1101732Z libwayland-client0 set to manually installed.
client	Browser compatibility and Rust-server WebSocket E2E	2026-10-06T20:17:09.1102569Z libwayland-egl1 is already the newest version (1.22.0-2.1build1).
client	Browser compatibility and Rust-server WebSocket E2E	2026-10-06T20:17:09.1103379Z libwayland-egl1 set to manually installed.
client	Browser compatibility and Rust-server WebSocket E2E	2026-10-06T20:17:09.1104190Z libwebp7 is already the newest version (1.3.2-0.4build3).
client	Browser compatibility and Rust-server WebSocket E2E	2026-10-06T20:17:09.1104891Z libwebp7 set to manually installed.
client	Browser compatibility and Rust-server WebSocket E2E	2026-10-06T20:17:09.1105631Z libwebpdemux2 is already the newest version (1.3.2-0.4build3).
client	Browser compatibility and Rust-server WebSocket E2E	2026-10-06T20:17:09.1106387Z libwebpdemux2 set to manually installed.
client	Browser compatibility and Rust-server WebSocket E2E	2026-10-06T20:17:09.1107305Z libxml2 is already the newest version (2.9.14+dfsg-1.3ubuntu3.9).
client	Browser compatibility and Rust-server WebSocket E2E	2026-10-06T20:17:09.1108069Z libxml2 set to manually installed.
client	Browser compatibility and Rust-server WebSocket E2E	2026-10-06T20:17:09.1108842Z libxslt1.1 is already the newest version (1.1.39-0exp1ubuntu0.24.04.3).
client	Browser compatibility and Rust-server WebSocket E2E	2026-10-06T20:17:09.1109603Z libxslt1.1 set to manually installed.
client	Browser compatibility and Rust-server WebSocket E2E	2026-10-06T20:17:09.1110298Z The following additional packages will be installed:
client	Browser compatibility and Rust-server WebSocket E2E	2026-10-06T20:17:09.1111401Z   glib-networking glib-networking-common glib-networking-services
client	Browser compatibility and Rust-server WebSocket E2E	2026-10-06T20:17:09.1113091Z   gsettings-desktop-schemas libaa1 libabsl20220623t64 libass9 libasyncns0
client	Browser compatibility and Rust-server WebSocket E2E	2026-10-06T20:17:09.1115127Z   libavc1394-0 libavfilter9 libavformat60 libavtp0 libavutil58 libblas3
client	Browser compatibility and Rust-server WebSocket E2E	2026-10-06T20:17:09.1116483Z   libbluray2 libbs2b0 libcaca0 libcairo-script-interpreter2 libcdparanoia0
client	Browser compatibility and Rust-server WebSocket E2E	2026-10-06T20:17:09.1117621Z   libchromaprint1 libcjson1 libcodec2-1.2 libdav1d7 libdc1394-25 libdca0
client	Browser compatibility and Rust-server WebSocket E2E	2026-10-06T20:17:09.1118681Z   libde265-0 libdecor-0-0 libdirectfb-1.7-7t64 libdv4t64 libdvdnav4
client	Browser compatibility and Rust-server WebSocket E2E	2026-10-06T20:17:09.1119291Z   libdvdread8t64 libegl-mesa0 libegl1 libevent-core-2.1-7t64
client	Browser compatibility and Rust-server WebSocket E2E	2026-10-06T20:17:09.1120005Z   libevent-pthreads-2.1-7t64 libfaad2 libflac12t64 libfluidsynth3 libfreeaptx0
client	Browser compatibility and Rust-server WebSocket E2E	2026-10-06T20:17:09.1120744Z   libgav1-1 libgl1-mesa-dri libglx-mesa0 libgme0 libgraphene-1.0-0 libgsm1
client	Browser compatibility and Rust-server WebSocket E2E	2026-10-06T20:17:09.1121904Z   libgssdp-1.6-0 libgstreamer-plugins-good1.0-0 libgtk-4-common libgupnp-1.6-0
client	Browser compatibility and Rust-server WebSocket E2E	2026-10-06T20:17:09.1122692Z   libgupnp-igd-1.6-0 libhwy1t64 libiec61883-0 libimath-3-1-29t64
client	Browser compatibility and Rust-server WebSocket E2E	2026-10-06T20:17:09.1123334Z   libinstpatch-1.0-2 libjack-jackd2-0 libjxl0.7 liblapack3 liblc3-1
client	Browser compatibility and Rust-server WebSocket E2E	2026-10-06T20:17:09.1124089Z   libldacbt-enc2 liblilv-0-0 liblrdf0 libltc11 libmbedcrypto7t64 libmfx1
client	Browser compatibility and Rust-server WebSocket E2E	2026-10-06T20:17:09.1124702Z   libmjpegutils-2.1-0t64 libmodplug1 libmp3lame0 libmpcdec6
client	Browser compatibility and Rust-server WebSocket E2E	2026-10-06T20:17:09.1125279Z   libmpeg2encpp-2.1-0t64 libmpg123-0t64 libmplex2-2.1-0t64 libmysofa1
client	Browser compatibility and Rust-server WebSocket E2E	2026-10-06T20:17:09.1126109Z   libneon27t64 libnice10 libopenal-data libopenal1 libopenexr-3-1-30
client	Browser compatibility and Rust-server WebSocket E2E	2026-10-06T20:17:09.1126789Z   libopenh264-7 libopenmpt0t64 libopenni2-0 liborc-0.4-0t64
client	Browser compatibility and Rust-server WebSocket E2E	2026-10-06T20:17:09.1127464Z   libpipewire-0.3-0t64 libplacebo338 libpocketsphinx3 libpostproc57
client	Browser compatibility and Rust-server WebSocket E2E	2026-10-06T20:17:09.1128130Z   libproxy1v5 libpulse0 libqrencode4 libraptor2-0 librav1e0 libraw1394-11
client	Browser compatibility and Rust-server WebSocket E2E	2026-10-06T20:17:09.1128814Z   librist4 librsvg2-2 librubberband2 libsamplerate0 libsbc1 libsdl2-2.0-0
client	Browser compatibility and Rust-server WebSocket E2E	2026-10-06T20:17:09.1129484Z   libsecret-common libserd-0-0 libshine3 libshout3 libsndfile1 libsndio7.0
client	Browser compatibility and Rust-server WebSocket E2E	2026-10-06T20:17:09.1130596Z   libsord-0-0 libsoundtouch1 libsoup-3.0-0 libsoup-3.0-common libsoxr0
client	Browser compatibility and Rust-server WebSocket E2E	2026-10-06T20:17:09.1131613Z   libspa-0.2-modules libspandsp2t64 libspeex1 libsphinxbase3t64 libsratom-0-0
client	Browser compatibility and Rust-server WebSocket E2E	2026-10-06T20:17:09.1132315Z   libsrt1.5-gnutls libsrtp2-1 libssh-gcrypt-4 libsvtav1enc1d1 libswresample4
client	Browser compatibility and Rust-server WebSocket E2E	2026-10-06T20:17:09.1133070Z   libswscale7 libtag1v5 libtag1v5-vanilla libtheora0 libtwolame0 libudfread0
client	Browser compatibility and Rust-server WebSocket E2E	2026-10-06T20:17:09.1133718Z   libunibreak5 libv4l-0t64 libv4lconvert0t64 libva-drm2 libva-x11-2 libva2
client	Browser compatibility and Rust-server WebSocket E2E	2026-10-06T20:17:09.1134448Z   libvdpau1 libvidstab1.1 libvisual-0.4-0 libvo-aacenc0 libvo-amrwbenc0
client	Browser compatibility and Rust-server WebSocket E2E	2026-10-06T20:17:09.1135120Z   libvorbisenc2 libvpl2 libwavpack1 libwebrtc-audio-processing1 libwildmidi2
client	Browser compatibility and Rust-server WebSocket E2E	2026-10-06T20:17:09.1135786Z   libx265-199 libxcb-xkb1 libxkbcommon-x11-0 libxvidcore4 libyuv0 libzbar0t64
client	Browser compatibility and Rust-server WebSocket E2E	2026-10-06T20:17:09.1136508Z   libzimg2 libzix-0-0 libzvbi-common libzvbi0t64 libzxing3 mesa-libgallium
client	Browser compatibility and Rust-server WebSocket E2E	2026-10-06T20:17:09.1137196Z   ocl-icd-libopencl1 session-migration timgm6mb-soundfont xfonts-encodings
client	Browser compatibility and Rust-server WebSocket E2E	2026-10-06T20:17:09.1137736Z   xfonts-utils
client	Browser compatibility and Rust-server WebSocket E2E	2026-10-06T20:17:09.1138123Z Suggested packages:
client	Browser compatibility and Rust-server WebSocket E2E	2026-10-06T20:17:09.1138605Z   frei0r-plugins gvfs libcuda1 libnvcuvid1 libnvidia-encode1 libbluray-bdj
client	Browser compatibility and Rust-server WebSocket E2E	2026-10-06T20:17:09.1139311Z   libdirectfb-extra libdv-bin oss-compat libdvdcss2 libvisual-0.4-plugins
client	Browser compatibility and Rust-server WebSocket E2E	2026-10-06T20:17:09.1140011Z   jackd2 liblrdf0-dev libportaudio2 opus-tools pipewire pulseaudio
client	Browser compatibility and Rust-server WebSocket E2E	2026-10-06T20:17:09.1140661Z   raptor2-utils libraw1394-doc librsvg2-bin serdi sndiod sordi speex
client	Browser compatibility and Rust-server WebSocket E2E	2026-10-06T20:17:09.1141434Z   libwildmidi-config opencl-icd fluid-soundfont-gm
client	Browser compatibility and Rust-server WebSocket E2E	2026-10-06T20:17:09.1142013Z Recommended packages:
client	Browser compatibility and Rust-server WebSocket E2E	2026-10-06T20:17:09.1142491Z   fonts-ipafont-mincho fonts-tlwg-loma gstreamer1.0-x libaacs0
client	Browser compatibility and Rust-server WebSocket E2E	2026-10-06T20:17:09.1143122Z   default-libdecor-0-plugin-1 | libdecor-0-plugin-1 gstreamer1.0-gl
client	Browser compatibility and Rust-server WebSocket E2E	2026-10-06T20:17:09.1143879Z   libgtk-4-bin librsvg2-common libgtk-4-media-gstreamer libpipewire-0.3-common
client	Browser compatibility and Rust-server WebSocket E2E	2026-10-06T20:17:09.1144562Z   pocketsphinx-en-us va-driver-all | va-driver vdpau-driver-all | vdpau-driver
client	Browser compatibility and Rust-server WebSocket E2E	2026-10-06T20:17:09.1145176Z   libmagickcore-6.q16-7-extra
client	Browser compatibility and Rust-server WebSocket E2E	2026-10-06T20:17:09.2082899Z The following NEW packages will be installed:
client	Browser compatibility and Rust-server WebSocket E2E	2026-10-06T20:17:09.2084564Z   fonts-freefont-ttf fonts-ipafont-gothic fonts-tlwg-loma-otf fonts-unifont
client	Browser compatibility and Rust-server WebSocket E2E	2026-10-06T20:17:09.2085993Z   fonts-wqy-zenhei glib-networking glib-networking-common
client	Browser compatibility and Rust-server WebSocket E2E	2026-10-06T20:17:09.2087191Z   glib-networking-services gsettings-desktop-schemas gstreamer1.0-libav
client	Browser compatibility and Rust-server WebSocket E2E	2026-10-06T20:17:09.2088758Z   gstreamer1.0-plugins-bad gstreamer1.0-plugins-base gstreamer1.0-plugins-good
client	Browser compatibility and Rust-server WebSocket E2E	2026-10-06T20:17:09.2090102Z   libaa1 libabsl20220623t64 libass9 libasyncns0 libavc1394-0 libavcodec60
client	Browser compatibility and Rust-server WebSocket E2E	2026-10-06T20:17:09.2091784Z   libavfilter9 libavformat60 libavif16 libavtp0 libavutil58 libblas3
client	Browser compatibility and Rust-server WebSocket E2E	2026-10-06T20:17:09.2093011Z   libbluray2 libbs2b0 libcaca0 libcairo-script-interpreter2 libcdparanoia0
client	Browser compatibility and Rust-server WebSocket E2E	2026-10-06T20:17:09.2094313Z   libchromaprint1 libcjson1 libcodec2-1.2 libdav1d7 libdc1394-25 libdca0
client	Browser compatibility and Rust-server WebSocket E2E	2026-10-06T20:17:09.2095514Z   libde265-0 libdecor-0-0 libdirectfb-1.7-7t64 libdv4t64 libdvdnav4
client	Browser compatibility and Rust-server WebSocket E2E	2026-10-06T20:17:09.2096706Z   libdvdread8t64 libegl-mesa0 libegl1 libevent-2.1-7t64 libfaad2 libflac12t64
client	Browser compatibility and Rust-server WebSocket E2E	2026-10-06T20:17:09.2097864Z   libflite1 libfluidsynth3 libfreeaptx0 libgav1-1 libgles2 libgme0
client	Browser compatibility and Rust-server WebSocket E2E	2026-10-06T20:17:09.2098871Z   libgraphene-1.0-0 libgsm1 libgssdp-1.6-0 libgstreamer-gl1.0-0
client	Browser compatibility and Rust-server WebSocket E2E	2026-10-06T20:17:09.2100142Z   libgstreamer-plugins-bad1.0-0 libgstreamer-plugins-base1.0-0
client	Browser compatibility and Rust-server WebSocket E2E	2026-10-06T20:17:09.2101585Z   libgstreamer-plugins-good1.0-0 libgtk-4-1 libgtk-4-common libgupnp-1.6-0
client	Browser compatibility and Rust-server WebSocket E2E	2026-10-06T20:17:09.2103024Z   libgupnp-igd-1.6-0 libharfbuzz-icu0 libhwy1t64 libhyphen0 libiec61883-0
client	Browser compatibility and Rust-server WebSocket E2E	2026-10-06T20:17:09.2104321Z   libimath-3-1-29t64 libinstpatch-1.0-2 libjack-jackd2-0 libjxl0.7 liblapack3
client	Browser compatibility and Rust-server WebSocket E2E	2026-10-06T20:17:09.2105572Z   liblc3-1 libldacbt-enc2 liblilv-0-0 liblrdf0 libltc11 libmanette-0.2-0
client	Browser compatibility and Rust-server WebSocket E2E	2026-10-06T20:17:09.2107050Z   libmbedcrypto7t64 libmfx1 libmjpegutils-2.1-0t64 libmodplug1 libmp3lame0
client	Browser compatibility and Rust-server WebSocket E2E	2026-10-06T20:17:09.2108434Z   libmpcdec6 libmpeg2encpp-2.1-0t64 libmpg123-0t64 libmplex2-2.1-0t64
client	Browser compatibility and Rust-server WebSocket E2E	2026-10-06T20:17:09.2110211Z   libmysofa1 libneon27t64 libnice10 libopenal-data libopenal1
client	Browser compatibility and Rust-server WebSocket E2E	2026-10-06T20:17:09.2111585Z   libopenexr-3-1-30 libopenh264-7 libopenmpt0t64 libopenni2-0 libopus0
client	Browser compatibility and Rust-server WebSocket E2E	2026-10-06T20:17:09.2112642Z   liborc-0.4-0t64 libpipewire-0.3-0t64 libplacebo338 libpocketsphinx3
client	Browser compatibility and Rust-server WebSocket E2E	2026-10-06T20:17:09.2114005Z   libpostproc57 libproxy1v5 libpulse0 libqrencode4 libraptor2-0 librav1e0
client	Browser compatibility and Rust-server WebSocket E2E	2026-10-06T20:17:09.2115243Z   libraw1394-11 librist4 librsvg2-2 librubberband2 libsamplerate0 libsbc1
client	Browser compatibility and Rust-server WebSocket E2E	2026-10-06T20:17:09.2116630Z   libsdl2-2.0-0 libsecret-1-0 libsecret-common libserd-0-0 libshine3 libshout3
client	Browser compatibility and Rust-server WebSocket E2E	2026-10-06T20:17:09.2117961Z   libsndfile1 libsndio7.0 libsord-0-0 libsoundtouch1 libsoup-3.0-0
client	Browser compatibility and Rust-server WebSocket E2E	2026-10-06T20:17:09.2119365Z   libsoup-3.0-common libsoxr0 libspa-0.2-modules libspandsp2t64 libspeex1
client	Browser compatibility and Rust-server WebSocket E2E	2026-10-06T20:17:09.2120657Z   libsphinxbase3t64 libsratom-0-0 libsrt1.5-gnutls libsrtp2-1 libssh-gcrypt-4
client	Browser compatibility and Rust-server WebSocket E2E	2026-10-06T20:17:09.2122095Z   libsvtav1enc1d1 libswresample4 libswscale7 libtag1v5 libtag1v5-vanilla
client	Browser compatibility and Rust-server WebSocket E2E	2026-10-06T20:17:09.2123279Z   libtheora0 libtwolame0 libudfread0 libunibreak5 libv4l-0t64
client	Browser compatibility and Rust-server WebSocket E2E	2026-10-06T20:17:09.2124394Z   libv4lconvert0t64 libva-drm2 libva-x11-2 libva2 libvdpau1 libvidstab1.1
client	Browser compatibility and Rust-server WebSocket E2E	2026-10-06T20:17:09.2125769Z   libvisual-0.4-0 libvo-aacenc0 libvo-amrwbenc0 libvorbisenc2 libvpl2 libvpx9
client	Browser compatibility and Rust-server WebSocket E2E	2026-10-06T20:17:09.2126927Z   libwavpack1 libwayland-server0 libwebrtc-audio-processing1 libwildmidi2
client	Browser compatibility and Rust-server WebSocket E2E	2026-10-06T20:17:09.2128002Z   libwoff1 libx264-164 libx265-199 libxcb-xkb1 libxkbcommon-x11-0 libxvidcore4
client	Browser compatibility and Rust-server WebSocket E2E	2026-10-06T20:17:09.2129232Z   libyuv0 libzbar0t64 libzimg2 libzix-0-0 libzvbi-common libzvbi0t64 libzxing3
client	Browser compatibility and Rust-server WebSocket E2E	2026-10-06T20:17:09.2130325Z   ocl-icd-libopencl1 session-migration timgm6mb-soundfont xfonts-cyrillic
client	Browser compatibility and Rust-server WebSocket E2E	2026-10-06T20:17:09.2131525Z   xfonts-encodings xfonts-scalable xfonts-utils
client	Browser compatibility and Rust-server WebSocket E2E	2026-10-06T20:17:09.2132359Z The following packages will be upgraded:
client	Browser compatibility and Rust-server WebSocket E2E	2026-10-06T20:17:09.2133268Z   libevent-core-2.1-7t64 libevent-pthreads-2.1-7t64 libfreetype6 libgbm1
client	Browser compatibility and Rust-server WebSocket E2E	2026-10-06T20:17:09.2134219Z   libgl1-mesa-dri libglx-mesa0 mesa-libgallium
client	Browser compatibility and Rust-server WebSocket E2E	2026-10-06T20:17:09.2358075Z 7 upgraded, 181 newly installed, 0 to remove and 22 not upgraded.
client	Browser compatibility and Rust-server WebSocket E2E	2026-10-06T20:17:09.2359617Z Need to get 126 MB of archives.
client	Browser compatibility and Rust-server WebSocket E2E	2026-10-06T20:17:09.2360735Z After this operation, 364 MB of additional disk space will be used.
client	Browser compatibility and Rust-server WebSocket E2E	2026-10-06T20:17:09.2362196Z Get:1 file:/etc/apt/apt-mirrors.txt Mirrorlist [144 B]
client	Browser compatibility and Rust-server WebSocket E2E	2026-10-06T20:17:09.3363742Z Get:2 http://azure.archive.ubuntu.com/ubuntu noble/universe amd64 fonts-ipafont-gothic all 00303-21ubuntu1 [3513 kB]
client	Browser compatibility and Rust-server WebSocket E2E	2026-10-06T20:17:09.5598849Z Get:3 http://azure.archive.ubuntu.com/ubuntu noble/main amd64 fonts-freefont-ttf all 20211204+svn4273-2 [5641 kB]
client	Browser compatibility and Rust-server WebSocket E2E	2026-10-06T20:17:10.2866652Z Get:4 http://azure.archive.ubuntu.com/ubuntu noble/universe amd64 fonts-tlwg-loma-otf all 1:0.7.3-1 [107 kB]
client	Browser compatibility and Rust-server WebSocket E2E	2026-10-06T20:17:10.3604456Z Get:5 http://azure.archive.ubuntu.com/ubuntu noble/universe amd64 fonts-unifont all 1:15.1.01-1build1 [2993 kB]
client	Browser compatibility and Rust-server WebSocket E2E	2026-10-06T20:17:10.4598431Z Get:6 http://azure.archive.ubuntu.com/ubuntu noble/universe amd64 fonts-wqy-zenhei all 0.9.45-8 [7472 kB]
client	Browser compatibility and Rust-server WebSocket E2E	2026-10-06T20:17:10.7613005Z Get:7 http://azure.archive.ubuntu.com/ubuntu noble/main amd64 libproxy1v5 amd64 0.5.4-4build1 [26.5 kB]
client	Browser compatibility and Rust-server WebSocket E2E	2026-10-06T20:17:10.9286636Z Get:8 http://azure.archive.ubuntu.com/ubuntu noble/main amd64 glib-networking-common all 2.80.0-1build1 [6702 B]
client	Browser compatibility and Rust-server WebSocket E2E	2026-10-06T20:17:11.0086347Z Get:9 http://azure.archive.ubuntu.com/ubuntu noble/main amd64 glib-networking-services amd64 2.80.0-1build1 [12.8 kB]
client	Browser compatibility and Rust-server WebSocket E2E	2026-10-06T20:17:11.0974343Z Get:10 http://azure.archive.ubuntu.com/ubuntu noble/main amd64 session-migration amd64 0.3.9build1 [9034 B]
client	Browser compatibility and Rust-server WebSocket E2E	2026-10-06T20:17:11.1813090Z Get:11 http://azure.archive.ubuntu.com/ubuntu noble-updates/main amd64 gsettings-desktop-schemas all 46.1-0ubuntu1 [35.6 kB]
client	Browser compatibility and Rust-server WebSocket E2E	2026-10-06T20:17:11.3065338Z Get:12 http://azure.archive.ubuntu.com/ubuntu noble/main amd64 glib-networking amd64 2.80.0-1build1 [64.1 kB]
client	Browser compatibility and Rust-server WebSocket E2E	2026-10-06T20:17:11.4524390Z Get:13 http://azure.archive.ubuntu.com/ubuntu noble-updates/universe amd64 libva2 amd64 2.20.0-2ubuntu0.2 [66.4 kB]
client	Browser compatibility and Rust-server WebSocket E2E	2026-10-06T20:17:11.5747730Z Get:14 http://azure.archive.ubuntu.com/ubuntu noble-updates/universe amd64 libva-drm2 amd64 2.20.0-2ubuntu0.2 [7124 B]
client	Browser compatibility and Rust-server WebSocket E2E	2026-10-06T20:17:11.6476431Z Get:15 http://azure.archive.ubuntu.com/ubuntu noble-updates/universe amd64 libva-x11-2 amd64 2.20.0-2ubuntu0.2 [12.0 kB]
client	Browser compatibility and Rust-server WebSocket E2E	2026-10-06T20:17:11.7206432Z Get:16 http://azure.archive.ubuntu.com/ubuntu noble/main amd64 libvdpau1 amd64 1.5-2build1 [27.8 kB]
client	Browser compatibility and Rust-server WebSocket E2E	2026-10-06T20:17:11.7937672Z Get:17 http://azure.archive.ubuntu.com/ubuntu noble/universe amd64 libvpl2 amd64 2023.3.0-1build1 [99.8 kB]
client	Browser compatibility and Rust-server WebSocket E2E	2026-10-06T20:17:11.9380287Z Get:18 http://azure.archive.ubuntu.com/ubuntu noble/universe amd64 ocl-icd-libopencl1 amd64 2.3.2-1build1 [38.5 kB]
client	Browser compatibility and Rust-server WebSocket E2E	2026-10-06T20:17:12.1174019Z Get:19 http://azure.archive.ubuntu.com/ubuntu noble/universe amd64 libavutil58 amd64 7:6.1.1-3ubuntu5 [401 kB]
client	Browser compatibility and Rust-server WebSocket E2E	2026-10-06T20:17:12.4607873Z Get:20 http://azure.archive.ubuntu.com/ubuntu noble/universe amd64 libcodec2-1.2 amd64 1.2.0-2build1 [8998 kB]
client	Browser compatibility and Rust-server WebSocket E2E	2026-10-06T20:17:12.9085424Z Get:21 http://azure.archive.ubuntu.com/ubuntu noble/universe amd64 libdav1d7 amd64 1.4.1-1build1 [604 kB]
client	Browser compatibility and Rust-server WebSocket E2E	2026-10-06T20:17:12.9842868Z Get:22 http://azure.archive.ubuntu.com/ubuntu noble/universe amd64 libgsm1 amd64 1.0.22-1build1 [27.8 kB]
client	Browser compatibility and Rust-server WebSocket E2E	2026-10-06T20:17:13.0566987Z Get:23 http://azure.archive.ubuntu.com/ubuntu noble/universe amd64 libhwy1t64 amd64 1.0.7-8.1build1 [584 kB]
client	Browser compatibility and Rust-server WebSocket E2E	2026-10-06T20:17:13.1326492Z Get:24 http://azure.archive.ubuntu.com/ubuntu noble-updates/universe amd64 libjxl0.7 amd64 0.7.0-10.2ubuntu6.1 [1001 kB]
client	Browser compatibility and Rust-server WebSocket E2E	2026-10-06T20:17:13.2124518Z Get:25 http://azure.archive.ubuntu.com/ubuntu noble/main amd64 libmp3lame0 amd64 3.100-6build1 [142 kB]
client	Browser compatibility and Rust-server WebSocket E2E	2026-10-06T20:17:13.2850885Z Get:26 http://azure.archive.ubuntu.com/ubuntu noble/main amd64 libopus0 amd64 1.4-1build1 [208 kB]
client	Browser compatibility and Rust-server WebSocket E2E	2026-10-06T20:17:13.3583431Z Get:27 http://azure.archive.ubuntu.com/ubuntu noble/universe amd64 librav1e0 amd64 0.7.1-2 [1022 kB]
client	Browser compatibility and Rust-server WebSocket E2E	2026-10-06T20:17:13.4375896Z Get:28 http://azure.archive.ubuntu.com/ubuntu noble/main amd64 librsvg2-2 amd64 2.58.0+dfsg-1build1 [2135 kB]
client	Browser compatibility and Rust-server WebSocket E2E	2026-10-06T20:17:13.5256639Z Get:29 http://azure.archive.ubuntu.com/ubuntu noble/universe amd64 libshine3 amd64 3.1.1-2build1 [23.2 kB]
client	Browser compatibility and Rust-server WebSocket E2E	2026-10-06T20:17:13.5978904Z Get:30 http://azure.archive.ubuntu.com/ubuntu noble-updates/main amd64 libspeex1 amd64 1.2.1-2ubuntu2.24.04.1 [59.6 kB]
client	Browser compatibility and Rust-server WebSocket E2E	2026-10-06T20:17:13.6702650Z Get:31 http://azure.archive.ubuntu.com/ubuntu noble/universe amd64 libsvtav1enc1d1 amd64 1.7.0+dfsg-2build1 [2425 kB]
client	Browser compatibility and Rust-server WebSocket E2E	2026-10-06T20:17:13.7608083Z Get:32 http://azure.archive.ubuntu.com/ubuntu noble/universe amd64 libsoxr0 amd64 0.1.3-4build3 [80.0 kB]
client	Browser compatibility and Rust-server WebSocket E2E	2026-10-06T20:17:13.8321022Z Get:33 http://azure.archive.ubuntu.com/ubuntu noble/universe amd64 libswresample4 amd64 7:6.1.1-3ubuntu5 [63.8 kB]
client	Browser compatibility and Rust-server WebSocket E2E	2026-10-06T20:17:13.9033556Z Get:34 http://azure.archive.ubuntu.com/ubuntu noble/main amd64 libtheora0 amd64 1.1.1+dfsg.1-16.1build3 [211 kB]
client	Browser compatibility and Rust-server WebSocket E2E	2026-10-06T20:17:13.9774252Z Get:35 http://azure.archive.ubuntu.com/ubuntu noble/main amd64 libtwolame0 amd64 0.4.0-2build3 [52.3 kB]
client	Browser compatibility and Rust-server WebSocket E2E	2026-10-06T20:17:14.0516677Z Get:36 http://azure.archive.ubuntu.com/ubuntu noble/main amd64 libvorbisenc2 amd64 1.3.7-1build3 [80.8 kB]
client	Browser compatibility and Rust-server WebSocket E2E	2026-10-06T20:17:14.1280956Z Get:37 http://azure.archive.ubuntu.com/ubuntu noble-updates/main amd64 libvpx9 amd64 1.14.0-1ubuntu2.3 [1143 kB]
client	Browser compatibility and Rust-server WebSocket E2E	2026-10-06T20:17:14.2788692Z Get:38 http://azure.archive.ubuntu.com/ubuntu noble/universe amd64 libx264-164 amd64 2:0.164.3108+git31e19f9-1 [604 kB]
client	Browser compatibility and Rust-server WebSocket E2E	2026-10-06T20:17:14.3698911Z Get:39 http://azure.archive.ubuntu.com/ubuntu noble/universe amd64 libx265-199 amd64 3.5-2build1 [1226 kB]
client	Browser compatibility and Rust-server WebSocket E2E	2026-10-06T20:17:14.4708669Z Get:40 http://azure.archive.ubuntu.com/ubuntu noble/universe amd64 libxvidcore4 amd64 2:1.3.7-1build1 [219 kB]
client	Browser compatibility and Rust-server WebSocket E2E	2026-10-06T20:17:14.5470904Z Get:41 http://azure.archive.ubuntu.com/ubuntu noble/universe amd64 libzvbi-common all 0.2.42-2 [42.4 kB]
client	Browser compatibility and Rust-server WebSocket E2E	2026-10-06T20:17:14.6195002Z Get:42 http://azure.archive.ubuntu.com/ubuntu noble/universe amd64 libzvbi0t64 amd64 0.2.42-2 [261 kB]
client	Browser compatibility and Rust-server WebSocket E2E	2026-10-06T20:17:14.6996889Z Get:43 http://azure.archive.ubuntu.com/ubuntu noble/universe amd64 libavcodec60 amd64 7:6.1.1-3ubuntu5 [5851 kB]
client	Browser compatibility and Rust-server WebSocket E2E	2026-10-06T20:17:14.9119863Z Get:44 http://azure.archive.ubuntu.com/ubuntu noble-updates/main amd64 libfreetype6 amd64 2.13.2+dfsg-1ubuntu0.2 [403 kB]
client	Browser compatibility and Rust-server WebSocket E2E	2026-10-06T20:17:14.9865325Z Get:45 http://azure.archive.ubuntu.com/ubuntu noble/universe amd64 libunibreak5 amd64 5.1-2build1 [25.0 kB]
client	Browser compatibility and Rust-server WebSocket E2E	2026-10-06T20:17:15.1933131Z Get:46 http://azure.archive.ubuntu.com/ubuntu noble/universe amd64 libass9 amd64 1:0.17.1-2build1 [104 kB]
client	Browser compatibility and Rust-server WebSocket E2E	2026-10-06T20:17:15.2658225Z Get:47 http://azure.archive.ubuntu.com/ubuntu noble/universe amd64 libudfread0 amd64 1.1.2-1build1 [19.0 kB]
client	Browser compatibility and Rust-server WebSocket E2E	2026-10-06T20:17:15.3378689Z Get:48 http://azure.archive.ubuntu.com/ubuntu noble/universe amd64 libbluray2 amd64 1:1.3.4-1build1 [159 kB]
client	Browser compatibility and Rust-server WebSocket E2E	2026-10-06T20:17:15.4107161Z Get:49 http://azure.archive.ubuntu.com/ubuntu noble/universe amd64 libchromaprint1 amd64 1.5.1-5 [30.5 kB]
client	Browser compatibility and Rust-server WebSocket E2E	2026-10-06T20:17:15.4828172Z Get:50 http://azure.archive.ubuntu.com/ubuntu noble/universe amd64 libgme0 amd64 0.6.3-7build1 [134 kB]
client	Browser compatibility and Rust-server WebSocket E2E	2026-10-06T20:17:15.5568589Z Get:51 http://azure.archive.ubuntu.com/ubuntu noble-updates/main amd64 libmpg123-0t64 amd64 1.32.5-1ubuntu1.1 [169 kB]
client	Browser compatibility and Rust-server WebSocket E2E	2026-10-06T20:17:15.6307463Z Get:52 http://azure.archive.ubuntu.com/ubuntu noble/universe amd64 libopenmpt0t64 amd64 0.7.3-1.1build3 [647 kB]
client	Browser compatibility and Rust-server WebSocket E2E	2026-10-06T20:17:15.7076168Z Get:53 http://azure.archive.ubuntu.com/ubuntu noble/universe amd64 libcjson1 amd64 1.7.17-1 [24.8 kB]
client	Browser compatibility and Rust-server WebSocket E2E	2026-10-06T20:17:15.7803333Z Get:54 http://azure.archive.ubuntu.com/ubuntu noble/universe amd64 libmbedcrypto7t64 amd64 2.28.8-1 [209 kB]
client	Browser compatibility and Rust-server WebSocket E2E	2026-10-06T20:17:15.8544508Z Get:55 http://azure.archive.ubuntu.com/ubuntu noble/universe amd64 librist4 amd64 0.2.10+dfsg-2 [74.9 kB]
client	Browser compatibility and Rust-server WebSocket E2E	2026-10-06T20:17:15.9269115Z Get:56 http://azure.archive.ubuntu.com/ubuntu noble/universe amd64 libsrt1.5-gnutls amd64 1.5.3-1build2 [316 kB]
client	Browser compatibility and Rust-server WebSocket E2E	2026-10-06T20:17:16.0008166Z Get:57 http://azure.archive.ubuntu.com/ubuntu noble-updates/main amd64 libssh-gcrypt-4 amd64 0.10.6-2ubuntu0.5 [226 kB]
client	Browser compatibility and Rust-server WebSocket E2E	2026-10-06T20:17:16.0750468Z Get:58 http://azure.archive.ubuntu.com/ubuntu noble/universe amd64 libavformat60 amd64 7:6.1.1-3ubuntu5 [1153 kB]
client	Browser compatibility and Rust-server WebSocket E2E	2026-10-06T20:17:16.1557579Z Get:59 http://azure.archive.ubuntu.com/ubuntu noble/universe amd64 libbs2b0 amd64 3.1.0+dfsg-7build1 [10.6 kB]
client	Browser compatibility and Rust-server WebSocket E2E	2026-10-06T20:17:16.2279966Z Get:60 http://azure.archive.ubuntu.com/ubuntu noble/universe amd64 libflite1 amd64 2.2-6build3 [13.6 MB]
client	Browser compatibility and Rust-server WebSocket E2E	2026-10-06T20:17:16.5940602Z Get:61 http://azure.archive.ubuntu.com/ubuntu noble/universe amd64 libserd-0-0 amd64 0.32.2-1 [43.6 kB]
client	Browser compatibility and Rust-server WebSocket E2E	2026-10-06T20:17:16.6666980Z Get:62 http://azure.archive.ubuntu.com/ubuntu noble/universe amd64 libzix-0-0 amd64 0.4.2-2build1 [23.6 kB]
client	Browser compatibility and Rust-server WebSocket E2E	2026-10-06T20:17:16.7390498Z Get:63 http://azure.archive.ubuntu.com/ubuntu noble/universe amd64 libsord-0-0 amd64 0.16.16-2build1 [15.8 kB]
client	Browser compatibility and Rust-server WebSocket E2E	2026-10-06T20:17:16.8117736Z Get:64 http://azure.archive.ubuntu.com/ubuntu noble/universe amd64 libsratom-0-0 amd64 0.6.16-1build1 [17.3 kB]
client	Browser compatibility and Rust-server WebSocket E2E	2026-10-06T20:17:16.8839430Z Get:65 http://azure.archive.ubuntu.com/ubuntu noble/universe amd64 liblilv-0-0 amd64 0.24.22-1build1 [41.0 kB]
client	Browser compatibility and Rust-server WebSocket E2E	2026-10-06T20:17:16.9577065Z Get:66 http://azure.archive.ubuntu.com/ubuntu noble/universe amd64 libmysofa1 amd64 1.3.2+dfsg-2ubuntu2 [1158 kB]
client	Browser compatibility and Rust-server WebSocket E2E	2026-10-06T20:17:17.0535078Z Get:67 http://azure.archive.ubuntu.com/ubuntu noble/universe amd64 libplacebo338 amd64 6.338.2-2build1 [2654 kB]
client	Browser compatibility and Rust-server WebSocket E2E	2026-10-06T20:17:17.1849954Z Get:68 http://azure.archive.ubuntu.com/ubuntu noble-updates/main amd64 libblas3 amd64 3.12.0-3build1.1 [238 kB]
client	Browser compatibility and Rust-server WebSocket E2E	2026-10-06T20:17:17.2607305Z Get:69 http://azure.archive.ubuntu.com/ubuntu noble-updates/main amd64 liblapack3 amd64 3.12.0-3build1.1 [2646 kB]
client	Browser compatibility and Rust-server WebSocket E2E	2026-10-06T20:17:17.3922663Z Get:70 http://azure.archive.ubuntu.com/ubuntu noble/main amd64 libasyncns0 amd64 0.8-6build4 [11.3 kB]
client	Browser compatibility and Rust-server WebSocket E2E	2026-10-06T20:17:17.5370681Z Get:71 http://azure.archive.ubuntu.com/ubuntu noble/main amd64 libflac12t64 amd64 1.4.3+ds-2.1ubuntu2 [197 kB]
client	Browser compatibility and Rust-server WebSocket E2E	2026-10-06T20:17:17.9127961Z Get:72 http://azure.archive.ubuntu.com/ubuntu noble-updates/main amd64 libsndfile1 amd64 1.2.2-1ubuntu5.24.04.1 [209 kB]
client	Browser compatibility and Rust-server WebSocket E2E	2026-10-06T20:17:18.0417441Z Get:73 http://azure.archive.ubuntu.com/ubuntu noble-updates/main amd64 libpulse0 amd64 1:16.1+dfsg1-2ubuntu10.1 [292 kB]
client	Browser compatibility and Rust-server WebSocket E2E	2026-10-06T20:17:18.1847997Z Get:74 http://azure.archive.ubuntu.com/ubuntu noble/universe amd64 libsphinxbase3t64 amd64 0.8+5prealpha+1-17build2 [126 kB]
client	Browser compatibility and Rust-server WebSocket E2E	2026-10-06T20:17:18.2838784Z Get:75 http://azure.archive.ubuntu.com/ubuntu noble/universe amd64 libpocketsphinx3 amd64 0.8.0+real5prealpha+1-15ubuntu5 [133 kB]
client	Browser compatibility and Rust-server WebSocket E2E	2026-10-06T20:17:18.3712868Z Get:76 http://azure.archive.ubuntu.com/ubuntu noble/universe amd64 libpostproc57 amd64 7:6.1.1-3ubuntu5 [49.9 kB]
client	Browser compatibility and Rust-server WebSocket E2E	2026-10-06T20:17:18.4499353Z Get:77 http://azure.archive.ubuntu.com/ubuntu noble/main amd64 libsamplerate0 amd64 0.2.2-4build1 [1344 kB]
client	Browser compatibility and Rust-server WebSocket E2E	2026-10-06T20:17:18.5517134Z Get:78 http://azure.archive.ubuntu.com/ubuntu noble/universe amd64 librubberband2 amd64 3.3.0+dfsg-2build1 [130 kB]
client	Browser compatibility and Rust-server WebSocket E2E	2026-10-06T20:17:18.6254486Z Get:79 http://azure.archive.ubuntu.com/ubuntu noble/universe amd64 libswscale7 amd64 7:6.1.1-3ubuntu5 [193 kB]
client	Browser compatibility and Rust-server WebSocket E2E	2026-10-06T20:17:18.7007878Z Get:80 http://azure.archive.ubuntu.com/ubuntu noble/universe amd64 libvidstab1.1 amd64 1.1.0-2build1 [38.5 kB]
client	Browser compatibility and Rust-server WebSocket E2E	2026-10-06T20:17:18.7731076Z Get:81 http://azure.archive.ubuntu.com/ubuntu noble/universe amd64 libzimg2 amd64 3.0.5+ds1-1build1 [254 kB]
client	Browser compatibility and Rust-server WebSocket E2E	2026-10-06T20:17:18.8499444Z Get:82 http://azure.archive.ubuntu.com/ubuntu noble/universe amd64 libavfilter9 amd64 7:6.1.1-3ubuntu5 [4235 kB]
client	Browser compatibility and Rust-server WebSocket E2E	2026-10-06T20:17:19.0188381Z Get:83 http://azure.archive.ubuntu.com/ubuntu noble-updates/main amd64 liborc-0.4-0t64 amd64 1:0.4.38-1ubuntu0.1 [207 kB]
client	Browser compatibility and Rust-server WebSocket E2E	2026-10-06T20:17:19.0951747Z Get:84 http://azure.archive.ubuntu.com/ubuntu noble-updates/main amd64 libgstreamer-plugins-base1.0-0 amd64 1.24.2-1ubuntu0.5 [862 kB]
client	Browser compatibility and Rust-server WebSocket E2E	2026-10-06T20:17:19.1857848Z Get:85 http://azure.archive.ubuntu.com/ubuntu noble/universe amd64 gstreamer1.0-libav amd64 1.24.1-1build1 [103 kB]
client	Browser compatibility and Rust-server WebSocket E2E	2026-10-06T20:17:19.2588655Z Get:86 http://azure.archive.ubuntu.com/ubuntu noble/main amd64 libcdparanoia0 amd64 3.10.2+debian-14build3 [48.5 kB]
client	Browser compatibility and Rust-server WebSocket E2E	2026-10-06T20:17:19.3318368Z Get:87 http://azure.archive.ubuntu.com/ubuntu noble/main amd64 libvisual-0.4-0 amd64 0.4.2-2build1 [115 kB]
client	Browser compatibility and Rust-server WebSocket E2E	2026-10-06T20:17:19.4054455Z Get:88 http://azure.archive.ubuntu.com/ubuntu noble-updates/main amd64 gstreamer1.0-plugins-base amd64 1.24.2-1ubuntu0.5 [721 kB]
client	Browser compatibility and Rust-server WebSocket E2E	2026-10-06T20:17:19.4956990Z Get:89 http://azure.archive.ubuntu.com/ubuntu noble/main amd64 libaa1 amd64 1.4p5-51.1 [49.9 kB]
client	Browser compatibility and Rust-server WebSocket E2E	2026-10-06T20:17:19.5683617Z Get:90 http://azure.archive.ubuntu.com/ubuntu noble/main amd64 libraw1394-11 amd64 2.1.2-2build3 [26.2 kB]
client	Browser compatibility and Rust-server WebSocket E2E	2026-10-06T20:17:19.6406151Z Get:91 http://azure.archive.ubuntu.com/ubuntu noble/main amd64 libavc1394-0 amd64 0.5.4-5build3 [15.4 kB]
client	Browser compatibility and Rust-server WebSocket E2E	2026-10-06T20:17:19.7128672Z Get:92 http://azure.archive.ubuntu.com/ubuntu noble-updates/main amd64 libcaca0 amd64 0.99.beta20-4ubuntu0.2 [209 kB]
client	Browser compatibility and Rust-server WebSocket E2E	2026-10-06T20:17:19.7884723Z Get:93 http://azure.archive.ubuntu.com/ubuntu noble/main amd64 libdv4t64 amd64 1.0.0-17.1build1 [63.2 kB]
client	Browser compatibility and Rust-server WebSocket E2E	2026-10-06T20:17:19.8615871Z Get:94 http://azure.archive.ubuntu.com/ubuntu noble-updates/main amd64 libgstreamer-plugins-good1.0-0 amd64 1.24.2-1ubuntu1.8 [34.3 kB]
client	Browser compatibility and Rust-server WebSocket E2E	2026-10-06T20:17:19.9350978Z Get:95 http://azure.archive.ubuntu.com/ubuntu noble/main amd64 libiec61883-0 amd64 1.2.0-6build1 [24.5 kB]
client	Browser compatibility and Rust-server WebSocket E2E	2026-10-06T20:17:20.0101481Z Get:96 http://azure.archive.ubuntu.com/ubuntu noble/main amd64 libshout3 amd64 2.4.6-1build2 [50.3 kB]
client	Browser compatibility and Rust-server WebSocket E2E	2026-10-06T20:17:20.0824827Z Get:97 http://azure.archive.ubuntu.com/ubuntu noble/main amd64 libtag1v5-vanilla amd64 1.13.1-1build1 [326 kB]
client	Browser compatibility and Rust-server WebSocket E2E	2026-10-06T20:17:20.1609518Z Get:98 http://azure.archive.ubuntu.com/ubuntu noble/main amd64 libtag1v5 amd64 1.13.1-1build1 [11.7 kB]
client	Browser compatibility and Rust-server WebSocket E2E	2026-10-06T20:17:20.2340639Z Get:99 http://azure.archive.ubuntu.com/ubuntu noble/main amd64 libv4lconvert0t64 amd64 1.26.1-4build3 [87.6 kB]
client	Browser compatibility and Rust-server WebSocket E2E	2026-10-06T20:17:20.3067794Z Get:100 http://azure.archive.ubuntu.com/ubuntu noble/main amd64 libv4l-0t64 amd64 1.26.1-4build3 [46.9 kB]
client	Browser compatibility and Rust-server WebSocket E2E	2026-10-06T20:17:20.3807856Z Get:101 http://azure.archive.ubuntu.com/ubuntu noble/main amd64 libwavpack1 amd64 5.6.0-1build1 [84.6 kB]
client	Browser compatibility and Rust-server WebSocket E2E	2026-10-06T20:17:20.4533990Z Get:102 http://azure.archive.ubuntu.com/ubuntu noble-updates/main amd64 libsoup-3.0-common all 3.4.4-5ubuntu0.8 [11.7 kB]
client	Browser compatibility and Rust-server WebSocket E2E	2026-10-06T20:17:20.6024974Z Get:103 http://azure.archive.ubuntu.com/ubuntu noble-updates/main amd64 libsoup-3.0-0 amd64 3.4.4-5ubuntu0.8 [290 kB]
client	Browser compatibility and Rust-server WebSocket E2E	2026-10-06T20:17:21.0628580Z Get:104 http://azure.archive.ubuntu.com/ubuntu noble-updates/main amd64 gstreamer1.0-plugins-good amd64 1.24.2-1ubuntu1.8 [2236 kB]
client	Browser compatibility and Rust-server WebSocket E2E	2026-10-06T20:17:21.4536413Z Get:105 http://azure.archive.ubuntu.com/ubuntu noble-updates/main amd64 libabsl20220623t64 amd64 20220623.1-3.1ubuntu3.2 [423 kB]
client	Browser compatibility and Rust-server WebSocket E2E	2026-10-06T20:17:21.5351927Z Get:106 http://azure.archive.ubuntu.com/ubuntu noble/universe amd64 libgav1-1 amd64 0.18.0-1build3 [357 kB]
client	Browser compatibility and Rust-server WebSocket E2E	2026-10-06T20:17:21.6147969Z Get:107 http://azure.archive.ubuntu.com/ubuntu noble/universe amd64 libyuv0 amd64 0.0~git202401110.af6ac82-1 [178 kB]
client	Browser compatibility and Rust-server WebSocket E2E	2026-10-06T20:17:21.6932515Z Get:108 http://azure.archive.ubuntu.com/ubuntu noble/universe amd64 libavif16 amd64 1.0.4-1ubuntu3 [91.2 kB]
client	Browser compatibility and Rust-server WebSocket E2E	2026-10-06T20:17:21.7663377Z Get:109 http://azure.archive.ubuntu.com/ubuntu noble/universe amd64 libavtp0 amd64 0.2.0-1build1 [6414 B]
client	Browser compatibility and Rust-server WebSocket E2E	2026-10-06T20:17:21.8387996Z Get:110 http://azure.archive.ubuntu.com/ubuntu noble/main amd64 libcairo-script-interpreter2 amd64 1.18.0-3build1 [60.3 kB]
client	Browser compatibility and Rust-server WebSocket E2E	2026-10-06T20:17:21.9118541Z Get:111 http://azure.archive.ubuntu.com/ubuntu noble/universe amd64 libdc1394-25 amd64 2.2.6-4build1 [90.1 kB]
client	Browser compatibility and Rust-server WebSocket E2E	2026-10-06T20:17:21.9883140Z Get:112 http://azure.archive.ubuntu.com/ubuntu noble-updates/main amd64 libde265-0 amd64 1.0.15-1ubuntu0.1 [167 kB]
client	Browser compatibility and Rust-server WebSocket E2E	2026-10-06T20:17:22.0657715Z Get:113 http://azure.archive.ubuntu.com/ubuntu noble/main amd64 libdecor-0-0 amd64 0.2.2-1build2 [16.5 kB]
client	Browser compatibility and Rust-server WebSocket E2E	2026-10-06T20:17:22.1413775Z Get:114 http://azure.archive.ubuntu.com/ubuntu noble/main amd64 libgles2 amd64 1.7.0-1build1 [17.1 kB]
client	Browser compatibility and Rust-server WebSocket E2E	2026-10-06T20:17:22.2172918Z Get:115 http://azure.archive.ubuntu.com/ubuntu noble/universe amd64 libdirectfb-1.7-7t64 amd64 1.7.7-11.1ubuntu2 [1035 kB]
client	Browser compatibility and Rust-server WebSocket E2E	2026-10-06T20:17:22.3024885Z Get:116 http://azure.archive.ubuntu.com/ubuntu noble/universe amd64 libdvdread8t64 amd64 6.1.3-1.1build1 [54.7 kB]
client	Browser compatibility and Rust-server WebSocket E2E	2026-10-06T20:17:22.3740126Z Get:117 http://azure.archive.ubuntu.com/ubuntu noble/universe amd64 libdvdnav4 amd64 6.1.1-3build1 [39.5 kB]
client	Browser compatibility and Rust-server WebSocket E2E	2026-10-06T20:17:22.4457914Z Get:118 http://azure.archive.ubuntu.com/ubuntu noble-updates/main amd64 libgl1-mesa-dri amd64 25.2.8-0ubuntu0.24.04.4 [38.0 kB]
client	Browser compatibility and Rust-server WebSocket E2E	2026-10-06T20:17:22.5179078Z Get:119 http://azure.archive.ubuntu.com/ubuntu noble-updates/main amd64 libglx-mesa0 amd64 25.2.8-0ubuntu0.24.04.4 [110 kB]
client	Browser compatibility and Rust-server WebSocket E2E	2026-10-06T20:17:22.5903570Z Get:120 http://azure.archive.ubuntu.com/ubuntu noble-updates/main amd64 libgbm1 amd64 25.2.8-0ubuntu0.24.04.4 [34.2 kB]
client	Browser compatibility and Rust-server WebSocket E2E	2026-10-06T20:17:22.6623635Z Get:121 http://azure.archive.ubuntu.com/ubuntu noble-updates/main amd64 mesa-libgallium amd64 25.2.8-0ubuntu0.24.04.4 [10.8 MB]
client	Browser compatibility and Rust-server WebSocket E2E	2026-10-06T20:17:22.9707307Z Get:122 http://azure.archive.ubuntu.com/ubuntu noble-updates/main amd64 libegl-mesa0 amd64 25.2.8-0ubuntu0.24.04.4 [117 kB]
client	Browser compatibility and Rust-server WebSocket E2E	2026-10-06T20:17:23.0430442Z Get:123 http://azure.archive.ubuntu.com/ubuntu noble-updates/main amd64 libevent-2.1-7t64 amd64 2.1.12-stable-9ubuntu2.2 [146 kB]
client	Browser compatibility and Rust-server WebSocket E2E	2026-10-06T20:17:23.1167764Z Get:124 http://azure.archive.ubuntu.com/ubuntu noble-updates/main amd64 libevent-pthreads-2.1-7t64 amd64 2.1.12-stable-9ubuntu2.2 [7988 B]
client	Browser compatibility and Rust-server WebSocket E2E	2026-10-06T20:17:23.1894268Z Get:125 http://azure.archive.ubuntu.com/ubuntu noble-updates/main amd64 libevent-core-2.1-7t64 amd64 2.1.12-stable-9ubuntu2.2 [91.9 kB]
client	Browser compatibility and Rust-server WebSocket E2E	2026-10-06T20:17:23.2625145Z Get:126 http://azure.archive.ubuntu.com/ubuntu noble/universe amd64 libfaad2 amd64 2.11.1-1build1 [207 kB]
client	Browser compatibility and Rust-server WebSocket E2E	2026-10-06T20:17:23.3366419Z Get:127 http://azure.archive.ubuntu.com/ubuntu noble/universe amd64 libinstpatch-1.0-2 amd64 1.1.6-1build2 [251 kB]
client	Browser compatibility and Rust-server WebSocket E2E	2026-10-06T20:17:23.4109330Z Get:128 http://azure.archive.ubuntu.com/ubuntu noble/main amd64 libjack-jackd2-0 amd64 1.9.21~dfsg-3ubuntu3 [289 kB]
client	Browser compatibility and Rust-server WebSocket E2E	2026-10-06T20:17:23.4851965Z Get:129 http://azure.archive.ubuntu.com/ubuntu noble/main amd64 libwebrtc-audio-processing1 amd64 0.3.1-0ubuntu6 [290 kB]
client	Browser compatibility and Rust-server WebSocket E2E	2026-10-06T20:17:23.5605903Z Get:130 http://azure.archive.ubuntu.com/ubuntu noble-updates/main amd64 libspa-0.2-modules amd64 1.0.5-1ubuntu3.3 [628 kB]
client	Browser compatibility and Rust-server WebSocket E2E	2026-10-06T20:17:23.6373734Z Get:131 http://azure.archive.ubuntu.com/ubuntu noble-updates/main amd64 libpipewire-0.3-0t64 amd64 1.0.5-1ubuntu3.3 [252 kB]
client	Browser compatibility and Rust-server WebSocket E2E	2026-10-06T20:17:23.7118402Z Get:132 http://azure.archive.ubuntu.com/ubuntu noble-updates/main amd64 libsdl2-2.0-0 amd64 2.30.0+dfsg-1ubuntu3.1 [686 kB]
client	Browser compatibility and Rust-server WebSocket E2E	2026-10-06T20:17:23.7918390Z Get:133 http://azure.archive.ubuntu.com/ubuntu noble/universe amd64 timgm6mb-soundfont all 1.3-5 [5427 kB]
client	Browser compatibility and Rust-server WebSocket E2E	2026-10-06T20:17:23.9558696Z Get:134 http://azure.archive.ubuntu.com/ubuntu noble/universe amd64 libfluidsynth3 amd64 2.3.4-1build3 [249 kB]
client	Browser compatibility and Rust-server WebSocket E2E	2026-10-06T20:17:24.0300259Z Get:135 http://azure.archive.ubuntu.com/ubuntu noble/main amd64 libfreeaptx0 amd64 0.1.1-2build1 [13.5 kB]
client	Browser compatibility and Rust-server WebSocket E2E	2026-10-06T20:17:24.1036566Z Get:136 http://azure.archive.ubuntu.com/ubuntu noble/main amd64 libgraphene-1.0-0 amd64 1.10.8-3build2 [46.2 kB]
client	Browser compatibility and Rust-server WebSocket E2E	2026-10-06T20:17:24.1763153Z Get:137 http://azure.archive.ubuntu.com/ubuntu noble/main amd64 libgssdp-1.6-0 amd64 1.6.3-1build3 [40.4 kB]
client	Browser compatibility and Rust-server WebSocket E2E	2026-10-06T20:17:24.2492650Z Get:138 http://azure.archive.ubuntu.com/ubuntu noble/main amd64 libegl1 amd64 1.7.0-1build1 [28.7 kB]
client	Browser compatibility and Rust-server WebSocket E2E	2026-10-06T20:17:24.3220911Z Get:139 http://azure.archive.ubuntu.com/ubuntu noble-updates/main amd64 libgstreamer-gl1.0-0 amd64 1.24.2-1ubuntu0.5 [214 kB]
client	Browser compatibility and Rust-server WebSocket E2E	2026-10-06T20:17:24.3960010Z Get:140 http://azure.archive.ubuntu.com/ubuntu noble-updates/main amd64 libgtk-4-common all 4.14.5+ds-0ubuntu0.10 [1497 kB]
client	Browser compatibility and Rust-server WebSocket E2E	2026-10-06T20:17:24.4802227Z Get:141 http://azure.archive.ubuntu.com/ubuntu noble-updates/main amd64 libgtk-4-1 amd64 4.14.5+ds-0ubuntu0.10 [3295 kB]
client	Browser compatibility and Rust-server WebSocket E2E	2026-10-06T20:17:24.6266998Z Get:142 http://azure.archive.ubuntu.com/ubuntu noble/main amd64 libgupnp-1.6-0 amd64 1.6.6-1build3 [92.7 kB]
client	Browser compatibility and Rust-server WebSocket E2E	2026-10-06T20:17:24.6999154Z Get:143 http://azure.archive.ubuntu.com/ubuntu noble/universe amd64 libgupnp-igd-1.6-0 amd64 1.6.0-3build3 [16.5 kB]
client	Browser compatibility and Rust-server WebSocket E2E	2026-10-06T20:17:24.7724562Z Get:144 http://azure.archive.ubuntu.com/ubuntu noble/main amd64 libharfbuzz-icu0 amd64 8.3.0-2build2 [13.3 kB]
client	Browser compatibility and Rust-server WebSocket E2E	2026-10-06T20:17:24.8451763Z Get:145 http://azure.archive.ubuntu.com/ubuntu noble/main amd64 libhyphen0 amd64 2.8.8-7build3 [26.5 kB]
client	Browser compatibility and Rust-server WebSocket E2E	2026-10-06T20:17:24.9189108Z Get:146 http://azure.archive.ubuntu.com/ubuntu noble/universe amd64 libimath-3-1-29t64 amd64 3.1.9-3.1ubuntu2 [72.2 kB]
client	Browser compatibility and Rust-server WebSocket E2E	2026-10-06T20:17:24.9951563Z Get:147 http://azure.archive.ubuntu.com/ubuntu noble/main amd64 liblc3-1 amd64 1.0.4-3build1 [69.7 kB]
client	Browser compatibility and Rust-server WebSocket E2E	2026-10-06T20:17:25.0689442Z Get:148 http://azure.archive.ubuntu.com/ubuntu noble/main amd64 libldacbt-enc2 amd64 2.0.2.3+git20200429+ed310a0-4ubuntu2 [27.1 kB]
client	Browser compatibility and Rust-server WebSocket E2E	2026-10-06T20:17:25.1420915Z Get:149 http://azure.archive.ubuntu.com/ubuntu noble-updates/main amd64 libraptor2-0 amd64 2.0.16-3ubuntu0.1 [165 kB]
client	Browser compatibility and Rust-server WebSocket E2E	2026-10-06T20:17:25.2189061Z Get:150 http://azure.archive.ubuntu.com/ubuntu noble/universe amd64 liblrdf0 amd64 0.6.1-4build1 [18.5 kB]
client	Browser compatibility and Rust-server WebSocket E2E	2026-10-06T20:17:25.2917668Z Get:151 http://azure.archive.ubuntu.com/ubuntu noble/universe amd64 libltc11 amd64 1.3.2-1build1 [13.0 kB]
client	Browser compatibility and Rust-server WebSocket E2E	2026-10-06T20:17:25.3644156Z Get:152 http://azure.archive.ubuntu.com/ubuntu noble/main amd64 libmanette-0.2-0 amd64 0.2.7-1build2 [30.6 kB]
client	Browser compatibility and Rust-server WebSocket E2E	2026-10-06T20:17:25.4373356Z Get:153 http://azure.archive.ubuntu.com/ubuntu noble/universe amd64 libmfx1 amd64 22.5.4-1 [3124 kB]
client	Browser compatibility and Rust-server WebSocket E2E	2026-10-06T20:17:25.5810994Z Get:154 http://azure.archive.ubuntu.com/ubuntu noble/universe amd64 libmjpegutils-2.1-0t64 amd64 1:2.1.0+debian-8.1build1 [25.5 kB]
client	Browser compatibility and Rust-server WebSocket E2E	2026-10-06T20:17:25.6539190Z Get:155 http://azure.archive.ubuntu.com/ubuntu noble/universe amd64 libmodplug1 amd64 1:0.8.9.0-3build1 [166 kB]
client	Browser compatibility and Rust-server WebSocket E2E	2026-10-06T20:17:25.7298573Z Get:156 http://azure.archive.ubuntu.com/ubuntu noble/universe amd64 libmpcdec6 amd64 2:0.1~r495-2build1 [32.7 kB]
client	Browser compatibility and Rust-server WebSocket E2E	2026-10-06T20:17:25.8030649Z Get:157 http://azure.archive.ubuntu.com/ubuntu noble/universe amd64 libmpeg2encpp-2.1-0t64 amd64 1:2.1.0+debian-8.1build1 [75.6 kB]
client	Browser compatibility and Rust-server WebSocket E2E	2026-10-06T20:17:25.8767546Z Get:158 http://azure.archive.ubuntu.com/ubuntu noble/universe amd64 libmplex2-2.1-0t64 amd64 1:2.1.0+debian-8.1build1 [46.1 kB]
client	Browser compatibility and Rust-server WebSocket E2E	2026-10-06T20:17:25.9498978Z Get:159 http://azure.archive.ubuntu.com/ubuntu noble/universe amd64 libneon27t64 amd64 0.33.0-1.1build3 [102 kB]
client	Browser compatibility and Rust-server WebSocket E2E	2026-10-06T20:17:26.0241784Z Get:160 http://azure.archive.ubuntu.com/ubuntu noble/universe amd64 libnice10 amd64 0.1.21-2build3 [157 kB]
client	Browser compatibility and Rust-server WebSocket E2E	2026-10-06T20:17:26.0997233Z Get:161 http://azure.archive.ubuntu.com/ubuntu noble/universe amd64 libopenal-data all 1:1.23.1-4build1 [161 kB]
client	Browser compatibility and Rust-server WebSocket E2E	2026-10-06T20:17:26.1755111Z Get:162 http://azure.archive.ubuntu.com/ubuntu noble/universe amd64 libopenexr-3-1-30 amd64 3.1.5-5.1build3 [1004 kB]
client	Browser compatibility and Rust-server WebSocket E2E	2026-10-06T20:17:26.2706168Z Get:163 http://azure.archive.ubuntu.com/ubuntu noble/universe amd64 libopenh264-7 amd64 2.4.1+dfsg-1 [409 kB]
client	Browser compatibility and Rust-server WebSocket E2E	2026-10-06T20:17:26.3462634Z Get:164 http://azure.archive.ubuntu.com/ubuntu noble/universe amd64 libopenni2-0 amd64 2.2.0.33+dfsg-18 [370 kB]
client	Browser compatibility and Rust-server WebSocket E2E	2026-10-06T20:17:26.4212486Z Get:165 http://azure.archive.ubuntu.com/ubuntu noble/universe amd64 libqrencode4 amd64 4.1.1-1build2 [25.0 kB]
client	Browser compatibility and Rust-server WebSocket E2E	2026-10-06T20:17:26.4936586Z Get:166 http://azure.archive.ubuntu.com/ubuntu noble/main amd64 libsecret-common all 0.21.4-1build3 [4962 B]
client	Browser compatibility and Rust-server WebSocket E2E	2026-10-06T20:17:26.5666087Z Get:167 http://azure.archive.ubuntu.com/ubuntu noble/main amd64 libsecret-1-0 amd64 0.21.4-1build3 [116 kB]
client	Browser compatibility and Rust-server WebSocket E2E	2026-10-06T20:17:26.6397126Z Get:168 http://azure.archive.ubuntu.com/ubuntu noble/universe amd64 libsndio7.0 amd64 1.9.0-0.3build3 [29.6 kB]
client	Browser compatibility and Rust-server WebSocket E2E	2026-10-06T20:17:26.7123031Z Get:169 http://azure.archive.ubuntu.com/ubuntu noble/universe amd64 libsoundtouch1 amd64 2.3.2+ds1-1build1 [60.5 kB]
client	Browser compatibility and Rust-server WebSocket E2E	2026-10-06T20:17:26.7851099Z Get:170 http://azure.archive.ubuntu.com/ubuntu noble/universe amd64 libspandsp2t64 amd64 0.0.6+dfsg-2.1build1 [311 kB]
client	Browser compatibility and Rust-server WebSocket E2E	2026-10-06T20:17:26.8593908Z Get:171 http://azure.archive.ubuntu.com/ubuntu noble/universe amd64 libsrtp2-1 amd64 2.5.0-3build1 [41.9 kB]
client	Browser compatibility and Rust-server WebSocket E2E	2026-10-06T20:17:26.9321173Z Get:172 http://azure.archive.ubuntu.com/ubuntu noble/main amd64 libwayland-server0 amd64 1.22.0-2.1build1 [33.9 kB]
client	Browser compatibility and Rust-server WebSocket E2E	2026-10-06T20:17:27.0043040Z Get:173 http://azure.archive.ubuntu.com/ubuntu noble/universe amd64 libwildmidi2 amd64 0.4.3-1build3 [68.5 kB]
client	Browser compatibility and Rust-server WebSocket E2E	2026-10-06T20:17:27.0942088Z Get:174 http://azure.archive.ubuntu.com/ubuntu noble/main amd64 libwoff1 amd64 1.0.2-2build1 [45.3 kB]
client	Browser compatibility and Rust-server WebSocket E2E	2026-10-06T20:17:27.1775796Z Get:175 http://azure.archive.ubuntu.com/ubuntu noble/main amd64 libxcb-xkb1 amd64 1.15-1ubuntu2 [32.3 kB]
client	Browser compatibility and Rust-server WebSocket E2E	2026-10-06T20:17:27.2571638Z Get:176 http://azure.archive.ubuntu.com/ubuntu noble/main amd64 libxkbcommon-x11-0 amd64 1.6.0-1build1 [14.5 kB]
client	Browser compatibility and Rust-server WebSocket E2E	2026-10-06T20:17:27.3317128Z Get:177 http://azure.archive.ubuntu.com/ubuntu noble/universe amd64 libzbar0t64 amd64 0.23.93-4build3 [123 kB]
client	Browser compatibility and Rust-server WebSocket E2E	2026-10-06T20:17:27.4380507Z Get:178 http://azure.archive.ubuntu.com/ubuntu noble/universe amd64 libzxing3 amd64 2.2.1-3 [583 kB]
client	Browser compatibility and Rust-server WebSocket E2E	2026-10-06T20:17:27.5232078Z Get:179 http://azure.archive.ubuntu.com/ubuntu noble/main amd64 xfonts-encodings all 1:1.0.5-0ubuntu2 [578 kB]
client	Browser compatibility and Rust-server WebSocket E2E	2026-10-06T20:17:27.6083000Z Get:180 http://azure.archive.ubuntu.com/ubuntu noble/main amd64 xfonts-utils amd64 1:7.7+6build3 [94.4 kB]
client	Browser compatibility and Rust-server WebSocket E2E	2026-10-06T20:17:27.6822853Z Get:181 http://azure.archive.ubuntu.com/ubuntu noble/universe amd64 xfonts-cyrillic all 1:1.0.5+nmu1 [384 kB]
client	Browser compatibility and Rust-server WebSocket E2E	2026-10-06T20:17:27.7630780Z Get:182 http://azure.archive.ubuntu.com/ubuntu noble/main amd64 xfonts-scalable all 1:1.0.3-1.3 [304 kB]
client	Browser compatibility and Rust-server WebSocket E2E	2026-10-06T20:17:27.8419668Z Get:183 http://azure.archive.ubuntu.com/ubuntu noble/universe amd64 libgstreamer-plugins-bad1.0-0 amd64 1.24.2-1ubuntu4 [797 kB]
client	Browser compatibility and Rust-server WebSocket E2E	2026-10-06T20:17:27.9357230Z Get:184 http://azure.archive.ubuntu.com/ubuntu noble/universe amd64 libdca0 amd64 0.0.7-2build1 [93.8 kB]
client	Browser compatibility and Rust-server WebSocket E2E	2026-10-06T20:17:28.0128045Z Get:185 http://azure.archive.ubuntu.com/ubuntu noble/universe amd64 libopenal1 amd64 1:1.23.1-4build1 [540 kB]
client	Browser compatibility and Rust-server WebSocket E2E	2026-10-06T20:17:28.1013782Z Get:186 http://azure.archive.ubuntu.com/ubuntu noble/main amd64 libsbc1 amd64 2.0-1build1 [33.9 kB]
client	Browser compatibility and Rust-server WebSocket E2E	2026-10-06T20:17:28.1778111Z Get:187 http://azure.archive.ubuntu.com/ubuntu noble/universe amd64 libvo-aacenc0 amd64 0.1.3-2build1 [67.8 kB]
client	Browser compatibility and Rust-server WebSocket E2E	2026-10-06T20:17:28.2546518Z Get:188 http://azure.archive.ubuntu.com/ubuntu noble/universe amd64 libvo-amrwbenc0 amd64 0.1.3-2build1 [76.7 kB]
client	Browser compatibility and Rust-server WebSocket E2E	2026-10-06T20:17:28.3349916Z Get:189 http://azure.archive.ubuntu.com/ubuntu noble/universe amd64 gstreamer1.0-plugins-bad amd64 1.24.2-1ubuntu4 [3081 kB]
client	Browser compatibility and Rust-server WebSocket E2E	2026-10-06T20:17:28.8570845Z Fetched 126 MB in 19s (6548 kB/s)
client	Browser compatibility and Rust-server WebSocket E2E	2026-10-06T20:17:28.9059703Z Selecting previously unselected package fonts-ipafont-gothic.
client	Browser compatibility and Rust-server WebSocket E2E	2026-10-06T20:17:28.9728921Z (Reading database ...
client	Browser compatibility and Rust-server WebSocket E2E	2026-10-06T20:17:28.9729752Z (Reading database ... 5%
client	Browser compatibility and Rust-server WebSocket E2E	2026-10-06T20:17:28.9730583Z (Reading database ... 10%
client	Browser compatibility and Rust-server WebSocket E2E	2026-10-06T20:17:28.9731731Z (Reading database ... 15%
client	Browser compatibility and Rust-server WebSocket E2E	2026-10-06T20:17:28.9732401Z (Reading database ... 20%
client	Browser compatibility and Rust-server WebSocket E2E	2026-10-06T20:17:28.9732871Z (Reading database ... 25%
client	Browser compatibility and Rust-server WebSocket E2E	2026-10-06T20:17:28.9733308Z (Reading database ... 30%
client	Browser compatibility and Rust-server WebSocket E2E	2026-10-06T20:17:28.9733716Z (Reading database ... 35%
client	Browser compatibility and Rust-server WebSocket E2E	2026-10-06T20:17:28.9734116Z (Reading database ... 40%
client	Browser compatibility and Rust-server WebSocket E2E	2026-10-06T20:17:28.9734528Z (Reading database ... 45%
client	Browser compatibility and Rust-server WebSocket E2E	2026-10-06T20:17:28.9734926Z (Reading database ... 50%
client	Browser compatibility and Rust-server WebSocket E2E	2026-10-06T20:17:29.0145775Z (Reading database ... 55%
client	Browser compatibility and Rust-server WebSocket E2E	2026-10-06T20:17:29.6230537Z (Reading database ... 60%
client	Browser compatibility and Rust-server WebSocket E2E	2026-10-06T20:17:29.9787988Z (Reading database ... 65%
client	Browser compatibility and Rust-server WebSocket E2E	2026-10-06T20:17:30.3317923Z (Reading database ... 70%
client	Browser compatibility and Rust-server WebSocket E2E	2026-10-06T20:17:30.6877158Z (Reading database ... 75%
client	Browser compatibility and Rust-server WebSocket E2E	2026-10-06T20:17:31.1634987Z (Reading database ... 80%
client	Browser compatibility and Rust-server WebSocket E2E	2026-10-06T20:17:31.8903550Z (Reading database ... 85%
client	Browser compatibility and Rust-server WebSocket E2E	2026-10-06T20:17:32.6678796Z (Reading database ... 90%
client	Browser compatibility and Rust-server WebSocket E2E	2026-10-06T20:17:33.5918876Z (Reading database ... 95%
client	Browser compatibility and Rust-server WebSocket E2E	2026-10-06T20:17:33.5919581Z (Reading database ... 100%
client	Browser compatibility and Rust-server WebSocket E2E	2026-10-06T20:17:33.5920326Z (Reading database ... 202296 files and directories currently installed.)
client	Browser compatibility and Rust-server WebSocket E2E	2026-10-06T20:17:33.5966057Z Preparing to unpack .../000-fonts-ipafont-gothic_00303-21ubuntu1_all.deb ...
client	Browser compatibility and Rust-server WebSocket E2E	2026-10-06T20:17:33.6063716Z Unpacking fonts-ipafont-gothic (00303-21ubuntu1) ...
client	Browser compatibility and Rust-server WebSocket E2E	2026-10-06T20:17:33.8398202Z Selecting previously unselected package fonts-freefont-ttf.
client	Browser compatibility and Rust-server WebSocket E2E	2026-10-06T20:17:33.8523800Z Preparing to unpack .../001-fonts-freefont-ttf_20211204+svn4273-2_all.deb ...
client	Browser compatibility and Rust-server WebSocket E2E	2026-10-06T20:17:33.8530904Z Unpacking fonts-freefont-ttf (20211204+svn4273-2) ...
client	Browser compatibility and Rust-server WebSocket E2E	2026-10-06T20:17:33.9325801Z Selecting previously unselected package fonts-tlwg-loma-otf.
client	Browser compatibility and Rust-server WebSocket E2E	2026-10-06T20:17:33.9452270Z Preparing to unpack .../002-fonts-tlwg-loma-otf_1%3a0.7.3-1_all.deb ...
client	Browser compatibility and Rust-server WebSocket E2E	2026-10-06T20:17:33.9459021Z Unpacking fonts-tlwg-loma-otf (1:0.7.3-1) ...
client	Browser compatibility and Rust-server WebSocket E2E	2026-10-06T20:17:33.9810183Z Selecting previously unselected package fonts-unifont.
client	Browser compatibility and Rust-server WebSocket E2E	2026-10-06T20:17:33.9937148Z Preparing to unpack .../003-fonts-unifont_1%3a15.1.01-1build1_all.deb ...
client	Browser compatibility and Rust-server WebSocket E2E	2026-10-06T20:17:33.9945108Z Unpacking fonts-unifont (1:15.1.01-1build1) ...
client	Browser compatibility and Rust-server WebSocket E2E	2026-10-06T20:17:34.1117711Z Selecting previously unselected package fonts-wqy-zenhei.
client	Browser compatibility and Rust-server WebSocket E2E	2026-10-06T20:17:34.1246701Z Preparing to unpack .../004-fonts-wqy-zenhei_0.9.45-8_all.deb ...
client	Browser compatibility and Rust-server WebSocket E2E	2026-10-06T20:17:34.1350271Z Unpacking fonts-wqy-zenhei (0.9.45-8) ...
client	Browser compatibility and Rust-server WebSocket E2E	2026-10-06T20:17:34.6102171Z Selecting previously unselected package libproxy1v5:amd64.
client	Browser compatibility and Rust-server WebSocket E2E	2026-10-06T20:17:34.6231144Z Preparing to unpack .../005-libproxy1v5_0.5.4-4build1_amd64.deb ...
client	Browser compatibility and Rust-server WebSocket E2E	2026-10-06T20:17:34.6251295Z Unpacking libproxy1v5:amd64 (0.5.4-4build1) ...
client	Browser compatibility and Rust-server WebSocket E2E	2026-10-06T20:17:34.6548959Z Selecting previously unselected package glib-networking-common.
client	Browser compatibility and Rust-server WebSocket E2E	2026-10-06T20:17:34.6684871Z Preparing to unpack .../006-glib-networking-common_2.80.0-1build1_all.deb ...
client	Browser compatibility and Rust-server WebSocket E2E	2026-10-06T20:17:34.6693012Z Unpacking glib-networking-common (2.80.0-1build1) ...
client	Browser compatibility and Rust-server WebSocket E2E	2026-10-06T20:17:34.6880897Z Selecting previously unselected package glib-networking-services.
client	Browser compatibility and Rust-server WebSocket E2E	2026-10-06T20:17:34.7011378Z Preparing to unpack .../007-glib-networking-services_2.80.0-1build1_amd64.deb ...
client	Browser compatibility and Rust-server WebSocket E2E	2026-10-06T20:17:34.7017827Z Unpacking glib-networking-services (2.80.0-1build1) ...
client	Browser compatibility and Rust-server WebSocket E2E	2026-10-06T20:17:34.7248650Z Selecting previously unselected package session-migration.
client	Browser compatibility and Rust-server WebSocket E2E	2026-10-06T20:17:34.7373859Z Preparing to unpack .../008-session-migration_0.3.9build1_amd64.deb ...
client	Browser compatibility and Rust-server WebSocket E2E	2026-10-06T20:17:34.7391524Z Unpacking session-migration (0.3.9build1) ...
client	Browser compatibility and Rust-server WebSocket E2E	2026-10-06T20:17:34.7720806Z Selecting previously unselected package gsettings-desktop-schemas.
client	Browser compatibility and Rust-server WebSocket E2E	2026-10-06T20:17:34.7850284Z Preparing to unpack .../009-gsettings-desktop-schemas_46.1-0ubuntu1_all.deb ...
client	Browser compatibility and Rust-server WebSocket E2E	2026-10-06T20:17:34.7858968Z Unpacking gsettings-desktop-schemas (46.1-0ubuntu1) ...
client	Browser compatibility and Rust-server WebSocket E2E	2026-10-06T20:17:34.8293805Z Selecting previously unselected package glib-networking:amd64.
client	Browser compatibility and Rust-server WebSocket E2E	2026-10-06T20:17:34.8420430Z Preparing to unpack .../010-glib-networking_2.80.0-1build1_amd64.deb ...
client	Browser compatibility and Rust-server WebSocket E2E	2026-10-06T20:17:34.8428160Z Unpacking glib-networking:amd64 (2.80.0-1build1) ...
client	Browser compatibility and Rust-server WebSocket E2E	2026-10-06T20:17:34.8650765Z Selecting previously unselected package libva2:amd64.
client	Browser compatibility and Rust-server WebSocket E2E	2026-10-06T20:17:34.8782858Z Preparing to unpack .../011-libva2_2.20.0-2ubuntu0.2_amd64.deb ...
client	Browser compatibility and Rust-server WebSocket E2E	2026-10-06T20:17:34.8792413Z Unpacking libva2:amd64 (2.20.0-2ubuntu0.2) ...
client	Browser compatibility and Rust-server WebSocket E2E	2026-10-06T20:17:34.9030943Z Selecting previously unselected package libva-drm2:amd64.
client	Browser compatibility and Rust-server WebSocket E2E	2026-10-06T20:17:34.9161570Z Preparing to unpack .../012-libva-drm2_2.20.0-2ubuntu0.2_amd64.deb ...
client	Browser compatibility and Rust-server WebSocket E2E	2026-10-06T20:17:34.9169756Z Unpacking libva-drm2:amd64 (2.20.0-2ubuntu0.2) ...
client	Browser compatibility and Rust-server WebSocket E2E	2026-10-06T20:17:34.9389280Z Selecting previously unselected package libva-x11-2:amd64.
client	Browser compatibility and Rust-server WebSocket E2E	2026-10-06T20:17:34.9520199Z Preparing to unpack .../013-libva-x11-2_2.20.0-2ubuntu0.2_amd64.deb ...
client	Browser compatibility and Rust-server WebSocket E2E	2026-10-06T20:17:34.9529743Z Unpacking libva-x11-2:amd64 (2.20.0-2ubuntu0.2) ...
client	Browser compatibility and Rust-server WebSocket E2E	2026-10-06T20:17:34.9743400Z Selecting previously unselected package libvdpau1:amd64.
client	Browser compatibility and Rust-server WebSocket E2E	2026-10-06T20:17:34.9872560Z Preparing to unpack .../014-libvdpau1_1.5-2build1_amd64.deb ...
client	Browser compatibility and Rust-server WebSocket E2E	2026-10-06T20:17:34.9881806Z Unpacking libvdpau1:amd64 (1.5-2build1) ...
client	Browser compatibility and Rust-server WebSocket E2E	2026-10-06T20:17:35.0102725Z Selecting previously unselected package libvpl2.
client	Browser compatibility and Rust-server WebSocket E2E	2026-10-06T20:17:35.0233972Z Preparing to unpack .../015-libvpl2_2023.3.0-1build1_amd64.deb ...
client	Browser compatibility and Rust-server WebSocket E2E	2026-10-06T20:17:35.0242226Z Unpacking libvpl2 (2023.3.0-1build1) ...
client	Browser compatibility and Rust-server WebSocket E2E	2026-10-06T20:17:35.0470499Z Selecting previously unselected package ocl-icd-libopencl1:amd64.
client	Browser compatibility and Rust-server WebSocket E2E	2026-10-06T20:17:35.0602923Z Preparing to unpack .../016-ocl-icd-libopencl1_2.3.2-1build1_amd64.deb ...
client	Browser compatibility and Rust-server WebSocket E2E	2026-10-06T20:17:35.0611965Z Unpacking ocl-icd-libopencl1:amd64 (2.3.2-1build1) ...
client	Browser compatibility and Rust-server WebSocket E2E	2026-10-06T20:17:35.0895321Z Selecting previously unselected package libavutil58:amd64.
client	Browser compatibility and Rust-server WebSocket E2E	2026-10-06T20:17:35.1020232Z Preparing to unpack .../017-libavutil58_7%3a6.1.1-3ubuntu5_amd64.deb ...
client	Browser compatibility and Rust-server WebSocket E2E	2026-10-06T20:17:35.1027883Z Unpacking libavutil58:amd64 (7:6.1.1-3ubuntu5) ...
client	Browser compatibility and Rust-server WebSocket E2E	2026-10-06T20:17:35.1276916Z Selecting previously unselected package libcodec2-1.2:amd64.
client	Browser compatibility and Rust-server WebSocket E2E	2026-10-06T20:17:35.1402807Z Preparing to unpack .../018-libcodec2-1.2_1.2.0-2build1_amd64.deb ...
client	Browser compatibility and Rust-server WebSocket E2E	2026-10-06T20:17:35.1410690Z Unpacking libcodec2-1.2:amd64 (1.2.0-2build1) ...
client	Browser compatibility and Rust-server WebSocket E2E	2026-10-06T20:17:35.2185402Z Selecting previously unselected package libdav1d7:amd64.
client	Browser compatibility and Rust-server WebSocket E2E	2026-10-06T20:17:35.2311439Z Preparing to unpack .../019-libdav1d7_1.4.1-1build1_amd64.deb ...
client	Browser compatibility and Rust-server WebSocket E2E	2026-10-06T20:17:35.2319090Z Unpacking libdav1d7:amd64 (1.4.1-1build1) ...
client	Browser compatibility and Rust-server WebSocket E2E	2026-10-06T20:17:35.2599405Z Selecting previously unselected package libgsm1:amd64.
client	Browser compatibility and Rust-server WebSocket E2E	2026-10-06T20:17:35.2729165Z Preparing to unpack .../020-libgsm1_1.0.22-1build1_amd64.deb ...
client	Browser compatibility and Rust-server WebSocket E2E	2026-10-06T20:17:35.2741462Z Unpacking libgsm1:amd64 (1.0.22-1build1) ...
client	Browser compatibility and Rust-server WebSocket E2E	2026-10-06T20:17:35.2955069Z Selecting previously unselected package libhwy1t64:amd64.
client	Browser compatibility and Rust-server WebSocket E2E	2026-10-06T20:17:35.3084156Z Preparing to unpack .../021-libhwy1t64_1.0.7-8.1build1_amd64.deb ...
client	Browser compatibility and Rust-server WebSocket E2E	2026-10-06T20:17:35.3092019Z Unpacking libhwy1t64:amd64 (1.0.7-8.1build1) ...
client	Browser compatibility and Rust-server WebSocket E2E	2026-10-06T20:17:35.3427614Z Selecting previously unselected package libjxl0.7:amd64.
client	Browser compatibility and Rust-server WebSocket E2E	2026-10-06T20:17:35.3557048Z Preparing to unpack .../022-libjxl0.7_0.7.0-10.2ubuntu6.1_amd64.deb ...
client	Browser compatibility and Rust-server WebSocket E2E	2026-10-06T20:17:35.3565223Z Unpacking libjxl0.7:amd64 (0.7.0-10.2ubuntu6.1) ...
client	Browser compatibility and Rust-server WebSocket E2E	2026-10-06T20:17:35.3932939Z Selecting previously unselected package libmp3lame0:amd64.
client	Browser compatibility and Rust-server WebSocket E2E	2026-10-06T20:17:35.4058598Z Preparing to unpack .../023-libmp3lame0_3.100-6build1_amd64.deb ...
client	Browser compatibility and Rust-server WebSocket E2E	2026-10-06T20:17:35.4067178Z Unpacking libmp3lame0:amd64 (3.100-6build1) ...
client	Browser compatibility and Rust-server WebSocket E2E	2026-10-06T20:17:35.4282119Z Selecting previously unselected package libopus0:amd64.
client	Browser compatibility and Rust-server WebSocket E2E	2026-10-06T20:17:35.4408303Z Preparing to unpack .../024-libopus0_1.4-1build1_amd64.deb ...
client	Browser compatibility and Rust-server WebSocket E2E	2026-10-06T20:17:35.4416127Z Unpacking libopus0:amd64 (1.4-1build1) ...
client	Browser compatibility and Rust-server WebSocket E2E	2026-10-06T20:17:35.4650757Z Selecting previously unselected package librav1e0:amd64.
client	Browser compatibility and Rust-server WebSocket E2E	2026-10-06T20:17:35.4777307Z Preparing to unpack .../025-librav1e0_0.7.1-2_amd64.deb ...
client	Browser compatibility and Rust-server WebSocket E2E	2026-10-06T20:17:35.4785820Z Unpacking librav1e0:amd64 (0.7.1-2) ...
client	Browser compatibility and Rust-server WebSocket E2E	2026-10-06T20:17:35.5142184Z Selecting previously unselected package librsvg2-2:amd64.
client	Browser compatibility and Rust-server WebSocket E2E	2026-10-06T20:17:35.5276102Z Preparing to unpack .../026-librsvg2-2_2.58.0+dfsg-1build1_amd64.deb ...
client	Browser compatibility and Rust-server WebSocket E2E	2026-10-06T20:17:35.5286013Z Unpacking librsvg2-2:amd64 (2.58.0+dfsg-1build1) ...
client	Browser compatibility and Rust-server WebSocket E2E	2026-10-06T20:17:35.5777135Z Selecting previously unselected package libshine3:amd64.
client	Browser compatibility and Rust-server WebSocket E2E	2026-10-06T20:17:35.5906739Z Preparing to unpack .../027-libshine3_3.1.1-2build1_amd64.deb ...
client	Browser compatibility and Rust-server WebSocket E2E	2026-10-06T20:17:35.5915517Z Unpacking libshine3:amd64 (3.1.1-2build1) ...
client	Browser compatibility and Rust-server WebSocket E2E	2026-10-06T20:17:35.6117328Z Selecting previously unselected package libspeex1:amd64.
client	Browser compatibility and Rust-server WebSocket E2E	2026-10-06T20:17:35.6245601Z Preparing to unpack .../028-libspeex1_1.2.1-2ubuntu2.24.04.1_amd64.deb ...
client	Browser compatibility and Rust-server WebSocket E2E	2026-10-06T20:17:35.6253122Z Unpacking libspeex1:amd64 (1.2.1-2ubuntu2.24.04.1) ...
client	Browser compatibility and Rust-server WebSocket E2E	2026-10-06T20:17:35.6464554Z Selecting previously unselected package libsvtav1enc1d1:amd64.
client	Browser compatibility and Rust-server WebSocket E2E	2026-10-06T20:17:35.6595686Z Preparing to unpack .../029-libsvtav1enc1d1_1.7.0+dfsg-2build1_amd64.deb ...
client	Browser compatibility and Rust-server WebSocket E2E	2026-10-06T20:17:35.6603714Z Unpacking libsvtav1enc1d1:amd64 (1.7.0+dfsg-2build1) ...
client	Browser compatibility and Rust-server WebSocket E2E	2026-10-06T20:17:35.7175533Z Selecting previously unselected package libsoxr0:amd64.
client	Browser compatibility and Rust-server WebSocket E2E	2026-10-06T20:17:35.7306390Z Preparing to unpack .../030-libsoxr0_0.1.3-4build3_amd64.deb ...
client	Browser compatibility and Rust-server WebSocket E2E	2026-10-06T20:17:35.7314727Z Unpacking libsoxr0:amd64 (0.1.3-4build3) ...
client	Browser compatibility and Rust-server WebSocket E2E	2026-10-06T20:17:35.7531963Z Selecting previously unselected package libswresample4:amd64.
client	Browser compatibility and Rust-server WebSocket E2E	2026-10-06T20:17:35.7660918Z Preparing to unpack .../031-libswresample4_7%3a6.1.1-3ubuntu5_amd64.deb ...
client	Browser compatibility and Rust-server WebSocket E2E	2026-10-06T20:17:35.7668775Z Unpacking libswresample4:amd64 (7:6.1.1-3ubuntu5) ...
client	Browser compatibility and Rust-server WebSocket E2E	2026-10-06T20:17:35.7880985Z Selecting previously unselected package libtheora0:amd64.
client	Browser compatibility and Rust-server WebSocket E2E	2026-10-06T20:17:35.8006521Z Preparing to unpack .../032-libtheora0_1.1.1+dfsg.1-16.1build3_amd64.deb ...
client	Browser compatibility and Rust-server WebSocket E2E	2026-10-06T20:17:35.8015692Z Unpacking libtheora0:amd64 (1.1.1+dfsg.1-16.1build3) ...
client	Browser compatibility and Rust-server WebSocket E2E	2026-10-06T20:17:35.8249475Z Selecting previously unselected package libtwolame0:amd64.
client	Browser compatibility and Rust-server WebSocket E2E	2026-10-06T20:17:35.8378650Z Preparing to unpack .../033-libtwolame0_0.4.0-2build3_amd64.deb ...
client	Browser compatibility and Rust-server WebSocket E2E	2026-10-06T20:17:35.8388259Z Unpacking libtwolame0:amd64 (0.4.0-2build3) ...
client	Browser compatibility and Rust-server WebSocket E2E	2026-10-06T20:17:35.8606364Z Selecting previously unselected package libvorbisenc2:amd64.
client	Browser compatibility and Rust-server WebSocket E2E	2026-10-06T20:17:35.8735381Z Preparing to unpack .../034-libvorbisenc2_1.3.7-1build3_amd64.deb ...
client	Browser compatibility and Rust-server WebSocket E2E	2026-10-06T20:17:35.8743430Z Unpacking libvorbisenc2:amd64 (1.3.7-1build3) ...
client	Browser compatibility and Rust-server WebSocket E2E	2026-10-06T20:17:35.8972547Z Selecting previously unselected package libvpx9:amd64.
client	Browser compatibility and Rust-server WebSocket E2E	2026-10-06T20:17:35.9103093Z Preparing to unpack .../035-libvpx9_1.14.0-1ubuntu2.3_amd64.deb ...
client	Browser compatibility and Rust-server WebSocket E2E	2026-10-06T20:17:35.9111523Z Unpacking libvpx9:amd64 (1.14.0-1ubuntu2.3) ...
client	Browser compatibility and Rust-server WebSocket E2E	2026-10-06T20:17:35.9488952Z Selecting previously unselected package libx264-164:amd64.
client	Browser compatibility and Rust-server WebSocket E2E	2026-10-06T20:17:35.9616256Z Preparing to unpack .../036-libx264-164_2%3a0.164.3108+git31e19f9-1_amd64.deb ...
client	Browser compatibility and Rust-server WebSocket E2E	2026-10-06T20:17:35.9625382Z Unpacking libx264-164:amd64 (2:0.164.3108+git31e19f9-1) ...
client	Browser compatibility and Rust-server WebSocket E2E	2026-10-06T20:17:35.9901903Z Selecting previously unselected package libx265-199:amd64.
client	Browser compatibility and Rust-server WebSocket E2E	2026-10-06T20:17:36.0031775Z Preparing to unpack .../037-libx265-199_3.5-2build1_amd64.deb ...
client	Browser compatibility and Rust-server WebSocket E2E	2026-10-06T20:17:36.0039951Z Unpacking libx265-199:amd64 (3.5-2build1) ...
client	Browser compatibility and Rust-server WebSocket E2E	2026-10-06T20:17:36.0785871Z Selecting previously unselected package libxvidcore4:amd64.
client	Browser compatibility and Rust-server WebSocket E2E	2026-10-06T20:17:36.0914581Z Preparing to unpack .../038-libxvidcore4_2%3a1.3.7-1build1_amd64.deb ...
client	Browser compatibility and Rust-server WebSocket E2E	2026-10-06T20:17:36.0923359Z Unpacking libxvidcore4:amd64 (2:1.3.7-1build1) ...
client	Browser compatibility and Rust-server WebSocket E2E	2026-10-06T20:17:36.1146666Z Selecting previously unselected package libzvbi-common.
client	Browser compatibility and Rust-server WebSocket E2E	2026-10-06T20:17:36.1273919Z Preparing to unpack .../039-libzvbi-common_0.2.42-2_all.deb ...
client	Browser compatibility and Rust-server WebSocket E2E	2026-10-06T20:17:36.1281615Z Unpacking libzvbi-common (0.2.42-2) ...
client	Browser compatibility and Rust-server WebSocket E2E	2026-10-06T20:17:36.1996684Z Selecting previously unselected package libzvbi0t64:amd64.
client	Browser compatibility and Rust-server WebSocket E2E	2026-10-06T20:17:36.2131139Z Preparing to unpack .../040-libzvbi0t64_0.2.42-2_amd64.deb ...
client	Browser compatibility and Rust-server WebSocket E2E	2026-10-06T20:17:36.2140402Z Unpacking libzvbi0t64:amd64 (0.2.42-2) ...
client	Browser compatibility and Rust-server WebSocket E2E	2026-10-06T20:17:36.2385082Z Selecting previously unselected package libavcodec60:amd64.
client	Browser compatibility and Rust-server WebSocket E2E	2026-10-06T20:17:36.2514159Z Preparing to unpack .../041-libavcodec60_7%3a6.1.1-3ubuntu5_amd64.deb ...
client	Browser compatibility and Rust-server WebSocket E2E	2026-10-06T20:17:36.2523343Z Unpacking libavcodec60:amd64 (7:6.1.1-3ubuntu5) ...
client	Browser compatibility and Rust-server WebSocket E2E	2026-10-06T20:17:36.3443264Z Preparing to unpack .../042-libfreetype6_2.13.2+dfsg-1ubuntu0.2_amd64.deb ...
client	Browser compatibility and Rust-server WebSocket E2E	2026-10-06T20:17:36.3465704Z Unpacking libfreetype6:amd64 (2.13.2+dfsg-1ubuntu0.2) over (2.13.2+dfsg-1ubuntu0.1) ...
client	Browser compatibility and Rust-server WebSocket E2E	2026-10-06T20:17:36.3737797Z Selecting previously unselected package libunibreak5:amd64.
client	Browser compatibility and Rust-server WebSocket E2E	2026-10-06T20:17:36.3872457Z Preparing to unpack .../043-libunibreak5_5.1-2build1_amd64.deb ...
client	Browser compatibility and Rust-server WebSocket E2E	2026-10-06T20:17:36.3882288Z Unpacking libunibreak5:amd64 (5.1-2build1) ...
client	Browser compatibility and Rust-server WebSocket E2E	2026-10-06T20:17:36.4099213Z Selecting previously unselected package libass9:amd64.
client	Browser compatibility and Rust-server WebSocket E2E	2026-10-06T20:17:36.4230742Z Preparing to unpack .../044-libass9_1%3a0.17.1-2build1_amd64.deb ...
client	Browser compatibility and Rust-server WebSocket E2E	2026-10-06T20:17:36.4238620Z Unpacking libass9:amd64 (1:0.17.1-2build1) ...
client	Browser compatibility and Rust-server WebSocket E2E	2026-10-06T20:17:36.4467249Z Selecting previously unselected package libudfread0:amd64.
client	Browser compatibility and Rust-server WebSocket E2E	2026-10-06T20:17:36.4597246Z Preparing to unpack .../045-libudfread0_1.1.2-1build1_amd64.deb ...
client	Browser compatibility and Rust-server WebSocket E2E	2026-10-06T20:17:36.4604454Z Unpacking libudfread0:amd64 (1.1.2-1build1) ...
client	Browser compatibility and Rust-server WebSocket E2E	2026-10-06T20:17:36.4810130Z Selecting previously unselected package libbluray2:amd64.
client	Browser compatibility and Rust-server WebSocket E2E	2026-10-06T20:17:36.4935843Z Preparing to unpack .../046-libbluray2_1%3a1.3.4-1build1_amd64.deb ...
client	Browser compatibility and Rust-server WebSocket E2E	2026-10-06T20:17:36.4943009Z Unpacking libbluray2:amd64 (1:1.3.4-1build1) ...
client	Browser compatibility and Rust-server WebSocket E2E	2026-10-06T20:17:36.5158627Z Selecting previously unselected package libchromaprint1:amd64.
client	Browser compatibility and Rust-server WebSocket E2E	2026-10-06T20:17:36.5285885Z Preparing to unpack .../047-libchromaprint1_1.5.1-5_amd64.deb ...
client	Browser compatibility and Rust-server WebSocket E2E	2026-10-06T20:17:36.5293924Z Unpacking libchromaprint1:amd64 (1.5.1-5) ...
client	Browser compatibility and Rust-server WebSocket E2E	2026-10-06T20:17:36.5496741Z Selecting previously unselected package libgme0:amd64.
client	Browser compatibility and Rust-server WebSocket E2E	2026-10-06T20:17:36.5626191Z Preparing to unpack .../048-libgme0_0.6.3-7build1_amd64.deb ...
client	Browser compatibility and Rust-server WebSocket E2E	2026-10-06T20:17:36.5634453Z Unpacking libgme0:amd64 (0.6.3-7build1) ...
client	Browser compatibility and Rust-server WebSocket E2E	2026-10-06T20:17:36.5863665Z Selecting previously unselected package libmpg123-0t64:amd64.
client	Browser compatibility and Rust-server WebSocket E2E	2026-10-06T20:17:36.5991456Z Preparing to unpack .../049-libmpg123-0t64_1.32.5-1ubuntu1.1_amd64.deb ...
client	Browser compatibility and Rust-server WebSocket E2E	2026-10-06T20:17:36.5997676Z Unpacking libmpg123-0t64:amd64 (1.32.5-1ubuntu1.1) ...
client	Browser compatibility and Rust-server WebSocket E2E	2026-10-06T20:17:36.6219567Z Selecting previously unselected package libopenmpt0t64:amd64.
client	Browser compatibility and Rust-server WebSocket E2E	2026-10-06T20:17:36.6345829Z Preparing to unpack .../050-libopenmpt0t64_0.7.3-1.1build3_amd64.deb ...
client	Browser compatibility and Rust-server WebSocket E2E	2026-10-06T20:17:36.6354362Z Unpacking libopenmpt0t64:amd64 (0.7.3-1.1build3) ...
client	Browser compatibility and Rust-server WebSocket E2E	2026-10-06T20:17:36.6628102Z Selecting previously unselected package libcjson1:amd64.
client	Browser compatibility and Rust-server WebSocket E2E	2026-10-06T20:17:36.6756076Z Preparing to unpack .../051-libcjson1_1.7.17-1_amd64.deb ...
client	Browser compatibility and Rust-server WebSocket E2E	2026-10-06T20:17:36.6763232Z Unpacking libcjson1:amd64 (1.7.17-1) ...
client	Browser compatibility and Rust-server WebSocket E2E	2026-10-06T20:17:36.7002152Z Selecting previously unselected package libmbedcrypto7t64:amd64.
client	Browser compatibility and Rust-server WebSocket E2E	2026-10-06T20:17:36.7132475Z Preparing to unpack .../052-libmbedcrypto7t64_2.28.8-1_amd64.deb ...
client	Browser compatibility and Rust-server WebSocket E2E	2026-10-06T20:17:36.7139988Z Unpacking libmbedcrypto7t64:amd64 (2.28.8-1) ...
client	Browser compatibility and Rust-server WebSocket E2E	2026-10-06T20:17:36.7370739Z Selecting previously unselected package librist4:amd64.
client	Browser compatibility and Rust-server WebSocket E2E	2026-10-06T20:17:36.7498213Z Preparing to unpack .../053-librist4_0.2.10+dfsg-2_amd64.deb ...
client	Browser compatibility and Rust-server WebSocket E2E	2026-10-06T20:17:36.7507061Z Unpacking librist4:amd64 (0.2.10+dfsg-2) ...
client	Browser compatibility and Rust-server WebSocket E2E	2026-10-06T20:17:36.7714737Z Selecting previously unselected package libsrt1.5-gnutls:amd64.
client	Browser compatibility and Rust-server WebSocket E2E	2026-10-06T20:17:36.7842147Z Preparing to unpack .../054-libsrt1.5-gnutls_1.5.3-1build2_amd64.deb ...
client	Browser compatibility and Rust-server WebSocket E2E	2026-10-06T20:17:36.7849791Z Unpacking libsrt1.5-gnutls:amd64 (1.5.3-1build2) ...
client	Browser compatibility and Rust-server WebSocket E2E	2026-10-06T20:17:36.8103418Z Selecting previously unselected package libssh-gcrypt-4:amd64.
client	Browser compatibility and Rust-server WebSocket E2E	2026-10-06T20:17:36.8231905Z Preparing to unpack .../055-libssh-gcrypt-4_0.10.6-2ubuntu0.5_amd64.deb ...
client	Browser compatibility and Rust-server WebSocket E2E	2026-10-06T20:17:36.8242459Z Unpacking libssh-gcrypt-4:amd64 (0.10.6-2ubuntu0.5) ...
client	Browser compatibility and Rust-server WebSocket E2E	2026-10-06T20:17:36.8469057Z Selecting previously unselected package libavformat60:amd64.
client	Browser compatibility and Rust-server WebSocket E2E	2026-10-06T20:17:36.8598320Z Preparing to unpack .../056-libavformat60_7%3a6.1.1-3ubuntu5_amd64.deb ...
client	Browser compatibility and Rust-server WebSocket E2E	2026-10-06T20:17:36.8607810Z Unpacking libavformat60:amd64 (7:6.1.1-3ubuntu5) ...
client	Browser compatibility and Rust-server WebSocket E2E	2026-10-06T20:17:36.8945561Z Selecting previously unselected package libbs2b0:amd64.
client	Browser compatibility and Rust-server WebSocket E2E	2026-10-06T20:17:36.9074995Z Preparing to unpack .../057-libbs2b0_3.1.0+dfsg-7build1_amd64.deb ...
client	Browser compatibility and Rust-server WebSocket E2E	2026-10-06T20:17:36.9084418Z Unpacking libbs2b0:amd64 (3.1.0+dfsg-7build1) ...
client	Browser compatibility and Rust-server WebSocket E2E	2026-10-06T20:17:36.9332272Z Selecting previously unselected package libflite1:amd64.
client	Browser compatibility and Rust-server WebSocket E2E	2026-10-06T20:17:36.9461702Z Preparing to unpack .../058-libflite1_2.2-6build3_amd64.deb ...
client	Browser compatibility and Rust-server WebSocket E2E	2026-10-06T20:17:36.9469920Z Unpacking libflite1:amd64 (2.2-6build3) ...
client	Browser compatibility and Rust-server WebSocket E2E	2026-10-06T20:17:37.0662680Z Selecting previously unselected package libserd-0-0:amd64.
client	Browser compatibility and Rust-server WebSocket E2E	2026-10-06T20:17:37.0789654Z Preparing to unpack .../059-libserd-0-0_0.32.2-1_amd64.deb ...
client	Browser compatibility and Rust-server WebSocket E2E	2026-10-06T20:17:37.0797262Z Unpacking libserd-0-0:amd64 (0.32.2-1) ...
client	Browser compatibility and Rust-server WebSocket E2E	2026-10-06T20:17:37.1007555Z Selecting previously unselected package libzix-0-0:amd64.
client	Browser compatibility and Rust-server WebSocket E2E	2026-10-06T20:17:37.1133346Z Preparing to unpack .../060-libzix-0-0_0.4.2-2build1_amd64.deb ...
client	Browser compatibility and Rust-server WebSocket E2E	2026-10-06T20:17:37.1143119Z Unpacking libzix-0-0:amd64 (0.4.2-2build1) ...
client	Browser compatibility and Rust-server WebSocket E2E	2026-10-06T20:17:37.1354349Z Selecting previously unselected package libsord-0-0:amd64.
client	Browser compatibility and Rust-server WebSocket E2E	2026-10-06T20:17:37.1482776Z Preparing to unpack .../061-libsord-0-0_0.16.16-2build1_amd64.deb ...
client	Browser compatibility and Rust-server WebSocket E2E	2026-10-06T20:17:37.1490145Z Unpacking libsord-0-0:amd64 (0.16.16-2build1) ...
client	Browser compatibility and Rust-server WebSocket E2E	2026-10-06T20:17:37.1693260Z Selecting previously unselected package libsratom-0-0:amd64.
client	Browser compatibility and Rust-server WebSocket E2E	2026-10-06T20:17:37.1820532Z Preparing to unpack .../062-libsratom-0-0_0.6.16-1build1_amd64.deb ...
client	Browser compatibility and Rust-server WebSocket E2E	2026-10-06T20:17:37.1828896Z Unpacking libsratom-0-0:amd64 (0.6.16-1build1) ...
client	Browser compatibility and Rust-server WebSocket E2E	2026-10-06T20:17:37.2041849Z Selecting previously unselected package liblilv-0-0:amd64.
client	Browser compatibility and Rust-server WebSocket E2E	2026-10-06T20:17:37.2174203Z Preparing to unpack .../063-liblilv-0-0_0.24.22-1build1_amd64.deb ...
client	Browser compatibility and Rust-server WebSocket E2E	2026-10-06T20:17:37.2184641Z Unpacking liblilv-0-0:amd64 (0.24.22-1build1) ...
client	Browser compatibility and Rust-server WebSocket E2E	2026-10-06T20:17:37.2400965Z Selecting previously unselected package libmysofa1:amd64.
client	Browser compatibility and Rust-server WebSocket E2E	2026-10-06T20:17:37.2529640Z Preparing to unpack .../064-libmysofa1_1.3.2+dfsg-2ubuntu2_amd64.deb ...
client	Browser compatibility and Rust-server WebSocket E2E	2026-10-06T20:17:37.2537985Z Unpacking libmysofa1:amd64 (1.3.2+dfsg-2ubuntu2) ...
client	Browser compatibility and Rust-server WebSocket E2E	2026-10-06T20:17:37.2806235Z Selecting previously unselected package libplacebo338:amd64.
client	Browser compatibility and Rust-server WebSocket E2E	2026-10-06T20:17:37.2936561Z Preparing to unpack .../065-libplacebo338_6.338.2-2build1_amd64.deb ...
client	Browser compatibility and Rust-server WebSocket E2E	2026-10-06T20:17:37.2966731Z Unpacking libplacebo338:amd64 (6.338.2-2build1) ...
client	Browser compatibility and Rust-server WebSocket E2E	2026-10-06T20:17:37.3506033Z Selecting previously unselected package libblas3:amd64.
client	Browser compatibility and Rust-server WebSocket E2E	2026-10-06T20:17:37.3633705Z Preparing to unpack .../066-libblas3_3.12.0-3build1.1_amd64.deb ...
client	Browser compatibility and Rust-server WebSocket E2E	2026-10-06T20:17:37.3662326Z Unpacking libblas3:amd64 (3.12.0-3build1.1) ...
client	Browser compatibility and Rust-server WebSocket E2E	2026-10-06T20:17:37.3903717Z Selecting previously unselected package liblapack3:amd64.
client	Browser compatibility and Rust-server WebSocket E2E	2026-10-06T20:17:37.4033595Z Preparing to unpack .../067-liblapack3_3.12.0-3build1.1_amd64.deb ...
client	Browser compatibility and Rust-server WebSocket E2E	2026-10-06T20:17:37.4087760Z Unpacking liblapack3:amd64 (3.12.0-3build1.1) ...
client	Browser compatibility and Rust-server WebSocket E2E	2026-10-06T20:17:37.4707829Z Selecting previously unselected package libasyncns0:amd64.
client	Browser compatibility and Rust-server WebSocket E2E	2026-10-06T20:17:37.4847968Z Preparing to unpack .../068-libasyncns0_0.8-6build4_amd64.deb ...
client	Browser compatibility and Rust-server WebSocket E2E	2026-10-06T20:17:37.4856749Z Unpacking libasyncns0:amd64 (0.8-6build4) ...
client	Browser compatibility and Rust-server WebSocket E2E	2026-10-06T20:17:37.5072020Z Selecting previously unselected package libflac12t64:amd64.
client	Browser compatibility and Rust-server WebSocket E2E	2026-10-06T20:17:37.5205279Z Preparing to unpack .../069-libflac12t64_1.4.3+ds-2.1ubuntu2_amd64.deb ...
client	Browser compatibility and Rust-server WebSocket E2E	2026-10-06T20:17:37.5215401Z Unpacking libflac12t64:amd64 (1.4.3+ds-2.1ubuntu2) ...
client	Browser compatibility and Rust-server WebSocket E2E	2026-10-06T20:17:37.5507007Z Selecting previously unselected package libsndfile1:amd64.
client	Browser compatibility and Rust-server WebSocket E2E	2026-10-06T20:17:37.5643765Z Preparing to unpack .../070-libsndfile1_1.2.2-1ubuntu5.24.04.1_amd64.deb ...
client	Browser compatibility and Rust-server WebSocket E2E	2026-10-06T20:17:37.5652933Z Unpacking libsndfile1:amd64 (1.2.2-1ubuntu5.24.04.1) ...
client	Browser compatibility and Rust-server WebSocket E2E	2026-10-06T20:17:37.5925779Z Selecting previously unselected package libpulse0:amd64.
client	Browser compatibility and Rust-server WebSocket E2E	2026-10-06T20:17:37.6069599Z Preparing to unpack .../071-libpulse0_1%3a16.1+dfsg1-2ubuntu10.1_amd64.deb ...
client	Browser compatibility and Rust-server WebSocket E2E	2026-10-06T20:17:37.6142827Z Unpacking libpulse0:amd64 (1:16.1+dfsg1-2ubuntu10.1) ...
client	Browser compatibility and Rust-server WebSocket E2E	2026-10-06T20:17:37.6400713Z Selecting previously unselected package libsphinxbase3t64:amd64.
client	Browser compatibility and Rust-server WebSocket E2E	2026-10-06T20:17:37.6529787Z Preparing to unpack .../072-libsphinxbase3t64_0.8+5prealpha+1-17build2_amd64.deb ...
client	Browser compatibility and Rust-server WebSocket E2E	2026-10-06T20:17:37.6538707Z Unpacking libsphinxbase3t64:amd64 (0.8+5prealpha+1-17build2) ...
client	Browser compatibility and Rust-server WebSocket E2E	2026-10-06T20:17:37.6781999Z Selecting previously unselected package libpocketsphinx3:amd64.
client	Browser compatibility and Rust-server WebSocket E2E	2026-10-06T20:17:37.6912610Z Preparing to unpack .../073-libpocketsphinx3_0.8.0+real5prealpha+1-15ubuntu5_amd64.deb ...
client	Browser compatibility and Rust-server WebSocket E2E	2026-10-06T20:17:37.6921691Z Unpacking libpocketsphinx3:amd64 (0.8.0+real5prealpha+1-15ubuntu5) ...
client	Browser compatibility and Rust-server WebSocket E2E	2026-10-06T20:17:37.7144573Z Selecting previously unselected package libpostproc57:amd64.
client	Browser compatibility and Rust-server WebSocket E2E	2026-10-06T20:17:37.7272911Z Preparing to unpack .../074-libpostproc57_7%3a6.1.1-3ubuntu5_amd64.deb ...
client	Browser compatibility and Rust-server WebSocket E2E	2026-10-06T20:17:37.7279829Z Unpacking libpostproc57:amd64 (7:6.1.1-3ubuntu5) ...
client	Browser compatibility and Rust-server WebSocket E2E	2026-10-06T20:17:37.7498954Z Selecting previously unselected package libsamplerate0:amd64.
client	Browser compatibility and Rust-server WebSocket E2E	2026-10-06T20:17:37.7625396Z Preparing to unpack .../075-libsamplerate0_0.2.2-4build1_amd64.deb ...
client	Browser compatibility and Rust-server WebSocket E2E	2026-10-06T20:17:37.7632939Z Unpacking libsamplerate0:amd64 (0.2.2-4build1) ...
client	Browser compatibility and Rust-server WebSocket E2E	2026-10-06T20:17:37.7910711Z Selecting previously unselected package librubberband2:amd64.
client	Browser compatibility and Rust-server WebSocket E2E	2026-10-06T20:17:37.8038713Z Preparing to unpack .../076-librubberband2_3.3.0+dfsg-2build1_amd64.deb ...
client	Browser compatibility and Rust-server WebSocket E2E	2026-10-06T20:17:37.8046908Z Unpacking librubberband2:amd64 (3.3.0+dfsg-2build1) ...
client	Browser compatibility and Rust-server WebSocket E2E	2026-10-06T20:17:37.8284658Z Selecting previously unselected package libswscale7:amd64.
client	Browser compatibility and Rust-server WebSocket E2E	2026-10-06T20:17:37.8412906Z Preparing to unpack .../077-libswscale7_7%3a6.1.1-3ubuntu5_amd64.deb ...
client	Browser compatibility and Rust-server WebSocket E2E	2026-10-06T20:17:37.8423962Z Unpacking libswscale7:amd64 (7:6.1.1-3ubuntu5) ...
client	Browser compatibility and Rust-server WebSocket E2E	2026-10-06T20:17:37.8663032Z Selecting previously unselected package libvidstab1.1:amd64.
client	Browser compatibility and Rust-server WebSocket E2E	2026-10-06T20:17:37.8790518Z Preparing to unpack .../078-libvidstab1.1_1.1.0-2build1_amd64.deb ...
client	Browser compatibility and Rust-server WebSocket E2E	2026-10-06T20:17:37.8799218Z Unpacking libvidstab1.1:amd64 (1.1.0-2build1) ...
client	Browser compatibility and Rust-server WebSocket E2E	2026-10-06T20:17:37.9017239Z Selecting previously unselected package libzimg2:amd64.
client	Browser compatibility and Rust-server WebSocket E2E	2026-10-06T20:17:37.9144818Z Preparing to unpack .../079-libzimg2_3.0.5+ds1-1build1_amd64.deb ...
client	Browser compatibility and Rust-server WebSocket E2E	2026-10-06T20:17:37.9153673Z Unpacking libzimg2:amd64 (3.0.5+ds1-1build1) ...
client	Browser compatibility and Rust-server WebSocket E2E	2026-10-06T20:17:37.9409197Z Selecting previously unselected package libavfilter9:amd64.
client	Browser compatibility and Rust-server WebSocket E2E	2026-10-06T20:17:37.9539713Z Preparing to unpack .../080-libavfilter9_7%3a6.1.1-3ubuntu5_amd64.deb ...
client	Browser compatibility and Rust-server WebSocket E2E	2026-10-06T20:17:37.9547814Z Unpacking libavfilter9:amd64 (7:6.1.1-3ubuntu5) ...
client	Browser compatibility and Rust-server WebSocket E2E	2026-10-06T20:17:38.0499640Z Selecting previously unselected package liborc-0.4-0t64:amd64.
client	Browser compatibility and Rust-server WebSocket E2E	2026-10-06T20:17:38.0626609Z Preparing to unpack .../081-liborc-0.4-0t64_1%3a0.4.38-1ubuntu0.1_amd64.deb ...
client	Browser compatibility and Rust-server WebSocket E2E	2026-10-06T20:17:38.0635251Z Unpacking liborc-0.4-0t64:amd64 (1:0.4.38-1ubuntu0.1) ...
client	Browser compatibility and Rust-server WebSocket E2E	2026-10-06T20:17:38.0882214Z Selecting previously unselected package libgstreamer-plugins-base1.0-0:amd64.
client	Browser compatibility and Rust-server WebSocket E2E	2026-10-06T20:17:38.1010141Z Preparing to unpack .../082-libgstreamer-plugins-base1.0-0_1.24.2-1ubuntu0.5_amd64.deb ...
client	Browser compatibility and Rust-server WebSocket E2E	2026-10-06T20:17:38.1060842Z Unpacking libgstreamer-plugins-base1.0-0:amd64 (1.24.2-1ubuntu0.5) ...
client	Browser compatibility and Rust-server WebSocket E2E	2026-10-06T20:17:38.1383149Z Selecting previously unselected package gstreamer1.0-libav:amd64.
client	Browser compatibility and Rust-server WebSocket E2E	2026-10-06T20:17:38.1509907Z Preparing to unpack .../083-gstreamer1.0-libav_1.24.1-1build1_amd64.deb ...
client	Browser compatibility and Rust-server WebSocket E2E	2026-10-06T20:17:38.1517020Z Unpacking gstreamer1.0-libav:amd64 (1.24.1-1build1) ...
client	Browser compatibility and Rust-server WebSocket E2E	2026-10-06T20:17:38.1734737Z Selecting previously unselected package libcdparanoia0:amd64.
client	Browser compatibility and Rust-server WebSocket E2E	2026-10-06T20:17:38.1866069Z Preparing to unpack .../084-libcdparanoia0_3.10.2+debian-14build3_amd64.deb ...
client	Browser compatibility and Rust-server WebSocket E2E	2026-10-06T20:17:38.1875549Z Unpacking libcdparanoia0:amd64 (3.10.2+debian-14build3) ...
client	Browser compatibility and Rust-server WebSocket E2E	2026-10-06T20:17:38.2102043Z Selecting previously unselected package libvisual-0.4-0:amd64.
client	Browser compatibility and Rust-server WebSocket E2E	2026-10-06T20:17:38.2230476Z Preparing to unpack .../085-libvisual-0.4-0_0.4.2-2build1_amd64.deb ...
client	Browser compatibility and Rust-server WebSocket E2E	2026-10-06T20:17:38.2239071Z Unpacking libvisual-0.4-0:amd64 (0.4.2-2build1) ...
client	Browser compatibility and Rust-server WebSocket E2E	2026-10-06T20:17:38.2462016Z Selecting previously unselected package gstreamer1.0-plugins-base:amd64.
client	Browser compatibility and Rust-server WebSocket E2E	2026-10-06T20:17:38.2589955Z Preparing to unpack .../086-gstreamer1.0-plugins-base_1.24.2-1ubuntu0.5_amd64.deb ...
client	Browser compatibility and Rust-server WebSocket E2E	2026-10-06T20:17:38.2597235Z Unpacking gstreamer1.0-plugins-base:amd64 (1.24.2-1ubuntu0.5) ...
client	Browser compatibility and Rust-server WebSocket E2E	2026-10-06T20:17:38.2976675Z Selecting previously unselected package libaa1:amd64.
client	Browser compatibility and Rust-server WebSocket E2E	2026-10-06T20:17:38.3108622Z Preparing to unpack .../087-libaa1_1.4p5-51.1_amd64.deb ...
client	Browser compatibility and Rust-server WebSocket E2E	2026-10-06T20:17:38.3118068Z Unpacking libaa1:amd64 (1.4p5-51.1) ...
client	Browser compatibility and Rust-server WebSocket E2E	2026-10-06T20:17:38.3337227Z Selecting previously unselected package libraw1394-11:amd64.
client	Browser compatibility and Rust-server WebSocket E2E	2026-10-06T20:17:38.3465741Z Preparing to unpack .../088-libraw1394-11_2.1.2-2build3_amd64.deb ...
client	Browser compatibility and Rust-server WebSocket E2E	2026-10-06T20:17:38.3474503Z Unpacking libraw1394-11:amd64 (2.1.2-2build3) ...
client	Browser compatibility and Rust-server WebSocket E2E	2026-10-06T20:17:38.3700714Z Selecting previously unselected package libavc1394-0:amd64.
client	Browser compatibility and Rust-server WebSocket E2E	2026-10-06T20:17:38.3832251Z Preparing to unpack .../089-libavc1394-0_0.5.4-5build3_amd64.deb ...
client	Browser compatibility and Rust-server WebSocket E2E	2026-10-06T20:17:38.3840582Z Unpacking libavc1394-0:amd64 (0.5.4-5build3) ...
client	Browser compatibility and Rust-server WebSocket E2E	2026-10-06T20:17:38.4068927Z Selecting previously unselected package libcaca0:amd64.
client	Browser compatibility and Rust-server WebSocket E2E	2026-10-06T20:17:38.4197500Z Preparing to unpack .../090-libcaca0_0.99.beta20-4ubuntu0.2_amd64.deb ...
client	Browser compatibility and Rust-server WebSocket E2E	2026-10-06T20:17:38.4229507Z Unpacking libcaca0:amd64 (0.99.beta20-4ubuntu0.2) ...
client	Browser compatibility and Rust-server WebSocket E2E	2026-10-06T20:17:38.4497642Z Selecting previously unselected package libdv4t64:amd64.
client	Browser compatibility and Rust-server WebSocket E2E	2026-10-06T20:17:38.4625689Z Preparing to unpack .../091-libdv4t64_1.0.0-17.1build1_amd64.deb ...
client	Browser compatibility and Rust-server WebSocket E2E	2026-10-06T20:17:38.4633433Z Unpacking libdv4t64:amd64 (1.0.0-17.1build1) ...
client	Browser compatibility and Rust-server WebSocket E2E	2026-10-06T20:17:38.4867830Z Selecting previously unselected package libgstreamer-plugins-good1.0-0:amd64.
client	Browser compatibility and Rust-server WebSocket E2E	2026-10-06T20:17:38.4996578Z Preparing to unpack .../092-libgstreamer-plugins-good1.0-0_1.24.2-1ubuntu1.8_amd64.deb ...
client	Browser compatibility and Rust-server WebSocket E2E	2026-10-06T20:17:38.5004104Z Unpacking libgstreamer-plugins-good1.0-0:amd64 (1.24.2-1ubuntu1.8) ...
client	Browser compatibility and Rust-server WebSocket E2E	2026-10-06T20:17:38.5219620Z Selecting previously unselected package libiec61883-0:amd64.
client	Browser compatibility and Rust-server WebSocket E2E	2026-10-06T20:17:38.5347123Z Preparing to unpack .../093-libiec61883-0_1.2.0-6build1_amd64.deb ...
client	Browser compatibility and Rust-server WebSocket E2E	2026-10-06T20:17:38.5355184Z Unpacking libiec61883-0:amd64 (1.2.0-6build1) ...
client	Browser compatibility and Rust-server WebSocket E2E	2026-10-06T20:17:38.5677708Z Selecting previously unselected package libshout3:amd64.
client	Browser compatibility and Rust-server WebSocket E2E	2026-10-06T20:17:38.5812672Z Preparing to unpack .../094-libshout3_2.4.6-1build2_amd64.deb ...
client	Browser compatibility and Rust-server WebSocket E2E	2026-10-06T20:17:38.5820810Z Unpacking libshout3:amd64 (2.4.6-1build2) ...
client	Browser compatibility and Rust-server WebSocket E2E	2026-10-06T20:17:38.6048854Z Selecting previously unselected package libtag1v5-vanilla:amd64.
client	Browser compatibility and Rust-server WebSocket E2E	2026-10-06T20:17:38.6178974Z Preparing to unpack .../095-libtag1v5-vanilla_1.13.1-1build1_amd64.deb ...
client	Browser compatibility and Rust-server WebSocket E2E	2026-10-06T20:17:38.6186170Z Unpacking libtag1v5-vanilla:amd64 (1.13.1-1build1) ...
client	Browser compatibility and Rust-server WebSocket E2E	2026-10-06T20:17:38.6435532Z Selecting previously unselected package libtag1v5:amd64.
client	Browser compatibility and Rust-server WebSocket E2E	2026-10-06T20:17:38.6568411Z Preparing to unpack .../096-libtag1v5_1.13.1-1build1_amd64.deb ...
client	Browser compatibility and Rust-server WebSocket E2E	2026-10-06T20:17:38.6578611Z Unpacking libtag1v5:amd64 (1.13.1-1build1) ...
client	Browser compatibility and Rust-server WebSocket E2E	2026-10-06T20:17:38.6785792Z Selecting previously unselected package libv4lconvert0t64:amd64.
client	Browser compatibility and Rust-server WebSocket E2E	2026-10-06T20:17:38.6914397Z Preparing to unpack .../097-libv4lconvert0t64_1.26.1-4build3_amd64.deb ...
client	Browser compatibility and Rust-server WebSocket E2E	2026-10-06T20:17:38.6923427Z Unpacking libv4lconvert0t64:amd64 (1.26.1-4build3) ...
client	Browser compatibility and Rust-server WebSocket E2E	2026-10-06T20:17:38.7156034Z Selecting previously unselected package libv4l-0t64:amd64.
client	Browser compatibility and Rust-server WebSocket E2E	2026-10-06T20:17:38.7285450Z Preparing to unpack .../098-libv4l-0t64_1.26.1-4build3_amd64.deb ...
client	Browser compatibility and Rust-server WebSocket E2E	2026-10-06T20:17:38.7294137Z Unpacking libv4l-0t64:amd64 (1.26.1-4build3) ...
client	Browser compatibility and Rust-server WebSocket E2E	2026-10-06T20:17:38.7532864Z Selecting previously unselected package libwavpack1:amd64.
client	Browser compatibility and Rust-server WebSocket E2E	2026-10-06T20:17:38.7661850Z Preparing to unpack .../099-libwavpack1_5.6.0-1build1_amd64.deb ...
client	Browser compatibility and Rust-server WebSocket E2E	2026-10-06T20:17:38.7670217Z Unpacking libwavpack1:amd64 (5.6.0-1build1) ...
client	Browser compatibility and Rust-server WebSocket E2E	2026-10-06T20:17:38.7878639Z Selecting previously unselected package libsoup-3.0-common.
client	Browser compatibility and Rust-server WebSocket E2E	2026-10-06T20:17:38.8008371Z Preparing to unpack .../100-libsoup-3.0-common_3.4.4-5ubuntu0.8_all.deb ...
client	Browser compatibility and Rust-server WebSocket E2E	2026-10-06T20:17:38.8026586Z Unpacking libsoup-3.0-common (3.4.4-5ubuntu0.8) ...
client	Browser compatibility and Rust-server WebSocket E2E	2026-10-06T20:17:38.8234355Z Selecting previously unselected package libsoup-3.0-0:amd64.
client	Browser compatibility and Rust-server WebSocket E2E	2026-10-06T20:17:38.8363415Z Preparing to unpack .../101-libsoup-3.0-0_3.4.4-5ubuntu0.8_amd64.deb ...
client	Browser compatibility and Rust-server WebSocket E2E	2026-10-06T20:17:38.8372374Z Unpacking libsoup-3.0-0:amd64 (3.4.4-5ubuntu0.8) ...
client	Browser compatibility and Rust-server WebSocket E2E	2026-10-06T20:17:38.8615465Z Selecting previously unselected package gstreamer1.0-plugins-good:amd64.
client	Browser compatibility and Rust-server WebSocket E2E	2026-10-06T20:17:38.8748876Z Preparing to unpack .../102-gstreamer1.0-plugins-good_1.24.2-1ubuntu1.8_amd64.deb ...
client	Browser compatibility and Rust-server WebSocket E2E	2026-10-06T20:17:38.8761841Z Unpacking gstreamer1.0-plugins-good:amd64 (1.24.2-1ubuntu1.8) ...
client	Browser compatibility and Rust-server WebSocket E2E	2026-10-06T20:17:38.9357880Z Selecting previously unselected package libabsl20220623t64:amd64.
client	Browser compatibility and Rust-server WebSocket E2E	2026-10-06T20:17:38.9488982Z Preparing to unpack .../103-libabsl20220623t64_20220623.1-3.1ubuntu3.2_amd64.deb ...
client	Browser compatibility and Rust-server WebSocket E2E	2026-10-06T20:17:38.9504330Z Unpacking libabsl20220623t64:amd64 (20220623.1-3.1ubuntu3.2) ...
client	Browser compatibility and Rust-server WebSocket E2E	2026-10-06T20:17:38.9918351Z Selecting previously unselected package libgav1-1:amd64.
client	Browser compatibility and Rust-server WebSocket E2E	2026-10-06T20:17:39.0047967Z Preparing to unpack .../104-libgav1-1_0.18.0-1build3_amd64.deb ...
client	Browser compatibility and Rust-server WebSocket E2E	2026-10-06T20:17:39.0058091Z Unpacking libgav1-1:amd64 (0.18.0-1build3) ...
client	Browser compatibility and Rust-server WebSocket E2E	2026-10-06T20:17:39.0315884Z Selecting previously unselected package libyuv0:amd64.
client	Browser compatibility and Rust-server WebSocket E2E	2026-10-06T20:17:39.0442441Z Preparing to unpack .../105-libyuv0_0.0~git202401110.af6ac82-1_amd64.deb ...
client	Browser compatibility and Rust-server WebSocket E2E	2026-10-06T20:17:39.0480992Z Unpacking libyuv0:amd64 (0.0~git202401110.af6ac82-1) ...
client	Browser compatibility and Rust-server WebSocket E2E	2026-10-06T20:17:39.0711378Z Selecting previously unselected package libavif16:amd64.
client	Browser compatibility and Rust-server WebSocket E2E	2026-10-06T20:17:39.0838662Z Preparing to unpack .../106-libavif16_1.0.4-1ubuntu3_amd64.deb ...
client	Browser compatibility and Rust-server WebSocket E2E	2026-10-06T20:17:39.0847691Z Unpacking libavif16:amd64 (1.0.4-1ubuntu3) ...
client	Browser compatibility and Rust-server WebSocket E2E	2026-10-06T20:17:39.1066344Z Selecting previously unselected package libavtp0:amd64.
client	Browser compatibility and Rust-server WebSocket E2E	2026-10-06T20:17:39.1192575Z Preparing to unpack .../107-libavtp0_0.2.0-1build1_amd64.deb ...
client	Browser compatibility and Rust-server WebSocket E2E	2026-10-06T20:17:39.1201900Z Unpacking libavtp0:amd64 (0.2.0-1build1) ...
client	Browser compatibility and Rust-server WebSocket E2E	2026-10-06T20:17:39.1416631Z Selecting previously unselected package libcairo-script-interpreter2:amd64.
client	Browser compatibility and Rust-server WebSocket E2E	2026-10-06T20:17:39.1545450Z Preparing to unpack .../108-libcairo-script-interpreter2_1.18.0-3build1_amd64.deb ...
client	Browser compatibility and Rust-server WebSocket E2E	2026-10-06T20:17:39.1557680Z Unpacking libcairo-script-interpreter2:amd64 (1.18.0-3build1) ...
client	Browser compatibility and Rust-server WebSocket E2E	2026-10-06T20:17:39.1787161Z Selecting previously unselected package libdc1394-25:amd64.
client	Browser compatibility and Rust-server WebSocket E2E	2026-10-06T20:17:39.1915983Z Preparing to unpack .../109-libdc1394-25_2.2.6-4build1_amd64.deb ...
client	Browser compatibility and Rust-server WebSocket E2E	2026-10-06T20:17:39.1927350Z Unpacking libdc1394-25:amd64 (2.2.6-4build1) ...
client	Browser compatibility and Rust-server WebSocket E2E	2026-10-06T20:17:39.2145265Z Selecting previously unselected package libde265-0:amd64.
client	Browser compatibility and Rust-server WebSocket E2E	2026-10-06T20:17:39.2270265Z Preparing to unpack .../110-libde265-0_1.0.15-1ubuntu0.1_amd64.deb ...
client	Browser compatibility and Rust-server WebSocket E2E	2026-10-06T20:17:39.2277878Z Unpacking libde265-0:amd64 (1.0.15-1ubuntu0.1) ...
client	Browser compatibility and Rust-server WebSocket E2E	2026-10-06T20:17:39.2498908Z Selecting previously unselected package libdecor-0-0:amd64.
client	Browser compatibility and Rust-server WebSocket E2E	2026-10-06T20:17:39.2629539Z Preparing to unpack .../111-libdecor-0-0_0.2.2-1build2_amd64.deb ...
client	Browser compatibility and Rust-server WebSocket E2E	2026-10-06T20:17:39.2643142Z Unpacking libdecor-0-0:amd64 (0.2.2-1build2) ...
client	Browser compatibility and Rust-server WebSocket E2E	2026-10-06T20:17:39.2850083Z Selecting previously unselected package libgles2:amd64.
client	Browser compatibility and Rust-server WebSocket E2E	2026-10-06T20:17:39.2979508Z Preparing to unpack .../112-libgles2_1.7.0-1build1_amd64.deb ...
client	Browser compatibility and Rust-server WebSocket E2E	2026-10-06T20:17:39.2987216Z Unpacking libgles2:amd64 (1.7.0-1build1) ...
client	Browser compatibility and Rust-server WebSocket E2E	2026-10-06T20:17:39.3194641Z Selecting previously unselected package libdirectfb-1.7-7t64:amd64.
client	Browser compatibility and Rust-server WebSocket E2E	2026-10-06T20:17:39.3321454Z Preparing to unpack .../113-libdirectfb-1.7-7t64_1.7.7-11.1ubuntu2_amd64.deb ...
client	Browser compatibility and Rust-server WebSocket E2E	2026-10-06T20:17:39.3328218Z Unpacking libdirectfb-1.7-7t64:amd64 (1.7.7-11.1ubuntu2) ...
client	Browser compatibility and Rust-server WebSocket E2E	2026-10-06T20:17:39.3741189Z Selecting previously unselected package libdvdread8t64:amd64.
client	Browser compatibility and Rust-server WebSocket E2E	2026-10-06T20:17:39.3871451Z Preparing to unpack .../114-libdvdread8t64_6.1.3-1.1build1_amd64.deb ...
client	Browser compatibility and Rust-server WebSocket E2E	2026-10-06T20:17:39.3879511Z Unpacking libdvdread8t64:amd64 (6.1.3-1.1build1) ...
client	Browser compatibility and Rust-server WebSocket E2E	2026-10-06T20:17:39.4106582Z Selecting previously unselected package libdvdnav4:amd64.
client	Browser compatibility and Rust-server WebSocket E2E	2026-10-06T20:17:39.4236635Z Preparing to unpack .../115-libdvdnav4_6.1.1-3build1_amd64.deb ...
client	Browser compatibility and Rust-server WebSocket E2E	2026-10-06T20:17:39.4250446Z Unpacking libdvdnav4:amd64 (6.1.1-3build1) ...
client	Browser compatibility and Rust-server WebSocket E2E	2026-10-06T20:17:39.4606939Z Preparing to unpack .../116-libgl1-mesa-dri_25.2.8-0ubuntu0.24.04.4_amd64.deb ...
client	Browser compatibility and Rust-server WebSocket E2E	2026-10-06T20:17:39.4747690Z Unpacking libgl1-mesa-dri:amd64 (25.2.8-0ubuntu0.24.04.4) over (25.2.8-0ubuntu0.24.04.2) ...
client	Browser compatibility and Rust-server WebSocket E2E	2026-10-06T20:17:39.5394874Z Preparing to unpack .../117-libglx-mesa0_25.2.8-0ubuntu0.24.04.4_amd64.deb ...
client	Browser compatibility and Rust-server WebSocket E2E	2026-10-06T20:17:39.5424061Z Unpacking libglx-mesa0:amd64 (25.2.8-0ubuntu0.24.04.4) over (25.2.8-0ubuntu0.24.04.2) ...
client	Browser compatibility and Rust-server WebSocket E2E	2026-10-06T20:17:39.5864870Z Preparing to unpack .../118-libgbm1_25.2.8-0ubuntu0.24.04.4_amd64.deb ...
client	Browser compatibility and Rust-server WebSocket E2E	2026-10-06T20:17:39.5937241Z Unpacking libgbm1:amd64 (25.2.8-0ubuntu0.24.04.4) over (25.2.8-0ubuntu0.24.04.2) ...
client	Browser compatibility and Rust-server WebSocket E2E	2026-10-06T20:17:39.6315662Z Preparing to unpack .../119-mesa-libgallium_25.2.8-0ubuntu0.24.04.4_amd64.deb ...
client	Browser compatibility and Rust-server WebSocket E2E	2026-10-06T20:17:39.6339884Z Unpacking mesa-libgallium:amd64 (25.2.8-0ubuntu0.24.04.4) over (25.2.8-0ubuntu0.24.04.2) ...
client	Browser compatibility and Rust-server WebSocket E2E	2026-10-06T20:17:39.8103261Z Selecting previously unselected package libegl-mesa0:amd64.
client	Browser compatibility and Rust-server WebSocket E2E	2026-10-06T20:17:39.8235646Z Preparing to unpack .../120-libegl-mesa0_25.2.8-0ubuntu0.24.04.4_amd64.deb ...
client	Browser compatibility and Rust-server WebSocket E2E	2026-10-06T20:17:39.8246907Z Unpacking libegl-mesa0:amd64 (25.2.8-0ubuntu0.24.04.4) ...
client	Browser compatibility and Rust-server WebSocket E2E	2026-10-06T20:17:39.8502472Z Selecting previously unselected package libevent-2.1-7t64:amd64.
client	Browser compatibility and Rust-server WebSocket E2E	2026-10-06T20:17:39.8634528Z Preparing to unpack .../121-libevent-2.1-7t64_2.1.12-stable-9ubuntu2.2_amd64.deb ...
client	Browser compatibility and Rust-server WebSocket E2E	2026-10-06T20:17:39.8645141Z Unpacking libevent-2.1-7t64:amd64 (2.1.12-stable-9ubuntu2.2) ...
client	Browser compatibility and Rust-server WebSocket E2E	2026-10-06T20:17:39.9005894Z Preparing to unpack .../122-libevent-pthreads-2.1-7t64_2.1.12-stable-9ubuntu2.2_amd64.deb ...
client	Browser compatibility and Rust-server WebSocket E2E	2026-10-06T20:17:39.9203978Z Unpacking libevent-pthreads-2.1-7t64:amd64 (2.1.12-stable-9ubuntu2.2) over (2.1.12-stable-9ubuntu2.1) ...
client	Browser compatibility and Rust-server WebSocket E2E	2026-10-06T20:17:39.9584661Z Preparing to unpack .../123-libevent-core-2.1-7t64_2.1.12-stable-9ubuntu2.2_amd64.deb ...
client	Browser compatibility and Rust-server WebSocket E2E	2026-10-06T20:17:39.9658586Z Unpacking libevent-core-2.1-7t64:amd64 (2.1.12-stable-9ubuntu2.2) over (2.1.12-stable-9ubuntu2.1) ...
client	Browser compatibility and Rust-server WebSocket E2E	2026-10-06T20:17:39.9896552Z Selecting previously unselected package libfaad2:amd64.
client	Browser compatibility and Rust-server WebSocket E2E	2026-10-06T20:17:40.0027833Z Preparing to unpack .../124-libfaad2_2.11.1-1build1_amd64.deb ...
client	Browser compatibility and Rust-server WebSocket E2E	2026-10-06T20:17:40.0035894Z Unpacking libfaad2:amd64 (2.11.1-1build1) ...
client	Browser compatibility and Rust-server WebSocket E2E	2026-10-06T20:17:40.0275148Z Selecting previously unselected package libinstpatch-1.0-2:amd64.
client	Browser compatibility and Rust-server WebSocket E2E	2026-10-06T20:17:40.0405539Z Preparing to unpack .../125-libinstpatch-1.0-2_1.1.6-1build2_amd64.deb ...
client	Browser compatibility and Rust-server WebSocket E2E	2026-10-06T20:17:40.0413698Z Unpacking libinstpatch-1.0-2:amd64 (1.1.6-1build2) ...
client	Browser compatibility and Rust-server WebSocket E2E	2026-10-06T20:17:40.0651637Z Selecting previously unselected package libjack-jackd2-0:amd64.
client	Browser compatibility and Rust-server WebSocket E2E	2026-10-06T20:17:40.0778922Z Preparing to unpack .../126-libjack-jackd2-0_1.9.21~dfsg-3ubuntu3_amd64.deb ...
client	Browser compatibility and Rust-server WebSocket E2E	2026-10-06T20:17:40.0786597Z Unpacking libjack-jackd2-0:amd64 (1.9.21~dfsg-3ubuntu3) ...
client	Browser compatibility and Rust-server WebSocket E2E	2026-10-06T20:17:40.1032679Z Selecting previously unselected package libwebrtc-audio-processing1:amd64.
client	Browser compatibility and Rust-server WebSocket E2E	2026-10-06T20:17:40.1162458Z Preparing to unpack .../127-libwebrtc-audio-processing1_0.3.1-0ubuntu6_amd64.deb ...
client	Browser compatibility and Rust-server WebSocket E2E	2026-10-06T20:17:40.1170737Z Unpacking libwebrtc-audio-processing1:amd64 (0.3.1-0ubuntu6) ...
client	Browser compatibility and Rust-server WebSocket E2E	2026-10-06T20:17:40.1405146Z Selecting previously unselected package libspa-0.2-modules:amd64.
client	Browser compatibility and Rust-server WebSocket E2E	2026-10-06T20:17:40.1548855Z Preparing to unpack .../128-libspa-0.2-modules_1.0.5-1ubuntu3.3_amd64.deb ...
client	Browser compatibility and Rust-server WebSocket E2E	2026-10-06T20:17:40.1556911Z Unpacking libspa-0.2-modules:amd64 (1.0.5-1ubuntu3.3) ...
client	Browser compatibility and Rust-server WebSocket E2E	2026-10-06T20:17:40.1902718Z Selecting previously unselected package libpipewire-0.3-0t64:amd64.
client	Browser compatibility and Rust-server WebSocket E2E	2026-10-06T20:17:40.2034337Z Preparing to unpack .../129-libpipewire-0.3-0t64_1.0.5-1ubuntu3.3_amd64.deb ...
client	Browser compatibility and Rust-server WebSocket E2E	2026-10-06T20:17:40.2043106Z Unpacking libpipewire-0.3-0t64:amd64 (1.0.5-1ubuntu3.3) ...
client	Browser compatibility and Rust-server WebSocket E2E	2026-10-06T20:17:40.2297379Z Selecting previously unselected package libsdl2-2.0-0:amd64.
client	Browser compatibility and Rust-server WebSocket E2E	2026-10-06T20:17:40.2425083Z Preparing to unpack .../130-libsdl2-2.0-0_2.30.0+dfsg-1ubuntu3.1_amd64.deb ...
client	Browser compatibility and Rust-server WebSocket E2E	2026-10-06T20:17:40.2432865Z Unpacking libsdl2-2.0-0:amd64 (2.30.0+dfsg-1ubuntu3.1) ...
client	Browser compatibility and Rust-server WebSocket E2E	2026-10-06T20:17:40.2725712Z Selecting previously unselected package timgm6mb-soundfont.
client	Browser compatibility and Rust-server WebSocket E2E	2026-10-06T20:17:40.2858067Z Preparing to unpack .../131-timgm6mb-soundfont_1.3-5_all.deb ...
client	Browser compatibility and Rust-server WebSocket E2E	2026-10-06T20:17:40.2865907Z Unpacking timgm6mb-soundfont (1.3-5) ...
client	Browser compatibility and Rust-server WebSocket E2E	2026-10-06T20:17:40.6269952Z Selecting previously unselected package libfluidsynth3:amd64.
client	Browser compatibility and Rust-server WebSocket E2E	2026-10-06T20:17:40.6403277Z Preparing to unpack .../132-libfluidsynth3_2.3.4-1build3_amd64.deb ...
client	Browser compatibility and Rust-server WebSocket E2E	2026-10-06T20:17:40.6411016Z Unpacking libfluidsynth3:amd64 (2.3.4-1build3) ...
client	Browser compatibility and Rust-server WebSocket E2E	2026-10-06T20:17:40.6648733Z Selecting previously unselected package libfreeaptx0:amd64.
client	Browser compatibility and Rust-server WebSocket E2E	2026-10-06T20:17:40.6777166Z Preparing to unpack .../133-libfreeaptx0_0.1.1-2build1_amd64.deb ...
client	Browser compatibility and Rust-server WebSocket E2E	2026-10-06T20:17:40.6785202Z Unpacking libfreeaptx0:amd64 (0.1.1-2build1) ...
client	Browser compatibility and Rust-server WebSocket E2E	2026-10-06T20:17:40.7001157Z Selecting previously unselected package libgraphene-1.0-0:amd64.
client	Browser compatibility and Rust-server WebSocket E2E	2026-10-06T20:17:40.7127129Z Preparing to unpack .../134-libgraphene-1.0-0_1.10.8-3build2_amd64.deb ...
client	Browser compatibility and Rust-server WebSocket E2E	2026-10-06T20:17:40.7133922Z Unpacking libgraphene-1.0-0:amd64 (1.10.8-3build2) ...
client	Browser compatibility and Rust-server WebSocket E2E	2026-10-06T20:17:40.7348891Z Selecting previously unselected package libgssdp-1.6-0:amd64.
client	Browser compatibility and Rust-server WebSocket E2E	2026-10-06T20:17:40.7476001Z Preparing to unpack .../135-libgssdp-1.6-0_1.6.3-1build3_amd64.deb ...
client	Browser compatibility and Rust-server WebSocket E2E	2026-10-06T20:17:40.7485512Z Unpacking libgssdp-1.6-0:amd64 (1.6.3-1build3) ...
client	Browser compatibility and Rust-server WebSocket E2E	2026-10-06T20:17:40.7695629Z Selecting previously unselected package libegl1:amd64.
client	Browser compatibility and Rust-server WebSocket E2E	2026-10-06T20:17:40.7822654Z Preparing to unpack .../136-libegl1_1.7.0-1build1_amd64.deb ...
client	Browser compatibility and Rust-server WebSocket E2E	2026-10-06T20:17:40.7842858Z Unpacking libegl1:amd64 (1.7.0-1build1) ...
client	Browser compatibility and Rust-server WebSocket E2E	2026-10-06T20:17:40.8059045Z Selecting previously unselected package libgstreamer-gl1.0-0:amd64.
client	Browser compatibility and Rust-server WebSocket E2E	2026-10-06T20:17:40.8185668Z Preparing to unpack .../137-libgstreamer-gl1.0-0_1.24.2-1ubuntu0.5_amd64.deb ...
client	Browser compatibility and Rust-server WebSocket E2E	2026-10-06T20:17:40.8194356Z Unpacking libgstreamer-gl1.0-0:amd64 (1.24.2-1ubuntu0.5) ...
client	Browser compatibility and Rust-server WebSocket E2E	2026-10-06T20:17:40.8419620Z Selecting previously unselected package libgtk-4-common.
client	Browser compatibility and Rust-server WebSocket E2E	2026-10-06T20:17:40.8546928Z Preparing to unpack .../138-libgtk-4-common_4.14.5+ds-0ubuntu0.10_all.deb ...
client	Browser compatibility and Rust-server WebSocket E2E	2026-10-06T20:17:40.8555587Z Unpacking libgtk-4-common (4.14.5+ds-0ubuntu0.10) ...
client	Browser compatibility and Rust-server WebSocket E2E	2026-10-06T20:17:40.9051788Z Selecting previously unselected package libgtk-4-1:amd64.
client	Browser compatibility and Rust-server WebSocket E2E	2026-10-06T20:17:40.9180812Z Preparing to unpack .../139-libgtk-4-1_4.14.5+ds-0ubuntu0.10_amd64.deb ...
client	Browser compatibility and Rust-server WebSocket E2E	2026-10-06T20:17:40.9190712Z Unpacking libgtk-4-1:amd64 (4.14.5+ds-0ubuntu0.10) ...
client	Browser compatibility and Rust-server WebSocket E2E	2026-10-06T20:17:40.9818484Z Selecting previously unselected package libgupnp-1.6-0:amd64.
client	Browser compatibility and Rust-server WebSocket E2E	2026-10-06T20:17:40.9948466Z Preparing to unpack .../140-libgupnp-1.6-0_1.6.6-1build3_amd64.deb ...
client	Browser compatibility and Rust-server WebSocket E2E	2026-10-06T20:17:40.9954991Z Unpacking libgupnp-1.6-0:amd64 (1.6.6-1build3) ...
client	Browser compatibility and Rust-server WebSocket E2E	2026-10-06T20:17:41.0222088Z Selecting previously unselected package libgupnp-igd-1.6-0:amd64.
client	Browser compatibility and Rust-server WebSocket E2E	2026-10-06T20:17:41.0350039Z Preparing to unpack .../141-libgupnp-igd-1.6-0_1.6.0-3build3_amd64.deb ...
client	Browser compatibility and Rust-server WebSocket E2E	2026-10-06T20:17:41.0358412Z Unpacking libgupnp-igd-1.6-0:amd64 (1.6.0-3build3) ...
client	Browser compatibility and Rust-server WebSocket E2E	2026-10-06T20:17:41.0564561Z Selecting previously unselected package libharfbuzz-icu0:amd64.
client	Browser compatibility and Rust-server WebSocket E2E	2026-10-06T20:17:41.0693740Z Preparing to unpack .../142-libharfbuzz-icu0_8.3.0-2build2_amd64.deb ...
client	Browser compatibility and Rust-server WebSocket E2E	2026-10-06T20:17:41.0702526Z Unpacking libharfbuzz-icu0:amd64 (8.3.0-2build2) ...
client	Browser compatibility and Rust-server WebSocket E2E	2026-10-06T20:17:41.0915895Z Selecting previously unselected package libhyphen0:amd64.
client	Browser compatibility and Rust-server WebSocket E2E	2026-10-06T20:17:41.1043992Z Preparing to unpack .../143-libhyphen0_2.8.8-7build3_amd64.deb ...
client	Browser compatibility and Rust-server WebSocket E2E	2026-10-06T20:17:41.1052412Z Unpacking libhyphen0:amd64 (2.8.8-7build3) ...
client	Browser compatibility and Rust-server WebSocket E2E	2026-10-06T20:17:41.1258373Z Selecting previously unselected package libimath-3-1-29t64:amd64.
client	Browser compatibility and Rust-server WebSocket E2E	2026-10-06T20:17:41.1387303Z Preparing to unpack .../144-libimath-3-1-29t64_3.1.9-3.1ubuntu2_amd64.deb ...
client	Browser compatibility and Rust-server WebSocket E2E	2026-10-06T20:17:41.1397991Z Unpacking libimath-3-1-29t64:amd64 (3.1.9-3.1ubuntu2) ...
client	Browser compatibility and Rust-server WebSocket E2E	2026-10-06T20:17:41.1632871Z Selecting previously unselected package liblc3-1:amd64.
client	Browser compatibility and Rust-server WebSocket E2E	2026-10-06T20:17:41.1761882Z Preparing to unpack .../145-liblc3-1_1.0.4-3build1_amd64.deb ...
client	Browser compatibility and Rust-server WebSocket E2E	2026-10-06T20:17:41.1769954Z Unpacking liblc3-1:amd64 (1.0.4-3build1) ...
client	Browser compatibility and Rust-server WebSocket E2E	2026-10-06T20:17:41.1980831Z Selecting previously unselected package libldacbt-enc2:amd64.
client	Browser compatibility and Rust-server WebSocket E2E	2026-10-06T20:17:41.2108468Z Preparing to unpack .../146-libldacbt-enc2_2.0.2.3+git20200429+ed310a0-4ubuntu2_amd64.deb ...
client	Browser compatibility and Rust-server WebSocket E2E	2026-10-06T20:17:41.2117768Z Unpacking libldacbt-enc2:amd64 (2.0.2.3+git20200429+ed310a0-4ubuntu2) ...
client	Browser compatibility and Rust-server WebSocket E2E	2026-10-06T20:17:41.2325631Z Selecting previously unselected package libraptor2-0:amd64.
client	Browser compatibility and Rust-server WebSocket E2E	2026-10-06T20:17:41.2452709Z Preparing to unpack .../147-libraptor2-0_2.0.16-3ubuntu0.1_amd64.deb ...
client	Browser compatibility and Rust-server WebSocket E2E	2026-10-06T20:17:41.2464019Z Unpacking libraptor2-0:amd64 (2.0.16-3ubuntu0.1) ...
client	Browser compatibility and Rust-server WebSocket E2E	2026-10-06T20:17:41.2721593Z Selecting previously unselected package liblrdf0:amd64.
client	Browser compatibility and Rust-server WebSocket E2E	2026-10-06T20:17:41.2852420Z Preparing to unpack .../148-liblrdf0_0.6.1-4build1_amd64.deb ...
client	Browser compatibility and Rust-server WebSocket E2E	2026-10-06T20:17:41.2862250Z Unpacking liblrdf0:amd64 (0.6.1-4build1) ...
client	Browser compatibility and Rust-server WebSocket E2E	2026-10-06T20:17:41.3080427Z Selecting previously unselected package libltc11:amd64.
client	Browser compatibility and Rust-server WebSocket E2E	2026-10-06T20:17:41.3208325Z Preparing to unpack .../149-libltc11_1.3.2-1build1_amd64.deb ...
client	Browser compatibility and Rust-server WebSocket E2E	2026-10-06T20:17:41.3219948Z Unpacking libltc11:amd64 (1.3.2-1build1) ...
client	Browser compatibility and Rust-server WebSocket E2E	2026-10-06T20:17:41.3425485Z Selecting previously unselected package libmanette-0.2-0:amd64.
client	Browser compatibility and Rust-server WebSocket E2E	2026-10-06T20:17:41.3552607Z Preparing to unpack .../150-libmanette-0.2-0_0.2.7-1build2_amd64.deb ...
client	Browser compatibility and Rust-server WebSocket E2E	2026-10-06T20:17:41.3560440Z Unpacking libmanette-0.2-0:amd64 (0.2.7-1build2) ...
client	Browser compatibility and Rust-server WebSocket E2E	2026-10-06T20:17:41.3779530Z Selecting previously unselected package libmfx1:amd64.
client	Browser compatibility and Rust-server WebSocket E2E	2026-10-06T20:17:41.3906135Z Preparing to unpack .../151-libmfx1_22.5.4-1_amd64.deb ...
client	Browser compatibility and Rust-server WebSocket E2E	2026-10-06T20:17:41.3914049Z Unpacking libmfx1:amd64 (22.5.4-1) ...
client	Browser compatibility and Rust-server WebSocket E2E	2026-10-06T20:17:41.4823809Z Selecting previously unselected package libmjpegutils-2.1-0t64:amd64.
client	Browser compatibility and Rust-server WebSocket E2E	2026-10-06T20:17:41.4952968Z Preparing to unpack .../152-libmjpegutils-2.1-0t64_1%3a2.1.0+debian-8.1build1_amd64.deb ...
client	Browser compatibility and Rust-server WebSocket E2E	2026-10-06T20:17:41.4961720Z Unpacking libmjpegutils-2.1-0t64:amd64 (1:2.1.0+debian-8.1build1) ...
client	Browser compatibility and Rust-server WebSocket E2E	2026-10-06T20:17:41.5176866Z Selecting previously unselected package libmodplug1:amd64.
client	Browser compatibility and Rust-server WebSocket E2E	2026-10-06T20:17:41.5309917Z Preparing to unpack .../153-libmodplug1_1%3a0.8.9.0-3build1_amd64.deb ...
client	Browser compatibility and Rust-server WebSocket E2E	2026-10-06T20:17:41.5318312Z Unpacking libmodplug1:amd64 (1:0.8.9.0-3build1) ...
client	Browser compatibility and Rust-server WebSocket E2E	2026-10-06T20:17:41.5552473Z Selecting previously unselected package libmpcdec6:amd64.
client	Browser compatibility and Rust-server WebSocket E2E	2026-10-06T20:17:41.5679274Z Preparing to unpack .../154-libmpcdec6_2%3a0.1~r495-2build1_amd64.deb ...
client	Browser compatibility and Rust-server WebSocket E2E	2026-10-06T20:17:41.5688224Z Unpacking libmpcdec6:amd64 (2:0.1~r495-2build1) ...
client	Browser compatibility and Rust-server WebSocket E2E	2026-10-06T20:17:41.5907626Z Selecting previously unselected package libmpeg2encpp-2.1-0t64:amd64.
client	Browser compatibility and Rust-server WebSocket E2E	2026-10-06T20:17:41.6038755Z Preparing to unpack .../155-libmpeg2encpp-2.1-0t64_1%3a2.1.0+debian-8.1build1_amd64.deb ...
client	Browser compatibility and Rust-server WebSocket E2E	2026-10-06T20:17:41.6047326Z Unpacking libmpeg2encpp-2.1-0t64:amd64 (1:2.1.0+debian-8.1build1) ...
client	Browser compatibility and Rust-server WebSocket E2E	2026-10-06T20:17:41.6278983Z Selecting previously unselected package libmplex2-2.1-0t64:amd64.
client	Browser compatibility and Rust-server WebSocket E2E	2026-10-06T20:17:41.6409428Z Preparing to unpack .../156-libmplex2-2.1-0t64_1%3a2.1.0+debian-8.1build1_amd64.deb ...
client	Browser compatibility and Rust-server WebSocket E2E	2026-10-06T20:17:41.6417844Z Unpacking libmplex2-2.1-0t64:amd64 (1:2.1.0+debian-8.1build1) ...
client	Browser compatibility and Rust-server WebSocket E2E	2026-10-06T20:17:41.6647264Z Selecting previously unselected package libneon27t64:amd64.
client	Browser compatibility and Rust-server WebSocket E2E	2026-10-06T20:17:41.6778562Z Preparing to unpack .../157-libneon27t64_0.33.0-1.1build3_amd64.deb ...
client	Browser compatibility and Rust-server WebSocket E2E	2026-10-06T20:17:41.6788324Z Unpacking libneon27t64:amd64 (0.33.0-1.1build3) ...
client	Browser compatibility and Rust-server WebSocket E2E	2026-10-06T20:17:41.7277072Z Selecting previously unselected package libnice10:amd64.
client	Browser compatibility and Rust-server WebSocket E2E	2026-10-06T20:17:41.7407837Z Preparing to unpack .../158-libnice10_0.1.21-2build3_amd64.deb ...
client	Browser compatibility and Rust-server WebSocket E2E	2026-10-06T20:17:41.7418101Z Unpacking libnice10:amd64 (0.1.21-2build3) ...
client	Browser compatibility and Rust-server WebSocket E2E	2026-10-06T20:17:41.7642321Z Selecting previously unselected package libopenal-data.
client	Browser compatibility and Rust-server WebSocket E2E	2026-10-06T20:17:41.7771421Z Preparing to unpack .../159-libopenal-data_1%3a1.23.1-4build1_all.deb ...
client	Browser compatibility and Rust-server WebSocket E2E	2026-10-06T20:17:41.7781781Z Unpacking libopenal-data (1:1.23.1-4build1) ...
client	Browser compatibility and Rust-server WebSocket E2E	2026-10-06T20:17:41.8007693Z Selecting previously unselected package libopenexr-3-1-30:amd64.
client	Browser compatibility and Rust-server WebSocket E2E	2026-10-06T20:17:41.8134826Z Preparing to unpack .../160-libopenexr-3-1-30_3.1.5-5.1build3_amd64.deb ...
client	Browser compatibility and Rust-server WebSocket E2E	2026-10-06T20:17:41.8143560Z Unpacking libopenexr-3-1-30:amd64 (3.1.5-5.1build3) ...
client	Browser compatibility and Rust-server WebSocket E2E	2026-10-06T20:17:41.8509035Z Selecting previously unselected package libopenh264-7:amd64.
client	Browser compatibility and Rust-server WebSocket E2E	2026-10-06T20:17:41.8638116Z Preparing to unpack .../161-libopenh264-7_2.4.1+dfsg-1_amd64.deb ...
client	Browser compatibility and Rust-server WebSocket E2E	2026-10-06T20:17:41.8644983Z Unpacking libopenh264-7:amd64 (2.4.1+dfsg-1) ...
client	Browser compatibility and Rust-server WebSocket E2E	2026-10-06T20:17:41.8912386Z Selecting previously unselected package libopenni2-0:amd64.
client	Browser compatibility and Rust-server WebSocket E2E	2026-10-06T20:17:41.9042258Z Preparing to unpack .../162-libopenni2-0_2.2.0.33+dfsg-18_amd64.deb ...
client	Browser compatibility and Rust-server WebSocket E2E	2026-10-06T20:17:41.9073761Z Unpacking libopenni2-0:amd64 (2.2.0.33+dfsg-18) ...
client	Browser compatibility and Rust-server WebSocket E2E	2026-10-06T20:17:41.9345481Z Selecting previously unselected package libqrencode4:amd64.
client	Browser compatibility and Rust-server WebSocket E2E	2026-10-06T20:17:41.9473670Z Preparing to unpack .../163-libqrencode4_4.1.1-1build2_amd64.deb ...
client	Browser compatibility and Rust-server WebSocket E2E	2026-10-06T20:17:41.9480885Z Unpacking libqrencode4:amd64 (4.1.1-1build2) ...
client	Browser compatibility and Rust-server WebSocket E2E	2026-10-06T20:17:41.9684723Z Selecting previously unselected package libsecret-common.
client	Browser compatibility and Rust-server WebSocket E2E	2026-10-06T20:17:41.9813628Z Preparing to unpack .../164-libsecret-common_0.21.4-1build3_all.deb ...
client	Browser compatibility and Rust-server WebSocket E2E	2026-10-06T20:17:41.9822498Z Unpacking libsecret-common (0.21.4-1build3) ...
client	Browser compatibility and Rust-server WebSocket E2E	2026-10-06T20:17:42.0033476Z Selecting previously unselected package libsecret-1-0:amd64.
client	Browser compatibility and Rust-server WebSocket E2E	2026-10-06T20:17:42.0165994Z Preparing to unpack .../165-libsecret-1-0_0.21.4-1build3_amd64.deb ...
client	Browser compatibility and Rust-server WebSocket E2E	2026-10-06T20:17:42.0174671Z Unpacking libsecret-1-0:amd64 (0.21.4-1build3) ...
client	Browser compatibility and Rust-server WebSocket E2E	2026-10-06T20:17:42.0405235Z Selecting previously unselected package libsndio7.0:amd64.
client	Browser compatibility and Rust-server WebSocket E2E	2026-10-06T20:17:42.0534548Z Preparing to unpack .../166-libsndio7.0_1.9.0-0.3build3_amd64.deb ...
client	Browser compatibility and Rust-server WebSocket E2E	2026-10-06T20:17:42.0542209Z Unpacking libsndio7.0:amd64 (1.9.0-0.3build3) ...
client	Browser compatibility and Rust-server WebSocket E2E	2026-10-06T20:17:42.0755955Z Selecting previously unselected package libsoundtouch1:amd64.
client	Browser compatibility and Rust-server WebSocket E2E	2026-10-06T20:17:42.0883473Z Preparing to unpack .../167-libsoundtouch1_2.3.2+ds1-1build1_amd64.deb ...
client	Browser compatibility and Rust-server WebSocket E2E	2026-10-06T20:17:42.0891667Z Unpacking libsoundtouch1:amd64 (2.3.2+ds1-1build1) ...
client	Browser compatibility and Rust-server WebSocket E2E	2026-10-06T20:17:42.1112146Z Selecting previously unselected package libspandsp2t64:amd64.
client	Browser compatibility and Rust-server WebSocket E2E	2026-10-06T20:17:42.1240734Z Preparing to unpack .../168-libspandsp2t64_0.0.6+dfsg-2.1build1_amd64.deb ...
client	Browser compatibility and Rust-server WebSocket E2E	2026-10-06T20:17:42.1249692Z Unpacking libspandsp2t64:amd64 (0.0.6+dfsg-2.1build1) ...
client	Browser compatibility and Rust-server WebSocket E2E	2026-10-06T20:17:42.1500296Z Selecting previously unselected package libsrtp2-1:amd64.
client	Browser compatibility and Rust-server WebSocket E2E	2026-10-06T20:17:42.1628211Z Preparing to unpack .../169-libsrtp2-1_2.5.0-3build1_amd64.deb ...
client	Browser compatibility and Rust-server WebSocket E2E	2026-10-06T20:17:42.1636063Z Unpacking libsrtp2-1:amd64 (2.5.0-3build1) ...
client	Browser compatibility and Rust-server WebSocket E2E	2026-10-06T20:17:42.1853813Z Selecting previously unselected package libwayland-server0:amd64.
client	Browser compatibility and Rust-server WebSocket E2E	2026-10-06T20:17:42.1981086Z Preparing to unpack .../170-libwayland-server0_1.22.0-2.1build1_amd64.deb ...
client	Browser compatibility and Rust-server WebSocket E2E	2026-10-06T20:17:42.1990451Z Unpacking libwayland-server0:amd64 (1.22.0-2.1build1) ...
client	Browser compatibility and Rust-server WebSocket E2E	2026-10-06T20:17:42.2197963Z Selecting previously unselected package libwildmidi2:amd64.
client	Browser compatibility and Rust-server WebSocket E2E	2026-10-06T20:17:42.2326842Z Preparing to unpack .../171-libwildmidi2_0.4.3-1build3_amd64.deb ...
client	Browser compatibility and Rust-server WebSocket E2E	2026-10-06T20:17:42.2337245Z Unpacking libwildmidi2:amd64 (0.4.3-1build3) ...
client	Browser compatibility and Rust-server WebSocket E2E	2026-10-06T20:17:42.2570027Z Selecting previously unselected package libwoff1:amd64.
client	Browser compatibility and Rust-server WebSocket E2E	2026-10-06T20:17:42.2697680Z Preparing to unpack .../172-libwoff1_1.0.2-2build1_amd64.deb ...
client	Browser compatibility and Rust-server WebSocket E2E	2026-10-06T20:17:42.2707356Z Unpacking libwoff1:amd64 (1.0.2-2build1) ...
client	Browser compatibility and Rust-server WebSocket E2E	2026-10-06T20:17:42.2920303Z Selecting previously unselected package libxcb-xkb1:amd64.
client	Browser compatibility and Rust-server WebSocket E2E	2026-10-06T20:17:42.3050012Z Preparing to unpack .../173-libxcb-xkb1_1.15-1ubuntu2_amd64.deb ...
client	Browser compatibility and Rust-server WebSocket E2E	2026-10-06T20:17:42.3059658Z Unpacking libxcb-xkb1:amd64 (1.15-1ubuntu2) ...
client	Browser compatibility and Rust-server WebSocket E2E	2026-10-06T20:17:42.3275649Z Selecting previously unselected package libxkbcommon-x11-0:amd64.
client	Browser compatibility and Rust-server WebSocket E2E	2026-10-06T20:17:42.3407469Z Preparing to unpack .../174-libxkbcommon-x11-0_1.6.0-1build1_amd64.deb ...
client	Browser compatibility and Rust-server WebSocket E2E	2026-10-06T20:17:42.3423003Z Unpacking libxkbcommon-x11-0:amd64 (1.6.0-1build1) ...
client	Browser compatibility and Rust-server WebSocket E2E	2026-10-06T20:17:42.3636627Z Selecting previously unselected package libzbar0t64:amd64.
client	Browser compatibility and Rust-server WebSocket E2E	2026-10-06T20:17:42.3768310Z Preparing to unpack .../175-libzbar0t64_0.23.93-4build3_amd64.deb ...
client	Browser compatibility and Rust-server WebSocket E2E	2026-10-06T20:17:42.3777999Z Unpacking libzbar0t64:amd64 (0.23.93-4build3) ...
client	Browser compatibility and Rust-server WebSocket E2E	2026-10-06T20:17:42.4007760Z Selecting previously unselected package libzxing3:amd64.
client	Browser compatibility and Rust-server WebSocket E2E	2026-10-06T20:17:42.4136351Z Preparing to unpack .../176-libzxing3_2.2.1-3_amd64.deb ...
client	Browser compatibility and Rust-server WebSocket E2E	2026-10-06T20:17:42.4145993Z Unpacking libzxing3:amd64 (2.2.1-3) ...
client	Browser compatibility and Rust-server WebSocket E2E	2026-10-06T20:17:42.4401416Z Selecting previously unselected package xfonts-encodings.
client	Browser compatibility and Rust-server WebSocket E2E	2026-10-06T20:17:42.4527504Z Preparing to unpack .../177-xfonts-encodings_1%3a1.0.5-0ubuntu2_all.deb ...
client	Browser compatibility and Rust-server WebSocket E2E	2026-10-06T20:17:42.4534532Z Unpacking xfonts-encodings (1:1.0.5-0ubuntu2) ...
client	Browser compatibility and Rust-server WebSocket E2E	2026-10-06T20:17:42.4835829Z Selecting previously unselected package xfonts-utils.
client	Browser compatibility and Rust-server WebSocket E2E	2026-10-06T20:17:42.4962212Z Preparing to unpack .../178-xfonts-utils_1%3a7.7+6build3_amd64.deb ...
client	Browser compatibility and Rust-server WebSocket E2E	2026-10-06T20:17:42.4969146Z Unpacking xfonts-utils (1:7.7+6build3) ...
client	Browser compatibility and Rust-server WebSocket E2E	2026-10-06T20:17:42.5648630Z Selecting previously unselected package xfonts-cyrillic.
client	Browser compatibility and Rust-server WebSocket E2E	2026-10-06T20:17:42.5778236Z Preparing to unpack .../179-xfonts-cyrillic_1%3a1.0.5+nmu1_all.deb ...
client	Browser compatibility and Rust-server WebSocket E2E	2026-10-06T20:17:42.5785638Z Unpacking xfonts-cyrillic (1:1.0.5+nmu1) ...
client	Browser compatibility and Rust-server WebSocket E2E	2026-10-06T20:17:42.6142653Z Selecting previously unselected package xfonts-scalable.
client	Browser compatibility and Rust-server WebSocket E2E	2026-10-06T20:17:42.6270887Z Preparing to unpack .../180-xfonts-scalable_1%3a1.0.3-1.3_all.deb ...
client	Browser compatibility and Rust-server WebSocket E2E	2026-10-06T20:17:42.6280383Z Unpacking xfonts-scalable (1:1.0.3-1.3) ...
client	Browser compatibility and Rust-server WebSocket E2E	2026-10-06T20:17:42.6526265Z Selecting previously unselected package libgstreamer-plugins-bad1.0-0:amd64.
client	Browser compatibility and Rust-server WebSocket E2E	2026-10-06T20:17:42.6652217Z Preparing to unpack .../181-libgstreamer-plugins-bad1.0-0_1.24.2-1ubuntu4_amd64.deb ...
client	Browser compatibility and Rust-server WebSocket E2E	2026-10-06T20:17:42.6659928Z Unpacking libgstreamer-plugins-bad1.0-0:amd64 (1.24.2-1ubuntu4) ...
client	Browser compatibility and Rust-server WebSocket E2E	2026-10-06T20:17:42.7034722Z Selecting previously unselected package libdca0:amd64.
client	Browser compatibility and Rust-server WebSocket E2E	2026-10-06T20:17:42.7163208Z Preparing to unpack .../182-libdca0_0.0.7-2build1_amd64.deb ...
client	Browser compatibility and Rust-server WebSocket E2E	2026-10-06T20:17:42.7170264Z Unpacking libdca0:amd64 (0.0.7-2build1) ...
client	Browser compatibility and Rust-server WebSocket E2E	2026-10-06T20:17:42.7425396Z Selecting previously unselected package libopenal1:amd64.
client	Browser compatibility and Rust-server WebSocket E2E	2026-10-06T20:17:42.7552380Z Preparing to unpack .../183-libopenal1_1%3a1.23.1-4build1_amd64.deb ...
client	Browser compatibility and Rust-server WebSocket E2E	2026-10-06T20:17:42.7561673Z Unpacking libopenal1:amd64 (1:1.23.1-4build1) ...
client	Browser compatibility and Rust-server WebSocket E2E	2026-10-06T20:17:42.7823517Z Selecting previously unselected package libsbc1:amd64.
client	Browser compatibility and Rust-server WebSocket E2E	2026-10-06T20:17:42.7949861Z Preparing to unpack .../184-libsbc1_2.0-1build1_amd64.deb ...
client	Browser compatibility and Rust-server WebSocket E2E	2026-10-06T20:17:42.7958578Z Unpacking libsbc1:amd64 (2.0-1build1) ...
client	Browser compatibility and Rust-server WebSocket E2E	2026-10-06T20:17:42.8162476Z Selecting previously unselected package libvo-aacenc0:amd64.
client	Browser compatibility and Rust-server WebSocket E2E	2026-10-06T20:17:42.8288775Z Preparing to unpack .../185-libvo-aacenc0_0.1.3-2build1_amd64.deb ...
client	Browser compatibility and Rust-server WebSocket E2E	2026-10-06T20:17:42.8297318Z Unpacking libvo-aacenc0:amd64 (0.1.3-2build1) ...
client	Browser compatibility and Rust-server WebSocket E2E	2026-10-06T20:17:42.8504148Z Selecting previously unselected package libvo-amrwbenc0:amd64.
client	Browser compatibility and Rust-server WebSocket E2E	2026-10-06T20:17:42.8631845Z Preparing to unpack .../186-libvo-amrwbenc0_0.1.3-2build1_amd64.deb ...
client	Browser compatibility and Rust-server WebSocket E2E	2026-10-06T20:17:42.8641022Z Unpacking libvo-amrwbenc0:amd64 (0.1.3-2build1) ...
client	Browser compatibility and Rust-server WebSocket E2E	2026-10-06T20:17:42.8850651Z Selecting previously unselected package gstreamer1.0-plugins-bad:amd64.
client	Browser compatibility and Rust-server WebSocket E2E	2026-10-06T20:17:42.8977938Z Preparing to unpack .../187-gstreamer1.0-plugins-bad_1.24.2-1ubuntu4_amd64.deb ...
client	Browser compatibility and Rust-server WebSocket E2E	2026-10-06T20:17:42.8991139Z Unpacking gstreamer1.0-plugins-bad:amd64 (1.24.2-1ubuntu4) ...
client	Browser compatibility and Rust-server WebSocket E2E	2026-10-06T20:17:43.1398509Z Setting up libgme0:amd64 (0.6.3-7build1) ...
client	Browser compatibility and Rust-server WebSocket E2E	2026-10-06T20:17:43.1430459Z Setting up libchromaprint1:amd64 (1.5.1-5) ...
client	Browser compatibility and Rust-server WebSocket E2E	2026-10-06T20:17:43.1450580Z Setting up libssh-gcrypt-4:amd64 (0.10.6-2ubuntu0.5) ...
client	Browser compatibility and Rust-server WebSocket E2E	2026-10-06T20:17:43.1472427Z Setting up libhwy1t64:amd64 (1.0.7-8.1build1) ...
client	Browser compatibility and Rust-server WebSocket E2E	2026-10-06T20:17:43.1491146Z Setting up libfreeaptx0:amd64 (0.1.1-2build1) ...
client	Browser compatibility and Rust-server WebSocket E2E	2026-10-06T20:17:43.1509765Z Setting up libdvdread8t64:amd64 (6.1.3-1.1build1) ...
client	Browser compatibility and Rust-server WebSocket E2E	2026-10-06T20:17:43.1528641Z Setting up libudfread0:amd64 (1.1.2-1build1) ...
client	Browser compatibility and Rust-server WebSocket E2E	2026-10-06T20:17:43.1545955Z Setting up libmodplug1:amd64 (1:0.8.9.0-3build1) ...
client	Browser compatibility and Rust-server WebSocket E2E	2026-10-06T20:17:43.1567735Z Setting up libcdparanoia0:amd64 (3.10.2+debian-14build3) ...
client	Browser compatibility and Rust-server WebSocket E2E	2026-10-06T20:17:43.1586611Z Setting up libwayland-server0:amd64 (1.22.0-2.1build1) ...
client	Browser compatibility and Rust-server WebSocket E2E	2026-10-06T20:17:43.1606227Z Setting up libvo-amrwbenc0:amd64 (0.1.3-2build1) ...
client	Browser compatibility and Rust-server WebSocket E2E	2026-10-06T20:17:43.1626056Z Setting up mesa-libgallium:amd64 (25.2.8-0ubuntu0.24.04.4) ...
client	Browser compatibility and Rust-server WebSocket E2E	2026-10-06T20:17:43.1642674Z Setting up session-migration (0.3.9build1) ...
client	Browser compatibility and Rust-server WebSocket E2E	2026-10-06T20:17:43.3099055Z Created symlink /etc/systemd/user/graphical-session-pre.target.wants/session-migration.service → /usr/lib/systemd/user/session-migration.service.
client	Browser compatibility and Rust-server WebSocket E2E	2026-10-06T20:17:43.3100038Z
client	Browser compatibility and Rust-server WebSocket E2E	2026-10-06T20:17:43.3132743Z Setting up libraw1394-11:amd64 (2.1.2-2build3) ...
client	Browser compatibility and Rust-server WebSocket E2E	2026-10-06T20:17:43.3152275Z Setting up libsbc1:amd64 (2.0-1build1) ...
client	Browser compatibility and Rust-server WebSocket E2E	2026-10-06T20:17:43.3176621Z Setting up libproxy1v5:amd64 (0.5.4-4build1) ...
client	Browser compatibility and Rust-server WebSocket E2E	2026-10-06T20:17:43.3196477Z Setting up libneon27t64:amd64 (0.33.0-1.1build3) ...
client	Browser compatibility and Rust-server WebSocket E2E	2026-10-06T20:17:43.3213657Z Setting up libtag1v5-vanilla:amd64 (1.13.1-1build1) ...
client	Browser compatibility and Rust-server WebSocket E2E	2026-10-06T20:17:43.3236679Z Setting up libharfbuzz-icu0:amd64 (8.3.0-2build2) ...
client	Browser compatibility and Rust-server WebSocket E2E	2026-10-06T20:17:43.3255342Z Setting up libopenni2-0:amd64 (2.2.0.33+dfsg-18) ...
client	Browser compatibility and Rust-server WebSocket E2E	2026-10-06T20:17:43.3507025Z Setting up libspeex1:amd64 (1.2.1-2ubuntu2.24.04.1) ...
client	Browser compatibility and Rust-server WebSocket E2E	2026-10-06T20:17:43.3527382Z Setting up libshine3:amd64 (3.1.1-2build1) ...
client	Browser compatibility and Rust-server WebSocket E2E	2026-10-06T20:17:43.3547540Z Setting up libcaca0:amd64 (0.99.beta20-4ubuntu0.2) ...
client	Browser compatibility and Rust-server WebSocket E2E	2026-10-06T20:17:43.3573299Z Setting up libvpl2 (2023.3.0-1build1) ...
client	Browser compatibility and Rust-server WebSocket E2E	2026-10-06T20:17:43.3592069Z Setting up libv4lconvert0t64:amd64 (1.26.1-4build3) ...
client	Browser compatibility and Rust-server WebSocket E2E	2026-10-06T20:17:43.3616864Z Setting up libx264-164:amd64 (2:0.164.3108+git31e19f9-1) ...
client	Browser compatibility and Rust-server WebSocket E2E	2026-10-06T20:17:43.3636670Z Setting up libtwolame0:amd64 (0.4.0-2build3) ...
client	Browser compatibility and Rust-server WebSocket E2E	2026-10-06T20:17:43.3654686Z Setting up libmbedcrypto7t64:amd64 (2.28.8-1) ...
client	Browser compatibility and Rust-server WebSocket E2E	2026-10-06T20:17:43.3673818Z Setting up libwoff1:amd64 (1.0.2-2build1) ...
client	Browser compatibility and Rust-server WebSocket E2E	2026-10-06T20:17:43.3698778Z Setting up liblc3-1:amd64 (1.0.4-3build1) ...
client	Browser compatibility and Rust-server WebSocket E2E	2026-10-06T20:17:43.3716395Z Setting up libqrencode4:amd64 (4.1.1-1build2) ...
client	Browser compatibility and Rust-server WebSocket E2E	2026-10-06T20:17:43.3737408Z Setting up libhyphen0:amd64 (2.8.8-7build3) ...
client	Browser compatibility and Rust-server WebSocket E2E	2026-10-06T20:17:43.3754171Z Setting up libgbm1:amd64 (25.2.8-0ubuntu0.24.04.4) ...
client	Browser compatibility and Rust-server WebSocket E2E	2026-10-06T20:17:43.3775296Z Setting up libgsm1:amd64 (1.0.22-1build1) ...
client	Browser compatibility and Rust-server WebSocket E2E	2026-10-06T20:17:43.3794486Z Setting up libvisual-0.4-0:amd64 (0.4.2-2build1) ...
client	Browser compatibility and Rust-server WebSocket E2E	2026-10-06T20:17:43.3812243Z Setting up libsoxr0:amd64 (0.1.3-4build3) ...
client	Browser compatibility and Rust-server WebSocket E2E	2026-10-06T20:17:43.3833800Z Setting up libzix-0-0:amd64 (0.4.2-2build1) ...
client	Browser compatibility and Rust-server WebSocket E2E	2026-10-06T20:17:43.3853193Z Setting up libcodec2-1.2:amd64 (1.2.0-2build1) ...
client	Browser compatibility and Rust-server WebSocket E2E	2026-10-06T20:17:43.3870731Z Setting up libmanette-0.2-0:amd64 (0.2.7-1build2) ...
client	Browser compatibility and Rust-server WebSocket E2E	2026-10-06T20:17:43.3889863Z Setting up libsrtp2-1:amd64 (2.5.0-3build1) ...
client	Browser compatibility and Rust-server WebSocket E2E	2026-10-06T20:17:43.3907616Z Setting up libgl1-mesa-dri:amd64 (25.2.8-0ubuntu0.24.04.4) ...
client	Browser compatibility and Rust-server WebSocket E2E	2026-10-06T20:17:43.3984541Z Setting up libmysofa1:amd64 (1.3.2+dfsg-2ubuntu2) ...
client	Browser compatibility and Rust-server WebSocket E2E	2026-10-06T20:17:43.4003795Z Setting up libraptor2-0:amd64 (2.0.16-3ubuntu0.1) ...
client	Browser compatibility and Rust-server WebSocket E2E	2026-10-06T20:17:43.4026736Z Setting up libldacbt-enc2:amd64 (2.0.2.3+git20200429+ed310a0-4ubuntu2) ...
client	Browser compatibility and Rust-server WebSocket E2E	2026-10-06T20:17:43.4045326Z Setting up fonts-wqy-zenhei (0.9.45-8) ...
client	Browser compatibility and Rust-server WebSocket E2E	2026-10-06T20:17:43.4164277Z Setting up libwebrtc-audio-processing1:amd64 (0.3.1-0ubuntu6) ...
client	Browser compatibility and Rust-server WebSocket E2E	2026-10-06T20:17:43.4182073Z Setting up fonts-freefont-ttf (20211204+svn4273-2) ...
client	Browser compatibility and Rust-server WebSocket E2E	2026-10-06T20:17:43.4198996Z Setting up libevent-2.1-7t64:amd64 (2.1.12-stable-9ubuntu2.2) ...
client	Browser compatibility and Rust-server WebSocket E2E	2026-10-06T20:17:43.4215732Z Setting up libsvtav1enc1d1:amd64 (1.7.0+dfsg-2build1) ...
client	Browser compatibility and Rust-server WebSocket E2E	2026-10-06T20:17:43.4236657Z Setting up libsoup-3.0-common (3.4.4-5ubuntu0.8) ...
client	Browser compatibility and Rust-server WebSocket E2E	2026-10-06T20:17:43.4253098Z Setting up libmpg123-0t64:amd64 (1.32.5-1ubuntu1.1) ...
client	Browser compatibility and Rust-server WebSocket E2E	2026-10-06T20:17:43.4277055Z Setting up libcjson1:amd64 (1.7.17-1) ...
client	Browser compatibility and Rust-server WebSocket E2E	2026-10-06T20:17:43.4295328Z Setting up libxvidcore4:amd64 (2:1.3.7-1build1) ...
client	Browser compatibility and Rust-server WebSocket E2E	2026-10-06T20:17:43.4315535Z Setting up libmpcdec6:amd64 (2:0.1~r495-2build1) ...
client	Browser compatibility and Rust-server WebSocket E2E	2026-10-06T20:17:43.4337614Z Setting up libmjpegutils-2.1-0t64:amd64 (1:2.1.0+debian-8.1build1) ...
client	Browser compatibility and Rust-server WebSocket E2E	2026-10-06T20:17:43.4355342Z Setting up librav1e0:amd64 (0.7.1-2) ...
client	Browser compatibility and Rust-server WebSocket E2E	2026-10-06T20:17:43.4374912Z Setting up liborc-0.4-0t64:amd64 (1:0.4.38-1ubuntu0.1) ...
client	Browser compatibility and Rust-server WebSocket E2E	2026-10-06T20:17:43.4392366Z Setting up libxcb-xkb1:amd64 (1.15-1ubuntu2) ...
client	Browser compatibility and Rust-server WebSocket E2E	2026-10-06T20:17:43.4409551Z Setting up libvo-aacenc0:amd64 (0.1.3-2build1) ...
client	Browser compatibility and Rust-server WebSocket E2E	2026-10-06T20:17:43.4435209Z Setting up librist4:amd64 (0.2.10+dfsg-2) ...
client	Browser compatibility and Rust-server WebSocket E2E	2026-10-06T20:17:43.4453395Z Setting up librsvg2-2:amd64 (2.58.0+dfsg-1build1) ...
client	Browser compatibility and Rust-server WebSocket E2E	2026-10-06T20:17:43.4476464Z Setting up libblas3:amd64 (3.12.0-3build1.1) ...
client	Browser compatibility and Rust-server WebSocket E2E	2026-10-06T20:17:43.4536279Z update-alternatives: using /usr/lib/x86_64-linux-gnu/blas/libblas.so.3 to provide /usr/lib/x86_64-linux-gnu/libblas.so.3 (libblas.so.3-x86_64-linux-gnu) in auto mode
client	Browser compatibility and Rust-server WebSocket E2E	2026-10-06T20:17:43.4551781Z Setting up libegl-mesa0:amd64 (25.2.8-0ubuntu0.24.04.4) ...
client	Browser compatibility and Rust-server WebSocket E2E	2026-10-06T20:17:43.4603100Z Setting up libsoundtouch1:amd64 (2.3.2+ds1-1build1) ...
client	Browser compatibility and Rust-server WebSocket E2E	2026-10-06T20:17:43.4625704Z Setting up libplacebo338:amd64 (6.338.2-2build1) ...
client	Browser compatibility and Rust-server WebSocket E2E	2026-10-06T20:17:43.4644429Z Setting up libgles2:amd64 (1.7.0-1build1) ...
client	Browser compatibility and Rust-server WebSocket E2E	2026-10-06T20:17:43.4664825Z Setting up fonts-tlwg-loma-otf (1:0.7.3-1) ...
client	Browser compatibility and Rust-server WebSocket E2E	2026-10-06T20:17:43.4684035Z Setting up libva2:amd64 (2.20.0-2ubuntu0.2) ...
client	Browser compatibility and Rust-server WebSocket E2E	2026-10-06T20:17:43.4705563Z Setting up libfreetype6:amd64 (2.13.2+dfsg-1ubuntu0.2) ...
client	Browser compatibility and Rust-server WebSocket E2E	2026-10-06T20:17:43.4724662Z Setting up libspa-0.2-modules:amd64 (1.0.5-1ubuntu3.3) ...
client	Browser compatibility and Rust-server WebSocket E2E	2026-10-06T20:17:43.4744557Z Setting up libzxing3:amd64 (2.2.1-3) ...
client	Browser compatibility and Rust-server WebSocket E2E	2026-10-06T20:17:43.4765612Z Setting up xfonts-encodings (1:1.0.5-0ubuntu2) ...
client	Browser compatibility and Rust-server WebSocket E2E	2026-10-06T20:17:43.4784307Z Setting up libopus0:amd64 (1.4-1build1) ...
client	Browser compatibility and Rust-server WebSocket E2E	2026-10-06T20:17:43.4803520Z Setting up libfaad2:amd64 (2.11.1-1build1) ...
client	Browser compatibility and Rust-server WebSocket E2E	2026-10-06T20:17:43.4822276Z Setting up libxkbcommon-x11-0:amd64 (1.6.0-1build1) ...
client	Browser compatibility and Rust-server WebSocket E2E	2026-10-06T20:17:43.4842164Z Setting up libdc1394-25:amd64 (2.2.6-4build1) ...
client	Browser compatibility and Rust-server WebSocket E2E	2026-10-06T20:17:43.4858813Z Setting up libimath-3-1-29t64:amd64 (3.1.9-3.1ubuntu2) ...
client	Browser compatibility and Rust-server WebSocket E2E	2026-10-06T20:17:43.4875859Z Setting up libunibreak5:amd64 (5.1-2build1) ...
client	Browser compatibility and Rust-server WebSocket E2E	2026-10-06T20:17:43.4901495Z Setting up libdv4t64:amd64 (1.0.0-17.1build1) ...
client	Browser compatibility and Rust-server WebSocket E2E	2026-10-06T20:17:43.4919531Z Setting up libjxl0.7:amd64 (0.7.0-10.2ubuntu6.1) ...
client	Browser compatibility and Rust-server WebSocket E2E	2026-10-06T20:17:43.4940171Z Setting up libopenh264-7:amd64 (2.4.1+dfsg-1) ...
client	Browser compatibility and Rust-server WebSocket E2E	2026-10-06T20:17:43.4960117Z Setting up libltc11:amd64 (1.3.2-1build1) ...
client	Browser compatibility and Rust-server WebSocket E2E	2026-10-06T20:17:43.4978236Z Setting up libx265-199:amd64 (3.5-2build1) ...
client	Browser compatibility and Rust-server WebSocket E2E	2026-10-06T20:17:43.5258627Z Setting up libv4l-0t64:amd64 (1.26.1-4build3) ...
client	Browser compatibility and Rust-server WebSocket E2E	2026-10-06T20:17:43.5286437Z Setting up libavtp0:amd64 (0.2.0-1build1) ...
client	Browser compatibility and Rust-server WebSocket E2E	2026-10-06T20:17:43.5305505Z Setting up libsndio7.0:amd64 (1.9.0-0.3build3) ...
client	Browser compatibility and Rust-server WebSocket E2E	2026-10-06T20:17:43.5328808Z Setting up libdirectfb-1.7-7t64:amd64 (1.7.7-11.1ubuntu2) ...
client	Browser compatibility and Rust-server WebSocket E2E	2026-10-06T20:17:43.5348875Z Setting up libspandsp2t64:amd64 (0.0.6+dfsg-2.1build1) ...
client	Browser compatibility and Rust-server WebSocket E2E	2026-10-06T20:17:43.5370779Z Setting up libvidstab1.1:amd64 (1.1.0-2build1) ...
client	Browser compatibility and Rust-server WebSocket E2E	2026-10-06T20:17:43.5388313Z Setting up libvpx9:amd64 (1.14.0-1ubuntu2.3) ...
client	Browser compatibility and Rust-server WebSocket E2E	2026-10-06T20:17:43.5410506Z Setting up libsrt1.5-gnutls:amd64 (1.5.3-1build2) ...
client	Browser compatibility and Rust-server WebSocket E2E	2026-10-06T20:17:43.5427827Z Setting up libtag1v5:amd64 (1.13.1-1build1) ...
client	Browser compatibility and Rust-server WebSocket E2E	2026-10-06T20:17:43.5447040Z Setting up libflite1:amd64 (2.2-6build3) ...
client	Browser compatibility and Rust-server WebSocket E2E	2026-10-06T20:17:43.5464876Z Setting up libdav1d7:amd64 (1.4.1-1build1) ...
client	Browser compatibility and Rust-server WebSocket E2E	2026-10-06T20:17:43.5483880Z Setting up libva-drm2:amd64 (2.20.0-2ubuntu0.2) ...
client	Browser compatibility and Rust-server WebSocket E2E	2026-10-06T20:17:43.5500795Z Setting up fonts-ipafont-gothic (00303-21ubuntu1) ...
client	Browser compatibility and Rust-server WebSocket E2E	2026-10-06T20:17:43.5570948Z update-alternatives: using /usr/share/fonts/opentype/ipafont-gothic/ipag.ttf to provide /usr/share/fonts/truetype/fonts-japanese-gothic.ttf (fonts-japanese-gothic.ttf) in auto mode
client	Browser compatibility and Rust-server WebSocket E2E	2026-10-06T20:17:43.5588803Z Setting up ocl-icd-libopencl1:amd64 (2.3.2-1build1) ...
client	Browser compatibility and Rust-server WebSocket E2E	2026-10-06T20:17:43.5611588Z Setting up libasyncns0:amd64 (0.8-6build4) ...
client	Browser compatibility and Rust-server WebSocket E2E	2026-10-06T20:17:43.5631106Z Setting up libwildmidi2:amd64 (0.4.3-1build3) ...
client	Browser compatibility and Rust-server WebSocket E2E	2026-10-06T20:17:43.5649191Z Setting up libvdpau1:amd64 (1.5-2build1) ...
client	Browser compatibility and Rust-server WebSocket E2E	2026-10-06T20:17:43.5676996Z Setting up libwavpack1:amd64 (5.6.0-1build1) ...
client	Browser compatibility and Rust-server WebSocket E2E	2026-10-06T20:17:43.5697834Z Setting up libbs2b0:amd64 (3.1.0+dfsg-7build1) ...
client	Browser compatibility and Rust-server WebSocket E2E	2026-10-06T20:17:43.5715654Z Setting up libtheora0:amd64 (1.1.1+dfsg.1-16.1build3) ...
client	Browser compatibility and Rust-server WebSocket E2E	2026-10-06T20:17:43.5738804Z Setting up libegl1:amd64 (1.7.0-1build1) ...
client	Browser compatibility and Rust-server WebSocket E2E	2026-10-06T20:17:43.5756230Z Setting up libdecor-0-0:amd64 (0.2.2-1build2) ...
client	Browser compatibility and Rust-server WebSocket E2E	2026-10-06T20:17:43.5775447Z Setting up libdca0:amd64 (0.0.7-2build1) ...
client	Browser compatibility and Rust-server WebSocket E2E	2026-10-06T20:17:43.5793164Z Setting up libzimg2:amd64 (3.0.5+ds1-1build1) ...
client	Browser compatibility and Rust-server WebSocket E2E	2026-10-06T20:17:43.5810585Z Setting up libopenal-data (1:1.23.1-4build1) ...
client	Browser compatibility and Rust-server WebSocket E2E	2026-10-06T20:17:43.5868318Z Setting up libevent-core-2.1-7t64:amd64 (2.1.12-stable-9ubuntu2.2) ...
client	Browser compatibility and Rust-server WebSocket E2E	2026-10-06T20:17:43.5890101Z Setting up libabsl20220623t64:amd64 (20220623.1-3.1ubuntu3.2) ...
client	Browser compatibility and Rust-server WebSocket E2E	2026-10-06T20:17:43.5915490Z Setting up libflac12t64:amd64 (1.4.3+ds-2.1ubuntu2) ...
client	Browser compatibility and Rust-server WebSocket E2E	2026-10-06T20:17:43.5939272Z Setting up libgtk-4-common (4.14.5+ds-0ubuntu0.10) ...
client	Browser compatibility and Rust-server WebSocket E2E	2026-10-06T20:17:43.5962108Z Setting up libmpeg2encpp-2.1-0t64:amd64 (1:2.1.0+debian-8.1build1) ...
client	Browser compatibility and Rust-server WebSocket E2E	2026-10-06T20:17:43.5981993Z Setting up glib-networking-common (2.80.0-1build1) ...
client	Browser compatibility and Rust-server WebSocket E2E	2026-10-06T20:17:43.6002415Z Setting up libmfx1:amd64 (22.5.4-1) ...
client	Browser compatibility and Rust-server WebSocket E2E	2026-10-06T20:17:43.6025969Z Setting up libbluray2:amd64 (1:1.3.4-1build1) ...
client	Browser compatibility and Rust-server WebSocket E2E	2026-10-06T20:17:43.6052318Z Setting up libde265-0:amd64 (1.0.15-1ubuntu0.1) ...
client	Browser compatibility and Rust-server WebSocket E2E	2026-10-06T20:17:43.6069372Z Setting up libsamplerate0:amd64 (0.2.2-4build1) ...
client	Browser compatibility and Rust-server WebSocket E2E	2026-10-06T20:17:43.6091757Z Setting up timgm6mb-soundfont (1.3-5) ...
client	Browser compatibility and Rust-server WebSocket E2E	2026-10-06T20:17:43.6173736Z update-alternatives: using /usr/share/sounds/sf2/TimGM6mb.sf2 to provide /usr/share/sounds/sf2/default-GM.sf2 (default-GM.sf2) in auto mode
client	Browser compatibility and Rust-server WebSocket E2E	2026-10-06T20:17:43.6220345Z update-alternatives: using /usr/share/sounds/sf2/TimGM6mb.sf2 to provide /usr/share/sounds/sf3/default-GM.sf3 (default-GM.sf3) in auto mode
client	Browser compatibility and Rust-server WebSocket E2E	2026-10-06T20:17:43.6236689Z Setting up libva-x11-2:amd64 (2.20.0-2ubuntu0.2) ...
client	Browser compatibility and Rust-server WebSocket E2E	2026-10-06T20:17:43.6255206Z Setting up libyuv0:amd64 (0.0~git202401110.af6ac82-1) ...
client	Browser compatibility and Rust-server WebSocket E2E	2026-10-06T20:17:43.6275815Z Setting up libmplex2-2.1-0t64:amd64 (1:2.1.0+debian-8.1build1) ...
client	Browser compatibility and Rust-server WebSocket E2E	2026-10-06T20:17:43.6294441Z Setting up libpipewire-0.3-0t64:amd64 (1.0.5-1ubuntu3.3) ...
client	Browser compatibility and Rust-server WebSocket E2E	2026-10-06T20:17:43.6317320Z Setting up libopenmpt0t64:amd64 (0.7.3-1.1build3) ...
client	Browser compatibility and Rust-server WebSocket E2E	2026-10-06T20:17:43.6335599Z Setting up libzvbi-common (0.2.42-2) ...
client	Browser compatibility and Rust-server WebSocket E2E	2026-10-06T20:17:43.6353183Z Setting up libsecret-common (0.21.4-1build3) ...
client	Browser compatibility and Rust-server WebSocket E2E	2026-10-06T20:17:43.6374411Z Setting up libmp3lame0:amd64 (3.100-6build1) ...
client	Browser compatibility and Rust-server WebSocket E2E	2026-10-06T20:17:43.6395592Z Setting up libgraphene-1.0-0:amd64 (1.10.8-3build2) ...
client	Browser compatibility and Rust-server WebSocket E2E	2026-10-06T20:17:43.6416967Z Setting up libvorbisenc2:amd64 (1.3.7-1build3) ...
client	Browser compatibility and Rust-server WebSocket E2E	2026-10-06T20:17:43.6436759Z Setting up libdvdnav4:amd64 (6.1.1-3build1) ...
client	Browser compatibility and Rust-server WebSocket E2E	2026-10-06T20:17:43.6477684Z Setting up fonts-unifont (1:15.1.01-1build1) ...
client	Browser compatibility and Rust-server WebSocket E2E	2026-10-06T20:17:43.6520258Z Setting up libaa1:amd64 (1.4p5-51.1) ...
client	Browser compatibility and Rust-server WebSocket E2E	2026-10-06T20:17:43.6539838Z Setting up libiec61883-0:amd64 (1.2.0-6build1) ...
client	Browser compatibility and Rust-server WebSocket E2E	2026-10-06T20:17:43.6569009Z Setting up libserd-0-0:amd64 (0.32.2-1) ...
client	Browser compatibility and Rust-server WebSocket E2E	2026-10-06T20:17:43.6590672Z Setting up libavc1394-0:amd64 (0.5.4-5build3) ...
client	Browser compatibility and Rust-server WebSocket E2E	2026-10-06T20:17:43.6617752Z Setting up libcairo-script-interpreter2:amd64 (1.18.0-3build1) ...
client	Browser compatibility and Rust-server WebSocket E2E	2026-10-06T20:17:43.6644149Z Setting up gsettings-desktop-schemas (46.1-0ubuntu1) ...
client	Browser compatibility and Rust-server WebSocket E2E	2026-10-06T20:17:43.6666425Z Setting up glib-networking-services (2.80.0-1build1) ...
client	Browser compatibility and Rust-server WebSocket E2E	2026-10-06T20:17:43.6691039Z Setting up liblapack3:amd64 (3.12.0-3build1.1) ...
client	Browser compatibility and Rust-server WebSocket E2E	2026-10-06T20:17:43.6753074Z update-alternatives: using /usr/lib/x86_64-linux-gnu/lapack/liblapack.so.3 to provide /usr/lib/x86_64-linux-gnu/liblapack.so.3 (liblapack.so.3-x86_64-linux-gnu) in auto mode
client	Browser compatibility and Rust-server WebSocket E2E	2026-10-06T20:17:43.6773659Z Setting up libglx-mesa0:amd64 (25.2.8-0ubuntu0.24.04.4) ...
client	Browser compatibility and Rust-server WebSocket E2E	2026-10-06T20:17:43.6797686Z Setting up libzvbi0t64:amd64 (0.2.42-2) ...
client	Browser compatibility and Rust-server WebSocket E2E	2026-10-06T20:17:43.6817485Z Setting up libevent-pthreads-2.1-7t64:amd64 (2.1.12-stable-9ubuntu2.2) ...
client	Browser compatibility and Rust-server WebSocket E2E	2026-10-06T20:17:43.6841689Z Setting up liblrdf0:amd64 (0.6.1-4build1) ...
client	Browser compatibility and Rust-server WebSocket E2E	2026-10-06T20:17:43.6861865Z Setting up libzbar0t64:amd64 (0.23.93-4build3) ...
client	Browser compatibility and Rust-server WebSocket E2E	2026-10-06T20:17:43.6879082Z Setting up libgstreamer-plugins-base1.0-0:amd64 (1.24.2-1ubuntu0.5) ...
client	Browser compatibility and Rust-server WebSocket E2E	2026-10-06T20:17:43.6902444Z Setting up libavutil58:amd64 (7:6.1.1-3ubuntu5) ...
client	Browser compatibility and Rust-server WebSocket E2E	2026-10-06T20:17:43.6925822Z Setting up libopenal1:amd64 (1:1.23.1-4build1) ...
client	Browser compatibility and Rust-server WebSocket E2E	2026-10-06T20:17:43.6947398Z Setting up xfonts-utils (1:7.7+6build3) ...
client	Browser compatibility and Rust-server WebSocket E2E	2026-10-06T20:17:43.6990403Z Setting up libsecret-1-0:amd64 (0.21.4-1build3) ...
client	Browser compatibility and Rust-server WebSocket E2E	2026-10-06T20:17:43.7008696Z Setting up libgstreamer-plugins-good1.0-0:amd64 (1.24.2-1ubuntu1.8) ...
client	Browser compatibility and Rust-server WebSocket E2E	2026-10-06T20:17:43.7028048Z Setting up libgstreamer-gl1.0-0:amd64 (1.24.2-1ubuntu0.5) ...
client	Browser compatibility and Rust-server WebSocket E2E	2026-10-06T20:17:43.7047388Z Setting up gstreamer1.0-plugins-base:amd64 (1.24.2-1ubuntu0.5) ...
client	Browser compatibility and Rust-server WebSocket E2E	2026-10-06T20:17:43.7074576Z Setting up libass9:amd64 (1:0.17.1-2build1) ...
client	Browser compatibility and Rust-server WebSocket E2E	2026-10-06T20:17:43.7131814Z Setting up libswresample4:amd64 (7:6.1.1-3ubuntu5) ...
client	Browser compatibility and Rust-server WebSocket E2E	2026-10-06T20:17:43.7150189Z Setting up libopenexr-3-1-30:amd64 (3.1.5-5.1build3) ...
client	Browser compatibility and Rust-server WebSocket E2E	2026-10-06T20:17:43.7173083Z Setting up libshout3:amd64 (2.4.6-1build2) ...
client	Browser compatibility and Rust-server WebSocket E2E	2026-10-06T20:17:43.7191030Z Setting up libgav1-1:amd64 (0.18.0-1build3) ...
client	Browser compatibility and Rust-server WebSocket E2E	2026-10-06T20:17:43.7211566Z Setting up libavcodec60:amd64 (7:6.1.1-3ubuntu5) ...
client	Browser compatibility and Rust-server WebSocket E2E	2026-10-06T20:17:43.7235170Z Setting up librubberband2:amd64 (3.3.0+dfsg-2build1) ...
client	Browser compatibility and Rust-server WebSocket E2E	2026-10-06T20:17:43.7256294Z Setting up libjack-jackd2-0:amd64 (1.9.21~dfsg-3ubuntu3) ...
client	Browser compatibility and Rust-server WebSocket E2E	2026-10-06T20:17:43.7282281Z Setting up libsord-0-0:amd64 (0.16.16-2build1) ...
client	Browser compatibility and Rust-server WebSocket E2E	2026-10-06T20:17:43.7301161Z Setting up xfonts-cyrillic (1:1.0.5+nmu1) ...
client	Browser compatibility and Rust-server WebSocket E2E	2026-10-06T20:17:43.7642131Z Setting up libpostproc57:amd64 (7:6.1.1-3ubuntu5) ...
client	Browser compatibility and Rust-server WebSocket E2E	2026-10-06T20:17:43.7661766Z Setting up libsratom-0-0:amd64 (0.6.16-1build1) ...
client	Browser compatibility and Rust-server WebSocket E2E	2026-10-06T20:17:43.7686457Z Setting up libsndfile1:amd64 (1.2.2-1ubuntu5.24.04.1) ...
client	Browser compatibility and Rust-server WebSocket E2E	2026-10-06T20:17:43.7961889Z Setting up liblilv-0-0:amd64 (0.24.22-1build1) ...
client	Browser compatibility and Rust-server WebSocket E2E	2026-10-06T20:17:43.7978899Z Setting up libinstpatch-1.0-2:amd64 (1.1.6-1build2) ...
client	Browser compatibility and Rust-server WebSocket E2E	2026-10-06T20:17:43.8000206Z Setting up xfonts-scalable (1:1.0.3-1.3) ...
client	Browser compatibility and Rust-server WebSocket E2E	2026-10-06T20:17:43.8323860Z Setting up libswscale7:amd64 (7:6.1.1-3ubuntu5) ...
client	Browser compatibility and Rust-server WebSocket E2E	2026-10-06T20:17:43.8373642Z Setting up libavif16:amd64 (1.0.4-1ubuntu3) ...
client	Browser compatibility and Rust-server WebSocket E2E	2026-10-06T20:17:43.8393337Z Setting up libpulse0:amd64 (1:16.1+dfsg1-2ubuntu10.1) ...
client	Browser compatibility and Rust-server WebSocket E2E	2026-10-06T20:17:43.8463641Z Setting up libavformat60:amd64 (7:6.1.1-3ubuntu5) ...
client	Browser compatibility and Rust-server WebSocket E2E	2026-10-06T20:17:43.8487022Z Setting up libsphinxbase3t64:amd64 (0.8+5prealpha+1-17build2) ...
client	Browser compatibility and Rust-server WebSocket E2E	2026-10-06T20:17:43.8507950Z Setting up libsdl2-2.0-0:amd64 (2.30.0+dfsg-1ubuntu3.1) ...
client	Browser compatibility and Rust-server WebSocket E2E	2026-10-06T20:17:43.8527108Z Setting up libfluidsynth3:amd64 (2.3.4-1build3) ...
client	Browser compatibility and Rust-server WebSocket E2E	2026-10-06T20:17:43.8544818Z Setting up libpocketsphinx3:amd64 (0.8.0+real5prealpha+1-15ubuntu5) ...
client	Browser compatibility and Rust-server WebSocket E2E	2026-10-06T20:17:43.8564377Z Setting up libavfilter9:amd64 (7:6.1.1-3ubuntu5) ...
client	Browser compatibility and Rust-server WebSocket E2E	2026-10-06T20:17:43.8585275Z Setting up gstreamer1.0-libav:amd64 (1.24.1-1build1) ...
client	Browser compatibility and Rust-server WebSocket E2E	2026-10-06T20:17:43.8898831Z Processing triggers for fontconfig (2.15.0-1.1ubuntu2) ...
client	Browser compatibility and Rust-server WebSocket E2E	2026-10-06T20:17:44.0989556Z Processing triggers for libc-bin (2.39-0ubuntu8.9) ...
client	Browser compatibility and Rust-server WebSocket E2E	2026-10-06T20:17:44.1700929Z Processing triggers for man-db (2.12.0-4build2) ...
client	Browser compatibility and Rust-server WebSocket E2E	2026-10-06T20:17:44.1723428Z Not building database; man-db/auto-update is not 'true'.
client	Browser compatibility and Rust-server WebSocket E2E	2026-10-06T20:17:44.1753349Z Processing triggers for libglib2.0-0t64:amd64 (2.80.0-6ubuntu3.9) ...
client	Browser compatibility and Rust-server WebSocket E2E	2026-10-06T20:17:44.2314910Z Setting up libgtk-4-1:amd64 (4.14.5+ds-0ubuntu0.10) ...
client	Browser compatibility and Rust-server WebSocket E2E	2026-10-06T20:17:44.6261167Z Setting up glib-networking:amd64 (2.80.0-1build1) ...
client	Browser compatibility and Rust-server WebSocket E2E	2026-10-06T20:17:44.6305957Z Setting up libsoup-3.0-0:amd64 (3.4.4-5ubuntu0.8) ...
client	Browser compatibility and Rust-server WebSocket E2E	2026-10-06T20:17:44.6339664Z Setting up libgssdp-1.6-0:amd64 (1.6.3-1build3) ...
client	Browser compatibility and Rust-server WebSocket E2E	2026-10-06T20:17:44.6423728Z Setting up gstreamer1.0-plugins-good:amd64 (1.24.2-1ubuntu1.8) ...
client	Browser compatibility and Rust-server WebSocket E2E	2026-10-06T20:17:44.6451552Z Setting up libgupnp-1.6-0:amd64 (1.6.6-1build3) ...
client	Browser compatibility and Rust-server WebSocket E2E	2026-10-06T20:17:44.6517323Z Setting up libgupnp-igd-1.6-0:amd64 (1.6.0-3build3) ...
client	Browser compatibility and Rust-server WebSocket E2E	2026-10-06T20:17:44.6569074Z Setting up libnice10:amd64 (0.1.21-2build3) ...
client	Browser compatibility and Rust-server WebSocket E2E	2026-10-06T20:17:44.6616603Z Setting up libgstreamer-plugins-bad1.0-0:amd64 (1.24.2-1ubuntu4) ...
client	Browser compatibility and Rust-server WebSocket E2E	2026-10-06T20:17:44.6661538Z Setting up gstreamer1.0-plugins-bad:amd64 (1.24.2-1ubuntu4) ...
client	Browser compatibility and Rust-server WebSocket E2E	2026-10-06T20:17:44.6686191Z Processing triggers for libc-bin (2.39-0ubuntu8.9) ...
client	Browser compatibility and Rust-server WebSocket E2E	2026-10-06T20:17:45.9592675Z
client	Browser compatibility and Rust-server WebSocket E2E	2026-10-06T20:17:45.9593427Z Running kernel seems to be up-to-date.
client	Browser compatibility and Rust-server WebSocket E2E	2026-10-06T20:17:45.9593900Z
client	Browser compatibility and Rust-server WebSocket E2E	2026-10-06T20:17:45.9594339Z Restarting services...
client	Browser compatibility and Rust-server WebSocket E2E	2026-10-06T20:17:45.9673820Z  systemctl restart php8.3-fpm.service
client	Browser compatibility and Rust-server WebSocket E2E	2026-10-06T20:17:46.0759875Z
client	Browser compatibility and Rust-server WebSocket E2E	2026-10-06T20:17:46.0766334Z No containers need to be restarted.
client	Browser compatibility and Rust-server WebSocket E2E	2026-10-06T20:17:46.0766651Z
client	Browser compatibility and Rust-server WebSocket E2E	2026-10-06T20:17:46.0766863Z No user sessions are running outdated binaries.
client	Browser compatibility and Rust-server WebSocket E2E	2026-10-06T20:17:46.0767111Z
client	Browser compatibility and Rust-server WebSocket E2E	2026-10-06T20:17:46.0767419Z No VM guests are running outdated hypervisor (qemu) binaries on this host.
client	Browser compatibility and Rust-server WebSocket E2E	2026-10-06T20:17:47.1795645Z Downloading Chrome for Testing 153.0.8010.12 (playwright chromium v1243) from https://cdn.playwright.dev/builds/cft/153.0.8010.12/linux64/chrome-linux64.zip
client	Browser compatibility and Rust-server WebSocket E2E	2026-10-06T20:17:47.6543146Z |                                                                                |   0% of 186.8 MiB
client	Browser compatibility and Rust-server WebSocket E2E	2026-10-06T20:17:47.9975975Z |■■■■■■■■                                                                        |  10% of 186.8 MiB
client	Browser compatibility and Rust-server WebSocket E2E	2026-10-06T20:17:48.0820259Z |■■■■■■■■■■■■■■■■                                                                |  20% of 186.8 MiB
client	Browser compatibility and Rust-server WebSocket E2E	2026-10-06T20:17:48.1782689Z |■■■■■■■■■■■■■■■■■■■■■■■■                                                        |  30% of 186.8 MiB
client	Browser compatibility and Rust-server WebSocket E2E	2026-10-06T20:17:48.2440541Z |■■■■■■■■■■■■■■■■■■■■■■■■■■■■■■■■                                                |  40% of 186.8 MiB
client	Browser compatibility and Rust-server WebSocket E2E	2026-10-06T20:17:48.3254306Z |■■■■■■■■■■■■■■■■■■■■■■■■■■■■■■■■■■■■■■■■                                        |  50% of 186.8 MiB
client	Browser compatibility and Rust-server WebSocket E2E	2026-10-06T20:17:48.3931131Z |■■■■■■■■■■■■■■■■■■■■■■■■■■■■■■■■■■■■■■■■■■■■■■■■                                |  60% of 186.8 MiB
client	Browser compatibility and Rust-server WebSocket E2E	2026-10-06T20:17:48.4752597Z |■■■■■■■■■■■■■■■■■■■■■■■■■■■■■■■■■■■■■■■■■■■■■■■■■■■■■■■■                        |  70% of 186.8 MiB
client	Browser compatibility and Rust-server WebSocket E2E	2026-10-06T20:17:48.5700662Z |■■■■■■■■■■■■■■■■■■■■■■■■■■■■■■■■■■■■■■■■■■■■■■■■■■■■■■■■■■■■■■■■                |  80% of 186.8 MiB
client	Browser compatibility and Rust-server WebSocket E2E	2026-10-06T20:17:48.6546309Z |■■■■■■■■■■■■■■■■■■■■■■■■■■■■■■■■■■■■■■■■■■■■■■■■■■■■■■■■■■■■■■■■■■■■■■■■        |  90% of 186.8 MiB
client	Browser compatibility and Rust-server WebSocket E2E	2026-10-06T20:17:48.7348745Z |■■■■■■■■■■■■■■■■■■■■■■■■■■■■■■■■■■■■■■■■■■■■■■■■■■■■■■■■■■■■■■■■■■■■■■■■■■■■■■■■| 100% of 186.8 MiB
client	Browser compatibility and Rust-server WebSocket E2E	2026-10-06T20:17:51.8548980Z Chrome for Testing 153.0.8010.12 (playwright chromium v1243) downloaded to /home/runner/.cache/ms-playwright/chromium-1243
client	Browser compatibility and Rust-server WebSocket E2E	2026-10-06T20:17:51.8553918Z Downloading FFmpeg (playwright ffmpeg v1011) from https://cdn.playwright.dev/dbazure/download/playwright/builds/ffmpeg/1011/ffmpeg-linux.zip
client	Browser compatibility and Rust-server WebSocket E2E	2026-10-06T20:17:52.2253207Z |                                                                                |   0% of 2.3 MiB
client	Browser compatibility and Rust-server WebSocket E2E	2026-10-06T20:17:52.2287028Z |■■■■■■■■                                                                        |  10% of 2.3 MiB
client	Browser compatibility and Rust-server WebSocket E2E	2026-10-06T20:17:52.2378340Z |■■■■■■■■■■■■■■■■                                                                |  20% of 2.3 MiB
client	Browser compatibility and Rust-server WebSocket E2E	2026-10-06T20:17:52.2407989Z |■■■■■■■■■■■■■■■■■■■■■■■■                                                        |  30% of 2.3 MiB
client	Browser compatibility and Rust-server WebSocket E2E	2026-10-06T20:17:52.2462243Z |■■■■■■■■■■■■■■■■■■■■■■■■■■■■■■■■                                                |  40% of 2.3 MiB
client	Browser compatibility and Rust-server WebSocket E2E	2026-10-06T20:17:52.2658811Z |■■■■■■■■■■■■■■■■■■■■■■■■■■■■■■■■■■■■■■■■                                        |  50% of 2.3 MiB
client	Browser compatibility and Rust-server WebSocket E2E	2026-10-06T20:17:52.2774381Z |■■■■■■■■■■■■■■■■■■■■■■■■■■■■■■■■■■■■■■■■■■■■■■■■                                |  60% of 2.3 MiB
client	Browser compatibility and Rust-server WebSocket E2E	2026-10-06T20:17:52.2791923Z |■■■■■■■■■■■■■■■■■■■■■■■■■■■■■■■■■■■■■■■■■■■■■■■■■■■■■■■■                        |  70% of 2.3 MiB
client	Browser compatibility and Rust-server WebSocket E2E	2026-10-06T20:17:52.2808186Z |■■■■■■■■■■■■■■■■■■■■■■■■■■■■■■■■■■■■■■■■■■■■■■■■■■■■■■■■■■■■■■■■                |  80% of 2.3 MiB
client	Browser compatibility and Rust-server WebSocket E2E	2026-10-06T20:17:52.2840409Z |■■■■■■■■■■■■■■■■■■■■■■■■■■■■■■■■■■■■■■■■■■■■■■■■■■■■■■■■■■■■■■■■■■■■■■■■        |  90% of 2.3 MiB
client	Browser compatibility and Rust-server WebSocket E2E	2026-10-06T20:17:52.2888626Z |■■■■■■■■■■■■■■■■■■■■■■■■■■■■■■■■■■■■■■■■■■■■■■■■■■■■■■■■■■■■■■■■■■■■■■■■■■■■■■■■| 100% of 2.3 MiB
client	Browser compatibility and Rust-server WebSocket E2E	2026-10-06T20:17:52.3508393Z FFmpeg (playwright ffmpeg v1011) downloaded to /home/runner/.cache/ms-playwright/ffmpeg-1011
client	Browser compatibility and Rust-server WebSocket E2E	2026-10-06T20:17:52.3512313Z Downloading Chrome Headless Shell 153.0.8010.12 (playwright chromium-headless-shell v1243) from https://cdn.playwright.dev/builds/cft/153.0.8010.12/linux64/chrome-headless-shell-linux64.zip
client	Browser compatibility and Rust-server WebSocket E2E	2026-10-06T20:17:52.8332214Z |                                                                                |   0% of 114.3 MiB
client	Browser compatibility and Rust-server WebSocket E2E	2026-10-06T20:17:53.1362107Z |■■■■■■■■                                                                        |  10% of 114.3 MiB
client	Browser compatibility and Rust-server WebSocket E2E	2026-10-06T20:17:53.2459738Z |■■■■■■■■■■■■■■■■                                                                |  20% of 114.3 MiB
client	Browser compatibility and Rust-server WebSocket E2E	2026-10-06T20:17:53.3172433Z |■■■■■■■■■■■■■■■■■■■■■■■■                                                        |  30% of 114.3 MiB
client	Browser compatibility and Rust-server WebSocket E2E	2026-10-06T20:17:53.3940477Z |■■■■■■■■■■■■■■■■■■■■■■■■■■■■■■■■                                                |  40% of 114.3 MiB
client	Browser compatibility and Rust-server WebSocket E2E	2026-10-06T20:17:53.4675105Z |■■■■■■■■■■■■■■■■■■■■■■■■■■■■■■■■■■■■■■■■                                        |  50% of 114.3 MiB
client	Browser compatibility and Rust-server WebSocket E2E	2026-10-06T20:17:53.5409761Z |■■■■■■■■■■■■■■■■■■■■■■■■■■■■■■■■■■■■■■■■■■■■■■■■                                |  60% of 114.3 MiB
client	Browser compatibility and Rust-server WebSocket E2E	2026-10-06T20:17:53.6212231Z |■■■■■■■■■■■■■■■■■■■■■■■■■■■■■■■■■■■■■■■■■■■■■■■■■■■■■■■■                        |  70% of 114.3 MiB
client	Browser compatibility and Rust-server WebSocket E2E	2026-10-06T20:17:53.8111445Z |■■■■■■■■■■■■■■■■■■■■■■■■■■■■■■■■■■■■■■■■■■■■■■■■■■■■■■■■■■■■■■■■                |  80% of 114.3 MiB
client	Browser compatibility and Rust-server WebSocket E2E	2026-10-06T20:17:53.9842666Z |■■■■■■■■■■■■■■■■■■■■■■■■■■■■■■■■■■■■■■■■■■■■■■■■■■■■■■■■■■■■■■■■■■■■■■■■        |  90% of 114.3 MiB
client	Browser compatibility and Rust-server WebSocket E2E	2026-10-06T20:17:54.1237818Z |■■■■■■■■■■■■■■■■■■■■■■■■■■■■■■■■■■■■■■■■■■■■■■■■■■■■■■■■■■■■■■■■■■■■■■■■■■■■■■■■| 100% of 114.3 MiB
client	Browser compatibility and Rust-server WebSocket E2E	2026-10-06T20:17:56.3398512Z Chrome Headless Shell 153.0.8010.12 (playwright chromium-headless-shell v1243) downloaded to /home/runner/.cache/ms-playwright/chromium_headless_shell-1243
client	Browser compatibility and Rust-server WebSocket E2E	2026-10-06T20:17:56.3402311Z Downloading Firefox 155.0 (playwright firefox v1543) from https://cdn.playwright.dev/dbazure/download/playwright/builds/firefox/1543/firefox-ubuntu-24.04.zip
client	Browser compatibility and Rust-server WebSocket E2E	2026-10-06T20:17:56.7037241Z |                                                                                |   0% of 109.5 MiB
client	Browser compatibility and Rust-server WebSocket E2E	2026-10-06T20:17:56.7844811Z |■■■■■■■■                                                                        |  10% of 109.5 MiB
client	Browser compatibility and Rust-server WebSocket E2E	2026-10-06T20:17:56.8563852Z |■■■■■■■■■■■■■■■■                                                                |  20% of 109.5 MiB
client	Browser compatibility and Rust-server WebSocket E2E	2026-10-06T20:17:56.9092340Z |■■■■■■■■■■■■■■■■■■■■■■■■                                                        |  30% of 109.5 MiB
client	Browser compatibility and Rust-server WebSocket E2E	2026-10-06T20:17:56.9648606Z |■■■■■■■■■■■■■■■■■■■■■■■■■■■■■■■■                                                |  40% of 109.5 MiB
client	Browser compatibility and Rust-server WebSocket E2E	2026-10-06T20:17:57.0309962Z |■■■■■■■■■■■■■■■■■■■■■■■■■■■■■■■■■■■■■■■■                                        |  50% of 109.5 MiB
client	Browser compatibility and Rust-server WebSocket E2E	2026-10-06T20:17:57.0721643Z |■■■■■■■■■■■■■■■■■■■■■■■■■■■■■■■■■■■■■■■■■■■■■■■■                                |  60% of 109.5 MiB
client	Browser compatibility and Rust-server WebSocket E2E	2026-10-06T20:17:57.1173220Z |■■■■■■■■■■■■■■■■■■■■■■■■■■■■■■■■■■■■■■■■■■■■■■■■■■■■■■■■                        |  70% of 109.5 MiB
client	Browser compatibility and Rust-server WebSocket E2E	2026-10-06T20:17:57.1914189Z |■■■■■■■■■■■■■■■■■■■■■■■■■■■■■■■■■■■■■■■■■■■■■■■■■■■■■■■■■■■■■■■■                |  80% of 109.5 MiB
client	Browser compatibility and Rust-server WebSocket E2E	2026-10-06T20:17:57.2318325Z |■■■■■■■■■■■■■■■■■■■■■■■■■■■■■■■■■■■■■■■■■■■■■■■■■■■■■■■■■■■■■■■■■■■■■■■■        |  90% of 109.5 MiB
client	Browser compatibility and Rust-server WebSocket E2E	2026-10-06T20:17:57.2741181Z |■■■■■■■■■■■■■■■■■■■■■■■■■■■■■■■■■■■■■■■■■■■■■■■■■■■■■■■■■■■■■■■■■■■■■■■■■■■■■■■■| 100% of 109.5 MiB
client	Browser compatibility and Rust-server WebSocket E2E	2026-10-06T20:17:59.6629012Z Firefox 155.0 (playwright firefox v1543) downloaded to /home/runner/.cache/ms-playwright/firefox-1543
client	Browser compatibility and Rust-server WebSocket E2E	2026-10-06T20:17:59.6635359Z Downloading WebKit 26.6 (playwright webkit v2359) from https://cdn.playwright.dev/dbazure/download/playwright/builds/webkit/2359/webkit-ubuntu-24.04.zip
client	Browser compatibility and Rust-server WebSocket E2E	2026-10-06T20:18:00.0292841Z |                                                                                |   0% of 102.3 MiB
client	Browser compatibility and Rust-server WebSocket E2E	2026-10-06T20:18:00.1054964Z |■■■■■■■■                                                                        |  10% of 102.3 MiB
client	Browser compatibility and Rust-server WebSocket E2E	2026-10-06T20:18:00.1849894Z |■■■■■■■■■■■■■■■■                                                                |  20% of 102.3 MiB
client	Browser compatibility and Rust-server WebSocket E2E	2026-10-06T20:18:00.2404508Z |■■■■■■■■■■■■■■■■■■■■■■■■                                                        |  30% of 102.3 MiB
client	Browser compatibility and Rust-server WebSocket E2E	2026-10-06T20:18:00.3037722Z |■■■■■■■■■■■■■■■■■■■■■■■■■■■■■■■■                                                |  40% of 102.3 MiB
client	Browser compatibility and Rust-server WebSocket E2E	2026-10-06T20:18:00.3827553Z |■■■■■■■■■■■■■■■■■■■■■■■■■■■■■■■■■■■■■■■■                                        |  50% of 102.3 MiB
client	Browser compatibility and Rust-server WebSocket E2E	2026-10-06T20:18:00.4247854Z |■■■■■■■■■■■■■■■■■■■■■■■■■■■■■■■■■■■■■■■■■■■■■■■■                                |  60% of 102.3 MiB
client	Browser compatibility and Rust-server WebSocket E2E	2026-10-06T20:18:00.4715165Z |■■■■■■■■■■■■■■■■■■■■■■■■■■■■■■■■■■■■■■■■■■■■■■■■■■■■■■■■                        |  70% of 102.3 MiB
client	Browser compatibility and Rust-server WebSocket E2E	2026-10-06T20:18:00.5349805Z |■■■■■■■■■■■■■■■■■■■■■■■■■■■■■■■■■■■■■■■■■■■■■■■■■■■■■■■■■■■■■■■■                |  80% of 102.3 MiB
client	Browser compatibility and Rust-server WebSocket E2E	2026-10-06T20:18:00.5737496Z |■■■■■■■■■■■■■■■■■■■■■■■■■■■■■■■■■■■■■■■■■■■■■■■■■■■■■■■■■■■■■■■■■■■■■■■■        |  90% of 102.3 MiB
client	Browser compatibility and Rust-server WebSocket E2E	2026-10-06T20:18:00.6117061Z |■■■■■■■■■■■■■■■■■■■■■■■■■■■■■■■■■■■■■■■■■■■■■■■■■■■■■■■■■■■■■■■■■■■■■■■■■■■■■■■■| 100% of 102.3 MiB
client	Browser compatibility and Rust-server WebSocket E2E	2026-10-06T20:18:02.7756202Z WebKit 26.6 (playwright webkit v2359) downloaded to /home/runner/.cache/ms-playwright/webkit-2359
client	Browser compatibility and Rust-server WebSocket E2E	2026-10-06T20:18:03.2388359Z
client	Browser compatibility and Rust-server WebSocket E2E	2026-10-06T20:18:03.2388990Z > openhoi-client@0.1.0 test:e2e
client	Browser compatibility and Rust-server WebSocket E2E	2026-10-06T20:18:03.2389462Z > playwright test
client	Browser compatibility and Rust-server WebSocket E2E	2026-10-06T20:18:03.2389668Z
client	Browser compatibility and Rust-server WebSocket E2E	2026-10-06T20:18:04.2550283Z
client	Browser compatibility and Rust-server WebSocket E2E	2026-10-06T20:18:04.2551487Z Running 36 tests using 2 workers
client	Browser compatibility and Rust-server WebSocket E2E	2026-10-06T20:18:32.9096355Z ····································
client	Browser compatibility and Rust-server WebSocket E2E	2026-10-06T20:18:32.9102184Z   36 passed (28.9s)
client	Actual M1 panels, ownership/control, ledger and malformed wire E2E	﻿2026-10-06T20:18:32.9373176Z ##[group]Run npm run test:e2e -- --config playwright.m1.config.ts --project chromium --project webkit
client	Actual M1 panels, ownership/control, ledger and malformed wire E2E	2026-10-06T20:18:32.9373965Z [36;1mnpm run test:e2e -- --config playwright.m1.config.ts --project chromium --project webkit[0m
client	Actual M1 panels, ownership/control, ledger and malformed wire E2E	2026-10-06T20:18:32.9436029Z shell: /usr/bin/bash -e {0}
client	Actual M1 panels, ownership/control, ledger and malformed wire E2E	2026-10-06T20:18:32.9436348Z env:
client	Actual M1 panels, ownership/control, ledger and malformed wire E2E	2026-10-06T20:18:32.9436578Z   OH_TEST_PORT: 19412
client	Actual M1 panels, ownership/control, ledger and malformed wire E2E	2026-10-06T20:18:32.9436855Z   OH_E2E_EVIDENCE: ../target/wp09/ci/m1-e2e
client	Actual M1 panels, ownership/control, ledger and malformed wire E2E	2026-10-06T20:18:32.9437260Z   OH_MALFORMED_EVIDENCE: ../target/wp09/ci/m1-malformed
client	Actual M1 panels, ownership/control, ledger and malformed wire E2E	2026-10-06T20:18:32.9437614Z ##[endgroup]
client	Actual M1 panels, ownership/control, ledger and malformed wire E2E	2026-10-06T20:18:33.0461741Z
client	Actual M1 panels, ownership/control, ledger and malformed wire E2E	2026-10-06T20:18:33.0464394Z > openhoi-client@0.1.0 test:e2e
client	Actual M1 panels, ownership/control, ledger and malformed wire E2E	2026-10-06T20:18:33.0465996Z > playwright test --config playwright.m1.config.ts --project chromium --project webkit
client	Actual M1 panels, ownership/control, ledger and malformed wire E2E	2026-10-06T20:18:33.0466896Z
client	Actual M1 panels, ownership/control, ledger and malformed wire E2E	2026-10-06T20:18:34.2891638Z
client	Actual M1 panels, ownership/control, ledger and malformed wire E2E	2026-10-06T20:18:34.2892590Z Running 82 tests using 1 worker
client	Actual M1 panels, ownership/control, ledger and malformed wire E2E	2026-10-06T20:21:58.0037485Z ··T·············································································
client	Actual M1 panels, ownership/control, ledger and malformed wire E2E	2026-10-06T20:21:58.9435381Z ··
client	Actual M1 panels, ownership/control, ledger and malformed wire E2E	2026-10-06T20:21:58.9444619Z
client	Actual M1 panels, ownership/control, ledger and malformed wire E2E	2026-10-06T20:21:58.9454550Z   1) [chromium] › e2e-m1/map-dpr.spec.ts:7:33 › REQ-PLAT-03 DPR surface preserves display and authority preferred
client	Actual M1 panels, ownership/control, ledger and malformed wire E2E	2026-10-06T20:21:58.9455089Z
client	Actual M1 panels, ownership/control, ledger and malformed wire E2E	2026-10-06T20:21:58.9455248Z     Test timeout of 30000ms exceeded.
client	Actual M1 panels, ownership/control, ledger and malformed wire E2E	2026-10-06T20:21:58.9455493Z
client	Actual M1 panels, ownership/control, ledger and malformed wire E2E	2026-10-06T20:21:58.9455803Z     Error: browserContext.close: Target page, context or browser has been closed
client	Actual M1 panels, ownership/control, ledger and malformed wire E2E	2026-10-06T20:21:58.9456162Z
client	Actual M1 panels, ownership/control, ledger and malformed wire E2E	2026-10-06T20:21:58.9457904Z       59 |  reload=true;await page.getByTestId('speed-3').click();await expect(page.getByRole('alert').filter({hasText:'Map data'})).toContainText('Map data');await expect(map.locator('canvas')).toHaveCount(0);await expect.poll(life).toEqual({media:0,listeners:0,observers:0,rafs:0});
client	Actual M1 panels, ownership/control, ledger and malformed wire E2E	2026-10-06T20:21:58.9462598Z       60 |  await expect(page.getByTestId('selected-province')).toHaveText('30');await expect(page.getByTestId('state-panel').locator('.ledger-value strong')).toHaveText('0');for(const [key,value] of Object.entries(authority))await expect(page.getByTestId(key)).toHaveText(value!);expect(errors).toEqual([]);
client	Actual M1 panels, ownership/control, ledger and malformed wire E2E	2026-10-06T20:21:58.9472516Z     > 61 |  }finally{writeFileSync(`${evidence}/${info.project.name}-${force}.json`,JSON.stringify({browser:browser.version(),scope:browserName==='chromium'?'live CDP DPR1↔2, fixed CSS box':'native DPR2 creation only; live CDP unavailable',steps,errors,resources:await page.evaluate(()=>(window as unknown as {__dprLife?:()=>unknown}).__dprLife?.()).catch(()=>null),surface:await map.evaluate(host=>{const canvas=host.querySelector('canvas');return {dpr:devicePixelRatio,resolution1:matchMedia('(resolution: 1dppx)').matches,resolution2:matchMedia('(resolution: 2dppx)').matches,canvas:canvas?{width:canvas.width,height:canvas.height,cssWidth:canvas.clientWidth,cssHeight:canvas.clientHeight}:null,dataset:{...host.dataset}};}).catch(()=>null)},null,2));await context.close();}
client	Actual M1 panels, ownership/control, ledger and malformed wire E2E	2026-10-06T20:21:58.9481698Z          |                                                                                                                                                                                                                                                                                                                                                                                                                                                                                                                                                                                                                                                                                                                                                                        ^
client	Actual M1 panels, ownership/control, ledger and malformed wire E2E	2026-10-06T20:21:58.9483937Z       62 | });
client	Actual M1 panels, ownership/control, ledger and malformed wire E2E	2026-10-06T20:21:58.9484348Z       63 |
client	Actual M1 panels, ownership/control, ledger and malformed wire E2E	2026-10-06T20:21:58.9485079Z         at /home/runner/work/OpenHOI4/OpenHOI4/client/e2e-m1/map-dpr.spec.ts:61:744
client	Actual M1 panels, ownership/control, ledger and malformed wire E2E	2026-10-06T20:21:58.9485717Z
client	Actual M1 panels, ownership/control, ledger and malformed wire E2E	2026-10-06T20:21:58.9486633Z     Error Context: test-results/map-dpr-REQ-PLAT-03-DPR-su-1d887-lay-and-authority-preferred-chromium/error-context.md
client	Actual M1 panels, ownership/control, ledger and malformed wire E2E	2026-10-06T20:21:58.9488054Z
client	Actual M1 panels, ownership/control, ledger and malformed wire E2E	2026-10-06T20:21:58.9488249Z   1 failed
client	Actual M1 panels, ownership/control, ledger and malformed wire E2E	2026-10-06T20:21:58.9489451Z     [chromium] › e2e-m1/map-dpr.spec.ts:7:33 › REQ-PLAT-03 DPR surface preserves display and authority preferred
client	Actual M1 panels, ownership/control, ledger and malformed wire E2E	2026-10-06T20:21:58.9490483Z   81 passed (3.4m)
client	Actual M1 panels, ownership/control, ledger and malformed wire E2E	2026-10-06T20:21:58.9692824Z ##[error]Process completed with exit code 1.
client	Upload protocol and browser evidence	﻿2026-10-06T20:21:58.9785675Z ##[group]Run actions/upload-artifact@043fb46d1a93c77aae656e7c1c64a875d1fc6a0a
client	Upload protocol and browser evidence	2026-10-06T20:21:58.9786117Z with:
client	Upload protocol and browser evidence	2026-10-06T20:21:58.9786344Z   name: wp05-protocol-browser-evidence
client	Upload protocol and browser evidence	2026-10-06T20:21:58.9786716Z   path: target/wp05/
client	Upload protocol and browser evidence	target/wp09/
client	Upload protocol and browser evidence	target/wp08/
client	Upload protocol and browser evidence	client/test-results/
client	Upload protocol and browser evidence
client	Upload protocol and browser evidence	2026-10-06T20:21:58.9787096Z   if-no-files-found: error
client	Upload protocol and browser evidence	2026-10-06T20:21:58.9787344Z   archive: true
client	Upload protocol and browser evidence	2026-10-06T20:21:58.9787557Z   compression-level: 6
client	Upload protocol and browser evidence	2026-10-06T20:21:58.9787780Z   overwrite: false
client	Upload protocol and browser evidence	2026-10-06T20:21:58.9787999Z   include-hidden-files: false
client	Upload protocol and browser evidence	2026-10-06T20:21:58.9788261Z ##[endgroup]
client	Upload protocol and browser evidence	2026-10-06T20:21:59.1581622Z Multiple search paths detected. Calculating the least common ancestor of all paths
client	Upload protocol and browser evidence	2026-10-06T20:21:59.1584869Z The least common ancestor is /home/runner/work/OpenHOI4/OpenHOI4. This will be the root directory of the artifact
client	Upload protocol and browser evidence	2026-10-06T20:21:59.1585829Z With the provided path, there will be 168 files uploaded
client	Upload protocol and browser evidence	2026-10-06T20:21:59.1589924Z Artifact name is valid!
client	Upload protocol and browser evidence	2026-10-06T20:21:59.1590905Z Root directory input is valid!
client	Upload protocol and browser evidence	2026-10-06T20:21:59.5566452Z Uploading artifact: wp05-protocol-browser-evidence.zip
client	Upload protocol and browser evidence	2026-10-06T20:21:59.5605070Z Beginning upload of artifact content to blob storage
client	Upload protocol and browser evidence	2026-10-06T20:22:00.6271844Z Uploaded bytes 2778456
client	Upload protocol and browser evidence	2026-10-06T20:22:00.7100580Z Finished uploading artifact content to blob storage!
client	Upload protocol and browser evidence	2026-10-06T20:22:00.7102979Z SHA256 digest of uploaded artifact is b22b503ad29133c2fd1bc2fe4eb2866f34b218143d466f113fc748e33d8b2b43
client	Upload protocol and browser evidence	2026-10-06T20:22:00.7104336Z Finalizing artifact upload
client	Upload protocol and browser evidence	2026-10-06T20:22:01.1258281Z Artifact wp05-protocol-browser-evidence successfully finalized. Artifact ID 11442486461
client	Upload protocol and browser evidence	2026-10-06T20:22:01.1260607Z Artifact wp05-protocol-browser-evidence has been successfully uploaded! Final size is 2778456 bytes. Artifact ID is 11442486461
client	Upload protocol and browser evidence	2026-10-06T20:22:01.1263189Z Artifact download URL: https://github.com/peppone-choi/OpenHOI4/actions/runs/37525085041/artifacts/11442486461
client	Post Run actions/checkout@v7.0.1	﻿2026-10-06T20:22:01.1463984Z Post job cleanup.
client	Post Run actions/checkout@v7.0.1	2026-10-06T20:22:01.2334522Z [command]/usr/bin/git version
client	Post Run actions/checkout@v7.0.1	2026-10-06T20:22:01.2374350Z git version 2.55.0
client	Post Run actions/checkout@v7.0.1	2026-10-06T20:22:01.2419658Z Temporarily overriding HOME='/home/runner/work/_temp/252ebacd-60df-4b40-9056-d38300f89df1' before making global git config changes
client	Post Run actions/checkout@v7.0.1	2026-10-06T20:22:01.2421913Z Adding repository directory to the temporary git global config as a safe directory
client	Post Run actions/checkout@v7.0.1	2026-10-06T20:22:01.2426159Z [command]/usr/bin/git config --global --add safe.directory /home/runner/work/OpenHOI4/OpenHOI4
client	Post Run actions/checkout@v7.0.1	2026-10-06T20:22:01.2458135Z Removing SSH command configuration
client	Post Run actions/checkout@v7.0.1	2026-10-06T20:22:01.2465126Z [command]/usr/bin/git config --local --name-only --get-regexp core\.sshCommand
client	Post Run actions/checkout@v7.0.1	2026-10-06T20:22:01.2498815Z [command]/usr/bin/git submodule foreach --recursive sh -c "git config --local --name-only --get-regexp 'core\.sshCommand' && git config --local --unset-all 'core.sshCommand' || :"
client	Post Run actions/checkout@v7.0.1	2026-10-06T20:22:01.2737379Z Removing HTTP extra header
client	Post Run actions/checkout@v7.0.1	2026-10-06T20:22:01.2743425Z [command]/usr/bin/git config --local --name-only --get-regexp http\.https\:\/\/github\.com\/\.extraheader
client	Post Run actions/checkout@v7.0.1	2026-10-06T20:22:01.2779225Z [command]/usr/bin/git submodule foreach --recursive sh -c "git config --local --name-only --get-regexp 'http\.https\:\/\/github\.com\/\.extraheader' && git config --local --unset-all 'http.https://github.com/.extraheader' || :"
client	Post Run actions/checkout@v7.0.1	2026-10-06T20:22:01.3018652Z Removing includeIf entries pointing to credentials config files
client	Post Run actions/checkout@v7.0.1	2026-10-06T20:22:01.3026378Z [command]/usr/bin/git config --local --name-only --get-regexp ^includeIf\.gitdir:
client	Post Run actions/checkout@v7.0.1	2026-10-06T20:22:01.3056877Z includeif.gitdir:/home/runner/work/OpenHOI4/OpenHOI4/.git.path
client	Post Run actions/checkout@v7.0.1	2026-10-06T20:22:01.3057677Z includeif.gitdir:/home/runner/work/OpenHOI4/OpenHOI4/.git/worktrees/*.path
client	Post Run actions/checkout@v7.0.1	2026-10-06T20:22:01.3058341Z includeif.gitdir:/github/workspace/.git.path
client	Post Run actions/checkout@v7.0.1	2026-10-06T20:22:01.3059316Z includeif.gitdir:/github/workspace/.git/worktrees/*.path
client	Post Run actions/checkout@v7.0.1	2026-10-06T20:22:01.3068235Z [command]/usr/bin/git config --local --get-all includeif.gitdir:/home/runner/work/OpenHOI4/OpenHOI4/.git.path
client	Post Run actions/checkout@v7.0.1	2026-10-06T20:22:01.3092249Z /home/runner/work/_temp/git-credentials-7d128732-ea3b-41b0-9aa0-ec5be23fcad3.config
client	Post Run actions/checkout@v7.0.1	2026-10-06T20:22:01.3103692Z [command]/usr/bin/git config --local --unset includeif.gitdir:/home/runner/work/OpenHOI4/OpenHOI4/.git.path \/home\/runner\/work\/_temp\/git\-credentials\-7d128732\-ea3b\-41b0\-9aa0\-ec5be23fcad3\.config
client	Post Run actions/checkout@v7.0.1	2026-10-06T20:22:01.3139965Z [command]/usr/bin/git config --local --get-all includeif.gitdir:/home/runner/work/OpenHOI4/OpenHOI4/.git/worktrees/*.path
client	Post Run actions/checkout@v7.0.1	2026-10-06T20:22:01.3163441Z /home/runner/work/_temp/git-credentials-7d128732-ea3b-41b0-9aa0-ec5be23fcad3.config
client	Post Run actions/checkout@v7.0.1	2026-10-06T20:22:01.3172531Z [command]/usr/bin/git config --local --unset includeif.gitdir:/home/runner/work/OpenHOI4/OpenHOI4/.git/worktrees/*.path \/home\/runner\/work\/_temp\/git\-credentials\-7d128732\-ea3b\-41b0\-9aa0\-ec5be23fcad3\.config
client	Post Run actions/checkout@v7.0.1	2026-10-06T20:22:01.3214184Z [command]/usr/bin/git config --local --get-all includeif.gitdir:/github/workspace/.git.path
client	Post Run actions/checkout@v7.0.1	2026-10-06T20:22:01.3235416Z /github/runner_temp/git-credentials-7d128732-ea3b-41b0-9aa0-ec5be23fcad3.config
client	Post Run actions/checkout@v7.0.1	2026-10-06T20:22:01.3243017Z [command]/usr/bin/git config --local --unset includeif.gitdir:/github/workspace/.git.path \/github\/runner_temp\/git\-credentials\-7d128732\-ea3b\-41b0\-9aa0\-ec5be23fcad3\.config
client	Post Run actions/checkout@v7.0.1	2026-10-06T20:22:01.3276150Z [command]/usr/bin/git config --local --get-all includeif.gitdir:/github/workspace/.git/worktrees/*.path
client	Post Run actions/checkout@v7.0.1	2026-10-06T20:22:01.3297150Z /github/runner_temp/git-credentials-7d128732-ea3b-41b0-9aa0-ec5be23fcad3.config
client	Post Run actions/checkout@v7.0.1	2026-10-06T20:22:01.3307456Z [command]/usr/bin/git config --local --unset includeif.gitdir:/github/workspace/.git/worktrees/*.path \/github\/runner_temp\/git\-credentials\-7d128732\-ea3b\-41b0\-9aa0\-ec5be23fcad3\.config
client	Post Run actions/checkout@v7.0.1	2026-10-06T20:22:01.3341566Z [command]/usr/bin/git submodule foreach --recursive git config --local --show-origin --name-only --get-regexp remote.origin.url
client	Post Run actions/checkout@v7.0.1	2026-10-06T20:22:01.3599289Z Removing credentials config '/home/runner/work/_temp/git-credentials-7d128732-ea3b-41b0-9aa0-ec5be23fcad3.config'
client	Complete job	﻿2026-10-06T20:22:01.3764796Z Cleaning up orphan processes
