simulation (ubuntu-latest)	Set up job	﻿2026-10-06T10:17:15.9532648Z Current runner version: '2.337.0'
simulation (ubuntu-latest)	Set up job	2026-10-06T10:17:15.9551104Z ##[group]Runner Image Provisioner
simulation (ubuntu-latest)	Set up job	2026-10-06T10:17:15.9551685Z Hosted Compute Agent
simulation (ubuntu-latest)	Set up job	2026-10-06T10:17:15.9552126Z Version: 20260901.588
simulation (ubuntu-latest)	Set up job	2026-10-06T10:17:15.9552532Z Commit: f88ec8081b781fac6c440065ac7ff9e710ce3d0b
simulation (ubuntu-latest)	Set up job	2026-10-06T10:17:15.9552990Z Build Date: 2026-09-01T19:56:44Z
simulation (ubuntu-latest)	Set up job	2026-10-06T10:17:15.9553519Z Worker ID: {9e5c454b-6c0c-4bcb-a9dd-d3e9ba8d6614}
simulation (ubuntu-latest)	Set up job	2026-10-06T10:17:15.9553967Z Azure Region: westus3
simulation (ubuntu-latest)	Set up job	2026-10-06T10:17:15.9554358Z ##[endgroup]
simulation (ubuntu-latest)	Set up job	2026-10-06T10:17:15.9555158Z ##[group]Operating System
simulation (ubuntu-latest)	Set up job	2026-10-06T10:17:15.9555552Z Ubuntu
simulation (ubuntu-latest)	Set up job	2026-10-06T10:17:15.9556235Z 24.04.5
simulation (ubuntu-latest)	Set up job	2026-10-06T10:17:15.9556567Z LTS
simulation (ubuntu-latest)	Set up job	2026-10-06T10:17:15.9556921Z ##[endgroup]
simulation (ubuntu-latest)	Set up job	2026-10-06T10:17:15.9557286Z ##[group]Runner Image
simulation (ubuntu-latest)	Set up job	2026-10-06T10:17:15.9557696Z Image: ubuntu-24.04
simulation (ubuntu-latest)	Set up job	2026-10-06T10:17:15.9558090Z Version: 20260927.320.1
simulation (ubuntu-latest)	Set up job	2026-10-06T10:17:15.9558745Z Included Software: https://github.com/actions/runner-images/blob/ubuntu24/20260927.320/images/ubuntu/Ubuntu2404-Readme.md
simulation (ubuntu-latest)	Set up job	2026-10-06T10:17:15.9560059Z Image Release: https://github.com/actions/runner-images/releases/tag/ubuntu24%2F20260927.320
simulation (ubuntu-latest)	Set up job	2026-10-06T10:17:15.9560688Z ##[endgroup]
simulation (ubuntu-latest)	Set up job	2026-10-06T10:17:15.9561423Z ##[group]GITHUB_TOKEN Permissions
simulation (ubuntu-latest)	Set up job	2026-10-06T10:17:15.9562811Z Contents: read
simulation (ubuntu-latest)	Set up job	2026-10-06T10:17:15.9563246Z Metadata: read
simulation (ubuntu-latest)	Set up job	2026-10-06T10:17:15.9563607Z ##[endgroup]
simulation (ubuntu-latest)	Set up job	2026-10-06T10:17:15.9564972Z Secret source: Actions
simulation (ubuntu-latest)	Set up job	2026-10-06T10:17:15.9565629Z Cache mode: write
simulation (ubuntu-latest)	Set up job	2026-10-06T10:17:15.9566056Z Prepare workflow directory
simulation (ubuntu-latest)	Set up job	2026-10-06T10:17:16.0332879Z Prepare all required actions
simulation (ubuntu-latest)	Set up job	2026-10-06T10:17:16.0366894Z Getting action download info
simulation (ubuntu-latest)	Set up job	2026-10-06T10:17:16.3267332Z Download action repository 'actions/checkout@3d3c42e5aac5ba805825da76410c181273ba90b1' (SHA:3d3c42e5aac5ba805825da76410c181273ba90b1)
simulation (ubuntu-latest)	Set up job	2026-10-06T10:17:16.5622943Z Download action repository 'actions/setup-python@5fda3b95a4ea91299a34e894583c3862153e4b97' (SHA:5fda3b95a4ea91299a34e894583c3862153e4b97)
simulation (ubuntu-latest)	Set up job	2026-10-06T10:17:16.8001805Z Download action repository 'actions/upload-artifact@043fb46d1a93c77aae656e7c1c64a875d1fc6a0a' (SHA:043fb46d1a93c77aae656e7c1c64a875d1fc6a0a)
simulation (ubuntu-latest)	Set up job	2026-10-06T10:17:17.2275917Z Complete job name: simulation (ubuntu-latest)
simulation (ubuntu-latest)	Run actions/checkout@3d3c42e5aac5ba805825da76410c181273ba90b1	﻿2026-10-06T10:17:17.2904487Z ##[group]Run actions/checkout@3d3c42e5aac5ba805825da76410c181273ba90b1
simulation (ubuntu-latest)	Run actions/checkout@3d3c42e5aac5ba805825da76410c181273ba90b1	2026-10-06T10:17:17.2905522Z with:
simulation (ubuntu-latest)	Run actions/checkout@3d3c42e5aac5ba805825da76410c181273ba90b1	2026-10-06T10:17:17.2906047Z   repository: peppone-choi/OpenHOI4
simulation (ubuntu-latest)	Run actions/checkout@3d3c42e5aac5ba805825da76410c181273ba90b1	2026-10-06T10:17:17.2911246Z   token: ***
simulation (ubuntu-latest)	Run actions/checkout@3d3c42e5aac5ba805825da76410c181273ba90b1	2026-10-06T10:17:17.2911739Z   ssh-strict: true
simulation (ubuntu-latest)	Run actions/checkout@3d3c42e5aac5ba805825da76410c181273ba90b1	2026-10-06T10:17:17.2912295Z   ssh-user: git
simulation (ubuntu-latest)	Run actions/checkout@3d3c42e5aac5ba805825da76410c181273ba90b1	2026-10-06T10:17:17.2912821Z   persist-credentials: true
simulation (ubuntu-latest)	Run actions/checkout@3d3c42e5aac5ba805825da76410c181273ba90b1	2026-10-06T10:17:17.2913401Z   clean: true
simulation (ubuntu-latest)	Run actions/checkout@3d3c42e5aac5ba805825da76410c181273ba90b1	2026-10-06T10:17:17.2913927Z   sparse-checkout-cone-mode: true
simulation (ubuntu-latest)	Run actions/checkout@3d3c42e5aac5ba805825da76410c181273ba90b1	2026-10-06T10:17:17.2914559Z   fetch-depth: 1
simulation (ubuntu-latest)	Run actions/checkout@3d3c42e5aac5ba805825da76410c181273ba90b1	2026-10-06T10:17:17.2915065Z   fetch-tags: false
simulation (ubuntu-latest)	Run actions/checkout@3d3c42e5aac5ba805825da76410c181273ba90b1	2026-10-06T10:17:17.2915591Z   show-progress: true
simulation (ubuntu-latest)	Run actions/checkout@3d3c42e5aac5ba805825da76410c181273ba90b1	2026-10-06T10:17:17.2916134Z   lfs: false
simulation (ubuntu-latest)	Run actions/checkout@3d3c42e5aac5ba805825da76410c181273ba90b1	2026-10-06T10:17:17.2916635Z   submodules: false
simulation (ubuntu-latest)	Run actions/checkout@3d3c42e5aac5ba805825da76410c181273ba90b1	2026-10-06T10:17:17.2917179Z   set-safe-directory: true
simulation (ubuntu-latest)	Run actions/checkout@3d3c42e5aac5ba805825da76410c181273ba90b1	2026-10-06T10:17:17.2917791Z   allow-unsafe-pr-checkout: false
simulation (ubuntu-latest)	Run actions/checkout@3d3c42e5aac5ba805825da76410c181273ba90b1	2026-10-06T10:17:17.2918530Z ##[endgroup]
simulation (ubuntu-latest)	Run actions/checkout@3d3c42e5aac5ba805825da76410c181273ba90b1	2026-10-06T10:17:17.3584768Z Syncing repository: peppone-choi/OpenHOI4
simulation (ubuntu-latest)	Run actions/checkout@3d3c42e5aac5ba805825da76410c181273ba90b1	2026-10-06T10:17:17.3586499Z ##[group]Getting Git version info
simulation (ubuntu-latest)	Run actions/checkout@3d3c42e5aac5ba805825da76410c181273ba90b1	2026-10-06T10:17:17.3587400Z Working directory is '/home/runner/work/OpenHOI4/OpenHOI4'
simulation (ubuntu-latest)	Run actions/checkout@3d3c42e5aac5ba805825da76410c181273ba90b1	2026-10-06T10:17:17.3588603Z [command]/usr/bin/git version
simulation (ubuntu-latest)	Run actions/checkout@3d3c42e5aac5ba805825da76410c181273ba90b1	2026-10-06T10:17:17.3652273Z git version 2.55.0
simulation (ubuntu-latest)	Run actions/checkout@3d3c42e5aac5ba805825da76410c181273ba90b1	2026-10-06T10:17:17.3664714Z ##[endgroup]
simulation (ubuntu-latest)	Run actions/checkout@3d3c42e5aac5ba805825da76410c181273ba90b1	2026-10-06T10:17:17.3671546Z Temporarily overriding HOME='/home/runner/work/_temp/29b38c58-2010-40eb-b49e-bfdab5ad4345' before making global git config changes
simulation (ubuntu-latest)	Run actions/checkout@3d3c42e5aac5ba805825da76410c181273ba90b1	2026-10-06T10:17:17.3673439Z Adding repository directory to the temporary git global config as a safe directory
simulation (ubuntu-latest)	Run actions/checkout@3d3c42e5aac5ba805825da76410c181273ba90b1	2026-10-06T10:17:17.3675175Z [command]/usr/bin/git config --global --add safe.directory /home/runner/work/OpenHOI4/OpenHOI4
simulation (ubuntu-latest)	Run actions/checkout@3d3c42e5aac5ba805825da76410c181273ba90b1	2026-10-06T10:17:17.4072535Z Deleting the contents of '/home/runner/work/OpenHOI4/OpenHOI4'
simulation (ubuntu-latest)	Run actions/checkout@3d3c42e5aac5ba805825da76410c181273ba90b1	2026-10-06T10:17:17.4073969Z ##[group]Determining repository object format
simulation (ubuntu-latest)	Run actions/checkout@3d3c42e5aac5ba805825da76410c181273ba90b1	2026-10-06T10:17:17.4075050Z ##[endgroup]
simulation (ubuntu-latest)	Run actions/checkout@3d3c42e5aac5ba805825da76410c181273ba90b1	2026-10-06T10:17:17.4076154Z ##[group]Initializing the repository
simulation (ubuntu-latest)	Run actions/checkout@3d3c42e5aac5ba805825da76410c181273ba90b1	2026-10-06T10:17:17.4076977Z [command]/usr/bin/git init /home/runner/work/OpenHOI4/OpenHOI4
simulation (ubuntu-latest)	Run actions/checkout@3d3c42e5aac5ba805825da76410c181273ba90b1	2026-10-06T10:17:17.4764025Z hint: Using 'master' as the name for the initial branch. This default branch name
simulation (ubuntu-latest)	Run actions/checkout@3d3c42e5aac5ba805825da76410c181273ba90b1	2026-10-06T10:17:17.4765334Z hint: will change to "main" in Git 3.0. To configure the initial branch name
simulation (ubuntu-latest)	Run actions/checkout@3d3c42e5aac5ba805825da76410c181273ba90b1	2026-10-06T10:17:17.4766722Z hint: to use in all of your new repositories, which will suppress this warning,
simulation (ubuntu-latest)	Run actions/checkout@3d3c42e5aac5ba805825da76410c181273ba90b1	2026-10-06T10:17:17.4767758Z hint: call:
simulation (ubuntu-latest)	Run actions/checkout@3d3c42e5aac5ba805825da76410c181273ba90b1	2026-10-06T10:17:17.4768237Z hint:
simulation (ubuntu-latest)	Run actions/checkout@3d3c42e5aac5ba805825da76410c181273ba90b1	2026-10-06T10:17:17.4769236Z hint: 	git config --global init.defaultBranch <name>
simulation (ubuntu-latest)	Run actions/checkout@3d3c42e5aac5ba805825da76410c181273ba90b1	2026-10-06T10:17:17.4770198Z hint:
simulation (ubuntu-latest)	Run actions/checkout@3d3c42e5aac5ba805825da76410c181273ba90b1	2026-10-06T10:17:17.4770896Z hint: Names commonly chosen instead of 'master' are 'main', 'trunk' and
simulation (ubuntu-latest)	Run actions/checkout@3d3c42e5aac5ba805825da76410c181273ba90b1	2026-10-06T10:17:17.4772145Z hint: 'development'. The just-created branch can be renamed via this command:
simulation (ubuntu-latest)	Run actions/checkout@3d3c42e5aac5ba805825da76410c181273ba90b1	2026-10-06T10:17:17.4773060Z hint:
simulation (ubuntu-latest)	Run actions/checkout@3d3c42e5aac5ba805825da76410c181273ba90b1	2026-10-06T10:17:17.4773550Z hint: 	git branch -m <name>
simulation (ubuntu-latest)	Run actions/checkout@3d3c42e5aac5ba805825da76410c181273ba90b1	2026-10-06T10:17:17.4774122Z hint:
simulation (ubuntu-latest)	Run actions/checkout@3d3c42e5aac5ba805825da76410c181273ba90b1	2026-10-06T10:17:17.4774898Z hint: Disable this message with "git config set advice.defaultBranchName false"
simulation (ubuntu-latest)	Run actions/checkout@3d3c42e5aac5ba805825da76410c181273ba90b1	2026-10-06T10:17:17.4776384Z Initialized empty Git repository in /home/runner/work/OpenHOI4/OpenHOI4/.git/
simulation (ubuntu-latest)	Run actions/checkout@3d3c42e5aac5ba805825da76410c181273ba90b1	2026-10-06T10:17:17.4778572Z [command]/usr/bin/git remote add origin https://github.com/peppone-choi/OpenHOI4
simulation (ubuntu-latest)	Run actions/checkout@3d3c42e5aac5ba805825da76410c181273ba90b1	2026-10-06T10:17:17.5049261Z ##[endgroup]
simulation (ubuntu-latest)	Run actions/checkout@3d3c42e5aac5ba805825da76410c181273ba90b1	2026-10-06T10:17:17.5050288Z ##[group]Disabling automatic garbage collection
simulation (ubuntu-latest)	Run actions/checkout@3d3c42e5aac5ba805825da76410c181273ba90b1	2026-10-06T10:17:17.5051327Z [command]/usr/bin/git config --local gc.auto 0
simulation (ubuntu-latest)	Run actions/checkout@3d3c42e5aac5ba805825da76410c181273ba90b1	2026-10-06T10:17:17.5357996Z ##[endgroup]
simulation (ubuntu-latest)	Run actions/checkout@3d3c42e5aac5ba805825da76410c181273ba90b1	2026-10-06T10:17:17.5359417Z ##[group]Setting up auth
simulation (ubuntu-latest)	Run actions/checkout@3d3c42e5aac5ba805825da76410c181273ba90b1	2026-10-06T10:17:17.5360393Z Removing SSH command configuration
simulation (ubuntu-latest)	Run actions/checkout@3d3c42e5aac5ba805825da76410c181273ba90b1	2026-10-06T10:17:17.5361848Z [command]/usr/bin/git config --local --name-only --get-regexp core\.sshCommand
simulation (ubuntu-latest)	Run actions/checkout@3d3c42e5aac5ba805825da76410c181273ba90b1	2026-10-06T10:17:17.5392117Z [command]/usr/bin/git submodule foreach --recursive sh -c "git config --local --name-only --get-regexp 'core\.sshCommand' && git config --local --unset-all 'core.sshCommand' || :"
simulation (ubuntu-latest)	Run actions/checkout@3d3c42e5aac5ba805825da76410c181273ba90b1	2026-10-06T10:17:17.5693901Z Removing HTTP extra header
simulation (ubuntu-latest)	Run actions/checkout@3d3c42e5aac5ba805825da76410c181273ba90b1	2026-10-06T10:17:17.5697998Z [command]/usr/bin/git config --local --name-only --get-regexp http\.https\:\/\/github\.com\/\.extraheader
simulation (ubuntu-latest)	Run actions/checkout@3d3c42e5aac5ba805825da76410c181273ba90b1	2026-10-06T10:17:17.5725137Z [command]/usr/bin/git submodule foreach --recursive sh -c "git config --local --name-only --get-regexp 'http\.https\:\/\/github\.com\/\.extraheader' && git config --local --unset-all 'http.https://github.com/.extraheader' || :"
simulation (ubuntu-latest)	Run actions/checkout@3d3c42e5aac5ba805825da76410c181273ba90b1	2026-10-06T10:17:17.5897708Z Removing includeIf entries pointing to credentials config files
simulation (ubuntu-latest)	Run actions/checkout@3d3c42e5aac5ba805825da76410c181273ba90b1	2026-10-06T10:17:17.5901401Z [command]/usr/bin/git config --local --name-only --get-regexp ^includeIf\.gitdir:
simulation (ubuntu-latest)	Run actions/checkout@3d3c42e5aac5ba805825da76410c181273ba90b1	2026-10-06T10:17:17.5954888Z [command]/usr/bin/git submodule foreach --recursive git config --local --show-origin --name-only --get-regexp remote.origin.url
simulation (ubuntu-latest)	Run actions/checkout@3d3c42e5aac5ba805825da76410c181273ba90b1	2026-10-06T10:17:17.6127555Z [command]/usr/bin/git config --file /home/runner/work/_temp/git-credentials-80a7fcd6-1e59-49b6-b48b-ecc776884493.config http.https://github.com/.extraheader AUTHORIZATION: basic ***
simulation (ubuntu-latest)	Run actions/checkout@3d3c42e5aac5ba805825da76410c181273ba90b1	2026-10-06T10:17:17.6354832Z [command]/usr/bin/git config --local includeIf.gitdir:/home/runner/work/OpenHOI4/OpenHOI4/.git.path /home/runner/work/_temp/git-credentials-80a7fcd6-1e59-49b6-b48b-ecc776884493.config
simulation (ubuntu-latest)	Run actions/checkout@3d3c42e5aac5ba805825da76410c181273ba90b1	2026-10-06T10:17:17.6963704Z [command]/usr/bin/git config --local includeIf.gitdir:/home/runner/work/OpenHOI4/OpenHOI4/.git/worktrees/*.path /home/runner/work/_temp/git-credentials-80a7fcd6-1e59-49b6-b48b-ecc776884493.config
simulation (ubuntu-latest)	Run actions/checkout@3d3c42e5aac5ba805825da76410c181273ba90b1	2026-10-06T10:17:17.7843242Z [command]/usr/bin/git config --local includeIf.gitdir:/github/workspace/.git.path /github/runner_temp/git-credentials-80a7fcd6-1e59-49b6-b48b-ecc776884493.config
simulation (ubuntu-latest)	Run actions/checkout@3d3c42e5aac5ba805825da76410c181273ba90b1	2026-10-06T10:17:17.7952476Z [command]/usr/bin/git config --local includeIf.gitdir:/github/workspace/.git/worktrees/*.path /github/runner_temp/git-credentials-80a7fcd6-1e59-49b6-b48b-ecc776884493.config
simulation (ubuntu-latest)	Run actions/checkout@3d3c42e5aac5ba805825da76410c181273ba90b1	2026-10-06T10:17:17.8033813Z ##[endgroup]
simulation (ubuntu-latest)	Run actions/checkout@3d3c42e5aac5ba805825da76410c181273ba90b1	2026-10-06T10:17:17.8035118Z ##[group]Fetching the repository
simulation (ubuntu-latest)	Run actions/checkout@3d3c42e5aac5ba805825da76410c181273ba90b1	2026-10-06T10:17:17.8039536Z [command]/usr/bin/git -c protocol.version=2 fetch --no-tags --prune --no-recurse-submodules --depth=1 origin +d6ae2c8f176d6e8fdc0bc1a102ec2eb74ccac756:refs/remotes/origin/main
simulation (ubuntu-latest)	Run actions/checkout@3d3c42e5aac5ba805825da76410c181273ba90b1	2026-10-06T10:17:18.9984708Z From https://github.com/peppone-choi/OpenHOI4
simulation (ubuntu-latest)	Run actions/checkout@3d3c42e5aac5ba805825da76410c181273ba90b1	2026-10-06T10:17:18.9985356Z  * [new ref]         d6ae2c8f176d6e8fdc0bc1a102ec2eb74ccac756 -> origin/main
simulation (ubuntu-latest)	Run actions/checkout@3d3c42e5aac5ba805825da76410c181273ba90b1	2026-10-06T10:17:18.9992983Z [command]/usr/bin/git branch --list --remote origin/main
simulation (ubuntu-latest)	Run actions/checkout@3d3c42e5aac5ba805825da76410c181273ba90b1	2026-10-06T10:17:19.0014499Z   origin/main
simulation (ubuntu-latest)	Run actions/checkout@3d3c42e5aac5ba805825da76410c181273ba90b1	2026-10-06T10:17:19.0020379Z [command]/usr/bin/git rev-parse refs/remotes/origin/main
simulation (ubuntu-latest)	Run actions/checkout@3d3c42e5aac5ba805825da76410c181273ba90b1	2026-10-06T10:17:19.0038171Z d6ae2c8f176d6e8fdc0bc1a102ec2eb74ccac756
simulation (ubuntu-latest)	Run actions/checkout@3d3c42e5aac5ba805825da76410c181273ba90b1	2026-10-06T10:17:19.0041723Z ##[endgroup]
simulation (ubuntu-latest)	Run actions/checkout@3d3c42e5aac5ba805825da76410c181273ba90b1	2026-10-06T10:17:19.0042012Z ##[group]Determining the checkout info
simulation (ubuntu-latest)	Run actions/checkout@3d3c42e5aac5ba805825da76410c181273ba90b1	2026-10-06T10:17:19.0042560Z ##[endgroup]
simulation (ubuntu-latest)	Run actions/checkout@3d3c42e5aac5ba805825da76410c181273ba90b1	2026-10-06T10:17:19.0045012Z [command]/usr/bin/git sparse-checkout disable
simulation (ubuntu-latest)	Run actions/checkout@3d3c42e5aac5ba805825da76410c181273ba90b1	2026-10-06T10:17:19.0087404Z [command]/usr/bin/git config --local --unset-all extensions.worktreeConfig
simulation (ubuntu-latest)	Run actions/checkout@3d3c42e5aac5ba805825da76410c181273ba90b1	2026-10-06T10:17:19.0109551Z ##[group]Checking out the ref
simulation (ubuntu-latest)	Run actions/checkout@3d3c42e5aac5ba805825da76410c181273ba90b1	2026-10-06T10:17:19.0111937Z [command]/usr/bin/git checkout --progress --force -B main refs/remotes/origin/main
simulation (ubuntu-latest)	Run actions/checkout@3d3c42e5aac5ba805825da76410c181273ba90b1	2026-10-06T10:17:19.0414603Z Switched to a new branch 'main'
simulation (ubuntu-latest)	Run actions/checkout@3d3c42e5aac5ba805825da76410c181273ba90b1	2026-10-06T10:17:19.0419652Z branch 'main' set up to track 'origin/main'.
simulation (ubuntu-latest)	Run actions/checkout@3d3c42e5aac5ba805825da76410c181273ba90b1	2026-10-06T10:17:19.0425503Z ##[endgroup]
simulation (ubuntu-latest)	Run actions/checkout@3d3c42e5aac5ba805825da76410c181273ba90b1	2026-10-06T10:17:19.0459211Z [command]/usr/bin/git log -1 --format=%H
simulation (ubuntu-latest)	Run actions/checkout@3d3c42e5aac5ba805825da76410c181273ba90b1	2026-10-06T10:17:19.0478421Z d6ae2c8f176d6e8fdc0bc1a102ec2eb74ccac756
simulation (ubuntu-latest)	Run actions/setup-python@5fda3b95a4ea91299a34e894583c3862153e4b97	﻿2026-10-06T10:17:19.0730499Z ##[group]Run actions/setup-python@5fda3b95a4ea91299a34e894583c3862153e4b97
simulation (ubuntu-latest)	Run actions/setup-python@5fda3b95a4ea91299a34e894583c3862153e4b97	2026-10-06T10:17:19.0730776Z with:
simulation (ubuntu-latest)	Run actions/setup-python@5fda3b95a4ea91299a34e894583c3862153e4b97	2026-10-06T10:17:19.0730931Z   python-version: 3.11
simulation (ubuntu-latest)	Run actions/setup-python@5fda3b95a4ea91299a34e894583c3862153e4b97	2026-10-06T10:17:19.0731090Z   check-latest: false
simulation (ubuntu-latest)	Run actions/setup-python@5fda3b95a4ea91299a34e894583c3862153e4b97	2026-10-06T10:17:19.0732563Z   token: ***
simulation (ubuntu-latest)	Run actions/setup-python@5fda3b95a4ea91299a34e894583c3862153e4b97	2026-10-06T10:17:19.0732718Z   update-environment: true
simulation (ubuntu-latest)	Run actions/setup-python@5fda3b95a4ea91299a34e894583c3862153e4b97	2026-10-06T10:17:19.0732895Z   allow-prereleases: false
simulation (ubuntu-latest)	Run actions/setup-python@5fda3b95a4ea91299a34e894583c3862153e4b97	2026-10-06T10:17:19.0733062Z   freethreaded: false
simulation (ubuntu-latest)	Run actions/setup-python@5fda3b95a4ea91299a34e894583c3862153e4b97	2026-10-06T10:17:19.0733218Z ##[endgroup]
simulation (ubuntu-latest)	Run actions/setup-python@5fda3b95a4ea91299a34e894583c3862153e4b97	2026-10-06T10:17:19.1483982Z ##[group]Installed versions
simulation (ubuntu-latest)	Run actions/setup-python@5fda3b95a4ea91299a34e894583c3862153e4b97	2026-10-06T10:17:19.1534962Z Successfully set up CPython (3.11.16)
simulation (ubuntu-latest)	Run actions/setup-python@5fda3b95a4ea91299a34e894583c3862153e4b97	2026-10-06T10:17:19.1535537Z ##[endgroup]
simulation (ubuntu-latest)	Install pinned Rust toolchain	﻿2026-10-06T10:17:19.1637017Z ##[group]Run rustup toolchain install 1.99.0 --profile minimal --component rustfmt --component clippy
simulation (ubuntu-latest)	Install pinned Rust toolchain	2026-10-06T10:17:19.1637526Z [36;1mrustup toolchain install 1.99.0 --profile minimal --component rustfmt --component clippy[0m
simulation (ubuntu-latest)	Install pinned Rust toolchain	2026-10-06T10:17:19.1882289Z shell: /usr/bin/bash -e {0}
simulation (ubuntu-latest)	Install pinned Rust toolchain	2026-10-06T10:17:19.1882575Z env:
simulation (ubuntu-latest)	Install pinned Rust toolchain	2026-10-06T10:17:19.1882795Z   pythonLocation: /opt/hostedtoolcache/Python/3.11.16/x64
simulation (ubuntu-latest)	Install pinned Rust toolchain	2026-10-06T10:17:19.1883087Z   PKG_CONFIG_PATH: /opt/hostedtoolcache/Python/3.11.16/x64/lib/pkgconfig
simulation (ubuntu-latest)	Install pinned Rust toolchain	2026-10-06T10:17:19.1883367Z   Python_ROOT_DIR: /opt/hostedtoolcache/Python/3.11.16/x64
simulation (ubuntu-latest)	Install pinned Rust toolchain	2026-10-06T10:17:19.1883618Z   Python2_ROOT_DIR: /opt/hostedtoolcache/Python/3.11.16/x64
simulation (ubuntu-latest)	Install pinned Rust toolchain	2026-10-06T10:17:19.1883874Z   Python3_ROOT_DIR: /opt/hostedtoolcache/Python/3.11.16/x64
simulation (ubuntu-latest)	Install pinned Rust toolchain	2026-10-06T10:17:19.1884131Z   LD_LIBRARY_PATH: /opt/hostedtoolcache/Python/3.11.16/x64/lib
simulation (ubuntu-latest)	Install pinned Rust toolchain	2026-10-06T10:17:19.1884347Z ##[endgroup]
simulation (ubuntu-latest)	Install pinned Rust toolchain	2026-10-06T10:17:19.3044660Z info: syncing channel updates for 1.99.0-x86_64-unknown-linux-gnu
simulation (ubuntu-latest)	Install pinned Rust toolchain	2026-10-06T10:17:19.6880739Z info: latest update on 2026-10-01 for version 1.99.0 (b940084d7 2026-09-28)
simulation (ubuntu-latest)	Install pinned Rust toolchain	2026-10-06T10:17:19.6881409Z info: downloading 5 components
simulation (ubuntu-latest)	Install pinned Rust toolchain	2026-10-06T10:17:26.8207899Z
simulation (ubuntu-latest)	Install pinned Rust toolchain	2026-10-06T10:17:26.8268748Z   1.99.0-x86_64-unknown-linux-gnu installed - rustc 1.99.0 (b940084d7 2026-09-28)
simulation (ubuntu-latest)	Install pinned Rust toolchain	2026-10-06T10:17:26.8269368Z
simulation (ubuntu-latest)	Run cargo fmt --check	﻿2026-10-06T10:17:26.8349166Z ##[group]Run cargo fmt --check
simulation (ubuntu-latest)	Run cargo fmt --check	2026-10-06T10:17:26.8349389Z [36;1mcargo fmt --check[0m
simulation (ubuntu-latest)	Run cargo fmt --check	2026-10-06T10:17:26.8402896Z shell: /usr/bin/bash -e {0}
simulation (ubuntu-latest)	Run cargo fmt --check	2026-10-06T10:17:26.8403041Z env:
simulation (ubuntu-latest)	Run cargo fmt --check	2026-10-06T10:17:26.8403201Z   pythonLocation: /opt/hostedtoolcache/Python/3.11.16/x64
simulation (ubuntu-latest)	Run cargo fmt --check	2026-10-06T10:17:26.8403454Z   PKG_CONFIG_PATH: /opt/hostedtoolcache/Python/3.11.16/x64/lib/pkgconfig
simulation (ubuntu-latest)	Run cargo fmt --check	2026-10-06T10:17:26.8403698Z   Python_ROOT_DIR: /opt/hostedtoolcache/Python/3.11.16/x64
simulation (ubuntu-latest)	Run cargo fmt --check	2026-10-06T10:17:26.8403912Z   Python2_ROOT_DIR: /opt/hostedtoolcache/Python/3.11.16/x64
simulation (ubuntu-latest)	Run cargo fmt --check	2026-10-06T10:17:26.8404131Z   Python3_ROOT_DIR: /opt/hostedtoolcache/Python/3.11.16/x64
simulation (ubuntu-latest)	Run cargo fmt --check	2026-10-06T10:17:26.8404353Z   LD_LIBRARY_PATH: /opt/hostedtoolcache/Python/3.11.16/x64/lib
simulation (ubuntu-latest)	Run cargo fmt --check	2026-10-06T10:17:26.8404684Z ##[endgroup]
simulation (ubuntu-latest)	Run cargo clippy -p oh_sim -p oh_cli --all-targets --locked -- -D warnings	﻿2026-10-06T10:17:26.9156600Z ##[group]Run cargo clippy -p oh_sim -p oh_cli --all-targets --locked -- -D warnings
simulation (ubuntu-latest)	Run cargo clippy -p oh_sim -p oh_cli --all-targets --locked -- -D warnings	2026-10-06T10:17:26.9156962Z [36;1mcargo clippy -p oh_sim -p oh_cli --all-targets --locked -- -D warnings[0m
simulation (ubuntu-latest)	Run cargo clippy -p oh_sim -p oh_cli --all-targets --locked -- -D warnings	2026-10-06T10:17:26.9211638Z shell: /usr/bin/bash -e {0}
simulation (ubuntu-latest)	Run cargo clippy -p oh_sim -p oh_cli --all-targets --locked -- -D warnings	2026-10-06T10:17:26.9211789Z env:
simulation (ubuntu-latest)	Run cargo clippy -p oh_sim -p oh_cli --all-targets --locked -- -D warnings	2026-10-06T10:17:26.9211946Z   pythonLocation: /opt/hostedtoolcache/Python/3.11.16/x64
simulation (ubuntu-latest)	Run cargo clippy -p oh_sim -p oh_cli --all-targets --locked -- -D warnings	2026-10-06T10:17:26.9212197Z   PKG_CONFIG_PATH: /opt/hostedtoolcache/Python/3.11.16/x64/lib/pkgconfig
simulation (ubuntu-latest)	Run cargo clippy -p oh_sim -p oh_cli --all-targets --locked -- -D warnings	2026-10-06T10:17:26.9212441Z   Python_ROOT_DIR: /opt/hostedtoolcache/Python/3.11.16/x64
simulation (ubuntu-latest)	Run cargo clippy -p oh_sim -p oh_cli --all-targets --locked -- -D warnings	2026-10-06T10:17:26.9212659Z   Python2_ROOT_DIR: /opt/hostedtoolcache/Python/3.11.16/x64
simulation (ubuntu-latest)	Run cargo clippy -p oh_sim -p oh_cli --all-targets --locked -- -D warnings	2026-10-06T10:17:26.9212876Z   Python3_ROOT_DIR: /opt/hostedtoolcache/Python/3.11.16/x64
simulation (ubuntu-latest)	Run cargo clippy -p oh_sim -p oh_cli --all-targets --locked -- -D warnings	2026-10-06T10:17:26.9213095Z   LD_LIBRARY_PATH: /opt/hostedtoolcache/Python/3.11.16/x64/lib
simulation (ubuntu-latest)	Run cargo clippy -p oh_sim -p oh_cli --all-targets --locked -- -D warnings	2026-10-06T10:17:26.9213281Z ##[endgroup]
simulation (ubuntu-latest)	Run cargo clippy -p oh_sim -p oh_cli --all-targets --locked -- -D warnings	2026-10-06T10:17:26.9800835Z     Updating crates.io index
simulation (ubuntu-latest)	Run cargo clippy -p oh_sim -p oh_cli --all-targets --locked -- -D warnings	2026-10-06T10:17:27.2158378Z  Downloading crates ...
simulation (ubuntu-latest)	Run cargo clippy -p oh_sim -p oh_cli --all-targets --locked -- -D warnings	2026-10-06T10:17:27.2878780Z   Downloaded bytemuck v1.25.2
simulation (ubuntu-latest)	Run cargo clippy -p oh_sim -p oh_cli --all-targets --locked -- -D warnings	2026-10-06T10:17:27.2905985Z   Downloaded dyn-clone v1.0.20
simulation (ubuntu-latest)	Run cargo clippy -p oh_sim -p oh_cli --all-targets --locked -- -D warnings	2026-10-06T10:17:27.2918048Z   Downloaded cfg-if v1.0.5
simulation (ubuntu-latest)	Run cargo clippy -p oh_sim -p oh_cli --all-targets --locked -- -D warnings	2026-10-06T10:17:27.2927198Z   Downloaded cobs v0.3.0
simulation (ubuntu-latest)	Run cargo clippy -p oh_sim -p oh_cli --all-targets --locked -- -D warnings	2026-10-06T10:17:27.2939073Z   Downloaded ref-cast v1.0.27
simulation (ubuntu-latest)	Run cargo clippy -p oh_sim -p oh_cli --all-targets --locked -- -D warnings	2026-10-06T10:17:27.2961091Z   Downloaded az v1.3.0
simulation (ubuntu-latest)	Run cargo clippy -p oh_sim -p oh_cli --all-targets --locked -- -D warnings	2026-10-06T10:17:27.3044737Z   Downloaded embedded-io v0.4.0
simulation (ubuntu-latest)	Run cargo clippy -p oh_sim -p oh_cli --all-targets --locked -- -D warnings	2026-10-06T10:17:27.3057093Z   Downloaded serde_spanned v1.1.1
simulation (ubuntu-latest)	Run cargo clippy -p oh_sim -p oh_cli --all-targets --locked -- -D warnings	2026-10-06T10:17:27.3065337Z   Downloaded ref-cast-impl v1.0.27
simulation (ubuntu-latest)	Run cargo clippy -p oh_sim -p oh_cli --all-targets --locked -- -D warnings	2026-10-06T10:17:27.3070925Z   Downloaded equivalent v1.0.2
simulation (ubuntu-latest)	Run cargo clippy -p oh_sim -p oh_cli --all-targets --locked -- -D warnings	2026-10-06T10:17:27.3088664Z   Downloaded itoa v1.0.18
simulation (ubuntu-latest)	Run cargo clippy -p oh_sim -p oh_cli --all-targets --locked -- -D warnings	2026-10-06T10:17:27.3144223Z   Downloaded embedded-io v0.6.1
simulation (ubuntu-latest)	Run cargo clippy -p oh_sim -p oh_cli --all-targets --locked -- -D warnings	2026-10-06T10:17:27.3234151Z   Downloaded ppv-lite86 v0.2.21
simulation (ubuntu-latest)	Run cargo clippy -p oh_sim -p oh_cli --all-targets --locked -- -D warnings	2026-10-06T10:17:27.3244349Z   Downloaded rand_chacha v0.10.0
simulation (ubuntu-latest)	Run cargo clippy -p oh_sim -p oh_cli --all-targets --locked -- -D warnings	2026-10-06T10:17:27.3252569Z   Downloaded schemars_derive v1.2.2
simulation (ubuntu-latest)	Run cargo clippy -p oh_sim -p oh_cli --all-targets --locked -- -D warnings	2026-10-06T10:17:27.3267169Z   Downloaded rand_core v0.10.1
simulation (ubuntu-latest)	Run cargo clippy -p oh_sim -p oh_cli --all-targets --locked -- -D warnings	2026-10-06T10:17:27.3279330Z   Downloaded toml_datetime v1.1.1+spec-1.1.0
simulation (ubuntu-latest)	Run cargo clippy -p oh_sim -p oh_cli --all-targets --locked -- -D warnings	2026-10-06T10:17:27.3288345Z   Downloaded zmij v1.0.23
simulation (ubuntu-latest)	Run cargo clippy -p oh_sim -p oh_cli --all-targets --locked -- -D warnings	2026-10-06T10:17:27.3308526Z   Downloaded thiserror-impl v2.0.21
simulation (ubuntu-latest)	Run cargo clippy -p oh_sim -p oh_cli --all-targets --locked -- -D warnings	2026-10-06T10:17:27.3320787Z   Downloaded toml_writer v1.1.2+spec-1.1.0
simulation (ubuntu-latest)	Run cargo clippy -p oh_sim -p oh_cli --all-targets --locked -- -D warnings	2026-10-06T10:17:27.3330588Z   Downloaded quote v1.0.47
simulation (ubuntu-latest)	Run cargo clippy -p oh_sim -p oh_cli --all-targets --locked -- -D warnings	2026-10-06T10:17:27.3350945Z   Downloaded semver v1.0.28
simulation (ubuntu-latest)	Run cargo clippy -p oh_sim -p oh_cli --all-targets --locked -- -D warnings	2026-10-06T10:17:27.3368622Z   Downloaded thiserror v2.0.21
simulation (ubuntu-latest)	Run cargo clippy -p oh_sim -p oh_cli --all-targets --locked -- -D warnings	2026-10-06T10:17:27.3422983Z   Downloaded toml_parser v1.1.3+spec-1.1.0
simulation (ubuntu-latest)	Run cargo clippy -p oh_sim -p oh_cli --all-targets --locked -- -D warnings	2026-10-06T10:17:27.3440368Z   Downloaded postcard v1.1.3
simulation (ubuntu-latest)	Run cargo clippy -p oh_sim -p oh_cli --all-targets --locked -- -D warnings	2026-10-06T10:17:27.3457429Z   Downloaded serde_derive_internals v0.30.0
simulation (ubuntu-latest)	Run cargo clippy -p oh_sim -p oh_cli --all-targets --locked -- -D warnings	2026-10-06T10:17:27.3470364Z   Downloaded proc-macro2 v1.0.107
simulation (ubuntu-latest)	Run cargo clippy -p oh_sim -p oh_cli --all-targets --locked -- -D warnings	2026-10-06T10:17:27.3496268Z   Downloaded unicode-ident v1.0.26
simulation (ubuntu-latest)	Run cargo clippy -p oh_sim -p oh_cli --all-targets --locked -- -D warnings	2026-10-06T10:17:27.3517472Z   Downloaded half v2.7.1
simulation (ubuntu-latest)	Run cargo clippy -p oh_sim -p oh_cli --all-targets --locked -- -D warnings	2026-10-06T10:17:27.3537995Z   Downloaded toml v1.1.6+spec-1.1.0
simulation (ubuntu-latest)	Run cargo clippy -p oh_sim -p oh_cli --all-targets --locked -- -D warnings	2026-10-06T10:17:27.3569576Z   Downloaded serde_core v1.0.229
simulation (ubuntu-latest)	Run cargo clippy -p oh_sim -p oh_cli --all-targets --locked -- -D warnings	2026-10-06T10:17:27.3590006Z   Downloaded serde_derive v1.0.229
simulation (ubuntu-latest)	Run cargo clippy -p oh_sim -p oh_cli --all-targets --locked -- -D warnings	2026-10-06T10:17:27.3613320Z   Downloaded schemars v1.2.2
simulation (ubuntu-latest)	Run cargo clippy -p oh_sim -p oh_cli --all-targets --locked -- -D warnings	2026-10-06T10:17:27.3750338Z   Downloaded memchr v2.8.3
simulation (ubuntu-latest)	Run cargo clippy -p oh_sim -p oh_cli --all-targets --locked -- -D warnings	2026-10-06T10:17:27.3795787Z   Downloaded serde v1.0.229
simulation (ubuntu-latest)	Run cargo clippy -p oh_sim -p oh_cli --all-targets --locked -- -D warnings	2026-10-06T10:17:27.3823035Z   Downloaded indexmap v2.14.2
simulation (ubuntu-latest)	Run cargo clippy -p oh_sim -p oh_cli --all-targets --locked -- -D warnings	2026-10-06T10:17:27.3855337Z   Downloaded typenum v1.20.1
simulation (ubuntu-latest)	Run cargo clippy -p oh_sim -p oh_cli --all-targets --locked -- -D warnings	2026-10-06T10:17:27.3882190Z   Downloaded serde_json v1.0.151
simulation (ubuntu-latest)	Run cargo clippy -p oh_sim -p oh_cli --all-targets --locked -- -D warnings	2026-10-06T10:17:27.3940227Z   Downloaded zerocopy-derive v0.8.60
simulation (ubuntu-latest)	Run cargo clippy -p oh_sim -p oh_cli --all-targets --locked -- -D warnings	2026-10-06T10:17:27.4037653Z   Downloaded hashbrown v0.17.1
simulation (ubuntu-latest)	Run cargo clippy -p oh_sim -p oh_cli --all-targets --locked -- -D warnings	2026-10-06T10:17:27.4078172Z   Downloaded winnow v1.0.4
simulation (ubuntu-latest)	Run cargo clippy -p oh_sim -p oh_cli --all-targets --locked -- -D warnings	2026-10-06T10:17:27.4154769Z   Downloaded fixed v1.31.0
simulation (ubuntu-latest)	Run cargo clippy -p oh_sim -p oh_cli --all-targets --locked -- -D warnings	2026-10-06T10:17:27.4208601Z   Downloaded zerocopy v0.8.60
simulation (ubuntu-latest)	Run cargo clippy -p oh_sim -p oh_cli --all-targets --locked -- -D warnings	2026-10-06T10:17:27.4380149Z   Downloaded syn v2.0.119
simulation (ubuntu-latest)	Run cargo clippy -p oh_sim -p oh_cli --all-targets --locked -- -D warnings	2026-10-06T10:17:27.4477064Z   Downloaded syn v3.0.6
simulation (ubuntu-latest)	Run cargo clippy -p oh_sim -p oh_cli --all-targets --locked -- -D warnings	2026-10-06T10:17:27.4815009Z    Compiling proc-macro2 v1.0.107
simulation (ubuntu-latest)	Run cargo clippy -p oh_sim -p oh_cli --all-targets --locked -- -D warnings	2026-10-06T10:17:27.4826200Z    Compiling quote v1.0.47
simulation (ubuntu-latest)	Run cargo clippy -p oh_sim -p oh_cli --all-targets --locked -- -D warnings	2026-10-06T10:17:27.4826503Z    Compiling unicode-ident v1.0.26
simulation (ubuntu-latest)	Run cargo clippy -p oh_sim -p oh_cli --all-targets --locked -- -D warnings	2026-10-06T10:17:27.4826757Z    Compiling serde_core v1.0.229
simulation (ubuntu-latest)	Run cargo clippy -p oh_sim -p oh_cli --all-targets --locked -- -D warnings	2026-10-06T10:17:27.5371735Z    Compiling zerocopy v0.8.60
simulation (ubuntu-latest)	Run cargo clippy -p oh_sim -p oh_cli --all-targets --locked -- -D warnings	2026-10-06T10:17:27.6711092Z    Compiling serde v1.0.229
simulation (ubuntu-latest)	Run cargo clippy -p oh_sim -p oh_cli --all-targets --locked -- -D warnings	2026-10-06T10:17:27.7127268Z    Compiling thiserror v2.0.21
simulation (ubuntu-latest)	Run cargo clippy -p oh_sim -p oh_cli --all-targets --locked -- -D warnings	2026-10-06T10:17:27.8591992Z    Compiling zmij v1.0.23
simulation (ubuntu-latest)	Run cargo clippy -p oh_sim -p oh_cli --all-targets --locked -- -D warnings	2026-10-06T10:17:27.9213011Z    Compiling serde_json v1.0.151
simulation (ubuntu-latest)	Run cargo clippy -p oh_sim -p oh_cli --all-targets --locked -- -D warnings	2026-10-06T10:17:27.9704792Z    Compiling ref-cast v1.0.27
simulation (ubuntu-latest)	Run cargo clippy -p oh_sim -p oh_cli --all-targets --locked -- -D warnings	2026-10-06T10:17:27.9909992Z     Checking cfg-if v1.0.5
simulation (ubuntu-latest)	Run cargo clippy -p oh_sim -p oh_cli --all-targets --locked -- -D warnings	2026-10-06T10:17:28.0690718Z    Compiling fixed v1.31.0
simulation (ubuntu-latest)	Run cargo clippy -p oh_sim -p oh_cli --all-targets --locked -- -D warnings	2026-10-06T10:17:28.1429237Z    Compiling syn v3.0.6
simulation (ubuntu-latest)	Run cargo clippy -p oh_sim -p oh_cli --all-targets --locked -- -D warnings	2026-10-06T10:17:28.1469486Z    Compiling syn v2.0.119
simulation (ubuntu-latest)	Run cargo clippy -p oh_sim -p oh_cli --all-targets --locked -- -D warnings	2026-10-06T10:17:28.3079969Z     Checking typenum v1.20.1
simulation (ubuntu-latest)	Run cargo clippy -p oh_sim -p oh_cli --all-targets --locked -- -D warnings	2026-10-06T10:17:28.7264431Z     Checking winnow v1.0.4
simulation (ubuntu-latest)	Run cargo clippy -p oh_sim -p oh_cli --all-targets --locked -- -D warnings	2026-10-06T10:17:28.8380113Z     Checking itoa v1.0.18
simulation (ubuntu-latest)	Run cargo clippy -p oh_sim -p oh_cli --all-targets --locked -- -D warnings	2026-10-06T10:17:28.8795311Z     Checking memchr v2.8.3
simulation (ubuntu-latest)	Run cargo clippy -p oh_sim -p oh_cli --all-targets --locked -- -D warnings	2026-10-06T10:17:28.8859803Z     Checking rand_core v0.10.1
simulation (ubuntu-latest)	Run cargo clippy -p oh_sim -p oh_cli --all-targets --locked -- -D warnings	2026-10-06T10:17:28.9330036Z     Checking bytemuck v1.25.2
simulation (ubuntu-latest)	Run cargo clippy -p oh_sim -p oh_cli --all-targets --locked -- -D warnings	2026-10-06T10:17:29.0100065Z     Checking az v1.3.0
simulation (ubuntu-latest)	Run cargo clippy -p oh_sim -p oh_cli --all-targets --locked -- -D warnings	2026-10-06T10:17:29.1061604Z    Compiling serde_derive_internals v0.30.0
simulation (ubuntu-latest)	Run cargo clippy -p oh_sim -p oh_cli --all-targets --locked -- -D warnings	2026-10-06T10:17:29.6045980Z     Checking toml_parser v1.1.3+spec-1.1.0
simulation (ubuntu-latest)	Run cargo clippy -p oh_sim -p oh_cli --all-targets --locked -- -D warnings	2026-10-06T10:17:29.6910705Z    Compiling serde_derive v1.0.229
simulation (ubuntu-latest)	Run cargo clippy -p oh_sim -p oh_cli --all-targets --locked -- -D warnings	2026-10-06T10:17:29.7851018Z    Compiling thiserror-impl v2.0.21
simulation (ubuntu-latest)	Run cargo clippy -p oh_sim -p oh_cli --all-targets --locked -- -D warnings	2026-10-06T10:17:29.9321082Z    Compiling ref-cast-impl v1.0.27
simulation (ubuntu-latest)	Run cargo clippy -p oh_sim -p oh_cli --all-targets --locked -- -D warnings	2026-10-06T10:17:30.1645456Z    Compiling schemars_derive v1.2.2
simulation (ubuntu-latest)	Run cargo clippy -p oh_sim -p oh_cli --all-targets --locked -- -D warnings	2026-10-06T10:17:30.4529876Z    Compiling zerocopy-derive v0.8.60
simulation (ubuntu-latest)	Run cargo clippy -p oh_sim -p oh_cli --all-targets --locked -- -D warnings	2026-10-06T10:17:30.5170127Z     Checking cobs v0.3.0
simulation (ubuntu-latest)	Run cargo clippy -p oh_sim -p oh_cli --all-targets --locked -- -D warnings	2026-10-06T10:17:30.5569909Z     Checking toml_datetime v1.1.1+spec-1.1.0
simulation (ubuntu-latest)	Run cargo clippy -p oh_sim -p oh_cli --all-targets --locked -- -D warnings	2026-10-06T10:17:30.6360120Z     Checking serde_spanned v1.1.1
simulation (ubuntu-latest)	Run cargo clippy -p oh_sim -p oh_cli --all-targets --locked -- -D warnings	2026-10-06T10:17:30.6750131Z     Checking semver v1.0.28
simulation (ubuntu-latest)	Run cargo clippy -p oh_sim -p oh_cli --all-targets --locked -- -D warnings	2026-10-06T10:17:30.7701798Z     Checking dyn-clone v1.0.20
simulation (ubuntu-latest)	Run cargo clippy -p oh_sim -p oh_cli --all-targets --locked -- -D warnings	2026-10-06T10:17:30.7960931Z     Checking toml_writer v1.1.2+spec-1.1.0
simulation (ubuntu-latest)	Run cargo clippy -p oh_sim -p oh_cli --all-targets --locked -- -D warnings	2026-10-06T10:17:30.8797068Z     Checking toml v1.1.6+spec-1.1.0
simulation (ubuntu-latest)	Run cargo clippy -p oh_sim -p oh_cli --all-targets --locked -- -D warnings	2026-10-06T10:17:31.5744571Z     Checking postcard v1.1.3
simulation (ubuntu-latest)	Run cargo clippy -p oh_sim -p oh_cli --all-targets --locked -- -D warnings	2026-10-06T10:17:31.5745042Z     Checking schemars v1.2.2
simulation (ubuntu-latest)	Run cargo clippy -p oh_sim -p oh_cli --all-targets --locked -- -D warnings	2026-10-06T10:17:32.9764635Z     Checking half v2.7.1
simulation (ubuntu-latest)	Run cargo clippy -p oh_sim -p oh_cli --all-targets --locked -- -D warnings	2026-10-06T10:17:32.9764950Z     Checking ppv-lite86 v0.2.21
simulation (ubuntu-latest)	Run cargo clippy -p oh_sim -p oh_cli --all-targets --locked -- -D warnings	2026-10-06T10:17:33.0845421Z     Checking rand_chacha v0.10.0
simulation (ubuntu-latest)	Run cargo clippy -p oh_sim -p oh_cli --all-targets --locked -- -D warnings	2026-10-06T10:17:36.1566218Z     Checking oh_core v0.1.0 (/home/runner/work/OpenHOI4/OpenHOI4/crates/oh_core)
simulation (ubuntu-latest)	Run cargo clippy -p oh_sim -p oh_cli --all-targets --locked -- -D warnings	2026-10-06T10:17:36.2179832Z     Checking oh_data v0.1.0 (/home/runner/work/OpenHOI4/OpenHOI4/crates/oh_data)
simulation (ubuntu-latest)	Run cargo clippy -p oh_sim -p oh_cli --all-targets --locked -- -D warnings	2026-10-06T10:17:36.3013609Z     Checking oh_sim v0.1.0 (/home/runner/work/OpenHOI4/OpenHOI4/crates/oh_sim)
simulation (ubuntu-latest)	Run cargo clippy -p oh_sim -p oh_cli --all-targets --locked -- -D warnings	2026-10-06T10:17:36.3547394Z     Checking oh_save v0.1.0 (/home/runner/work/OpenHOI4/OpenHOI4/crates/oh_save)
simulation (ubuntu-latest)	Run cargo clippy -p oh_sim -p oh_cli --all-targets --locked -- -D warnings	2026-10-06T10:17:36.3547969Z     Checking oh_ai v0.1.0 (/home/runner/work/OpenHOI4/OpenHOI4/crates/oh_ai)
simulation (ubuntu-latest)	Run cargo clippy -p oh_sim -p oh_cli --all-targets --locked -- -D warnings	2026-10-06T10:17:36.3720719Z     Checking oh_cli v0.1.0 (/home/runner/work/OpenHOI4/OpenHOI4/crates/oh_cli)
simulation (ubuntu-latest)	Run cargo clippy -p oh_sim -p oh_cli --all-targets --locked -- -D warnings	2026-10-06T10:17:36.4597051Z     Finished `dev` profile [unoptimized + debuginfo] target(s) in 9.49s
simulation (ubuntu-latest)	Run cargo test -p oh_sim -p oh_cli --locked	﻿2026-10-06T10:17:36.4910950Z ##[group]Run cargo test -p oh_sim -p oh_cli --locked
simulation (ubuntu-latest)	Run cargo test -p oh_sim -p oh_cli --locked	2026-10-06T10:17:36.4911212Z [36;1mcargo test -p oh_sim -p oh_cli --locked[0m
simulation (ubuntu-latest)	Run cargo test -p oh_sim -p oh_cli --locked	2026-10-06T10:17:36.4965330Z shell: /usr/bin/bash -e {0}
simulation (ubuntu-latest)	Run cargo test -p oh_sim -p oh_cli --locked	2026-10-06T10:17:36.4965482Z env:
simulation (ubuntu-latest)	Run cargo test -p oh_sim -p oh_cli --locked	2026-10-06T10:17:36.4965641Z   pythonLocation: /opt/hostedtoolcache/Python/3.11.16/x64
simulation (ubuntu-latest)	Run cargo test -p oh_sim -p oh_cli --locked	2026-10-06T10:17:36.4965891Z   PKG_CONFIG_PATH: /opt/hostedtoolcache/Python/3.11.16/x64/lib/pkgconfig
simulation (ubuntu-latest)	Run cargo test -p oh_sim -p oh_cli --locked	2026-10-06T10:17:36.4966135Z   Python_ROOT_DIR: /opt/hostedtoolcache/Python/3.11.16/x64
simulation (ubuntu-latest)	Run cargo test -p oh_sim -p oh_cli --locked	2026-10-06T10:17:36.4966356Z   Python2_ROOT_DIR: /opt/hostedtoolcache/Python/3.11.16/x64
simulation (ubuntu-latest)	Run cargo test -p oh_sim -p oh_cli --locked	2026-10-06T10:17:36.4966572Z   Python3_ROOT_DIR: /opt/hostedtoolcache/Python/3.11.16/x64
simulation (ubuntu-latest)	Run cargo test -p oh_sim -p oh_cli --locked	2026-10-06T10:17:36.4966798Z   LD_LIBRARY_PATH: /opt/hostedtoolcache/Python/3.11.16/x64/lib
simulation (ubuntu-latest)	Run cargo test -p oh_sim -p oh_cli --locked	2026-10-06T10:17:36.4966983Z ##[endgroup]
simulation (ubuntu-latest)	Run cargo test -p oh_sim -p oh_cli --locked	2026-10-06T10:17:36.6556396Z    Compiling serde_core v1.0.229
simulation (ubuntu-latest)	Run cargo test -p oh_sim -p oh_cli --locked	2026-10-06T10:17:36.6556822Z    Compiling zerocopy v0.8.60
simulation (ubuntu-latest)	Run cargo test -p oh_sim -p oh_cli --locked	2026-10-06T10:17:36.6557998Z    Compiling thiserror v2.0.21
simulation (ubuntu-latest)	Run cargo test -p oh_sim -p oh_cli --locked	2026-10-06T10:17:36.6573007Z    Compiling cfg-if v1.0.5
simulation (ubuntu-latest)	Run cargo test -p oh_sim -p oh_cli --locked	2026-10-06T10:17:36.6781318Z    Compiling zmij v1.0.23
simulation (ubuntu-latest)	Run cargo test -p oh_sim -p oh_cli --locked	2026-10-06T10:17:36.6890150Z    Compiling cobs v0.3.0
simulation (ubuntu-latest)	Run cargo test -p oh_sim -p oh_cli --locked	2026-10-06T10:17:36.7585945Z    Compiling itoa v1.0.18
simulation (ubuntu-latest)	Run cargo test -p oh_sim -p oh_cli --locked	2026-10-06T10:17:36.8573063Z    Compiling bytemuck v1.25.2
simulation (ubuntu-latest)	Run cargo test -p oh_sim -p oh_cli --locked	2026-10-06T10:17:36.8609632Z    Compiling az v1.3.0
simulation (ubuntu-latest)	Run cargo test -p oh_sim -p oh_cli --locked	2026-10-06T10:17:37.0056247Z    Compiling memchr v2.8.3
simulation (ubuntu-latest)	Run cargo test -p oh_sim -p oh_cli --locked	2026-10-06T10:17:37.4372867Z    Compiling rand_core v0.10.1
simulation (ubuntu-latest)	Run cargo test -p oh_sim -p oh_cli --locked	2026-10-06T10:17:37.5000184Z    Compiling typenum v1.20.1
simulation (ubuntu-latest)	Run cargo test -p oh_sim -p oh_cli --locked	2026-10-06T10:17:37.5410110Z    Compiling winnow v1.0.4
simulation (ubuntu-latest)	Run cargo test -p oh_sim -p oh_cli --locked	2026-10-06T10:17:37.7450084Z    Compiling toml_parser v1.1.3+spec-1.1.0
simulation (ubuntu-latest)	Run cargo test -p oh_sim -p oh_cli --locked	2026-10-06T10:17:37.9999844Z    Compiling ref-cast v1.0.27
simulation (ubuntu-latest)	Run cargo test -p oh_sim -p oh_cli --locked	2026-10-06T10:17:38.0245283Z    Compiling serde v1.0.229
simulation (ubuntu-latest)	Run cargo test -p oh_sim -p oh_cli --locked	2026-10-06T10:17:38.0940138Z    Compiling toml_datetime v1.1.1+spec-1.1.0
simulation (ubuntu-latest)	Run cargo test -p oh_sim -p oh_cli --locked	2026-10-06T10:17:38.2111985Z    Compiling serde_spanned v1.1.1
simulation (ubuntu-latest)	Run cargo test -p oh_sim -p oh_cli --locked	2026-10-06T10:17:38.2474310Z    Compiling serde_json v1.0.151
simulation (ubuntu-latest)	Run cargo test -p oh_sim -p oh_cli --locked	2026-10-06T10:17:38.2574828Z    Compiling semver v1.0.28
simulation (ubuntu-latest)	Run cargo test -p oh_sim -p oh_cli --locked	2026-10-06T10:17:38.3640307Z    Compiling postcard v1.1.3
simulation (ubuntu-latest)	Run cargo test -p oh_sim -p oh_cli --locked	2026-10-06T10:17:38.4412415Z    Compiling toml_writer v1.1.2+spec-1.1.0
simulation (ubuntu-latest)	Run cargo test -p oh_sim -p oh_cli --locked	2026-10-06T10:17:38.5360795Z    Compiling dyn-clone v1.0.20
simulation (ubuntu-latest)	Run cargo test -p oh_sim -p oh_cli --locked	2026-10-06T10:17:38.5470010Z    Compiling toml v1.1.6+spec-1.1.0
simulation (ubuntu-latest)	Run cargo test -p oh_sim -p oh_cli --locked	2026-10-06T10:17:38.7265701Z    Compiling schemars v1.2.2
simulation (ubuntu-latest)	Run cargo test -p oh_sim -p oh_cli --locked	2026-10-06T10:17:39.2937862Z    Compiling half v2.7.1
simulation (ubuntu-latest)	Run cargo test -p oh_sim -p oh_cli --locked	2026-10-06T10:17:39.3083211Z    Compiling ppv-lite86 v0.2.21
simulation (ubuntu-latest)	Run cargo test -p oh_sim -p oh_cli --locked	2026-10-06T10:17:39.4530735Z    Compiling fixed v1.31.0
simulation (ubuntu-latest)	Run cargo test -p oh_sim -p oh_cli --locked	2026-10-06T10:17:39.5052024Z    Compiling rand_chacha v0.10.0
simulation (ubuntu-latest)	Run cargo test -p oh_sim -p oh_cli --locked	2026-10-06T10:17:42.9538659Z    Compiling oh_core v0.1.0 (/home/runner/work/OpenHOI4/OpenHOI4/crates/oh_core)
simulation (ubuntu-latest)	Run cargo test -p oh_sim -p oh_cli --locked	2026-10-06T10:17:43.0400146Z    Compiling oh_data v0.1.0 (/home/runner/work/OpenHOI4/OpenHOI4/crates/oh_data)
simulation (ubuntu-latest)	Run cargo test -p oh_sim -p oh_cli --locked	2026-10-06T10:17:43.1722108Z    Compiling oh_sim v0.1.0 (/home/runner/work/OpenHOI4/OpenHOI4/crates/oh_sim)
simulation (ubuntu-latest)	Run cargo test -p oh_sim -p oh_cli --locked	2026-10-06T10:17:43.2710855Z    Compiling oh_ai v0.1.0 (/home/runner/work/OpenHOI4/OpenHOI4/crates/oh_ai)
simulation (ubuntu-latest)	Run cargo test -p oh_sim -p oh_cli --locked	2026-10-06T10:17:43.2910311Z    Compiling oh_save v0.1.0 (/home/runner/work/OpenHOI4/OpenHOI4/crates/oh_save)
simulation (ubuntu-latest)	Run cargo test -p oh_sim -p oh_cli --locked	2026-10-06T10:17:43.3180007Z    Compiling oh_cli v0.1.0 (/home/runner/work/OpenHOI4/OpenHOI4/crates/oh_cli)
simulation (ubuntu-latest)	Run cargo test -p oh_sim -p oh_cli --locked	2026-10-06T10:17:43.7187980Z     Finished `test` profile [unoptimized + debuginfo] target(s) in 7.13s
simulation (ubuntu-latest)	Run cargo test -p oh_sim -p oh_cli --locked	2026-10-06T10:17:43.7224459Z      Running unittests src/lib.rs (target/debug/deps/oh_cli-160695e1640bd891)
simulation (ubuntu-latest)	Run cargo test -p oh_sim -p oh_cli --locked	2026-10-06T10:17:43.7234649Z
simulation (ubuntu-latest)	Run cargo test -p oh_sim -p oh_cli --locked	2026-10-06T10:17:43.7234800Z running 0 tests
simulation (ubuntu-latest)	Run cargo test -p oh_sim -p oh_cli --locked	2026-10-06T10:17:43.7234889Z
simulation (ubuntu-latest)	Run cargo test -p oh_sim -p oh_cli --locked	2026-10-06T10:17:43.7235049Z test result: ok. 0 passed; 0 failed; 0 ignored; 0 measured; 0 filtered out; finished in 0.00s
simulation (ubuntu-latest)	Run cargo test -p oh_sim -p oh_cli --locked	2026-10-06T10:17:43.7235250Z
simulation (ubuntu-latest)	Run cargo test -p oh_sim -p oh_cli --locked	2026-10-06T10:17:43.7236683Z      Running unittests src/main.rs (target/debug/deps/oh_cli-e86d129b4f5d142a)
simulation (ubuntu-latest)	Run cargo test -p oh_sim -p oh_cli --locked	2026-10-06T10:17:43.7245437Z
simulation (ubuntu-latest)	Run cargo test -p oh_sim -p oh_cli --locked	2026-10-06T10:17:43.7245643Z running 0 tests
simulation (ubuntu-latest)	Run cargo test -p oh_sim -p oh_cli --locked	2026-10-06T10:17:43.7245798Z
simulation (ubuntu-latest)	Run cargo test -p oh_sim -p oh_cli --locked	2026-10-06T10:17:43.7246025Z test result: ok. 0 passed; 0 failed; 0 ignored; 0 measured; 0 filtered out; finished in 0.00s
simulation (ubuntu-latest)	Run cargo test -p oh_sim -p oh_cli --locked	2026-10-06T10:17:43.7246317Z
simulation (ubuntu-latest)	Run cargo test -p oh_sim -p oh_cli --locked	2026-10-06T10:17:43.7247749Z      Running tests/run.rs (target/debug/deps/run-f9ee100fee07e541)
simulation (ubuntu-latest)	Run cargo test -p oh_sim -p oh_cli --locked	2026-10-06T10:17:43.7256125Z
simulation (ubuntu-latest)	Run cargo test -p oh_sim -p oh_cli --locked	2026-10-06T10:17:43.7256257Z running 5 tests
simulation (ubuntu-latest)	Run cargo test -p oh_sim -p oh_cli --locked	2026-10-06T10:17:43.7272980Z test m0_load_boundary_and_help_identify_unique_self_contained_pack ... ok
simulation (ubuntu-latest)	Run cargo test -p oh_sim -p oh_cli --locked	2026-10-06T10:17:43.7288127Z test library_loads_data_epoch_and_rejects_bad_or_nonempty_scenario ... ok
simulation (ubuntu-latest)	Run cargo test -p oh_sim -p oh_cli --locked	2026-10-06T10:17:43.7304061Z test req_gen_06_ac_m0_02_exact_ticks_and_repeated_hash ... ok
simulation (ubuntu-latest)	Run cargo test -p oh_sim -p oh_cli --locked	2026-10-06T10:17:43.7350727Z test cli_rejects_ambiguous_missing_invalid_and_unimplemented_inputs ... ok
simulation (ubuntu-latest)	Run cargo test -p oh_sim -p oh_cli --locked	2026-10-06T10:17:43.7353424Z test req_gen_06_days_path_is_exact_and_zero_ticks_stays_initial ... ok
simulation (ubuntu-latest)	Run cargo test -p oh_sim -p oh_cli --locked	2026-10-06T10:17:43.7353690Z
simulation (ubuntu-latest)	Run cargo test -p oh_sim -p oh_cli --locked	2026-10-06T10:17:43.7353907Z test result: ok. 5 passed; 0 failed; 0 ignored; 0 measured; 0 filtered out; finished in 0.01s
simulation (ubuntu-latest)	Run cargo test -p oh_sim -p oh_cli --locked	2026-10-06T10:17:43.7354193Z
simulation (ubuntu-latest)	Run cargo test -p oh_sim -p oh_cli --locked	2026-10-06T10:17:43.7355488Z      Running unittests src/lib.rs (target/debug/deps/oh_sim-aedaa11802a71b7e)
simulation (ubuntu-latest)	Run cargo test -p oh_sim -p oh_cli --locked	2026-10-06T10:17:43.7362884Z
simulation (ubuntu-latest)	Run cargo test -p oh_sim -p oh_cli --locked	2026-10-06T10:17:43.7362966Z running 0 tests
simulation (ubuntu-latest)	Run cargo test -p oh_sim -p oh_cli --locked	2026-10-06T10:17:43.7363099Z
simulation (ubuntu-latest)	Run cargo test -p oh_sim -p oh_cli --locked	2026-10-06T10:17:43.7363398Z test result: ok. 0 passed; 0 failed; 0 ignored; 0 measured; 0 filtered out; finished in 0.00s
simulation (ubuntu-latest)	Run cargo test -p oh_sim -p oh_cli --locked	2026-10-06T10:17:43.7363670Z
simulation (ubuntu-latest)	Run cargo test -p oh_sim -p oh_cli --locked	2026-10-06T10:17:43.7364922Z      Running tests/scheduler.rs (target/debug/deps/scheduler-7e531436cd67fbd5)
simulation (ubuntu-latest)	Run cargo test -p oh_sim -p oh_cli --locked	2026-10-06T10:17:43.7372258Z
simulation (ubuntu-latest)	Run cargo test -p oh_sim -p oh_cli --locked	2026-10-06T10:17:43.7372332Z running 8 tests
simulation (ubuntu-latest)	Run cargo test -p oh_sim -p oh_cli --locked	2026-10-06T10:17:43.7375164Z test calendar_leap_year_and_year_boundaries ... ok
simulation (ubuntu-latest)	Run cargo test -p oh_sim -p oh_cli --locked	2026-10-06T10:17:43.7376804Z test hash_includes_seed_config_and_pending_commands ... ok
simulation (ubuntu-latest)	Run cargo test -p oh_sim -p oh_cli --locked	2026-10-06T10:17:43.7377215Z test overflow_preserves_state_and_queued_commands_and_pause_still_works ... ok
simulation (ubuntu-latest)	Run cargo test -p oh_sim -p oh_cli --locked	2026-10-06T10:17:43.7377492Z test req_time_02_tick_day_month_snapshot_order ... ok
simulation (ubuntu-latest)	Run cargo test -p oh_sim -p oh_cli --locked	2026-10-06T10:17:43.7377708Z test req_time_01_pause_resume_and_five_data_driven_speeds ... ok
simulation (ubuntu-latest)	Run cargo test -p oh_sim -p oh_cli --locked	2026-10-06T10:17:43.7377940Z test req_gen_05_commands_are_sorted_and_future_commands_wait ... ok
simulation (ubuntu-latest)	Run cargo test -p oh_sim -p oh_cli --locked	2026-10-06T10:17:43.7378179Z test time_defines_are_required_checked_and_change_host_pacing ... ok
simulation (ubuntu-latest)	Run cargo test -p oh_sim -p oh_cli --locked	2026-10-06T10:17:43.7381630Z test req_gen_01_headless_state_and_hash_are_repeatable ... ok
simulation (ubuntu-latest)	Run cargo test -p oh_sim -p oh_cli --locked	2026-10-06T10:17:43.7381896Z
simulation (ubuntu-latest)	Run cargo test -p oh_sim -p oh_cli --locked	2026-10-06T10:17:43.7382107Z test result: ok. 8 passed; 0 failed; 0 ignored; 0 measured; 0 filtered out; finished in 0.00s
simulation (ubuntu-latest)	Run cargo test -p oh_sim -p oh_cli --locked	2026-10-06T10:17:43.7382323Z
simulation (ubuntu-latest)	Run cargo test -p oh_sim -p oh_cli --locked	2026-10-06T10:17:43.7383179Z    Doc-tests oh_cli
simulation (ubuntu-latest)	Run cargo test -p oh_sim -p oh_cli --locked	2026-10-06T10:17:43.7537815Z
simulation (ubuntu-latest)	Run cargo test -p oh_sim -p oh_cli --locked	2026-10-06T10:17:43.7538347Z running 0 tests
simulation (ubuntu-latest)	Run cargo test -p oh_sim -p oh_cli --locked	2026-10-06T10:17:43.7538494Z
simulation (ubuntu-latest)	Run cargo test -p oh_sim -p oh_cli --locked	2026-10-06T10:17:43.7538730Z test result: ok. 0 passed; 0 failed; 0 ignored; 0 measured; 0 filtered out; finished in 0.00s
simulation (ubuntu-latest)	Run cargo test -p oh_sim -p oh_cli --locked	2026-10-06T10:17:43.7539114Z
simulation (ubuntu-latest)	Run cargo test -p oh_sim -p oh_cli --locked	2026-10-06T10:17:43.7549711Z    Doc-tests oh_sim
simulation (ubuntu-latest)	Run cargo test -p oh_sim -p oh_cli --locked	2026-10-06T10:17:43.7742738Z
simulation (ubuntu-latest)	Run cargo test -p oh_sim -p oh_cli --locked	2026-10-06T10:17:43.7743501Z running 1 test
simulation (ubuntu-latest)	Run cargo test -p oh_sim -p oh_cli --locked	2026-10-06T10:17:43.7933894Z test crates/oh_sim/src/lib.rs - State (line 64) - compile fail ... ok
simulation (ubuntu-latest)	Run cargo test -p oh_sim -p oh_cli --locked	2026-10-06T10:17:43.7934246Z
simulation (ubuntu-latest)	Run cargo test -p oh_sim -p oh_cli --locked	2026-10-06T10:17:43.7934466Z test result: ok. 1 passed; 0 failed; 0 ignored; 0 measured; 0 filtered out; finished in 0.02s
simulation (ubuntu-latest)	Run cargo test -p oh_sim -p oh_cli --locked	2026-10-06T10:17:43.7934754Z
simulation (ubuntu-latest)	Test evidence gate failures	﻿2026-10-06T10:17:43.8022971Z ##[group]Run python -m unittest discover -s crates/oh_sim/tests -p test_sim_determinism.py -v
simulation (ubuntu-latest)	Test evidence gate failures	2026-10-06T10:17:43.8023609Z [36;1mpython -m unittest discover -s crates/oh_sim/tests -p test_sim_determinism.py -v[0m
simulation (ubuntu-latest)	Test evidence gate failures	2026-10-06T10:17:43.8094292Z shell: /usr/bin/bash -e {0}
simulation (ubuntu-latest)	Test evidence gate failures	2026-10-06T10:17:43.8094530Z env:
simulation (ubuntu-latest)	Test evidence gate failures	2026-10-06T10:17:43.8094765Z   pythonLocation: /opt/hostedtoolcache/Python/3.11.16/x64
simulation (ubuntu-latest)	Test evidence gate failures	2026-10-06T10:17:43.8095147Z   PKG_CONFIG_PATH: /opt/hostedtoolcache/Python/3.11.16/x64/lib/pkgconfig
simulation (ubuntu-latest)	Test evidence gate failures	2026-10-06T10:17:43.8095525Z   Python_ROOT_DIR: /opt/hostedtoolcache/Python/3.11.16/x64
simulation (ubuntu-latest)	Test evidence gate failures	2026-10-06T10:17:43.8095865Z   Python2_ROOT_DIR: /opt/hostedtoolcache/Python/3.11.16/x64
simulation (ubuntu-latest)	Test evidence gate failures	2026-10-06T10:17:43.8096209Z   Python3_ROOT_DIR: /opt/hostedtoolcache/Python/3.11.16/x64
simulation (ubuntu-latest)	Test evidence gate failures	2026-10-06T10:17:43.8096554Z   LD_LIBRARY_PATH: /opt/hostedtoolcache/Python/3.11.16/x64/lib
simulation (ubuntu-latest)	Test evidence gate failures	2026-10-06T10:17:43.8096842Z ##[endgroup]
simulation (ubuntu-latest)	Test evidence gate failures	2026-10-06T10:17:44.0747002Z test_capture_rejects_command_failure (test_sim_determinism.SimEvidenceTests.test_capture_rejects_command_failure) ... ok
simulation (ubuntu-latest)	Test evidence gate failures	2026-10-06T10:17:44.0752387Z test_capture_rejects_repeated_hash_mismatch (test_sim_determinism.SimEvidenceTests.test_capture_rejects_repeated_hash_mismatch) ... ok
simulation (ubuntu-latest)	Test evidence gate failures	2026-10-06T10:17:44.0757694Z test_capture_runs_real_1000_tick_cli_twice (test_sim_determinism.SimEvidenceTests.test_capture_runs_real_1000_tick_cli_twice) ... ok
simulation (ubuntu-latest)	Test evidence gate failures	2026-10-06T10:17:44.0766415Z test_compare_accepts_three_equal_os (test_sim_determinism.SimEvidenceTests.test_compare_accepts_three_equal_os) ... ok
simulation (ubuntu-latest)	Test evidence gate failures	2026-10-06T10:17:44.0780870Z test_compare_rejects_cross_os_mismatch_even_when_each_repeat_matches (test_sim_determinism.SimEvidenceTests.test_compare_rejects_cross_os_mismatch_even_when_each_repeat_matches) ... ok
simulation (ubuntu-latest)	Test evidence gate failures	2026-10-06T10:17:44.0832468Z test_compare_rejects_invalid_or_mismatched_hash (test_sim_determinism.SimEvidenceTests.test_compare_rejects_invalid_or_mismatched_hash) ... ok
simulation (ubuntu-latest)	Test evidence gate failures	2026-10-06T10:17:44.0853240Z test_compare_rejects_missing_extra_os_and_missing_repeat (test_sim_determinism.SimEvidenceTests.test_compare_rejects_missing_extra_os_and_missing_repeat) ... ok
simulation (ubuntu-latest)	Test evidence gate failures	2026-10-06T10:17:44.0862564Z test_compare_rejects_repeat_disagreement (test_sim_determinism.SimEvidenceTests.test_compare_rejects_repeat_disagreement) ... ok
simulation (ubuntu-latest)	Test evidence gate failures	2026-10-06T10:17:44.0866528Z test_failed_recapture_clears_old_success_marker (test_sim_determinism.SimEvidenceTests.test_failed_recapture_clears_old_success_marker) ... ok
simulation (ubuntu-latest)	Test evidence gate failures	2026-10-06T10:17:44.0866894Z
simulation (ubuntu-latest)	Test evidence gate failures	2026-10-06T10:17:44.0866999Z ----------------------------------------------------------------------
simulation (ubuntu-latest)	Test evidence gate failures	2026-10-06T10:17:44.0867293Z Ran 9 tests in 0.013s
simulation (ubuntu-latest)	Test evidence gate failures	2026-10-06T10:17:44.0867421Z
simulation (ubuntu-latest)	Test evidence gate failures	2026-10-06T10:17:44.0867498Z OK
simulation (ubuntu-latest)	Test evidence gate failures	2026-10-06T10:17:44.0867689Z actual simulation: 1000 ticks, seed 1, two runs: 0123456789abcdef
simulation (ubuntu-latest)	Test evidence gate failures	2026-10-06T10:17:44.0867897Z ubuntu-latest: 0123456789abcdef
simulation (ubuntu-latest)	Test evidence gate failures	2026-10-06T10:17:44.0868046Z windows-latest: 0123456789abcdef
simulation (ubuntu-latest)	Test evidence gate failures	2026-10-06T10:17:44.0868198Z macos-latest: 0123456789abcdef
simulation (ubuntu-latest)	Run actual simulation twice	﻿2026-10-06T10:17:44.1010936Z ##[group]Run python crates/oh_sim/tools/check_sim_determinism.py capture --out target/sim-determinism
simulation (ubuntu-latest)	Run actual simulation twice	2026-10-06T10:17:44.1011390Z [36;1mpython crates/oh_sim/tools/check_sim_determinism.py capture --out target/sim-determinism[0m
simulation (ubuntu-latest)	Run actual simulation twice	2026-10-06T10:17:44.1064321Z shell: /usr/bin/bash -e {0}
simulation (ubuntu-latest)	Run actual simulation twice	2026-10-06T10:17:44.1064480Z env:
simulation (ubuntu-latest)	Run actual simulation twice	2026-10-06T10:17:44.1064637Z   pythonLocation: /opt/hostedtoolcache/Python/3.11.16/x64
simulation (ubuntu-latest)	Run actual simulation twice	2026-10-06T10:17:44.1064889Z   PKG_CONFIG_PATH: /opt/hostedtoolcache/Python/3.11.16/x64/lib/pkgconfig
simulation (ubuntu-latest)	Run actual simulation twice	2026-10-06T10:17:44.1065133Z   Python_ROOT_DIR: /opt/hostedtoolcache/Python/3.11.16/x64
simulation (ubuntu-latest)	Run actual simulation twice	2026-10-06T10:17:44.1065354Z   Python2_ROOT_DIR: /opt/hostedtoolcache/Python/3.11.16/x64
simulation (ubuntu-latest)	Run actual simulation twice	2026-10-06T10:17:44.1065581Z   Python3_ROOT_DIR: /opt/hostedtoolcache/Python/3.11.16/x64
simulation (ubuntu-latest)	Run actual simulation twice	2026-10-06T10:17:44.1065801Z   LD_LIBRARY_PATH: /opt/hostedtoolcache/Python/3.11.16/x64/lib
simulation (ubuntu-latest)	Run actual simulation twice	2026-10-06T10:17:44.1065987Z ##[endgroup]
simulation (ubuntu-latest)	Run actual simulation twice	2026-10-06T10:17:44.2308332Z actual simulation: 1000 ticks, seed 1, two runs: ff921fd8148e699d
simulation (ubuntu-latest)	Upload simulation hashes and repeated outputs for this OS	﻿2026-10-06T10:17:44.2453557Z ##[group]Run actions/upload-artifact@043fb46d1a93c77aae656e7c1c64a875d1fc6a0a
simulation (ubuntu-latest)	Upload simulation hashes and repeated outputs for this OS	2026-10-06T10:17:44.2453791Z with:
simulation (ubuntu-latest)	Upload simulation hashes and repeated outputs for this OS	2026-10-06T10:17:44.2453914Z   name: sim-hash-ubuntu-latest
simulation (ubuntu-latest)	Upload simulation hashes and repeated outputs for this OS	2026-10-06T10:17:44.2454063Z   path: target/sim-determinism/
simulation (ubuntu-latest)	Upload simulation hashes and repeated outputs for this OS	2026-10-06T10:17:44.2454206Z   if-no-files-found: error
simulation (ubuntu-latest)	Upload simulation hashes and repeated outputs for this OS	2026-10-06T10:17:44.2454349Z   archive: true
simulation (ubuntu-latest)	Upload simulation hashes and repeated outputs for this OS	2026-10-06T10:17:44.2454465Z   compression-level: 6
simulation (ubuntu-latest)	Upload simulation hashes and repeated outputs for this OS	2026-10-06T10:17:44.2454585Z   overwrite: false
simulation (ubuntu-latest)	Upload simulation hashes and repeated outputs for this OS	2026-10-06T10:17:44.2454702Z   include-hidden-files: false
simulation (ubuntu-latest)	Upload simulation hashes and repeated outputs for this OS	2026-10-06T10:17:44.2454830Z env:
simulation (ubuntu-latest)	Upload simulation hashes and repeated outputs for this OS	2026-10-06T10:17:44.2454972Z   pythonLocation: /opt/hostedtoolcache/Python/3.11.16/x64
simulation (ubuntu-latest)	Upload simulation hashes and repeated outputs for this OS	2026-10-06T10:17:44.2455210Z   PKG_CONFIG_PATH: /opt/hostedtoolcache/Python/3.11.16/x64/lib/pkgconfig
simulation (ubuntu-latest)	Upload simulation hashes and repeated outputs for this OS	2026-10-06T10:17:44.2455442Z   Python_ROOT_DIR: /opt/hostedtoolcache/Python/3.11.16/x64
simulation (ubuntu-latest)	Upload simulation hashes and repeated outputs for this OS	2026-10-06T10:17:44.2455647Z   Python2_ROOT_DIR: /opt/hostedtoolcache/Python/3.11.16/x64
simulation (ubuntu-latest)	Upload simulation hashes and repeated outputs for this OS	2026-10-06T10:17:44.2455858Z   Python3_ROOT_DIR: /opt/hostedtoolcache/Python/3.11.16/x64
simulation (ubuntu-latest)	Upload simulation hashes and repeated outputs for this OS	2026-10-06T10:17:44.2456072Z   LD_LIBRARY_PATH: /opt/hostedtoolcache/Python/3.11.16/x64/lib
simulation (ubuntu-latest)	Upload simulation hashes and repeated outputs for this OS	2026-10-06T10:17:44.2456270Z ##[endgroup]
simulation (ubuntu-latest)	Upload simulation hashes and repeated outputs for this OS	2026-10-06T10:17:44.3426999Z With the provided path, there will be 3 files uploaded
simulation (ubuntu-latest)	Upload simulation hashes and repeated outputs for this OS	2026-10-06T10:17:44.3430097Z Artifact name is valid!
simulation (ubuntu-latest)	Upload simulation hashes and repeated outputs for this OS	2026-10-06T10:17:44.3430625Z Root directory input is valid!
simulation (ubuntu-latest)	Upload simulation hashes and repeated outputs for this OS	2026-10-06T10:17:44.6525458Z Uploading artifact: sim-hash-ubuntu-latest.zip
simulation (ubuntu-latest)	Upload simulation hashes and repeated outputs for this OS	2026-10-06T10:17:44.6550835Z Beginning upload of artifact content to blob storage
simulation (ubuntu-latest)	Upload simulation hashes and repeated outputs for this OS	2026-10-06T10:17:44.8766401Z Uploaded bytes 415
simulation (ubuntu-latest)	Upload simulation hashes and repeated outputs for this OS	2026-10-06T10:17:44.9313048Z Finished uploading artifact content to blob storage!
simulation (ubuntu-latest)	Upload simulation hashes and repeated outputs for this OS	2026-10-06T10:17:44.9313743Z SHA256 digest of uploaded artifact is 5b480d785a9543502ebf9e34f3ba280c9e52e6cec8c42e8037cefff57341eeeb
simulation (ubuntu-latest)	Upload simulation hashes and repeated outputs for this OS	2026-10-06T10:17:44.9314055Z Finalizing artifact upload
simulation (ubuntu-latest)	Upload simulation hashes and repeated outputs for this OS	2026-10-06T10:17:45.2844421Z Artifact sim-hash-ubuntu-latest successfully finalized. Artifact ID 11404423408
simulation (ubuntu-latest)	Upload simulation hashes and repeated outputs for this OS	2026-10-06T10:17:45.2845440Z Artifact sim-hash-ubuntu-latest has been successfully uploaded! Final size is 415 bytes. Artifact ID is 11404423408
simulation (ubuntu-latest)	Upload simulation hashes and repeated outputs for this OS	2026-10-06T10:17:45.2848244Z Artifact download URL: https://github.com/peppone-choi/OpenHOI4/actions/runs/37448564362/artifacts/11404423408
simulation (ubuntu-latest)	Post Run actions/setup-python@5fda3b95a4ea91299a34e894583c3862153e4b97	﻿2026-10-06T10:17:45.2977585Z Post job cleanup.
simulation (ubuntu-latest)	Post Run actions/checkout@3d3c42e5aac5ba805825da76410c181273ba90b1	﻿2026-10-06T10:17:45.3870126Z Post job cleanup.
simulation (ubuntu-latest)	Post Run actions/checkout@3d3c42e5aac5ba805825da76410c181273ba90b1	2026-10-06T10:17:45.4439152Z [command]/usr/bin/git version
simulation (ubuntu-latest)	Post Run actions/checkout@3d3c42e5aac5ba805825da76410c181273ba90b1	2026-10-06T10:17:45.4474234Z git version 2.55.0
simulation (ubuntu-latest)	Post Run actions/checkout@3d3c42e5aac5ba805825da76410c181273ba90b1	2026-10-06T10:17:45.4495685Z Temporarily overriding HOME='/home/runner/work/_temp/93c036ec-0a69-4edc-a76f-79e4efd17971' before making global git config changes
simulation (ubuntu-latest)	Post Run actions/checkout@3d3c42e5aac5ba805825da76410c181273ba90b1	2026-10-06T10:17:45.4496243Z Adding repository directory to the temporary git global config as a safe directory
simulation (ubuntu-latest)	Post Run actions/checkout@3d3c42e5aac5ba805825da76410c181273ba90b1	2026-10-06T10:17:45.4499213Z [command]/usr/bin/git config --global --add safe.directory /home/runner/work/OpenHOI4/OpenHOI4
simulation (ubuntu-latest)	Post Run actions/checkout@3d3c42e5aac5ba805825da76410c181273ba90b1	2026-10-06T10:17:45.4525429Z Removing SSH command configuration
simulation (ubuntu-latest)	Post Run actions/checkout@3d3c42e5aac5ba805825da76410c181273ba90b1	2026-10-06T10:17:45.4529873Z [command]/usr/bin/git config --local --name-only --get-regexp core\.sshCommand
simulation (ubuntu-latest)	Post Run actions/checkout@3d3c42e5aac5ba805825da76410c181273ba90b1	2026-10-06T10:17:45.4555879Z [command]/usr/bin/git submodule foreach --recursive sh -c "git config --local --name-only --get-regexp 'core\.sshCommand' && git config --local --unset-all 'core.sshCommand' || :"
simulation (ubuntu-latest)	Post Run actions/checkout@3d3c42e5aac5ba805825da76410c181273ba90b1	2026-10-06T10:17:45.4741049Z Removing HTTP extra header
simulation (ubuntu-latest)	Post Run actions/checkout@3d3c42e5aac5ba805825da76410c181273ba90b1	2026-10-06T10:17:45.4745341Z [command]/usr/bin/git config --local --name-only --get-regexp http\.https\:\/\/github\.com\/\.extraheader
simulation (ubuntu-latest)	Post Run actions/checkout@3d3c42e5aac5ba805825da76410c181273ba90b1	2026-10-06T10:17:45.4773274Z [command]/usr/bin/git submodule foreach --recursive sh -c "git config --local --name-only --get-regexp 'http\.https\:\/\/github\.com\/\.extraheader' && git config --local --unset-all 'http.https://github.com/.extraheader' || :"
simulation (ubuntu-latest)	Post Run actions/checkout@3d3c42e5aac5ba805825da76410c181273ba90b1	2026-10-06T10:17:45.4953617Z Removing includeIf entries pointing to credentials config files
simulation (ubuntu-latest)	Post Run actions/checkout@3d3c42e5aac5ba805825da76410c181273ba90b1	2026-10-06T10:17:45.4960381Z [command]/usr/bin/git config --local --name-only --get-regexp ^includeIf\.gitdir:
simulation (ubuntu-latest)	Post Run actions/checkout@3d3c42e5aac5ba805825da76410c181273ba90b1	2026-10-06T10:17:45.4986668Z includeif.gitdir:/home/runner/work/OpenHOI4/OpenHOI4/.git.path
simulation (ubuntu-latest)	Post Run actions/checkout@3d3c42e5aac5ba805825da76410c181273ba90b1	2026-10-06T10:17:45.4987190Z includeif.gitdir:/home/runner/work/OpenHOI4/OpenHOI4/.git/worktrees/*.path
simulation (ubuntu-latest)	Post Run actions/checkout@3d3c42e5aac5ba805825da76410c181273ba90b1	2026-10-06T10:17:45.4987552Z includeif.gitdir:/github/workspace/.git.path
simulation (ubuntu-latest)	Post Run actions/checkout@3d3c42e5aac5ba805825da76410c181273ba90b1	2026-10-06T10:17:45.4987867Z includeif.gitdir:/github/workspace/.git/worktrees/*.path
simulation (ubuntu-latest)	Post Run actions/checkout@3d3c42e5aac5ba805825da76410c181273ba90b1	2026-10-06T10:17:45.4995239Z [command]/usr/bin/git config --local --get-all includeif.gitdir:/home/runner/work/OpenHOI4/OpenHOI4/.git.path
simulation (ubuntu-latest)	Post Run actions/checkout@3d3c42e5aac5ba805825da76410c181273ba90b1	2026-10-06T10:17:45.5015344Z /home/runner/work/_temp/git-credentials-80a7fcd6-1e59-49b6-b48b-ecc776884493.config
simulation (ubuntu-latest)	Post Run actions/checkout@3d3c42e5aac5ba805825da76410c181273ba90b1	2026-10-06T10:17:45.5024303Z [command]/usr/bin/git config --local --unset includeif.gitdir:/home/runner/work/OpenHOI4/OpenHOI4/.git.path \/home\/runner\/work\/_temp\/git\-credentials\-80a7fcd6\-1e59\-49b6\-b48b\-ecc776884493\.config
simulation (ubuntu-latest)	Post Run actions/checkout@3d3c42e5aac5ba805825da76410c181273ba90b1	2026-10-06T10:17:45.5055286Z [command]/usr/bin/git config --local --get-all includeif.gitdir:/home/runner/work/OpenHOI4/OpenHOI4/.git/worktrees/*.path
simulation (ubuntu-latest)	Post Run actions/checkout@3d3c42e5aac5ba805825da76410c181273ba90b1	2026-10-06T10:17:45.5074494Z /home/runner/work/_temp/git-credentials-80a7fcd6-1e59-49b6-b48b-ecc776884493.config
simulation (ubuntu-latest)	Post Run actions/checkout@3d3c42e5aac5ba805825da76410c181273ba90b1	2026-10-06T10:17:45.5082411Z [command]/usr/bin/git config --local --unset includeif.gitdir:/home/runner/work/OpenHOI4/OpenHOI4/.git/worktrees/*.path \/home\/runner\/work\/_temp\/git\-credentials\-80a7fcd6\-1e59\-49b6\-b48b\-ecc776884493\.config
simulation (ubuntu-latest)	Post Run actions/checkout@3d3c42e5aac5ba805825da76410c181273ba90b1	2026-10-06T10:17:45.5118199Z [command]/usr/bin/git config --local --get-all includeif.gitdir:/github/workspace/.git.path
simulation (ubuntu-latest)	Post Run actions/checkout@3d3c42e5aac5ba805825da76410c181273ba90b1	2026-10-06T10:17:45.5136962Z /github/runner_temp/git-credentials-80a7fcd6-1e59-49b6-b48b-ecc776884493.config
simulation (ubuntu-latest)	Post Run actions/checkout@3d3c42e5aac5ba805825da76410c181273ba90b1	2026-10-06T10:17:45.5143113Z [command]/usr/bin/git config --local --unset includeif.gitdir:/github/workspace/.git.path \/github\/runner_temp\/git\-credentials\-80a7fcd6\-1e59\-49b6\-b48b\-ecc776884493\.config
simulation (ubuntu-latest)	Post Run actions/checkout@3d3c42e5aac5ba805825da76410c181273ba90b1	2026-10-06T10:17:45.5171185Z [command]/usr/bin/git config --local --get-all includeif.gitdir:/github/workspace/.git/worktrees/*.path
simulation (ubuntu-latest)	Post Run actions/checkout@3d3c42e5aac5ba805825da76410c181273ba90b1	2026-10-06T10:17:45.5189396Z /github/runner_temp/git-credentials-80a7fcd6-1e59-49b6-b48b-ecc776884493.config
simulation (ubuntu-latest)	Post Run actions/checkout@3d3c42e5aac5ba805825da76410c181273ba90b1	2026-10-06T10:17:45.5195694Z [command]/usr/bin/git config --local --unset includeif.gitdir:/github/workspace/.git/worktrees/*.path \/github\/runner_temp\/git\-credentials\-80a7fcd6\-1e59\-49b6\-b48b\-ecc776884493\.config
simulation (ubuntu-latest)	Post Run actions/checkout@3d3c42e5aac5ba805825da76410c181273ba90b1	2026-10-06T10:17:45.5227641Z [command]/usr/bin/git submodule foreach --recursive git config --local --show-origin --name-only --get-regexp remote.origin.url
simulation (ubuntu-latest)	Post Run actions/checkout@3d3c42e5aac5ba805825da76410c181273ba90b1	2026-10-06T10:17:45.5417966Z Removing credentials config '/home/runner/work/_temp/git-credentials-80a7fcd6-1e59-49b6-b48b-ecc776884493.config'
simulation (ubuntu-latest)	Complete job	﻿2026-10-06T10:17:45.5550535Z Cleaning up orphan processes
simulation (macos-latest)	Set up job	﻿2026-10-06T10:17:06.0788140Z Current runner version: '2.337.0'
simulation (macos-latest)	Set up job	2026-10-06T10:17:06.0805950Z ##[group]Runner Image Provisioner
simulation (macos-latest)	Set up job	2026-10-06T10:17:06.0806530Z Hosted Compute Agent
simulation (macos-latest)	Set up job	2026-10-06T10:17:06.0806900Z Version: 20260828.587
simulation (macos-latest)	Set up job	2026-10-06T10:17:06.0807300Z Commit: abac92662cab4cc7352de4f9f9d2e2419aad9c29
simulation (macos-latest)	Set up job	2026-10-06T10:17:06.0807780Z Build Date: 2026-08-28T16:44:25Z
simulation (macos-latest)	Set up job	2026-10-06T10:17:06.0808290Z Worker ID: {74580700-500a-4ad6-8d3b-bcf858e04c94}
simulation (macos-latest)	Set up job	2026-10-06T10:17:06.0808760Z Azure Region: westus
simulation (macos-latest)	Set up job	2026-10-06T10:17:06.0809270Z ##[endgroup]
simulation (macos-latest)	Set up job	2026-10-06T10:17:06.0810170Z ##[group]Operating System
simulation (macos-latest)	Set up job	2026-10-06T10:17:06.0810570Z macOS
simulation (macos-latest)	Set up job	2026-10-06T10:17:06.0810890Z 26.6.2
simulation (macos-latest)	Set up job	2026-10-06T10:17:06.0811210Z 25G83
simulation (macos-latest)	Set up job	2026-10-06T10:17:06.0811570Z ##[endgroup]
simulation (macos-latest)	Set up job	2026-10-06T10:17:06.0811920Z ##[group]Runner Image
simulation (macos-latest)	Set up job	2026-10-06T10:17:06.0812300Z Image: macos-26-arm64
simulation (macos-latest)	Set up job	2026-10-06T10:17:06.0812660Z Version: 20260907.0351.1
simulation (macos-latest)	Set up job	2026-10-06T10:17:06.0813390Z Included Software: https://github.com/actions/runner-images/blob/macos-26-arm64/20260907.0351/images/macos/macos-26-arm64-Readme.md
simulation (macos-latest)	Set up job	2026-10-06T10:17:06.0814690Z Image Release: https://github.com/actions/runner-images/releases/tag/macos-26-arm64%2F20260907.0351
simulation (macos-latest)	Set up job	2026-10-06T10:17:06.0815380Z ##[endgroup]
simulation (macos-latest)	Set up job	2026-10-06T10:17:06.0816220Z ##[group]GITHUB_TOKEN Permissions
simulation (macos-latest)	Set up job	2026-10-06T10:17:06.0817530Z Contents: read
simulation (macos-latest)	Set up job	2026-10-06T10:17:06.0817900Z Metadata: read
simulation (macos-latest)	Set up job	2026-10-06T10:17:06.0818360Z ##[endgroup]
simulation (macos-latest)	Set up job	2026-10-06T10:17:06.0819970Z Secret source: Actions
simulation (macos-latest)	Set up job	2026-10-06T10:17:06.0820590Z Cache mode: write
simulation (macos-latest)	Set up job	2026-10-06T10:17:06.0821090Z Prepare workflow directory
simulation (macos-latest)	Set up job	2026-10-06T10:17:06.1141570Z Prepare all required actions
simulation (macos-latest)	Set up job	2026-10-06T10:17:06.1180380Z Getting action download info
simulation (macos-latest)	Set up job	2026-10-06T10:17:06.4032650Z Download action repository 'actions/checkout@3d3c42e5aac5ba805825da76410c181273ba90b1' (SHA:3d3c42e5aac5ba805825da76410c181273ba90b1)
simulation (macos-latest)	Set up job	2026-10-06T10:17:06.8114370Z Download action repository 'actions/setup-python@5fda3b95a4ea91299a34e894583c3862153e4b97' (SHA:5fda3b95a4ea91299a34e894583c3862153e4b97)
simulation (macos-latest)	Set up job	2026-10-06T10:17:06.9525990Z Download action repository 'actions/upload-artifact@043fb46d1a93c77aae656e7c1c64a875d1fc6a0a' (SHA:043fb46d1a93c77aae656e7c1c64a875d1fc6a0a)
simulation (macos-latest)	Set up job	2026-10-06T10:17:07.1437220Z Complete job name: simulation (macos-latest)
simulation (macos-latest)	Run actions/checkout@3d3c42e5aac5ba805825da76410c181273ba90b1	﻿2026-10-06T10:17:07.2133250Z ##[group]Run actions/checkout@3d3c42e5aac5ba805825da76410c181273ba90b1
simulation (macos-latest)	Run actions/checkout@3d3c42e5aac5ba805825da76410c181273ba90b1	2026-10-06T10:17:07.2134130Z with:
simulation (macos-latest)	Run actions/checkout@3d3c42e5aac5ba805825da76410c181273ba90b1	2026-10-06T10:17:07.2134490Z   repository: peppone-choi/OpenHOI4
simulation (macos-latest)	Run actions/checkout@3d3c42e5aac5ba805825da76410c181273ba90b1	2026-10-06T10:17:07.2137870Z   token: ***
simulation (macos-latest)	Run actions/checkout@3d3c42e5aac5ba805825da76410c181273ba90b1	2026-10-06T10:17:07.2138360Z   ssh-strict: true
simulation (macos-latest)	Run actions/checkout@3d3c42e5aac5ba805825da76410c181273ba90b1	2026-10-06T10:17:07.2138720Z   ssh-user: git
simulation (macos-latest)	Run actions/checkout@3d3c42e5aac5ba805825da76410c181273ba90b1	2026-10-06T10:17:07.2139160Z   persist-credentials: true
simulation (macos-latest)	Run actions/checkout@3d3c42e5aac5ba805825da76410c181273ba90b1	2026-10-06T10:17:07.2139620Z   clean: true
simulation (macos-latest)	Run actions/checkout@3d3c42e5aac5ba805825da76410c181273ba90b1	2026-10-06T10:17:07.2140300Z   sparse-checkout-cone-mode: true
simulation (macos-latest)	Run actions/checkout@3d3c42e5aac5ba805825da76410c181273ba90b1	2026-10-06T10:17:07.2140860Z   fetch-depth: 1
simulation (macos-latest)	Run actions/checkout@3d3c42e5aac5ba805825da76410c181273ba90b1	2026-10-06T10:17:07.2141270Z   fetch-tags: false
simulation (macos-latest)	Run actions/checkout@3d3c42e5aac5ba805825da76410c181273ba90b1	2026-10-06T10:17:07.2141620Z   show-progress: true
simulation (macos-latest)	Run actions/checkout@3d3c42e5aac5ba805825da76410c181273ba90b1	2026-10-06T10:17:07.2142040Z   lfs: false
simulation (macos-latest)	Run actions/checkout@3d3c42e5aac5ba805825da76410c181273ba90b1	2026-10-06T10:17:07.2142390Z   submodules: false
simulation (macos-latest)	Run actions/checkout@3d3c42e5aac5ba805825da76410c181273ba90b1	2026-10-06T10:17:07.2169500Z   set-safe-directory: true
simulation (macos-latest)	Run actions/checkout@3d3c42e5aac5ba805825da76410c181273ba90b1	2026-10-06T10:17:07.2170130Z   allow-unsafe-pr-checkout: false
simulation (macos-latest)	Run actions/checkout@3d3c42e5aac5ba805825da76410c181273ba90b1	2026-10-06T10:17:07.2172160Z ##[endgroup]
simulation (macos-latest)	Run actions/checkout@3d3c42e5aac5ba805825da76410c181273ba90b1	2026-10-06T10:17:07.6729640Z Syncing repository: peppone-choi/OpenHOI4
simulation (macos-latest)	Run actions/checkout@3d3c42e5aac5ba805825da76410c181273ba90b1	2026-10-06T10:17:07.6731890Z ##[group]Getting Git version info
simulation (macos-latest)	Run actions/checkout@3d3c42e5aac5ba805825da76410c181273ba90b1	2026-10-06T10:17:07.6732600Z Working directory is '/Users/runner/work/OpenHOI4/OpenHOI4'
simulation (macos-latest)	Run actions/checkout@3d3c42e5aac5ba805825da76410c181273ba90b1	2026-10-06T10:17:07.6759410Z [command]/opt/homebrew/bin/git version
simulation (macos-latest)	Run actions/checkout@3d3c42e5aac5ba805825da76410c181273ba90b1	2026-10-06T10:17:07.7368180Z git version 2.55.0
simulation (macos-latest)	Run actions/checkout@3d3c42e5aac5ba805825da76410c181273ba90b1	2026-10-06T10:17:07.7385220Z ##[endgroup]
simulation (macos-latest)	Run actions/checkout@3d3c42e5aac5ba805825da76410c181273ba90b1	2026-10-06T10:17:07.7397520Z Copying '/Users/runner/.gitconfig' to '/Users/runner/work/_temp/bfe34ad2-f403-4057-bd26-ebddae68167b/.gitconfig'
simulation (macos-latest)	Run actions/checkout@3d3c42e5aac5ba805825da76410c181273ba90b1	2026-10-06T10:17:07.7406650Z Temporarily overriding HOME='/Users/runner/work/_temp/bfe34ad2-f403-4057-bd26-ebddae68167b' before making global git config changes
simulation (macos-latest)	Run actions/checkout@3d3c42e5aac5ba805825da76410c181273ba90b1	2026-10-06T10:17:07.7407940Z Adding repository directory to the temporary git global config as a safe directory
simulation (macos-latest)	Run actions/checkout@3d3c42e5aac5ba805825da76410c181273ba90b1	2026-10-06T10:17:07.7412900Z [command]/opt/homebrew/bin/git config --global --add safe.directory /Users/runner/work/OpenHOI4/OpenHOI4
simulation (macos-latest)	Run actions/checkout@3d3c42e5aac5ba805825da76410c181273ba90b1	2026-10-06T10:17:07.7630930Z Deleting the contents of '/Users/runner/work/OpenHOI4/OpenHOI4'
simulation (macos-latest)	Run actions/checkout@3d3c42e5aac5ba805825da76410c181273ba90b1	2026-10-06T10:17:07.7637940Z ##[group]Determining repository object format
simulation (macos-latest)	Run actions/checkout@3d3c42e5aac5ba805825da76410c181273ba90b1	2026-10-06T10:17:07.7640920Z ##[endgroup]
simulation (macos-latest)	Run actions/checkout@3d3c42e5aac5ba805825da76410c181273ba90b1	2026-10-06T10:17:07.7643510Z ##[group]Initializing the repository
simulation (macos-latest)	Run actions/checkout@3d3c42e5aac5ba805825da76410c181273ba90b1	2026-10-06T10:17:07.7645600Z [command]/opt/homebrew/bin/git init /Users/runner/work/OpenHOI4/OpenHOI4
simulation (macos-latest)	Run actions/checkout@3d3c42e5aac5ba805825da76410c181273ba90b1	2026-10-06T10:17:07.7830490Z hint: Using 'master' as the name for the initial branch. This default branch name
simulation (macos-latest)	Run actions/checkout@3d3c42e5aac5ba805825da76410c181273ba90b1	2026-10-06T10:17:07.7831580Z hint: will change to "main" in Git 3.0. To configure the initial branch name
simulation (macos-latest)	Run actions/checkout@3d3c42e5aac5ba805825da76410c181273ba90b1	2026-10-06T10:17:07.7832620Z hint: to use in all of your new repositories, which will suppress this warning,
simulation (macos-latest)	Run actions/checkout@3d3c42e5aac5ba805825da76410c181273ba90b1	2026-10-06T10:17:07.7833250Z hint: call:
simulation (macos-latest)	Run actions/checkout@3d3c42e5aac5ba805825da76410c181273ba90b1	2026-10-06T10:17:07.7833700Z hint:
simulation (macos-latest)	Run actions/checkout@3d3c42e5aac5ba805825da76410c181273ba90b1	2026-10-06T10:17:07.7834330Z hint: 	git config --global init.defaultBranch <name>
simulation (macos-latest)	Run actions/checkout@3d3c42e5aac5ba805825da76410c181273ba90b1	2026-10-06T10:17:07.7834910Z hint:
simulation (macos-latest)	Run actions/checkout@3d3c42e5aac5ba805825da76410c181273ba90b1	2026-10-06T10:17:07.7835470Z hint: Names commonly chosen instead of 'master' are 'main', 'trunk' and
simulation (macos-latest)	Run actions/checkout@3d3c42e5aac5ba805825da76410c181273ba90b1	2026-10-06T10:17:07.7836270Z hint: 'development'. The just-created branch can be renamed via this command:
simulation (macos-latest)	Run actions/checkout@3d3c42e5aac5ba805825da76410c181273ba90b1	2026-10-06T10:17:07.7837020Z hint:
simulation (macos-latest)	Run actions/checkout@3d3c42e5aac5ba805825da76410c181273ba90b1	2026-10-06T10:17:07.7837460Z hint: 	git branch -m <name>
simulation (macos-latest)	Run actions/checkout@3d3c42e5aac5ba805825da76410c181273ba90b1	2026-10-06T10:17:07.7837950Z hint:
simulation (macos-latest)	Run actions/checkout@3d3c42e5aac5ba805825da76410c181273ba90b1	2026-10-06T10:17:07.7838620Z hint: Disable this message with "git config set advice.defaultBranchName false"
simulation (macos-latest)	Run actions/checkout@3d3c42e5aac5ba805825da76410c181273ba90b1	2026-10-06T10:17:07.7839610Z Initialized empty Git repository in /Users/runner/work/OpenHOI4/OpenHOI4/.git/
simulation (macos-latest)	Run actions/checkout@3d3c42e5aac5ba805825da76410c181273ba90b1	2026-10-06T10:17:07.7841420Z [command]/opt/homebrew/bin/git remote add origin https://github.com/peppone-choi/OpenHOI4
simulation (macos-latest)	Run actions/checkout@3d3c42e5aac5ba805825da76410c181273ba90b1	2026-10-06T10:17:07.7927750Z ##[endgroup]
simulation (macos-latest)	Run actions/checkout@3d3c42e5aac5ba805825da76410c181273ba90b1	2026-10-06T10:17:07.7928630Z ##[group]Disabling automatic garbage collection
simulation (macos-latest)	Run actions/checkout@3d3c42e5aac5ba805825da76410c181273ba90b1	2026-10-06T10:17:07.7929640Z [command]/opt/homebrew/bin/git config --local gc.auto 0
simulation (macos-latest)	Run actions/checkout@3d3c42e5aac5ba805825da76410c181273ba90b1	2026-10-06T10:17:07.8000010Z ##[endgroup]
simulation (macos-latest)	Run actions/checkout@3d3c42e5aac5ba805825da76410c181273ba90b1	2026-10-06T10:17:07.8000840Z ##[group]Setting up auth
simulation (macos-latest)	Run actions/checkout@3d3c42e5aac5ba805825da76410c181273ba90b1	2026-10-06T10:17:07.8001390Z Removing SSH command configuration
simulation (macos-latest)	Run actions/checkout@3d3c42e5aac5ba805825da76410c181273ba90b1	2026-10-06T10:17:07.8003770Z [command]/opt/homebrew/bin/git config --local --name-only --get-regexp core\.sshCommand
simulation (macos-latest)	Run actions/checkout@3d3c42e5aac5ba805825da76410c181273ba90b1	2026-10-06T10:17:07.8074660Z [command]/opt/homebrew/bin/git submodule foreach --recursive sh -c "git config --local --name-only --get-regexp 'core\.sshCommand' && git config --local --unset-all 'core.sshCommand' || :"
simulation (macos-latest)	Run actions/checkout@3d3c42e5aac5ba805825da76410c181273ba90b1	2026-10-06T10:17:07.9018230Z Removing HTTP extra header
simulation (macos-latest)	Run actions/checkout@3d3c42e5aac5ba805825da76410c181273ba90b1	2026-10-06T10:17:07.9022090Z [command]/opt/homebrew/bin/git config --local --name-only --get-regexp http\.https\:\/\/github\.com\/\.extraheader
simulation (macos-latest)	Run actions/checkout@3d3c42e5aac5ba805825da76410c181273ba90b1	2026-10-06T10:17:07.9082420Z [command]/opt/homebrew/bin/git submodule foreach --recursive sh -c "git config --local --name-only --get-regexp 'http\.https\:\/\/github\.com\/\.extraheader' && git config --local --unset-all 'http.https://github.com/.extraheader' || :"
simulation (macos-latest)	Run actions/checkout@3d3c42e5aac5ba805825da76410c181273ba90b1	2026-10-06T10:17:07.9985500Z Removing includeIf entries pointing to credentials config files
simulation (macos-latest)	Run actions/checkout@3d3c42e5aac5ba805825da76410c181273ba90b1	2026-10-06T10:17:07.9992090Z [command]/opt/homebrew/bin/git config --local --name-only --get-regexp ^includeIf\.gitdir:
simulation (macos-latest)	Run actions/checkout@3d3c42e5aac5ba805825da76410c181273ba90b1	2026-10-06T10:17:08.0070490Z [command]/opt/homebrew/bin/git submodule foreach --recursive git config --local --show-origin --name-only --get-regexp remote.origin.url
simulation (macos-latest)	Run actions/checkout@3d3c42e5aac5ba805825da76410c181273ba90b1	2026-10-06T10:17:08.2053550Z [command]/opt/homebrew/bin/git config --file /Users/runner/work/_temp/git-credentials-6a0a6087-996c-4390-a0a0-56860ae6f96a.config http.https://github.com/.extraheader AUTHORIZATION: basic ***
simulation (macos-latest)	Run actions/checkout@3d3c42e5aac5ba805825da76410c181273ba90b1	2026-10-06T10:17:08.2061410Z [command]/opt/homebrew/bin/git config --local includeIf.gitdir:/Users/runner/work/OpenHOI4/OpenHOI4/.git.path /Users/runner/work/_temp/git-credentials-6a0a6087-996c-4390-a0a0-56860ae6f96a.config
simulation (macos-latest)	Run actions/checkout@3d3c42e5aac5ba805825da76410c181273ba90b1	2026-10-06T10:17:08.2067790Z [command]/opt/homebrew/bin/git config --local includeIf.gitdir:/Users/runner/work/OpenHOI4/OpenHOI4/.git/worktrees/*.path /Users/runner/work/_temp/git-credentials-6a0a6087-996c-4390-a0a0-56860ae6f96a.config
simulation (macos-latest)	Run actions/checkout@3d3c42e5aac5ba805825da76410c181273ba90b1	2026-10-06T10:17:08.2075580Z [command]/opt/homebrew/bin/git config --local includeIf.gitdir:/github/workspace/.git.path /github/runner_temp/git-credentials-6a0a6087-996c-4390-a0a0-56860ae6f96a.config
simulation (macos-latest)	Run actions/checkout@3d3c42e5aac5ba805825da76410c181273ba90b1	2026-10-06T10:17:08.2083000Z [command]/opt/homebrew/bin/git config --local includeIf.gitdir:/github/workspace/.git/worktrees/*.path /github/runner_temp/git-credentials-6a0a6087-996c-4390-a0a0-56860ae6f96a.config
simulation (macos-latest)	Run actions/checkout@3d3c42e5aac5ba805825da76410c181273ba90b1	2026-10-06T10:17:08.2089650Z ##[endgroup]
simulation (macos-latest)	Run actions/checkout@3d3c42e5aac5ba805825da76410c181273ba90b1	2026-10-06T10:17:08.2092470Z ##[group]Fetching the repository
simulation (macos-latest)	Run actions/checkout@3d3c42e5aac5ba805825da76410c181273ba90b1	2026-10-06T10:17:08.2098400Z [command]/opt/homebrew/bin/git -c protocol.version=2 fetch --no-tags --prune --no-recurse-submodules --depth=1 origin +d6ae2c8f176d6e8fdc0bc1a102ec2eb74ccac756:refs/remotes/origin/main
simulation (macos-latest)	Run actions/checkout@3d3c42e5aac5ba805825da76410c181273ba90b1	2026-10-06T10:17:08.8400810Z From https://github.com/peppone-choi/OpenHOI4
simulation (macos-latest)	Run actions/checkout@3d3c42e5aac5ba805825da76410c181273ba90b1	2026-10-06T10:17:08.8408580Z  * [new ref]         d6ae2c8f176d6e8fdc0bc1a102ec2eb74ccac756 -> origin/main
simulation (macos-latest)	Run actions/checkout@3d3c42e5aac5ba805825da76410c181273ba90b1	2026-10-06T10:17:08.8434550Z [command]/opt/homebrew/bin/git branch --list --remote origin/main
simulation (macos-latest)	Run actions/checkout@3d3c42e5aac5ba805825da76410c181273ba90b1	2026-10-06T10:17:08.8492880Z   origin/main
simulation (macos-latest)	Run actions/checkout@3d3c42e5aac5ba805825da76410c181273ba90b1	2026-10-06T10:17:08.8499230Z [command]/opt/homebrew/bin/git rev-parse refs/remotes/origin/main
simulation (macos-latest)	Run actions/checkout@3d3c42e5aac5ba805825da76410c181273ba90b1	2026-10-06T10:17:08.8567740Z d6ae2c8f176d6e8fdc0bc1a102ec2eb74ccac756
simulation (macos-latest)	Run actions/checkout@3d3c42e5aac5ba805825da76410c181273ba90b1	2026-10-06T10:17:08.8571240Z ##[endgroup]
simulation (macos-latest)	Run actions/checkout@3d3c42e5aac5ba805825da76410c181273ba90b1	2026-10-06T10:17:08.8572670Z ##[group]Determining the checkout info
simulation (macos-latest)	Run actions/checkout@3d3c42e5aac5ba805825da76410c181273ba90b1	2026-10-06T10:17:08.8574730Z ##[endgroup]
simulation (macos-latest)	Run actions/checkout@3d3c42e5aac5ba805825da76410c181273ba90b1	2026-10-06T10:17:08.8575830Z [command]/opt/homebrew/bin/git sparse-checkout disable
simulation (macos-latest)	Run actions/checkout@3d3c42e5aac5ba805825da76410c181273ba90b1	2026-10-06T10:17:08.8676350Z [command]/opt/homebrew/bin/git config --local --unset-all extensions.worktreeConfig
simulation (macos-latest)	Run actions/checkout@3d3c42e5aac5ba805825da76410c181273ba90b1	2026-10-06T10:17:08.8763200Z ##[group]Checking out the ref
simulation (macos-latest)	Run actions/checkout@3d3c42e5aac5ba805825da76410c181273ba90b1	2026-10-06T10:17:08.8764890Z [command]/opt/homebrew/bin/git checkout --progress --force -B main refs/remotes/origin/main
simulation (macos-latest)	Run actions/checkout@3d3c42e5aac5ba805825da76410c181273ba90b1	2026-10-06T10:17:08.9719800Z Switched to a new branch 'main'
simulation (macos-latest)	Run actions/checkout@3d3c42e5aac5ba805825da76410c181273ba90b1	2026-10-06T10:17:08.9723360Z branch 'main' set up to track 'origin/main'.
simulation (macos-latest)	Run actions/checkout@3d3c42e5aac5ba805825da76410c181273ba90b1	2026-10-06T10:17:08.9730720Z ##[endgroup]
simulation (macos-latest)	Run actions/checkout@3d3c42e5aac5ba805825da76410c181273ba90b1	2026-10-06T10:17:08.9831610Z [command]/opt/homebrew/bin/git log -1 --format=%H
simulation (macos-latest)	Run actions/checkout@3d3c42e5aac5ba805825da76410c181273ba90b1	2026-10-06T10:17:08.9909210Z d6ae2c8f176d6e8fdc0bc1a102ec2eb74ccac756
simulation (macos-latest)	Run actions/setup-python@5fda3b95a4ea91299a34e894583c3862153e4b97	﻿2026-10-06T10:17:09.0266010Z ##[group]Run actions/setup-python@5fda3b95a4ea91299a34e894583c3862153e4b97
simulation (macos-latest)	Run actions/setup-python@5fda3b95a4ea91299a34e894583c3862153e4b97	2026-10-06T10:17:09.0267400Z with:
simulation (macos-latest)	Run actions/setup-python@5fda3b95a4ea91299a34e894583c3862153e4b97	2026-10-06T10:17:09.0268540Z   python-version: 3.11
simulation (macos-latest)	Run actions/setup-python@5fda3b95a4ea91299a34e894583c3862153e4b97	2026-10-06T10:17:09.0269890Z   check-latest: false
simulation (macos-latest)	Run actions/setup-python@5fda3b95a4ea91299a34e894583c3862153e4b97	2026-10-06T10:17:09.0277380Z   token: ***
simulation (macos-latest)	Run actions/setup-python@5fda3b95a4ea91299a34e894583c3862153e4b97	2026-10-06T10:17:09.0278060Z   update-environment: true
simulation (macos-latest)	Run actions/setup-python@5fda3b95a4ea91299a34e894583c3862153e4b97	2026-10-06T10:17:09.0279390Z   allow-prereleases: false
simulation (macos-latest)	Run actions/setup-python@5fda3b95a4ea91299a34e894583c3862153e4b97	2026-10-06T10:17:09.0281070Z   freethreaded: false
simulation (macos-latest)	Run actions/setup-python@5fda3b95a4ea91299a34e894583c3862153e4b97	2026-10-06T10:17:09.0282250Z ##[endgroup]
simulation (macos-latest)	Run actions/setup-python@5fda3b95a4ea91299a34e894583c3862153e4b97	2026-10-06T10:17:09.1587840Z ##[group]Installed versions
simulation (macos-latest)	Run actions/setup-python@5fda3b95a4ea91299a34e894583c3862153e4b97	2026-10-06T10:17:09.1649060Z Successfully set up CPython (3.11.9)
simulation (macos-latest)	Run actions/setup-python@5fda3b95a4ea91299a34e894583c3862153e4b97	2026-10-06T10:17:09.1650760Z ##[endgroup]
simulation (macos-latest)	Install pinned Rust toolchain	﻿2026-10-06T10:17:09.1750790Z ##[group]Run rustup toolchain install 1.99.0 --profile minimal --component rustfmt --component clippy
simulation (macos-latest)	Install pinned Rust toolchain	2026-10-06T10:17:09.1752670Z [36;1mrustup toolchain install 1.99.0 --profile minimal --component rustfmt --component clippy[0m
simulation (macos-latest)	Install pinned Rust toolchain	2026-10-06T10:17:09.1817940Z shell: /bin/bash -e {0}
simulation (macos-latest)	Install pinned Rust toolchain	2026-10-06T10:17:09.1818740Z env:
simulation (macos-latest)	Install pinned Rust toolchain	2026-10-06T10:17:09.1819620Z   pythonLocation: /Users/runner/hostedtoolcache/Python/3.11.9/arm64
simulation (macos-latest)	Install pinned Rust toolchain	2026-10-06T10:17:09.1821010Z   PKG_CONFIG_PATH: /Users/runner/hostedtoolcache/Python/3.11.9/arm64/lib/pkgconfig
simulation (macos-latest)	Install pinned Rust toolchain	2026-10-06T10:17:09.1822410Z   Python_ROOT_DIR: /Users/runner/hostedtoolcache/Python/3.11.9/arm64
simulation (macos-latest)	Install pinned Rust toolchain	2026-10-06T10:17:09.1823620Z   Python2_ROOT_DIR: /Users/runner/hostedtoolcache/Python/3.11.9/arm64
simulation (macos-latest)	Install pinned Rust toolchain	2026-10-06T10:17:09.1824790Z   Python3_ROOT_DIR: /Users/runner/hostedtoolcache/Python/3.11.9/arm64
simulation (macos-latest)	Install pinned Rust toolchain	2026-10-06T10:17:09.1825720Z ##[endgroup]
simulation (macos-latest)	Install pinned Rust toolchain	2026-10-06T10:17:09.2640210Z info: syncing channel updates for 1.99.0-aarch64-apple-darwin
simulation (macos-latest)	Install pinned Rust toolchain	2026-10-06T10:17:09.4811000Z info: latest update on 2026-10-01 for version 1.99.0 (b940084d7 2026-09-28)
simulation (macos-latest)	Install pinned Rust toolchain	2026-10-06T10:17:09.4825540Z info: downloading 5 components
simulation (macos-latest)	Install pinned Rust toolchain	2026-10-06T10:17:16.2251740Z
simulation (macos-latest)	Install pinned Rust toolchain	2026-10-06T10:17:16.3143190Z   1.99.0-aarch64-apple-darwin installed - rustc 1.99.0 (b940084d7 2026-09-28)
simulation (macos-latest)	Install pinned Rust toolchain	2026-10-06T10:17:16.3146110Z info: self-update is disabled for this build of rustup
simulation (macos-latest)	Install pinned Rust toolchain	2026-10-06T10:17:16.3147360Z info: any updates to rustup will need to be fetched with your system package manager
simulation (macos-latest)	Install pinned Rust toolchain	2026-10-06T10:17:16.3148630Z
simulation (macos-latest)	Run cargo fmt --check	﻿2026-10-06T10:17:16.3369970Z ##[group]Run cargo fmt --check
simulation (macos-latest)	Run cargo fmt --check	2026-10-06T10:17:16.3370510Z [36;1mcargo fmt --check[0m
simulation (macos-latest)	Run cargo fmt --check	2026-10-06T10:17:16.3418430Z shell: /bin/bash -e {0}
simulation (macos-latest)	Run cargo fmt --check	2026-10-06T10:17:16.3424360Z env:
simulation (macos-latest)	Run cargo fmt --check	2026-10-06T10:17:16.3424750Z   pythonLocation: /Users/runner/hostedtoolcache/Python/3.11.9/arm64
simulation (macos-latest)	Run cargo fmt --check	2026-10-06T10:17:16.3425370Z   PKG_CONFIG_PATH: /Users/runner/hostedtoolcache/Python/3.11.9/arm64/lib/pkgconfig
simulation (macos-latest)	Run cargo fmt --check	2026-10-06T10:17:16.3425800Z   Python_ROOT_DIR: /Users/runner/hostedtoolcache/Python/3.11.9/arm64
simulation (macos-latest)	Run cargo fmt --check	2026-10-06T10:17:16.3426330Z   Python2_ROOT_DIR: /Users/runner/hostedtoolcache/Python/3.11.9/arm64
simulation (macos-latest)	Run cargo fmt --check	2026-10-06T10:17:16.3426750Z   Python3_ROOT_DIR: /Users/runner/hostedtoolcache/Python/3.11.9/arm64
simulation (macos-latest)	Run cargo fmt --check	2026-10-06T10:17:16.3427030Z ##[endgroup]
simulation (macos-latest)	Run cargo clippy -p oh_sim -p oh_cli --all-targets --locked -- -D warnings	﻿2026-10-06T10:17:16.6781770Z ##[group]Run cargo clippy -p oh_sim -p oh_cli --all-targets --locked -- -D warnings
simulation (macos-latest)	Run cargo clippy -p oh_sim -p oh_cli --all-targets --locked -- -D warnings	2026-10-06T10:17:16.6783240Z [36;1mcargo clippy -p oh_sim -p oh_cli --all-targets --locked -- -D warnings[0m
simulation (macos-latest)	Run cargo clippy -p oh_sim -p oh_cli --all-targets --locked -- -D warnings	2026-10-06T10:17:16.6839480Z shell: /bin/bash -e {0}
simulation (macos-latest)	Run cargo clippy -p oh_sim -p oh_cli --all-targets --locked -- -D warnings	2026-10-06T10:17:16.6839860Z env:
simulation (macos-latest)	Run cargo clippy -p oh_sim -p oh_cli --all-targets --locked -- -D warnings	2026-10-06T10:17:16.6840140Z   pythonLocation: /Users/runner/hostedtoolcache/Python/3.11.9/arm64
simulation (macos-latest)	Run cargo clippy -p oh_sim -p oh_cli --all-targets --locked -- -D warnings	2026-10-06T10:17:16.6840610Z   PKG_CONFIG_PATH: /Users/runner/hostedtoolcache/Python/3.11.9/arm64/lib/pkgconfig
simulation (macos-latest)	Run cargo clippy -p oh_sim -p oh_cli --all-targets --locked -- -D warnings	2026-10-06T10:17:16.6841100Z   Python_ROOT_DIR: /Users/runner/hostedtoolcache/Python/3.11.9/arm64
simulation (macos-latest)	Run cargo clippy -p oh_sim -p oh_cli --all-targets --locked -- -D warnings	2026-10-06T10:17:16.6841520Z   Python2_ROOT_DIR: /Users/runner/hostedtoolcache/Python/3.11.9/arm64
simulation (macos-latest)	Run cargo clippy -p oh_sim -p oh_cli --all-targets --locked -- -D warnings	2026-10-06T10:17:16.6841900Z   Python3_ROOT_DIR: /Users/runner/hostedtoolcache/Python/3.11.9/arm64
simulation (macos-latest)	Run cargo clippy -p oh_sim -p oh_cli --all-targets --locked -- -D warnings	2026-10-06T10:17:16.6842200Z ##[endgroup]
simulation (macos-latest)	Run cargo clippy -p oh_sim -p oh_cli --all-targets --locked -- -D warnings	2026-10-06T10:17:16.9297070Z     Updating crates.io index
simulation (macos-latest)	Run cargo clippy -p oh_sim -p oh_cli --all-targets --locked -- -D warnings	2026-10-06T10:17:17.2574080Z  Downloading crates ...
simulation (macos-latest)	Run cargo clippy -p oh_sim -p oh_cli --all-targets --locked -- -D warnings	2026-10-06T10:17:17.3210930Z   Downloaded az v1.3.0
simulation (macos-latest)	Run cargo clippy -p oh_sim -p oh_cli --all-targets --locked -- -D warnings	2026-10-06T10:17:17.3406950Z   Downloaded memchr v2.8.3
simulation (macos-latest)	Run cargo clippy -p oh_sim -p oh_cli --all-targets --locked -- -D warnings	2026-10-06T10:17:17.3658690Z   Downloaded embedded-io v0.6.1
simulation (macos-latest)	Run cargo clippy -p oh_sim -p oh_cli --all-targets --locked -- -D warnings	2026-10-06T10:17:17.3702210Z   Downloaded dyn-clone v1.0.20
simulation (macos-latest)	Run cargo clippy -p oh_sim -p oh_cli --all-targets --locked -- -D warnings	2026-10-06T10:17:17.3820940Z   Downloaded equivalent v1.0.2
simulation (macos-latest)	Run cargo clippy -p oh_sim -p oh_cli --all-targets --locked -- -D warnings	2026-10-06T10:17:17.3953840Z   Downloaded embedded-io v0.4.0
simulation (macos-latest)	Run cargo clippy -p oh_sim -p oh_cli --all-targets --locked -- -D warnings	2026-10-06T10:17:17.4062640Z   Downloaded ref-cast-impl v1.0.27
simulation (macos-latest)	Run cargo clippy -p oh_sim -p oh_cli --all-targets --locked -- -D warnings	2026-10-06T10:17:17.4165370Z   Downloaded ref-cast v1.0.27
simulation (macos-latest)	Run cargo clippy -p oh_sim -p oh_cli --all-targets --locked -- -D warnings	2026-10-06T10:17:17.4267320Z   Downloaded serde_spanned v1.1.1
simulation (macos-latest)	Run cargo clippy -p oh_sim -p oh_cli --all-targets --locked -- -D warnings	2026-10-06T10:17:17.4369630Z   Downloaded cfg-if v1.0.5
simulation (macos-latest)	Run cargo clippy -p oh_sim -p oh_cli --all-targets --locked -- -D warnings	2026-10-06T10:17:17.4382070Z   Downloaded itoa v1.0.18
simulation (macos-latest)	Run cargo clippy -p oh_sim -p oh_cli --all-targets --locked -- -D warnings	2026-10-06T10:17:17.4497450Z   Downloaded toml_writer v1.1.2+spec-1.1.0
simulation (macos-latest)	Run cargo clippy -p oh_sim -p oh_cli --all-targets --locked -- -D warnings	2026-10-06T10:17:17.4600490Z   Downloaded cobs v0.3.0
simulation (macos-latest)	Run cargo clippy -p oh_sim -p oh_cli --all-targets --locked -- -D warnings	2026-10-06T10:17:17.4702130Z   Downloaded ppv-lite86 v0.2.21
simulation (macos-latest)	Run cargo clippy -p oh_sim -p oh_cli --all-targets --locked -- -D warnings	2026-10-06T10:17:17.4810960Z   Downloaded serde_derive_internals v0.30.0
simulation (macos-latest)	Run cargo clippy -p oh_sim -p oh_cli --all-targets --locked -- -D warnings	2026-10-06T10:17:17.4855270Z   Downloaded thiserror v2.0.21
simulation (macos-latest)	Run cargo clippy -p oh_sim -p oh_cli --all-targets --locked -- -D warnings	2026-10-06T10:17:17.4882090Z   Downloaded toml_datetime v1.1.1+spec-1.1.0
simulation (macos-latest)	Run cargo clippy -p oh_sim -p oh_cli --all-targets --locked -- -D warnings	2026-10-06T10:17:17.4934970Z   Downloaded zmij v1.0.23
simulation (macos-latest)	Run cargo clippy -p oh_sim -p oh_cli --all-targets --locked -- -D warnings	2026-10-06T10:17:17.4997260Z   Downloaded half v2.7.1
simulation (macos-latest)	Run cargo clippy -p oh_sim -p oh_cli --all-targets --locked -- -D warnings	2026-10-06T10:17:17.5127540Z   Downloaded quote v1.0.47
simulation (macos-latest)	Run cargo clippy -p oh_sim -p oh_cli --all-targets --locked -- -D warnings	2026-10-06T10:17:17.5202180Z   Downloaded rand_chacha v0.10.0
simulation (macos-latest)	Run cargo clippy -p oh_sim -p oh_cli --all-targets --locked -- -D warnings	2026-10-06T10:17:17.5232010Z   Downloaded rand_core v0.10.1
simulation (macos-latest)	Run cargo clippy -p oh_sim -p oh_cli --all-targets --locked -- -D warnings	2026-10-06T10:17:17.5273550Z   Downloaded schemars_derive v1.2.2
simulation (macos-latest)	Run cargo clippy -p oh_sim -p oh_cli --all-targets --locked -- -D warnings	2026-10-06T10:17:17.5338910Z   Downloaded thiserror-impl v2.0.21
simulation (macos-latest)	Run cargo clippy -p oh_sim -p oh_cli --all-targets --locked -- -D warnings	2026-10-06T10:17:17.5369380Z   Downloaded toml_parser v1.1.3+spec-1.1.0
simulation (macos-latest)	Run cargo clippy -p oh_sim -p oh_cli --all-targets --locked -- -D warnings	2026-10-06T10:17:17.5429820Z   Downloaded postcard v1.1.3
simulation (macos-latest)	Run cargo clippy -p oh_sim -p oh_cli --all-targets --locked -- -D warnings	2026-10-06T10:17:17.5509870Z   Downloaded semver v1.0.28
simulation (macos-latest)	Run cargo clippy -p oh_sim -p oh_cli --all-targets --locked -- -D warnings	2026-10-06T10:17:17.5594110Z   Downloaded toml v1.1.6+spec-1.1.0
simulation (macos-latest)	Run cargo clippy -p oh_sim -p oh_cli --all-targets --locked -- -D warnings	2026-10-06T10:17:17.5756620Z   Downloaded unicode-ident v1.0.26
simulation (macos-latest)	Run cargo clippy -p oh_sim -p oh_cli --all-targets --locked -- -D warnings	2026-10-06T10:17:17.5838760Z   Downloaded bytemuck v1.25.2
simulation (macos-latest)	Run cargo clippy -p oh_sim -p oh_cli --all-targets --locked -- -D warnings	2026-10-06T10:17:17.5921830Z   Downloaded serde_core v1.0.229
simulation (macos-latest)	Run cargo clippy -p oh_sim -p oh_cli --all-targets --locked -- -D warnings	2026-10-06T10:17:17.5991080Z   Downloaded serde_derive v1.0.229
simulation (macos-latest)	Run cargo clippy -p oh_sim -p oh_cli --all-targets --locked -- -D warnings	2026-10-06T10:17:17.6080650Z   Downloaded proc-macro2 v1.0.107
simulation (macos-latest)	Run cargo clippy -p oh_sim -p oh_cli --all-targets --locked -- -D warnings	2026-10-06T10:17:17.6153710Z   Downloaded serde v1.0.229
simulation (macos-latest)	Run cargo clippy -p oh_sim -p oh_cli --all-targets --locked -- -D warnings	2026-10-06T10:17:17.6265450Z   Downloaded indexmap v2.14.2
simulation (macos-latest)	Run cargo clippy -p oh_sim -p oh_cli --all-targets --locked -- -D warnings	2026-10-06T10:17:17.6533690Z   Downloaded schemars v1.2.2
simulation (macos-latest)	Run cargo clippy -p oh_sim -p oh_cli --all-targets --locked -- -D warnings	2026-10-06T10:17:17.7040510Z   Downloaded typenum v1.20.1
simulation (macos-latest)	Run cargo clippy -p oh_sim -p oh_cli --all-targets --locked -- -D warnings	2026-10-06T10:17:17.7191180Z   Downloaded zerocopy-derive v0.8.60
simulation (macos-latest)	Run cargo clippy -p oh_sim -p oh_cli --all-targets --locked -- -D warnings	2026-10-06T10:17:17.7516250Z   Downloaded serde_json v1.0.151
simulation (macos-latest)	Run cargo clippy -p oh_sim -p oh_cli --all-targets --locked -- -D warnings	2026-10-06T10:17:17.7672780Z   Downloaded hashbrown v0.17.1
simulation (macos-latest)	Run cargo clippy -p oh_sim -p oh_cli --all-targets --locked -- -D warnings	2026-10-06T10:17:17.7806520Z   Downloaded winnow v1.0.4
simulation (macos-latest)	Run cargo clippy -p oh_sim -p oh_cli --all-targets --locked -- -D warnings	2026-10-06T10:17:17.8022650Z   Downloaded fixed v1.31.0
simulation (macos-latest)	Run cargo clippy -p oh_sim -p oh_cli --all-targets --locked -- -D warnings	2026-10-06T10:17:17.8195520Z   Downloaded zerocopy v0.8.60
simulation (macos-latest)	Run cargo clippy -p oh_sim -p oh_cli --all-targets --locked -- -D warnings	2026-10-06T10:17:17.8918960Z   Downloaded syn v2.0.119
simulation (macos-latest)	Run cargo clippy -p oh_sim -p oh_cli --all-targets --locked -- -D warnings	2026-10-06T10:17:17.9172320Z   Downloaded syn v3.0.6
simulation (macos-latest)	Run cargo clippy -p oh_sim -p oh_cli --all-targets --locked -- -D warnings	2026-10-06T10:17:17.9837600Z    Compiling proc-macro2 v1.0.107
simulation (macos-latest)	Run cargo clippy -p oh_sim -p oh_cli --all-targets --locked -- -D warnings	2026-10-06T10:17:17.9838280Z    Compiling quote v1.0.47
simulation (macos-latest)	Run cargo clippy -p oh_sim -p oh_cli --all-targets --locked -- -D warnings	2026-10-06T10:17:17.9838700Z    Compiling unicode-ident v1.0.26
simulation (macos-latest)	Run cargo clippy -p oh_sim -p oh_cli --all-targets --locked -- -D warnings	2026-10-06T10:17:18.2453490Z    Compiling serde_core v1.0.229
simulation (macos-latest)	Run cargo clippy -p oh_sim -p oh_cli --all-targets --locked -- -D warnings	2026-10-06T10:17:22.3965000Z    Compiling zerocopy v0.8.60
simulation (macos-latest)	Run cargo clippy -p oh_sim -p oh_cli --all-targets --locked -- -D warnings	2026-10-06T10:17:22.8326500Z    Compiling serde v1.0.229
simulation (macos-latest)	Run cargo clippy -p oh_sim -p oh_cli --all-targets --locked -- -D warnings	2026-10-06T10:17:23.2935370Z    Compiling syn v3.0.6
simulation (macos-latest)	Run cargo clippy -p oh_sim -p oh_cli --all-targets --locked -- -D warnings	2026-10-06T10:17:23.3287560Z    Compiling syn v2.0.119
simulation (macos-latest)	Run cargo clippy -p oh_sim -p oh_cli --all-targets --locked -- -D warnings	2026-10-06T10:17:24.5384880Z    Compiling thiserror v2.0.21
simulation (macos-latest)	Run cargo clippy -p oh_sim -p oh_cli --all-targets --locked -- -D warnings	2026-10-06T10:17:24.8775480Z    Compiling zmij v1.0.23
simulation (macos-latest)	Run cargo clippy -p oh_sim -p oh_cli --all-targets --locked -- -D warnings	2026-10-06T10:17:25.1118090Z    Compiling ref-cast v1.0.27
simulation (macos-latest)	Run cargo clippy -p oh_sim -p oh_cli --all-targets --locked -- -D warnings	2026-10-06T10:17:25.4341220Z     Checking cfg-if v1.0.5
simulation (macos-latest)	Run cargo clippy -p oh_sim -p oh_cli --all-targets --locked -- -D warnings	2026-10-06T10:17:25.5144400Z    Compiling fixed v1.31.0
simulation (macos-latest)	Run cargo clippy -p oh_sim -p oh_cli --all-targets --locked -- -D warnings	2026-10-06T10:17:25.5257800Z    Compiling serde_derive v1.0.229
simulation (macos-latest)	Run cargo clippy -p oh_sim -p oh_cli --all-targets --locked -- -D warnings	2026-10-06T10:17:25.6564830Z    Compiling thiserror-impl v2.0.21
simulation (macos-latest)	Run cargo clippy -p oh_sim -p oh_cli --all-targets --locked -- -D warnings	2026-10-06T10:17:26.6673920Z    Compiling zerocopy-derive v0.8.60
simulation (macos-latest)	Run cargo clippy -p oh_sim -p oh_cli --all-targets --locked -- -D warnings	2026-10-06T10:17:26.7206830Z    Compiling serde_json v1.0.151
simulation (macos-latest)	Run cargo clippy -p oh_sim -p oh_cli --all-targets --locked -- -D warnings	2026-10-06T10:17:26.8726250Z     Checking cobs v0.3.0
simulation (macos-latest)	Run cargo clippy -p oh_sim -p oh_cli --all-targets --locked -- -D warnings	2026-10-06T10:17:26.9678470Z    Compiling ref-cast-impl v1.0.27
simulation (macos-latest)	Run cargo clippy -p oh_sim -p oh_cli --all-targets --locked -- -D warnings	2026-10-06T10:17:27.5491220Z    Compiling serde_derive_internals v0.30.0
simulation (macos-latest)	Run cargo clippy -p oh_sim -p oh_cli --all-targets --locked -- -D warnings	2026-10-06T10:17:28.2581040Z     Checking typenum v1.20.1
simulation (macos-latest)	Run cargo clippy -p oh_sim -p oh_cli --all-targets --locked -- -D warnings	2026-10-06T10:17:28.2844460Z     Checking winnow v1.0.4
simulation (macos-latest)	Run cargo clippy -p oh_sim -p oh_cli --all-targets --locked -- -D warnings	2026-10-06T10:17:28.4792360Z     Checking bytemuck v1.25.2
simulation (macos-latest)	Run cargo clippy -p oh_sim -p oh_cli --all-targets --locked -- -D warnings	2026-10-06T10:17:28.5780540Z     Checking az v1.3.0
simulation (macos-latest)	Run cargo clippy -p oh_sim -p oh_cli --all-targets --locked -- -D warnings	2026-10-06T10:17:28.6779300Z     Checking memchr v2.8.3
simulation (macos-latest)	Run cargo clippy -p oh_sim -p oh_cli --all-targets --locked -- -D warnings	2026-10-06T10:17:28.9739140Z     Checking itoa v1.0.18
simulation (macos-latest)	Run cargo clippy -p oh_sim -p oh_cli --all-targets --locked -- -D warnings	2026-10-06T10:17:29.0742310Z     Checking rand_core v0.10.1
simulation (macos-latest)	Run cargo clippy -p oh_sim -p oh_cli --all-targets --locked -- -D warnings	2026-10-06T10:17:29.1755910Z     Checking toml_parser v1.1.3+spec-1.1.0
simulation (macos-latest)	Run cargo clippy -p oh_sim -p oh_cli --all-targets --locked -- -D warnings	2026-10-06T10:17:29.4710430Z     Checking postcard v1.1.3
simulation (macos-latest)	Run cargo clippy -p oh_sim -p oh_cli --all-targets --locked -- -D warnings	2026-10-06T10:17:29.7071390Z    Compiling schemars_derive v1.2.2
simulation (macos-latest)	Run cargo clippy -p oh_sim -p oh_cli --all-targets --locked -- -D warnings	2026-10-06T10:17:29.7950980Z     Checking toml_datetime v1.1.1+spec-1.1.0
simulation (macos-latest)	Run cargo clippy -p oh_sim -p oh_cli --all-targets --locked -- -D warnings	2026-10-06T10:17:29.9143640Z     Checking serde_spanned v1.1.1
simulation (macos-latest)	Run cargo clippy -p oh_sim -p oh_cli --all-targets --locked -- -D warnings	2026-10-06T10:17:29.9735430Z     Checking dyn-clone v1.0.20
simulation (macos-latest)	Run cargo clippy -p oh_sim -p oh_cli --all-targets --locked -- -D warnings	2026-10-06T10:17:30.0167590Z     Checking toml_writer v1.1.2+spec-1.1.0
simulation (macos-latest)	Run cargo clippy -p oh_sim -p oh_cli --all-targets --locked -- -D warnings	2026-10-06T10:17:30.1155640Z     Checking semver v1.0.28
simulation (macos-latest)	Run cargo clippy -p oh_sim -p oh_cli --all-targets --locked -- -D warnings	2026-10-06T10:17:30.2171940Z     Checking toml v1.1.6+spec-1.1.0
simulation (macos-latest)	Run cargo clippy -p oh_sim -p oh_cli --all-targets --locked -- -D warnings	2026-10-06T10:17:30.7360120Z     Checking schemars v1.2.2
simulation (macos-latest)	Run cargo clippy -p oh_sim -p oh_cli --all-targets --locked -- -D warnings	2026-10-06T10:17:30.8584760Z     Checking half v2.7.1
simulation (macos-latest)	Run cargo clippy -p oh_sim -p oh_cli --all-targets --locked -- -D warnings	2026-10-06T10:17:30.8587950Z     Checking ppv-lite86 v0.2.21
simulation (macos-latest)	Run cargo clippy -p oh_sim -p oh_cli --all-targets --locked -- -D warnings	2026-10-06T10:17:30.9718100Z     Checking rand_chacha v0.10.0
simulation (macos-latest)	Run cargo clippy -p oh_sim -p oh_cli --all-targets --locked -- -D warnings	2026-10-06T10:17:37.0738700Z     Checking oh_core v0.1.0 (/Users/runner/work/OpenHOI4/OpenHOI4/crates/oh_core)
simulation (macos-latest)	Run cargo clippy -p oh_sim -p oh_cli --all-targets --locked -- -D warnings	2026-10-06T10:17:37.3110070Z     Checking oh_data v0.1.0 (/Users/runner/work/OpenHOI4/OpenHOI4/crates/oh_data)
simulation (macos-latest)	Run cargo clippy -p oh_sim -p oh_cli --all-targets --locked -- -D warnings	2026-10-06T10:17:37.5109540Z     Checking oh_sim v0.1.0 (/Users/runner/work/OpenHOI4/OpenHOI4/crates/oh_sim)
simulation (macos-latest)	Run cargo clippy -p oh_sim -p oh_cli --all-targets --locked -- -D warnings	2026-10-06T10:17:37.6392330Z     Checking oh_save v0.1.0 (/Users/runner/work/OpenHOI4/OpenHOI4/crates/oh_save)
simulation (macos-latest)	Run cargo clippy -p oh_sim -p oh_cli --all-targets --locked -- -D warnings	2026-10-06T10:17:37.6493960Z     Checking oh_ai v0.1.0 (/Users/runner/work/OpenHOI4/OpenHOI4/crates/oh_ai)
simulation (macos-latest)	Run cargo clippy -p oh_sim -p oh_cli --all-targets --locked -- -D warnings	2026-10-06T10:17:37.6720210Z     Checking oh_cli v0.1.0 (/Users/runner/work/OpenHOI4/OpenHOI4/crates/oh_cli)
simulation (macos-latest)	Run cargo clippy -p oh_sim -p oh_cli --all-targets --locked -- -D warnings	2026-10-06T10:17:37.7999070Z     Finished `dev` profile [unoptimized + debuginfo] target(s) in 20.97s
simulation (macos-latest)	Run cargo test -p oh_sim -p oh_cli --locked	﻿2026-10-06T10:17:37.8570330Z ##[group]Run cargo test -p oh_sim -p oh_cli --locked
simulation (macos-latest)	Run cargo test -p oh_sim -p oh_cli --locked	2026-10-06T10:17:37.8571380Z [36;1mcargo test -p oh_sim -p oh_cli --locked[0m
simulation (macos-latest)	Run cargo test -p oh_sim -p oh_cli --locked	2026-10-06T10:17:37.8649630Z shell: /bin/bash -e {0}
simulation (macos-latest)	Run cargo test -p oh_sim -p oh_cli --locked	2026-10-06T10:17:37.8650400Z env:
simulation (macos-latest)	Run cargo test -p oh_sim -p oh_cli --locked	2026-10-06T10:17:37.8651230Z   pythonLocation: /Users/runner/hostedtoolcache/Python/3.11.9/arm64
simulation (macos-latest)	Run cargo test -p oh_sim -p oh_cli --locked	2026-10-06T10:17:37.8652450Z   PKG_CONFIG_PATH: /Users/runner/hostedtoolcache/Python/3.11.9/arm64/lib/pkgconfig
simulation (macos-latest)	Run cargo test -p oh_sim -p oh_cli --locked	2026-10-06T10:17:37.8653610Z   Python_ROOT_DIR: /Users/runner/hostedtoolcache/Python/3.11.9/arm64
simulation (macos-latest)	Run cargo test -p oh_sim -p oh_cli --locked	2026-10-06T10:17:37.8654830Z   Python2_ROOT_DIR: /Users/runner/hostedtoolcache/Python/3.11.9/arm64
simulation (macos-latest)	Run cargo test -p oh_sim -p oh_cli --locked	2026-10-06T10:17:37.8655940Z   Python3_ROOT_DIR: /Users/runner/hostedtoolcache/Python/3.11.9/arm64
simulation (macos-latest)	Run cargo test -p oh_sim -p oh_cli --locked	2026-10-06T10:17:37.8658050Z ##[endgroup]
simulation (macos-latest)	Run cargo test -p oh_sim -p oh_cli --locked	2026-10-06T10:17:38.1895950Z    Compiling serde_core v1.0.229
simulation (macos-latest)	Run cargo test -p oh_sim -p oh_cli --locked	2026-10-06T10:17:38.1898180Z    Compiling zerocopy v0.8.60
simulation (macos-latest)	Run cargo test -p oh_sim -p oh_cli --locked	2026-10-06T10:17:38.1925670Z    Compiling thiserror v2.0.21
simulation (macos-latest)	Run cargo test -p oh_sim -p oh_cli --locked	2026-10-06T10:17:38.2856290Z    Compiling cfg-if v1.0.5
simulation (macos-latest)	Run cargo test -p oh_sim -p oh_cli --locked	2026-10-06T10:17:38.3294890Z    Compiling cobs v0.3.0
simulation (macos-latest)	Run cargo test -p oh_sim -p oh_cli --locked	2026-10-06T10:17:38.4401740Z    Compiling zmij v1.0.23
simulation (macos-latest)	Run cargo test -p oh_sim -p oh_cli --locked	2026-10-06T10:17:38.7319700Z    Compiling itoa v1.0.18
simulation (macos-latest)	Run cargo test -p oh_sim -p oh_cli --locked	2026-10-06T10:17:38.8463250Z    Compiling winnow v1.0.4
simulation (macos-latest)	Run cargo test -p oh_sim -p oh_cli --locked	2026-10-06T10:17:39.1157250Z    Compiling bytemuck v1.25.2
simulation (macos-latest)	Run cargo test -p oh_sim -p oh_cli --locked	2026-10-06T10:17:39.2594140Z    Compiling az v1.3.0
simulation (macos-latest)	Run cargo test -p oh_sim -p oh_cli --locked	2026-10-06T10:17:39.9512310Z    Compiling serde v1.0.229
simulation (macos-latest)	Run cargo test -p oh_sim -p oh_cli --locked	2026-10-06T10:17:40.0659110Z    Compiling memchr v2.8.3
simulation (macos-latest)	Run cargo test -p oh_sim -p oh_cli --locked	2026-10-06T10:17:40.3894790Z    Compiling rand_core v0.10.1
simulation (macos-latest)	Run cargo test -p oh_sim -p oh_cli --locked	2026-10-06T10:17:40.4323730Z    Compiling typenum v1.20.1
simulation (macos-latest)	Run cargo test -p oh_sim -p oh_cli --locked	2026-10-06T10:17:40.4808980Z    Compiling serde_json v1.0.151
simulation (macos-latest)	Run cargo test -p oh_sim -p oh_cli --locked	2026-10-06T10:17:40.9882260Z    Compiling postcard v1.1.3
simulation (macos-latest)	Run cargo test -p oh_sim -p oh_cli --locked	2026-10-06T10:17:41.2192910Z    Compiling toml_datetime v1.1.1+spec-1.1.0
simulation (macos-latest)	Run cargo test -p oh_sim -p oh_cli --locked	2026-10-06T10:17:41.3362900Z    Compiling half v2.7.1
simulation (macos-latest)	Run cargo test -p oh_sim -p oh_cli --locked	2026-10-06T10:17:41.4702360Z    Compiling ppv-lite86 v0.2.21
simulation (macos-latest)	Run cargo test -p oh_sim -p oh_cli --locked	2026-10-06T10:17:41.5121580Z    Compiling serde_spanned v1.1.1
simulation (macos-latest)	Run cargo test -p oh_sim -p oh_cli --locked	2026-10-06T10:17:41.6013120Z    Compiling fixed v1.31.0
simulation (macos-latest)	Run cargo test -p oh_sim -p oh_cli --locked	2026-10-06T10:17:41.6280530Z    Compiling toml_parser v1.1.3+spec-1.1.0
simulation (macos-latest)	Run cargo test -p oh_sim -p oh_cli --locked	2026-10-06T10:17:41.7104600Z    Compiling rand_chacha v0.10.0
simulation (macos-latest)	Run cargo test -p oh_sim -p oh_cli --locked	2026-10-06T10:17:42.0558850Z    Compiling ref-cast v1.0.27
simulation (macos-latest)	Run cargo test -p oh_sim -p oh_cli --locked	2026-10-06T10:17:42.1261520Z    Compiling toml_writer v1.1.2+spec-1.1.0
simulation (macos-latest)	Run cargo test -p oh_sim -p oh_cli --locked	2026-10-06T10:17:42.2066060Z    Compiling semver v1.0.28
simulation (macos-latest)	Run cargo test -p oh_sim -p oh_cli --locked	2026-10-06T10:17:42.2571610Z    Compiling dyn-clone v1.0.20
simulation (macos-latest)	Run cargo test -p oh_sim -p oh_cli --locked	2026-10-06T10:17:42.3330420Z    Compiling toml v1.1.6+spec-1.1.0
simulation (macos-latest)	Run cargo test -p oh_sim -p oh_cli --locked	2026-10-06T10:17:42.4768830Z    Compiling schemars v1.2.2
simulation (macos-latest)	Run cargo test -p oh_sim -p oh_cli --locked	2026-10-06T10:17:47.8233270Z    Compiling oh_core v0.1.0 (/Users/runner/work/OpenHOI4/OpenHOI4/crates/oh_core)
simulation (macos-latest)	Run cargo test -p oh_sim -p oh_cli --locked	2026-10-06T10:17:47.9634690Z    Compiling oh_data v0.1.0 (/Users/runner/work/OpenHOI4/OpenHOI4/crates/oh_data)
simulation (macos-latest)	Run cargo test -p oh_sim -p oh_cli --locked	2026-10-06T10:17:48.1507570Z    Compiling oh_sim v0.1.0 (/Users/runner/work/OpenHOI4/OpenHOI4/crates/oh_sim)
simulation (macos-latest)	Run cargo test -p oh_sim -p oh_cli --locked	2026-10-06T10:17:48.3436520Z    Compiling oh_save v0.1.0 (/Users/runner/work/OpenHOI4/OpenHOI4/crates/oh_save)
simulation (macos-latest)	Run cargo test -p oh_sim -p oh_cli --locked	2026-10-06T10:17:48.3621810Z    Compiling oh_ai v0.1.0 (/Users/runner/work/OpenHOI4/OpenHOI4/crates/oh_ai)
simulation (macos-latest)	Run cargo test -p oh_sim -p oh_cli --locked	2026-10-06T10:17:48.3910200Z    Compiling oh_cli v0.1.0 (/Users/runner/work/OpenHOI4/OpenHOI4/crates/oh_cli)
simulation (macos-latest)	Run cargo test -p oh_sim -p oh_cli --locked	2026-10-06T10:17:49.1975030Z     Finished `test` profile [unoptimized + debuginfo] target(s) in 11.20s
simulation (macos-latest)	Run cargo test -p oh_sim -p oh_cli --locked	2026-10-06T10:17:49.2037920Z      Running unittests src/lib.rs (target/debug/deps/oh_cli-6f814261df4a199b)
simulation (macos-latest)	Run cargo test -p oh_sim -p oh_cli --locked	2026-10-06T10:17:49.2073300Z
simulation (macos-latest)	Run cargo test -p oh_sim -p oh_cli --locked	2026-10-06T10:17:49.2073620Z running 0 tests
simulation (macos-latest)	Run cargo test -p oh_sim -p oh_cli --locked	2026-10-06T10:17:49.2073880Z
simulation (macos-latest)	Run cargo test -p oh_sim -p oh_cli --locked	2026-10-06T10:17:49.2075190Z      Running unittests src/main.rs (target/debug/deps/oh_cli-aa2b7727b8dc39db)
simulation (macos-latest)	Run cargo test -p oh_sim -p oh_cli --locked	2026-10-06T10:17:49.2075900Z test result: ok. 0 passed; 0 failed; 0 ignored; 0 measured; 0 filtered out; finished in 0.00s
simulation (macos-latest)	Run cargo test -p oh_sim -p oh_cli --locked	2026-10-06T10:17:49.2076190Z
simulation (macos-latest)	Run cargo test -p oh_sim -p oh_cli --locked	2026-10-06T10:17:49.2100470Z
simulation (macos-latest)	Run cargo test -p oh_sim -p oh_cli --locked	2026-10-06T10:17:49.2101520Z running 0 tests
simulation (macos-latest)	Run cargo test -p oh_sim -p oh_cli --locked	2026-10-06T10:17:49.2102230Z
simulation (macos-latest)	Run cargo test -p oh_sim -p oh_cli --locked	2026-10-06T10:17:49.2102700Z test result: ok. 0 passed; 0 failed; 0 ignored; 0 measured; 0 filtered out; finished in 0.00s
simulation (macos-latest)	Run cargo test -p oh_sim -p oh_cli --locked	2026-10-06T10:17:49.2103120Z
simulation (macos-latest)	Run cargo test -p oh_sim -p oh_cli --locked	2026-10-06T10:17:49.2103460Z      Running tests/run.rs (target/debug/deps/run-43d99574936c2e27)
simulation (macos-latest)	Run cargo test -p oh_sim -p oh_cli --locked	2026-10-06T10:17:49.2127520Z
simulation (macos-latest)	Run cargo test -p oh_sim -p oh_cli --locked	2026-10-06T10:17:49.2129110Z running 5 tests
simulation (macos-latest)	Run cargo test -p oh_sim -p oh_cli --locked	2026-10-06T10:17:49.2159440Z test library_loads_data_epoch_and_rejects_bad_or_nonempty_scenario ... ok
simulation (macos-latest)	Run cargo test -p oh_sim -p oh_cli --locked	2026-10-06T10:17:49.2183670Z test m0_load_boundary_and_help_identify_unique_self_contained_pack ... ok
simulation (macos-latest)	Run cargo test -p oh_sim -p oh_cli --locked	2026-10-06T10:17:49.2274590Z test req_gen_06_ac_m0_02_exact_ticks_and_repeated_hash ... ok
simulation (macos-latest)	Run cargo test -p oh_sim -p oh_cli --locked	2026-10-06T10:17:49.2336680Z test req_gen_06_days_path_is_exact_and_zero_ticks_stays_initial ... ok
simulation (macos-latest)	Run cargo test -p oh_sim -p oh_cli --locked	2026-10-06T10:17:49.2412890Z test cli_rejects_ambiguous_missing_invalid_and_unimplemented_inputs ... ok
simulation (macos-latest)	Run cargo test -p oh_sim -p oh_cli --locked	2026-10-06T10:17:49.2413920Z
simulation (macos-latest)	Run cargo test -p oh_sim -p oh_cli --locked	2026-10-06T10:17:49.2414410Z      Running unittests src/lib.rs (target/debug/deps/oh_sim-34b0bbb7c39ffd0d)
simulation (macos-latest)	Run cargo test -p oh_sim -p oh_cli --locked	2026-10-06T10:17:49.2415840Z test result: ok. 5 passed; 0 failed; 0 ignored; 0 measured; 0 filtered out; finished in 0.03s
simulation (macos-latest)	Run cargo test -p oh_sim -p oh_cli --locked	2026-10-06T10:17:49.2425410Z
simulation (macos-latest)	Run cargo test -p oh_sim -p oh_cli --locked	2026-10-06T10:17:49.2448600Z
simulation (macos-latest)	Run cargo test -p oh_sim -p oh_cli --locked	2026-10-06T10:17:49.2449320Z running 0 tests
simulation (macos-latest)	Run cargo test -p oh_sim -p oh_cli --locked	2026-10-06T10:17:49.2449610Z
simulation (macos-latest)	Run cargo test -p oh_sim -p oh_cli --locked	2026-10-06T10:17:49.2450360Z test result: ok. 0 passed; 0 failed; 0 ignored; 0 measured; 0 filtered out; finished in 0.00s
simulation (macos-latest)	Run cargo test -p oh_sim -p oh_cli --locked	2026-10-06T10:17:49.2451460Z
simulation (macos-latest)	Run cargo test -p oh_sim -p oh_cli --locked	2026-10-06T10:17:49.2452140Z      Running tests/scheduler.rs (target/debug/deps/scheduler-8a6ff1bc1d9d5540)
simulation (macos-latest)	Run cargo test -p oh_sim -p oh_cli --locked	2026-10-06T10:17:49.2495950Z
simulation (macos-latest)	Run cargo test -p oh_sim -p oh_cli --locked	2026-10-06T10:17:49.2497360Z running 8 tests
simulation (macos-latest)	Run cargo test -p oh_sim -p oh_cli --locked	2026-10-06T10:17:49.2501550Z test hash_includes_seed_config_and_pending_commands ... ok
simulation (macos-latest)	Run cargo test -p oh_sim -p oh_cli --locked	2026-10-06T10:17:49.2505670Z test calendar_leap_year_and_year_boundaries ... ok
simulation (macos-latest)	Run cargo test -p oh_sim -p oh_cli --locked	2026-10-06T10:17:49.2506900Z test overflow_preserves_state_and_queued_commands_and_pause_still_works ... ok
simulation (macos-latest)	Run cargo test -p oh_sim -p oh_cli --locked	2026-10-06T10:17:49.2507840Z test req_gen_05_commands_are_sorted_and_future_commands_wait ... ok
simulation (macos-latest)	Run cargo test -p oh_sim -p oh_cli --locked	2026-10-06T10:17:49.2508360Z test req_time_01_pause_resume_and_five_data_driven_speeds ... ok
simulation (macos-latest)	Run cargo test -p oh_sim -p oh_cli --locked	2026-10-06T10:17:49.2508920Z test req_time_02_tick_day_month_snapshot_order ... ok
simulation (macos-latest)	Run cargo test -p oh_sim -p oh_cli --locked	2026-10-06T10:17:49.2509320Z test time_defines_are_required_checked_and_change_host_pacing ... ok
simulation (macos-latest)	Run cargo test -p oh_sim -p oh_cli --locked	2026-10-06T10:17:49.2512040Z test req_gen_01_headless_state_and_hash_are_repeatable ... ok
simulation (macos-latest)	Run cargo test -p oh_sim -p oh_cli --locked	2026-10-06T10:17:49.2512360Z
simulation (macos-latest)	Run cargo test -p oh_sim -p oh_cli --locked	2026-10-06T10:17:49.2514190Z    Doc-tests oh_cli
simulation (macos-latest)	Run cargo test -p oh_sim -p oh_cli --locked	2026-10-06T10:17:49.2514750Z test result: ok. 8 passed; 0 failed; 0 ignored; 0 measured; 0 filtered out; finished in 0.00s
simulation (macos-latest)	Run cargo test -p oh_sim -p oh_cli --locked	2026-10-06T10:17:49.2515170Z
simulation (macos-latest)	Run cargo test -p oh_sim -p oh_cli --locked	2026-10-06T10:17:49.3368180Z
simulation (macos-latest)	Run cargo test -p oh_sim -p oh_cli --locked	2026-10-06T10:17:49.3369200Z running 0 tests
simulation (macos-latest)	Run cargo test -p oh_sim -p oh_cli --locked	2026-10-06T10:17:49.3369700Z
simulation (macos-latest)	Run cargo test -p oh_sim -p oh_cli --locked	2026-10-06T10:17:49.3370440Z test result: ok. 0 passed; 0 failed; 0 ignored; 0 measured; 0 filtered out; finished in 0.00s
simulation (macos-latest)	Run cargo test -p oh_sim -p oh_cli --locked	2026-10-06T10:17:49.3371400Z
simulation (macos-latest)	Run cargo test -p oh_sim -p oh_cli --locked	2026-10-06T10:17:49.3381630Z    Doc-tests oh_sim
simulation (macos-latest)	Run cargo test -p oh_sim -p oh_cli --locked	2026-10-06T10:17:49.3825550Z
simulation (macos-latest)	Run cargo test -p oh_sim -p oh_cli --locked	2026-10-06T10:17:49.3825960Z running 1 test
simulation (macos-latest)	Run cargo test -p oh_sim -p oh_cli --locked	2026-10-06T10:17:49.4279930Z test crates/oh_sim/src/lib.rs - State (line 64) - compile fail ... ok
simulation (macos-latest)	Run cargo test -p oh_sim -p oh_cli --locked	2026-10-06T10:17:49.4280560Z
simulation (macos-latest)	Run cargo test -p oh_sim -p oh_cli --locked	2026-10-06T10:17:49.4280990Z test result: ok. 1 passed; 0 failed; 0 ignored; 0 measured; 0 filtered out; finished in 0.05s
simulation (macos-latest)	Run cargo test -p oh_sim -p oh_cli --locked	2026-10-06T10:17:49.4281430Z
simulation (macos-latest)	Test evidence gate failures	﻿2026-10-06T10:17:49.4423860Z ##[group]Run python -m unittest discover -s crates/oh_sim/tests -p test_sim_determinism.py -v
simulation (macos-latest)	Test evidence gate failures	2026-10-06T10:17:49.4424690Z [36;1mpython -m unittest discover -s crates/oh_sim/tests -p test_sim_determinism.py -v[0m
simulation (macos-latest)	Test evidence gate failures	2026-10-06T10:17:49.4469410Z shell: /bin/bash -e {0}
simulation (macos-latest)	Test evidence gate failures	2026-10-06T10:17:49.4469780Z env:
simulation (macos-latest)	Test evidence gate failures	2026-10-06T10:17:49.4470180Z   pythonLocation: /Users/runner/hostedtoolcache/Python/3.11.9/arm64
simulation (macos-latest)	Test evidence gate failures	2026-10-06T10:17:49.4470880Z   PKG_CONFIG_PATH: /Users/runner/hostedtoolcache/Python/3.11.9/arm64/lib/pkgconfig
simulation (macos-latest)	Test evidence gate failures	2026-10-06T10:17:49.4471500Z   Python_ROOT_DIR: /Users/runner/hostedtoolcache/Python/3.11.9/arm64
simulation (macos-latest)	Test evidence gate failures	2026-10-06T10:17:49.4471960Z   Python2_ROOT_DIR: /Users/runner/hostedtoolcache/Python/3.11.9/arm64
simulation (macos-latest)	Test evidence gate failures	2026-10-06T10:17:49.4472500Z   Python3_ROOT_DIR: /Users/runner/hostedtoolcache/Python/3.11.9/arm64
simulation (macos-latest)	Test evidence gate failures	2026-10-06T10:17:49.4472870Z ##[endgroup]
simulation (macos-latest)	Test evidence gate failures	2026-10-06T10:17:50.1656890Z test_capture_rejects_command_failure (test_sim_determinism.SimEvidenceTests.test_capture_rejects_command_failure) ... ok
simulation (macos-latest)	Test evidence gate failures	2026-10-06T10:17:50.1690450Z test_capture_rejects_repeated_hash_mismatch (test_sim_determinism.SimEvidenceTests.test_capture_rejects_repeated_hash_mismatch) ... ok
simulation (macos-latest)	Test evidence gate failures	2026-10-06T10:17:50.1693240Z test_capture_runs_real_1000_tick_cli_twice (test_sim_determinism.SimEvidenceTests.test_capture_runs_real_1000_tick_cli_twice) ... ok
simulation (macos-latest)	Test evidence gate failures	2026-10-06T10:17:50.1717000Z test_compare_accepts_three_equal_os (test_sim_determinism.SimEvidenceTests.test_compare_accepts_three_equal_os) ... ok
simulation (macos-latest)	Test evidence gate failures	2026-10-06T10:17:50.1752060Z test_compare_rejects_cross_os_mismatch_even_when_each_repeat_matches (test_sim_determinism.SimEvidenceTests.test_compare_rejects_cross_os_mismatch_even_when_each_repeat_matches) ... ok
simulation (macos-latest)	Test evidence gate failures	2026-10-06T10:17:50.1876630Z test_compare_rejects_invalid_or_mismatched_hash (test_sim_determinism.SimEvidenceTests.test_compare_rejects_invalid_or_mismatched_hash) ... ok
simulation (macos-latest)	Test evidence gate failures	2026-10-06T10:17:50.1929440Z test_compare_rejects_missing_extra_os_and_missing_repeat (test_sim_determinism.SimEvidenceTests.test_compare_rejects_missing_extra_os_and_missing_repeat) ... ok
simulation (macos-latest)	Test evidence gate failures	2026-10-06T10:17:50.1951260Z test_compare_rejects_repeat_disagreement (test_sim_determinism.SimEvidenceTests.test_compare_rejects_repeat_disagreement) ... ok
simulation (macos-latest)	Test evidence gate failures	2026-10-06T10:17:50.1957760Z test_failed_recapture_clears_old_success_marker (test_sim_determinism.SimEvidenceTests.test_failed_recapture_clears_old_success_marker) ... ok
simulation (macos-latest)	Test evidence gate failures	2026-10-06T10:17:50.1958870Z actual simulation: 1000 ticks, seed 1, two runs: 0123456789abcdef
simulation (macos-latest)	Test evidence gate failures	2026-10-06T10:17:50.1959480Z
simulation (macos-latest)	Test evidence gate failures	2026-10-06T10:17:50.1959890Z ubuntu-latest: 0123456789abcdef
simulation (macos-latest)	Test evidence gate failures	2026-10-06T10:17:50.1960940Z ----------------------------------------------------------------------
simulation (macos-latest)	Test evidence gate failures	2026-10-06T10:17:50.1961660Z windows-latest: 0123456789abcdef
simulation (macos-latest)	Test evidence gate failures	2026-10-06T10:17:50.1962160Z Ran 9 tests in 0.031s
simulation (macos-latest)	Test evidence gate failures	2026-10-06T10:17:50.1962590Z macos-latest: 0123456789abcdef
simulation (macos-latest)	Test evidence gate failures	2026-10-06T10:17:50.1962910Z
simulation (macos-latest)	Test evidence gate failures	2026-10-06T10:17:50.1963260Z OK
simulation (macos-latest)	Run actual simulation twice	﻿2026-10-06T10:17:50.2098620Z ##[group]Run python crates/oh_sim/tools/check_sim_determinism.py capture --out target/sim-determinism
simulation (macos-latest)	Run actual simulation twice	2026-10-06T10:17:50.2099300Z [36;1mpython crates/oh_sim/tools/check_sim_determinism.py capture --out target/sim-determinism[0m
simulation (macos-latest)	Run actual simulation twice	2026-10-06T10:17:50.2136230Z shell: /bin/bash -e {0}
simulation (macos-latest)	Run actual simulation twice	2026-10-06T10:17:50.2136620Z env:
simulation (macos-latest)	Run actual simulation twice	2026-10-06T10:17:50.2136960Z   pythonLocation: /Users/runner/hostedtoolcache/Python/3.11.9/arm64
simulation (macos-latest)	Run actual simulation twice	2026-10-06T10:17:50.2137550Z   PKG_CONFIG_PATH: /Users/runner/hostedtoolcache/Python/3.11.9/arm64/lib/pkgconfig
simulation (macos-latest)	Run actual simulation twice	2026-10-06T10:17:50.2138200Z   Python_ROOT_DIR: /Users/runner/hostedtoolcache/Python/3.11.9/arm64
simulation (macos-latest)	Run actual simulation twice	2026-10-06T10:17:50.2138640Z   Python2_ROOT_DIR: /Users/runner/hostedtoolcache/Python/3.11.9/arm64
simulation (macos-latest)	Run actual simulation twice	2026-10-06T10:17:50.2139020Z   Python3_ROOT_DIR: /Users/runner/hostedtoolcache/Python/3.11.9/arm64
simulation (macos-latest)	Run actual simulation twice	2026-10-06T10:17:50.2139370Z ##[endgroup]
simulation (macos-latest)	Run actual simulation twice	2026-10-06T10:17:50.6970170Z actual simulation: 1000 ticks, seed 1, two runs: ff921fd8148e699d
simulation (macos-latest)	Upload simulation hashes and repeated outputs for this OS	﻿2026-10-06T10:17:50.7162150Z ##[group]Run actions/upload-artifact@043fb46d1a93c77aae656e7c1c64a875d1fc6a0a
simulation (macos-latest)	Upload simulation hashes and repeated outputs for this OS	2026-10-06T10:17:50.7162620Z with:
simulation (macos-latest)	Upload simulation hashes and repeated outputs for this OS	2026-10-06T10:17:50.7162780Z   name: sim-hash-macos-latest
simulation (macos-latest)	Upload simulation hashes and repeated outputs for this OS	2026-10-06T10:17:50.7163000Z   path: target/sim-determinism/
simulation (macos-latest)	Upload simulation hashes and repeated outputs for this OS	2026-10-06T10:17:50.7163240Z   if-no-files-found: error
simulation (macos-latest)	Upload simulation hashes and repeated outputs for this OS	2026-10-06T10:17:50.7163470Z   archive: true
simulation (macos-latest)	Upload simulation hashes and repeated outputs for this OS	2026-10-06T10:17:50.7163680Z   compression-level: 6
simulation (macos-latest)	Upload simulation hashes and repeated outputs for this OS	2026-10-06T10:17:50.7163900Z   overwrite: false
simulation (macos-latest)	Upload simulation hashes and repeated outputs for this OS	2026-10-06T10:17:50.7164110Z   include-hidden-files: false
simulation (macos-latest)	Upload simulation hashes and repeated outputs for this OS	2026-10-06T10:17:50.7164310Z env:
simulation (macos-latest)	Upload simulation hashes and repeated outputs for this OS	2026-10-06T10:17:50.7164560Z   pythonLocation: /Users/runner/hostedtoolcache/Python/3.11.9/arm64
simulation (macos-latest)	Upload simulation hashes and repeated outputs for this OS	2026-10-06T10:17:50.7165000Z   PKG_CONFIG_PATH: /Users/runner/hostedtoolcache/Python/3.11.9/arm64/lib/pkgconfig
simulation (macos-latest)	Upload simulation hashes and repeated outputs for this OS	2026-10-06T10:17:50.7165450Z   Python_ROOT_DIR: /Users/runner/hostedtoolcache/Python/3.11.9/arm64
simulation (macos-latest)	Upload simulation hashes and repeated outputs for this OS	2026-10-06T10:17:50.7165830Z   Python2_ROOT_DIR: /Users/runner/hostedtoolcache/Python/3.11.9/arm64
simulation (macos-latest)	Upload simulation hashes and repeated outputs for this OS	2026-10-06T10:17:50.7166210Z   Python3_ROOT_DIR: /Users/runner/hostedtoolcache/Python/3.11.9/arm64
simulation (macos-latest)	Upload simulation hashes and repeated outputs for this OS	2026-10-06T10:17:50.7166570Z ##[endgroup]
simulation (macos-latest)	Upload simulation hashes and repeated outputs for this OS	2026-10-06T10:17:51.1469640Z With the provided path, there will be 3 files uploaded
simulation (macos-latest)	Upload simulation hashes and repeated outputs for this OS	2026-10-06T10:17:51.1475050Z Artifact name is valid!
simulation (macos-latest)	Upload simulation hashes and repeated outputs for this OS	2026-10-06T10:17:51.1475700Z Root directory input is valid!
simulation (macos-latest)	Upload simulation hashes and repeated outputs for this OS	2026-10-06T10:17:51.4797910Z Uploading artifact: sim-hash-macos-latest.zip
simulation (macos-latest)	Upload simulation hashes and repeated outputs for this OS	2026-10-06T10:17:51.4798550Z Beginning upload of artifact content to blob storage
simulation (macos-latest)	Upload simulation hashes and repeated outputs for this OS	2026-10-06T10:17:51.6510520Z Uploaded bytes 415
simulation (macos-latest)	Upload simulation hashes and repeated outputs for this OS	2026-10-06T10:17:51.6889690Z Finished uploading artifact content to blob storage!
simulation (macos-latest)	Upload simulation hashes and repeated outputs for this OS	2026-10-06T10:17:51.6891380Z SHA256 digest of uploaded artifact is aab388c3d7b463c992df48516a417cbee7c02876a21834e8ef1254e2ec8d27aa
simulation (macos-latest)	Upload simulation hashes and repeated outputs for this OS	2026-10-06T10:17:51.6892930Z Finalizing artifact upload
simulation (macos-latest)	Upload simulation hashes and repeated outputs for this OS	2026-10-06T10:17:52.0103260Z Artifact sim-hash-macos-latest successfully finalized. Artifact ID 11404134025
simulation (macos-latest)	Upload simulation hashes and repeated outputs for this OS	2026-10-06T10:17:52.0104350Z Artifact sim-hash-macos-latest has been successfully uploaded! Final size is 415 bytes. Artifact ID is 11404134025
simulation (macos-latest)	Upload simulation hashes and repeated outputs for this OS	2026-10-06T10:17:52.0105450Z Artifact download URL: https://github.com/peppone-choi/OpenHOI4/actions/runs/37448564362/artifacts/11404134025
simulation (macos-latest)	Post Run actions/setup-python@5fda3b95a4ea91299a34e894583c3862153e4b97	﻿2026-10-06T10:17:52.0187400Z Post job cleanup.
simulation (macos-latest)	Post Run actions/checkout@3d3c42e5aac5ba805825da76410c181273ba90b1	﻿2026-10-06T10:17:52.1605090Z Post job cleanup.
simulation (macos-latest)	Post Run actions/checkout@3d3c42e5aac5ba805825da76410c181273ba90b1	2026-10-06T10:17:52.2725680Z [command]/opt/homebrew/bin/git version
simulation (macos-latest)	Post Run actions/checkout@3d3c42e5aac5ba805825da76410c181273ba90b1	2026-10-06T10:17:52.2982930Z git version 2.55.0
simulation (macos-latest)	Post Run actions/checkout@3d3c42e5aac5ba805825da76410c181273ba90b1	2026-10-06T10:17:52.3005320Z Copying '/Users/runner/.gitconfig' to '/Users/runner/work/_temp/d9aa7376-8871-4a81-8151-eecfe23f12b6/.gitconfig'
simulation (macos-latest)	Post Run actions/checkout@3d3c42e5aac5ba805825da76410c181273ba90b1	2026-10-06T10:17:52.3017240Z Temporarily overriding HOME='/Users/runner/work/_temp/d9aa7376-8871-4a81-8151-eecfe23f12b6' before making global git config changes
simulation (macos-latest)	Post Run actions/checkout@3d3c42e5aac5ba805825da76410c181273ba90b1	2026-10-06T10:17:52.3018970Z Adding repository directory to the temporary git global config as a safe directory
simulation (macos-latest)	Post Run actions/checkout@3d3c42e5aac5ba805825da76410c181273ba90b1	2026-10-06T10:17:52.3027280Z [command]/opt/homebrew/bin/git config --global --add safe.directory /Users/runner/work/OpenHOI4/OpenHOI4
simulation (macos-latest)	Post Run actions/checkout@3d3c42e5aac5ba805825da76410c181273ba90b1	2026-10-06T10:17:52.3187050Z Removing SSH command configuration
simulation (macos-latest)	Post Run actions/checkout@3d3c42e5aac5ba805825da76410c181273ba90b1	2026-10-06T10:17:52.3192210Z [command]/opt/homebrew/bin/git config --local --name-only --get-regexp core\.sshCommand
simulation (macos-latest)	Post Run actions/checkout@3d3c42e5aac5ba805825da76410c181273ba90b1	2026-10-06T10:17:52.3279650Z [command]/opt/homebrew/bin/git submodule foreach --recursive sh -c "git config --local --name-only --get-regexp 'core\.sshCommand' && git config --local --unset-all 'core.sshCommand' || :"
simulation (macos-latest)	Post Run actions/checkout@3d3c42e5aac5ba805825da76410c181273ba90b1	2026-10-06T10:17:52.4647350Z Removing HTTP extra header
simulation (macos-latest)	Post Run actions/checkout@3d3c42e5aac5ba805825da76410c181273ba90b1	2026-10-06T10:17:52.4653240Z [command]/opt/homebrew/bin/git config --local --name-only --get-regexp http\.https\:\/\/github\.com\/\.extraheader
simulation (macos-latest)	Post Run actions/checkout@3d3c42e5aac5ba805825da76410c181273ba90b1	2026-10-06T10:17:52.4739980Z [command]/opt/homebrew/bin/git submodule foreach --recursive sh -c "git config --local --name-only --get-regexp 'http\.https\:\/\/github\.com\/\.extraheader' && git config --local --unset-all 'http.https://github.com/.extraheader' || :"
simulation (macos-latest)	Post Run actions/checkout@3d3c42e5aac5ba805825da76410c181273ba90b1	2026-10-06T10:17:52.5878200Z Removing includeIf entries pointing to credentials config files
simulation (macos-latest)	Post Run actions/checkout@3d3c42e5aac5ba805825da76410c181273ba90b1	2026-10-06T10:17:52.5883710Z [command]/opt/homebrew/bin/git config --local --name-only --get-regexp ^includeIf\.gitdir:
simulation (macos-latest)	Post Run actions/checkout@3d3c42e5aac5ba805825da76410c181273ba90b1	2026-10-06T10:17:52.5961020Z includeif.gitdir:/Users/runner/work/OpenHOI4/OpenHOI4/.git.path
simulation (macos-latest)	Post Run actions/checkout@3d3c42e5aac5ba805825da76410c181273ba90b1	2026-10-06T10:17:52.5961650Z includeif.gitdir:/Users/runner/work/OpenHOI4/OpenHOI4/.git/worktrees/*.path
simulation (macos-latest)	Post Run actions/checkout@3d3c42e5aac5ba805825da76410c181273ba90b1	2026-10-06T10:17:52.5962050Z includeif.gitdir:/github/workspace/.git.path
simulation (macos-latest)	Post Run actions/checkout@3d3c42e5aac5ba805825da76410c181273ba90b1	2026-10-06T10:17:52.5962480Z includeif.gitdir:/github/workspace/.git/worktrees/*.path
simulation (macos-latest)	Post Run actions/checkout@3d3c42e5aac5ba805825da76410c181273ba90b1	2026-10-06T10:17:52.5973920Z [command]/opt/homebrew/bin/git config --local --get-all includeif.gitdir:/Users/runner/work/OpenHOI4/OpenHOI4/.git.path
simulation (macos-latest)	Post Run actions/checkout@3d3c42e5aac5ba805825da76410c181273ba90b1	2026-10-06T10:17:52.6045840Z /Users/runner/work/_temp/git-credentials-6a0a6087-996c-4390-a0a0-56860ae6f96a.config
simulation (macos-latest)	Post Run actions/checkout@3d3c42e5aac5ba805825da76410c181273ba90b1	2026-10-06T10:17:52.6065870Z [command]/opt/homebrew/bin/git config --local --unset includeif.gitdir:/Users/runner/work/OpenHOI4/OpenHOI4/.git.path \/Users\/runner\/work\/_temp\/git\-credentials\-6a0a6087\-996c\-4390\-a0a0\-56860ae6f96a\.config
simulation (macos-latest)	Post Run actions/checkout@3d3c42e5aac5ba805825da76410c181273ba90b1	2026-10-06T10:17:52.6149830Z [command]/opt/homebrew/bin/git config --local --get-all includeif.gitdir:/Users/runner/work/OpenHOI4/OpenHOI4/.git/worktrees/*.path
simulation (macos-latest)	Post Run actions/checkout@3d3c42e5aac5ba805825da76410c181273ba90b1	2026-10-06T10:17:52.6222080Z /Users/runner/work/_temp/git-credentials-6a0a6087-996c-4390-a0a0-56860ae6f96a.config
simulation (macos-latest)	Post Run actions/checkout@3d3c42e5aac5ba805825da76410c181273ba90b1	2026-10-06T10:17:52.6239140Z [command]/opt/homebrew/bin/git config --local --unset includeif.gitdir:/Users/runner/work/OpenHOI4/OpenHOI4/.git/worktrees/*.path \/Users\/runner\/work\/_temp\/git\-credentials\-6a0a6087\-996c\-4390\-a0a0\-56860ae6f96a\.config
simulation (macos-latest)	Post Run actions/checkout@3d3c42e5aac5ba805825da76410c181273ba90b1	2026-10-06T10:17:52.6327170Z [command]/opt/homebrew/bin/git config --local --get-all includeif.gitdir:/github/workspace/.git.path
simulation (macos-latest)	Post Run actions/checkout@3d3c42e5aac5ba805825da76410c181273ba90b1	2026-10-06T10:17:52.6397330Z /github/runner_temp/git-credentials-6a0a6087-996c-4390-a0a0-56860ae6f96a.config
simulation (macos-latest)	Post Run actions/checkout@3d3c42e5aac5ba805825da76410c181273ba90b1	2026-10-06T10:17:52.6409880Z [command]/opt/homebrew/bin/git config --local --unset includeif.gitdir:/github/workspace/.git.path \/github\/runner_temp\/git\-credentials\-6a0a6087\-996c\-4390\-a0a0\-56860ae6f96a\.config
simulation (macos-latest)	Post Run actions/checkout@3d3c42e5aac5ba805825da76410c181273ba90b1	2026-10-06T10:17:52.6517880Z [command]/opt/homebrew/bin/git config --local --get-all includeif.gitdir:/github/workspace/.git/worktrees/*.path
simulation (macos-latest)	Post Run actions/checkout@3d3c42e5aac5ba805825da76410c181273ba90b1	2026-10-06T10:17:52.6591820Z /github/runner_temp/git-credentials-6a0a6087-996c-4390-a0a0-56860ae6f96a.config
simulation (macos-latest)	Post Run actions/checkout@3d3c42e5aac5ba805825da76410c181273ba90b1	2026-10-06T10:17:52.6599400Z [command]/opt/homebrew/bin/git config --local --unset includeif.gitdir:/github/workspace/.git/worktrees/*.path \/github\/runner_temp\/git\-credentials\-6a0a6087\-996c\-4390\-a0a0\-56860ae6f96a\.config
simulation (macos-latest)	Post Run actions/checkout@3d3c42e5aac5ba805825da76410c181273ba90b1	2026-10-06T10:17:52.6686390Z [command]/opt/homebrew/bin/git submodule foreach --recursive git config --local --show-origin --name-only --get-regexp remote.origin.url
simulation (macos-latest)	Post Run actions/checkout@3d3c42e5aac5ba805825da76410c181273ba90b1	2026-10-06T10:17:52.7755890Z Removing credentials config '/Users/runner/work/_temp/git-credentials-6a0a6087-996c-4390-a0a0-56860ae6f96a.config'
simulation (macos-latest)	Complete job	﻿2026-10-06T10:17:52.7916980Z Cleaning up orphan processes
simulation (windows-latest)	Set up job	﻿2026-10-06T10:18:19.4760290Z Current runner version: '2.337.0'
simulation (windows-latest)	Set up job	2026-10-06T10:18:19.4805232Z ##[group]Runner Image Provisioner
simulation (windows-latest)	Set up job	2026-10-06T10:18:19.4806048Z Hosted Compute Agent
simulation (windows-latest)	Set up job	2026-10-06T10:18:19.4806684Z Version: 20260901.588
simulation (windows-latest)	Set up job	2026-10-06T10:18:19.4807301Z Commit: f88ec8081b781fac6c440065ac7ff9e710ce3d0b
simulation (windows-latest)	Set up job	2026-10-06T10:18:19.4808008Z Build Date: 2026-09-01T19:56:44Z
simulation (windows-latest)	Set up job	2026-10-06T10:18:19.4808694Z Worker ID: {a80cb7c0-74d3-4c81-b6ef-61128ac9db4d}
simulation (windows-latest)	Set up job	2026-10-06T10:18:19.4809383Z Azure Region: westus2
simulation (windows-latest)	Set up job	2026-10-06T10:18:19.4809967Z ##[endgroup]
simulation (windows-latest)	Set up job	2026-10-06T10:18:19.4811315Z ##[group]Operating System
simulation (windows-latest)	Set up job	2026-10-06T10:18:19.4811939Z Microsoft Windows Server 2025
simulation (windows-latest)	Set up job	2026-10-06T10:18:19.4812538Z 10.0.26100
simulation (windows-latest)	Set up job	2026-10-06T10:18:19.4813024Z Datacenter
simulation (windows-latest)	Set up job	2026-10-06T10:18:19.4813492Z ##[endgroup]
simulation (windows-latest)	Set up job	2026-10-06T10:18:19.4814002Z ##[group]Runner Image
simulation (windows-latest)	Set up job	2026-10-06T10:18:19.4814552Z Image: windows-2025-vs2026
simulation (windows-latest)	Set up job	2026-10-06T10:18:19.4815111Z Version: 20260925.250.1
simulation (windows-latest)	Set up job	2026-10-06T10:18:19.4816284Z Included Software: https://github.com/actions/runner-images/blob/win25-vs2026/20260925.250/images/windows/Windows2025-VS2026-Readme.md
simulation (windows-latest)	Set up job	2026-10-06T10:18:19.4818191Z Image Release: https://github.com/actions/runner-images/releases/tag/win25-vs2026%2F20260925.250
simulation (windows-latest)	Set up job	2026-10-06T10:18:19.4819122Z ##[endgroup]
simulation (windows-latest)	Set up job	2026-10-06T10:18:19.4820195Z ##[group]GITHUB_TOKEN Permissions
simulation (windows-latest)	Set up job	2026-10-06T10:18:19.4822946Z Contents: read
simulation (windows-latest)	Set up job	2026-10-06T10:18:19.4823589Z Metadata: read
simulation (windows-latest)	Set up job	2026-10-06T10:18:19.4824107Z ##[endgroup]
simulation (windows-latest)	Set up job	2026-10-06T10:18:19.4826074Z Secret source: Actions
simulation (windows-latest)	Set up job	2026-10-06T10:18:19.4826976Z Cache mode: write
simulation (windows-latest)	Set up job	2026-10-06T10:18:19.4827776Z Prepare workflow directory
simulation (windows-latest)	Set up job	2026-10-06T10:18:19.5197633Z Prepare all required actions
simulation (windows-latest)	Set up job	2026-10-06T10:18:19.5246150Z Getting action download info
simulation (windows-latest)	Set up job	2026-10-06T10:18:19.8844029Z Download action repository 'actions/checkout@3d3c42e5aac5ba805825da76410c181273ba90b1' (SHA:3d3c42e5aac5ba805825da76410c181273ba90b1)
simulation (windows-latest)	Set up job	2026-10-06T10:18:20.0134887Z Download action repository 'actions/setup-python@5fda3b95a4ea91299a34e894583c3862153e4b97' (SHA:5fda3b95a4ea91299a34e894583c3862153e4b97)
simulation (windows-latest)	Set up job	2026-10-06T10:18:20.1564152Z Download action repository 'actions/upload-artifact@043fb46d1a93c77aae656e7c1c64a875d1fc6a0a' (SHA:043fb46d1a93c77aae656e7c1c64a875d1fc6a0a)
simulation (windows-latest)	Set up job	2026-10-06T10:18:20.3820603Z Complete job name: simulation (windows-latest)
simulation (windows-latest)	Run actions/checkout@3d3c42e5aac5ba805825da76410c181273ba90b1	﻿2026-10-06T10:18:20.5409116Z ##[group]Run actions/checkout@3d3c42e5aac5ba805825da76410c181273ba90b1
simulation (windows-latest)	Run actions/checkout@3d3c42e5aac5ba805825da76410c181273ba90b1	2026-10-06T10:18:20.5410388Z with:
simulation (windows-latest)	Run actions/checkout@3d3c42e5aac5ba805825da76410c181273ba90b1	2026-10-06T10:18:20.5410828Z   repository: peppone-choi/OpenHOI4
simulation (windows-latest)	Run actions/checkout@3d3c42e5aac5ba805825da76410c181273ba90b1	2026-10-06T10:18:20.5414933Z   token: ***
simulation (windows-latest)	Run actions/checkout@3d3c42e5aac5ba805825da76410c181273ba90b1	2026-10-06T10:18:20.5415349Z   ssh-strict: true
simulation (windows-latest)	Run actions/checkout@3d3c42e5aac5ba805825da76410c181273ba90b1	2026-10-06T10:18:20.5415761Z   ssh-user: git
simulation (windows-latest)	Run actions/checkout@3d3c42e5aac5ba805825da76410c181273ba90b1	2026-10-06T10:18:20.5416180Z   persist-credentials: true
simulation (windows-latest)	Run actions/checkout@3d3c42e5aac5ba805825da76410c181273ba90b1	2026-10-06T10:18:20.5416648Z   clean: true
simulation (windows-latest)	Run actions/checkout@3d3c42e5aac5ba805825da76410c181273ba90b1	2026-10-06T10:18:20.5417088Z   sparse-checkout-cone-mode: true
simulation (windows-latest)	Run actions/checkout@3d3c42e5aac5ba805825da76410c181273ba90b1	2026-10-06T10:18:20.5417595Z   fetch-depth: 1
simulation (windows-latest)	Run actions/checkout@3d3c42e5aac5ba805825da76410c181273ba90b1	2026-10-06T10:18:20.5417999Z   fetch-tags: false
simulation (windows-latest)	Run actions/checkout@3d3c42e5aac5ba805825da76410c181273ba90b1	2026-10-06T10:18:20.5418424Z   show-progress: true
simulation (windows-latest)	Run actions/checkout@3d3c42e5aac5ba805825da76410c181273ba90b1	2026-10-06T10:18:20.5418845Z   lfs: false
simulation (windows-latest)	Run actions/checkout@3d3c42e5aac5ba805825da76410c181273ba90b1	2026-10-06T10:18:20.5419225Z   submodules: false
simulation (windows-latest)	Run actions/checkout@3d3c42e5aac5ba805825da76410c181273ba90b1	2026-10-06T10:18:20.5419668Z   set-safe-directory: true
simulation (windows-latest)	Run actions/checkout@3d3c42e5aac5ba805825da76410c181273ba90b1	2026-10-06T10:18:20.5420153Z   allow-unsafe-pr-checkout: false
simulation (windows-latest)	Run actions/checkout@3d3c42e5aac5ba805825da76410c181273ba90b1	2026-10-06T10:18:20.5420859Z ##[endgroup]
simulation (windows-latest)	Run actions/checkout@3d3c42e5aac5ba805825da76410c181273ba90b1	2026-10-06T10:18:20.6942827Z Syncing repository: peppone-choi/OpenHOI4
simulation (windows-latest)	Run actions/checkout@3d3c42e5aac5ba805825da76410c181273ba90b1	2026-10-06T10:18:20.6944575Z ##[group]Getting Git version info
simulation (windows-latest)	Run actions/checkout@3d3c42e5aac5ba805825da76410c181273ba90b1	2026-10-06T10:18:20.6945283Z Working directory is 'D:\a\OpenHOI4\OpenHOI4'
simulation (windows-latest)	Run actions/checkout@3d3c42e5aac5ba805825da76410c181273ba90b1	2026-10-06T10:18:20.7924333Z [command]"C:\Program Files\Git\bin\git.exe" version
simulation (windows-latest)	Run actions/checkout@3d3c42e5aac5ba805825da76410c181273ba90b1	2026-10-06T10:18:21.1272353Z git version 2.55.0.windows.5
simulation (windows-latest)	Run actions/checkout@3d3c42e5aac5ba805825da76410c181273ba90b1	2026-10-06T10:18:21.1325599Z ##[endgroup]
simulation (windows-latest)	Run actions/checkout@3d3c42e5aac5ba805825da76410c181273ba90b1	2026-10-06T10:18:21.1342185Z Temporarily overriding HOME='D:\a\_temp\d0c66dbf-879f-4082-a1e8-1e6257c46728' before making global git config changes
simulation (windows-latest)	Run actions/checkout@3d3c42e5aac5ba805825da76410c181273ba90b1	2026-10-06T10:18:21.1344055Z Adding repository directory to the temporary git global config as a safe directory
simulation (windows-latest)	Run actions/checkout@3d3c42e5aac5ba805825da76410c181273ba90b1	2026-10-06T10:18:21.1353067Z [command]"C:\Program Files\Git\bin\git.exe" config --global --add safe.directory D:\a\OpenHOI4\OpenHOI4
simulation (windows-latest)	Run actions/checkout@3d3c42e5aac5ba805825da76410c181273ba90b1	2026-10-06T10:18:21.1974626Z Deleting the contents of 'D:\a\OpenHOI4\OpenHOI4'
simulation (windows-latest)	Run actions/checkout@3d3c42e5aac5ba805825da76410c181273ba90b1	2026-10-06T10:18:21.1980589Z ##[group]Determining repository object format
simulation (windows-latest)	Run actions/checkout@3d3c42e5aac5ba805825da76410c181273ba90b1	2026-10-06T10:18:21.1982889Z ##[endgroup]
simulation (windows-latest)	Run actions/checkout@3d3c42e5aac5ba805825da76410c181273ba90b1	2026-10-06T10:18:21.1983869Z ##[group]Initializing the repository
simulation (windows-latest)	Run actions/checkout@3d3c42e5aac5ba805825da76410c181273ba90b1	2026-10-06T10:18:21.1991327Z [command]"C:\Program Files\Git\bin\git.exe" init D:\a\OpenHOI4\OpenHOI4
simulation (windows-latest)	Run actions/checkout@3d3c42e5aac5ba805825da76410c181273ba90b1	2026-10-06T10:18:21.2808010Z Initialized empty Git repository in D:/a/OpenHOI4/OpenHOI4/.git/
simulation (windows-latest)	Run actions/checkout@3d3c42e5aac5ba805825da76410c181273ba90b1	2026-10-06T10:18:21.2865985Z [command]"C:\Program Files\Git\bin\git.exe" remote add origin https://github.com/peppone-choi/OpenHOI4
simulation (windows-latest)	Run actions/checkout@3d3c42e5aac5ba805825da76410c181273ba90b1	2026-10-06T10:18:21.3477749Z ##[endgroup]
simulation (windows-latest)	Run actions/checkout@3d3c42e5aac5ba805825da76410c181273ba90b1	2026-10-06T10:18:21.3479055Z ##[group]Disabling automatic garbage collection
simulation (windows-latest)	Run actions/checkout@3d3c42e5aac5ba805825da76410c181273ba90b1	2026-10-06T10:18:21.3486774Z [command]"C:\Program Files\Git\bin\git.exe" config --local gc.auto 0
simulation (windows-latest)	Run actions/checkout@3d3c42e5aac5ba805825da76410c181273ba90b1	2026-10-06T10:18:21.3780920Z ##[endgroup]
simulation (windows-latest)	Run actions/checkout@3d3c42e5aac5ba805825da76410c181273ba90b1	2026-10-06T10:18:21.3782397Z ##[group]Setting up auth
simulation (windows-latest)	Run actions/checkout@3d3c42e5aac5ba805825da76410c181273ba90b1	2026-10-06T10:18:21.3783236Z Removing SSH command configuration
simulation (windows-latest)	Run actions/checkout@3d3c42e5aac5ba805825da76410c181273ba90b1	2026-10-06T10:18:21.3792974Z [command]"C:\Program Files\Git\bin\git.exe" config --local --name-only --get-regexp core\.sshCommand
simulation (windows-latest)	Run actions/checkout@3d3c42e5aac5ba805825da76410c181273ba90b1	2026-10-06T10:18:21.4120049Z [command]"C:\Program Files\Git\bin\git.exe" submodule foreach --recursive "sh -c \"git config --local --name-only --get-regexp 'core\.sshCommand' && git config --local --unset-all 'core.sshCommand' || :\""
simulation (windows-latest)	Run actions/checkout@3d3c42e5aac5ba805825da76410c181273ba90b1	2026-10-06T10:18:22.7997440Z Removing HTTP extra header
simulation (windows-latest)	Run actions/checkout@3d3c42e5aac5ba805825da76410c181273ba90b1	2026-10-06T10:18:22.8013451Z [command]"C:\Program Files\Git\bin\git.exe" config --local --name-only --get-regexp http\.https\:\/\/github\.com\/\.extraheader
simulation (windows-latest)	Run actions/checkout@3d3c42e5aac5ba805825da76410c181273ba90b1	2026-10-06T10:18:22.8315702Z [command]"C:\Program Files\Git\bin\git.exe" submodule foreach --recursive "sh -c \"git config --local --name-only --get-regexp 'http\.https\:\/\/github\.com\/\.extraheader' && git config --local --unset-all 'http.https://github.com/.extraheader' || :\""
simulation (windows-latest)	Run actions/checkout@3d3c42e5aac5ba805825da76410c181273ba90b1	2026-10-06T10:18:23.3714403Z Removing includeIf entries pointing to credentials config files
simulation (windows-latest)	Run actions/checkout@3d3c42e5aac5ba805825da76410c181273ba90b1	2026-10-06T10:18:23.3725991Z [command]"C:\Program Files\Git\bin\git.exe" config --local --name-only --get-regexp ^includeIf\.gitdir:
simulation (windows-latest)	Run actions/checkout@3d3c42e5aac5ba805825da76410c181273ba90b1	2026-10-06T10:18:23.4043486Z [command]"C:\Program Files\Git\bin\git.exe" submodule foreach --recursive "git config --local --show-origin --name-only --get-regexp remote.origin.url"
simulation (windows-latest)	Run actions/checkout@3d3c42e5aac5ba805825da76410c181273ba90b1	2026-10-06T10:18:23.9399164Z [command]"C:\Program Files\Git\bin\git.exe" config --file D:\a\_temp\git-credentials-c14328a9-4f27-42c0-ba20-674d32a14686.config http.https://github.com/.extraheader "AUTHORIZATION: basic ***"
simulation (windows-latest)	Run actions/checkout@3d3c42e5aac5ba805825da76410c181273ba90b1	2026-10-06T10:18:23.9722135Z [command]"C:\Program Files\Git\bin\git.exe" config --local includeIf.gitdir:D:/a/OpenHOI4/OpenHOI4/.git.path D:\a\_temp\git-credentials-c14328a9-4f27-42c0-ba20-674d32a14686.config
simulation (windows-latest)	Run actions/checkout@3d3c42e5aac5ba805825da76410c181273ba90b1	2026-10-06T10:18:24.0034065Z [command]"C:\Program Files\Git\bin\git.exe" config --local includeIf.gitdir:D:/a/OpenHOI4/OpenHOI4/.git/worktrees/*.path D:\a\_temp\git-credentials-c14328a9-4f27-42c0-ba20-674d32a14686.config
simulation (windows-latest)	Run actions/checkout@3d3c42e5aac5ba805825da76410c181273ba90b1	2026-10-06T10:18:24.0395145Z [command]"C:\Program Files\Git\bin\git.exe" config --local includeIf.gitdir:/github/workspace/.git.path /github/runner_temp/git-credentials-c14328a9-4f27-42c0-ba20-674d32a14686.config
simulation (windows-latest)	Run actions/checkout@3d3c42e5aac5ba805825da76410c181273ba90b1	2026-10-06T10:18:24.0714303Z [command]"C:\Program Files\Git\bin\git.exe" config --local includeIf.gitdir:/github/workspace/.git/worktrees/*.path /github/runner_temp/git-credentials-c14328a9-4f27-42c0-ba20-674d32a14686.config
simulation (windows-latest)	Run actions/checkout@3d3c42e5aac5ba805825da76410c181273ba90b1	2026-10-06T10:18:24.1051101Z ##[endgroup]
simulation (windows-latest)	Run actions/checkout@3d3c42e5aac5ba805825da76410c181273ba90b1	2026-10-06T10:18:24.1051816Z ##[group]Fetching the repository
simulation (windows-latest)	Run actions/checkout@3d3c42e5aac5ba805825da76410c181273ba90b1	2026-10-06T10:18:24.1064962Z [command]"C:\Program Files\Git\bin\git.exe" -c protocol.version=2 fetch --no-tags --prune --no-recurse-submodules --depth=1 origin +d6ae2c8f176d6e8fdc0bc1a102ec2eb74ccac756:refs/remotes/origin/main
simulation (windows-latest)	Run actions/checkout@3d3c42e5aac5ba805825da76410c181273ba90b1	2026-10-06T10:18:25.1529361Z From https://github.com/peppone-choi/OpenHOI4
simulation (windows-latest)	Run actions/checkout@3d3c42e5aac5ba805825da76410c181273ba90b1	2026-10-06T10:18:25.1575785Z  * [new ref]         d6ae2c8f176d6e8fdc0bc1a102ec2eb74ccac756 -> origin/main
simulation (windows-latest)	Run actions/checkout@3d3c42e5aac5ba805825da76410c181273ba90b1	2026-10-06T10:18:25.1586609Z [command]"C:\Program Files\Git\bin\git.exe" branch --list --remote origin/main
simulation (windows-latest)	Run actions/checkout@3d3c42e5aac5ba805825da76410c181273ba90b1	2026-10-06T10:18:25.1957391Z   origin/main
simulation (windows-latest)	Run actions/checkout@3d3c42e5aac5ba805825da76410c181273ba90b1	2026-10-06T10:18:25.2014251Z [command]"C:\Program Files\Git\bin\git.exe" rev-parse refs/remotes/origin/main
simulation (windows-latest)	Run actions/checkout@3d3c42e5aac5ba805825da76410c181273ba90b1	2026-10-06T10:18:25.2329893Z d6ae2c8f176d6e8fdc0bc1a102ec2eb74ccac756
simulation (windows-latest)	Run actions/checkout@3d3c42e5aac5ba805825da76410c181273ba90b1	2026-10-06T10:18:25.2419818Z ##[endgroup]
simulation (windows-latest)	Run actions/checkout@3d3c42e5aac5ba805825da76410c181273ba90b1	2026-10-06T10:18:25.2420521Z ##[group]Determining the checkout info
simulation (windows-latest)	Run actions/checkout@3d3c42e5aac5ba805825da76410c181273ba90b1	2026-10-06T10:18:25.2421322Z ##[endgroup]
simulation (windows-latest)	Run actions/checkout@3d3c42e5aac5ba805825da76410c181273ba90b1	2026-10-06T10:18:25.2432615Z [command]"C:\Program Files\Git\bin\git.exe" sparse-checkout disable
simulation (windows-latest)	Run actions/checkout@3d3c42e5aac5ba805825da76410c181273ba90b1	2026-10-06T10:18:25.2931461Z [command]"C:\Program Files\Git\bin\git.exe" config --local --unset-all extensions.worktreeConfig
simulation (windows-latest)	Run actions/checkout@3d3c42e5aac5ba805825da76410c181273ba90b1	2026-10-06T10:18:25.3236873Z ##[group]Checking out the ref
simulation (windows-latest)	Run actions/checkout@3d3c42e5aac5ba805825da76410c181273ba90b1	2026-10-06T10:18:25.3245964Z [command]"C:\Program Files\Git\bin\git.exe" checkout --progress --force -B main refs/remotes/origin/main
simulation (windows-latest)	Run actions/checkout@3d3c42e5aac5ba805825da76410c181273ba90b1	2026-10-06T10:18:25.5790003Z Switched to a new branch 'main'
simulation (windows-latest)	Run actions/checkout@3d3c42e5aac5ba805825da76410c181273ba90b1	2026-10-06T10:18:25.5857473Z branch 'main' set up to track 'origin/main'.
simulation (windows-latest)	Run actions/checkout@3d3c42e5aac5ba805825da76410c181273ba90b1	2026-10-06T10:18:25.5924396Z ##[endgroup]
simulation (windows-latest)	Run actions/checkout@3d3c42e5aac5ba805825da76410c181273ba90b1	2026-10-06T10:18:25.6400642Z [command]"C:\Program Files\Git\bin\git.exe" log -1 --format=%H
simulation (windows-latest)	Run actions/checkout@3d3c42e5aac5ba805825da76410c181273ba90b1	2026-10-06T10:18:25.6682074Z d6ae2c8f176d6e8fdc0bc1a102ec2eb74ccac756
simulation (windows-latest)	Run actions/setup-python@5fda3b95a4ea91299a34e894583c3862153e4b97	﻿2026-10-06T10:18:25.7249060Z ##[group]Run actions/setup-python@5fda3b95a4ea91299a34e894583c3862153e4b97
simulation (windows-latest)	Run actions/setup-python@5fda3b95a4ea91299a34e894583c3862153e4b97	2026-10-06T10:18:25.7249575Z with:
simulation (windows-latest)	Run actions/setup-python@5fda3b95a4ea91299a34e894583c3862153e4b97	2026-10-06T10:18:25.7249784Z   python-version: 3.11
simulation (windows-latest)	Run actions/setup-python@5fda3b95a4ea91299a34e894583c3862153e4b97	2026-10-06T10:18:25.7250017Z   check-latest: false
simulation (windows-latest)	Run actions/setup-python@5fda3b95a4ea91299a34e894583c3862153e4b97	2026-10-06T10:18:25.7252945Z   token: ***
simulation (windows-latest)	Run actions/setup-python@5fda3b95a4ea91299a34e894583c3862153e4b97	2026-10-06T10:18:25.7253178Z   update-environment: true
simulation (windows-latest)	Run actions/setup-python@5fda3b95a4ea91299a34e894583c3862153e4b97	2026-10-06T10:18:25.7253415Z   allow-prereleases: false
simulation (windows-latest)	Run actions/setup-python@5fda3b95a4ea91299a34e894583c3862153e4b97	2026-10-06T10:18:25.7253642Z   freethreaded: false
simulation (windows-latest)	Run actions/setup-python@5fda3b95a4ea91299a34e894583c3862153e4b97	2026-10-06T10:18:25.7253892Z ##[endgroup]
simulation (windows-latest)	Run actions/setup-python@5fda3b95a4ea91299a34e894583c3862153e4b97	2026-10-06T10:18:25.8806561Z ##[group]Installed versions
simulation (windows-latest)	Run actions/setup-python@5fda3b95a4ea91299a34e894583c3862153e4b97	2026-10-06T10:18:25.9001899Z Successfully set up CPython (3.11.9)
simulation (windows-latest)	Run actions/setup-python@5fda3b95a4ea91299a34e894583c3862153e4b97	2026-10-06T10:18:25.9002794Z ##[endgroup]
simulation (windows-latest)	Install pinned Rust toolchain	﻿2026-10-06T10:18:25.9306819Z ##[group]Run rustup toolchain install 1.99.0 --profile minimal --component rustfmt --component clippy
simulation (windows-latest)	Install pinned Rust toolchain	2026-10-06T10:18:25.9307999Z [36;1mrustup toolchain install 1.99.0 --profile minimal --component rustfmt --component clippy[0m
simulation (windows-latest)	Install pinned Rust toolchain	2026-10-06T10:18:25.9956318Z shell: C:\Program Files\PowerShell\7\pwsh.EXE -command ". '{0}'"
simulation (windows-latest)	Install pinned Rust toolchain	2026-10-06T10:18:25.9956909Z env:
simulation (windows-latest)	Install pinned Rust toolchain	2026-10-06T10:18:25.9957328Z   pythonLocation: C:\hostedtoolcache\windows\Python\3.11.9\x64
simulation (windows-latest)	Install pinned Rust toolchain	2026-10-06T10:18:25.9958109Z   PKG_CONFIG_PATH: C:\hostedtoolcache\windows\Python\3.11.9\x64/lib/pkgconfig
simulation (windows-latest)	Install pinned Rust toolchain	2026-10-06T10:18:25.9958839Z   Python_ROOT_DIR: C:\hostedtoolcache\windows\Python\3.11.9\x64
simulation (windows-latest)	Install pinned Rust toolchain	2026-10-06T10:18:25.9959482Z   Python2_ROOT_DIR: C:\hostedtoolcache\windows\Python\3.11.9\x64
simulation (windows-latest)	Install pinned Rust toolchain	2026-10-06T10:18:25.9960123Z   Python3_ROOT_DIR: C:\hostedtoolcache\windows\Python\3.11.9\x64
simulation (windows-latest)	Install pinned Rust toolchain	2026-10-06T10:18:25.9960634Z ##[endgroup]
simulation (windows-latest)	Install pinned Rust toolchain	2026-10-06T10:18:26.9540824Z info: syncing channel updates for 1.99.0-x86_64-pc-windows-msvc
simulation (windows-latest)	Install pinned Rust toolchain	2026-10-06T10:18:27.5991346Z info: latest update on 2026-10-01 for version 1.99.0 (b940084d7 2026-09-28)
simulation (windows-latest)	Install pinned Rust toolchain	2026-10-06T10:18:27.6084762Z info: downloading 5 components
simulation (windows-latest)	Install pinned Rust toolchain	2026-10-06T10:18:36.6934687Z
simulation (windows-latest)	Install pinned Rust toolchain	2026-10-06T10:18:36.7260881Z   1.99.0-x86_64-pc-windows-msvc installed - rustc 1.99.0 (b940084d7 2026-09-28)
simulation (windows-latest)	Install pinned Rust toolchain	2026-10-06T10:18:36.7261517Z
simulation (windows-latest)	Run cargo fmt --check	﻿2026-10-06T10:18:36.8829425Z ##[group]Run cargo fmt --check
simulation (windows-latest)	Run cargo fmt --check	2026-10-06T10:18:36.8829810Z [36;1mcargo fmt --check[0m
simulation (windows-latest)	Run cargo fmt --check	2026-10-06T10:18:36.8907658Z shell: C:\Program Files\PowerShell\7\pwsh.EXE -command ". '{0}'"
simulation (windows-latest)	Run cargo fmt --check	2026-10-06T10:18:36.8908066Z env:
simulation (windows-latest)	Run cargo fmt --check	2026-10-06T10:18:36.8908372Z   pythonLocation: C:\hostedtoolcache\windows\Python\3.11.9\x64
simulation (windows-latest)	Run cargo fmt --check	2026-10-06T10:18:36.8908919Z   PKG_CONFIG_PATH: C:\hostedtoolcache\windows\Python\3.11.9\x64/lib/pkgconfig
simulation (windows-latest)	Run cargo fmt --check	2026-10-06T10:18:36.8909457Z   Python_ROOT_DIR: C:\hostedtoolcache\windows\Python\3.11.9\x64
simulation (windows-latest)	Run cargo fmt --check	2026-10-06T10:18:36.8909933Z   Python2_ROOT_DIR: C:\hostedtoolcache\windows\Python\3.11.9\x64
simulation (windows-latest)	Run cargo fmt --check	2026-10-06T10:18:36.8910413Z   Python3_ROOT_DIR: C:\hostedtoolcache\windows\Python\3.11.9\x64
simulation (windows-latest)	Run cargo fmt --check	2026-10-06T10:18:36.8910787Z ##[endgroup]
simulation (windows-latest)	Run cargo clippy -p oh_sim -p oh_cli --all-targets --locked -- -D warnings	﻿2026-10-06T10:18:38.6551066Z ##[group]Run cargo clippy -p oh_sim -p oh_cli --all-targets --locked -- -D warnings
simulation (windows-latest)	Run cargo clippy -p oh_sim -p oh_cli --all-targets --locked -- -D warnings	2026-10-06T10:18:38.6551779Z [36;1mcargo clippy -p oh_sim -p oh_cli --all-targets --locked -- -D warnings[0m
simulation (windows-latest)	Run cargo clippy -p oh_sim -p oh_cli --all-targets --locked -- -D warnings	2026-10-06T10:18:38.6625539Z shell: C:\Program Files\PowerShell\7\pwsh.EXE -command ". '{0}'"
simulation (windows-latest)	Run cargo clippy -p oh_sim -p oh_cli --all-targets --locked -- -D warnings	2026-10-06T10:18:38.6625928Z env:
simulation (windows-latest)	Run cargo clippy -p oh_sim -p oh_cli --all-targets --locked -- -D warnings	2026-10-06T10:18:38.6626413Z   pythonLocation: C:\hostedtoolcache\windows\Python\3.11.9\x64
simulation (windows-latest)	Run cargo clippy -p oh_sim -p oh_cli --all-targets --locked -- -D warnings	2026-10-06T10:18:38.6626946Z   PKG_CONFIG_PATH: C:\hostedtoolcache\windows\Python\3.11.9\x64/lib/pkgconfig
simulation (windows-latest)	Run cargo clippy -p oh_sim -p oh_cli --all-targets --locked -- -D warnings	2026-10-06T10:18:38.6627461Z   Python_ROOT_DIR: C:\hostedtoolcache\windows\Python\3.11.9\x64
simulation (windows-latest)	Run cargo clippy -p oh_sim -p oh_cli --all-targets --locked -- -D warnings	2026-10-06T10:18:38.6627912Z   Python2_ROOT_DIR: C:\hostedtoolcache\windows\Python\3.11.9\x64
simulation (windows-latest)	Run cargo clippy -p oh_sim -p oh_cli --all-targets --locked -- -D warnings	2026-10-06T10:18:38.6628360Z   Python3_ROOT_DIR: C:\hostedtoolcache\windows\Python\3.11.9\x64
simulation (windows-latest)	Run cargo clippy -p oh_sim -p oh_cli --all-targets --locked -- -D warnings	2026-10-06T10:18:38.6628715Z ##[endgroup]
simulation (windows-latest)	Run cargo clippy -p oh_sim -p oh_cli --all-targets --locked -- -D warnings	2026-10-06T10:18:39.6286725Z     Updating crates.io index
simulation (windows-latest)	Run cargo clippy -p oh_sim -p oh_cli --all-targets --locked -- -D warnings	2026-10-06T10:18:40.2168032Z  Downloading crates ...
simulation (windows-latest)	Run cargo clippy -p oh_sim -p oh_cli --all-targets --locked -- -D warnings	2026-10-06T10:18:40.3497558Z   Downloaded cfg-if v1.0.5
simulation (windows-latest)	Run cargo clippy -p oh_sim -p oh_cli --all-targets --locked -- -D warnings	2026-10-06T10:18:40.3658526Z   Downloaded embedded-io v0.6.1
simulation (windows-latest)	Run cargo clippy -p oh_sim -p oh_cli --all-targets --locked -- -D warnings	2026-10-06T10:18:40.3826282Z   Downloaded az v1.3.0
simulation (windows-latest)	Run cargo clippy -p oh_sim -p oh_cli --all-targets --locked -- -D warnings	2026-10-06T10:18:40.4025282Z   Downloaded embedded-io v0.4.0
simulation (windows-latest)	Run cargo clippy -p oh_sim -p oh_cli --all-targets --locked -- -D warnings	2026-10-06T10:18:40.4189285Z   Downloaded itoa v1.0.18
simulation (windows-latest)	Run cargo clippy -p oh_sim -p oh_cli --all-targets --locked -- -D warnings	2026-10-06T10:18:40.4350222Z   Downloaded serde_spanned v1.1.1
simulation (windows-latest)	Run cargo clippy -p oh_sim -p oh_cli --all-targets --locked -- -D warnings	2026-10-06T10:18:40.4448088Z   Downloaded dyn-clone v1.0.20
simulation (windows-latest)	Run cargo clippy -p oh_sim -p oh_cli --all-targets --locked -- -D warnings	2026-10-06T10:18:40.4610695Z   Downloaded ref-cast v1.0.27
simulation (windows-latest)	Run cargo clippy -p oh_sim -p oh_cli --all-targets --locked -- -D warnings	2026-10-06T10:18:40.4979556Z   Downloaded ref-cast-impl v1.0.27
simulation (windows-latest)	Run cargo clippy -p oh_sim -p oh_cli --all-targets --locked -- -D warnings	2026-10-06T10:18:40.5061984Z   Downloaded equivalent v1.0.2
simulation (windows-latest)	Run cargo clippy -p oh_sim -p oh_cli --all-targets --locked -- -D warnings	2026-10-06T10:18:40.5197883Z   Downloaded cobs v0.3.0
simulation (windows-latest)	Run cargo clippy -p oh_sim -p oh_cli --all-targets --locked -- -D warnings	2026-10-06T10:18:40.5327483Z   Downloaded quote v1.0.47
simulation (windows-latest)	Run cargo clippy -p oh_sim -p oh_cli --all-targets --locked -- -D warnings	2026-10-06T10:18:40.5661299Z   Downloaded ppv-lite86 v0.2.21
simulation (windows-latest)	Run cargo clippy -p oh_sim -p oh_cli --all-targets --locked -- -D warnings	2026-10-06T10:18:40.5784742Z   Downloaded rand_chacha v0.10.0
simulation (windows-latest)	Run cargo clippy -p oh_sim -p oh_cli --all-targets --locked -- -D warnings	2026-10-06T10:18:40.5903530Z   Downloaded schemars_derive v1.2.2
simulation (windows-latest)	Run cargo clippy -p oh_sim -p oh_cli --all-targets --locked -- -D warnings	2026-10-06T10:18:40.6175523Z   Downloaded toml_datetime v1.1.1+spec-1.1.0
simulation (windows-latest)	Run cargo clippy -p oh_sim -p oh_cli --all-targets --locked -- -D warnings	2026-10-06T10:18:40.6274953Z   Downloaded rand_core v0.10.1
simulation (windows-latest)	Run cargo clippy -p oh_sim -p oh_cli --all-targets --locked -- -D warnings	2026-10-06T10:18:40.6459418Z   Downloaded serde_derive_internals v0.30.0
simulation (windows-latest)	Run cargo clippy -p oh_sim -p oh_cli --all-targets --locked -- -D warnings	2026-10-06T10:18:40.6658662Z   Downloaded toml_writer v1.1.2+spec-1.1.0
simulation (windows-latest)	Run cargo clippy -p oh_sim -p oh_cli --all-targets --locked -- -D warnings	2026-10-06T10:18:40.6762342Z   Downloaded postcard v1.1.3
simulation (windows-latest)	Run cargo clippy -p oh_sim -p oh_cli --all-targets --locked -- -D warnings	2026-10-06T10:18:40.6973846Z   Downloaded thiserror v2.0.21
simulation (windows-latest)	Run cargo clippy -p oh_sim -p oh_cli --all-targets --locked -- -D warnings	2026-10-06T10:18:40.7864086Z   Downloaded zmij v1.0.23
simulation (windows-latest)	Run cargo clippy -p oh_sim -p oh_cli --all-targets --locked -- -D warnings	2026-10-06T10:18:40.8045805Z   Downloaded thiserror-impl v2.0.21
simulation (windows-latest)	Run cargo clippy -p oh_sim -p oh_cli --all-targets --locked -- -D warnings	2026-10-06T10:18:40.8192393Z   Downloaded toml_parser v1.1.3+spec-1.1.0
simulation (windows-latest)	Run cargo clippy -p oh_sim -p oh_cli --all-targets --locked -- -D warnings	2026-10-06T10:18:40.8380652Z   Downloaded semver v1.0.28
simulation (windows-latest)	Run cargo clippy -p oh_sim -p oh_cli --all-targets --locked -- -D warnings	2026-10-06T10:18:40.8706650Z   Downloaded half v2.7.1
simulation (windows-latest)	Run cargo clippy -p oh_sim -p oh_cli --all-targets --locked -- -D warnings	2026-10-06T10:18:40.8980559Z   Downloaded unicode-ident v1.0.26
simulation (windows-latest)	Run cargo clippy -p oh_sim -p oh_cli --all-targets --locked -- -D warnings	2026-10-06T10:18:40.9236562Z   Downloaded proc-macro2 v1.0.107
simulation (windows-latest)	Run cargo clippy -p oh_sim -p oh_cli --all-targets --locked -- -D warnings	2026-10-06T10:18:40.9568477Z   Downloaded serde_derive v1.0.229
simulation (windows-latest)	Run cargo clippy -p oh_sim -p oh_cli --all-targets --locked -- -D warnings	2026-10-06T10:18:40.9863084Z   Downloaded toml v1.1.6+spec-1.1.0
simulation (windows-latest)	Run cargo clippy -p oh_sim -p oh_cli --all-targets --locked -- -D warnings	2026-10-06T10:18:41.0289993Z   Downloaded bytemuck v1.25.2
simulation (windows-latest)	Run cargo clippy -p oh_sim -p oh_cli --all-targets --locked -- -D warnings	2026-10-06T10:18:41.0643953Z   Downloaded serde_core v1.0.229
simulation (windows-latest)	Run cargo clippy -p oh_sim -p oh_cli --all-targets --locked -- -D warnings	2026-10-06T10:18:41.0918904Z   Downloaded serde v1.0.229
simulation (windows-latest)	Run cargo clippy -p oh_sim -p oh_cli --all-targets --locked -- -D warnings	2026-10-06T10:18:41.1195874Z   Downloaded typenum v1.20.1
simulation (windows-latest)	Run cargo clippy -p oh_sim -p oh_cli --all-targets --locked -- -D warnings	2026-10-06T10:18:41.1488641Z   Downloaded memchr v2.8.3
simulation (windows-latest)	Run cargo clippy -p oh_sim -p oh_cli --all-targets --locked -- -D warnings	2026-10-06T10:18:41.1997681Z   Downloaded schemars v1.2.2
simulation (windows-latest)	Run cargo clippy -p oh_sim -p oh_cli --all-targets --locked -- -D warnings	2026-10-06T10:18:41.4142345Z   Downloaded indexmap v2.14.2
simulation (windows-latest)	Run cargo clippy -p oh_sim -p oh_cli --all-targets --locked -- -D warnings	2026-10-06T10:18:41.4560799Z   Downloaded hashbrown v0.17.1
simulation (windows-latest)	Run cargo clippy -p oh_sim -p oh_cli --all-targets --locked -- -D warnings	2026-10-06T10:18:41.9233279Z   Downloaded zerocopy-derive v0.8.60
simulation (windows-latest)	Run cargo clippy -p oh_sim -p oh_cli --all-targets --locked -- -D warnings	2026-10-06T10:18:42.0904155Z   Downloaded winnow v1.0.4
simulation (windows-latest)	Run cargo clippy -p oh_sim -p oh_cli --all-targets --locked -- -D warnings	2026-10-06T10:18:42.1853566Z   Downloaded serde_json v1.0.151
simulation (windows-latest)	Run cargo clippy -p oh_sim -p oh_cli --all-targets --locked -- -D warnings	2026-10-06T10:18:42.2638761Z   Downloaded fixed v1.31.0
simulation (windows-latest)	Run cargo clippy -p oh_sim -p oh_cli --all-targets --locked -- -D warnings	2026-10-06T10:18:42.3224242Z   Downloaded zerocopy v0.8.60
simulation (windows-latest)	Run cargo clippy -p oh_sim -p oh_cli --all-targets --locked -- -D warnings	2026-10-06T10:18:42.5669842Z   Downloaded syn v2.0.119
simulation (windows-latest)	Run cargo clippy -p oh_sim -p oh_cli --all-targets --locked -- -D warnings	2026-10-06T10:18:42.6636319Z   Downloaded syn v3.0.6
simulation (windows-latest)	Run cargo clippy -p oh_sim -p oh_cli --all-targets --locked -- -D warnings	2026-10-06T10:18:42.8842365Z    Compiling proc-macro2 v1.0.107
simulation (windows-latest)	Run cargo clippy -p oh_sim -p oh_cli --all-targets --locked -- -D warnings	2026-10-06T10:18:42.8843237Z    Compiling unicode-ident v1.0.26
simulation (windows-latest)	Run cargo clippy -p oh_sim -p oh_cli --all-targets --locked -- -D warnings	2026-10-06T10:18:42.8844143Z    Compiling quote v1.0.47
simulation (windows-latest)	Run cargo clippy -p oh_sim -p oh_cli --all-targets --locked -- -D warnings	2026-10-06T10:18:42.8844685Z    Compiling serde_core v1.0.229
simulation (windows-latest)	Run cargo clippy -p oh_sim -p oh_cli --all-targets --locked -- -D warnings	2026-10-06T10:18:43.0355118Z    Compiling zerocopy v0.8.60
simulation (windows-latest)	Run cargo clippy -p oh_sim -p oh_cli --all-targets --locked -- -D warnings	2026-10-06T10:18:45.1708302Z    Compiling serde v1.0.229
simulation (windows-latest)	Run cargo clippy -p oh_sim -p oh_cli --all-targets --locked -- -D warnings	2026-10-06T10:18:45.1792473Z    Compiling thiserror v2.0.21
simulation (windows-latest)	Run cargo clippy -p oh_sim -p oh_cli --all-targets --locked -- -D warnings	2026-10-06T10:18:45.6570647Z    Compiling zmij v1.0.23
simulation (windows-latest)	Run cargo clippy -p oh_sim -p oh_cli --all-targets --locked -- -D warnings	2026-10-06T10:18:45.7871224Z    Compiling serde_json v1.0.151
simulation (windows-latest)	Run cargo clippy -p oh_sim -p oh_cli --all-targets --locked -- -D warnings	2026-10-06T10:18:46.0910243Z    Compiling fixed v1.31.0
simulation (windows-latest)	Run cargo clippy -p oh_sim -p oh_cli --all-targets --locked -- -D warnings	2026-10-06T10:18:46.4311137Z    Compiling syn v3.0.6
simulation (windows-latest)	Run cargo clippy -p oh_sim -p oh_cli --all-targets --locked -- -D warnings	2026-10-06T10:18:46.5122309Z    Compiling syn v2.0.119
simulation (windows-latest)	Run cargo clippy -p oh_sim -p oh_cli --all-targets --locked -- -D warnings	2026-10-06T10:18:46.5907228Z     Checking cfg-if v1.0.5
simulation (windows-latest)	Run cargo clippy -p oh_sim -p oh_cli --all-targets --locked -- -D warnings	2026-10-06T10:18:46.6776721Z    Compiling ref-cast v1.0.27
simulation (windows-latest)	Run cargo clippy -p oh_sim -p oh_cli --all-targets --locked -- -D warnings	2026-10-06T10:18:47.5501155Z     Checking memchr v2.8.3
simulation (windows-latest)	Run cargo clippy -p oh_sim -p oh_cli --all-targets --locked -- -D warnings	2026-10-06T10:18:48.1397892Z     Checking itoa v1.0.18
simulation (windows-latest)	Run cargo clippy -p oh_sim -p oh_cli --all-targets --locked -- -D warnings	2026-10-06T10:18:48.3019625Z     Checking rand_core v0.10.1
simulation (windows-latest)	Run cargo clippy -p oh_sim -p oh_cli --all-targets --locked -- -D warnings	2026-10-06T10:18:48.4394791Z     Checking typenum v1.20.1
simulation (windows-latest)	Run cargo clippy -p oh_sim -p oh_cli --all-targets --locked -- -D warnings	2026-10-06T10:18:48.5025021Z     Checking az v1.3.0
simulation (windows-latest)	Run cargo clippy -p oh_sim -p oh_cli --all-targets --locked -- -D warnings	2026-10-06T10:18:49.6403723Z    Compiling serde_derive_internals v0.30.0
simulation (windows-latest)	Run cargo clippy -p oh_sim -p oh_cli --all-targets --locked -- -D warnings	2026-10-06T10:18:49.8378279Z     Checking bytemuck v1.25.2
simulation (windows-latest)	Run cargo clippy -p oh_sim -p oh_cli --all-targets --locked -- -D warnings	2026-10-06T10:18:50.0895159Z     Checking winnow v1.0.4
simulation (windows-latest)	Run cargo clippy -p oh_sim -p oh_cli --all-targets --locked -- -D warnings	2026-10-06T10:18:50.4607713Z    Compiling serde_derive v1.0.229
simulation (windows-latest)	Run cargo clippy -p oh_sim -p oh_cli --all-targets --locked -- -D warnings	2026-10-06T10:18:50.5530807Z    Compiling thiserror-impl v2.0.21
simulation (windows-latest)	Run cargo clippy -p oh_sim -p oh_cli --all-targets --locked -- -D warnings	2026-10-06T10:18:51.1293695Z    Compiling ref-cast-impl v1.0.27
simulation (windows-latest)	Run cargo clippy -p oh_sim -p oh_cli --all-targets --locked -- -D warnings	2026-10-06T10:18:51.8977130Z    Compiling schemars_derive v1.2.2
simulation (windows-latest)	Run cargo clippy -p oh_sim -p oh_cli --all-targets --locked -- -D warnings	2026-10-06T10:18:52.5853107Z     Checking cobs v0.3.0
simulation (windows-latest)	Run cargo clippy -p oh_sim -p oh_cli --all-targets --locked -- -D warnings	2026-10-06T10:18:52.7234563Z     Checking toml_parser v1.1.3+spec-1.1.0
simulation (windows-latest)	Run cargo clippy -p oh_sim -p oh_cli --all-targets --locked -- -D warnings	2026-10-06T10:18:52.9200601Z    Compiling zerocopy-derive v0.8.60
simulation (windows-latest)	Run cargo clippy -p oh_sim -p oh_cli --all-targets --locked -- -D warnings	2026-10-06T10:18:53.2209549Z     Checking toml_datetime v1.1.1+spec-1.1.0
simulation (windows-latest)	Run cargo clippy -p oh_sim -p oh_cli --all-targets --locked -- -D warnings	2026-10-06T10:18:54.4332992Z     Checking serde_spanned v1.1.1
simulation (windows-latest)	Run cargo clippy -p oh_sim -p oh_cli --all-targets --locked -- -D warnings	2026-10-06T10:18:54.5516409Z     Checking dyn-clone v1.0.20
simulation (windows-latest)	Run cargo clippy -p oh_sim -p oh_cli --all-targets --locked -- -D warnings	2026-10-06T10:18:54.5780077Z     Checking toml_writer v1.1.2+spec-1.1.0
simulation (windows-latest)	Run cargo clippy -p oh_sim -p oh_cli --all-targets --locked -- -D warnings	2026-10-06T10:18:54.6377274Z     Checking semver v1.0.28
simulation (windows-latest)	Run cargo clippy -p oh_sim -p oh_cli --all-targets --locked -- -D warnings	2026-10-06T10:18:54.7813467Z     Checking toml v1.1.6+spec-1.1.0
simulation (windows-latest)	Run cargo clippy -p oh_sim -p oh_cli --all-targets --locked -- -D warnings	2026-10-06T10:18:55.9355097Z     Checking postcard v1.1.3
simulation (windows-latest)	Run cargo clippy -p oh_sim -p oh_cli --all-targets --locked -- -D warnings	2026-10-06T10:18:55.9355675Z     Checking schemars v1.2.2
simulation (windows-latest)	Run cargo clippy -p oh_sim -p oh_cli --all-targets --locked -- -D warnings	2026-10-06T10:18:59.3875349Z     Checking ppv-lite86 v0.2.21
simulation (windows-latest)	Run cargo clippy -p oh_sim -p oh_cli --all-targets --locked -- -D warnings	2026-10-06T10:18:59.3876930Z     Checking half v2.7.1
simulation (windows-latest)	Run cargo clippy -p oh_sim -p oh_cli --all-targets --locked -- -D warnings	2026-10-06T10:18:59.6964311Z     Checking rand_chacha v0.10.0
simulation (windows-latest)	Run cargo clippy -p oh_sim -p oh_cli --all-targets --locked -- -D warnings	2026-10-06T10:19:07.4869263Z     Checking oh_core v0.1.0 (D:\a\OpenHOI4\OpenHOI4\crates\oh_core)
simulation (windows-latest)	Run cargo clippy -p oh_sim -p oh_cli --all-targets --locked -- -D warnings	2026-10-06T10:19:07.6644010Z     Checking oh_data v0.1.0 (D:\a\OpenHOI4\OpenHOI4\crates\oh_data)
simulation (windows-latest)	Run cargo clippy -p oh_sim -p oh_cli --all-targets --locked -- -D warnings	2026-10-06T10:19:07.8724678Z     Checking oh_sim v0.1.0 (D:\a\OpenHOI4\OpenHOI4\crates\oh_sim)
simulation (windows-latest)	Run cargo clippy -p oh_sim -p oh_cli --all-targets --locked -- -D warnings	2026-10-06T10:19:08.0316284Z     Checking oh_save v0.1.0 (D:\a\OpenHOI4\OpenHOI4\crates\oh_save)
simulation (windows-latest)	Run cargo clippy -p oh_sim -p oh_cli --all-targets --locked -- -D warnings	2026-10-06T10:19:08.0317708Z     Checking oh_ai v0.1.0 (D:\a\OpenHOI4\OpenHOI4\crates\oh_ai)
simulation (windows-latest)	Run cargo clippy -p oh_sim -p oh_cli --all-targets --locked -- -D warnings	2026-10-06T10:19:08.1130455Z     Checking oh_cli v0.1.0 (D:\a\OpenHOI4\OpenHOI4\crates\oh_cli)
simulation (windows-latest)	Run cargo clippy -p oh_sim -p oh_cli --all-targets --locked -- -D warnings	2026-10-06T10:19:08.3829796Z     Finished `dev` profile [unoptimized + debuginfo] target(s) in 28.81s
simulation (windows-latest)	Run cargo test -p oh_sim -p oh_cli --locked	﻿2026-10-06T10:19:08.5630637Z ##[group]Run cargo test -p oh_sim -p oh_cli --locked
simulation (windows-latest)	Run cargo test -p oh_sim -p oh_cli --locked	2026-10-06T10:19:08.5631148Z [36;1mcargo test -p oh_sim -p oh_cli --locked[0m
simulation (windows-latest)	Run cargo test -p oh_sim -p oh_cli --locked	2026-10-06T10:19:08.5703880Z shell: C:\Program Files\PowerShell\7\pwsh.EXE -command ". '{0}'"
simulation (windows-latest)	Run cargo test -p oh_sim -p oh_cli --locked	2026-10-06T10:19:08.5704272Z env:
simulation (windows-latest)	Run cargo test -p oh_sim -p oh_cli --locked	2026-10-06T10:19:08.5704557Z   pythonLocation: C:\hostedtoolcache\windows\Python\3.11.9\x64
simulation (windows-latest)	Run cargo test -p oh_sim -p oh_cli --locked	2026-10-06T10:19:08.5705082Z   PKG_CONFIG_PATH: C:\hostedtoolcache\windows\Python\3.11.9\x64/lib/pkgconfig
simulation (windows-latest)	Run cargo test -p oh_sim -p oh_cli --locked	2026-10-06T10:19:08.5705888Z   Python_ROOT_DIR: C:\hostedtoolcache\windows\Python\3.11.9\x64
simulation (windows-latest)	Run cargo test -p oh_sim -p oh_cli --locked	2026-10-06T10:19:08.5706527Z   Python2_ROOT_DIR: C:\hostedtoolcache\windows\Python\3.11.9\x64
simulation (windows-latest)	Run cargo test -p oh_sim -p oh_cli --locked	2026-10-06T10:19:08.5706995Z   Python3_ROOT_DIR: C:\hostedtoolcache\windows\Python\3.11.9\x64
simulation (windows-latest)	Run cargo test -p oh_sim -p oh_cli --locked	2026-10-06T10:19:08.5707351Z ##[endgroup]
simulation (windows-latest)	Run cargo test -p oh_sim -p oh_cli --locked	2026-10-06T10:19:09.0702811Z    Compiling serde_core v1.0.229
simulation (windows-latest)	Run cargo test -p oh_sim -p oh_cli --locked	2026-10-06T10:19:09.0724639Z    Compiling zerocopy v0.8.60
simulation (windows-latest)	Run cargo test -p oh_sim -p oh_cli --locked	2026-10-06T10:19:09.0734633Z    Compiling thiserror v2.0.21
simulation (windows-latest)	Run cargo test -p oh_sim -p oh_cli --locked	2026-10-06T10:19:09.0735474Z    Compiling cfg-if v1.0.5
simulation (windows-latest)	Run cargo test -p oh_sim -p oh_cli --locked	2026-10-06T10:19:09.1387544Z    Compiling cobs v0.3.0
simulation (windows-latest)	Run cargo test -p oh_sim -p oh_cli --locked	2026-10-06T10:19:09.1962173Z    Compiling zmij v1.0.23
simulation (windows-latest)	Run cargo test -p oh_sim -p oh_cli --locked	2026-10-06T10:19:09.3800736Z    Compiling itoa v1.0.18
simulation (windows-latest)	Run cargo test -p oh_sim -p oh_cli --locked	2026-10-06T10:19:09.6051311Z    Compiling memchr v2.8.3
simulation (windows-latest)	Run cargo test -p oh_sim -p oh_cli --locked	2026-10-06T10:19:09.6451040Z    Compiling winnow v1.0.4
simulation (windows-latest)	Run cargo test -p oh_sim -p oh_cli --locked	2026-10-06T10:19:10.2290368Z    Compiling typenum v1.20.1
simulation (windows-latest)	Run cargo test -p oh_sim -p oh_cli --locked	2026-10-06T10:19:10.8529915Z    Compiling bytemuck v1.25.2
simulation (windows-latest)	Run cargo test -p oh_sim -p oh_cli --locked	2026-10-06T10:19:11.1287785Z    Compiling az v1.3.0
simulation (windows-latest)	Run cargo test -p oh_sim -p oh_cli --locked	2026-10-06T10:19:11.5400289Z    Compiling rand_core v0.10.1
simulation (windows-latest)	Run cargo test -p oh_sim -p oh_cli --locked	2026-10-06T10:19:11.7079109Z    Compiling toml_parser v1.1.3+spec-1.1.0
simulation (windows-latest)	Run cargo test -p oh_sim -p oh_cli --locked	2026-10-06T10:19:12.7472569Z    Compiling serde v1.0.229
simulation (windows-latest)	Run cargo test -p oh_sim -p oh_cli --locked	2026-10-06T10:19:13.0672968Z    Compiling serde_spanned v1.1.1
simulation (windows-latest)	Run cargo test -p oh_sim -p oh_cli --locked	2026-10-06T10:19:13.1167030Z    Compiling toml_datetime v1.1.1+spec-1.1.0
simulation (windows-latest)	Run cargo test -p oh_sim -p oh_cli --locked	2026-10-06T10:19:13.2156510Z    Compiling serde_json v1.0.151
simulation (windows-latest)	Run cargo test -p oh_sim -p oh_cli --locked	2026-10-06T10:19:13.6347680Z    Compiling postcard v1.1.3
simulation (windows-latest)	Run cargo test -p oh_sim -p oh_cli --locked	2026-10-06T10:19:13.7393226Z    Compiling ref-cast v1.0.27
simulation (windows-latest)	Run cargo test -p oh_sim -p oh_cli --locked	2026-10-06T10:19:13.8290197Z    Compiling semver v1.0.28
simulation (windows-latest)	Run cargo test -p oh_sim -p oh_cli --locked	2026-10-06T10:19:14.1201862Z    Compiling toml_writer v1.1.2+spec-1.1.0
simulation (windows-latest)	Run cargo test -p oh_sim -p oh_cli --locked	2026-10-06T10:19:14.3810207Z    Compiling dyn-clone v1.0.20
simulation (windows-latest)	Run cargo test -p oh_sim -p oh_cli --locked	2026-10-06T10:19:14.4168546Z    Compiling toml v1.1.6+spec-1.1.0
simulation (windows-latest)	Run cargo test -p oh_sim -p oh_cli --locked	2026-10-06T10:19:14.5266846Z    Compiling schemars v1.2.2
simulation (windows-latest)	Run cargo test -p oh_sim -p oh_cli --locked	2026-10-06T10:19:15.5219888Z    Compiling half v2.7.1
simulation (windows-latest)	Run cargo test -p oh_sim -p oh_cli --locked	2026-10-06T10:19:15.6450179Z    Compiling ppv-lite86 v0.2.21
simulation (windows-latest)	Run cargo test -p oh_sim -p oh_cli --locked	2026-10-06T10:19:15.9757166Z    Compiling fixed v1.31.0
simulation (windows-latest)	Run cargo test -p oh_sim -p oh_cli --locked	2026-10-06T10:19:16.1723457Z    Compiling rand_chacha v0.10.0
simulation (windows-latest)	Run cargo test -p oh_sim -p oh_cli --locked	2026-10-06T10:19:25.2205344Z    Compiling oh_core v0.1.0 (D:\a\OpenHOI4\OpenHOI4\crates\oh_core)
simulation (windows-latest)	Run cargo test -p oh_sim -p oh_cli --locked	2026-10-06T10:19:25.4815465Z    Compiling oh_data v0.1.0 (D:\a\OpenHOI4\OpenHOI4\crates\oh_data)
simulation (windows-latest)	Run cargo test -p oh_sim -p oh_cli --locked	2026-10-06T10:19:25.7885756Z    Compiling oh_sim v0.1.0 (D:\a\OpenHOI4\OpenHOI4\crates\oh_sim)
simulation (windows-latest)	Run cargo test -p oh_sim -p oh_cli --locked	2026-10-06T10:19:26.0608992Z    Compiling oh_save v0.1.0 (D:\a\OpenHOI4\OpenHOI4\crates\oh_save)
simulation (windows-latest)	Run cargo test -p oh_sim -p oh_cli --locked	2026-10-06T10:19:26.1257025Z    Compiling oh_ai v0.1.0 (D:\a\OpenHOI4\OpenHOI4\crates\oh_ai)
simulation (windows-latest)	Run cargo test -p oh_sim -p oh_cli --locked	2026-10-06T10:19:26.2207394Z    Compiling oh_cli v0.1.0 (D:\a\OpenHOI4\OpenHOI4\crates\oh_cli)
simulation (windows-latest)	Run cargo test -p oh_sim -p oh_cli --locked	2026-10-06T10:19:27.7847535Z     Finished `test` profile [unoptimized + debuginfo] target(s) in 18.87s
simulation (windows-latest)	Run cargo test -p oh_sim -p oh_cli --locked	2026-10-06T10:19:27.7914228Z      Running unittests src\lib.rs (target\debug\deps\oh_cli-f02e6fce7c68841b.exe)
simulation (windows-latest)	Run cargo test -p oh_sim -p oh_cli --locked	2026-10-06T10:19:27.8029427Z
simulation (windows-latest)	Run cargo test -p oh_sim -p oh_cli --locked	2026-10-06T10:19:27.8029844Z running 0 tests
simulation (windows-latest)	Run cargo test -p oh_sim -p oh_cli --locked	2026-10-06T10:19:27.8030352Z
simulation (windows-latest)	Run cargo test -p oh_sim -p oh_cli --locked	2026-10-06T10:19:27.8031690Z test result: ok. 0 passed; 0 failed; 0 ignored; 0 measured; 0 filtered out; finished in 0.00s
simulation (windows-latest)	Run cargo test -p oh_sim -p oh_cli --locked	2026-10-06T10:19:27.8032460Z
simulation (windows-latest)	Run cargo test -p oh_sim -p oh_cli --locked	2026-10-06T10:19:27.8049825Z      Running unittests src\main.rs (target\debug\deps\oh_cli-42ee7b3d9c1bb341.exe)
simulation (windows-latest)	Run cargo test -p oh_sim -p oh_cli --locked	2026-10-06T10:19:27.8150066Z
simulation (windows-latest)	Run cargo test -p oh_sim -p oh_cli --locked	2026-10-06T10:19:27.8150293Z running 0 tests
simulation (windows-latest)	Run cargo test -p oh_sim -p oh_cli --locked	2026-10-06T10:19:27.8150570Z
simulation (windows-latest)	Run cargo test -p oh_sim -p oh_cli --locked	2026-10-06T10:19:27.8150960Z test result: ok. 0 passed; 0 failed; 0 ignored; 0 measured; 0 filtered out; finished in 0.00s
simulation (windows-latest)	Run cargo test -p oh_sim -p oh_cli --locked	2026-10-06T10:19:27.8151471Z
simulation (windows-latest)	Run cargo test -p oh_sim -p oh_cli --locked	2026-10-06T10:19:27.8167554Z      Running tests\run.rs (target\debug\deps\run-08818e241b5bf2de.exe)
simulation (windows-latest)	Run cargo test -p oh_sim -p oh_cli --locked	2026-10-06T10:19:27.8273967Z
simulation (windows-latest)	Run cargo test -p oh_sim -p oh_cli --locked	2026-10-06T10:19:27.8274310Z running 5 tests
simulation (windows-latest)	Run cargo test -p oh_sim -p oh_cli --locked	2026-10-06T10:19:27.8331107Z test library_loads_data_epoch_and_rejects_bad_or_nonempty_scenario ... ok
simulation (windows-latest)	Run cargo test -p oh_sim -p oh_cli --locked	2026-10-06T10:19:27.8572788Z test m0_load_boundary_and_help_identify_unique_self_contained_pack ... ok
simulation (windows-latest)	Run cargo test -p oh_sim -p oh_cli --locked	2026-10-06T10:19:27.8691915Z test req_gen_06_ac_m0_02_exact_ticks_and_repeated_hash ... ok
simulation (windows-latest)	Run cargo test -p oh_sim -p oh_cli --locked	2026-10-06T10:19:27.8889695Z test req_gen_06_days_path_is_exact_and_zero_ticks_stays_initial ... ok
simulation (windows-latest)	Run cargo test -p oh_sim -p oh_cli --locked	2026-10-06T10:19:27.9137453Z test cli_rejects_ambiguous_missing_invalid_and_unimplemented_inputs ... ok
simulation (windows-latest)	Run cargo test -p oh_sim -p oh_cli --locked	2026-10-06T10:19:27.9137946Z
simulation (windows-latest)	Run cargo test -p oh_sim -p oh_cli --locked	2026-10-06T10:19:27.9138271Z test result: ok. 5 passed; 0 failed; 0 ignored; 0 measured; 0 filtered out; finished in 0.09s
simulation (windows-latest)	Run cargo test -p oh_sim -p oh_cli --locked	2026-10-06T10:19:27.9138713Z
simulation (windows-latest)	Run cargo test -p oh_sim -p oh_cli --locked	2026-10-06T10:19:27.9157861Z      Running unittests src\lib.rs (target\debug\deps\oh_sim-24fcffcbecde2c4d.exe)
simulation (windows-latest)	Run cargo test -p oh_sim -p oh_cli --locked	2026-10-06T10:19:27.9258764Z
simulation (windows-latest)	Run cargo test -p oh_sim -p oh_cli --locked	2026-10-06T10:19:27.9258976Z running 0 tests
simulation (windows-latest)	Run cargo test -p oh_sim -p oh_cli --locked	2026-10-06T10:19:27.9259309Z
simulation (windows-latest)	Run cargo test -p oh_sim -p oh_cli --locked	2026-10-06T10:19:27.9260222Z test result: ok. 0 passed; 0 failed; 0 ignored; 0 measured; 0 filtered out; finished in 0.00s
simulation (windows-latest)	Run cargo test -p oh_sim -p oh_cli --locked	2026-10-06T10:19:27.9260626Z
simulation (windows-latest)	Run cargo test -p oh_sim -p oh_cli --locked	2026-10-06T10:19:27.9277332Z      Running tests\scheduler.rs (target\debug\deps\scheduler-ef51359a5cc92888.exe)
simulation (windows-latest)	Run cargo test -p oh_sim -p oh_cli --locked	2026-10-06T10:19:27.9374877Z
simulation (windows-latest)	Run cargo test -p oh_sim -p oh_cli --locked	2026-10-06T10:19:27.9375136Z running 8 tests
simulation (windows-latest)	Run cargo test -p oh_sim -p oh_cli --locked	2026-10-06T10:19:27.9383587Z test hash_includes_seed_config_and_pending_commands ... ok
simulation (windows-latest)	Run cargo test -p oh_sim -p oh_cli --locked	2026-10-06T10:19:27.9384692Z test overflow_preserves_state_and_queued_commands_and_pause_still_works ... ok
simulation (windows-latest)	Run cargo test -p oh_sim -p oh_cli --locked	2026-10-06T10:19:27.9385805Z test calendar_leap_year_and_year_boundaries ... ok
simulation (windows-latest)	Run cargo test -p oh_sim -p oh_cli --locked	2026-10-06T10:19:27.9388564Z test req_gen_05_commands_are_sorted_and_future_commands_wait ... ok
simulation (windows-latest)	Run cargo test -p oh_sim -p oh_cli --locked	2026-10-06T10:19:27.9391016Z test req_time_01_pause_resume_and_five_data_driven_speeds ... ok
simulation (windows-latest)	Run cargo test -p oh_sim -p oh_cli --locked	2026-10-06T10:19:27.9392097Z test req_time_02_tick_day_month_snapshot_order ... ok
simulation (windows-latest)	Run cargo test -p oh_sim -p oh_cli --locked	2026-10-06T10:19:27.9394526Z test time_defines_are_required_checked_and_change_host_pacing ... ok
simulation (windows-latest)	Run cargo test -p oh_sim -p oh_cli --locked	2026-10-06T10:19:27.9405178Z test req_gen_01_headless_state_and_hash_are_repeatable ... ok
simulation (windows-latest)	Run cargo test -p oh_sim -p oh_cli --locked	2026-10-06T10:19:27.9405693Z
simulation (windows-latest)	Run cargo test -p oh_sim -p oh_cli --locked	2026-10-06T10:19:27.9406933Z test result: ok. 8 passed; 0 failed; 0 ignored; 0 measured; 0 filtered out; finished in 0.00s
simulation (windows-latest)	Run cargo test -p oh_sim -p oh_cli --locked	2026-10-06T10:19:27.9407332Z
simulation (windows-latest)	Run cargo test -p oh_sim -p oh_cli --locked	2026-10-06T10:19:27.9422411Z    Doc-tests oh_cli
simulation (windows-latest)	Run cargo test -p oh_sim -p oh_cli --locked	2026-10-06T10:19:28.0021647Z
simulation (windows-latest)	Run cargo test -p oh_sim -p oh_cli --locked	2026-10-06T10:19:28.0022729Z running 0 tests
simulation (windows-latest)	Run cargo test -p oh_sim -p oh_cli --locked	2026-10-06T10:19:28.0023160Z
simulation (windows-latest)	Run cargo test -p oh_sim -p oh_cli --locked	2026-10-06T10:19:28.0024813Z test result: ok. 0 passed; 0 failed; 0 ignored; 0 measured; 0 filtered out; finished in 0.00s
simulation (windows-latest)	Run cargo test -p oh_sim -p oh_cli --locked	2026-10-06T10:19:28.0025765Z
simulation (windows-latest)	Run cargo test -p oh_sim -p oh_cli --locked	2026-10-06T10:19:28.0118659Z    Doc-tests oh_sim
simulation (windows-latest)	Run cargo test -p oh_sim -p oh_cli --locked	2026-10-06T10:19:28.0752235Z
simulation (windows-latest)	Run cargo test -p oh_sim -p oh_cli --locked	2026-10-06T10:19:28.0753328Z running 1 test
simulation (windows-latest)	Run cargo test -p oh_sim -p oh_cli --locked	2026-10-06T10:19:28.1459363Z test crates\oh_sim\src\lib.rs - State (line 64) - compile fail ... ok
simulation (windows-latest)	Run cargo test -p oh_sim -p oh_cli --locked	2026-10-06T10:19:28.1460008Z
simulation (windows-latest)	Run cargo test -p oh_sim -p oh_cli --locked	2026-10-06T10:19:28.1460481Z test result: ok. 1 passed; 0 failed; 0 ignored; 0 measured; 0 filtered out; finished in 0.07s
simulation (windows-latest)	Run cargo test -p oh_sim -p oh_cli --locked	2026-10-06T10:19:28.1461138Z
simulation (windows-latest)	Test evidence gate failures	﻿2026-10-06T10:19:28.2891156Z ##[group]Run python -m unittest discover -s crates/oh_sim/tests -p test_sim_determinism.py -v
simulation (windows-latest)	Test evidence gate failures	2026-10-06T10:19:28.2892235Z [36;1mpython -m unittest discover -s crates/oh_sim/tests -p test_sim_determinism.py -v[0m
simulation (windows-latest)	Test evidence gate failures	2026-10-06T10:19:28.2968194Z shell: C:\Program Files\PowerShell\7\pwsh.EXE -command ". '{0}'"
simulation (windows-latest)	Test evidence gate failures	2026-10-06T10:19:28.2968627Z env:
simulation (windows-latest)	Test evidence gate failures	2026-10-06T10:19:28.2968963Z   pythonLocation: C:\hostedtoolcache\windows\Python\3.11.9\x64
simulation (windows-latest)	Test evidence gate failures	2026-10-06T10:19:28.2969527Z   PKG_CONFIG_PATH: C:\hostedtoolcache\windows\Python\3.11.9\x64/lib/pkgconfig
simulation (windows-latest)	Test evidence gate failures	2026-10-06T10:19:28.2970074Z   Python_ROOT_DIR: C:\hostedtoolcache\windows\Python\3.11.9\x64
simulation (windows-latest)	Test evidence gate failures	2026-10-06T10:19:28.2970585Z   Python2_ROOT_DIR: C:\hostedtoolcache\windows\Python\3.11.9\x64
simulation (windows-latest)	Test evidence gate failures	2026-10-06T10:19:28.2971082Z   Python3_ROOT_DIR: C:\hostedtoolcache\windows\Python\3.11.9\x64
simulation (windows-latest)	Test evidence gate failures	2026-10-06T10:19:28.2971468Z ##[endgroup]
simulation (windows-latest)	Test evidence gate failures	2026-10-06T10:19:30.3083357Z test_capture_rejects_command_failure (test_sim_determinism.SimEvidenceTests.test_capture_rejects_command_failure) ... ok
simulation (windows-latest)	Test evidence gate failures	2026-10-06T10:19:30.3153471Z test_capture_rejects_repeated_hash_mismatch (test_sim_determinism.SimEvidenceTests.test_capture_rejects_repeated_hash_mismatch) ... ok
simulation (windows-latest)	Test evidence gate failures	2026-10-06T10:19:30.3181806Z test_capture_runs_real_1000_tick_cli_twice (test_sim_determinism.SimEvidenceTests.test_capture_runs_real_1000_tick_cli_twice) ... ok
simulation (windows-latest)	Test evidence gate failures	2026-10-06T10:19:30.3281221Z test_compare_accepts_three_equal_os (test_sim_determinism.SimEvidenceTests.test_compare_accepts_three_equal_os) ... ok
simulation (windows-latest)	Test evidence gate failures	2026-10-06T10:19:30.3376908Z test_compare_rejects_cross_os_mismatch_even_when_each_repeat_matches (test_sim_determinism.SimEvidenceTests.test_compare_rejects_cross_os_mismatch_even_when_each_repeat_matches) ... ok
simulation (windows-latest)	Test evidence gate failures	2026-10-06T10:19:30.3979922Z test_compare_rejects_invalid_or_mismatched_hash (test_sim_determinism.SimEvidenceTests.test_compare_rejects_invalid_or_mismatched_hash) ... ok
simulation (windows-latest)	Test evidence gate failures	2026-10-06T10:19:30.4229932Z test_compare_rejects_missing_extra_os_and_missing_repeat (test_sim_determinism.SimEvidenceTests.test_compare_rejects_missing_extra_os_and_missing_repeat) ... ok
simulation (windows-latest)	Test evidence gate failures	2026-10-06T10:19:30.4317215Z test_compare_rejects_repeat_disagreement (test_sim_determinism.SimEvidenceTests.test_compare_rejects_repeat_disagreement) ... ok
simulation (windows-latest)	Test evidence gate failures	2026-10-06T10:19:30.4335016Z test_failed_recapture_clears_old_success_marker (test_sim_determinism.SimEvidenceTests.test_failed_recapture_clears_old_success_marker) ... ok
simulation (windows-latest)	Test evidence gate failures	2026-10-06T10:19:30.4336027Z
simulation (windows-latest)	Test evidence gate failures	2026-10-06T10:19:30.4336300Z ----------------------------------------------------------------------
simulation (windows-latest)	Test evidence gate failures	2026-10-06T10:19:30.4336863Z Ran 9 tests in 0.132s
simulation (windows-latest)	Test evidence gate failures	2026-10-06T10:19:30.4337073Z
simulation (windows-latest)	Test evidence gate failures	2026-10-06T10:19:30.4337182Z OK
simulation (windows-latest)	Test evidence gate failures	2026-10-06T10:19:30.4337645Z actual simulation: 1000 ticks, seed 1, two runs: 0123456789abcdef
simulation (windows-latest)	Test evidence gate failures	2026-10-06T10:19:30.4338552Z ubuntu-latest: 0123456789abcdef
simulation (windows-latest)	Test evidence gate failures	2026-10-06T10:19:30.4338921Z windows-latest: 0123456789abcdef
simulation (windows-latest)	Test evidence gate failures	2026-10-06T10:19:30.4339283Z macos-latest: 0123456789abcdef
simulation (windows-latest)	Run actual simulation twice	﻿2026-10-06T10:19:30.6129030Z ##[group]Run python crates/oh_sim/tools/check_sim_determinism.py capture --out target/sim-determinism
simulation (windows-latest)	Run actual simulation twice	2026-10-06T10:19:30.6129919Z [36;1mpython crates/oh_sim/tools/check_sim_determinism.py capture --out target/sim-determinism[0m
simulation (windows-latest)	Run actual simulation twice	2026-10-06T10:19:30.6208168Z shell: C:\Program Files\PowerShell\7\pwsh.EXE -command ". '{0}'"
simulation (windows-latest)	Run actual simulation twice	2026-10-06T10:19:30.6208588Z env:
simulation (windows-latest)	Run actual simulation twice	2026-10-06T10:19:30.6209054Z   pythonLocation: C:\hostedtoolcache\windows\Python\3.11.9\x64
simulation (windows-latest)	Run actual simulation twice	2026-10-06T10:19:30.6209582Z   PKG_CONFIG_PATH: C:\hostedtoolcache\windows\Python\3.11.9\x64/lib/pkgconfig
simulation (windows-latest)	Run actual simulation twice	2026-10-06T10:19:30.6210141Z   Python_ROOT_DIR: C:\hostedtoolcache\windows\Python\3.11.9\x64
simulation (windows-latest)	Run actual simulation twice	2026-10-06T10:19:30.6210621Z   Python2_ROOT_DIR: C:\hostedtoolcache\windows\Python\3.11.9\x64
simulation (windows-latest)	Run actual simulation twice	2026-10-06T10:19:30.6211107Z   Python3_ROOT_DIR: C:\hostedtoolcache\windows\Python\3.11.9\x64
simulation (windows-latest)	Run actual simulation twice	2026-10-06T10:19:30.6211473Z ##[endgroup]
simulation (windows-latest)	Run actual simulation twice	2026-10-06T10:19:31.2856579Z actual simulation: 1000 ticks, seed 1, two runs: ff921fd8148e699d
simulation (windows-latest)	Upload simulation hashes and repeated outputs for this OS	﻿2026-10-06T10:19:31.4211438Z ##[group]Run actions/upload-artifact@043fb46d1a93c77aae656e7c1c64a875d1fc6a0a
simulation (windows-latest)	Upload simulation hashes and repeated outputs for this OS	2026-10-06T10:19:31.4211961Z with:
simulation (windows-latest)	Upload simulation hashes and repeated outputs for this OS	2026-10-06T10:19:31.4212174Z   name: sim-hash-windows-latest
simulation (windows-latest)	Upload simulation hashes and repeated outputs for this OS	2026-10-06T10:19:31.4212442Z   path: target/sim-determinism/
simulation (windows-latest)	Upload simulation hashes and repeated outputs for this OS	2026-10-06T10:19:31.4212696Z   if-no-files-found: error
simulation (windows-latest)	Upload simulation hashes and repeated outputs for this OS	2026-10-06T10:19:31.4212928Z   archive: true
simulation (windows-latest)	Upload simulation hashes and repeated outputs for this OS	2026-10-06T10:19:31.4213134Z   compression-level: 6
simulation (windows-latest)	Upload simulation hashes and repeated outputs for this OS	2026-10-06T10:19:31.4213358Z   overwrite: false
simulation (windows-latest)	Upload simulation hashes and repeated outputs for this OS	2026-10-06T10:19:31.4213573Z   include-hidden-files: false
simulation (windows-latest)	Upload simulation hashes and repeated outputs for this OS	2026-10-06T10:19:31.4213799Z env:
simulation (windows-latest)	Upload simulation hashes and repeated outputs for this OS	2026-10-06T10:19:31.4214063Z   pythonLocation: C:\hostedtoolcache\windows\Python\3.11.9\x64
simulation (windows-latest)	Upload simulation hashes and repeated outputs for this OS	2026-10-06T10:19:31.4214890Z   PKG_CONFIG_PATH: C:\hostedtoolcache\windows\Python\3.11.9\x64/lib/pkgconfig
simulation (windows-latest)	Upload simulation hashes and repeated outputs for this OS	2026-10-06T10:19:31.4215444Z   Python_ROOT_DIR: C:\hostedtoolcache\windows\Python\3.11.9\x64
simulation (windows-latest)	Upload simulation hashes and repeated outputs for this OS	2026-10-06T10:19:31.4215884Z   Python2_ROOT_DIR: C:\hostedtoolcache\windows\Python\3.11.9\x64
simulation (windows-latest)	Upload simulation hashes and repeated outputs for this OS	2026-10-06T10:19:31.4216306Z   Python3_ROOT_DIR: C:\hostedtoolcache\windows\Python\3.11.9\x64
simulation (windows-latest)	Upload simulation hashes and repeated outputs for this OS	2026-10-06T10:19:31.4216688Z ##[endgroup]
simulation (windows-latest)	Upload simulation hashes and repeated outputs for this OS	2026-10-06T10:19:31.6125516Z With the provided path, there will be 3 files uploaded
simulation (windows-latest)	Upload simulation hashes and repeated outputs for this OS	2026-10-06T10:19:31.6132030Z Artifact name is valid!
simulation (windows-latest)	Upload simulation hashes and repeated outputs for this OS	2026-10-06T10:19:31.6133803Z Root directory input is valid!
simulation (windows-latest)	Upload simulation hashes and repeated outputs for this OS	2026-10-06T10:19:31.9697140Z Uploading artifact: sim-hash-windows-latest.zip
simulation (windows-latest)	Upload simulation hashes and repeated outputs for this OS	2026-10-06T10:19:31.9745174Z Beginning upload of artifact content to blob storage
simulation (windows-latest)	Upload simulation hashes and repeated outputs for this OS	2026-10-06T10:19:32.3067037Z Uploaded bytes 418
simulation (windows-latest)	Upload simulation hashes and repeated outputs for this OS	2026-10-06T10:19:32.3845489Z Finished uploading artifact content to blob storage!
simulation (windows-latest)	Upload simulation hashes and repeated outputs for this OS	2026-10-06T10:19:32.3847699Z SHA256 digest of uploaded artifact is 7e8da2fabc0ba7e4cfee94a91c8d671afdac50bbf50bc549755e97f3f0330e20
simulation (windows-latest)	Upload simulation hashes and repeated outputs for this OS	2026-10-06T10:19:32.3849677Z Finalizing artifact upload
simulation (windows-latest)	Upload simulation hashes and repeated outputs for this OS	2026-10-06T10:19:32.7889799Z Artifact sim-hash-windows-latest successfully finalized. Artifact ID 11405330571
simulation (windows-latest)	Upload simulation hashes and repeated outputs for this OS	2026-10-06T10:19:32.7891113Z Artifact sim-hash-windows-latest has been successfully uploaded! Final size is 418 bytes. Artifact ID is 11405330571
simulation (windows-latest)	Upload simulation hashes and repeated outputs for this OS	2026-10-06T10:19:32.7899608Z Artifact download URL: https://github.com/peppone-choi/OpenHOI4/actions/runs/37448564362/artifacts/11405330571
simulation (windows-latest)	Post Run actions/setup-python@5fda3b95a4ea91299a34e894583c3862153e4b97	﻿2026-10-06T10:19:32.8249885Z Post job cleanup.
simulation (windows-latest)	Post Run actions/checkout@3d3c42e5aac5ba805825da76410c181273ba90b1	﻿2026-10-06T10:19:33.0118317Z Post job cleanup.
simulation (windows-latest)	Post Run actions/checkout@3d3c42e5aac5ba805825da76410c181273ba90b1	2026-10-06T10:19:33.2437580Z [command]"C:\Program Files\Git\bin\git.exe" version
simulation (windows-latest)	Post Run actions/checkout@3d3c42e5aac5ba805825da76410c181273ba90b1	2026-10-06T10:19:33.2827804Z git version 2.55.0.windows.5
simulation (windows-latest)	Post Run actions/checkout@3d3c42e5aac5ba805825da76410c181273ba90b1	2026-10-06T10:19:33.2905663Z Temporarily overriding HOME='D:\a\_temp\bfcd94a0-b977-4b94-8267-ef24437aa023' before making global git config changes
simulation (windows-latest)	Post Run actions/checkout@3d3c42e5aac5ba805825da76410c181273ba90b1	2026-10-06T10:19:33.2907043Z Adding repository directory to the temporary git global config as a safe directory
simulation (windows-latest)	Post Run actions/checkout@3d3c42e5aac5ba805825da76410c181273ba90b1	2026-10-06T10:19:33.2918825Z [command]"C:\Program Files\Git\bin\git.exe" config --global --add safe.directory D:\a\OpenHOI4\OpenHOI4
simulation (windows-latest)	Post Run actions/checkout@3d3c42e5aac5ba805825da76410c181273ba90b1	2026-10-06T10:19:33.3352055Z Removing SSH command configuration
simulation (windows-latest)	Post Run actions/checkout@3d3c42e5aac5ba805825da76410c181273ba90b1	2026-10-06T10:19:33.3368308Z [command]"C:\Program Files\Git\bin\git.exe" config --local --name-only --get-regexp core\.sshCommand
simulation (windows-latest)	Post Run actions/checkout@3d3c42e5aac5ba805825da76410c181273ba90b1	2026-10-06T10:19:33.3745652Z [command]"C:\Program Files\Git\bin\git.exe" submodule foreach --recursive "sh -c \"git config --local --name-only --get-regexp 'core\.sshCommand' && git config --local --unset-all 'core.sshCommand' || :\""
simulation (windows-latest)	Post Run actions/checkout@3d3c42e5aac5ba805825da76410c181273ba90b1	2026-10-06T10:19:33.9856108Z Removing HTTP extra header
simulation (windows-latest)	Post Run actions/checkout@3d3c42e5aac5ba805825da76410c181273ba90b1	2026-10-06T10:19:33.9870967Z [command]"C:\Program Files\Git\bin\git.exe" config --local --name-only --get-regexp http\.https\:\/\/github\.com\/\.extraheader
simulation (windows-latest)	Post Run actions/checkout@3d3c42e5aac5ba805825da76410c181273ba90b1	2026-10-06T10:19:34.0212124Z [command]"C:\Program Files\Git\bin\git.exe" submodule foreach --recursive "sh -c \"git config --local --name-only --get-regexp 'http\.https\:\/\/github\.com\/\.extraheader' && git config --local --unset-all 'http.https://github.com/.extraheader' || :\""
simulation (windows-latest)	Post Run actions/checkout@3d3c42e5aac5ba805825da76410c181273ba90b1	2026-10-06T10:19:34.6394239Z Removing includeIf entries pointing to credentials config files
simulation (windows-latest)	Post Run actions/checkout@3d3c42e5aac5ba805825da76410c181273ba90b1	2026-10-06T10:19:34.6405713Z [command]"C:\Program Files\Git\bin\git.exe" config --local --name-only --get-regexp ^includeIf\.gitdir:
simulation (windows-latest)	Post Run actions/checkout@3d3c42e5aac5ba805825da76410c181273ba90b1	2026-10-06T10:19:34.6695230Z includeif.gitdir:D:/a/OpenHOI4/OpenHOI4/.git.path
simulation (windows-latest)	Post Run actions/checkout@3d3c42e5aac5ba805825da76410c181273ba90b1	2026-10-06T10:19:34.6696306Z includeif.gitdir:D:/a/OpenHOI4/OpenHOI4/.git/worktrees/*.path
simulation (windows-latest)	Post Run actions/checkout@3d3c42e5aac5ba805825da76410c181273ba90b1	2026-10-06T10:19:34.6696944Z includeif.gitdir:/github/workspace/.git.path
simulation (windows-latest)	Post Run actions/checkout@3d3c42e5aac5ba805825da76410c181273ba90b1	2026-10-06T10:19:34.6697553Z includeif.gitdir:/github/workspace/.git/worktrees/*.path
simulation (windows-latest)	Post Run actions/checkout@3d3c42e5aac5ba805825da76410c181273ba90b1	2026-10-06T10:19:34.6749577Z [command]"C:\Program Files\Git\bin\git.exe" config --local --get-all includeif.gitdir:D:/a/OpenHOI4/OpenHOI4/.git.path
simulation (windows-latest)	Post Run actions/checkout@3d3c42e5aac5ba805825da76410c181273ba90b1	2026-10-06T10:19:34.7043495Z D:\a\_temp\git-credentials-c14328a9-4f27-42c0-ba20-674d32a14686.config
simulation (windows-latest)	Post Run actions/checkout@3d3c42e5aac5ba805825da76410c181273ba90b1	2026-10-06T10:19:34.7097514Z [command]"C:\Program Files\Git\bin\git.exe" config --local --unset includeif.gitdir:D:/a/OpenHOI4/OpenHOI4/.git.path D\:\\a\\_temp\\git\-credentials\-c14328a9\-4f27\-42c0\-ba20\-674d32a14686\.config
simulation (windows-latest)	Post Run actions/checkout@3d3c42e5aac5ba805825da76410c181273ba90b1	2026-10-06T10:19:34.7426063Z [command]"C:\Program Files\Git\bin\git.exe" config --local --get-all includeif.gitdir:D:/a/OpenHOI4/OpenHOI4/.git/worktrees/*.path
simulation (windows-latest)	Post Run actions/checkout@3d3c42e5aac5ba805825da76410c181273ba90b1	2026-10-06T10:19:34.7713422Z D:\a\_temp\git-credentials-c14328a9-4f27-42c0-ba20-674d32a14686.config
simulation (windows-latest)	Post Run actions/checkout@3d3c42e5aac5ba805825da76410c181273ba90b1	2026-10-06T10:19:34.7761644Z [command]"C:\Program Files\Git\bin\git.exe" config --local --unset includeif.gitdir:D:/a/OpenHOI4/OpenHOI4/.git/worktrees/*.path D\:\\a\\_temp\\git\-credentials\-c14328a9\-4f27\-42c0\-ba20\-674d32a14686\.config
simulation (windows-latest)	Post Run actions/checkout@3d3c42e5aac5ba805825da76410c181273ba90b1	2026-10-06T10:19:34.8092962Z [command]"C:\Program Files\Git\bin\git.exe" config --local --get-all includeif.gitdir:/github/workspace/.git.path
simulation (windows-latest)	Post Run actions/checkout@3d3c42e5aac5ba805825da76410c181273ba90b1	2026-10-06T10:19:34.8366378Z /github/runner_temp/git-credentials-c14328a9-4f27-42c0-ba20-674d32a14686.config
simulation (windows-latest)	Post Run actions/checkout@3d3c42e5aac5ba805825da76410c181273ba90b1	2026-10-06T10:19:34.8418641Z [command]"C:\Program Files\Git\bin\git.exe" config --local --unset includeif.gitdir:/github/workspace/.git.path \/github\/runner_temp\/git\-credentials\-c14328a9\-4f27\-42c0\-ba20\-674d32a14686\.config
simulation (windows-latest)	Post Run actions/checkout@3d3c42e5aac5ba805825da76410c181273ba90b1	2026-10-06T10:19:34.8785446Z [command]"C:\Program Files\Git\bin\git.exe" config --local --get-all includeif.gitdir:/github/workspace/.git/worktrees/*.path
simulation (windows-latest)	Post Run actions/checkout@3d3c42e5aac5ba805825da76410c181273ba90b1	2026-10-06T10:19:34.9070060Z /github/runner_temp/git-credentials-c14328a9-4f27-42c0-ba20-674d32a14686.config
simulation (windows-latest)	Post Run actions/checkout@3d3c42e5aac5ba805825da76410c181273ba90b1	2026-10-06T10:19:34.9161048Z [command]"C:\Program Files\Git\bin\git.exe" config --local --unset includeif.gitdir:/github/workspace/.git/worktrees/*.path \/github\/runner_temp\/git\-credentials\-c14328a9\-4f27\-42c0\-ba20\-674d32a14686\.config
simulation (windows-latest)	Post Run actions/checkout@3d3c42e5aac5ba805825da76410c181273ba90b1	2026-10-06T10:19:34.9528316Z [command]"C:\Program Files\Git\bin\git.exe" submodule foreach --recursive "git config --local --show-origin --name-only --get-regexp remote.origin.url"
simulation (windows-latest)	Post Run actions/checkout@3d3c42e5aac5ba805825da76410c181273ba90b1	2026-10-06T10:19:35.5371597Z Removing credentials config 'D:\a\_temp\git-credentials-c14328a9-4f27-42c0-ba20-674d32a14686.config'
simulation (windows-latest)	Complete job	﻿2026-10-06T10:19:35.5620104Z Cleaning up orphan processes
simulation (windows-latest)	Complete job	2026-10-06T10:19:35.5825872Z Terminate orphan process: pid (9108) (vctip)
compare-simulation-hashes	Set up job	﻿2026-10-06T10:19:54.4783720Z Current runner version: '2.337.0'
compare-simulation-hashes	Set up job	2026-10-06T10:19:54.4820232Z ##[group]Runner Image Provisioner
compare-simulation-hashes	Set up job	2026-10-06T10:19:54.4821538Z Hosted Compute Agent
compare-simulation-hashes	Set up job	2026-10-06T10:19:54.4822487Z Version: 20260901.588
compare-simulation-hashes	Set up job	2026-10-06T10:19:54.4823444Z Commit: f88ec8081b781fac6c440065ac7ff9e710ce3d0b
compare-simulation-hashes	Set up job	2026-10-06T10:19:54.4824634Z Build Date: 2026-09-01T19:56:44Z
compare-simulation-hashes	Set up job	2026-10-06T10:19:54.4825838Z Worker ID: {56a09dae-a18b-442e-93d2-f8923c2718b9}
compare-simulation-hashes	Set up job	2026-10-06T10:19:54.4827023Z Azure Region: northcentralus
compare-simulation-hashes	Set up job	2026-10-06T10:19:54.4828013Z ##[endgroup]
compare-simulation-hashes	Set up job	2026-10-06T10:19:54.4829971Z ##[group]Operating System
compare-simulation-hashes	Set up job	2026-10-06T10:19:54.4830960Z Ubuntu
compare-simulation-hashes	Set up job	2026-10-06T10:19:54.4831719Z 24.04.5
compare-simulation-hashes	Set up job	2026-10-06T10:19:54.4832518Z LTS
compare-simulation-hashes	Set up job	2026-10-06T10:19:54.4833471Z ##[endgroup]
compare-simulation-hashes	Set up job	2026-10-06T10:19:54.4834368Z ##[group]Runner Image
compare-simulation-hashes	Set up job	2026-10-06T10:19:54.4835636Z Image: ubuntu-24.04
compare-simulation-hashes	Set up job	2026-10-06T10:19:54.4836542Z Version: 20260927.320.1
compare-simulation-hashes	Set up job	2026-10-06T10:19:54.4838280Z Included Software: https://github.com/actions/runner-images/blob/ubuntu24/20260927.320/images/ubuntu/Ubuntu2404-Readme.md
compare-simulation-hashes	Set up job	2026-10-06T10:19:54.4841879Z Image Release: https://github.com/actions/runner-images/releases/tag/ubuntu24%2F20260927.320
compare-simulation-hashes	Set up job	2026-10-06T10:19:54.4843497Z ##[endgroup]
compare-simulation-hashes	Set up job	2026-10-06T10:19:54.4845520Z ##[group]GITHUB_TOKEN Permissions
compare-simulation-hashes	Set up job	2026-10-06T10:19:54.4848459Z Contents: read
compare-simulation-hashes	Set up job	2026-10-06T10:19:54.4849384Z Metadata: read
compare-simulation-hashes	Set up job	2026-10-06T10:19:54.4850208Z ##[endgroup]
compare-simulation-hashes	Set up job	2026-10-06T10:19:54.4852882Z Secret source: Actions
compare-simulation-hashes	Set up job	2026-10-06T10:19:54.4854335Z Cache mode: write
compare-simulation-hashes	Set up job	2026-10-06T10:19:54.4856303Z Prepare workflow directory
compare-simulation-hashes	Set up job	2026-10-06T10:19:54.5759437Z Prepare all required actions
compare-simulation-hashes	Set up job	2026-10-06T10:19:54.5819074Z Getting action download info
compare-simulation-hashes	Set up job	2026-10-06T10:19:54.7854412Z Download action repository 'actions/checkout@3d3c42e5aac5ba805825da76410c181273ba90b1' (SHA:3d3c42e5aac5ba805825da76410c181273ba90b1)
compare-simulation-hashes	Set up job	2026-10-06T10:19:55.3794054Z Download action repository 'actions/setup-python@5fda3b95a4ea91299a34e894583c3862153e4b97' (SHA:5fda3b95a4ea91299a34e894583c3862153e4b97)
compare-simulation-hashes	Set up job	2026-10-06T10:19:55.5000383Z Download action repository 'actions/download-artifact@3e5f45b2cfb9172054b4087a40e8e0b5a5461e7c' (SHA:3e5f45b2cfb9172054b4087a40e8e0b5a5461e7c)
compare-simulation-hashes	Set up job	2026-10-06T10:19:55.9779202Z Complete job name: compare-simulation-hashes
compare-simulation-hashes	Run actions/checkout@3d3c42e5aac5ba805825da76410c181273ba90b1	﻿2026-10-06T10:19:56.0672215Z ##[group]Run actions/checkout@3d3c42e5aac5ba805825da76410c181273ba90b1
compare-simulation-hashes	Run actions/checkout@3d3c42e5aac5ba805825da76410c181273ba90b1	2026-10-06T10:19:56.0674067Z with:
compare-simulation-hashes	Run actions/checkout@3d3c42e5aac5ba805825da76410c181273ba90b1	2026-10-06T10:19:56.0675421Z   repository: peppone-choi/OpenHOI4
compare-simulation-hashes	Run actions/checkout@3d3c42e5aac5ba805825da76410c181273ba90b1	2026-10-06T10:19:56.0685031Z   token: ***
compare-simulation-hashes	Run actions/checkout@3d3c42e5aac5ba805825da76410c181273ba90b1	2026-10-06T10:19:56.0685964Z   ssh-strict: true
compare-simulation-hashes	Run actions/checkout@3d3c42e5aac5ba805825da76410c181273ba90b1	2026-10-06T10:19:56.0686892Z   ssh-user: git
compare-simulation-hashes	Run actions/checkout@3d3c42e5aac5ba805825da76410c181273ba90b1	2026-10-06T10:19:56.0687844Z   persist-credentials: true
compare-simulation-hashes	Run actions/checkout@3d3c42e5aac5ba805825da76410c181273ba90b1	2026-10-06T10:19:56.0688871Z   clean: true
compare-simulation-hashes	Run actions/checkout@3d3c42e5aac5ba805825da76410c181273ba90b1	2026-10-06T10:19:56.0689830Z   sparse-checkout-cone-mode: true
compare-simulation-hashes	Run actions/checkout@3d3c42e5aac5ba805825da76410c181273ba90b1	2026-10-06T10:19:56.0691023Z   fetch-depth: 1
compare-simulation-hashes	Run actions/checkout@3d3c42e5aac5ba805825da76410c181273ba90b1	2026-10-06T10:19:56.0691949Z   fetch-tags: false
compare-simulation-hashes	Run actions/checkout@3d3c42e5aac5ba805825da76410c181273ba90b1	2026-10-06T10:19:56.0692899Z   show-progress: true
compare-simulation-hashes	Run actions/checkout@3d3c42e5aac5ba805825da76410c181273ba90b1	2026-10-06T10:19:56.0693877Z   lfs: false
compare-simulation-hashes	Run actions/checkout@3d3c42e5aac5ba805825da76410c181273ba90b1	2026-10-06T10:19:56.0694869Z   submodules: false
compare-simulation-hashes	Run actions/checkout@3d3c42e5aac5ba805825da76410c181273ba90b1	2026-10-06T10:19:56.0695830Z   set-safe-directory: true
compare-simulation-hashes	Run actions/checkout@3d3c42e5aac5ba805825da76410c181273ba90b1	2026-10-06T10:19:56.0696899Z   allow-unsafe-pr-checkout: false
compare-simulation-hashes	Run actions/checkout@3d3c42e5aac5ba805825da76410c181273ba90b1	2026-10-06T10:19:56.0698340Z ##[endgroup]
compare-simulation-hashes	Run actions/checkout@3d3c42e5aac5ba805825da76410c181273ba90b1	2026-10-06T10:19:56.1720163Z Syncing repository: peppone-choi/OpenHOI4
compare-simulation-hashes	Run actions/checkout@3d3c42e5aac5ba805825da76410c181273ba90b1	2026-10-06T10:19:56.1723045Z ##[group]Getting Git version info
compare-simulation-hashes	Run actions/checkout@3d3c42e5aac5ba805825da76410c181273ba90b1	2026-10-06T10:19:56.1724619Z Working directory is '/home/runner/work/OpenHOI4/OpenHOI4'
compare-simulation-hashes	Run actions/checkout@3d3c42e5aac5ba805825da76410c181273ba90b1	2026-10-06T10:19:56.1727079Z [command]/usr/bin/git version
compare-simulation-hashes	Run actions/checkout@3d3c42e5aac5ba805825da76410c181273ba90b1	2026-10-06T10:19:56.1746745Z git version 2.55.0
compare-simulation-hashes	Run actions/checkout@3d3c42e5aac5ba805825da76410c181273ba90b1	2026-10-06T10:19:56.1767238Z ##[endgroup]
compare-simulation-hashes	Run actions/checkout@3d3c42e5aac5ba805825da76410c181273ba90b1	2026-10-06T10:19:56.1779075Z Temporarily overriding HOME='/home/runner/work/_temp/23c6f716-dcc6-4470-92c1-034eb73090e3' before making global git config changes
compare-simulation-hashes	Run actions/checkout@3d3c42e5aac5ba805825da76410c181273ba90b1	2026-10-06T10:19:56.1783561Z Adding repository directory to the temporary git global config as a safe directory
compare-simulation-hashes	Run actions/checkout@3d3c42e5aac5ba805825da76410c181273ba90b1	2026-10-06T10:19:56.1787404Z [command]/usr/bin/git config --global --add safe.directory /home/runner/work/OpenHOI4/OpenHOI4
compare-simulation-hashes	Run actions/checkout@3d3c42e5aac5ba805825da76410c181273ba90b1	2026-10-06T10:19:56.1833294Z Deleting the contents of '/home/runner/work/OpenHOI4/OpenHOI4'
compare-simulation-hashes	Run actions/checkout@3d3c42e5aac5ba805825da76410c181273ba90b1	2026-10-06T10:19:56.1836871Z ##[group]Determining repository object format
compare-simulation-hashes	Run actions/checkout@3d3c42e5aac5ba805825da76410c181273ba90b1	2026-10-06T10:19:56.1839187Z ##[endgroup]
compare-simulation-hashes	Run actions/checkout@3d3c42e5aac5ba805825da76410c181273ba90b1	2026-10-06T10:19:56.1841421Z ##[group]Initializing the repository
compare-simulation-hashes	Run actions/checkout@3d3c42e5aac5ba805825da76410c181273ba90b1	2026-10-06T10:19:56.1843572Z [command]/usr/bin/git init /home/runner/work/OpenHOI4/OpenHOI4
compare-simulation-hashes	Run actions/checkout@3d3c42e5aac5ba805825da76410c181273ba90b1	2026-10-06T10:19:56.1915971Z hint: Using 'master' as the name for the initial branch. This default branch name
compare-simulation-hashes	Run actions/checkout@3d3c42e5aac5ba805825da76410c181273ba90b1	2026-10-06T10:19:56.1918843Z hint: will change to "main" in Git 3.0. To configure the initial branch name
compare-simulation-hashes	Run actions/checkout@3d3c42e5aac5ba805825da76410c181273ba90b1	2026-10-06T10:19:56.1921521Z hint: to use in all of your new repositories, which will suppress this warning,
compare-simulation-hashes	Run actions/checkout@3d3c42e5aac5ba805825da76410c181273ba90b1	2026-10-06T10:19:56.1923612Z hint: call:
compare-simulation-hashes	Run actions/checkout@3d3c42e5aac5ba805825da76410c181273ba90b1	2026-10-06T10:19:56.1924999Z hint:
compare-simulation-hashes	Run actions/checkout@3d3c42e5aac5ba805825da76410c181273ba90b1	2026-10-06T10:19:56.1926243Z hint: 	git config --global init.defaultBranch <name>
compare-simulation-hashes	Run actions/checkout@3d3c42e5aac5ba805825da76410c181273ba90b1	2026-10-06T10:19:56.1927713Z hint:
compare-simulation-hashes	Run actions/checkout@3d3c42e5aac5ba805825da76410c181273ba90b1	2026-10-06T10:19:56.1929223Z hint: Names commonly chosen instead of 'master' are 'main', 'trunk' and
compare-simulation-hashes	Run actions/checkout@3d3c42e5aac5ba805825da76410c181273ba90b1	2026-10-06T10:19:56.1931348Z hint: 'development'. The just-created branch can be renamed via this command:
compare-simulation-hashes	Run actions/checkout@3d3c42e5aac5ba805825da76410c181273ba90b1	2026-10-06T10:19:56.1932896Z hint:
compare-simulation-hashes	Run actions/checkout@3d3c42e5aac5ba805825da76410c181273ba90b1	2026-10-06T10:19:56.1933765Z hint: 	git branch -m <name>
compare-simulation-hashes	Run actions/checkout@3d3c42e5aac5ba805825da76410c181273ba90b1	2026-10-06T10:19:56.1935149Z hint:
compare-simulation-hashes	Run actions/checkout@3d3c42e5aac5ba805825da76410c181273ba90b1	2026-10-06T10:19:56.1936476Z hint: Disable this message with "git config set advice.defaultBranchName false"
compare-simulation-hashes	Run actions/checkout@3d3c42e5aac5ba805825da76410c181273ba90b1	2026-10-06T10:19:56.1938549Z Initialized empty Git repository in /home/runner/work/OpenHOI4/OpenHOI4/.git/
compare-simulation-hashes	Run actions/checkout@3d3c42e5aac5ba805825da76410c181273ba90b1	2026-10-06T10:19:56.1941859Z [command]/usr/bin/git remote add origin https://github.com/peppone-choi/OpenHOI4
compare-simulation-hashes	Run actions/checkout@3d3c42e5aac5ba805825da76410c181273ba90b1	2026-10-06T10:19:56.2006475Z ##[endgroup]
compare-simulation-hashes	Run actions/checkout@3d3c42e5aac5ba805825da76410c181273ba90b1	2026-10-06T10:19:56.2008088Z ##[group]Disabling automatic garbage collection
compare-simulation-hashes	Run actions/checkout@3d3c42e5aac5ba805825da76410c181273ba90b1	2026-10-06T10:19:56.2010491Z [command]/usr/bin/git config --local gc.auto 0
compare-simulation-hashes	Run actions/checkout@3d3c42e5aac5ba805825da76410c181273ba90b1	2026-10-06T10:19:56.2042418Z ##[endgroup]
compare-simulation-hashes	Run actions/checkout@3d3c42e5aac5ba805825da76410c181273ba90b1	2026-10-06T10:19:56.2044948Z ##[group]Setting up auth
compare-simulation-hashes	Run actions/checkout@3d3c42e5aac5ba805825da76410c181273ba90b1	2026-10-06T10:19:56.2046646Z Removing SSH command configuration
compare-simulation-hashes	Run actions/checkout@3d3c42e5aac5ba805825da76410c181273ba90b1	2026-10-06T10:19:56.2049181Z [command]/usr/bin/git config --local --name-only --get-regexp core\.sshCommand
compare-simulation-hashes	Run actions/checkout@3d3c42e5aac5ba805825da76410c181273ba90b1	2026-10-06T10:19:56.2082016Z [command]/usr/bin/git submodule foreach --recursive sh -c "git config --local --name-only --get-regexp 'core\.sshCommand' && git config --local --unset-all 'core.sshCommand' || :"
compare-simulation-hashes	Run actions/checkout@3d3c42e5aac5ba805825da76410c181273ba90b1	2026-10-06T10:19:56.2393018Z Removing HTTP extra header
compare-simulation-hashes	Run actions/checkout@3d3c42e5aac5ba805825da76410c181273ba90b1	2026-10-06T10:19:56.2398102Z [command]/usr/bin/git config --local --name-only --get-regexp http\.https\:\/\/github\.com\/\.extraheader
compare-simulation-hashes	Run actions/checkout@3d3c42e5aac5ba805825da76410c181273ba90b1	2026-10-06T10:19:56.2433374Z [command]/usr/bin/git submodule foreach --recursive sh -c "git config --local --name-only --get-regexp 'http\.https\:\/\/github\.com\/\.extraheader' && git config --local --unset-all 'http.https://github.com/.extraheader' || :"
compare-simulation-hashes	Run actions/checkout@3d3c42e5aac5ba805825da76410c181273ba90b1	2026-10-06T10:19:56.2655845Z Removing includeIf entries pointing to credentials config files
compare-simulation-hashes	Run actions/checkout@3d3c42e5aac5ba805825da76410c181273ba90b1	2026-10-06T10:19:56.2659836Z [command]/usr/bin/git config --local --name-only --get-regexp ^includeIf\.gitdir:
compare-simulation-hashes	Run actions/checkout@3d3c42e5aac5ba805825da76410c181273ba90b1	2026-10-06T10:19:56.2693211Z [command]/usr/bin/git submodule foreach --recursive git config --local --show-origin --name-only --get-regexp remote.origin.url
compare-simulation-hashes	Run actions/checkout@3d3c42e5aac5ba805825da76410c181273ba90b1	2026-10-06T10:19:56.2923072Z [command]/usr/bin/git config --file /home/runner/work/_temp/git-credentials-03475da3-2bd5-40b7-8f6a-a874fef12426.config http.https://github.com/.extraheader AUTHORIZATION: basic ***
compare-simulation-hashes	Run actions/checkout@3d3c42e5aac5ba805825da76410c181273ba90b1	2026-10-06T10:19:56.2963163Z [command]/usr/bin/git config --local includeIf.gitdir:/home/runner/work/OpenHOI4/OpenHOI4/.git.path /home/runner/work/_temp/git-credentials-03475da3-2bd5-40b7-8f6a-a874fef12426.config
compare-simulation-hashes	Run actions/checkout@3d3c42e5aac5ba805825da76410c181273ba90b1	2026-10-06T10:19:56.2995897Z [command]/usr/bin/git config --local includeIf.gitdir:/home/runner/work/OpenHOI4/OpenHOI4/.git/worktrees/*.path /home/runner/work/_temp/git-credentials-03475da3-2bd5-40b7-8f6a-a874fef12426.config
compare-simulation-hashes	Run actions/checkout@3d3c42e5aac5ba805825da76410c181273ba90b1	2026-10-06T10:19:56.3029035Z [command]/usr/bin/git config --local includeIf.gitdir:/github/workspace/.git.path /github/runner_temp/git-credentials-03475da3-2bd5-40b7-8f6a-a874fef12426.config
compare-simulation-hashes	Run actions/checkout@3d3c42e5aac5ba805825da76410c181273ba90b1	2026-10-06T10:19:56.3060994Z [command]/usr/bin/git config --local includeIf.gitdir:/github/workspace/.git/worktrees/*.path /github/runner_temp/git-credentials-03475da3-2bd5-40b7-8f6a-a874fef12426.config
compare-simulation-hashes	Run actions/checkout@3d3c42e5aac5ba805825da76410c181273ba90b1	2026-10-06T10:19:56.3090465Z ##[endgroup]
compare-simulation-hashes	Run actions/checkout@3d3c42e5aac5ba805825da76410c181273ba90b1	2026-10-06T10:19:56.3092282Z ##[group]Fetching the repository
compare-simulation-hashes	Run actions/checkout@3d3c42e5aac5ba805825da76410c181273ba90b1	2026-10-06T10:19:56.3096507Z [command]/usr/bin/git -c protocol.version=2 fetch --no-tags --prune --no-recurse-submodules --depth=1 origin +d6ae2c8f176d6e8fdc0bc1a102ec2eb74ccac756:refs/remotes/origin/main
compare-simulation-hashes	Run actions/checkout@3d3c42e5aac5ba805825da76410c181273ba90b1	2026-10-06T10:19:56.9675738Z From https://github.com/peppone-choi/OpenHOI4
compare-simulation-hashes	Run actions/checkout@3d3c42e5aac5ba805825da76410c181273ba90b1	2026-10-06T10:19:56.9677463Z  * [new ref]         d6ae2c8f176d6e8fdc0bc1a102ec2eb74ccac756 -> origin/main
compare-simulation-hashes	Run actions/checkout@3d3c42e5aac5ba805825da76410c181273ba90b1	2026-10-06T10:19:56.9686266Z [command]/usr/bin/git branch --list --remote origin/main
compare-simulation-hashes	Run actions/checkout@3d3c42e5aac5ba805825da76410c181273ba90b1	2026-10-06T10:19:56.9712083Z   origin/main
compare-simulation-hashes	Run actions/checkout@3d3c42e5aac5ba805825da76410c181273ba90b1	2026-10-06T10:19:56.9719818Z [command]/usr/bin/git rev-parse refs/remotes/origin/main
compare-simulation-hashes	Run actions/checkout@3d3c42e5aac5ba805825da76410c181273ba90b1	2026-10-06T10:19:56.9742811Z d6ae2c8f176d6e8fdc0bc1a102ec2eb74ccac756
compare-simulation-hashes	Run actions/checkout@3d3c42e5aac5ba805825da76410c181273ba90b1	2026-10-06T10:19:56.9746884Z ##[endgroup]
compare-simulation-hashes	Run actions/checkout@3d3c42e5aac5ba805825da76410c181273ba90b1	2026-10-06T10:19:56.9747411Z ##[group]Determining the checkout info
compare-simulation-hashes	Run actions/checkout@3d3c42e5aac5ba805825da76410c181273ba90b1	2026-10-06T10:19:56.9748204Z ##[endgroup]
compare-simulation-hashes	Run actions/checkout@3d3c42e5aac5ba805825da76410c181273ba90b1	2026-10-06T10:19:56.9751755Z [command]/usr/bin/git sparse-checkout disable
compare-simulation-hashes	Run actions/checkout@3d3c42e5aac5ba805825da76410c181273ba90b1	2026-10-06T10:19:56.9799287Z [command]/usr/bin/git config --local --unset-all extensions.worktreeConfig
compare-simulation-hashes	Run actions/checkout@3d3c42e5aac5ba805825da76410c181273ba90b1	2026-10-06T10:19:56.9828524Z ##[group]Checking out the ref
compare-simulation-hashes	Run actions/checkout@3d3c42e5aac5ba805825da76410c181273ba90b1	2026-10-06T10:19:56.9832086Z [command]/usr/bin/git checkout --progress --force -B main refs/remotes/origin/main
compare-simulation-hashes	Run actions/checkout@3d3c42e5aac5ba805825da76410c181273ba90b1	2026-10-06T10:19:57.0241419Z Switched to a new branch 'main'
compare-simulation-hashes	Run actions/checkout@3d3c42e5aac5ba805825da76410c181273ba90b1	2026-10-06T10:19:57.0246682Z branch 'main' set up to track 'origin/main'.
compare-simulation-hashes	Run actions/checkout@3d3c42e5aac5ba805825da76410c181273ba90b1	2026-10-06T10:19:57.0255892Z ##[endgroup]
compare-simulation-hashes	Run actions/checkout@3d3c42e5aac5ba805825da76410c181273ba90b1	2026-10-06T10:19:57.0299494Z [command]/usr/bin/git log -1 --format=%H
compare-simulation-hashes	Run actions/checkout@3d3c42e5aac5ba805825da76410c181273ba90b1	2026-10-06T10:19:57.0325277Z d6ae2c8f176d6e8fdc0bc1a102ec2eb74ccac756
compare-simulation-hashes	Run actions/setup-python@5fda3b95a4ea91299a34e894583c3862153e4b97	﻿2026-10-06T10:19:57.0594422Z ##[group]Run actions/setup-python@5fda3b95a4ea91299a34e894583c3862153e4b97
compare-simulation-hashes	Run actions/setup-python@5fda3b95a4ea91299a34e894583c3862153e4b97	2026-10-06T10:19:57.0595205Z with:
compare-simulation-hashes	Run actions/setup-python@5fda3b95a4ea91299a34e894583c3862153e4b97	2026-10-06T10:19:57.0595483Z   python-version: 3.11
compare-simulation-hashes	Run actions/setup-python@5fda3b95a4ea91299a34e894583c3862153e4b97	2026-10-06T10:19:57.0595786Z   check-latest: false
compare-simulation-hashes	Run actions/setup-python@5fda3b95a4ea91299a34e894583c3862153e4b97	2026-10-06T10:19:57.0598546Z   token: ***
compare-simulation-hashes	Run actions/setup-python@5fda3b95a4ea91299a34e894583c3862153e4b97	2026-10-06T10:19:57.0598828Z   update-environment: true
compare-simulation-hashes	Run actions/setup-python@5fda3b95a4ea91299a34e894583c3862153e4b97	2026-10-06T10:19:57.0599151Z   allow-prereleases: false
compare-simulation-hashes	Run actions/setup-python@5fda3b95a4ea91299a34e894583c3862153e4b97	2026-10-06T10:19:57.0599447Z   freethreaded: false
compare-simulation-hashes	Run actions/setup-python@5fda3b95a4ea91299a34e894583c3862153e4b97	2026-10-06T10:19:57.0599728Z ##[endgroup]
compare-simulation-hashes	Run actions/setup-python@5fda3b95a4ea91299a34e894583c3862153e4b97	2026-10-06T10:19:57.1865902Z ##[group]Installed versions
compare-simulation-hashes	Run actions/setup-python@5fda3b95a4ea91299a34e894583c3862153e4b97	2026-10-06T10:19:57.2238358Z Successfully set up CPython (3.11.16)
compare-simulation-hashes	Run actions/setup-python@5fda3b95a4ea91299a34e894583c3862153e4b97	2026-10-06T10:19:57.2239193Z ##[endgroup]
compare-simulation-hashes	Run actions/download-artifact@3e5f45b2cfb9172054b4087a40e8e0b5a5461e7c	﻿2026-10-06T10:19:57.2385352Z ##[group]Run actions/download-artifact@3e5f45b2cfb9172054b4087a40e8e0b5a5461e7c
compare-simulation-hashes	Run actions/download-artifact@3e5f45b2cfb9172054b4087a40e8e0b5a5461e7c	2026-10-06T10:19:57.2385912Z with:
compare-simulation-hashes	Run actions/download-artifact@3e5f45b2cfb9172054b4087a40e8e0b5a5461e7c	2026-10-06T10:19:57.2386179Z   pattern: sim-hash-*
compare-simulation-hashes	Run actions/download-artifact@3e5f45b2cfb9172054b4087a40e8e0b5a5461e7c	2026-10-06T10:19:57.2386467Z   path: sim-hashes
compare-simulation-hashes	Run actions/download-artifact@3e5f45b2cfb9172054b4087a40e8e0b5a5461e7c	2026-10-06T10:19:57.2386750Z   merge-multiple: false
compare-simulation-hashes	Run actions/download-artifact@3e5f45b2cfb9172054b4087a40e8e0b5a5461e7c	2026-10-06T10:19:57.2387070Z   repository: peppone-choi/OpenHOI4
compare-simulation-hashes	Run actions/download-artifact@3e5f45b2cfb9172054b4087a40e8e0b5a5461e7c	2026-10-06T10:19:57.2387394Z   run-id: 37448564362
compare-simulation-hashes	Run actions/download-artifact@3e5f45b2cfb9172054b4087a40e8e0b5a5461e7c	2026-10-06T10:19:57.2387678Z   skip-decompress: false
compare-simulation-hashes	Run actions/download-artifact@3e5f45b2cfb9172054b4087a40e8e0b5a5461e7c	2026-10-06T10:19:57.2387978Z   digest-mismatch: error
compare-simulation-hashes	Run actions/download-artifact@3e5f45b2cfb9172054b4087a40e8e0b5a5461e7c	2026-10-06T10:19:57.2388256Z env:
compare-simulation-hashes	Run actions/download-artifact@3e5f45b2cfb9172054b4087a40e8e0b5a5461e7c	2026-10-06T10:19:57.2388581Z   pythonLocation: /opt/hostedtoolcache/Python/3.11.16/x64
compare-simulation-hashes	Run actions/download-artifact@3e5f45b2cfb9172054b4087a40e8e0b5a5461e7c	2026-10-06T10:19:57.2389107Z   PKG_CONFIG_PATH: /opt/hostedtoolcache/Python/3.11.16/x64/lib/pkgconfig
compare-simulation-hashes	Run actions/download-artifact@3e5f45b2cfb9172054b4087a40e8e0b5a5461e7c	2026-10-06T10:19:57.2389601Z   Python_ROOT_DIR: /opt/hostedtoolcache/Python/3.11.16/x64
compare-simulation-hashes	Run actions/download-artifact@3e5f45b2cfb9172054b4087a40e8e0b5a5461e7c	2026-10-06T10:19:57.2390046Z   Python2_ROOT_DIR: /opt/hostedtoolcache/Python/3.11.16/x64
compare-simulation-hashes	Run actions/download-artifact@3e5f45b2cfb9172054b4087a40e8e0b5a5461e7c	2026-10-06T10:19:57.2390494Z   Python3_ROOT_DIR: /opt/hostedtoolcache/Python/3.11.16/x64
compare-simulation-hashes	Run actions/download-artifact@3e5f45b2cfb9172054b4087a40e8e0b5a5461e7c	2026-10-06T10:19:57.2390952Z   LD_LIBRARY_PATH: /opt/hostedtoolcache/Python/3.11.16/x64/lib
compare-simulation-hashes	Run actions/download-artifact@3e5f45b2cfb9172054b4087a40e8e0b5a5461e7c	2026-10-06T10:19:57.2391379Z ##[endgroup]
compare-simulation-hashes	Run actions/download-artifact@3e5f45b2cfb9172054b4087a40e8e0b5a5461e7c	2026-10-06T10:19:57.5141412Z Found 3 artifact(s)
compare-simulation-hashes	Run actions/download-artifact@3e5f45b2cfb9172054b4087a40e8e0b5a5461e7c	2026-10-06T10:19:57.5143356Z Filtering artifacts by pattern 'sim-hash-*'
compare-simulation-hashes	Run actions/download-artifact@3e5f45b2cfb9172054b4087a40e8e0b5a5461e7c	2026-10-06T10:19:57.5161664Z Preparing to download the following artifacts:
compare-simulation-hashes	Run actions/download-artifact@3e5f45b2cfb9172054b4087a40e8e0b5a5461e7c	2026-10-06T10:19:57.5165560Z - sim-hash-windows-latest (ID: 11405330571, Size: 418, Expected Digest: sha256:7e8da2fabc0ba7e4cfee94a91c8d671afdac50bbf50bc549755e97f3f0330e20)
compare-simulation-hashes	Run actions/download-artifact@3e5f45b2cfb9172054b4087a40e8e0b5a5461e7c	2026-10-06T10:19:57.5168132Z - sim-hash-ubuntu-latest (ID: 11404423408, Size: 415, Expected Digest: sha256:5b480d785a9543502ebf9e34f3ba280c9e52e6cec8c42e8037cefff57341eeeb)
compare-simulation-hashes	Run actions/download-artifact@3e5f45b2cfb9172054b4087a40e8e0b5a5461e7c	2026-10-06T10:19:57.5170240Z - sim-hash-macos-latest (ID: 11404134025, Size: 415, Expected Digest: sha256:aab388c3d7b463c992df48516a417cbee7c02876a21834e8ef1254e2ec8d27aa)
compare-simulation-hashes	Run actions/download-artifact@3e5f45b2cfb9172054b4087a40e8e0b5a5461e7c	2026-10-06T10:19:57.7641814Z Redirecting to blob download url: https://productionresultssa8.blob.core.windows.net/actions-results/8afaec05-d663-88f5-ac54-7cec0607cd70/workflow-job-run-69e7637e-ba57-5e44-be8f-40513716a1c5/artifacts/7fb17361019fdac3b73fd52b7afe92211545328a4fc9dc1c663414eb3ae368c0.zip
compare-simulation-hashes	Run actions/download-artifact@3e5f45b2cfb9172054b4087a40e8e0b5a5461e7c	2026-10-06T10:19:57.7643768Z Starting download of artifact to: /home/runner/work/OpenHOI4/OpenHOI4/sim-hashes/sim-hash-ubuntu-latest
compare-simulation-hashes	Run actions/download-artifact@3e5f45b2cfb9172054b4087a40e8e0b5a5461e7c	2026-10-06T10:19:57.7739599Z Redirecting to blob download url: https://productionresultssa8.blob.core.windows.net/actions-results/8afaec05-d663-88f5-ac54-7cec0607cd70/workflow-job-run-9a85afbb-5fbf-52bc-a25e-50841079cf7a/artifacts/5371a8d1f36cf1d0d2b9bed696eba8d5371a93dc33292c7aad0d7acb9d1bd57f.zip
compare-simulation-hashes	Run actions/download-artifact@3e5f45b2cfb9172054b4087a40e8e0b5a5461e7c	2026-10-06T10:19:57.7741168Z Starting download of artifact to: /home/runner/work/OpenHOI4/OpenHOI4/sim-hashes/sim-hash-macos-latest
compare-simulation-hashes	Run actions/download-artifact@3e5f45b2cfb9172054b4087a40e8e0b5a5461e7c	2026-10-06T10:19:57.7765566Z Redirecting to blob download url: https://productionresultssa8.blob.core.windows.net/actions-results/8afaec05-d663-88f5-ac54-7cec0607cd70/workflow-job-run-146912a1-1dd6-50b0-a048-80cbd064984f/artifacts/928e9f259b447d6568424b20e4fbd532cdcf44d68b168dbb598ebf42f16d4300.zip
compare-simulation-hashes	Run actions/download-artifact@3e5f45b2cfb9172054b4087a40e8e0b5a5461e7c	2026-10-06T10:19:57.7767788Z Starting download of artifact to: /home/runner/work/OpenHOI4/OpenHOI4/sim-hashes/sim-hash-windows-latest
compare-simulation-hashes	Run actions/download-artifact@3e5f45b2cfb9172054b4087a40e8e0b5a5461e7c	2026-10-06T10:19:57.8659555Z (node:2323) [DEP0005] DeprecationWarning: Buffer() is deprecated due to security and usability issues. Please use the Buffer.alloc(), Buffer.allocUnsafe(), or Buffer.from() methods instead.
compare-simulation-hashes	Run actions/download-artifact@3e5f45b2cfb9172054b4087a40e8e0b5a5461e7c	2026-10-06T10:19:57.8661470Z (Use `node --trace-deprecation ...` to show where the warning was created)
compare-simulation-hashes	Run actions/download-artifact@3e5f45b2cfb9172054b4087a40e8e0b5a5461e7c	2026-10-06T10:19:57.8816811Z SHA256 digest of downloaded artifact is 5b480d785a9543502ebf9e34f3ba280c9e52e6cec8c42e8037cefff57341eeeb
compare-simulation-hashes	Run actions/download-artifact@3e5f45b2cfb9172054b4087a40e8e0b5a5461e7c	2026-10-06T10:19:57.8817971Z Artifact download completed successfully.
compare-simulation-hashes	Run actions/download-artifact@3e5f45b2cfb9172054b4087a40e8e0b5a5461e7c	2026-10-06T10:19:57.8832214Z SHA256 digest of downloaded artifact is aab388c3d7b463c992df48516a417cbee7c02876a21834e8ef1254e2ec8d27aa
compare-simulation-hashes	Run actions/download-artifact@3e5f45b2cfb9172054b4087a40e8e0b5a5461e7c	2026-10-06T10:19:57.8833262Z Artifact download completed successfully.
compare-simulation-hashes	Run actions/download-artifact@3e5f45b2cfb9172054b4087a40e8e0b5a5461e7c	2026-10-06T10:19:57.8836393Z SHA256 digest of downloaded artifact is 7e8da2fabc0ba7e4cfee94a91c8d671afdac50bbf50bc549755e97f3f0330e20
compare-simulation-hashes	Run actions/download-artifact@3e5f45b2cfb9172054b4087a40e8e0b5a5461e7c	2026-10-06T10:19:57.8837107Z Artifact download completed successfully.
compare-simulation-hashes	Run actions/download-artifact@3e5f45b2cfb9172054b4087a40e8e0b5a5461e7c	2026-10-06T10:19:57.8837856Z Total of 3 artifact(s) downloaded
compare-simulation-hashes	Run actions/download-artifact@3e5f45b2cfb9172054b4087a40e8e0b5a5461e7c	2026-10-06T10:19:57.8841994Z Download artifact has finished successfully
compare-simulation-hashes	Require two matching actual runs from each of all three OS	﻿2026-10-06T10:19:57.8969572Z ##[group]Run python crates/oh_sim/tools/check_sim_determinism.py compare --root sim-hashes
compare-simulation-hashes	Require two matching actual runs from each of all three OS	2026-10-06T10:19:57.8970454Z [36;1mpython crates/oh_sim/tools/check_sim_determinism.py compare --root sim-hashes[0m
compare-simulation-hashes	Require two matching actual runs from each of all three OS	2026-10-06T10:19:57.9355616Z shell: /usr/bin/bash -e {0}
compare-simulation-hashes	Require two matching actual runs from each of all three OS	2026-10-06T10:19:57.9356028Z env:
compare-simulation-hashes	Require two matching actual runs from each of all three OS	2026-10-06T10:19:57.9356413Z   pythonLocation: /opt/hostedtoolcache/Python/3.11.16/x64
compare-simulation-hashes	Require two matching actual runs from each of all three OS	2026-10-06T10:19:57.9356970Z   PKG_CONFIG_PATH: /opt/hostedtoolcache/Python/3.11.16/x64/lib/pkgconfig
compare-simulation-hashes	Require two matching actual runs from each of all three OS	2026-10-06T10:19:57.9357526Z   Python_ROOT_DIR: /opt/hostedtoolcache/Python/3.11.16/x64
compare-simulation-hashes	Require two matching actual runs from each of all three OS	2026-10-06T10:19:57.9358016Z   Python2_ROOT_DIR: /opt/hostedtoolcache/Python/3.11.16/x64
compare-simulation-hashes	Require two matching actual runs from each of all three OS	2026-10-06T10:19:57.9358492Z   Python3_ROOT_DIR: /opt/hostedtoolcache/Python/3.11.16/x64
compare-simulation-hashes	Require two matching actual runs from each of all three OS	2026-10-06T10:19:57.9358979Z   LD_LIBRARY_PATH: /opt/hostedtoolcache/Python/3.11.16/x64/lib
compare-simulation-hashes	Require two matching actual runs from each of all three OS	2026-10-06T10:19:57.9359402Z ##[endgroup]
compare-simulation-hashes	Require two matching actual runs from each of all three OS	2026-10-06T10:19:58.7713814Z ubuntu-latest: ff921fd8148e699d
compare-simulation-hashes	Require two matching actual runs from each of all three OS	2026-10-06T10:19:58.7714434Z windows-latest: ff921fd8148e699d
compare-simulation-hashes	Require two matching actual runs from each of all three OS	2026-10-06T10:19:58.7715379Z macos-latest: ff921fd8148e699d
compare-simulation-hashes	Post Run actions/setup-python@5fda3b95a4ea91299a34e894583c3862153e4b97	﻿2026-10-06T10:19:58.7876926Z Post job cleanup.
compare-simulation-hashes	Post Run actions/checkout@3d3c42e5aac5ba805825da76410c181273ba90b1	﻿2026-10-06T10:19:58.9185294Z Post job cleanup.
compare-simulation-hashes	Post Run actions/checkout@3d3c42e5aac5ba805825da76410c181273ba90b1	2026-10-06T10:19:59.0008082Z [command]/usr/bin/git version
compare-simulation-hashes	Post Run actions/checkout@3d3c42e5aac5ba805825da76410c181273ba90b1	2026-10-06T10:19:59.0053374Z git version 2.55.0
compare-simulation-hashes	Post Run actions/checkout@3d3c42e5aac5ba805825da76410c181273ba90b1	2026-10-06T10:19:59.0088509Z Temporarily overriding HOME='/home/runner/work/_temp/418ea2e3-30c3-4576-86f2-fc333e85dc06' before making global git config changes
compare-simulation-hashes	Post Run actions/checkout@3d3c42e5aac5ba805825da76410c181273ba90b1	2026-10-06T10:19:59.0089906Z Adding repository directory to the temporary git global config as a safe directory
compare-simulation-hashes	Post Run actions/checkout@3d3c42e5aac5ba805825da76410c181273ba90b1	2026-10-06T10:19:59.0093973Z [command]/usr/bin/git config --global --add safe.directory /home/runner/work/OpenHOI4/OpenHOI4
compare-simulation-hashes	Post Run actions/checkout@3d3c42e5aac5ba805825da76410c181273ba90b1	2026-10-06T10:19:59.0127213Z Removing SSH command configuration
compare-simulation-hashes	Post Run actions/checkout@3d3c42e5aac5ba805825da76410c181273ba90b1	2026-10-06T10:19:59.0133747Z [command]/usr/bin/git config --local --name-only --get-regexp core\.sshCommand
compare-simulation-hashes	Post Run actions/checkout@3d3c42e5aac5ba805825da76410c181273ba90b1	2026-10-06T10:19:59.0168815Z [command]/usr/bin/git submodule foreach --recursive sh -c "git config --local --name-only --get-regexp 'core\.sshCommand' && git config --local --unset-all 'core.sshCommand' || :"
compare-simulation-hashes	Post Run actions/checkout@3d3c42e5aac5ba805825da76410c181273ba90b1	2026-10-06T10:19:59.0407813Z Removing HTTP extra header
compare-simulation-hashes	Post Run actions/checkout@3d3c42e5aac5ba805825da76410c181273ba90b1	2026-10-06T10:19:59.0412166Z [command]/usr/bin/git config --local --name-only --get-regexp http\.https\:\/\/github\.com\/\.extraheader
compare-simulation-hashes	Post Run actions/checkout@3d3c42e5aac5ba805825da76410c181273ba90b1	2026-10-06T10:19:59.0447353Z [command]/usr/bin/git submodule foreach --recursive sh -c "git config --local --name-only --get-regexp 'http\.https\:\/\/github\.com\/\.extraheader' && git config --local --unset-all 'http.https://github.com/.extraheader' || :"
compare-simulation-hashes	Post Run actions/checkout@3d3c42e5aac5ba805825da76410c181273ba90b1	2026-10-06T10:19:59.0685675Z Removing includeIf entries pointing to credentials config files
compare-simulation-hashes	Post Run actions/checkout@3d3c42e5aac5ba805825da76410c181273ba90b1	2026-10-06T10:19:59.0691974Z [command]/usr/bin/git config --local --name-only --get-regexp ^includeIf\.gitdir:
compare-simulation-hashes	Post Run actions/checkout@3d3c42e5aac5ba805825da76410c181273ba90b1	2026-10-06T10:19:59.0719561Z includeif.gitdir:/home/runner/work/OpenHOI4/OpenHOI4/.git.path
compare-simulation-hashes	Post Run actions/checkout@3d3c42e5aac5ba805825da76410c181273ba90b1	2026-10-06T10:19:59.0720245Z includeif.gitdir:/home/runner/work/OpenHOI4/OpenHOI4/.git/worktrees/*.path
compare-simulation-hashes	Post Run actions/checkout@3d3c42e5aac5ba805825da76410c181273ba90b1	2026-10-06T10:19:59.0720750Z includeif.gitdir:/github/workspace/.git.path
compare-simulation-hashes	Post Run actions/checkout@3d3c42e5aac5ba805825da76410c181273ba90b1	2026-10-06T10:19:59.0721185Z includeif.gitdir:/github/workspace/.git/worktrees/*.path
compare-simulation-hashes	Post Run actions/checkout@3d3c42e5aac5ba805825da76410c181273ba90b1	2026-10-06T10:19:59.0729679Z [command]/usr/bin/git config --local --get-all includeif.gitdir:/home/runner/work/OpenHOI4/OpenHOI4/.git.path
compare-simulation-hashes	Post Run actions/checkout@3d3c42e5aac5ba805825da76410c181273ba90b1	2026-10-06T10:19:59.0753814Z /home/runner/work/_temp/git-credentials-03475da3-2bd5-40b7-8f6a-a874fef12426.config
compare-simulation-hashes	Post Run actions/checkout@3d3c42e5aac5ba805825da76410c181273ba90b1	2026-10-06T10:19:59.0763662Z [command]/usr/bin/git config --local --unset includeif.gitdir:/home/runner/work/OpenHOI4/OpenHOI4/.git.path \/home\/runner\/work\/_temp\/git\-credentials\-03475da3\-2bd5\-40b7\-8f6a\-a874fef12426\.config
compare-simulation-hashes	Post Run actions/checkout@3d3c42e5aac5ba805825da76410c181273ba90b1	2026-10-06T10:19:59.0799923Z [command]/usr/bin/git config --local --get-all includeif.gitdir:/home/runner/work/OpenHOI4/OpenHOI4/.git/worktrees/*.path
compare-simulation-hashes	Post Run actions/checkout@3d3c42e5aac5ba805825da76410c181273ba90b1	2026-10-06T10:19:59.0823845Z /home/runner/work/_temp/git-credentials-03475da3-2bd5-40b7-8f6a-a874fef12426.config
compare-simulation-hashes	Post Run actions/checkout@3d3c42e5aac5ba805825da76410c181273ba90b1	2026-10-06T10:19:59.0832837Z [command]/usr/bin/git config --local --unset includeif.gitdir:/home/runner/work/OpenHOI4/OpenHOI4/.git/worktrees/*.path \/home\/runner\/work\/_temp\/git\-credentials\-03475da3\-2bd5\-40b7\-8f6a\-a874fef12426\.config
compare-simulation-hashes	Post Run actions/checkout@3d3c42e5aac5ba805825da76410c181273ba90b1	2026-10-06T10:19:59.0873515Z [command]/usr/bin/git config --local --get-all includeif.gitdir:/github/workspace/.git.path
compare-simulation-hashes	Post Run actions/checkout@3d3c42e5aac5ba805825da76410c181273ba90b1	2026-10-06T10:19:59.0896669Z /github/runner_temp/git-credentials-03475da3-2bd5-40b7-8f6a-a874fef12426.config
compare-simulation-hashes	Post Run actions/checkout@3d3c42e5aac5ba805825da76410c181273ba90b1	2026-10-06T10:19:59.0925436Z [command]/usr/bin/git config --local --unset includeif.gitdir:/github/workspace/.git.path \/github\/runner_temp\/git\-credentials\-03475da3\-2bd5\-40b7\-8f6a\-a874fef12426\.config
compare-simulation-hashes	Post Run actions/checkout@3d3c42e5aac5ba805825da76410c181273ba90b1	2026-10-06T10:19:59.0940494Z [command]/usr/bin/git config --local --get-all includeif.gitdir:/github/workspace/.git/worktrees/*.path
compare-simulation-hashes	Post Run actions/checkout@3d3c42e5aac5ba805825da76410c181273ba90b1	2026-10-06T10:19:59.0963205Z /github/runner_temp/git-credentials-03475da3-2bd5-40b7-8f6a-a874fef12426.config
compare-simulation-hashes	Post Run actions/checkout@3d3c42e5aac5ba805825da76410c181273ba90b1	2026-10-06T10:19:59.0971612Z [command]/usr/bin/git config --local --unset includeif.gitdir:/github/workspace/.git/worktrees/*.path \/github\/runner_temp\/git\-credentials\-03475da3\-2bd5\-40b7\-8f6a\-a874fef12426\.config
compare-simulation-hashes	Post Run actions/checkout@3d3c42e5aac5ba805825da76410c181273ba90b1	2026-10-06T10:19:59.1007739Z [command]/usr/bin/git submodule foreach --recursive git config --local --show-origin --name-only --get-regexp remote.origin.url
compare-simulation-hashes	Post Run actions/checkout@3d3c42e5aac5ba805825da76410c181273ba90b1	2026-10-06T10:19:59.1243250Z Removing credentials config '/home/runner/work/_temp/git-credentials-03475da3-2bd5-40b7-8f6a-a874fef12426.config'
compare-simulation-hashes	Complete job	﻿2026-10-06T10:19:59.1391811Z Cleaning up orphan processes
