core-probe (ubuntu-latest)	Set up job	﻿2026-10-06T10:17:14.1511654Z Current runner version: '2.337.0'
core-probe (ubuntu-latest)	Set up job	2026-10-06T10:17:14.1542326Z ##[group]Runner Image Provisioner
core-probe (ubuntu-latest)	Set up job	2026-10-06T10:17:14.1543324Z Hosted Compute Agent
core-probe (ubuntu-latest)	Set up job	2026-10-06T10:17:14.1544018Z Version: 20260901.588
core-probe (ubuntu-latest)	Set up job	2026-10-06T10:17:14.1544847Z Commit: f88ec8081b781fac6c440065ac7ff9e710ce3d0b
core-probe (ubuntu-latest)	Set up job	2026-10-06T10:17:14.1545688Z Build Date: 2026-09-01T19:56:44Z
core-probe (ubuntu-latest)	Set up job	2026-10-06T10:17:14.1546530Z Worker ID: {6aa2e307-17d4-40f6-a18a-a898935b57f3}
core-probe (ubuntu-latest)	Set up job	2026-10-06T10:17:14.1547654Z Azure Region: eastus
core-probe (ubuntu-latest)	Set up job	2026-10-06T10:17:14.1548321Z ##[endgroup]
core-probe (ubuntu-latest)	Set up job	2026-10-06T10:17:14.1550849Z ##[group]Operating System
core-probe (ubuntu-latest)	Set up job	2026-10-06T10:17:14.1551688Z Ubuntu
core-probe (ubuntu-latest)	Set up job	2026-10-06T10:17:14.1552365Z 24.04.5
core-probe (ubuntu-latest)	Set up job	2026-10-06T10:17:14.1553044Z LTS
core-probe (ubuntu-latest)	Set up job	2026-10-06T10:17:14.1553660Z ##[endgroup]
core-probe (ubuntu-latest)	Set up job	2026-10-06T10:17:14.1554393Z ##[group]Runner Image
core-probe (ubuntu-latest)	Set up job	2026-10-06T10:17:14.1555141Z Image: ubuntu-24.04
core-probe (ubuntu-latest)	Set up job	2026-10-06T10:17:14.1555793Z Version: 20260927.320.1
core-probe (ubuntu-latest)	Set up job	2026-10-06T10:17:14.1557324Z Included Software: https://github.com/actions/runner-images/blob/ubuntu24/20260927.320/images/ubuntu/Ubuntu2404-Readme.md
core-probe (ubuntu-latest)	Set up job	2026-10-06T10:17:14.1559539Z Image Release: https://github.com/actions/runner-images/releases/tag/ubuntu24%2F20260927.320
core-probe (ubuntu-latest)	Set up job	2026-10-06T10:17:14.1560932Z ##[endgroup]
core-probe (ubuntu-latest)	Set up job	2026-10-06T10:17:14.1562451Z ##[group]GITHUB_TOKEN Permissions
core-probe (ubuntu-latest)	Set up job	2026-10-06T10:17:14.1564767Z Contents: read
core-probe (ubuntu-latest)	Set up job	2026-10-06T10:17:14.1565504Z Metadata: read
core-probe (ubuntu-latest)	Set up job	2026-10-06T10:17:14.1566287Z ##[endgroup]
core-probe (ubuntu-latest)	Set up job	2026-10-06T10:17:14.1568735Z Secret source: Actions
core-probe (ubuntu-latest)	Set up job	2026-10-06T10:17:14.1569985Z Cache mode: write
core-probe (ubuntu-latest)	Set up job	2026-10-06T10:17:14.1571103Z Prepare workflow directory
core-probe (ubuntu-latest)	Set up job	2026-10-06T10:17:14.1927539Z Prepare all required actions
core-probe (ubuntu-latest)	Set up job	2026-10-06T10:17:14.1981324Z Getting action download info
core-probe (ubuntu-latest)	Set up job	2026-10-06T10:17:14.3882156Z Download action repository 'actions/checkout@3d3c42e5aac5ba805825da76410c181273ba90b1' (SHA:3d3c42e5aac5ba805825da76410c181273ba90b1)
core-probe (ubuntu-latest)	Set up job	2026-10-06T10:17:14.4996152Z Download action repository 'actions/setup-python@5fda3b95a4ea91299a34e894583c3862153e4b97' (SHA:5fda3b95a4ea91299a34e894583c3862153e4b97)
core-probe (ubuntu-latest)	Set up job	2026-10-06T10:17:14.5980713Z Download action repository 'actions/upload-artifact@043fb46d1a93c77aae656e7c1c64a875d1fc6a0a' (SHA:043fb46d1a93c77aae656e7c1c64a875d1fc6a0a)
core-probe (ubuntu-latest)	Set up job	2026-10-06T10:17:14.7928533Z Complete job name: core-probe (ubuntu-latest)
core-probe (ubuntu-latest)	Run actions/checkout@3d3c42e5aac5ba805825da76410c181273ba90b1	﻿2026-10-06T10:17:14.8527500Z ##[group]Run actions/checkout@3d3c42e5aac5ba805825da76410c181273ba90b1
core-probe (ubuntu-latest)	Run actions/checkout@3d3c42e5aac5ba805825da76410c181273ba90b1	2026-10-06T10:17:14.8528358Z with:
core-probe (ubuntu-latest)	Run actions/checkout@3d3c42e5aac5ba805825da76410c181273ba90b1	2026-10-06T10:17:14.8528723Z   repository: peppone-choi/OpenHOI4
core-probe (ubuntu-latest)	Run actions/checkout@3d3c42e5aac5ba805825da76410c181273ba90b1	2026-10-06T10:17:14.8531968Z   token: ***
core-probe (ubuntu-latest)	Run actions/checkout@3d3c42e5aac5ba805825da76410c181273ba90b1	2026-10-06T10:17:14.8532315Z   ssh-strict: true
core-probe (ubuntu-latest)	Run actions/checkout@3d3c42e5aac5ba805825da76410c181273ba90b1	2026-10-06T10:17:14.8532667Z   ssh-user: git
core-probe (ubuntu-latest)	Run actions/checkout@3d3c42e5aac5ba805825da76410c181273ba90b1	2026-10-06T10:17:14.8533014Z   persist-credentials: true
core-probe (ubuntu-latest)	Run actions/checkout@3d3c42e5aac5ba805825da76410c181273ba90b1	2026-10-06T10:17:14.8533403Z   clean: true
core-probe (ubuntu-latest)	Run actions/checkout@3d3c42e5aac5ba805825da76410c181273ba90b1	2026-10-06T10:17:14.8533753Z   sparse-checkout-cone-mode: true
core-probe (ubuntu-latest)	Run actions/checkout@3d3c42e5aac5ba805825da76410c181273ba90b1	2026-10-06T10:17:14.8534157Z   fetch-depth: 1
core-probe (ubuntu-latest)	Run actions/checkout@3d3c42e5aac5ba805825da76410c181273ba90b1	2026-10-06T10:17:14.8534491Z   fetch-tags: false
core-probe (ubuntu-latest)	Run actions/checkout@3d3c42e5aac5ba805825da76410c181273ba90b1	2026-10-06T10:17:14.8534836Z   show-progress: true
core-probe (ubuntu-latest)	Run actions/checkout@3d3c42e5aac5ba805825da76410c181273ba90b1	2026-10-06T10:17:14.8535207Z   lfs: false
core-probe (ubuntu-latest)	Run actions/checkout@3d3c42e5aac5ba805825da76410c181273ba90b1	2026-10-06T10:17:14.8535533Z   submodules: false
core-probe (ubuntu-latest)	Run actions/checkout@3d3c42e5aac5ba805825da76410c181273ba90b1	2026-10-06T10:17:14.8535880Z   set-safe-directory: true
core-probe (ubuntu-latest)	Run actions/checkout@3d3c42e5aac5ba805825da76410c181273ba90b1	2026-10-06T10:17:14.8536268Z   allow-unsafe-pr-checkout: false
core-probe (ubuntu-latest)	Run actions/checkout@3d3c42e5aac5ba805825da76410c181273ba90b1	2026-10-06T10:17:14.8536842Z ##[endgroup]
core-probe (ubuntu-latest)	Run actions/checkout@3d3c42e5aac5ba805825da76410c181273ba90b1	2026-10-06T10:17:14.9299277Z Syncing repository: peppone-choi/OpenHOI4
core-probe (ubuntu-latest)	Run actions/checkout@3d3c42e5aac5ba805825da76410c181273ba90b1	2026-10-06T10:17:14.9300809Z ##[group]Getting Git version info
core-probe (ubuntu-latest)	Run actions/checkout@3d3c42e5aac5ba805825da76410c181273ba90b1	2026-10-06T10:17:14.9301471Z Working directory is '/home/runner/work/OpenHOI4/OpenHOI4'
core-probe (ubuntu-latest)	Run actions/checkout@3d3c42e5aac5ba805825da76410c181273ba90b1	2026-10-06T10:17:14.9302324Z [command]/usr/bin/git version
core-probe (ubuntu-latest)	Run actions/checkout@3d3c42e5aac5ba805825da76410c181273ba90b1	2026-10-06T10:17:14.9408989Z git version 2.55.0
core-probe (ubuntu-latest)	Run actions/checkout@3d3c42e5aac5ba805825da76410c181273ba90b1	2026-10-06T10:17:14.9424238Z ##[endgroup]
core-probe (ubuntu-latest)	Run actions/checkout@3d3c42e5aac5ba805825da76410c181273ba90b1	2026-10-06T10:17:14.9433507Z Temporarily overriding HOME='/home/runner/work/_temp/2fec09f5-f002-4d88-8bdf-bd34f96ea6ed' before making global git config changes
core-probe (ubuntu-latest)	Run actions/checkout@3d3c42e5aac5ba805825da76410c181273ba90b1	2026-10-06T10:17:14.9434988Z Adding repository directory to the temporary git global config as a safe directory
core-probe (ubuntu-latest)	Run actions/checkout@3d3c42e5aac5ba805825da76410c181273ba90b1	2026-10-06T10:17:14.9437980Z [command]/usr/bin/git config --global --add safe.directory /home/runner/work/OpenHOI4/OpenHOI4
core-probe (ubuntu-latest)	Run actions/checkout@3d3c42e5aac5ba805825da76410c181273ba90b1	2026-10-06T10:17:14.9474332Z Deleting the contents of '/home/runner/work/OpenHOI4/OpenHOI4'
core-probe (ubuntu-latest)	Run actions/checkout@3d3c42e5aac5ba805825da76410c181273ba90b1	2026-10-06T10:17:14.9477343Z ##[group]Determining repository object format
core-probe (ubuntu-latest)	Run actions/checkout@3d3c42e5aac5ba805825da76410c181273ba90b1	2026-10-06T10:17:14.9478598Z ##[endgroup]
core-probe (ubuntu-latest)	Run actions/checkout@3d3c42e5aac5ba805825da76410c181273ba90b1	2026-10-06T10:17:14.9479463Z ##[group]Initializing the repository
core-probe (ubuntu-latest)	Run actions/checkout@3d3c42e5aac5ba805825da76410c181273ba90b1	2026-10-06T10:17:14.9482267Z [command]/usr/bin/git init /home/runner/work/OpenHOI4/OpenHOI4
core-probe (ubuntu-latest)	Run actions/checkout@3d3c42e5aac5ba805825da76410c181273ba90b1	2026-10-06T10:17:14.9570113Z hint: Using 'master' as the name for the initial branch. This default branch name
core-probe (ubuntu-latest)	Run actions/checkout@3d3c42e5aac5ba805825da76410c181273ba90b1	2026-10-06T10:17:14.9570963Z hint: will change to "main" in Git 3.0. To configure the initial branch name
core-probe (ubuntu-latest)	Run actions/checkout@3d3c42e5aac5ba805825da76410c181273ba90b1	2026-10-06T10:17:14.9571680Z hint: to use in all of your new repositories, which will suppress this warning,
core-probe (ubuntu-latest)	Run actions/checkout@3d3c42e5aac5ba805825da76410c181273ba90b1	2026-10-06T10:17:14.9572494Z hint: call:
core-probe (ubuntu-latest)	Run actions/checkout@3d3c42e5aac5ba805825da76410c181273ba90b1	2026-10-06T10:17:14.9572889Z hint:
core-probe (ubuntu-latest)	Run actions/checkout@3d3c42e5aac5ba805825da76410c181273ba90b1	2026-10-06T10:17:14.9573389Z hint: 	git config --global init.defaultBranch <name>
core-probe (ubuntu-latest)	Run actions/checkout@3d3c42e5aac5ba805825da76410c181273ba90b1	2026-10-06T10:17:14.9574161Z hint:
core-probe (ubuntu-latest)	Run actions/checkout@3d3c42e5aac5ba805825da76410c181273ba90b1	2026-10-06T10:17:14.9574878Z hint: Names commonly chosen instead of 'master' are 'main', 'trunk' and
core-probe (ubuntu-latest)	Run actions/checkout@3d3c42e5aac5ba805825da76410c181273ba90b1	2026-10-06T10:17:14.9576053Z hint: 'development'. The just-created branch can be renamed via this command:
core-probe (ubuntu-latest)	Run actions/checkout@3d3c42e5aac5ba805825da76410c181273ba90b1	2026-10-06T10:17:14.9576998Z hint:
core-probe (ubuntu-latest)	Run actions/checkout@3d3c42e5aac5ba805825da76410c181273ba90b1	2026-10-06T10:17:14.9577932Z hint: 	git branch -m <name>
core-probe (ubuntu-latest)	Run actions/checkout@3d3c42e5aac5ba805825da76410c181273ba90b1	2026-10-06T10:17:14.9578551Z hint:
core-probe (ubuntu-latest)	Run actions/checkout@3d3c42e5aac5ba805825da76410c181273ba90b1	2026-10-06T10:17:14.9579352Z hint: Disable this message with "git config set advice.defaultBranchName false"
core-probe (ubuntu-latest)	Run actions/checkout@3d3c42e5aac5ba805825da76410c181273ba90b1	2026-10-06T10:17:14.9580612Z Initialized empty Git repository in /home/runner/work/OpenHOI4/OpenHOI4/.git/
core-probe (ubuntu-latest)	Run actions/checkout@3d3c42e5aac5ba805825da76410c181273ba90b1	2026-10-06T10:17:14.9582934Z [command]/usr/bin/git remote add origin https://github.com/peppone-choi/OpenHOI4
core-probe (ubuntu-latest)	Run actions/checkout@3d3c42e5aac5ba805825da76410c181273ba90b1	2026-10-06T10:17:14.9620832Z ##[endgroup]
core-probe (ubuntu-latest)	Run actions/checkout@3d3c42e5aac5ba805825da76410c181273ba90b1	2026-10-06T10:17:14.9621862Z ##[group]Disabling automatic garbage collection
core-probe (ubuntu-latest)	Run actions/checkout@3d3c42e5aac5ba805825da76410c181273ba90b1	2026-10-06T10:17:14.9623597Z [command]/usr/bin/git config --local gc.auto 0
core-probe (ubuntu-latest)	Run actions/checkout@3d3c42e5aac5ba805825da76410c181273ba90b1	2026-10-06T10:17:14.9649889Z ##[endgroup]
core-probe (ubuntu-latest)	Run actions/checkout@3d3c42e5aac5ba805825da76410c181273ba90b1	2026-10-06T10:17:14.9651054Z ##[group]Setting up auth
core-probe (ubuntu-latest)	Run actions/checkout@3d3c42e5aac5ba805825da76410c181273ba90b1	2026-10-06T10:17:14.9651760Z Removing SSH command configuration
core-probe (ubuntu-latest)	Run actions/checkout@3d3c42e5aac5ba805825da76410c181273ba90b1	2026-10-06T10:17:14.9655281Z [command]/usr/bin/git config --local --name-only --get-regexp core\.sshCommand
core-probe (ubuntu-latest)	Run actions/checkout@3d3c42e5aac5ba805825da76410c181273ba90b1	2026-10-06T10:17:14.9680228Z [command]/usr/bin/git submodule foreach --recursive sh -c "git config --local --name-only --get-regexp 'core\.sshCommand' && git config --local --unset-all 'core.sshCommand' || :"
core-probe (ubuntu-latest)	Run actions/checkout@3d3c42e5aac5ba805825da76410c181273ba90b1	2026-10-06T10:17:14.9936197Z Removing HTTP extra header
core-probe (ubuntu-latest)	Run actions/checkout@3d3c42e5aac5ba805825da76410c181273ba90b1	2026-10-06T10:17:14.9941396Z [command]/usr/bin/git config --local --name-only --get-regexp http\.https\:\/\/github\.com\/\.extraheader
core-probe (ubuntu-latest)	Run actions/checkout@3d3c42e5aac5ba805825da76410c181273ba90b1	2026-10-06T10:17:14.9967582Z [command]/usr/bin/git submodule foreach --recursive sh -c "git config --local --name-only --get-regexp 'http\.https\:\/\/github\.com\/\.extraheader' && git config --local --unset-all 'http.https://github.com/.extraheader' || :"
core-probe (ubuntu-latest)	Run actions/checkout@3d3c42e5aac5ba805825da76410c181273ba90b1	2026-10-06T10:17:15.0146314Z Removing includeIf entries pointing to credentials config files
core-probe (ubuntu-latest)	Run actions/checkout@3d3c42e5aac5ba805825da76410c181273ba90b1	2026-10-06T10:17:15.0151180Z [command]/usr/bin/git config --local --name-only --get-regexp ^includeIf\.gitdir:
core-probe (ubuntu-latest)	Run actions/checkout@3d3c42e5aac5ba805825da76410c181273ba90b1	2026-10-06T10:17:15.0177351Z [command]/usr/bin/git submodule foreach --recursive git config --local --show-origin --name-only --get-regexp remote.origin.url
core-probe (ubuntu-latest)	Run actions/checkout@3d3c42e5aac5ba805825da76410c181273ba90b1	2026-10-06T10:17:15.0362377Z [command]/usr/bin/git config --file /home/runner/work/_temp/git-credentials-e004325f-6609-44fb-b39d-2ffd90feecec.config http.https://github.com/.extraheader AUTHORIZATION: basic ***
core-probe (ubuntu-latest)	Run actions/checkout@3d3c42e5aac5ba805825da76410c181273ba90b1	2026-10-06T10:17:15.0392480Z [command]/usr/bin/git config --local includeIf.gitdir:/home/runner/work/OpenHOI4/OpenHOI4/.git.path /home/runner/work/_temp/git-credentials-e004325f-6609-44fb-b39d-2ffd90feecec.config
core-probe (ubuntu-latest)	Run actions/checkout@3d3c42e5aac5ba805825da76410c181273ba90b1	2026-10-06T10:17:15.0417744Z [command]/usr/bin/git config --local includeIf.gitdir:/home/runner/work/OpenHOI4/OpenHOI4/.git/worktrees/*.path /home/runner/work/_temp/git-credentials-e004325f-6609-44fb-b39d-2ffd90feecec.config
core-probe (ubuntu-latest)	Run actions/checkout@3d3c42e5aac5ba805825da76410c181273ba90b1	2026-10-06T10:17:15.0445202Z [command]/usr/bin/git config --local includeIf.gitdir:/github/workspace/.git.path /github/runner_temp/git-credentials-e004325f-6609-44fb-b39d-2ffd90feecec.config
core-probe (ubuntu-latest)	Run actions/checkout@3d3c42e5aac5ba805825da76410c181273ba90b1	2026-10-06T10:17:15.0470388Z [command]/usr/bin/git config --local includeIf.gitdir:/github/workspace/.git/worktrees/*.path /github/runner_temp/git-credentials-e004325f-6609-44fb-b39d-2ffd90feecec.config
core-probe (ubuntu-latest)	Run actions/checkout@3d3c42e5aac5ba805825da76410c181273ba90b1	2026-10-06T10:17:15.0491829Z ##[endgroup]
core-probe (ubuntu-latest)	Run actions/checkout@3d3c42e5aac5ba805825da76410c181273ba90b1	2026-10-06T10:17:15.0492436Z ##[group]Fetching the repository
core-probe (ubuntu-latest)	Run actions/checkout@3d3c42e5aac5ba805825da76410c181273ba90b1	2026-10-06T10:17:15.0497379Z [command]/usr/bin/git -c protocol.version=2 fetch --no-tags --prune --no-recurse-submodules --depth=1 origin +d6ae2c8f176d6e8fdc0bc1a102ec2eb74ccac756:refs/remotes/origin/main
core-probe (ubuntu-latest)	Run actions/checkout@3d3c42e5aac5ba805825da76410c181273ba90b1	2026-10-06T10:17:15.7195963Z From https://github.com/peppone-choi/OpenHOI4
core-probe (ubuntu-latest)	Run actions/checkout@3d3c42e5aac5ba805825da76410c181273ba90b1	2026-10-06T10:17:15.7197918Z  * [new ref]         d6ae2c8f176d6e8fdc0bc1a102ec2eb74ccac756 -> origin/main
core-probe (ubuntu-latest)	Run actions/checkout@3d3c42e5aac5ba805825da76410c181273ba90b1	2026-10-06T10:17:15.7202359Z [command]/usr/bin/git branch --list --remote origin/main
core-probe (ubuntu-latest)	Run actions/checkout@3d3c42e5aac5ba805825da76410c181273ba90b1	2026-10-06T10:17:15.7224806Z   origin/main
core-probe (ubuntu-latest)	Run actions/checkout@3d3c42e5aac5ba805825da76410c181273ba90b1	2026-10-06T10:17:15.7232103Z [command]/usr/bin/git rev-parse refs/remotes/origin/main
core-probe (ubuntu-latest)	Run actions/checkout@3d3c42e5aac5ba805825da76410c181273ba90b1	2026-10-06T10:17:15.7252321Z d6ae2c8f176d6e8fdc0bc1a102ec2eb74ccac756
core-probe (ubuntu-latest)	Run actions/checkout@3d3c42e5aac5ba805825da76410c181273ba90b1	2026-10-06T10:17:15.7255953Z ##[endgroup]
core-probe (ubuntu-latest)	Run actions/checkout@3d3c42e5aac5ba805825da76410c181273ba90b1	2026-10-06T10:17:15.7256884Z ##[group]Determining the checkout info
core-probe (ubuntu-latest)	Run actions/checkout@3d3c42e5aac5ba805825da76410c181273ba90b1	2026-10-06T10:17:15.7258206Z ##[endgroup]
core-probe (ubuntu-latest)	Run actions/checkout@3d3c42e5aac5ba805825da76410c181273ba90b1	2026-10-06T10:17:15.7261153Z [command]/usr/bin/git sparse-checkout disable
core-probe (ubuntu-latest)	Run actions/checkout@3d3c42e5aac5ba805825da76410c181273ba90b1	2026-10-06T10:17:15.7304592Z [command]/usr/bin/git config --local --unset-all extensions.worktreeConfig
core-probe (ubuntu-latest)	Run actions/checkout@3d3c42e5aac5ba805825da76410c181273ba90b1	2026-10-06T10:17:15.7331693Z ##[group]Checking out the ref
core-probe (ubuntu-latest)	Run actions/checkout@3d3c42e5aac5ba805825da76410c181273ba90b1	2026-10-06T10:17:15.7334089Z [command]/usr/bin/git checkout --progress --force -B main refs/remotes/origin/main
core-probe (ubuntu-latest)	Run actions/checkout@3d3c42e5aac5ba805825da76410c181273ba90b1	2026-10-06T10:17:15.7659734Z Switched to a new branch 'main'
core-probe (ubuntu-latest)	Run actions/checkout@3d3c42e5aac5ba805825da76410c181273ba90b1	2026-10-06T10:17:15.7662935Z branch 'main' set up to track 'origin/main'.
core-probe (ubuntu-latest)	Run actions/checkout@3d3c42e5aac5ba805825da76410c181273ba90b1	2026-10-06T10:17:15.7672250Z ##[endgroup]
core-probe (ubuntu-latest)	Run actions/checkout@3d3c42e5aac5ba805825da76410c181273ba90b1	2026-10-06T10:17:15.7709138Z [command]/usr/bin/git log -1 --format=%H
core-probe (ubuntu-latest)	Run actions/checkout@3d3c42e5aac5ba805825da76410c181273ba90b1	2026-10-06T10:17:15.7730769Z d6ae2c8f176d6e8fdc0bc1a102ec2eb74ccac756
core-probe (ubuntu-latest)	Run actions/setup-python@5fda3b95a4ea91299a34e894583c3862153e4b97	﻿2026-10-06T10:17:15.8105051Z ##[group]Run actions/setup-python@5fda3b95a4ea91299a34e894583c3862153e4b97
core-probe (ubuntu-latest)	Run actions/setup-python@5fda3b95a4ea91299a34e894583c3862153e4b97	2026-10-06T10:17:15.8106457Z with:
core-probe (ubuntu-latest)	Run actions/setup-python@5fda3b95a4ea91299a34e894583c3862153e4b97	2026-10-06T10:17:15.8107274Z   python-version: 3.11
core-probe (ubuntu-latest)	Run actions/setup-python@5fda3b95a4ea91299a34e894583c3862153e4b97	2026-10-06T10:17:15.8108074Z   check-latest: false
core-probe (ubuntu-latest)	Run actions/setup-python@5fda3b95a4ea91299a34e894583c3862153e4b97	2026-10-06T10:17:15.8115899Z   token: ***
core-probe (ubuntu-latest)	Run actions/setup-python@5fda3b95a4ea91299a34e894583c3862153e4b97	2026-10-06T10:17:15.8116646Z   update-environment: true
core-probe (ubuntu-latest)	Run actions/setup-python@5fda3b95a4ea91299a34e894583c3862153e4b97	2026-10-06T10:17:15.8117622Z   allow-prereleases: false
core-probe (ubuntu-latest)	Run actions/setup-python@5fda3b95a4ea91299a34e894583c3862153e4b97	2026-10-06T10:17:15.8118547Z   freethreaded: false
core-probe (ubuntu-latest)	Run actions/setup-python@5fda3b95a4ea91299a34e894583c3862153e4b97	2026-10-06T10:17:15.8119309Z ##[endgroup]
core-probe (ubuntu-latest)	Run actions/setup-python@5fda3b95a4ea91299a34e894583c3862153e4b97	2026-10-06T10:17:15.9071396Z ##[group]Installed versions
core-probe (ubuntu-latest)	Run actions/setup-python@5fda3b95a4ea91299a34e894583c3862153e4b97	2026-10-06T10:17:15.9125527Z Successfully set up CPython (3.11.16)
core-probe (ubuntu-latest)	Run actions/setup-python@5fda3b95a4ea91299a34e894583c3862153e4b97	2026-10-06T10:17:15.9127353Z ##[endgroup]
core-probe (ubuntu-latest)	Install pinned Rust toolchain	﻿2026-10-06T10:17:15.9263253Z ##[group]Run rustup toolchain install 1.99.0 --profile minimal --component rustfmt --component clippy
core-probe (ubuntu-latest)	Install pinned Rust toolchain	2026-10-06T10:17:15.9265574Z [36;1mrustup toolchain install 1.99.0 --profile minimal --component rustfmt --component clippy[0m
core-probe (ubuntu-latest)	Install pinned Rust toolchain	2026-10-06T10:17:15.9692755Z shell: /usr/bin/bash -e {0}
core-probe (ubuntu-latest)	Install pinned Rust toolchain	2026-10-06T10:17:15.9693750Z env:
core-probe (ubuntu-latest)	Install pinned Rust toolchain	2026-10-06T10:17:15.9694651Z   pythonLocation: /opt/hostedtoolcache/Python/3.11.16/x64
core-probe (ubuntu-latest)	Install pinned Rust toolchain	2026-10-06T10:17:15.9696103Z   PKG_CONFIG_PATH: /opt/hostedtoolcache/Python/3.11.16/x64/lib/pkgconfig
core-probe (ubuntu-latest)	Install pinned Rust toolchain	2026-10-06T10:17:15.9697741Z   Python_ROOT_DIR: /opt/hostedtoolcache/Python/3.11.16/x64
core-probe (ubuntu-latest)	Install pinned Rust toolchain	2026-10-06T10:17:15.9699063Z   Python2_ROOT_DIR: /opt/hostedtoolcache/Python/3.11.16/x64
core-probe (ubuntu-latest)	Install pinned Rust toolchain	2026-10-06T10:17:15.9700371Z   Python3_ROOT_DIR: /opt/hostedtoolcache/Python/3.11.16/x64
core-probe (ubuntu-latest)	Install pinned Rust toolchain	2026-10-06T10:17:15.9701684Z   LD_LIBRARY_PATH: /opt/hostedtoolcache/Python/3.11.16/x64/lib
core-probe (ubuntu-latest)	Install pinned Rust toolchain	2026-10-06T10:17:15.9702820Z ##[endgroup]
core-probe (ubuntu-latest)	Install pinned Rust toolchain	2026-10-06T10:17:16.0776336Z info: syncing channel updates for 1.99.0-x86_64-unknown-linux-gnu
core-probe (ubuntu-latest)	Install pinned Rust toolchain	2026-10-06T10:17:16.3610388Z info: latest update on 2026-10-01 for version 1.99.0 (b940084d7 2026-09-28)
core-probe (ubuntu-latest)	Install pinned Rust toolchain	2026-10-06T10:17:16.3612052Z info: downloading 5 components
core-probe (ubuntu-latest)	Install pinned Rust toolchain	2026-10-06T10:17:23.2956045Z
core-probe (ubuntu-latest)	Install pinned Rust toolchain	2026-10-06T10:17:23.3016000Z   1.99.0-x86_64-unknown-linux-gnu installed - rustc 1.99.0 (b940084d7 2026-09-28)
core-probe (ubuntu-latest)	Install pinned Rust toolchain	2026-10-06T10:17:23.3017404Z
core-probe (ubuntu-latest)	Run cargo fmt --check	﻿2026-10-06T10:17:23.3094999Z ##[group]Run cargo fmt --check
core-probe (ubuntu-latest)	Run cargo fmt --check	2026-10-06T10:17:23.3095306Z [36;1mcargo fmt --check[0m
core-probe (ubuntu-latest)	Run cargo fmt --check	2026-10-06T10:17:23.3152144Z shell: /usr/bin/bash -e {0}
core-probe (ubuntu-latest)	Run cargo fmt --check	2026-10-06T10:17:23.3152402Z env:
core-probe (ubuntu-latest)	Run cargo fmt --check	2026-10-06T10:17:23.3152662Z   pythonLocation: /opt/hostedtoolcache/Python/3.11.16/x64
core-probe (ubuntu-latest)	Run cargo fmt --check	2026-10-06T10:17:23.3153064Z   PKG_CONFIG_PATH: /opt/hostedtoolcache/Python/3.11.16/x64/lib/pkgconfig
core-probe (ubuntu-latest)	Run cargo fmt --check	2026-10-06T10:17:23.3153446Z   Python_ROOT_DIR: /opt/hostedtoolcache/Python/3.11.16/x64
core-probe (ubuntu-latest)	Run cargo fmt --check	2026-10-06T10:17:23.3153776Z   Python2_ROOT_DIR: /opt/hostedtoolcache/Python/3.11.16/x64
core-probe (ubuntu-latest)	Run cargo fmt --check	2026-10-06T10:17:23.3154114Z   Python3_ROOT_DIR: /opt/hostedtoolcache/Python/3.11.16/x64
core-probe (ubuntu-latest)	Run cargo fmt --check	2026-10-06T10:17:23.3154456Z   LD_LIBRARY_PATH: /opt/hostedtoolcache/Python/3.11.16/x64/lib
core-probe (ubuntu-latest)	Run cargo fmt --check	2026-10-06T10:17:23.3154946Z ##[endgroup]
core-probe (ubuntu-latest)	Run cargo clippy -p oh_core --all-targets --locked -- -D warnings	﻿2026-10-06T10:17:23.4084578Z ##[group]Run cargo clippy -p oh_core --all-targets --locked -- -D warnings
core-probe (ubuntu-latest)	Run cargo clippy -p oh_core --all-targets --locked -- -D warnings	2026-10-06T10:17:23.4085122Z [36;1mcargo clippy -p oh_core --all-targets --locked -- -D warnings[0m
core-probe (ubuntu-latest)	Run cargo clippy -p oh_core --all-targets --locked -- -D warnings	2026-10-06T10:17:23.4142510Z shell: /usr/bin/bash -e {0}
core-probe (ubuntu-latest)	Run cargo clippy -p oh_core --all-targets --locked -- -D warnings	2026-10-06T10:17:23.4142762Z env:
core-probe (ubuntu-latest)	Run cargo clippy -p oh_core --all-targets --locked -- -D warnings	2026-10-06T10:17:23.4143023Z   pythonLocation: /opt/hostedtoolcache/Python/3.11.16/x64
core-probe (ubuntu-latest)	Run cargo clippy -p oh_core --all-targets --locked -- -D warnings	2026-10-06T10:17:23.4143413Z   PKG_CONFIG_PATH: /opt/hostedtoolcache/Python/3.11.16/x64/lib/pkgconfig
core-probe (ubuntu-latest)	Run cargo clippy -p oh_core --all-targets --locked -- -D warnings	2026-10-06T10:17:23.4143797Z   Python_ROOT_DIR: /opt/hostedtoolcache/Python/3.11.16/x64
core-probe (ubuntu-latest)	Run cargo clippy -p oh_core --all-targets --locked -- -D warnings	2026-10-06T10:17:23.4144150Z   Python2_ROOT_DIR: /opt/hostedtoolcache/Python/3.11.16/x64
core-probe (ubuntu-latest)	Run cargo clippy -p oh_core --all-targets --locked -- -D warnings	2026-10-06T10:17:23.4144482Z   Python3_ROOT_DIR: /opt/hostedtoolcache/Python/3.11.16/x64
core-probe (ubuntu-latest)	Run cargo clippy -p oh_core --all-targets --locked -- -D warnings	2026-10-06T10:17:23.4144821Z   LD_LIBRARY_PATH: /opt/hostedtoolcache/Python/3.11.16/x64/lib
core-probe (ubuntu-latest)	Run cargo clippy -p oh_core --all-targets --locked -- -D warnings	2026-10-06T10:17:23.4145120Z ##[endgroup]
core-probe (ubuntu-latest)	Run cargo clippy -p oh_core --all-targets --locked -- -D warnings	2026-10-06T10:17:23.4799881Z     Updating crates.io index
core-probe (ubuntu-latest)	Run cargo clippy -p oh_core --all-targets --locked -- -D warnings	2026-10-06T10:17:23.6957673Z  Downloading crates ...
core-probe (ubuntu-latest)	Run cargo clippy -p oh_core --all-targets --locked -- -D warnings	2026-10-06T10:17:23.7308474Z   Downloaded bitflags v2.13.2
core-probe (ubuntu-latest)	Run cargo clippy -p oh_core --all-targets --locked -- -D warnings	2026-10-06T10:17:23.7356064Z   Downloaded rand_chacha v0.9.0
core-probe (ubuntu-latest)	Run cargo clippy -p oh_core --all-targets --locked -- -D warnings	2026-10-06T10:17:23.7366467Z   Downloaded bytemuck v1.25.2
core-probe (ubuntu-latest)	Run cargo clippy -p oh_core --all-targets --locked -- -D warnings	2026-10-06T10:17:23.7394513Z   Downloaded az v1.3.0
core-probe (ubuntu-latest)	Run cargo clippy -p oh_core --all-targets --locked -- -D warnings	2026-10-06T10:17:23.7410230Z   Downloaded autocfg v1.5.1
core-probe (ubuntu-latest)	Run cargo clippy -p oh_core --all-targets --locked -- -D warnings	2026-10-06T10:17:23.7425060Z   Downloaded proptest v1.11.0
core-probe (ubuntu-latest)	Run cargo clippy -p oh_core --all-targets --locked -- -D warnings	2026-10-06T10:17:23.7548901Z   Downloaded rand_core v0.9.5
core-probe (ubuntu-latest)	Run cargo clippy -p oh_core --all-targets --locked -- -D warnings	2026-10-06T10:17:23.7561793Z   Downloaded cfg-if v1.0.5
core-probe (ubuntu-latest)	Run cargo clippy -p oh_core --all-targets --locked -- -D warnings	2026-10-06T10:17:23.7575527Z   Downloaded thiserror-impl v2.0.21
core-probe (ubuntu-latest)	Run cargo clippy -p oh_core --all-targets --locked -- -D warnings	2026-10-06T10:17:23.7590601Z   Downloaded rand_chacha v0.10.0
core-probe (ubuntu-latest)	Run cargo clippy -p oh_core --all-targets --locked -- -D warnings	2026-10-06T10:17:23.7603160Z   Downloaded ppv-lite86 v0.2.21
core-probe (ubuntu-latest)	Run cargo clippy -p oh_core --all-targets --locked -- -D warnings	2026-10-06T10:17:23.7615733Z   Downloaded postcard v1.1.3
core-probe (ubuntu-latest)	Run cargo clippy -p oh_core --all-targets --locked -- -D warnings	2026-10-06T10:17:23.7640012Z   Downloaded rand_xorshift v0.4.0
core-probe (ubuntu-latest)	Run cargo clippy -p oh_core --all-targets --locked -- -D warnings	2026-10-06T10:17:23.7650555Z   Downloaded embedded-io v0.6.1
core-probe (ubuntu-latest)	Run cargo clippy -p oh_core --all-targets --locked -- -D warnings	2026-10-06T10:17:23.7662942Z   Downloaded fixed v1.31.0
core-probe (ubuntu-latest)	Run cargo clippy -p oh_core --all-targets --locked -- -D warnings	2026-10-06T10:17:23.7735764Z   Downloaded embedded-io v0.4.0
core-probe (ubuntu-latest)	Run cargo clippy -p oh_core --all-targets --locked -- -D warnings	2026-10-06T10:17:23.7757651Z   Downloaded rand_core v0.10.1
core-probe (ubuntu-latest)	Run cargo clippy -p oh_core --all-targets --locked -- -D warnings	2026-10-06T10:17:23.7767723Z   Downloaded thiserror v2.0.21
core-probe (ubuntu-latest)	Run cargo clippy -p oh_core --all-targets --locked -- -D warnings	2026-10-06T10:17:23.7812305Z   Downloaded unicode-ident v1.0.26
core-probe (ubuntu-latest)	Run cargo clippy -p oh_core --all-targets --locked -- -D warnings	2026-10-06T10:17:23.7833609Z   Downloaded cobs v0.3.0
core-probe (ubuntu-latest)	Run cargo clippy -p oh_core --all-targets --locked -- -D warnings	2026-10-06T10:17:23.7844674Z   Downloaded quote v1.0.47
core-probe (ubuntu-latest)	Run cargo clippy -p oh_core --all-targets --locked -- -D warnings	2026-10-06T10:17:23.7866092Z   Downloaded unarray v0.1.4
core-probe (ubuntu-latest)	Run cargo clippy -p oh_core --all-targets --locked -- -D warnings	2026-10-06T10:17:23.7875965Z   Downloaded num-traits v0.2.19
core-probe (ubuntu-latest)	Run cargo clippy -p oh_core --all-targets --locked -- -D warnings	2026-10-06T10:17:23.7896076Z   Downloaded getrandom v0.3.4
core-probe (ubuntu-latest)	Run cargo clippy -p oh_core --all-targets --locked -- -D warnings	2026-10-06T10:17:23.7923146Z   Downloaded proc-macro2 v1.0.107
core-probe (ubuntu-latest)	Run cargo clippy -p oh_core --all-targets --locked -- -D warnings	2026-10-06T10:17:23.7946067Z   Downloaded half v2.7.1
core-probe (ubuntu-latest)	Run cargo clippy -p oh_core --all-targets --locked -- -D warnings	2026-10-06T10:17:23.7966696Z   Downloaded serde_core v1.0.229
core-probe (ubuntu-latest)	Run cargo clippy -p oh_core --all-targets --locked -- -D warnings	2026-10-06T10:17:23.7988101Z   Downloaded serde_derive v1.0.229
core-probe (ubuntu-latest)	Run cargo clippy -p oh_core --all-targets --locked -- -D warnings	2026-10-06T10:17:23.8011926Z   Downloaded serde v1.0.229
core-probe (ubuntu-latest)	Run cargo clippy -p oh_core --all-targets --locked -- -D warnings	2026-10-06T10:17:23.8038988Z   Downloaded rand v0.9.5
core-probe (ubuntu-latest)	Run cargo clippy -p oh_core --all-targets --locked -- -D warnings	2026-10-06T10:17:23.8068696Z   Downloaded typenum v1.20.1
core-probe (ubuntu-latest)	Run cargo clippy -p oh_core --all-targets --locked -- -D warnings	2026-10-06T10:17:23.8096450Z   Downloaded zerocopy-derive v0.8.60
core-probe (ubuntu-latest)	Run cargo clippy -p oh_core --all-targets --locked -- -D warnings	2026-10-06T10:17:23.8194499Z   Downloaded syn v3.0.6
core-probe (ubuntu-latest)	Run cargo clippy -p oh_core --all-targets --locked -- -D warnings	2026-10-06T10:17:23.8279277Z   Downloaded syn v2.0.119
core-probe (ubuntu-latest)	Run cargo clippy -p oh_core --all-targets --locked -- -D warnings	2026-10-06T10:17:23.8362413Z   Downloaded regex-syntax v0.8.11
core-probe (ubuntu-latest)	Run cargo clippy -p oh_core --all-targets --locked -- -D warnings	2026-10-06T10:17:23.8416433Z   Downloaded zerocopy v0.8.60
core-probe (ubuntu-latest)	Run cargo clippy -p oh_core --all-targets --locked -- -D warnings	2026-10-06T10:17:23.8588355Z   Downloaded libc v0.2.190
core-probe (ubuntu-latest)	Run cargo clippy -p oh_core --all-targets --locked -- -D warnings	2026-10-06T10:17:23.9224990Z    Compiling proc-macro2 v1.0.107
core-probe (ubuntu-latest)	Run cargo clippy -p oh_core --all-targets --locked -- -D warnings	2026-10-06T10:17:23.9225510Z    Compiling quote v1.0.47
core-probe (ubuntu-latest)	Run cargo clippy -p oh_core --all-targets --locked -- -D warnings	2026-10-06T10:17:23.9252752Z    Compiling unicode-ident v1.0.26
core-probe (ubuntu-latest)	Run cargo clippy -p oh_core --all-targets --locked -- -D warnings	2026-10-06T10:17:23.9253351Z     Checking cfg-if v1.0.5
core-probe (ubuntu-latest)	Run cargo clippy -p oh_core --all-targets --locked -- -D warnings	2026-10-06T10:17:23.9382791Z    Compiling zerocopy v0.8.60
core-probe (ubuntu-latest)	Run cargo clippy -p oh_core --all-targets --locked -- -D warnings	2026-10-06T10:17:23.9722821Z    Compiling libc v0.2.190
core-probe (ubuntu-latest)	Run cargo clippy -p oh_core --all-targets --locked -- -D warnings	2026-10-06T10:17:24.1206579Z    Compiling getrandom v0.3.4
core-probe (ubuntu-latest)	Run cargo clippy -p oh_core --all-targets --locked -- -D warnings	2026-10-06T10:17:24.1246751Z    Compiling serde_core v1.0.229
core-probe (ubuntu-latest)	Run cargo clippy -p oh_core --all-targets --locked -- -D warnings	2026-10-06T10:17:24.2690550Z    Compiling serde v1.0.229
core-probe (ubuntu-latest)	Run cargo clippy -p oh_core --all-targets --locked -- -D warnings	2026-10-06T10:17:24.2721350Z    Compiling thiserror v2.0.21
core-probe (ubuntu-latest)	Run cargo clippy -p oh_core --all-targets --locked -- -D warnings	2026-10-06T10:17:24.4268234Z    Compiling autocfg v1.5.1
core-probe (ubuntu-latest)	Run cargo clippy -p oh_core --all-targets --locked -- -D warnings	2026-10-06T10:17:24.6348276Z    Compiling num-traits v0.2.19
core-probe (ubuntu-latest)	Run cargo clippy -p oh_core --all-targets --locked -- -D warnings	2026-10-06T10:17:24.7102379Z    Compiling fixed v1.31.0
core-probe (ubuntu-latest)	Run cargo clippy -p oh_core --all-targets --locked -- -D warnings	2026-10-06T10:17:24.7662703Z    Compiling syn v2.0.119
core-probe (ubuntu-latest)	Run cargo clippy -p oh_core --all-targets --locked -- -D warnings	2026-10-06T10:17:24.8085796Z    Compiling syn v3.0.6
core-probe (ubuntu-latest)	Run cargo clippy -p oh_core --all-targets --locked -- -D warnings	2026-10-06T10:17:25.0767951Z     Checking rand_core v0.9.5
core-probe (ubuntu-latest)	Run cargo clippy -p oh_core --all-targets --locked -- -D warnings	2026-10-06T10:17:25.1988672Z     Checking bytemuck v1.25.2
core-probe (ubuntu-latest)	Run cargo clippy -p oh_core --all-targets --locked -- -D warnings	2026-10-06T10:17:25.2897913Z     Checking az v1.3.0
core-probe (ubuntu-latest)	Run cargo clippy -p oh_core --all-targets --locked -- -D warnings	2026-10-06T10:17:25.7207982Z     Checking typenum v1.20.1
core-probe (ubuntu-latest)	Run cargo clippy -p oh_core --all-targets --locked -- -D warnings	2026-10-06T10:17:25.8794128Z     Checking rand_core v0.10.1
core-probe (ubuntu-latest)	Run cargo clippy -p oh_core --all-targets --locked -- -D warnings	2026-10-06T10:17:26.2267996Z     Checking rand v0.9.5
core-probe (ubuntu-latest)	Run cargo clippy -p oh_core --all-targets --locked -- -D warnings	2026-10-06T10:17:26.3363565Z     Checking rand_xorshift v0.4.0
core-probe (ubuntu-latest)	Run cargo clippy -p oh_core --all-targets --locked -- -D warnings	2026-10-06T10:17:26.3728162Z     Checking bitflags v2.13.2
core-probe (ubuntu-latest)	Run cargo clippy -p oh_core --all-targets --locked -- -D warnings	2026-10-06T10:17:26.4458193Z     Checking unarray v0.1.4
core-probe (ubuntu-latest)	Run cargo clippy -p oh_core --all-targets --locked -- -D warnings	2026-10-06T10:17:26.4752609Z     Checking regex-syntax v0.8.11
core-probe (ubuntu-latest)	Run cargo clippy -p oh_core --all-targets --locked -- -D warnings	2026-10-06T10:17:26.4938130Z    Compiling thiserror-impl v2.0.21
core-probe (ubuntu-latest)	Run cargo clippy -p oh_core --all-targets --locked -- -D warnings	2026-10-06T10:17:26.5248073Z    Compiling serde_derive v1.0.229
core-probe (ubuntu-latest)	Run cargo clippy -p oh_core --all-targets --locked -- -D warnings	2026-10-06T10:17:27.3167424Z     Checking cobs v0.3.0
core-probe (ubuntu-latest)	Run cargo clippy -p oh_core --all-targets --locked -- -D warnings	2026-10-06T10:17:27.4393532Z    Compiling zerocopy-derive v0.8.60
core-probe (ubuntu-latest)	Run cargo clippy -p oh_core --all-targets --locked -- -D warnings	2026-10-06T10:17:28.2111416Z     Checking postcard v1.1.3
core-probe (ubuntu-latest)	Run cargo clippy -p oh_core --all-targets --locked -- -D warnings	2026-10-06T10:17:29.9347007Z     Checking ppv-lite86 v0.2.21
core-probe (ubuntu-latest)	Run cargo clippy -p oh_core --all-targets --locked -- -D warnings	2026-10-06T10:17:29.9348197Z     Checking half v2.7.1
core-probe (ubuntu-latest)	Run cargo clippy -p oh_core --all-targets --locked -- -D warnings	2026-10-06T10:17:30.0613588Z     Checking rand_chacha v0.10.0
core-probe (ubuntu-latest)	Run cargo clippy -p oh_core --all-targets --locked -- -D warnings	2026-10-06T10:17:30.0614098Z     Checking rand_chacha v0.9.0
core-probe (ubuntu-latest)	Run cargo clippy -p oh_core --all-targets --locked -- -D warnings	2026-10-06T10:17:30.1158483Z     Checking proptest v1.11.0
core-probe (ubuntu-latest)	Run cargo clippy -p oh_core --all-targets --locked -- -D warnings	2026-10-06T10:17:33.7608586Z     Checking oh_core v0.1.0 (/home/runner/work/OpenHOI4/OpenHOI4/crates/oh_core)
core-probe (ubuntu-latest)	Run cargo clippy -p oh_core --all-targets --locked -- -D warnings	2026-10-06T10:17:33.9500316Z     Finished `dev` profile [unoptimized + debuginfo] target(s) in 10.49s
core-probe (ubuntu-latest)	Run cargo test -p oh_core --locked	﻿2026-10-06T10:17:33.9825265Z ##[group]Run cargo test -p oh_core --locked
core-probe (ubuntu-latest)	Run cargo test -p oh_core --locked	2026-10-06T10:17:33.9825579Z [36;1mcargo test -p oh_core --locked[0m
core-probe (ubuntu-latest)	Run cargo test -p oh_core --locked	2026-10-06T10:17:33.9880540Z shell: /usr/bin/bash -e {0}
core-probe (ubuntu-latest)	Run cargo test -p oh_core --locked	2026-10-06T10:17:33.9880746Z env:
core-probe (ubuntu-latest)	Run cargo test -p oh_core --locked	2026-10-06T10:17:33.9880964Z   pythonLocation: /opt/hostedtoolcache/Python/3.11.16/x64
core-probe (ubuntu-latest)	Run cargo test -p oh_core --locked	2026-10-06T10:17:33.9881310Z   PKG_CONFIG_PATH: /opt/hostedtoolcache/Python/3.11.16/x64/lib/pkgconfig
core-probe (ubuntu-latest)	Run cargo test -p oh_core --locked	2026-10-06T10:17:33.9881640Z   Python_ROOT_DIR: /opt/hostedtoolcache/Python/3.11.16/x64
core-probe (ubuntu-latest)	Run cargo test -p oh_core --locked	2026-10-06T10:17:33.9881934Z   Python2_ROOT_DIR: /opt/hostedtoolcache/Python/3.11.16/x64
core-probe (ubuntu-latest)	Run cargo test -p oh_core --locked	2026-10-06T10:17:33.9882260Z   Python3_ROOT_DIR: /opt/hostedtoolcache/Python/3.11.16/x64
core-probe (ubuntu-latest)	Run cargo test -p oh_core --locked	2026-10-06T10:17:33.9882553Z   LD_LIBRARY_PATH: /opt/hostedtoolcache/Python/3.11.16/x64/lib
core-probe (ubuntu-latest)	Run cargo test -p oh_core --locked	2026-10-06T10:17:33.9882811Z ##[endgroup]
core-probe (ubuntu-latest)	Run cargo test -p oh_core --locked	2026-10-06T10:17:34.0618710Z    Compiling cfg-if v1.0.5
core-probe (ubuntu-latest)	Run cargo test -p oh_core --locked	2026-10-06T10:17:34.0619303Z    Compiling libc v0.2.190
core-probe (ubuntu-latest)	Run cargo test -p oh_core --locked	2026-10-06T10:17:34.0641511Z    Compiling zerocopy v0.8.60
core-probe (ubuntu-latest)	Run cargo test -p oh_core --locked	2026-10-06T10:17:34.0644949Z    Compiling serde_core v1.0.229
core-probe (ubuntu-latest)	Run cargo test -p oh_core --locked	2026-10-06T10:17:34.0827327Z    Compiling thiserror v2.0.21
core-probe (ubuntu-latest)	Run cargo test -p oh_core --locked	2026-10-06T10:17:34.1118831Z    Compiling cobs v0.3.0
core-probe (ubuntu-latest)	Run cargo test -p oh_core --locked	2026-10-06T10:17:34.1817957Z    Compiling typenum v1.20.1
core-probe (ubuntu-latest)	Run cargo test -p oh_core --locked	2026-10-06T10:17:34.7857917Z    Compiling rand_core v0.10.1
core-probe (ubuntu-latest)	Run cargo test -p oh_core --locked	2026-10-06T10:17:34.8358128Z    Compiling getrandom v0.3.4
core-probe (ubuntu-latest)	Run cargo test -p oh_core --locked	2026-10-06T10:17:34.8388068Z    Compiling bytemuck v1.25.2
core-probe (ubuntu-latest)	Run cargo test -p oh_core --locked	2026-10-06T10:17:34.9368076Z    Compiling rand_core v0.9.5
core-probe (ubuntu-latest)	Run cargo test -p oh_core --locked	2026-10-06T10:17:34.9538021Z    Compiling az v1.3.0
core-probe (ubuntu-latest)	Run cargo test -p oh_core --locked	2026-10-06T10:17:35.0687915Z    Compiling rand v0.9.5
core-probe (ubuntu-latest)	Run cargo test -p oh_core --locked	2026-10-06T10:17:35.4228079Z    Compiling rand_xorshift v0.4.0
core-probe (ubuntu-latest)	Run cargo test -p oh_core --locked	2026-10-06T10:17:35.4707942Z    Compiling num-traits v0.2.19
core-probe (ubuntu-latest)	Run cargo test -p oh_core --locked	2026-10-06T10:17:35.6860241Z    Compiling serde v1.0.229
core-probe (ubuntu-latest)	Run cargo test -p oh_core --locked	2026-10-06T10:17:35.7945824Z    Compiling regex-syntax v0.8.11
core-probe (ubuntu-latest)	Run cargo test -p oh_core --locked	2026-10-06T10:17:35.9508229Z    Compiling bitflags v2.13.2
core-probe (ubuntu-latest)	Run cargo test -p oh_core --locked	2026-10-06T10:17:36.0485038Z    Compiling postcard v1.1.3
core-probe (ubuntu-latest)	Run cargo test -p oh_core --locked	2026-10-06T10:17:36.0968484Z    Compiling unarray v0.1.4
core-probe (ubuntu-latest)	Run cargo test -p oh_core --locked	2026-10-06T10:17:36.8548134Z    Compiling ppv-lite86 v0.2.21
core-probe (ubuntu-latest)	Run cargo test -p oh_core --locked	2026-10-06T10:17:36.8638208Z    Compiling half v2.7.1
core-probe (ubuntu-latest)	Run cargo test -p oh_core --locked	2026-10-06T10:17:37.0493603Z    Compiling fixed v1.31.0
core-probe (ubuntu-latest)	Run cargo test -p oh_core --locked	2026-10-06T10:17:37.0670183Z    Compiling rand_chacha v0.9.0
core-probe (ubuntu-latest)	Run cargo test -p oh_core --locked	2026-10-06T10:17:37.1910008Z    Compiling rand_chacha v0.10.0
core-probe (ubuntu-latest)	Run cargo test -p oh_core --locked	2026-10-06T10:17:37.2202869Z    Compiling proptest v1.11.0
core-probe (ubuntu-latest)	Run cargo test -p oh_core --locked	2026-10-06T10:17:41.3834876Z    Compiling oh_core v0.1.0 (/home/runner/work/OpenHOI4/OpenHOI4/crates/oh_core)
core-probe (ubuntu-latest)	Run cargo test -p oh_core --locked	2026-10-06T10:17:42.0969714Z     Finished `test` profile [unoptimized + debuginfo] target(s) in 8.08s
core-probe (ubuntu-latest)	Run cargo test -p oh_core --locked	2026-10-06T10:17:42.0999489Z      Running unittests src/lib.rs (target/debug/deps/oh_core-be55988015042628)
core-probe (ubuntu-latest)	Run cargo test -p oh_core --locked	2026-10-06T10:17:42.1009692Z
core-probe (ubuntu-latest)	Run cargo test -p oh_core --locked	2026-10-06T10:17:42.1009794Z running 0 tests
core-probe (ubuntu-latest)	Run cargo test -p oh_core --locked	2026-10-06T10:17:42.1010266Z
core-probe (ubuntu-latest)	Run cargo test -p oh_core --locked	2026-10-06T10:17:42.1010597Z test result: ok. 0 passed; 0 failed; 0 ignored; 0 measured; 0 filtered out; finished in 0.00s
core-probe (ubuntu-latest)	Run cargo test -p oh_core --locked	2026-10-06T10:17:42.1010883Z
core-probe (ubuntu-latest)	Run cargo test -p oh_core --locked	2026-10-06T10:17:42.1011634Z      Running tests/core.rs (target/debug/deps/core-8e7118f39a092676)
core-probe (ubuntu-latest)	Run cargo test -p oh_core --locked	2026-10-06T10:17:42.1020056Z
core-probe (ubuntu-latest)	Run cargo test -p oh_core --locked	2026-10-06T10:17:42.1020175Z running 16 tests
core-probe (ubuntu-latest)	Run cargo test -p oh_core --locked	2026-10-06T10:17:42.1023333Z test req_gen_04_canonical_map_order_and_strict_decode ... ok
core-probe (ubuntu-latest)	Run cargo test -p oh_core --locked	2026-10-06T10:17:42.1023900Z test req_gen_04_fixed_and_id_wire_encoding ... ok
core-probe (ubuntu-latest)	Run cargo test -p oh_core --locked	2026-10-06T10:17:42.1027569Z test req_gen_04_fixed_exact_arithmetic_and_rounding ... ok
core-probe (ubuntu-latest)	Run cargo test -p oh_core --locked	2026-10-06T10:17:42.1032196Z test req_gen_04_fnv1a_reference_vectors_and_incremental_hash ... ok
core-probe (ubuntu-latest)	Run cargo test -p oh_core --locked	2026-10-06T10:17:42.1106763Z test req_gen_04_fixed_checked_arithmetic_matches_integer_reference ... ok
core-probe (ubuntu-latest)	Run cargo test -p oh_core --locked	2026-10-06T10:17:42.1115393Z test req_gen_04_fixed_serialization_preserves_all_bits ... ok
core-probe (ubuntu-latest)	Run cargo test -p oh_core --locked	2026-10-06T10:17:42.1116167Z test req_gen_04_rng_order_and_unrelated_draws_do_not_affect_entity_streams ... ok
core-probe (ubuntu-latest)	Run cargo test -p oh_core --locked	2026-10-06T10:17:42.1137203Z test req_gen_04_rng_tuple_fields_and_entity_domains_are_distinct ... ok
core-probe (ubuntu-latest)	Run cargo test -p oh_core --locked	2026-10-06T10:17:42.1138042Z test req_gen_04_serialization_errors_are_propagated ... ok
core-probe (ubuntu-latest)	Run cargo test -p oh_core --locked	2026-10-06T10:17:42.1237624Z test req_gen_04_typed_ids_round_trip ... ok
core-probe (ubuntu-latest)	Run cargo test -p oh_core --locked	2026-10-06T10:17:42.1238302Z test req_plat_02_chacha8_zero_seed_reference_vector ... ok
core-probe (ubuntu-latest)	Run cargo test -p oh_core --locked	2026-10-06T10:17:42.1239492Z test req_plat_02_full_diagnostic_matches_independent_reference ... ok
core-probe (ubuntu-latest)	Run cargo test -p oh_core --locked	2026-10-06T10:17:42.1240146Z test req_plat_02_portable_postcard_hash_vector ... ok
core-probe (ubuntu-latest)	Run cargo test -p oh_core --locked	2026-10-06T10:17:42.1281960Z test req_gen_04_rng_reconstruction ... ok
core-probe (ubuntu-latest)	Run cargo test -p oh_core --locked	2026-10-06T10:17:42.1551374Z test req_gen_04_map_permutations_are_canonical ... ok
core-probe (ubuntu-latest)	Run cargo test -p oh_core --locked	2026-10-06T10:17:42.2267935Z test req_gen_04_fnv_chunking_is_independent ... ok
core-probe (ubuntu-latest)	Run cargo test -p oh_core --locked	2026-10-06T10:17:42.2268285Z
core-probe (ubuntu-latest)	Run cargo test -p oh_core --locked	2026-10-06T10:17:42.2268633Z test result: ok. 16 passed; 0 failed; 0 ignored; 0 measured; 0 filtered out; finished in 0.12s
core-probe (ubuntu-latest)	Run cargo test -p oh_core --locked	2026-10-06T10:17:42.2269076Z
core-probe (ubuntu-latest)	Run cargo test -p oh_core --locked	2026-10-06T10:17:42.2270068Z    Doc-tests oh_core
core-probe (ubuntu-latest)	Run cargo test -p oh_core --locked	2026-10-06T10:17:42.2505665Z
core-probe (ubuntu-latest)	Run cargo test -p oh_core --locked	2026-10-06T10:17:42.2506996Z running 1 test
core-probe (ubuntu-latest)	Run cargo test -p oh_core --locked	2026-10-06T10:17:42.2739728Z test crates/oh_core/src/ids.rs - ids (line 7) - compile fail ... ok
core-probe (ubuntu-latest)	Run cargo test -p oh_core --locked	2026-10-06T10:17:42.2740054Z
core-probe (ubuntu-latest)	Run cargo test -p oh_core --locked	2026-10-06T10:17:42.2740269Z test result: ok. 1 passed; 0 failed; 0 ignored; 0 measured; 0 filtered out; finished in 0.02s
core-probe (ubuntu-latest)	Run cargo test -p oh_core --locked	2026-10-06T10:17:42.2740552Z
core-probe (ubuntu-latest)	Test evidence gate failure paths	﻿2026-10-06T10:17:42.2803084Z ##[group]Run python -m unittest discover -s crates/oh_core/tests -p test_determinism_workflow.py -v
core-probe (ubuntu-latest)	Test evidence gate failure paths	2026-10-06T10:17:42.2803638Z [36;1mpython -m unittest discover -s crates/oh_core/tests -p test_determinism_workflow.py -v[0m
core-probe (ubuntu-latest)	Test evidence gate failure paths	2026-10-06T10:17:42.2859096Z shell: /usr/bin/bash -e {0}
core-probe (ubuntu-latest)	Test evidence gate failure paths	2026-10-06T10:17:42.2859301Z env:
core-probe (ubuntu-latest)	Test evidence gate failure paths	2026-10-06T10:17:42.2859523Z   pythonLocation: /opt/hostedtoolcache/Python/3.11.16/x64
core-probe (ubuntu-latest)	Test evidence gate failure paths	2026-10-06T10:17:42.2859869Z   PKG_CONFIG_PATH: /opt/hostedtoolcache/Python/3.11.16/x64/lib/pkgconfig
core-probe (ubuntu-latest)	Test evidence gate failure paths	2026-10-06T10:17:42.2860203Z   Python_ROOT_DIR: /opt/hostedtoolcache/Python/3.11.16/x64
core-probe (ubuntu-latest)	Test evidence gate failure paths	2026-10-06T10:17:42.2860529Z   Python2_ROOT_DIR: /opt/hostedtoolcache/Python/3.11.16/x64
core-probe (ubuntu-latest)	Test evidence gate failure paths	2026-10-06T10:17:42.2860833Z   Python3_ROOT_DIR: /opt/hostedtoolcache/Python/3.11.16/x64
core-probe (ubuntu-latest)	Test evidence gate failure paths	2026-10-06T10:17:42.2861141Z   LD_LIBRARY_PATH: /opt/hostedtoolcache/Python/3.11.16/x64/lib
core-probe (ubuntu-latest)	Test evidence gate failure paths	2026-10-06T10:17:42.2861398Z ##[endgroup]
core-probe (ubuntu-latest)	Test evidence gate failure paths	2026-10-06T10:17:44.6524385Z test_req_gen_04_capture_repeated_run_mismatch_fails (test_determinism_workflow.CoreDeterminismTests.test_req_gen_04_capture_repeated_run_mismatch_fails) ... ok
core-probe (ubuntu-latest)	Test evidence gate failure paths	2026-10-06T10:17:44.6529267Z test_req_gen_04_capture_requires_two_matching_runs (test_determinism_workflow.CoreDeterminismTests.test_req_gen_04_capture_requires_two_matching_runs) ... ok
core-probe (ubuntu-latest)	Test evidence gate failure paths	2026-10-06T10:17:44.6532816Z test_req_gen_04_failed_probe_does_not_produce_artifact (test_determinism_workflow.CoreDeterminismTests.test_req_gen_04_failed_probe_does_not_produce_artifact) ... ok
core-probe (ubuntu-latest)	Test evidence gate failure paths	2026-10-06T10:17:44.6536532Z test_req_gen_04_malformed_probe_does_not_produce_artifact (test_determinism_workflow.CoreDeterminismTests.test_req_gen_04_malformed_probe_does_not_produce_artifact) ... ok
core-probe (ubuntu-latest)	Test evidence gate failure paths	2026-10-06T10:17:44.6543233Z test_req_plat_02_extra_artifact_fails (test_determinism_workflow.CoreDeterminismTests.test_req_plat_02_extra_artifact_fails) ... ok
core-probe (ubuntu-latest)	Test evidence gate failure paths	2026-10-06T10:17:44.6549546Z test_req_plat_02_malformed_hash_fails (test_determinism_workflow.CoreDeterminismTests.test_req_plat_02_malformed_hash_fails) ... ok
core-probe (ubuntu-latest)	Test evidence gate failure paths	2026-10-06T10:17:44.6555384Z test_req_plat_02_missing_hash_file_fails (test_determinism_workflow.CoreDeterminismTests.test_req_plat_02_missing_hash_file_fails) ... ok
core-probe (ubuntu-latest)	Test evidence gate failure paths	2026-10-06T10:17:44.6559823Z test_req_plat_02_missing_os_fails (test_determinism_workflow.CoreDeterminismTests.test_req_plat_02_missing_os_fails) ... ok
core-probe (ubuntu-latest)	Test evidence gate failure paths	2026-10-06T10:17:44.6566083Z test_req_plat_02_three_different_artifacts_fail (test_determinism_workflow.CoreDeterminismTests.test_req_plat_02_three_different_artifacts_fail) ... ok
core-probe (ubuntu-latest)	Test evidence gate failure paths	2026-10-06T10:17:44.6571965Z test_req_plat_02_three_matching_artifacts_pass (test_determinism_workflow.CoreDeterminismTests.test_req_plat_02_three_matching_artifacts_pass) ... ok
core-probe (ubuntu-latest)	Test evidence gate failure paths	2026-10-06T10:17:44.6572739Z
core-probe (ubuntu-latest)	Test evidence gate failure paths	2026-10-06T10:17:44.6572949Z ----------------------------------------------------------------------
core-probe (ubuntu-latest)	Test evidence gate failure paths	2026-10-06T10:17:44.6573421Z Ran 10 tests in 0.006s
core-probe (ubuntu-latest)	Test evidence gate failure paths	2026-10-06T10:17:44.6573605Z
core-probe (ubuntu-latest)	Test evidence gate failure paths	2026-10-06T10:17:44.6573688Z OK
core-probe (ubuntu-latest)	Test evidence gate failure paths	2026-10-06T10:17:44.6573892Z core probe two runs: 0dd81b8754bcc3f9
core-probe (ubuntu-latest)	Test evidence gate failure paths	2026-10-06T10:17:44.6574151Z ubuntu-latest: 0dd81b8754bcc3f9
core-probe (ubuntu-latest)	Test evidence gate failure paths	2026-10-06T10:17:44.6574378Z windows-latest: 0dd81b8754bcc3f9
core-probe (ubuntu-latest)	Test evidence gate failure paths	2026-10-06T10:17:44.6574592Z macos-latest: 0dd81b8754bcc3f9
core-probe (ubuntu-latest)	Check independent integer-only format reference	﻿2026-10-06T10:17:44.6722757Z ##[group]Run python crates/oh_core/tests/independent_reference.py
core-probe (ubuntu-latest)	Check independent integer-only format reference	2026-10-06T10:17:44.6723402Z [36;1mpython crates/oh_core/tests/independent_reference.py[0m
core-probe (ubuntu-latest)	Check independent integer-only format reference	2026-10-06T10:17:44.6795882Z shell: /usr/bin/bash -e {0}
core-probe (ubuntu-latest)	Check independent integer-only format reference	2026-10-06T10:17:44.6796102Z env:
core-probe (ubuntu-latest)	Check independent integer-only format reference	2026-10-06T10:17:44.6796334Z   pythonLocation: /opt/hostedtoolcache/Python/3.11.16/x64
core-probe (ubuntu-latest)	Check independent integer-only format reference	2026-10-06T10:17:44.6796703Z   PKG_CONFIG_PATH: /opt/hostedtoolcache/Python/3.11.16/x64/lib/pkgconfig
core-probe (ubuntu-latest)	Check independent integer-only format reference	2026-10-06T10:17:44.6797215Z   Python_ROOT_DIR: /opt/hostedtoolcache/Python/3.11.16/x64
core-probe (ubuntu-latest)	Check independent integer-only format reference	2026-10-06T10:17:44.6797529Z   Python2_ROOT_DIR: /opt/hostedtoolcache/Python/3.11.16/x64
core-probe (ubuntu-latest)	Check independent integer-only format reference	2026-10-06T10:17:44.6797835Z   Python3_ROOT_DIR: /opt/hostedtoolcache/Python/3.11.16/x64
core-probe (ubuntu-latest)	Check independent integer-only format reference	2026-10-06T10:17:44.6798128Z   LD_LIBRARY_PATH: /opt/hostedtoolcache/Python/3.11.16/x64/lib
core-probe (ubuntu-latest)	Check independent integer-only format reference	2026-10-06T10:17:44.6798382Z ##[endgroup]
core-probe (ubuntu-latest)	Check independent integer-only format reference	2026-10-06T10:17:44.7036736Z ChaCha8 zero seed: 2fef003e, d6405f89, e8b85b7f, a1a5091f, c30e842c, 3b7f9ace, 88e11b18, 1e1a71ef
core-probe (ubuntu-latest)	Check independent integer-only format reference	2026-10-06T10:17:44.7037682Z core-format-v1: bytes=243, hash=0dd81b8754bcc3f9
core-probe (ubuntu-latest)	Check independent integer-only format reference	2026-10-06T10:17:44.7042124Z hex=90e4d0b287d3aeeefe010400ffff03800100ffffffffffffffffff01feffffffffffffffff0104c5d791fde6ba87dc37e5b193e7d091e1b939b4cba2ddeaed8b9ad501a9dfc9a0cd99dbd4ea0101ffff03800100010204f2a6e4c7f28fd8d49201bfe7bbece8a18bb66bd08d85e9dccff6d5df01da99c388b990f4ff9d017fffff03800100020104fdb18094eec2aa85bf01b6e5d6eac6b488da288fd5e0f0edf0f4f818f3a7fba7a1f2a8df19ffffffff0fffff03800100feffffffffffffffff01ffffffffffffffffff0104858783acfc8d8dd96dba8ea292b397f98596019297bdaed6e3d1fc4da9bb9ca7deefa4d99e01
core-probe (ubuntu-latest)	Check independent integer-only format reference	2026-10-06T10:17:44.7046616Z Existing reference fixtures match; no files were changed.
core-probe (ubuntu-latest)	Run identical core probe twice	﻿2026-10-06T10:17:44.7091322Z ##[group]Run python crates/oh_core/tools/check_determinism.py capture --out target/core-determinism
core-probe (ubuntu-latest)	Run identical core probe twice	2026-10-06T10:17:44.7091865Z [36;1mpython crates/oh_core/tools/check_determinism.py capture --out target/core-determinism[0m
core-probe (ubuntu-latest)	Run identical core probe twice	2026-10-06T10:17:44.7143541Z shell: /usr/bin/bash -e {0}
core-probe (ubuntu-latest)	Run identical core probe twice	2026-10-06T10:17:44.7143746Z env:
core-probe (ubuntu-latest)	Run identical core probe twice	2026-10-06T10:17:44.7143959Z   pythonLocation: /opt/hostedtoolcache/Python/3.11.16/x64
core-probe (ubuntu-latest)	Run identical core probe twice	2026-10-06T10:17:44.7144301Z   PKG_CONFIG_PATH: /opt/hostedtoolcache/Python/3.11.16/x64/lib/pkgconfig
core-probe (ubuntu-latest)	Run identical core probe twice	2026-10-06T10:17:44.7144629Z   Python_ROOT_DIR: /opt/hostedtoolcache/Python/3.11.16/x64
core-probe (ubuntu-latest)	Run identical core probe twice	2026-10-06T10:17:44.7144923Z   Python2_ROOT_DIR: /opt/hostedtoolcache/Python/3.11.16/x64
core-probe (ubuntu-latest)	Run identical core probe twice	2026-10-06T10:17:44.7145214Z   Python3_ROOT_DIR: /opt/hostedtoolcache/Python/3.11.16/x64
core-probe (ubuntu-latest)	Run identical core probe twice	2026-10-06T10:17:44.7145507Z   LD_LIBRARY_PATH: /opt/hostedtoolcache/Python/3.11.16/x64/lib
core-probe (ubuntu-latest)	Run identical core probe twice	2026-10-06T10:17:44.7145928Z ##[endgroup]
core-probe (ubuntu-latest)	Run identical core probe twice	2026-10-06T10:17:44.8475981Z core probe two runs: 0dd81b8754bcc3f9
core-probe (ubuntu-latest)	Upload core hash for this OS	﻿2026-10-06T10:17:44.8614606Z ##[group]Run actions/upload-artifact@043fb46d1a93c77aae656e7c1c64a875d1fc6a0a
core-probe (ubuntu-latest)	Upload core hash for this OS	2026-10-06T10:17:44.8614937Z with:
core-probe (ubuntu-latest)	Upload core hash for this OS	2026-10-06T10:17:44.8615112Z   name: core-hash-ubuntu-latest
core-probe (ubuntu-latest)	Upload core hash for this OS	2026-10-06T10:17:44.8615343Z   path: target/core-determinism/core-hash.txt
core-probe (ubuntu-latest)	Upload core hash for this OS	2026-10-06T10:17:44.8615579Z   if-no-files-found: error
core-probe (ubuntu-latest)	Upload core hash for this OS	2026-10-06T10:17:44.8615767Z   archive: true
core-probe (ubuntu-latest)	Upload core hash for this OS	2026-10-06T10:17:44.8615949Z   compression-level: 6
core-probe (ubuntu-latest)	Upload core hash for this OS	2026-10-06T10:17:44.8616135Z   overwrite: false
core-probe (ubuntu-latest)	Upload core hash for this OS	2026-10-06T10:17:44.8616317Z   include-hidden-files: false
core-probe (ubuntu-latest)	Upload core hash for this OS	2026-10-06T10:17:44.8616507Z env:
core-probe (ubuntu-latest)	Upload core hash for this OS	2026-10-06T10:17:44.8616720Z   pythonLocation: /opt/hostedtoolcache/Python/3.11.16/x64
core-probe (ubuntu-latest)	Upload core hash for this OS	2026-10-06T10:17:44.8617230Z   PKG_CONFIG_PATH: /opt/hostedtoolcache/Python/3.11.16/x64/lib/pkgconfig
core-probe (ubuntu-latest)	Upload core hash for this OS	2026-10-06T10:17:44.8617565Z   Python_ROOT_DIR: /opt/hostedtoolcache/Python/3.11.16/x64
core-probe (ubuntu-latest)	Upload core hash for this OS	2026-10-06T10:17:44.8617872Z   Python2_ROOT_DIR: /opt/hostedtoolcache/Python/3.11.16/x64
core-probe (ubuntu-latest)	Upload core hash for this OS	2026-10-06T10:17:44.8618163Z   Python3_ROOT_DIR: /opt/hostedtoolcache/Python/3.11.16/x64
core-probe (ubuntu-latest)	Upload core hash for this OS	2026-10-06T10:17:44.8618488Z   LD_LIBRARY_PATH: /opt/hostedtoolcache/Python/3.11.16/x64/lib
core-probe (ubuntu-latest)	Upload core hash for this OS	2026-10-06T10:17:44.8618740Z ##[endgroup]
core-probe (ubuntu-latest)	Upload core hash for this OS	2026-10-06T10:17:44.9712611Z With the provided path, there will be 1 file uploaded
core-probe (ubuntu-latest)	Upload core hash for this OS	2026-10-06T10:17:44.9716474Z Artifact name is valid!
core-probe (ubuntu-latest)	Upload core hash for this OS	2026-10-06T10:17:44.9717192Z Root directory input is valid!
core-probe (ubuntu-latest)	Upload core hash for this OS	2026-10-06T10:17:45.1523411Z Uploading artifact: core-hash-ubuntu-latest.zip
core-probe (ubuntu-latest)	Upload core hash for this OS	2026-10-06T10:17:45.1554837Z Beginning upload of artifact content to blob storage
core-probe (ubuntu-latest)	Upload core hash for this OS	2026-10-06T10:17:45.2215981Z Uploaded bytes 159
core-probe (ubuntu-latest)	Upload core hash for this OS	2026-10-06T10:17:45.2352656Z Finished uploading artifact content to blob storage!
core-probe (ubuntu-latest)	Upload core hash for this OS	2026-10-06T10:17:45.2353463Z SHA256 digest of uploaded artifact is 106b442a15c0a317b81bbeda84ab86127c9c4eb404c61a3b7fadc1f64e0cbe56
core-probe (ubuntu-latest)	Upload core hash for this OS	2026-10-06T10:17:45.2354136Z Finalizing artifact upload
core-probe (ubuntu-latest)	Upload core hash for this OS	2026-10-06T10:17:45.4908935Z Artifact core-hash-ubuntu-latest successfully finalized. Artifact ID 11404637362
core-probe (ubuntu-latest)	Upload core hash for this OS	2026-10-06T10:17:45.4909758Z Artifact core-hash-ubuntu-latest has been successfully uploaded! Final size is 159 bytes. Artifact ID is 11404637362
core-probe (ubuntu-latest)	Upload core hash for this OS	2026-10-06T10:17:45.4912418Z Artifact download URL: https://github.com/peppone-choi/OpenHOI4/actions/runs/37448564385/artifacts/11404637362
core-probe (ubuntu-latest)	Post Run actions/setup-python@5fda3b95a4ea91299a34e894583c3862153e4b97	﻿2026-10-06T10:17:45.5061994Z Post job cleanup.
core-probe (ubuntu-latest)	Post Run actions/checkout@3d3c42e5aac5ba805825da76410c181273ba90b1	﻿2026-10-06T10:17:45.6089043Z Post job cleanup.
core-probe (ubuntu-latest)	Post Run actions/checkout@3d3c42e5aac5ba805825da76410c181273ba90b1	2026-10-06T10:17:45.6732489Z [command]/usr/bin/git version
core-probe (ubuntu-latest)	Post Run actions/checkout@3d3c42e5aac5ba805825da76410c181273ba90b1	2026-10-06T10:17:45.6801382Z git version 2.55.0
core-probe (ubuntu-latest)	Post Run actions/checkout@3d3c42e5aac5ba805825da76410c181273ba90b1	2026-10-06T10:17:45.6826958Z Temporarily overriding HOME='/home/runner/work/_temp/5d93be29-730b-4095-bd27-e8768d4cb35c' before making global git config changes
core-probe (ubuntu-latest)	Post Run actions/checkout@3d3c42e5aac5ba805825da76410c181273ba90b1	2026-10-06T10:17:45.6827812Z Adding repository directory to the temporary git global config as a safe directory
core-probe (ubuntu-latest)	Post Run actions/checkout@3d3c42e5aac5ba805825da76410c181273ba90b1	2026-10-06T10:17:45.6831097Z [command]/usr/bin/git config --global --add safe.directory /home/runner/work/OpenHOI4/OpenHOI4
core-probe (ubuntu-latest)	Post Run actions/checkout@3d3c42e5aac5ba805825da76410c181273ba90b1	2026-10-06T10:17:45.6856419Z Removing SSH command configuration
core-probe (ubuntu-latest)	Post Run actions/checkout@3d3c42e5aac5ba805825da76410c181273ba90b1	2026-10-06T10:17:45.6861256Z [command]/usr/bin/git config --local --name-only --get-regexp core\.sshCommand
core-probe (ubuntu-latest)	Post Run actions/checkout@3d3c42e5aac5ba805825da76410c181273ba90b1	2026-10-06T10:17:45.6889624Z [command]/usr/bin/git submodule foreach --recursive sh -c "git config --local --name-only --get-regexp 'core\.sshCommand' && git config --local --unset-all 'core.sshCommand' || :"
core-probe (ubuntu-latest)	Post Run actions/checkout@3d3c42e5aac5ba805825da76410c181273ba90b1	2026-10-06T10:17:45.7075779Z Removing HTTP extra header
core-probe (ubuntu-latest)	Post Run actions/checkout@3d3c42e5aac5ba805825da76410c181273ba90b1	2026-10-06T10:17:45.7079762Z [command]/usr/bin/git config --local --name-only --get-regexp http\.https\:\/\/github\.com\/\.extraheader
core-probe (ubuntu-latest)	Post Run actions/checkout@3d3c42e5aac5ba805825da76410c181273ba90b1	2026-10-06T10:17:45.7106903Z [command]/usr/bin/git submodule foreach --recursive sh -c "git config --local --name-only --get-regexp 'http\.https\:\/\/github\.com\/\.extraheader' && git config --local --unset-all 'http.https://github.com/.extraheader' || :"
core-probe (ubuntu-latest)	Post Run actions/checkout@3d3c42e5aac5ba805825da76410c181273ba90b1	2026-10-06T10:17:45.7288636Z Removing includeIf entries pointing to credentials config files
core-probe (ubuntu-latest)	Post Run actions/checkout@3d3c42e5aac5ba805825da76410c181273ba90b1	2026-10-06T10:17:45.7293874Z [command]/usr/bin/git config --local --name-only --get-regexp ^includeIf\.gitdir:
core-probe (ubuntu-latest)	Post Run actions/checkout@3d3c42e5aac5ba805825da76410c181273ba90b1	2026-10-06T10:17:45.7316392Z includeif.gitdir:/home/runner/work/OpenHOI4/OpenHOI4/.git.path
core-probe (ubuntu-latest)	Post Run actions/checkout@3d3c42e5aac5ba805825da76410c181273ba90b1	2026-10-06T10:17:45.7317330Z includeif.gitdir:/home/runner/work/OpenHOI4/OpenHOI4/.git/worktrees/*.path
core-probe (ubuntu-latest)	Post Run actions/checkout@3d3c42e5aac5ba805825da76410c181273ba90b1	2026-10-06T10:17:45.7317709Z includeif.gitdir:/github/workspace/.git.path
core-probe (ubuntu-latest)	Post Run actions/checkout@3d3c42e5aac5ba805825da76410c181273ba90b1	2026-10-06T10:17:45.7318018Z includeif.gitdir:/github/workspace/.git/worktrees/*.path
core-probe (ubuntu-latest)	Post Run actions/checkout@3d3c42e5aac5ba805825da76410c181273ba90b1	2026-10-06T10:17:45.7322677Z [command]/usr/bin/git config --local --get-all includeif.gitdir:/home/runner/work/OpenHOI4/OpenHOI4/.git.path
core-probe (ubuntu-latest)	Post Run actions/checkout@3d3c42e5aac5ba805825da76410c181273ba90b1	2026-10-06T10:17:45.7340807Z /home/runner/work/_temp/git-credentials-e004325f-6609-44fb-b39d-2ffd90feecec.config
core-probe (ubuntu-latest)	Post Run actions/checkout@3d3c42e5aac5ba805825da76410c181273ba90b1	2026-10-06T10:17:45.7348450Z [command]/usr/bin/git config --local --unset includeif.gitdir:/home/runner/work/OpenHOI4/OpenHOI4/.git.path \/home\/runner\/work\/_temp\/git\-credentials\-e004325f\-6609\-44fb\-b39d\-2ffd90feecec\.config
core-probe (ubuntu-latest)	Post Run actions/checkout@3d3c42e5aac5ba805825da76410c181273ba90b1	2026-10-06T10:17:45.7375386Z [command]/usr/bin/git config --local --get-all includeif.gitdir:/home/runner/work/OpenHOI4/OpenHOI4/.git/worktrees/*.path
core-probe (ubuntu-latest)	Post Run actions/checkout@3d3c42e5aac5ba805825da76410c181273ba90b1	2026-10-06T10:17:45.7393661Z /home/runner/work/_temp/git-credentials-e004325f-6609-44fb-b39d-2ffd90feecec.config
core-probe (ubuntu-latest)	Post Run actions/checkout@3d3c42e5aac5ba805825da76410c181273ba90b1	2026-10-06T10:17:45.7399917Z [command]/usr/bin/git config --local --unset includeif.gitdir:/home/runner/work/OpenHOI4/OpenHOI4/.git/worktrees/*.path \/home\/runner\/work\/_temp\/git\-credentials\-e004325f\-6609\-44fb\-b39d\-2ffd90feecec\.config
core-probe (ubuntu-latest)	Post Run actions/checkout@3d3c42e5aac5ba805825da76410c181273ba90b1	2026-10-06T10:17:45.7432029Z [command]/usr/bin/git config --local --get-all includeif.gitdir:/github/workspace/.git.path
core-probe (ubuntu-latest)	Post Run actions/checkout@3d3c42e5aac5ba805825da76410c181273ba90b1	2026-10-06T10:17:45.7449307Z /github/runner_temp/git-credentials-e004325f-6609-44fb-b39d-2ffd90feecec.config
core-probe (ubuntu-latest)	Post Run actions/checkout@3d3c42e5aac5ba805825da76410c181273ba90b1	2026-10-06T10:17:45.7460681Z [command]/usr/bin/git config --local --unset includeif.gitdir:/github/workspace/.git.path \/github\/runner_temp\/git\-credentials\-e004325f\-6609\-44fb\-b39d\-2ffd90feecec\.config
core-probe (ubuntu-latest)	Post Run actions/checkout@3d3c42e5aac5ba805825da76410c181273ba90b1	2026-10-06T10:17:45.7482438Z [command]/usr/bin/git config --local --get-all includeif.gitdir:/github/workspace/.git/worktrees/*.path
core-probe (ubuntu-latest)	Post Run actions/checkout@3d3c42e5aac5ba805825da76410c181273ba90b1	2026-10-06T10:17:45.7500059Z /github/runner_temp/git-credentials-e004325f-6609-44fb-b39d-2ffd90feecec.config
core-probe (ubuntu-latest)	Post Run actions/checkout@3d3c42e5aac5ba805825da76410c181273ba90b1	2026-10-06T10:17:45.7505271Z [command]/usr/bin/git config --local --unset includeif.gitdir:/github/workspace/.git/worktrees/*.path \/github\/runner_temp\/git\-credentials\-e004325f\-6609\-44fb\-b39d\-2ffd90feecec\.config
core-probe (ubuntu-latest)	Post Run actions/checkout@3d3c42e5aac5ba805825da76410c181273ba90b1	2026-10-06T10:17:45.7532045Z [command]/usr/bin/git submodule foreach --recursive git config --local --show-origin --name-only --get-regexp remote.origin.url
core-probe (ubuntu-latest)	Post Run actions/checkout@3d3c42e5aac5ba805825da76410c181273ba90b1	2026-10-06T10:17:45.7711183Z Removing credentials config '/home/runner/work/_temp/git-credentials-e004325f-6609-44fb-b39d-2ffd90feecec.config'
core-probe (ubuntu-latest)	Complete job	﻿2026-10-06T10:17:45.7828767Z Cleaning up orphan processes
core-probe (windows-latest)	Set up job	﻿2026-10-06T10:17:50.1794515Z Current runner version: '2.337.0'
core-probe (windows-latest)	Set up job	2026-10-06T10:17:50.1846054Z ##[group]Runner Image Provisioner
core-probe (windows-latest)	Set up job	2026-10-06T10:17:50.1846902Z Hosted Compute Agent
core-probe (windows-latest)	Set up job	2026-10-06T10:17:50.1847419Z Version: 20260901.588
core-probe (windows-latest)	Set up job	2026-10-06T10:17:50.1848376Z Commit: f88ec8081b781fac6c440065ac7ff9e710ce3d0b
core-probe (windows-latest)	Set up job	2026-10-06T10:17:50.1849058Z Build Date: 2026-09-01T19:56:44Z
core-probe (windows-latest)	Set up job	2026-10-06T10:17:50.1849708Z Worker ID: {540440f8-54bd-489d-9407-73f9151beddb}
core-probe (windows-latest)	Set up job	2026-10-06T10:17:50.1850633Z Azure Region: eastus
core-probe (windows-latest)	Set up job	2026-10-06T10:17:50.1851177Z ##[endgroup]
core-probe (windows-latest)	Set up job	2026-10-06T10:17:50.1852756Z ##[group]Operating System
core-probe (windows-latest)	Set up job	2026-10-06T10:17:50.1853441Z Microsoft Windows Server 2025
core-probe (windows-latest)	Set up job	2026-10-06T10:17:50.1854030Z 10.0.26100
core-probe (windows-latest)	Set up job	2026-10-06T10:17:50.1854512Z Datacenter
core-probe (windows-latest)	Set up job	2026-10-06T10:17:50.1854975Z ##[endgroup]
core-probe (windows-latest)	Set up job	2026-10-06T10:17:50.1855480Z ##[group]Runner Image
core-probe (windows-latest)	Set up job	2026-10-06T10:17:50.1856014Z Image: windows-2025-vs2026
core-probe (windows-latest)	Set up job	2026-10-06T10:17:50.1856554Z Version: 20260925.250.1
core-probe (windows-latest)	Set up job	2026-10-06T10:17:50.1857692Z Included Software: https://github.com/actions/runner-images/blob/win25-vs2026/20260925.250/images/windows/Windows2025-VS2026-Readme.md
core-probe (windows-latest)	Set up job	2026-10-06T10:17:50.1859811Z Image Release: https://github.com/actions/runner-images/releases/tag/win25-vs2026%2F20260925.250
core-probe (windows-latest)	Set up job	2026-10-06T10:17:50.1860740Z ##[endgroup]
core-probe (windows-latest)	Set up job	2026-10-06T10:17:50.1861926Z ##[group]GITHUB_TOKEN Permissions
core-probe (windows-latest)	Set up job	2026-10-06T10:17:50.1863979Z Contents: read
core-probe (windows-latest)	Set up job	2026-10-06T10:17:50.1864539Z Metadata: read
core-probe (windows-latest)	Set up job	2026-10-06T10:17:50.1865184Z ##[endgroup]
core-probe (windows-latest)	Set up job	2026-10-06T10:17:50.1867291Z Secret source: Actions
core-probe (windows-latest)	Set up job	2026-10-06T10:17:50.1868674Z Cache mode: write
core-probe (windows-latest)	Set up job	2026-10-06T10:17:50.1869507Z Prepare workflow directory
core-probe (windows-latest)	Set up job	2026-10-06T10:17:50.2240794Z Prepare all required actions
core-probe (windows-latest)	Set up job	2026-10-06T10:17:50.2309743Z Getting action download info
core-probe (windows-latest)	Set up job	2026-10-06T10:17:50.4200501Z Download action repository 'actions/checkout@3d3c42e5aac5ba805825da76410c181273ba90b1' (SHA:3d3c42e5aac5ba805825da76410c181273ba90b1)
core-probe (windows-latest)	Set up job	2026-10-06T10:17:50.5593879Z Download action repository 'actions/setup-python@5fda3b95a4ea91299a34e894583c3862153e4b97' (SHA:5fda3b95a4ea91299a34e894583c3862153e4b97)
core-probe (windows-latest)	Set up job	2026-10-06T10:17:50.7118343Z Download action repository 'actions/upload-artifact@043fb46d1a93c77aae656e7c1c64a875d1fc6a0a' (SHA:043fb46d1a93c77aae656e7c1c64a875d1fc6a0a)
core-probe (windows-latest)	Set up job	2026-10-06T10:17:50.9325191Z Complete job name: core-probe (windows-latest)
core-probe (windows-latest)	Run actions/checkout@3d3c42e5aac5ba805825da76410c181273ba90b1	﻿2026-10-06T10:17:51.0831378Z ##[group]Run actions/checkout@3d3c42e5aac5ba805825da76410c181273ba90b1
core-probe (windows-latest)	Run actions/checkout@3d3c42e5aac5ba805825da76410c181273ba90b1	2026-10-06T10:17:51.0832782Z with:
core-probe (windows-latest)	Run actions/checkout@3d3c42e5aac5ba805825da76410c181273ba90b1	2026-10-06T10:17:51.0833295Z   repository: peppone-choi/OpenHOI4
core-probe (windows-latest)	Run actions/checkout@3d3c42e5aac5ba805825da76410c181273ba90b1	2026-10-06T10:17:51.0838609Z   token: ***
core-probe (windows-latest)	Run actions/checkout@3d3c42e5aac5ba805825da76410c181273ba90b1	2026-10-06T10:17:51.0839109Z   ssh-strict: true
core-probe (windows-latest)	Run actions/checkout@3d3c42e5aac5ba805825da76410c181273ba90b1	2026-10-06T10:17:51.0839610Z   ssh-user: git
core-probe (windows-latest)	Run actions/checkout@3d3c42e5aac5ba805825da76410c181273ba90b1	2026-10-06T10:17:51.0840116Z   persist-credentials: true
core-probe (windows-latest)	Run actions/checkout@3d3c42e5aac5ba805825da76410c181273ba90b1	2026-10-06T10:17:51.0840675Z   clean: true
core-probe (windows-latest)	Run actions/checkout@3d3c42e5aac5ba805825da76410c181273ba90b1	2026-10-06T10:17:51.0841175Z   sparse-checkout-cone-mode: true
core-probe (windows-latest)	Run actions/checkout@3d3c42e5aac5ba805825da76410c181273ba90b1	2026-10-06T10:17:51.0841788Z   fetch-depth: 1
core-probe (windows-latest)	Run actions/checkout@3d3c42e5aac5ba805825da76410c181273ba90b1	2026-10-06T10:17:51.0842276Z   fetch-tags: false
core-probe (windows-latest)	Run actions/checkout@3d3c42e5aac5ba805825da76410c181273ba90b1	2026-10-06T10:17:51.0842777Z   show-progress: true
core-probe (windows-latest)	Run actions/checkout@3d3c42e5aac5ba805825da76410c181273ba90b1	2026-10-06T10:17:51.0843278Z   lfs: false
core-probe (windows-latest)	Run actions/checkout@3d3c42e5aac5ba805825da76410c181273ba90b1	2026-10-06T10:17:51.0843737Z   submodules: false
core-probe (windows-latest)	Run actions/checkout@3d3c42e5aac5ba805825da76410c181273ba90b1	2026-10-06T10:17:51.0844276Z   set-safe-directory: true
core-probe (windows-latest)	Run actions/checkout@3d3c42e5aac5ba805825da76410c181273ba90b1	2026-10-06T10:17:51.0844806Z   allow-unsafe-pr-checkout: false
core-probe (windows-latest)	Run actions/checkout@3d3c42e5aac5ba805825da76410c181273ba90b1	2026-10-06T10:17:51.0845520Z ##[endgroup]
core-probe (windows-latest)	Run actions/checkout@3d3c42e5aac5ba805825da76410c181273ba90b1	2026-10-06T10:17:51.2520680Z Syncing repository: peppone-choi/OpenHOI4
core-probe (windows-latest)	Run actions/checkout@3d3c42e5aac5ba805825da76410c181273ba90b1	2026-10-06T10:17:51.2523375Z ##[group]Getting Git version info
core-probe (windows-latest)	Run actions/checkout@3d3c42e5aac5ba805825da76410c181273ba90b1	2026-10-06T10:17:51.2524511Z Working directory is 'D:\a\OpenHOI4\OpenHOI4'
core-probe (windows-latest)	Run actions/checkout@3d3c42e5aac5ba805825da76410c181273ba90b1	2026-10-06T10:17:51.3559570Z [command]"C:\Program Files\Git\bin\git.exe" version
core-probe (windows-latest)	Run actions/checkout@3d3c42e5aac5ba805825da76410c181273ba90b1	2026-10-06T10:17:51.6939448Z git version 2.55.0.windows.5
core-probe (windows-latest)	Run actions/checkout@3d3c42e5aac5ba805825da76410c181273ba90b1	2026-10-06T10:17:51.6995817Z ##[endgroup]
core-probe (windows-latest)	Run actions/checkout@3d3c42e5aac5ba805825da76410c181273ba90b1	2026-10-06T10:17:51.7014086Z Temporarily overriding HOME='D:\a\_temp\a668d641-c288-415c-bc23-d533e1846f96' before making global git config changes
core-probe (windows-latest)	Run actions/checkout@3d3c42e5aac5ba805825da76410c181273ba90b1	2026-10-06T10:17:51.7016607Z Adding repository directory to the temporary git global config as a safe directory
core-probe (windows-latest)	Run actions/checkout@3d3c42e5aac5ba805825da76410c181273ba90b1	2026-10-06T10:17:51.7025783Z [command]"C:\Program Files\Git\bin\git.exe" config --global --add safe.directory D:\a\OpenHOI4\OpenHOI4
core-probe (windows-latest)	Run actions/checkout@3d3c42e5aac5ba805825da76410c181273ba90b1	2026-10-06T10:17:51.7625034Z Deleting the contents of 'D:\a\OpenHOI4\OpenHOI4'
core-probe (windows-latest)	Run actions/checkout@3d3c42e5aac5ba805825da76410c181273ba90b1	2026-10-06T10:17:51.7630983Z ##[group]Determining repository object format
core-probe (windows-latest)	Run actions/checkout@3d3c42e5aac5ba805825da76410c181273ba90b1	2026-10-06T10:17:51.7632309Z ##[endgroup]
core-probe (windows-latest)	Run actions/checkout@3d3c42e5aac5ba805825da76410c181273ba90b1	2026-10-06T10:17:51.7633584Z ##[group]Initializing the repository
core-probe (windows-latest)	Run actions/checkout@3d3c42e5aac5ba805825da76410c181273ba90b1	2026-10-06T10:17:51.7641788Z [command]"C:\Program Files\Git\bin\git.exe" init D:\a\OpenHOI4\OpenHOI4
core-probe (windows-latest)	Run actions/checkout@3d3c42e5aac5ba805825da76410c181273ba90b1	2026-10-06T10:17:51.8443973Z Initialized empty Git repository in D:/a/OpenHOI4/OpenHOI4/.git/
core-probe (windows-latest)	Run actions/checkout@3d3c42e5aac5ba805825da76410c181273ba90b1	2026-10-06T10:17:51.8490203Z [command]"C:\Program Files\Git\bin\git.exe" remote add origin https://github.com/peppone-choi/OpenHOI4
core-probe (windows-latest)	Run actions/checkout@3d3c42e5aac5ba805825da76410c181273ba90b1	2026-10-06T10:17:51.9127222Z ##[endgroup]
core-probe (windows-latest)	Run actions/checkout@3d3c42e5aac5ba805825da76410c181273ba90b1	2026-10-06T10:17:51.9128526Z ##[group]Disabling automatic garbage collection
core-probe (windows-latest)	Run actions/checkout@3d3c42e5aac5ba805825da76410c181273ba90b1	2026-10-06T10:17:51.9136248Z [command]"C:\Program Files\Git\bin\git.exe" config --local gc.auto 0
core-probe (windows-latest)	Run actions/checkout@3d3c42e5aac5ba805825da76410c181273ba90b1	2026-10-06T10:17:51.9428954Z ##[endgroup]
core-probe (windows-latest)	Run actions/checkout@3d3c42e5aac5ba805825da76410c181273ba90b1	2026-10-06T10:17:51.9430253Z ##[group]Setting up auth
core-probe (windows-latest)	Run actions/checkout@3d3c42e5aac5ba805825da76410c181273ba90b1	2026-10-06T10:17:51.9431703Z Removing SSH command configuration
core-probe (windows-latest)	Run actions/checkout@3d3c42e5aac5ba805825da76410c181273ba90b1	2026-10-06T10:17:51.9439591Z [command]"C:\Program Files\Git\bin\git.exe" config --local --name-only --get-regexp core\.sshCommand
core-probe (windows-latest)	Run actions/checkout@3d3c42e5aac5ba805825da76410c181273ba90b1	2026-10-06T10:17:51.9737151Z [command]"C:\Program Files\Git\bin\git.exe" submodule foreach --recursive "sh -c \"git config --local --name-only --get-regexp 'core\.sshCommand' && git config --local --unset-all 'core.sshCommand' || :\""
core-probe (windows-latest)	Run actions/checkout@3d3c42e5aac5ba805825da76410c181273ba90b1	2026-10-06T10:17:53.3708306Z Removing HTTP extra header
core-probe (windows-latest)	Run actions/checkout@3d3c42e5aac5ba805825da76410c181273ba90b1	2026-10-06T10:17:53.3722363Z [command]"C:\Program Files\Git\bin\git.exe" config --local --name-only --get-regexp http\.https\:\/\/github\.com\/\.extraheader
core-probe (windows-latest)	Run actions/checkout@3d3c42e5aac5ba805825da76410c181273ba90b1	2026-10-06T10:17:53.4037385Z [command]"C:\Program Files\Git\bin\git.exe" submodule foreach --recursive "sh -c \"git config --local --name-only --get-regexp 'http\.https\:\/\/github\.com\/\.extraheader' && git config --local --unset-all 'http.https://github.com/.extraheader' || :\""
core-probe (windows-latest)	Run actions/checkout@3d3c42e5aac5ba805825da76410c181273ba90b1	2026-10-06T10:17:53.9974035Z Removing includeIf entries pointing to credentials config files
core-probe (windows-latest)	Run actions/checkout@3d3c42e5aac5ba805825da76410c181273ba90b1	2026-10-06T10:17:53.9976270Z [command]"C:\Program Files\Git\bin\git.exe" config --local --name-only --get-regexp ^includeIf\.gitdir:
core-probe (windows-latest)	Run actions/checkout@3d3c42e5aac5ba805825da76410c181273ba90b1	2026-10-06T10:17:54.0284737Z [command]"C:\Program Files\Git\bin\git.exe" submodule foreach --recursive "git config --local --show-origin --name-only --get-regexp remote.origin.url"
core-probe (windows-latest)	Run actions/checkout@3d3c42e5aac5ba805825da76410c181273ba90b1	2026-10-06T10:17:54.5854603Z [command]"C:\Program Files\Git\bin\git.exe" config --file D:\a\_temp\git-credentials-805ee5c4-3762-4468-9928-42c31396955a.config http.https://github.com/.extraheader "AUTHORIZATION: basic ***"
core-probe (windows-latest)	Run actions/checkout@3d3c42e5aac5ba805825da76410c181273ba90b1	2026-10-06T10:17:54.6186277Z [command]"C:\Program Files\Git\bin\git.exe" config --local includeIf.gitdir:D:/a/OpenHOI4/OpenHOI4/.git.path D:\a\_temp\git-credentials-805ee5c4-3762-4468-9928-42c31396955a.config
core-probe (windows-latest)	Run actions/checkout@3d3c42e5aac5ba805825da76410c181273ba90b1	2026-10-06T10:17:54.6499820Z [command]"C:\Program Files\Git\bin\git.exe" config --local includeIf.gitdir:D:/a/OpenHOI4/OpenHOI4/.git/worktrees/*.path D:\a\_temp\git-credentials-805ee5c4-3762-4468-9928-42c31396955a.config
core-probe (windows-latest)	Run actions/checkout@3d3c42e5aac5ba805825da76410c181273ba90b1	2026-10-06T10:17:54.6850596Z [command]"C:\Program Files\Git\bin\git.exe" config --local includeIf.gitdir:/github/workspace/.git.path /github/runner_temp/git-credentials-805ee5c4-3762-4468-9928-42c31396955a.config
core-probe (windows-latest)	Run actions/checkout@3d3c42e5aac5ba805825da76410c181273ba90b1	2026-10-06T10:17:54.7206564Z [command]"C:\Program Files\Git\bin\git.exe" config --local includeIf.gitdir:/github/workspace/.git/worktrees/*.path /github/runner_temp/git-credentials-805ee5c4-3762-4468-9928-42c31396955a.config
core-probe (windows-latest)	Run actions/checkout@3d3c42e5aac5ba805825da76410c181273ba90b1	2026-10-06T10:17:54.7527355Z ##[endgroup]
core-probe (windows-latest)	Run actions/checkout@3d3c42e5aac5ba805825da76410c181273ba90b1	2026-10-06T10:17:54.7528038Z ##[group]Fetching the repository
core-probe (windows-latest)	Run actions/checkout@3d3c42e5aac5ba805825da76410c181273ba90b1	2026-10-06T10:17:54.7540426Z [command]"C:\Program Files\Git\bin\git.exe" -c protocol.version=2 fetch --no-tags --prune --no-recurse-submodules --depth=1 origin +d6ae2c8f176d6e8fdc0bc1a102ec2eb74ccac756:refs/remotes/origin/main
core-probe (windows-latest)	Run actions/checkout@3d3c42e5aac5ba805825da76410c181273ba90b1	2026-10-06T10:17:55.8390636Z From https://github.com/peppone-choi/OpenHOI4
core-probe (windows-latest)	Run actions/checkout@3d3c42e5aac5ba805825da76410c181273ba90b1	2026-10-06T10:17:55.8391547Z  * [new ref]         d6ae2c8f176d6e8fdc0bc1a102ec2eb74ccac756 -> origin/main
core-probe (windows-latest)	Run actions/checkout@3d3c42e5aac5ba805825da76410c181273ba90b1	2026-10-06T10:17:55.8446963Z [command]"C:\Program Files\Git\bin\git.exe" branch --list --remote origin/main
core-probe (windows-latest)	Run actions/checkout@3d3c42e5aac5ba805825da76410c181273ba90b1	2026-10-06T10:17:55.8723320Z   origin/main
core-probe (windows-latest)	Run actions/checkout@3d3c42e5aac5ba805825da76410c181273ba90b1	2026-10-06T10:17:55.8766499Z [command]"C:\Program Files\Git\bin\git.exe" rev-parse refs/remotes/origin/main
core-probe (windows-latest)	Run actions/checkout@3d3c42e5aac5ba805825da76410c181273ba90b1	2026-10-06T10:17:55.9029841Z d6ae2c8f176d6e8fdc0bc1a102ec2eb74ccac756
core-probe (windows-latest)	Run actions/checkout@3d3c42e5aac5ba805825da76410c181273ba90b1	2026-10-06T10:17:55.9062894Z ##[endgroup]
core-probe (windows-latest)	Run actions/checkout@3d3c42e5aac5ba805825da76410c181273ba90b1	2026-10-06T10:17:55.9063294Z ##[group]Determining the checkout info
core-probe (windows-latest)	Run actions/checkout@3d3c42e5aac5ba805825da76410c181273ba90b1	2026-10-06T10:17:55.9065073Z ##[endgroup]
core-probe (windows-latest)	Run actions/checkout@3d3c42e5aac5ba805825da76410c181273ba90b1	2026-10-06T10:17:55.9073442Z [command]"C:\Program Files\Git\bin\git.exe" sparse-checkout disable
core-probe (windows-latest)	Run actions/checkout@3d3c42e5aac5ba805825da76410c181273ba90b1	2026-10-06T10:17:55.9435421Z [command]"C:\Program Files\Git\bin\git.exe" config --local --unset-all extensions.worktreeConfig
core-probe (windows-latest)	Run actions/checkout@3d3c42e5aac5ba805825da76410c181273ba90b1	2026-10-06T10:17:55.9750991Z ##[group]Checking out the ref
core-probe (windows-latest)	Run actions/checkout@3d3c42e5aac5ba805825da76410c181273ba90b1	2026-10-06T10:17:55.9761507Z [command]"C:\Program Files\Git\bin\git.exe" checkout --progress --force -B main refs/remotes/origin/main
core-probe (windows-latest)	Run actions/checkout@3d3c42e5aac5ba805825da76410c181273ba90b1	2026-10-06T10:17:56.2064930Z Switched to a new branch 'main'
core-probe (windows-latest)	Run actions/checkout@3d3c42e5aac5ba805825da76410c181273ba90b1	2026-10-06T10:17:56.2083394Z branch 'main' set up to track 'origin/main'.
core-probe (windows-latest)	Run actions/checkout@3d3c42e5aac5ba805825da76410c181273ba90b1	2026-10-06T10:17:56.2140809Z ##[endgroup]
core-probe (windows-latest)	Run actions/checkout@3d3c42e5aac5ba805825da76410c181273ba90b1	2026-10-06T10:17:56.2503286Z [command]"C:\Program Files\Git\bin\git.exe" log -1 --format=%H
core-probe (windows-latest)	Run actions/checkout@3d3c42e5aac5ba805825da76410c181273ba90b1	2026-10-06T10:17:56.2777650Z d6ae2c8f176d6e8fdc0bc1a102ec2eb74ccac756
core-probe (windows-latest)	Run actions/setup-python@5fda3b95a4ea91299a34e894583c3862153e4b97	﻿2026-10-06T10:17:56.3341472Z ##[group]Run actions/setup-python@5fda3b95a4ea91299a34e894583c3862153e4b97
core-probe (windows-latest)	Run actions/setup-python@5fda3b95a4ea91299a34e894583c3862153e4b97	2026-10-06T10:17:56.3342013Z with:
core-probe (windows-latest)	Run actions/setup-python@5fda3b95a4ea91299a34e894583c3862153e4b97	2026-10-06T10:17:56.3342213Z   python-version: 3.11
core-probe (windows-latest)	Run actions/setup-python@5fda3b95a4ea91299a34e894583c3862153e4b97	2026-10-06T10:17:56.3342439Z   check-latest: false
core-probe (windows-latest)	Run actions/setup-python@5fda3b95a4ea91299a34e894583c3862153e4b97	2026-10-06T10:17:56.3344991Z   token: ***
core-probe (windows-latest)	Run actions/setup-python@5fda3b95a4ea91299a34e894583c3862153e4b97	2026-10-06T10:17:56.3345202Z   update-environment: true
core-probe (windows-latest)	Run actions/setup-python@5fda3b95a4ea91299a34e894583c3862153e4b97	2026-10-06T10:17:56.3345433Z   allow-prereleases: false
core-probe (windows-latest)	Run actions/setup-python@5fda3b95a4ea91299a34e894583c3862153e4b97	2026-10-06T10:17:56.3345677Z   freethreaded: false
core-probe (windows-latest)	Run actions/setup-python@5fda3b95a4ea91299a34e894583c3862153e4b97	2026-10-06T10:17:56.3345905Z ##[endgroup]
core-probe (windows-latest)	Run actions/setup-python@5fda3b95a4ea91299a34e894583c3862153e4b97	2026-10-06T10:17:56.4840790Z ##[group]Installed versions
core-probe (windows-latest)	Run actions/setup-python@5fda3b95a4ea91299a34e894583c3862153e4b97	2026-10-06T10:17:56.5034562Z Successfully set up CPython (3.11.9)
core-probe (windows-latest)	Run actions/setup-python@5fda3b95a4ea91299a34e894583c3862153e4b97	2026-10-06T10:17:56.5035323Z ##[endgroup]
core-probe (windows-latest)	Install pinned Rust toolchain	﻿2026-10-06T10:17:56.5329073Z ##[group]Run rustup toolchain install 1.99.0 --profile minimal --component rustfmt --component clippy
core-probe (windows-latest)	Install pinned Rust toolchain	2026-10-06T10:17:56.5329946Z [36;1mrustup toolchain install 1.99.0 --profile minimal --component rustfmt --component clippy[0m
core-probe (windows-latest)	Install pinned Rust toolchain	2026-10-06T10:17:56.5881338Z shell: C:\Program Files\PowerShell\7\pwsh.EXE -command ". '{0}'"
core-probe (windows-latest)	Install pinned Rust toolchain	2026-10-06T10:17:56.5881814Z env:
core-probe (windows-latest)	Install pinned Rust toolchain	2026-10-06T10:17:56.5882151Z   pythonLocation: C:\hostedtoolcache\windows\Python\3.11.9\x64
core-probe (windows-latest)	Install pinned Rust toolchain	2026-10-06T10:17:56.5882801Z   PKG_CONFIG_PATH: C:\hostedtoolcache\windows\Python\3.11.9\x64/lib/pkgconfig
core-probe (windows-latest)	Install pinned Rust toolchain	2026-10-06T10:17:56.5883396Z   Python_ROOT_DIR: C:\hostedtoolcache\windows\Python\3.11.9\x64
core-probe (windows-latest)	Install pinned Rust toolchain	2026-10-06T10:17:56.5883914Z   Python2_ROOT_DIR: C:\hostedtoolcache\windows\Python\3.11.9\x64
core-probe (windows-latest)	Install pinned Rust toolchain	2026-10-06T10:17:56.5884434Z   Python3_ROOT_DIR: C:\hostedtoolcache\windows\Python\3.11.9\x64
core-probe (windows-latest)	Install pinned Rust toolchain	2026-10-06T10:17:56.5884841Z ##[endgroup]
core-probe (windows-latest)	Install pinned Rust toolchain	2026-10-06T10:17:57.5253942Z info: syncing channel updates for 1.99.0-x86_64-pc-windows-msvc
core-probe (windows-latest)	Install pinned Rust toolchain	2026-10-06T10:17:58.0901833Z info: latest update on 2026-10-01 for version 1.99.0 (b940084d7 2026-09-28)
core-probe (windows-latest)	Install pinned Rust toolchain	2026-10-06T10:17:58.0981031Z info: downloading 5 components
core-probe (windows-latest)	Install pinned Rust toolchain	2026-10-06T10:18:07.8544617Z
core-probe (windows-latest)	Install pinned Rust toolchain	2026-10-06T10:18:07.8865288Z   1.99.0-x86_64-pc-windows-msvc installed - rustc 1.99.0 (b940084d7 2026-09-28)
core-probe (windows-latest)	Install pinned Rust toolchain	2026-10-06T10:18:07.8865676Z
core-probe (windows-latest)	Run cargo fmt --check	﻿2026-10-06T10:18:08.0923398Z ##[group]Run cargo fmt --check
core-probe (windows-latest)	Run cargo fmt --check	2026-10-06T10:18:08.0923774Z [36;1mcargo fmt --check[0m
core-probe (windows-latest)	Run cargo fmt --check	2026-10-06T10:18:08.1000817Z shell: C:\Program Files\PowerShell\7\pwsh.EXE -command ". '{0}'"
core-probe (windows-latest)	Run cargo fmt --check	2026-10-06T10:18:08.1001182Z env:
core-probe (windows-latest)	Run cargo fmt --check	2026-10-06T10:18:08.1001451Z   pythonLocation: C:\hostedtoolcache\windows\Python\3.11.9\x64
core-probe (windows-latest)	Run cargo fmt --check	2026-10-06T10:18:08.1001906Z   PKG_CONFIG_PATH: C:\hostedtoolcache\windows\Python\3.11.9\x64/lib/pkgconfig
core-probe (windows-latest)	Run cargo fmt --check	2026-10-06T10:18:08.1002364Z   Python_ROOT_DIR: C:\hostedtoolcache\windows\Python\3.11.9\x64
core-probe (windows-latest)	Run cargo fmt --check	2026-10-06T10:18:08.1002763Z   Python2_ROOT_DIR: C:\hostedtoolcache\windows\Python\3.11.9\x64
core-probe (windows-latest)	Run cargo fmt --check	2026-10-06T10:18:08.1003159Z   Python3_ROOT_DIR: C:\hostedtoolcache\windows\Python\3.11.9\x64
core-probe (windows-latest)	Run cargo fmt --check	2026-10-06T10:18:08.1003473Z ##[endgroup]
core-probe (windows-latest)	Run cargo clippy -p oh_core --all-targets --locked -- -D warnings	﻿2026-10-06T10:18:09.7370608Z ##[group]Run cargo clippy -p oh_core --all-targets --locked -- -D warnings
core-probe (windows-latest)	Run cargo clippy -p oh_core --all-targets --locked -- -D warnings	2026-10-06T10:18:09.7371238Z [36;1mcargo clippy -p oh_core --all-targets --locked -- -D warnings[0m
core-probe (windows-latest)	Run cargo clippy -p oh_core --all-targets --locked -- -D warnings	2026-10-06T10:18:09.7442079Z shell: C:\Program Files\PowerShell\7\pwsh.EXE -command ". '{0}'"
core-probe (windows-latest)	Run cargo clippy -p oh_core --all-targets --locked -- -D warnings	2026-10-06T10:18:09.7442420Z env:
core-probe (windows-latest)	Run cargo clippy -p oh_core --all-targets --locked -- -D warnings	2026-10-06T10:18:09.7442861Z   pythonLocation: C:\hostedtoolcache\windows\Python\3.11.9\x64
core-probe (windows-latest)	Run cargo clippy -p oh_core --all-targets --locked -- -D warnings	2026-10-06T10:18:09.7443332Z   PKG_CONFIG_PATH: C:\hostedtoolcache\windows\Python\3.11.9\x64/lib/pkgconfig
core-probe (windows-latest)	Run cargo clippy -p oh_core --all-targets --locked -- -D warnings	2026-10-06T10:18:09.7443785Z   Python_ROOT_DIR: C:\hostedtoolcache\windows\Python\3.11.9\x64
core-probe (windows-latest)	Run cargo clippy -p oh_core --all-targets --locked -- -D warnings	2026-10-06T10:18:09.7444180Z   Python2_ROOT_DIR: C:\hostedtoolcache\windows\Python\3.11.9\x64
core-probe (windows-latest)	Run cargo clippy -p oh_core --all-targets --locked -- -D warnings	2026-10-06T10:18:09.7444592Z   Python3_ROOT_DIR: C:\hostedtoolcache\windows\Python\3.11.9\x64
core-probe (windows-latest)	Run cargo clippy -p oh_core --all-targets --locked -- -D warnings	2026-10-06T10:18:09.7444902Z ##[endgroup]
core-probe (windows-latest)	Run cargo clippy -p oh_core --all-targets --locked -- -D warnings	2026-10-06T10:18:10.7060069Z     Updating crates.io index
core-probe (windows-latest)	Run cargo clippy -p oh_core --all-targets --locked -- -D warnings	2026-10-06T10:18:11.2134126Z  Downloading crates ...
core-probe (windows-latest)	Run cargo clippy -p oh_core --all-targets --locked -- -D warnings	2026-10-06T10:18:11.2898257Z   Downloaded cfg-if v1.0.5
core-probe (windows-latest)	Run cargo clippy -p oh_core --all-targets --locked -- -D warnings	2026-10-06T10:18:11.3100694Z   Downloaded cobs v0.3.0
core-probe (windows-latest)	Run cargo clippy -p oh_core --all-targets --locked -- -D warnings	2026-10-06T10:18:11.3260469Z   Downloaded unarray v0.1.4
core-probe (windows-latest)	Run cargo clippy -p oh_core --all-targets --locked -- -D warnings	2026-10-06T10:18:11.3451131Z   Downloaded proptest v1.11.0
core-probe (windows-latest)	Run cargo clippy -p oh_core --all-targets --locked -- -D warnings	2026-10-06T10:18:11.4637767Z   Downloaded quote v1.0.47
core-probe (windows-latest)	Run cargo clippy -p oh_core --all-targets --locked -- -D warnings	2026-10-06T10:18:11.5012387Z   Downloaded rand_chacha v0.10.0
core-probe (windows-latest)	Run cargo clippy -p oh_core --all-targets --locked -- -D warnings	2026-10-06T10:18:11.5135029Z   Downloaded rand_xorshift v0.4.0
core-probe (windows-latest)	Run cargo clippy -p oh_core --all-targets --locked -- -D warnings	2026-10-06T10:18:11.5243225Z   Downloaded autocfg v1.5.1
core-probe (windows-latest)	Run cargo clippy -p oh_core --all-targets --locked -- -D warnings	2026-10-06T10:18:11.5493763Z   Downloaded az v1.3.0
core-probe (windows-latest)	Run cargo clippy -p oh_core --all-targets --locked -- -D warnings	2026-10-06T10:18:11.5664440Z   Downloaded bitflags v2.13.2
core-probe (windows-latest)	Run cargo clippy -p oh_core --all-targets --locked -- -D warnings	2026-10-06T10:18:11.6216872Z   Downloaded embedded-io v0.4.0
core-probe (windows-latest)	Run cargo clippy -p oh_core --all-targets --locked -- -D warnings	2026-10-06T10:18:11.6413577Z   Downloaded ppv-lite86 v0.2.21
core-probe (windows-latest)	Run cargo clippy -p oh_core --all-targets --locked -- -D warnings	2026-10-06T10:18:11.6552032Z   Downloaded embedded-io v0.6.1
core-probe (windows-latest)	Run cargo clippy -p oh_core --all-targets --locked -- -D warnings	2026-10-06T10:18:11.6698631Z   Downloaded proc-macro2 v1.0.107
core-probe (windows-latest)	Run cargo clippy -p oh_core --all-targets --locked -- -D warnings	2026-10-06T10:18:11.7064269Z   Downloaded thiserror v2.0.21
core-probe (windows-latest)	Run cargo clippy -p oh_core --all-targets --locked -- -D warnings	2026-10-06T10:18:11.8042703Z   Downloaded thiserror-impl v2.0.21
core-probe (windows-latest)	Run cargo clippy -p oh_core --all-targets --locked -- -D warnings	2026-10-06T10:18:11.8223580Z   Downloaded bytemuck v1.25.2
core-probe (windows-latest)	Run cargo clippy -p oh_core --all-targets --locked -- -D warnings	2026-10-06T10:18:11.8731715Z   Downloaded rand v0.9.5
core-probe (windows-latest)	Run cargo clippy -p oh_core --all-targets --locked -- -D warnings	2026-10-06T10:18:11.9165375Z   Downloaded rand_chacha v0.9.0
core-probe (windows-latest)	Run cargo clippy -p oh_core --all-targets --locked -- -D warnings	2026-10-06T10:18:11.9307868Z   Downloaded rand_core v0.9.5
core-probe (windows-latest)	Run cargo clippy -p oh_core --all-targets --locked -- -D warnings	2026-10-06T10:18:11.9431425Z   Downloaded rand_core v0.10.1
core-probe (windows-latest)	Run cargo clippy -p oh_core --all-targets --locked -- -D warnings	2026-10-06T10:18:11.9602145Z   Downloaded serde_derive v1.0.229
core-probe (windows-latest)	Run cargo clippy -p oh_core --all-targets --locked -- -D warnings	2026-10-06T10:18:12.2598416Z   Downloaded unicode-ident v1.0.26
core-probe (windows-latest)	Run cargo clippy -p oh_core --all-targets --locked -- -D warnings	2026-10-06T10:18:12.2899610Z   Downloaded postcard v1.1.3
core-probe (windows-latest)	Run cargo clippy -p oh_core --all-targets --locked -- -D warnings	2026-10-06T10:18:12.3154830Z   Downloaded serde v1.0.229
core-probe (windows-latest)	Run cargo clippy -p oh_core --all-targets --locked -- -D warnings	2026-10-06T10:18:12.3492233Z   Downloaded serde_core v1.0.229
core-probe (windows-latest)	Run cargo clippy -p oh_core --all-targets --locked -- -D warnings	2026-10-06T10:18:12.3778629Z   Downloaded getrandom v0.3.4
core-probe (windows-latest)	Run cargo clippy -p oh_core --all-targets --locked -- -D warnings	2026-10-06T10:18:12.4207339Z   Downloaded half v2.7.1
core-probe (windows-latest)	Run cargo clippy -p oh_core --all-targets --locked -- -D warnings	2026-10-06T10:18:12.4505082Z   Downloaded num-traits v0.2.19
core-probe (windows-latest)	Run cargo clippy -p oh_core --all-targets --locked -- -D warnings	2026-10-06T10:18:12.4783108Z   Downloaded zerocopy-derive v0.8.60
core-probe (windows-latest)	Run cargo clippy -p oh_core --all-targets --locked -- -D warnings	2026-10-06T10:18:12.6607835Z   Downloaded fixed v1.31.0
core-probe (windows-latest)	Run cargo clippy -p oh_core --all-targets --locked -- -D warnings	2026-10-06T10:18:12.7211286Z   Downloaded syn v2.0.119
core-probe (windows-latest)	Run cargo clippy -p oh_core --all-targets --locked -- -D warnings	2026-10-06T10:18:12.8415841Z   Downloaded regex-syntax v0.8.11
core-probe (windows-latest)	Run cargo clippy -p oh_core --all-targets --locked -- -D warnings	2026-10-06T10:18:12.8973290Z   Downloaded zerocopy v0.8.60
core-probe (windows-latest)	Run cargo clippy -p oh_core --all-targets --locked -- -D warnings	2026-10-06T10:18:13.7420629Z   Downloaded syn v3.0.6
core-probe (windows-latest)	Run cargo clippy -p oh_core --all-targets --locked -- -D warnings	2026-10-06T10:18:13.8458492Z   Downloaded typenum v1.20.1
core-probe (windows-latest)	Run cargo clippy -p oh_core --all-targets --locked -- -D warnings	2026-10-06T10:18:13.9695011Z    Compiling proc-macro2 v1.0.107
core-probe (windows-latest)	Run cargo clippy -p oh_core --all-targets --locked -- -D warnings	2026-10-06T10:18:13.9695564Z    Compiling quote v1.0.47
core-probe (windows-latest)	Run cargo clippy -p oh_core --all-targets --locked -- -D warnings	2026-10-06T10:18:13.9696434Z    Compiling unicode-ident v1.0.26
core-probe (windows-latest)	Run cargo clippy -p oh_core --all-targets --locked -- -D warnings	2026-10-06T10:18:13.9697076Z    Compiling zerocopy v0.8.60
core-probe (windows-latest)	Run cargo clippy -p oh_core --all-targets --locked -- -D warnings	2026-10-06T10:18:14.0964057Z     Checking cfg-if v1.0.5
core-probe (windows-latest)	Run cargo clippy -p oh_core --all-targets --locked -- -D warnings	2026-10-06T10:18:14.1449213Z    Compiling getrandom v0.3.4
core-probe (windows-latest)	Run cargo clippy -p oh_core --all-targets --locked -- -D warnings	2026-10-06T10:18:15.9582074Z    Compiling serde_core v1.0.229
core-probe (windows-latest)	Run cargo clippy -p oh_core --all-targets --locked -- -D warnings	2026-10-06T10:18:15.9835981Z    Compiling serde v1.0.229
core-probe (windows-latest)	Run cargo clippy -p oh_core --all-targets --locked -- -D warnings	2026-10-06T10:18:16.0983995Z    Compiling thiserror v2.0.21
core-probe (windows-latest)	Run cargo clippy -p oh_core --all-targets --locked -- -D warnings	2026-10-06T10:18:16.4176060Z     Checking rand_core v0.9.5
core-probe (windows-latest)	Run cargo clippy -p oh_core --all-targets --locked -- -D warnings	2026-10-06T10:18:16.6270959Z    Compiling autocfg v1.5.1
core-probe (windows-latest)	Run cargo clippy -p oh_core --all-targets --locked -- -D warnings	2026-10-06T10:18:16.7683349Z    Compiling fixed v1.31.0
core-probe (windows-latest)	Run cargo clippy -p oh_core --all-targets --locked -- -D warnings	2026-10-06T10:18:17.2716212Z     Checking az v1.3.0
core-probe (windows-latest)	Run cargo clippy -p oh_core --all-targets --locked -- -D warnings	2026-10-06T10:18:17.3161525Z    Compiling num-traits v0.2.19
core-probe (windows-latest)	Run cargo clippy -p oh_core --all-targets --locked -- -D warnings	2026-10-06T10:18:17.5119319Z    Compiling syn v2.0.119
core-probe (windows-latest)	Run cargo clippy -p oh_core --all-targets --locked -- -D warnings	2026-10-06T10:18:17.5766553Z    Compiling syn v3.0.6
core-probe (windows-latest)	Run cargo clippy -p oh_core --all-targets --locked -- -D warnings	2026-10-06T10:18:18.7649287Z     Checking typenum v1.20.1
core-probe (windows-latest)	Run cargo clippy -p oh_core --all-targets --locked -- -D warnings	2026-10-06T10:18:19.3879412Z     Checking bytemuck v1.25.2
core-probe (windows-latest)	Run cargo clippy -p oh_core --all-targets --locked -- -D warnings	2026-10-06T10:18:19.6261461Z     Checking rand_core v0.10.1
core-probe (windows-latest)	Run cargo clippy -p oh_core --all-targets --locked -- -D warnings	2026-10-06T10:18:19.8643362Z     Checking rand_xorshift v0.4.0
core-probe (windows-latest)	Run cargo clippy -p oh_core --all-targets --locked -- -D warnings	2026-10-06T10:18:19.9630386Z     Checking rand v0.9.5
core-probe (windows-latest)	Run cargo clippy -p oh_core --all-targets --locked -- -D warnings	2026-10-06T10:18:20.6129171Z     Checking regex-syntax v0.8.11
core-probe (windows-latest)	Run cargo clippy -p oh_core --all-targets --locked -- -D warnings	2026-10-06T10:18:20.7662117Z     Checking unarray v0.1.4
core-probe (windows-latest)	Run cargo clippy -p oh_core --all-targets --locked -- -D warnings	2026-10-06T10:18:20.8589718Z     Checking bitflags v2.13.2
core-probe (windows-latest)	Run cargo clippy -p oh_core --all-targets --locked -- -D warnings	2026-10-06T10:18:21.4327441Z    Compiling serde_derive v1.0.229
core-probe (windows-latest)	Run cargo clippy -p oh_core --all-targets --locked -- -D warnings	2026-10-06T10:18:21.4626116Z    Compiling thiserror-impl v2.0.21
core-probe (windows-latest)	Run cargo clippy -p oh_core --all-targets --locked -- -D warnings	2026-10-06T10:18:23.1659930Z    Compiling zerocopy-derive v0.8.60
core-probe (windows-latest)	Run cargo clippy -p oh_core --all-targets --locked -- -D warnings	2026-10-06T10:18:23.4185015Z     Checking cobs v0.3.0
core-probe (windows-latest)	Run cargo clippy -p oh_core --all-targets --locked -- -D warnings	2026-10-06T10:18:25.3312006Z     Checking postcard v1.1.3
core-probe (windows-latest)	Run cargo clippy -p oh_core --all-targets --locked -- -D warnings	2026-10-06T10:18:28.6160260Z     Checking ppv-lite86 v0.2.21
core-probe (windows-latest)	Run cargo clippy -p oh_core --all-targets --locked -- -D warnings	2026-10-06T10:18:28.6160854Z     Checking half v2.7.1
core-probe (windows-latest)	Run cargo clippy -p oh_core --all-targets --locked -- -D warnings	2026-10-06T10:18:28.9150179Z     Checking rand_chacha v0.10.0
core-probe (windows-latest)	Run cargo clippy -p oh_core --all-targets --locked -- -D warnings	2026-10-06T10:18:28.9150701Z     Checking rand_chacha v0.9.0
core-probe (windows-latest)	Run cargo clippy -p oh_core --all-targets --locked -- -D warnings	2026-10-06T10:18:29.0903789Z     Checking proptest v1.11.0
core-probe (windows-latest)	Run cargo clippy -p oh_core --all-targets --locked -- -D warnings	2026-10-06T10:18:36.5150579Z     Checking oh_core v0.1.0 (D:\a\OpenHOI4\OpenHOI4\crates\oh_core)
core-probe (windows-latest)	Run cargo clippy -p oh_core --all-targets --locked -- -D warnings	2026-10-06T10:18:37.0029501Z     Finished `dev` profile [unoptimized + debuginfo] target(s) in 26.39s
core-probe (windows-latest)	Run cargo test -p oh_core --locked	﻿2026-10-06T10:18:37.1712907Z ##[group]Run cargo test -p oh_core --locked
core-probe (windows-latest)	Run cargo test -p oh_core --locked	2026-10-06T10:18:37.1713587Z [36;1mcargo test -p oh_core --locked[0m
core-probe (windows-latest)	Run cargo test -p oh_core --locked	2026-10-06T10:18:37.1786147Z shell: C:\Program Files\PowerShell\7\pwsh.EXE -command ". '{0}'"
core-probe (windows-latest)	Run cargo test -p oh_core --locked	2026-10-06T10:18:37.1786501Z env:
core-probe (windows-latest)	Run cargo test -p oh_core --locked	2026-10-06T10:18:37.1786762Z   pythonLocation: C:\hostedtoolcache\windows\Python\3.11.9\x64
core-probe (windows-latest)	Run cargo test -p oh_core --locked	2026-10-06T10:18:37.1787227Z   PKG_CONFIG_PATH: C:\hostedtoolcache\windows\Python\3.11.9\x64/lib/pkgconfig
core-probe (windows-latest)	Run cargo test -p oh_core --locked	2026-10-06T10:18:37.1787679Z   Python_ROOT_DIR: C:\hostedtoolcache\windows\Python\3.11.9\x64
core-probe (windows-latest)	Run cargo test -p oh_core --locked	2026-10-06T10:18:37.1788080Z   Python2_ROOT_DIR: C:\hostedtoolcache\windows\Python\3.11.9\x64
core-probe (windows-latest)	Run cargo test -p oh_core --locked	2026-10-06T10:18:37.1788474Z   Python3_ROOT_DIR: C:\hostedtoolcache\windows\Python\3.11.9\x64
core-probe (windows-latest)	Run cargo test -p oh_core --locked	2026-10-06T10:18:37.1788784Z ##[endgroup]
core-probe (windows-latest)	Run cargo test -p oh_core --locked	2026-10-06T10:18:37.6591793Z    Compiling cfg-if v1.0.5
core-probe (windows-latest)	Run cargo test -p oh_core --locked	2026-10-06T10:18:37.6601034Z    Compiling zerocopy v0.8.60
core-probe (windows-latest)	Run cargo test -p oh_core --locked	2026-10-06T10:18:37.6604091Z    Compiling serde_core v1.0.229
core-probe (windows-latest)	Run cargo test -p oh_core --locked	2026-10-06T10:18:37.6612223Z    Compiling thiserror v2.0.21
core-probe (windows-latest)	Run cargo test -p oh_core --locked	2026-10-06T10:18:37.7428870Z    Compiling getrandom v0.3.4
core-probe (windows-latest)	Run cargo test -p oh_core --locked	2026-10-06T10:18:37.7718590Z    Compiling cobs v0.3.0
core-probe (windows-latest)	Run cargo test -p oh_core --locked	2026-10-06T10:18:37.9429769Z    Compiling rand_core v0.9.5
core-probe (windows-latest)	Run cargo test -p oh_core --locked	2026-10-06T10:18:37.9844176Z    Compiling az v1.3.0
core-probe (windows-latest)	Run cargo test -p oh_core --locked	2026-10-06T10:18:38.1984442Z    Compiling rand_core v0.10.1
core-probe (windows-latest)	Run cargo test -p oh_core --locked	2026-10-06T10:18:38.3692224Z    Compiling bytemuck v1.25.2
core-probe (windows-latest)	Run cargo test -p oh_core --locked	2026-10-06T10:18:38.6344678Z    Compiling typenum v1.20.1
core-probe (windows-latest)	Run cargo test -p oh_core --locked	2026-10-06T10:18:39.8233156Z    Compiling rand_xorshift v0.4.0
core-probe (windows-latest)	Run cargo test -p oh_core --locked	2026-10-06T10:18:39.8486031Z    Compiling rand v0.9.5
core-probe (windows-latest)	Run cargo test -p oh_core --locked	2026-10-06T10:18:39.9895139Z    Compiling num-traits v0.2.19
core-probe (windows-latest)	Run cargo test -p oh_core --locked	2026-10-06T10:18:40.6300396Z    Compiling bitflags v2.13.2
core-probe (windows-latest)	Run cargo test -p oh_core --locked	2026-10-06T10:18:40.9156985Z    Compiling serde v1.0.229
core-probe (windows-latest)	Run cargo test -p oh_core --locked	2026-10-06T10:18:41.0361779Z    Compiling unarray v0.1.4
core-probe (windows-latest)	Run cargo test -p oh_core --locked	2026-10-06T10:18:41.1600686Z    Compiling regex-syntax v0.8.11
core-probe (windows-latest)	Run cargo test -p oh_core --locked	2026-10-06T10:18:41.5444420Z    Compiling postcard v1.1.3
core-probe (windows-latest)	Run cargo test -p oh_core --locked	2026-10-06T10:18:42.9781347Z    Compiling ppv-lite86 v0.2.21
core-probe (windows-latest)	Run cargo test -p oh_core --locked	2026-10-06T10:18:42.9781842Z    Compiling half v2.7.1
core-probe (windows-latest)	Run cargo test -p oh_core --locked	2026-10-06T10:18:43.3965608Z    Compiling fixed v1.31.0
core-probe (windows-latest)	Run cargo test -p oh_core --locked	2026-10-06T10:18:43.4770733Z    Compiling rand_chacha v0.10.0
core-probe (windows-latest)	Run cargo test -p oh_core --locked	2026-10-06T10:18:43.8163719Z    Compiling rand_chacha v0.9.0
core-probe (windows-latest)	Run cargo test -p oh_core --locked	2026-10-06T10:18:44.1595410Z    Compiling proptest v1.11.0
core-probe (windows-latest)	Run cargo test -p oh_core --locked	2026-10-06T10:18:52.7434809Z    Compiling oh_core v0.1.0 (D:\a\OpenHOI4\OpenHOI4\crates\oh_core)
core-probe (windows-latest)	Run cargo test -p oh_core --locked	2026-10-06T10:18:54.8364250Z     Finished `test` profile [unoptimized + debuginfo] target(s) in 17.33s
core-probe (windows-latest)	Run cargo test -p oh_core --locked	2026-10-06T10:18:54.8404795Z      Running unittests src\lib.rs (target\debug\deps\oh_core-bbbb96c895938158.exe)
core-probe (windows-latest)	Run cargo test -p oh_core --locked	2026-10-06T10:18:54.8512766Z
core-probe (windows-latest)	Run cargo test -p oh_core --locked	2026-10-06T10:18:54.8513042Z running 0 tests
core-probe (windows-latest)	Run cargo test -p oh_core --locked	2026-10-06T10:18:54.8515787Z
core-probe (windows-latest)	Run cargo test -p oh_core --locked	2026-10-06T10:18:54.8516710Z test result: ok. 0 passed; 0 failed; 0 ignored; 0 measured; 0 filtered out; finished in 0.00s
core-probe (windows-latest)	Run cargo test -p oh_core --locked	2026-10-06T10:18:54.8517292Z
core-probe (windows-latest)	Run cargo test -p oh_core --locked	2026-10-06T10:18:54.8530448Z      Running tests\core.rs (target\debug\deps\core-f3aaf5b3eeddb34b.exe)
core-probe (windows-latest)	Run cargo test -p oh_core --locked	2026-10-06T10:18:54.8628563Z
core-probe (windows-latest)	Run cargo test -p oh_core --locked	2026-10-06T10:18:54.8628811Z running 16 tests
core-probe (windows-latest)	Run cargo test -p oh_core --locked	2026-10-06T10:18:54.8636759Z test req_gen_04_fixed_exact_arithmetic_and_rounding ... ok
core-probe (windows-latest)	Run cargo test -p oh_core --locked	2026-10-06T10:18:54.8641142Z test req_gen_04_fixed_and_id_wire_encoding ... ok
core-probe (windows-latest)	Run cargo test -p oh_core --locked	2026-10-06T10:18:54.8641775Z test req_gen_04_canonical_map_order_and_strict_decode ... ok
core-probe (windows-latest)	Run cargo test -p oh_core --locked	2026-10-06T10:18:54.8642481Z test req_gen_04_fnv1a_reference_vectors_and_incremental_hash ... ok
core-probe (windows-latest)	Run cargo test -p oh_core --locked	2026-10-06T10:18:54.8745221Z test req_gen_04_fixed_checked_arithmetic_matches_integer_reference ... ok
core-probe (windows-latest)	Run cargo test -p oh_core --locked	2026-10-06T10:18:54.8753035Z test req_gen_04_fixed_serialization_preserves_all_bits ... ok
core-probe (windows-latest)	Run cargo test -p oh_core --locked	2026-10-06T10:18:54.8759558Z test req_gen_04_rng_order_and_unrelated_draws_do_not_affect_entity_streams ... ok
core-probe (windows-latest)	Run cargo test -p oh_core --locked	2026-10-06T10:18:54.8774475Z test req_gen_04_rng_tuple_fields_and_entity_domains_are_distinct ... ok
core-probe (windows-latest)	Run cargo test -p oh_core --locked	2026-10-06T10:18:54.8778405Z test req_gen_04_serialization_errors_are_propagated ... ok
core-probe (windows-latest)	Run cargo test -p oh_core --locked	2026-10-06T10:18:54.8891018Z test req_gen_04_typed_ids_round_trip ... ok
core-probe (windows-latest)	Run cargo test -p oh_core --locked	2026-10-06T10:18:54.8903120Z test req_plat_02_chacha8_zero_seed_reference_vector ... ok
core-probe (windows-latest)	Run cargo test -p oh_core --locked	2026-10-06T10:18:54.8909810Z test req_plat_02_full_diagnostic_matches_independent_reference ... ok
core-probe (windows-latest)	Run cargo test -p oh_core --locked	2026-10-06T10:18:54.8916447Z test req_plat_02_portable_postcard_hash_vector ... ok
core-probe (windows-latest)	Run cargo test -p oh_core --locked	2026-10-06T10:18:54.8975568Z test req_gen_04_rng_reconstruction ... ok
core-probe (windows-latest)	Run cargo test -p oh_core --locked	2026-10-06T10:18:54.9426627Z test req_gen_04_map_permutations_are_canonical ... ok
core-probe (windows-latest)	Run cargo test -p oh_core --locked	2026-10-06T10:18:55.0056561Z test req_gen_04_fnv_chunking_is_independent ... ok
core-probe (windows-latest)	Run cargo test -p oh_core --locked	2026-10-06T10:18:55.0056900Z
core-probe (windows-latest)	Run cargo test -p oh_core --locked	2026-10-06T10:18:55.0057170Z test result: ok. 16 passed; 0 failed; 0 ignored; 0 measured; 0 filtered out; finished in 0.14s
core-probe (windows-latest)	Run cargo test -p oh_core --locked	2026-10-06T10:18:55.0057526Z
core-probe (windows-latest)	Run cargo test -p oh_core --locked	2026-10-06T10:18:55.0078155Z    Doc-tests oh_core
core-probe (windows-latest)	Run cargo test -p oh_core --locked	2026-10-06T10:18:55.0760891Z
core-probe (windows-latest)	Run cargo test -p oh_core --locked	2026-10-06T10:18:55.0761377Z running 1 test
core-probe (windows-latest)	Run cargo test -p oh_core --locked	2026-10-06T10:18:55.1430290Z test crates\oh_core\src\ids.rs - ids (line 7) - compile fail ... ok
core-probe (windows-latest)	Run cargo test -p oh_core --locked	2026-10-06T10:18:55.1430766Z
core-probe (windows-latest)	Run cargo test -p oh_core --locked	2026-10-06T10:18:55.1431088Z test result: ok. 1 passed; 0 failed; 0 ignored; 0 measured; 0 filtered out; finished in 0.07s
core-probe (windows-latest)	Run cargo test -p oh_core --locked	2026-10-06T10:18:55.1431513Z
core-probe (windows-latest)	Test evidence gate failure paths	﻿2026-10-06T10:18:55.2798399Z ##[group]Run python -m unittest discover -s crates/oh_core/tests -p test_determinism_workflow.py -v
core-probe (windows-latest)	Test evidence gate failure paths	2026-10-06T10:18:55.2799264Z [36;1mpython -m unittest discover -s crates/oh_core/tests -p test_determinism_workflow.py -v[0m
core-probe (windows-latest)	Test evidence gate failure paths	2026-10-06T10:18:55.2872005Z shell: C:\Program Files\PowerShell\7\pwsh.EXE -command ". '{0}'"
core-probe (windows-latest)	Test evidence gate failure paths	2026-10-06T10:18:55.2872355Z env:
core-probe (windows-latest)	Test evidence gate failure paths	2026-10-06T10:18:55.2872625Z   pythonLocation: C:\hostedtoolcache\windows\Python\3.11.9\x64
core-probe (windows-latest)	Test evidence gate failure paths	2026-10-06T10:18:55.2873329Z   PKG_CONFIG_PATH: C:\hostedtoolcache\windows\Python\3.11.9\x64/lib/pkgconfig
core-probe (windows-latest)	Test evidence gate failure paths	2026-10-06T10:18:55.2873794Z   Python_ROOT_DIR: C:\hostedtoolcache\windows\Python\3.11.9\x64
core-probe (windows-latest)	Test evidence gate failure paths	2026-10-06T10:18:55.2874207Z   Python2_ROOT_DIR: C:\hostedtoolcache\windows\Python\3.11.9\x64
core-probe (windows-latest)	Test evidence gate failure paths	2026-10-06T10:18:55.2874613Z   Python3_ROOT_DIR: C:\hostedtoolcache\windows\Python\3.11.9\x64
core-probe (windows-latest)	Test evidence gate failure paths	2026-10-06T10:18:55.2874943Z ##[endgroup]
core-probe (windows-latest)	Test evidence gate failure paths	2026-10-06T10:18:57.1078085Z test_req_gen_04_capture_repeated_run_mismatch_fails (test_determinism_workflow.CoreDeterminismTests.test_req_gen_04_capture_repeated_run_mismatch_fails) ... ok
core-probe (windows-latest)	Test evidence gate failure paths	2026-10-06T10:18:57.1092005Z test_req_gen_04_capture_requires_two_matching_runs (test_determinism_workflow.CoreDeterminismTests.test_req_gen_04_capture_requires_two_matching_runs) ... ok
core-probe (windows-latest)	Test evidence gate failure paths	2026-10-06T10:18:57.1100097Z test_req_gen_04_failed_probe_does_not_produce_artifact (test_determinism_workflow.CoreDeterminismTests.test_req_gen_04_failed_probe_does_not_produce_artifact) ... ok
core-probe (windows-latest)	Test evidence gate failure paths	2026-10-06T10:18:57.1117429Z test_req_gen_04_malformed_probe_does_not_produce_artifact (test_determinism_workflow.CoreDeterminismTests.test_req_gen_04_malformed_probe_does_not_produce_artifact) ... ok
core-probe (windows-latest)	Test evidence gate failure paths	2026-10-06T10:18:57.1142841Z test_req_plat_02_extra_artifact_fails (test_determinism_workflow.CoreDeterminismTests.test_req_plat_02_extra_artifact_fails) ... ok
core-probe (windows-latest)	Test evidence gate failure paths	2026-10-06T10:18:57.1167605Z test_req_plat_02_malformed_hash_fails (test_determinism_workflow.CoreDeterminismTests.test_req_plat_02_malformed_hash_fails) ... ok
core-probe (windows-latest)	Test evidence gate failure paths	2026-10-06T10:18:57.1191901Z test_req_plat_02_missing_hash_file_fails (test_determinism_workflow.CoreDeterminismTests.test_req_plat_02_missing_hash_file_fails) ... ok
core-probe (windows-latest)	Test evidence gate failure paths	2026-10-06T10:18:57.1206865Z test_req_plat_02_missing_os_fails (test_determinism_workflow.CoreDeterminismTests.test_req_plat_02_missing_os_fails) ... ok
core-probe (windows-latest)	Test evidence gate failure paths	2026-10-06T10:18:57.1234839Z test_req_plat_02_three_different_artifacts_fail (test_determinism_workflow.CoreDeterminismTests.test_req_plat_02_three_different_artifacts_fail) ... ok
core-probe (windows-latest)	Test evidence gate failure paths	2026-10-06T10:18:57.1258264Z test_req_plat_02_three_matching_artifacts_pass (test_determinism_workflow.CoreDeterminismTests.test_req_plat_02_three_matching_artifacts_pass) ... ok
core-probe (windows-latest)	Test evidence gate failure paths	2026-10-06T10:18:57.1259099Z
core-probe (windows-latest)	Test evidence gate failure paths	2026-10-06T10:18:57.1259271Z ----------------------------------------------------------------------
core-probe (windows-latest)	Test evidence gate failure paths	2026-10-06T10:18:57.1259884Z Ran 10 tests in 0.019s
core-probe (windows-latest)	Test evidence gate failure paths	2026-10-06T10:18:57.1260138Z
core-probe (windows-latest)	Test evidence gate failure paths	2026-10-06T10:18:57.1260251Z OK
core-probe (windows-latest)	Test evidence gate failure paths	2026-10-06T10:18:57.1260584Z core probe two runs: 0dd81b8754bcc3f9
core-probe (windows-latest)	Test evidence gate failure paths	2026-10-06T10:18:57.1260862Z ubuntu-latest: 0dd81b8754bcc3f9
core-probe (windows-latest)	Test evidence gate failure paths	2026-10-06T10:18:57.1261328Z windows-latest: 0dd81b8754bcc3f9
core-probe (windows-latest)	Test evidence gate failure paths	2026-10-06T10:18:57.1261574Z macos-latest: 0dd81b8754bcc3f9
core-probe (windows-latest)	Check independent integer-only format reference	﻿2026-10-06T10:18:57.2907412Z ##[group]Run python crates/oh_core/tests/independent_reference.py
core-probe (windows-latest)	Check independent integer-only format reference	2026-10-06T10:18:57.2907976Z [36;1mpython crates/oh_core/tests/independent_reference.py[0m
core-probe (windows-latest)	Check independent integer-only format reference	2026-10-06T10:18:57.2979663Z shell: C:\Program Files\PowerShell\7\pwsh.EXE -command ". '{0}'"
core-probe (windows-latest)	Check independent integer-only format reference	2026-10-06T10:18:57.2980021Z env:
core-probe (windows-latest)	Check independent integer-only format reference	2026-10-06T10:18:57.2980299Z   pythonLocation: C:\hostedtoolcache\windows\Python\3.11.9\x64
core-probe (windows-latest)	Check independent integer-only format reference	2026-10-06T10:18:57.2980744Z   PKG_CONFIG_PATH: C:\hostedtoolcache\windows\Python\3.11.9\x64/lib/pkgconfig
core-probe (windows-latest)	Check independent integer-only format reference	2026-10-06T10:18:57.2981198Z   Python_ROOT_DIR: C:\hostedtoolcache\windows\Python\3.11.9\x64
core-probe (windows-latest)	Check independent integer-only format reference	2026-10-06T10:18:57.2981629Z   Python2_ROOT_DIR: C:\hostedtoolcache\windows\Python\3.11.9\x64
core-probe (windows-latest)	Check independent integer-only format reference	2026-10-06T10:18:57.2982040Z   Python3_ROOT_DIR: C:\hostedtoolcache\windows\Python\3.11.9\x64
core-probe (windows-latest)	Check independent integer-only format reference	2026-10-06T10:18:57.2982373Z ##[endgroup]
core-probe (windows-latest)	Check independent integer-only format reference	2026-10-06T10:18:57.6362157Z ChaCha8 zero seed: 2fef003e, d6405f89, e8b85b7f, a1a5091f, c30e842c, 3b7f9ace, 88e11b18, 1e1a71ef
core-probe (windows-latest)	Check independent integer-only format reference	2026-10-06T10:18:57.6362978Z core-format-v1: bytes=243, hash=0dd81b8754bcc3f9
core-probe (windows-latest)	Check independent integer-only format reference	2026-10-06T10:18:57.6367586Z hex=90e4d0b287d3aeeefe010400ffff03800100ffffffffffffffffff01feffffffffffffffff0104c5d791fde6ba87dc37e5b193e7d091e1b939b4cba2ddeaed8b9ad501a9dfc9a0cd99dbd4ea0101ffff03800100010204f2a6e4c7f28fd8d49201bfe7bbece8a18bb66bd08d85e9dccff6d5df01da99c388b990f4ff9d017fffff03800100020104fdb18094eec2aa85bf01b6e5d6eac6b488da288fd5e0f0edf0f4f818f3a7fba7a1f2a8df19ffffffff0fffff03800100feffffffffffffffff01ffffffffffffffffff0104858783acfc8d8dd96dba8ea292b397f98596019297bdaed6e3d1fc4da9bb9ca7deefa4d99e01
core-probe (windows-latest)	Check independent integer-only format reference	2026-10-06T10:18:57.6371982Z Existing reference fixtures match; no files were changed.
core-probe (windows-latest)	Run identical core probe twice	﻿2026-10-06T10:18:57.7554971Z ##[group]Run python crates/oh_core/tools/check_determinism.py capture --out target/core-determinism
core-probe (windows-latest)	Run identical core probe twice	2026-10-06T10:18:57.7555777Z [36;1mpython crates/oh_core/tools/check_determinism.py capture --out target/core-determinism[0m
core-probe (windows-latest)	Run identical core probe twice	2026-10-06T10:18:57.7627958Z shell: C:\Program Files\PowerShell\7\pwsh.EXE -command ". '{0}'"
core-probe (windows-latest)	Run identical core probe twice	2026-10-06T10:18:57.7628346Z env:
core-probe (windows-latest)	Run identical core probe twice	2026-10-06T10:18:57.7628615Z   pythonLocation: C:\hostedtoolcache\windows\Python\3.11.9\x64
core-probe (windows-latest)	Run identical core probe twice	2026-10-06T10:18:57.7629339Z   PKG_CONFIG_PATH: C:\hostedtoolcache\windows\Python\3.11.9\x64/lib/pkgconfig
core-probe (windows-latest)	Run identical core probe twice	2026-10-06T10:18:57.7629815Z   Python_ROOT_DIR: C:\hostedtoolcache\windows\Python\3.11.9\x64
core-probe (windows-latest)	Run identical core probe twice	2026-10-06T10:18:57.7630218Z   Python2_ROOT_DIR: C:\hostedtoolcache\windows\Python\3.11.9\x64
core-probe (windows-latest)	Run identical core probe twice	2026-10-06T10:18:57.7630626Z   Python3_ROOT_DIR: C:\hostedtoolcache\windows\Python\3.11.9\x64
core-probe (windows-latest)	Run identical core probe twice	2026-10-06T10:18:57.7630952Z ##[endgroup]
core-probe (windows-latest)	Run identical core probe twice	2026-10-06T10:18:58.3884690Z core probe two runs: 0dd81b8754bcc3f9
core-probe (windows-latest)	Upload core hash for this OS	﻿2026-10-06T10:18:58.5198778Z ##[group]Run actions/upload-artifact@043fb46d1a93c77aae656e7c1c64a875d1fc6a0a
core-probe (windows-latest)	Upload core hash for this OS	2026-10-06T10:18:58.5199272Z with:
core-probe (windows-latest)	Upload core hash for this OS	2026-10-06T10:18:58.5199466Z   name: core-hash-windows-latest
core-probe (windows-latest)	Upload core hash for this OS	2026-10-06T10:18:58.5199746Z   path: target/core-determinism/core-hash.txt
core-probe (windows-latest)	Upload core hash for this OS	2026-10-06T10:18:58.5200033Z   if-no-files-found: error
core-probe (windows-latest)	Upload core hash for this OS	2026-10-06T10:18:58.5200248Z   archive: true
core-probe (windows-latest)	Upload core hash for this OS	2026-10-06T10:18:58.5200435Z   compression-level: 6
core-probe (windows-latest)	Upload core hash for this OS	2026-10-06T10:18:58.5200878Z   overwrite: false
core-probe (windows-latest)	Upload core hash for this OS	2026-10-06T10:18:58.5201085Z   include-hidden-files: false
core-probe (windows-latest)	Upload core hash for this OS	2026-10-06T10:18:58.5201300Z env:
core-probe (windows-latest)	Upload core hash for this OS	2026-10-06T10:18:58.5201801Z   pythonLocation: C:\hostedtoolcache\windows\Python\3.11.9\x64
core-probe (windows-latest)	Upload core hash for this OS	2026-10-06T10:18:58.5202291Z   PKG_CONFIG_PATH: C:\hostedtoolcache\windows\Python\3.11.9\x64/lib/pkgconfig
core-probe (windows-latest)	Upload core hash for this OS	2026-10-06T10:18:58.5202757Z   Python_ROOT_DIR: C:\hostedtoolcache\windows\Python\3.11.9\x64
core-probe (windows-latest)	Upload core hash for this OS	2026-10-06T10:18:58.5203156Z   Python2_ROOT_DIR: C:\hostedtoolcache\windows\Python\3.11.9\x64
core-probe (windows-latest)	Upload core hash for this OS	2026-10-06T10:18:58.5203549Z   Python3_ROOT_DIR: C:\hostedtoolcache\windows\Python\3.11.9\x64
core-probe (windows-latest)	Upload core hash for this OS	2026-10-06T10:18:58.5204128Z ##[endgroup]
core-probe (windows-latest)	Upload core hash for this OS	2026-10-06T10:18:58.7024166Z With the provided path, there will be 1 file uploaded
core-probe (windows-latest)	Upload core hash for this OS	2026-10-06T10:18:58.7030638Z Artifact name is valid!
core-probe (windows-latest)	Upload core hash for this OS	2026-10-06T10:18:58.7032025Z Root directory input is valid!
core-probe (windows-latest)	Upload core hash for this OS	2026-10-06T10:18:58.9041085Z Uploading artifact: core-hash-windows-latest.zip
core-probe (windows-latest)	Upload core hash for this OS	2026-10-06T10:18:58.9093298Z Beginning upload of artifact content to blob storage
core-probe (windows-latest)	Upload core hash for this OS	2026-10-06T10:18:58.9938464Z Uploaded bytes 160
core-probe (windows-latest)	Upload core hash for this OS	2026-10-06T10:18:59.0101361Z Finished uploading artifact content to blob storage!
core-probe (windows-latest)	Upload core hash for this OS	2026-10-06T10:18:59.0103244Z SHA256 digest of uploaded artifact is 2ad43d5148a4ce51684ee956095b40c7479911320a9aa944c07c31e1dc8886a9
core-probe (windows-latest)	Upload core hash for this OS	2026-10-06T10:18:59.0104168Z Finalizing artifact upload
core-probe (windows-latest)	Upload core hash for this OS	2026-10-06T10:18:59.2147624Z Artifact core-hash-windows-latest successfully finalized. Artifact ID 11405490401
core-probe (windows-latest)	Upload core hash for this OS	2026-10-06T10:18:59.2148667Z Artifact core-hash-windows-latest has been successfully uploaded! Final size is 160 bytes. Artifact ID is 11405490401
core-probe (windows-latest)	Upload core hash for this OS	2026-10-06T10:18:59.2155958Z Artifact download URL: https://github.com/peppone-choi/OpenHOI4/actions/runs/37448564385/artifacts/11405490401
core-probe (windows-latest)	Post Run actions/setup-python@5fda3b95a4ea91299a34e894583c3862153e4b97	﻿2026-10-06T10:18:59.2493768Z Post job cleanup.
core-probe (windows-latest)	Post Run actions/checkout@3d3c42e5aac5ba805825da76410c181273ba90b1	﻿2026-10-06T10:18:59.4227115Z Post job cleanup.
core-probe (windows-latest)	Post Run actions/checkout@3d3c42e5aac5ba805825da76410c181273ba90b1	2026-10-06T10:18:59.6502978Z [command]"C:\Program Files\Git\bin\git.exe" version
core-probe (windows-latest)	Post Run actions/checkout@3d3c42e5aac5ba805825da76410c181273ba90b1	2026-10-06T10:18:59.6787766Z git version 2.55.0.windows.5
core-probe (windows-latest)	Post Run actions/checkout@3d3c42e5aac5ba805825da76410c181273ba90b1	2026-10-06T10:18:59.6860355Z Temporarily overriding HOME='D:\a\_temp\3194b66e-1f88-496a-89b8-3b8ca6f54e8d' before making global git config changes
core-probe (windows-latest)	Post Run actions/checkout@3d3c42e5aac5ba805825da76410c181273ba90b1	2026-10-06T10:18:59.6861509Z Adding repository directory to the temporary git global config as a safe directory
core-probe (windows-latest)	Post Run actions/checkout@3d3c42e5aac5ba805825da76410c181273ba90b1	2026-10-06T10:18:59.6871515Z [command]"C:\Program Files\Git\bin\git.exe" config --global --add safe.directory D:\a\OpenHOI4\OpenHOI4
core-probe (windows-latest)	Post Run actions/checkout@3d3c42e5aac5ba805825da76410c181273ba90b1	2026-10-06T10:18:59.7174755Z Removing SSH command configuration
core-probe (windows-latest)	Post Run actions/checkout@3d3c42e5aac5ba805825da76410c181273ba90b1	2026-10-06T10:18:59.7186625Z [command]"C:\Program Files\Git\bin\git.exe" config --local --name-only --get-regexp core\.sshCommand
core-probe (windows-latest)	Post Run actions/checkout@3d3c42e5aac5ba805825da76410c181273ba90b1	2026-10-06T10:18:59.7513334Z [command]"C:\Program Files\Git\bin\git.exe" submodule foreach --recursive "sh -c \"git config --local --name-only --get-regexp 'core\.sshCommand' && git config --local --unset-all 'core.sshCommand' || :\""
core-probe (windows-latest)	Post Run actions/checkout@3d3c42e5aac5ba805825da76410c181273ba90b1	2026-10-06T10:19:00.3244315Z Removing HTTP extra header
core-probe (windows-latest)	Post Run actions/checkout@3d3c42e5aac5ba805825da76410c181273ba90b1	2026-10-06T10:19:00.3259345Z [command]"C:\Program Files\Git\bin\git.exe" config --local --name-only --get-regexp http\.https\:\/\/github\.com\/\.extraheader
core-probe (windows-latest)	Post Run actions/checkout@3d3c42e5aac5ba805825da76410c181273ba90b1	2026-10-06T10:19:00.3612033Z [command]"C:\Program Files\Git\bin\git.exe" submodule foreach --recursive "sh -c \"git config --local --name-only --get-regexp 'http\.https\:\/\/github\.com\/\.extraheader' && git config --local --unset-all 'http.https://github.com/.extraheader' || :\""
core-probe (windows-latest)	Post Run actions/checkout@3d3c42e5aac5ba805825da76410c181273ba90b1	2026-10-06T10:19:00.9056229Z Removing includeIf entries pointing to credentials config files
core-probe (windows-latest)	Post Run actions/checkout@3d3c42e5aac5ba805825da76410c181273ba90b1	2026-10-06T10:19:00.9068457Z [command]"C:\Program Files\Git\bin\git.exe" config --local --name-only --get-regexp ^includeIf\.gitdir:
core-probe (windows-latest)	Post Run actions/checkout@3d3c42e5aac5ba805825da76410c181273ba90b1	2026-10-06T10:19:00.9340613Z includeif.gitdir:D:/a/OpenHOI4/OpenHOI4/.git.path
core-probe (windows-latest)	Post Run actions/checkout@3d3c42e5aac5ba805825da76410c181273ba90b1	2026-10-06T10:19:00.9341225Z includeif.gitdir:D:/a/OpenHOI4/OpenHOI4/.git/worktrees/*.path
core-probe (windows-latest)	Post Run actions/checkout@3d3c42e5aac5ba805825da76410c181273ba90b1	2026-10-06T10:19:00.9341624Z includeif.gitdir:/github/workspace/.git.path
core-probe (windows-latest)	Post Run actions/checkout@3d3c42e5aac5ba805825da76410c181273ba90b1	2026-10-06T10:19:00.9341994Z includeif.gitdir:/github/workspace/.git/worktrees/*.path
core-probe (windows-latest)	Post Run actions/checkout@3d3c42e5aac5ba805825da76410c181273ba90b1	2026-10-06T10:19:00.9384188Z [command]"C:\Program Files\Git\bin\git.exe" config --local --get-all includeif.gitdir:D:/a/OpenHOI4/OpenHOI4/.git.path
core-probe (windows-latest)	Post Run actions/checkout@3d3c42e5aac5ba805825da76410c181273ba90b1	2026-10-06T10:19:00.9647939Z D:\a\_temp\git-credentials-805ee5c4-3762-4468-9928-42c31396955a.config
core-probe (windows-latest)	Post Run actions/checkout@3d3c42e5aac5ba805825da76410c181273ba90b1	2026-10-06T10:19:00.9693687Z [command]"C:\Program Files\Git\bin\git.exe" config --local --unset includeif.gitdir:D:/a/OpenHOI4/OpenHOI4/.git.path D\:\\a\\_temp\\git\-credentials\-805ee5c4\-3762\-4468\-9928\-42c31396955a\.config
core-probe (windows-latest)	Post Run actions/checkout@3d3c42e5aac5ba805825da76410c181273ba90b1	2026-10-06T10:19:01.0055269Z [command]"C:\Program Files\Git\bin\git.exe" config --local --get-all includeif.gitdir:D:/a/OpenHOI4/OpenHOI4/.git/worktrees/*.path
core-probe (windows-latest)	Post Run actions/checkout@3d3c42e5aac5ba805825da76410c181273ba90b1	2026-10-06T10:19:01.0334339Z D:\a\_temp\git-credentials-805ee5c4-3762-4468-9928-42c31396955a.config
core-probe (windows-latest)	Post Run actions/checkout@3d3c42e5aac5ba805825da76410c181273ba90b1	2026-10-06T10:19:01.0378152Z [command]"C:\Program Files\Git\bin\git.exe" config --local --unset includeif.gitdir:D:/a/OpenHOI4/OpenHOI4/.git/worktrees/*.path D\:\\a\\_temp\\git\-credentials\-805ee5c4\-3762\-4468\-9928\-42c31396955a\.config
core-probe (windows-latest)	Post Run actions/checkout@3d3c42e5aac5ba805825da76410c181273ba90b1	2026-10-06T10:19:01.0695892Z [command]"C:\Program Files\Git\bin\git.exe" config --local --get-all includeif.gitdir:/github/workspace/.git.path
core-probe (windows-latest)	Post Run actions/checkout@3d3c42e5aac5ba805825da76410c181273ba90b1	2026-10-06T10:19:01.0964949Z /github/runner_temp/git-credentials-805ee5c4-3762-4468-9928-42c31396955a.config
core-probe (windows-latest)	Post Run actions/checkout@3d3c42e5aac5ba805825da76410c181273ba90b1	2026-10-06T10:19:01.1004755Z [command]"C:\Program Files\Git\bin\git.exe" config --local --unset includeif.gitdir:/github/workspace/.git.path \/github\/runner_temp\/git\-credentials\-805ee5c4\-3762\-4468\-9928\-42c31396955a\.config
core-probe (windows-latest)	Post Run actions/checkout@3d3c42e5aac5ba805825da76410c181273ba90b1	2026-10-06T10:19:01.1306253Z [command]"C:\Program Files\Git\bin\git.exe" config --local --get-all includeif.gitdir:/github/workspace/.git/worktrees/*.path
core-probe (windows-latest)	Post Run actions/checkout@3d3c42e5aac5ba805825da76410c181273ba90b1	2026-10-06T10:19:01.1557378Z /github/runner_temp/git-credentials-805ee5c4-3762-4468-9928-42c31396955a.config
core-probe (windows-latest)	Post Run actions/checkout@3d3c42e5aac5ba805825da76410c181273ba90b1	2026-10-06T10:19:01.1596442Z [command]"C:\Program Files\Git\bin\git.exe" config --local --unset includeif.gitdir:/github/workspace/.git/worktrees/*.path \/github\/runner_temp\/git\-credentials\-805ee5c4\-3762\-4468\-9928\-42c31396955a\.config
core-probe (windows-latest)	Post Run actions/checkout@3d3c42e5aac5ba805825da76410c181273ba90b1	2026-10-06T10:19:01.1895228Z [command]"C:\Program Files\Git\bin\git.exe" submodule foreach --recursive "git config --local --show-origin --name-only --get-regexp remote.origin.url"
core-probe (windows-latest)	Post Run actions/checkout@3d3c42e5aac5ba805825da76410c181273ba90b1	2026-10-06T10:19:01.7305895Z Removing credentials config 'D:\a\_temp\git-credentials-805ee5c4-3762-4468-9928-42c31396955a.config'
core-probe (windows-latest)	Complete job	﻿2026-10-06T10:19:01.7509636Z Cleaning up orphan processes
core-probe (windows-latest)	Complete job	2026-10-06T10:19:01.7756790Z Terminate orphan process: pid (3784) (vctip)
core-probe (macos-latest)	Set up job	﻿2026-10-06T10:19:00.2461380Z Current runner version: '2.337.0'
core-probe (macos-latest)	Set up job	2026-10-06T10:19:00.2503720Z ##[group]Runner Image Provisioner
core-probe (macos-latest)	Set up job	2026-10-06T10:19:00.2504550Z Hosted Compute Agent
core-probe (macos-latest)	Set up job	2026-10-06T10:19:00.2504950Z Version: 20260828.587
core-probe (macos-latest)	Set up job	2026-10-06T10:19:00.2505480Z Commit: abac92662cab4cc7352de4f9f9d2e2419aad9c29
core-probe (macos-latest)	Set up job	2026-10-06T10:19:00.2505970Z Build Date: 2026-08-28T16:44:25Z
core-probe (macos-latest)	Set up job	2026-10-06T10:19:00.2507370Z Worker ID: {c0806ec3-90ac-44b2-98df-62ddc6d037e6}
core-probe (macos-latest)	Set up job	2026-10-06T10:19:00.2508350Z Azure Region: westus
core-probe (macos-latest)	Set up job	2026-10-06T10:19:00.2509780Z ##[endgroup]
core-probe (macos-latest)	Set up job	2026-10-06T10:19:00.2513080Z ##[group]Operating System
core-probe (macos-latest)	Set up job	2026-10-06T10:19:00.2514230Z macOS
core-probe (macos-latest)	Set up job	2026-10-06T10:19:00.2515230Z 26.6.2
core-probe (macos-latest)	Set up job	2026-10-06T10:19:00.2516140Z 25G83
core-probe (macos-latest)	Set up job	2026-10-06T10:19:00.2517070Z ##[endgroup]
core-probe (macos-latest)	Set up job	2026-10-06T10:19:00.2518020Z ##[group]Runner Image
core-probe (macos-latest)	Set up job	2026-10-06T10:19:00.2519130Z Image: macos-26-arm64
core-probe (macos-latest)	Set up job	2026-10-06T10:19:00.2519550Z Version: 20260907.0351.1
core-probe (macos-latest)	Set up job	2026-10-06T10:19:00.2520730Z Included Software: https://github.com/actions/runner-images/blob/macos-26-arm64/20260907.0351/images/macos/macos-26-arm64-Readme.md
core-probe (macos-latest)	Set up job	2026-10-06T10:19:00.2523000Z Image Release: https://github.com/actions/runner-images/releases/tag/macos-26-arm64%2F20260907.0351
core-probe (macos-latest)	Set up job	2026-10-06T10:19:00.2523810Z ##[endgroup]
core-probe (macos-latest)	Set up job	2026-10-06T10:19:00.2524990Z ##[group]GITHUB_TOKEN Permissions
core-probe (macos-latest)	Set up job	2026-10-06T10:19:00.2527080Z Contents: read
core-probe (macos-latest)	Set up job	2026-10-06T10:19:00.2527450Z Metadata: read
core-probe (macos-latest)	Set up job	2026-10-06T10:19:00.2527920Z ##[endgroup]
core-probe (macos-latest)	Set up job	2026-10-06T10:19:00.2529670Z Secret source: Actions
core-probe (macos-latest)	Set up job	2026-10-06T10:19:00.2530650Z Cache mode: write
core-probe (macos-latest)	Set up job	2026-10-06T10:19:00.2531260Z Prepare workflow directory
core-probe (macos-latest)	Set up job	2026-10-06T10:19:00.3007780Z Prepare all required actions
core-probe (macos-latest)	Set up job	2026-10-06T10:19:00.3054210Z Getting action download info
core-probe (macos-latest)	Set up job	2026-10-06T10:19:00.6219000Z Download action repository 'actions/checkout@3d3c42e5aac5ba805825da76410c181273ba90b1' (SHA:3d3c42e5aac5ba805825da76410c181273ba90b1)
core-probe (macos-latest)	Set up job	2026-10-06T10:19:00.9976970Z Download action repository 'actions/setup-python@5fda3b95a4ea91299a34e894583c3862153e4b97' (SHA:5fda3b95a4ea91299a34e894583c3862153e4b97)
core-probe (macos-latest)	Set up job	2026-10-06T10:19:01.1421260Z Download action repository 'actions/upload-artifact@043fb46d1a93c77aae656e7c1c64a875d1fc6a0a' (SHA:043fb46d1a93c77aae656e7c1c64a875d1fc6a0a)
core-probe (macos-latest)	Set up job	2026-10-06T10:19:01.3618380Z Complete job name: core-probe (macos-latest)
core-probe (macos-latest)	Run actions/checkout@3d3c42e5aac5ba805825da76410c181273ba90b1	﻿2026-10-06T10:19:01.4390200Z ##[group]Run actions/checkout@3d3c42e5aac5ba805825da76410c181273ba90b1
core-probe (macos-latest)	Run actions/checkout@3d3c42e5aac5ba805825da76410c181273ba90b1	2026-10-06T10:19:01.4393620Z with:
core-probe (macos-latest)	Run actions/checkout@3d3c42e5aac5ba805825da76410c181273ba90b1	2026-10-06T10:19:01.4394690Z   repository: peppone-choi/OpenHOI4
core-probe (macos-latest)	Run actions/checkout@3d3c42e5aac5ba805825da76410c181273ba90b1	2026-10-06T10:19:01.4399780Z   token: ***
core-probe (macos-latest)	Run actions/checkout@3d3c42e5aac5ba805825da76410c181273ba90b1	2026-10-06T10:19:01.4400350Z   ssh-strict: true
core-probe (macos-latest)	Run actions/checkout@3d3c42e5aac5ba805825da76410c181273ba90b1	2026-10-06T10:19:01.4400700Z   ssh-user: git
core-probe (macos-latest)	Run actions/checkout@3d3c42e5aac5ba805825da76410c181273ba90b1	2026-10-06T10:19:01.4401110Z   persist-credentials: true
core-probe (macos-latest)	Run actions/checkout@3d3c42e5aac5ba805825da76410c181273ba90b1	2026-10-06T10:19:01.4419060Z   clean: true
core-probe (macos-latest)	Run actions/checkout@3d3c42e5aac5ba805825da76410c181273ba90b1	2026-10-06T10:19:01.4419480Z   sparse-checkout-cone-mode: true
core-probe (macos-latest)	Run actions/checkout@3d3c42e5aac5ba805825da76410c181273ba90b1	2026-10-06T10:19:01.4419860Z   fetch-depth: 1
core-probe (macos-latest)	Run actions/checkout@3d3c42e5aac5ba805825da76410c181273ba90b1	2026-10-06T10:19:01.4420190Z   fetch-tags: false
core-probe (macos-latest)	Run actions/checkout@3d3c42e5aac5ba805825da76410c181273ba90b1	2026-10-06T10:19:01.4420520Z   show-progress: true
core-probe (macos-latest)	Run actions/checkout@3d3c42e5aac5ba805825da76410c181273ba90b1	2026-10-06T10:19:01.4420840Z   lfs: false
core-probe (macos-latest)	Run actions/checkout@3d3c42e5aac5ba805825da76410c181273ba90b1	2026-10-06T10:19:01.4421150Z   submodules: false
core-probe (macos-latest)	Run actions/checkout@3d3c42e5aac5ba805825da76410c181273ba90b1	2026-10-06T10:19:01.4421490Z   set-safe-directory: true
core-probe (macos-latest)	Run actions/checkout@3d3c42e5aac5ba805825da76410c181273ba90b1	2026-10-06T10:19:01.4421870Z   allow-unsafe-pr-checkout: false
core-probe (macos-latest)	Run actions/checkout@3d3c42e5aac5ba805825da76410c181273ba90b1	2026-10-06T10:19:01.4423550Z ##[endgroup]
core-probe (macos-latest)	Run actions/checkout@3d3c42e5aac5ba805825da76410c181273ba90b1	2026-10-06T10:19:02.0571220Z Syncing repository: peppone-choi/OpenHOI4
core-probe (macos-latest)	Run actions/checkout@3d3c42e5aac5ba805825da76410c181273ba90b1	2026-10-06T10:19:02.0573320Z ##[group]Getting Git version info
core-probe (macos-latest)	Run actions/checkout@3d3c42e5aac5ba805825da76410c181273ba90b1	2026-10-06T10:19:02.0574120Z Working directory is '/Users/runner/work/OpenHOI4/OpenHOI4'
core-probe (macos-latest)	Run actions/checkout@3d3c42e5aac5ba805825da76410c181273ba90b1	2026-10-06T10:19:02.0575340Z [command]/opt/homebrew/bin/git version
core-probe (macos-latest)	Run actions/checkout@3d3c42e5aac5ba805825da76410c181273ba90b1	2026-10-06T10:19:02.1218680Z git version 2.55.0
core-probe (macos-latest)	Run actions/checkout@3d3c42e5aac5ba805825da76410c181273ba90b1	2026-10-06T10:19:02.1237190Z ##[endgroup]
core-probe (macos-latest)	Run actions/checkout@3d3c42e5aac5ba805825da76410c181273ba90b1	2026-10-06T10:19:02.1243310Z Copying '/Users/runner/.gitconfig' to '/Users/runner/work/_temp/b228f48a-2555-4819-9554-0f2f1b0c94a6/.gitconfig'
core-probe (macos-latest)	Run actions/checkout@3d3c42e5aac5ba805825da76410c181273ba90b1	2026-10-06T10:19:02.1250790Z Temporarily overriding HOME='/Users/runner/work/_temp/b228f48a-2555-4819-9554-0f2f1b0c94a6' before making global git config changes
core-probe (macos-latest)	Run actions/checkout@3d3c42e5aac5ba805825da76410c181273ba90b1	2026-10-06T10:19:02.1254260Z Adding repository directory to the temporary git global config as a safe directory
core-probe (macos-latest)	Run actions/checkout@3d3c42e5aac5ba805825da76410c181273ba90b1	2026-10-06T10:19:02.1257140Z [command]/opt/homebrew/bin/git config --global --add safe.directory /Users/runner/work/OpenHOI4/OpenHOI4
core-probe (macos-latest)	Run actions/checkout@3d3c42e5aac5ba805825da76410c181273ba90b1	2026-10-06T10:19:02.1378840Z Deleting the contents of '/Users/runner/work/OpenHOI4/OpenHOI4'
core-probe (macos-latest)	Run actions/checkout@3d3c42e5aac5ba805825da76410c181273ba90b1	2026-10-06T10:19:02.1383590Z ##[group]Determining repository object format
core-probe (macos-latest)	Run actions/checkout@3d3c42e5aac5ba805825da76410c181273ba90b1	2026-10-06T10:19:02.1385650Z ##[endgroup]
core-probe (macos-latest)	Run actions/checkout@3d3c42e5aac5ba805825da76410c181273ba90b1	2026-10-06T10:19:02.1387550Z ##[group]Initializing the repository
core-probe (macos-latest)	Run actions/checkout@3d3c42e5aac5ba805825da76410c181273ba90b1	2026-10-06T10:19:02.1389340Z [command]/opt/homebrew/bin/git init /Users/runner/work/OpenHOI4/OpenHOI4
core-probe (macos-latest)	Run actions/checkout@3d3c42e5aac5ba805825da76410c181273ba90b1	2026-10-06T10:19:02.1682790Z hint: Using 'master' as the name for the initial branch. This default branch name
core-probe (macos-latest)	Run actions/checkout@3d3c42e5aac5ba805825da76410c181273ba90b1	2026-10-06T10:19:02.1686160Z hint: will change to "main" in Git 3.0. To configure the initial branch name
core-probe (macos-latest)	Run actions/checkout@3d3c42e5aac5ba805825da76410c181273ba90b1	2026-10-06T10:19:02.1688950Z hint: to use in all of your new repositories, which will suppress this warning,
core-probe (macos-latest)	Run actions/checkout@3d3c42e5aac5ba805825da76410c181273ba90b1	2026-10-06T10:19:02.1690740Z hint: call:
core-probe (macos-latest)	Run actions/checkout@3d3c42e5aac5ba805825da76410c181273ba90b1	2026-10-06T10:19:02.1691730Z hint:
core-probe (macos-latest)	Run actions/checkout@3d3c42e5aac5ba805825da76410c181273ba90b1	2026-10-06T10:19:02.1692960Z hint: 	git config --global init.defaultBranch <name>
core-probe (macos-latest)	Run actions/checkout@3d3c42e5aac5ba805825da76410c181273ba90b1	2026-10-06T10:19:02.1694390Z hint:
core-probe (macos-latest)	Run actions/checkout@3d3c42e5aac5ba805825da76410c181273ba90b1	2026-10-06T10:19:02.1695820Z hint: Names commonly chosen instead of 'master' are 'main', 'trunk' and
core-probe (macos-latest)	Run actions/checkout@3d3c42e5aac5ba805825da76410c181273ba90b1	2026-10-06T10:19:02.1698010Z hint: 'development'. The just-created branch can be renamed via this command:
core-probe (macos-latest)	Run actions/checkout@3d3c42e5aac5ba805825da76410c181273ba90b1	2026-10-06T10:19:02.1699810Z hint:
core-probe (macos-latest)	Run actions/checkout@3d3c42e5aac5ba805825da76410c181273ba90b1	2026-10-06T10:19:02.1700880Z hint: 	git branch -m <name>
core-probe (macos-latest)	Run actions/checkout@3d3c42e5aac5ba805825da76410c181273ba90b1	2026-10-06T10:19:02.1702050Z hint:
core-probe (macos-latest)	Run actions/checkout@3d3c42e5aac5ba805825da76410c181273ba90b1	2026-10-06T10:19:02.1703680Z hint: Disable this message with "git config set advice.defaultBranchName false"
core-probe (macos-latest)	Run actions/checkout@3d3c42e5aac5ba805825da76410c181273ba90b1	2026-10-06T10:19:02.1706660Z Initialized empty Git repository in /Users/runner/work/OpenHOI4/OpenHOI4/.git/
core-probe (macos-latest)	Run actions/checkout@3d3c42e5aac5ba805825da76410c181273ba90b1	2026-10-06T10:19:02.1711190Z [command]/opt/homebrew/bin/git remote add origin https://github.com/peppone-choi/OpenHOI4
core-probe (macos-latest)	Run actions/checkout@3d3c42e5aac5ba805825da76410c181273ba90b1	2026-10-06T10:19:02.1824940Z ##[endgroup]
core-probe (macos-latest)	Run actions/checkout@3d3c42e5aac5ba805825da76410c181273ba90b1	2026-10-06T10:19:02.1826010Z ##[group]Disabling automatic garbage collection
core-probe (macos-latest)	Run actions/checkout@3d3c42e5aac5ba805825da76410c181273ba90b1	2026-10-06T10:19:02.1831340Z [command]/opt/homebrew/bin/git config --local gc.auto 0
core-probe (macos-latest)	Run actions/checkout@3d3c42e5aac5ba805825da76410c181273ba90b1	2026-10-06T10:19:02.1915640Z ##[endgroup]
core-probe (macos-latest)	Run actions/checkout@3d3c42e5aac5ba805825da76410c181273ba90b1	2026-10-06T10:19:02.1917750Z ##[group]Setting up auth
core-probe (macos-latest)	Run actions/checkout@3d3c42e5aac5ba805825da76410c181273ba90b1	2026-10-06T10:19:02.1919140Z Removing SSH command configuration
core-probe (macos-latest)	Run actions/checkout@3d3c42e5aac5ba805825da76410c181273ba90b1	2026-10-06T10:19:02.1921150Z [command]/opt/homebrew/bin/git config --local --name-only --get-regexp core\.sshCommand
core-probe (macos-latest)	Run actions/checkout@3d3c42e5aac5ba805825da76410c181273ba90b1	2026-10-06T10:19:02.2010400Z [command]/opt/homebrew/bin/git submodule foreach --recursive sh -c "git config --local --name-only --get-regexp 'core\.sshCommand' && git config --local --unset-all 'core.sshCommand' || :"
core-probe (macos-latest)	Run actions/checkout@3d3c42e5aac5ba805825da76410c181273ba90b1	2026-10-06T10:19:02.3306610Z Removing HTTP extra header
core-probe (macos-latest)	Run actions/checkout@3d3c42e5aac5ba805825da76410c181273ba90b1	2026-10-06T10:19:02.3314570Z [command]/opt/homebrew/bin/git config --local --name-only --get-regexp http\.https\:\/\/github\.com\/\.extraheader
core-probe (macos-latest)	Run actions/checkout@3d3c42e5aac5ba805825da76410c181273ba90b1	2026-10-06T10:19:02.3514520Z [command]/opt/homebrew/bin/git submodule foreach --recursive sh -c "git config --local --name-only --get-regexp 'http\.https\:\/\/github\.com\/\.extraheader' && git config --local --unset-all 'http.https://github.com/.extraheader' || :"
core-probe (macos-latest)	Run actions/checkout@3d3c42e5aac5ba805825da76410c181273ba90b1	2026-10-06T10:19:02.5432860Z Removing includeIf entries pointing to credentials config files
core-probe (macos-latest)	Run actions/checkout@3d3c42e5aac5ba805825da76410c181273ba90b1	2026-10-06T10:19:02.5536990Z [command]/opt/homebrew/bin/git config --local --name-only --get-regexp ^includeIf\.gitdir:
core-probe (macos-latest)	Run actions/checkout@3d3c42e5aac5ba805825da76410c181273ba90b1	2026-10-06T10:19:02.5878850Z [command]/opt/homebrew/bin/git submodule foreach --recursive git config --local --show-origin --name-only --get-regexp remote.origin.url
core-probe (macos-latest)	Run actions/checkout@3d3c42e5aac5ba805825da76410c181273ba90b1	2026-10-06T10:19:02.7635340Z [command]/opt/homebrew/bin/git config --file /Users/runner/work/_temp/git-credentials-305e764f-49bb-423f-a7ba-33e608415f74.config http.https://github.com/.extraheader AUTHORIZATION: basic ***
core-probe (macos-latest)	Run actions/checkout@3d3c42e5aac5ba805825da76410c181273ba90b1	2026-10-06T10:19:02.7754080Z [command]/opt/homebrew/bin/git config --local includeIf.gitdir:/Users/runner/work/OpenHOI4/OpenHOI4/.git.path /Users/runner/work/_temp/git-credentials-305e764f-49bb-423f-a7ba-33e608415f74.config
core-probe (macos-latest)	Run actions/checkout@3d3c42e5aac5ba805825da76410c181273ba90b1	2026-10-06T10:19:02.7766830Z [command]/opt/homebrew/bin/git config --local includeIf.gitdir:/Users/runner/work/OpenHOI4/OpenHOI4/.git/worktrees/*.path /Users/runner/work/_temp/git-credentials-305e764f-49bb-423f-a7ba-33e608415f74.config
core-probe (macos-latest)	Run actions/checkout@3d3c42e5aac5ba805825da76410c181273ba90b1	2026-10-06T10:19:02.7770210Z [command]/opt/homebrew/bin/git config --local includeIf.gitdir:/github/workspace/.git.path /github/runner_temp/git-credentials-305e764f-49bb-423f-a7ba-33e608415f74.config
core-probe (macos-latest)	Run actions/checkout@3d3c42e5aac5ba805825da76410c181273ba90b1	2026-10-06T10:19:02.7801410Z [command]/opt/homebrew/bin/git config --local includeIf.gitdir:/github/workspace/.git/worktrees/*.path /github/runner_temp/git-credentials-305e764f-49bb-423f-a7ba-33e608415f74.config
core-probe (macos-latest)	Run actions/checkout@3d3c42e5aac5ba805825da76410c181273ba90b1	2026-10-06T10:19:02.7879420Z ##[endgroup]
core-probe (macos-latest)	Run actions/checkout@3d3c42e5aac5ba805825da76410c181273ba90b1	2026-10-06T10:19:02.7880270Z ##[group]Fetching the repository
core-probe (macos-latest)	Run actions/checkout@3d3c42e5aac5ba805825da76410c181273ba90b1	2026-10-06T10:19:02.7882820Z [command]/opt/homebrew/bin/git -c protocol.version=2 fetch --no-tags --prune --no-recurse-submodules --depth=1 origin +d6ae2c8f176d6e8fdc0bc1a102ec2eb74ccac756:refs/remotes/origin/main
core-probe (macos-latest)	Run actions/checkout@3d3c42e5aac5ba805825da76410c181273ba90b1	2026-10-06T10:19:03.4604830Z From https://github.com/peppone-choi/OpenHOI4
core-probe (macos-latest)	Run actions/checkout@3d3c42e5aac5ba805825da76410c181273ba90b1	2026-10-06T10:19:03.4608040Z  * [new ref]         d6ae2c8f176d6e8fdc0bc1a102ec2eb74ccac756 -> origin/main
core-probe (macos-latest)	Run actions/checkout@3d3c42e5aac5ba805825da76410c181273ba90b1	2026-10-06T10:19:03.4613960Z [command]/opt/homebrew/bin/git branch --list --remote origin/main
core-probe (macos-latest)	Run actions/checkout@3d3c42e5aac5ba805825da76410c181273ba90b1	2026-10-06T10:19:03.4760130Z   origin/main
core-probe (macos-latest)	Run actions/checkout@3d3c42e5aac5ba805825da76410c181273ba90b1	2026-10-06T10:19:03.4765910Z [command]/opt/homebrew/bin/git rev-parse refs/remotes/origin/main
core-probe (macos-latest)	Run actions/checkout@3d3c42e5aac5ba805825da76410c181273ba90b1	2026-10-06T10:19:03.4860620Z d6ae2c8f176d6e8fdc0bc1a102ec2eb74ccac756
core-probe (macos-latest)	Run actions/checkout@3d3c42e5aac5ba805825da76410c181273ba90b1	2026-10-06T10:19:03.4869790Z ##[endgroup]
core-probe (macos-latest)	Run actions/checkout@3d3c42e5aac5ba805825da76410c181273ba90b1	2026-10-06T10:19:03.4870630Z ##[group]Determining the checkout info
core-probe (macos-latest)	Run actions/checkout@3d3c42e5aac5ba805825da76410c181273ba90b1	2026-10-06T10:19:03.4871680Z ##[endgroup]
core-probe (macos-latest)	Run actions/checkout@3d3c42e5aac5ba805825da76410c181273ba90b1	2026-10-06T10:19:03.4874820Z [command]/opt/homebrew/bin/git sparse-checkout disable
core-probe (macos-latest)	Run actions/checkout@3d3c42e5aac5ba805825da76410c181273ba90b1	2026-10-06T10:19:03.4992440Z [command]/opt/homebrew/bin/git config --local --unset-all extensions.worktreeConfig
core-probe (macos-latest)	Run actions/checkout@3d3c42e5aac5ba805825da76410c181273ba90b1	2026-10-06T10:19:03.5104360Z ##[group]Checking out the ref
core-probe (macos-latest)	Run actions/checkout@3d3c42e5aac5ba805825da76410c181273ba90b1	2026-10-06T10:19:03.5107430Z [command]/opt/homebrew/bin/git checkout --progress --force -B main refs/remotes/origin/main
core-probe (macos-latest)	Run actions/checkout@3d3c42e5aac5ba805825da76410c181273ba90b1	2026-10-06T10:19:03.6815890Z Switched to a new branch 'main'
core-probe (macos-latest)	Run actions/checkout@3d3c42e5aac5ba805825da76410c181273ba90b1	2026-10-06T10:19:03.6829370Z branch 'main' set up to track 'origin/main'.
core-probe (macos-latest)	Run actions/checkout@3d3c42e5aac5ba805825da76410c181273ba90b1	2026-10-06T10:19:03.6837690Z ##[endgroup]
core-probe (macos-latest)	Run actions/checkout@3d3c42e5aac5ba805825da76410c181273ba90b1	2026-10-06T10:19:03.7140350Z [command]/opt/homebrew/bin/git log -1 --format=%H
core-probe (macos-latest)	Run actions/checkout@3d3c42e5aac5ba805825da76410c181273ba90b1	2026-10-06T10:19:03.7235270Z d6ae2c8f176d6e8fdc0bc1a102ec2eb74ccac756
core-probe (macos-latest)	Run actions/setup-python@5fda3b95a4ea91299a34e894583c3862153e4b97	﻿2026-10-06T10:19:03.7792670Z ##[group]Run actions/setup-python@5fda3b95a4ea91299a34e894583c3862153e4b97
core-probe (macos-latest)	Run actions/setup-python@5fda3b95a4ea91299a34e894583c3862153e4b97	2026-10-06T10:19:03.7797210Z with:
core-probe (macos-latest)	Run actions/setup-python@5fda3b95a4ea91299a34e894583c3862153e4b97	2026-10-06T10:19:03.7798950Z   python-version: 3.11
core-probe (macos-latest)	Run actions/setup-python@5fda3b95a4ea91299a34e894583c3862153e4b97	2026-10-06T10:19:03.7800810Z   check-latest: false
core-probe (macos-latest)	Run actions/setup-python@5fda3b95a4ea91299a34e894583c3862153e4b97	2026-10-06T10:19:03.7817890Z   token: ***
core-probe (macos-latest)	Run actions/setup-python@5fda3b95a4ea91299a34e894583c3862153e4b97	2026-10-06T10:19:03.7819700Z   update-environment: true
core-probe (macos-latest)	Run actions/setup-python@5fda3b95a4ea91299a34e894583c3862153e4b97	2026-10-06T10:19:03.7822330Z   allow-prereleases: false
core-probe (macos-latest)	Run actions/setup-python@5fda3b95a4ea91299a34e894583c3862153e4b97	2026-10-06T10:19:03.7824860Z   freethreaded: false
core-probe (macos-latest)	Run actions/setup-python@5fda3b95a4ea91299a34e894583c3862153e4b97	2026-10-06T10:19:03.7827220Z ##[endgroup]
core-probe (macos-latest)	Run actions/setup-python@5fda3b95a4ea91299a34e894583c3862153e4b97	2026-10-06T10:19:03.9595050Z ##[group]Installed versions
core-probe (macos-latest)	Run actions/setup-python@5fda3b95a4ea91299a34e894583c3862153e4b97	2026-10-06T10:19:03.9742290Z Successfully set up CPython (3.11.9)
core-probe (macos-latest)	Run actions/setup-python@5fda3b95a4ea91299a34e894583c3862153e4b97	2026-10-06T10:19:03.9745640Z ##[endgroup]
core-probe (macos-latest)	Install pinned Rust toolchain	﻿2026-10-06T10:19:03.9924910Z ##[group]Run rustup toolchain install 1.99.0 --profile minimal --component rustfmt --component clippy
core-probe (macos-latest)	Install pinned Rust toolchain	2026-10-06T10:19:03.9927290Z [36;1mrustup toolchain install 1.99.0 --profile minimal --component rustfmt --component clippy[0m
core-probe (macos-latest)	Install pinned Rust toolchain	2026-10-06T10:19:04.0009830Z shell: /bin/bash -e {0}
core-probe (macos-latest)	Install pinned Rust toolchain	2026-10-06T10:19:04.0010790Z env:
core-probe (macos-latest)	Install pinned Rust toolchain	2026-10-06T10:19:04.0011960Z   pythonLocation: /Users/runner/hostedtoolcache/Python/3.11.9/arm64
core-probe (macos-latest)	Install pinned Rust toolchain	2026-10-06T10:19:04.0013410Z   PKG_CONFIG_PATH: /Users/runner/hostedtoolcache/Python/3.11.9/arm64/lib/pkgconfig
core-probe (macos-latest)	Install pinned Rust toolchain	2026-10-06T10:19:04.0015790Z   Python_ROOT_DIR: /Users/runner/hostedtoolcache/Python/3.11.9/arm64
core-probe (macos-latest)	Install pinned Rust toolchain	2026-10-06T10:19:04.0017340Z   Python2_ROOT_DIR: /Users/runner/hostedtoolcache/Python/3.11.9/arm64
core-probe (macos-latest)	Install pinned Rust toolchain	2026-10-06T10:19:04.0018940Z   Python3_ROOT_DIR: /Users/runner/hostedtoolcache/Python/3.11.9/arm64
core-probe (macos-latest)	Install pinned Rust toolchain	2026-10-06T10:19:04.0020220Z ##[endgroup]
core-probe (macos-latest)	Install pinned Rust toolchain	2026-10-06T10:19:04.1240310Z info: syncing channel updates for 1.99.0-aarch64-apple-darwin
core-probe (macos-latest)	Install pinned Rust toolchain	2026-10-06T10:19:04.7250680Z info: latest update on 2026-10-01 for version 1.99.0 (b940084d7 2026-09-28)
core-probe (macos-latest)	Install pinned Rust toolchain	2026-10-06T10:19:04.7317770Z info: downloading 5 components
core-probe (macos-latest)	Install pinned Rust toolchain	2026-10-06T10:19:13.2392210Z
core-probe (macos-latest)	Install pinned Rust toolchain	2026-10-06T10:19:13.2791080Z   1.99.0-aarch64-apple-darwin installed - rustc 1.99.0 (b940084d7 2026-09-28)
core-probe (macos-latest)	Install pinned Rust toolchain	2026-10-06T10:19:13.2792420Z
core-probe (macos-latest)	Install pinned Rust toolchain	2026-10-06T10:19:13.2796870Z info: self-update is disabled for this build of rustup
core-probe (macos-latest)	Install pinned Rust toolchain	2026-10-06T10:19:13.2798260Z info: any updates to rustup will need to be fetched with your system package manager
core-probe (macos-latest)	Run cargo fmt --check	﻿2026-10-06T10:19:13.3357920Z ##[group]Run cargo fmt --check
core-probe (macos-latest)	Run cargo fmt --check	2026-10-06T10:19:13.3358320Z [36;1mcargo fmt --check[0m
core-probe (macos-latest)	Run cargo fmt --check	2026-10-06T10:19:13.3404430Z shell: /bin/bash -e {0}
core-probe (macos-latest)	Run cargo fmt --check	2026-10-06T10:19:13.3421080Z env:
core-probe (macos-latest)	Run cargo fmt --check	2026-10-06T10:19:13.3421560Z   pythonLocation: /Users/runner/hostedtoolcache/Python/3.11.9/arm64
core-probe (macos-latest)	Run cargo fmt --check	2026-10-06T10:19:13.3422210Z   PKG_CONFIG_PATH: /Users/runner/hostedtoolcache/Python/3.11.9/arm64/lib/pkgconfig
core-probe (macos-latest)	Run cargo fmt --check	2026-10-06T10:19:13.3422630Z   Python_ROOT_DIR: /Users/runner/hostedtoolcache/Python/3.11.9/arm64
core-probe (macos-latest)	Run cargo fmt --check	2026-10-06T10:19:13.3423150Z   Python2_ROOT_DIR: /Users/runner/hostedtoolcache/Python/3.11.9/arm64
core-probe (macos-latest)	Run cargo fmt --check	2026-10-06T10:19:13.3423580Z   Python3_ROOT_DIR: /Users/runner/hostedtoolcache/Python/3.11.9/arm64
core-probe (macos-latest)	Run cargo fmt --check	2026-10-06T10:19:13.3424040Z ##[endgroup]
core-probe (macos-latest)	Run cargo clippy -p oh_core --all-targets --locked -- -D warnings	﻿2026-10-06T10:19:13.8304090Z ##[group]Run cargo clippy -p oh_core --all-targets --locked -- -D warnings
core-probe (macos-latest)	Run cargo clippy -p oh_core --all-targets --locked -- -D warnings	2026-10-06T10:19:13.8304820Z [36;1mcargo clippy -p oh_core --all-targets --locked -- -D warnings[0m
core-probe (macos-latest)	Run cargo clippy -p oh_core --all-targets --locked -- -D warnings	2026-10-06T10:19:13.8367710Z shell: /bin/bash -e {0}
core-probe (macos-latest)	Run cargo clippy -p oh_core --all-targets --locked -- -D warnings	2026-10-06T10:19:13.8368700Z env:
core-probe (macos-latest)	Run cargo clippy -p oh_core --all-targets --locked -- -D warnings	2026-10-06T10:19:13.8369520Z   pythonLocation: /Users/runner/hostedtoolcache/Python/3.11.9/arm64
core-probe (macos-latest)	Run cargo clippy -p oh_core --all-targets --locked -- -D warnings	2026-10-06T10:19:13.8371050Z   PKG_CONFIG_PATH: /Users/runner/hostedtoolcache/Python/3.11.9/arm64/lib/pkgconfig
core-probe (macos-latest)	Run cargo clippy -p oh_core --all-targets --locked -- -D warnings	2026-10-06T10:19:13.8372560Z   Python_ROOT_DIR: /Users/runner/hostedtoolcache/Python/3.11.9/arm64
core-probe (macos-latest)	Run cargo clippy -p oh_core --all-targets --locked -- -D warnings	2026-10-06T10:19:13.8373770Z   Python2_ROOT_DIR: /Users/runner/hostedtoolcache/Python/3.11.9/arm64
core-probe (macos-latest)	Run cargo clippy -p oh_core --all-targets --locked -- -D warnings	2026-10-06T10:19:13.8374780Z   Python3_ROOT_DIR: /Users/runner/hostedtoolcache/Python/3.11.9/arm64
core-probe (macos-latest)	Run cargo clippy -p oh_core --all-targets --locked -- -D warnings	2026-10-06T10:19:13.8375650Z ##[endgroup]
core-probe (macos-latest)	Run cargo clippy -p oh_core --all-targets --locked -- -D warnings	2026-10-06T10:19:14.1887910Z     Updating crates.io index
core-probe (macos-latest)	Run cargo clippy -p oh_core --all-targets --locked -- -D warnings	2026-10-06T10:19:14.6661430Z  Downloading crates ...
core-probe (macos-latest)	Run cargo clippy -p oh_core --all-targets --locked -- -D warnings	2026-10-06T10:19:14.7500440Z   Downloaded serde v1.0.229
core-probe (macos-latest)	Run cargo clippy -p oh_core --all-targets --locked -- -D warnings	2026-10-06T10:19:14.7640680Z   Downloaded embedded-io v0.4.0
core-probe (macos-latest)	Run cargo clippy -p oh_core --all-targets --locked -- -D warnings	2026-10-06T10:19:14.7681210Z   Downloaded cfg-if v1.0.5
core-probe (macos-latest)	Run cargo clippy -p oh_core --all-targets --locked -- -D warnings	2026-10-06T10:19:14.7721560Z   Downloaded cobs v0.3.0
core-probe (macos-latest)	Run cargo clippy -p oh_core --all-targets --locked -- -D warnings	2026-10-06T10:19:14.7749890Z   Downloaded embedded-io v0.6.1
core-probe (macos-latest)	Run cargo clippy -p oh_core --all-targets --locked -- -D warnings	2026-10-06T10:19:14.7796550Z   Downloaded az v1.3.0
core-probe (macos-latest)	Run cargo clippy -p oh_core --all-targets --locked -- -D warnings	2026-10-06T10:19:14.7852070Z   Downloaded rand_xorshift v0.4.0
core-probe (macos-latest)	Run cargo clippy -p oh_core --all-targets --locked -- -D warnings	2026-10-06T10:19:14.7915690Z   Downloaded rand_chacha v0.10.0
core-probe (macos-latest)	Run cargo clippy -p oh_core --all-targets --locked -- -D warnings	2026-10-06T10:19:14.7942060Z   Downloaded rand_core v0.9.5
core-probe (macos-latest)	Run cargo clippy -p oh_core --all-targets --locked -- -D warnings	2026-10-06T10:19:14.8035370Z   Downloaded ppv-lite86 v0.2.21
core-probe (macos-latest)	Run cargo clippy -p oh_core --all-targets --locked -- -D warnings	2026-10-06T10:19:14.8088140Z   Downloaded rand_chacha v0.9.0
core-probe (macos-latest)	Run cargo clippy -p oh_core --all-targets --locked -- -D warnings	2026-10-06T10:19:14.8125250Z   Downloaded unarray v0.1.4
core-probe (macos-latest)	Run cargo clippy -p oh_core --all-targets --locked -- -D warnings	2026-10-06T10:19:14.8183060Z   Downloaded autocfg v1.5.1
core-probe (macos-latest)	Run cargo clippy -p oh_core --all-targets --locked -- -D warnings	2026-10-06T10:19:14.8231330Z   Downloaded quote v1.0.47
core-probe (macos-latest)	Run cargo clippy -p oh_core --all-targets --locked -- -D warnings	2026-10-06T10:19:14.8291070Z   Downloaded rand_core v0.10.1
core-probe (macos-latest)	Run cargo clippy -p oh_core --all-targets --locked -- -D warnings	2026-10-06T10:19:14.8331280Z   Downloaded thiserror v2.0.21
core-probe (macos-latest)	Run cargo clippy -p oh_core --all-targets --locked -- -D warnings	2026-10-06T10:19:14.8627990Z   Downloaded unicode-ident v1.0.26
core-probe (macos-latest)	Run cargo clippy -p oh_core --all-targets --locked -- -D warnings	2026-10-06T10:19:14.8714220Z   Downloaded serde_core v1.0.229
core-probe (macos-latest)	Run cargo clippy -p oh_core --all-targets --locked -- -D warnings	2026-10-06T10:19:14.8819080Z   Downloaded serde_derive v1.0.229
core-probe (macos-latest)	Run cargo clippy -p oh_core --all-targets --locked -- -D warnings	2026-10-06T10:19:14.8911160Z   Downloaded thiserror-impl v2.0.21
core-probe (macos-latest)	Run cargo clippy -p oh_core --all-targets --locked -- -D warnings	2026-10-06T10:19:14.8973520Z   Downloaded bitflags v2.13.2
core-probe (macos-latest)	Run cargo clippy -p oh_core --all-targets --locked -- -D warnings	2026-10-06T10:19:14.9167090Z   Downloaded half v2.7.1
core-probe (macos-latest)	Run cargo clippy -p oh_core --all-targets --locked -- -D warnings	2026-10-06T10:19:14.9217180Z   Downloaded postcard v1.1.3
core-probe (macos-latest)	Run cargo clippy -p oh_core --all-targets --locked -- -D warnings	2026-10-06T10:19:14.9309760Z   Downloaded proc-macro2 v1.0.107
core-probe (macos-latest)	Run cargo clippy -p oh_core --all-targets --locked -- -D warnings	2026-10-06T10:19:14.9405060Z   Downloaded getrandom v0.3.4
core-probe (macos-latest)	Run cargo clippy -p oh_core --all-targets --locked -- -D warnings	2026-10-06T10:19:14.9520460Z   Downloaded num-traits v0.2.19
core-probe (macos-latest)	Run cargo clippy -p oh_core --all-targets --locked -- -D warnings	2026-10-06T10:19:14.9638010Z   Downloaded bytemuck v1.25.2
core-probe (macos-latest)	Run cargo clippy -p oh_core --all-targets --locked -- -D warnings	2026-10-06T10:19:14.9743200Z   Downloaded rand v0.9.5
core-probe (macos-latest)	Run cargo clippy -p oh_core --all-targets --locked -- -D warnings	2026-10-06T10:19:14.9833960Z   Downloaded typenum v1.20.1
core-probe (macos-latest)	Run cargo clippy -p oh_core --all-targets --locked -- -D warnings	2026-10-06T10:19:14.9938610Z   Downloaded zerocopy-derive v0.8.60
core-probe (macos-latest)	Run cargo clippy -p oh_core --all-targets --locked -- -D warnings	2026-10-06T10:19:15.0438880Z   Downloaded proptest v1.11.0
core-probe (macos-latest)	Run cargo clippy -p oh_core --all-targets --locked -- -D warnings	2026-10-06T10:19:15.0751650Z   Downloaded fixed v1.31.0
core-probe (macos-latest)	Run cargo clippy -p oh_core --all-targets --locked -- -D warnings	2026-10-06T10:19:15.1043810Z   Downloaded syn v2.0.119
core-probe (macos-latest)	Run cargo clippy -p oh_core --all-targets --locked -- -D warnings	2026-10-06T10:19:15.1390180Z   Downloaded syn v3.0.6
core-probe (macos-latest)	Run cargo clippy -p oh_core --all-targets --locked -- -D warnings	2026-10-06T10:19:15.1739710Z   Downloaded zerocopy v0.8.60
core-probe (macos-latest)	Run cargo clippy -p oh_core --all-targets --locked -- -D warnings	2026-10-06T10:19:15.2515030Z   Downloaded regex-syntax v0.8.11
core-probe (macos-latest)	Run cargo clippy -p oh_core --all-targets --locked -- -D warnings	2026-10-06T10:19:15.2708390Z   Downloaded libc v0.2.190
core-probe (macos-latest)	Run cargo clippy -p oh_core --all-targets --locked -- -D warnings	2026-10-06T10:19:15.4791610Z    Compiling proc-macro2 v1.0.107
core-probe (macos-latest)	Run cargo clippy -p oh_core --all-targets --locked -- -D warnings	2026-10-06T10:19:15.4828860Z    Compiling quote v1.0.47
core-probe (macos-latest)	Run cargo clippy -p oh_core --all-targets --locked -- -D warnings	2026-10-06T10:19:15.4829410Z    Compiling unicode-ident v1.0.26
core-probe (macos-latest)	Run cargo clippy -p oh_core --all-targets --locked -- -D warnings	2026-10-06T10:19:15.7870520Z    Compiling zerocopy v0.8.60
core-probe (macos-latest)	Run cargo clippy -p oh_core --all-targets --locked -- -D warnings	2026-10-06T10:19:21.4526530Z     Checking cfg-if v1.0.5
core-probe (macos-latest)	Run cargo clippy -p oh_core --all-targets --locked -- -D warnings	2026-10-06T10:19:21.5229190Z    Compiling libc v0.2.190
core-probe (macos-latest)	Run cargo clippy -p oh_core --all-targets --locked -- -D warnings	2026-10-06T10:19:21.5675050Z    Compiling getrandom v0.3.4
core-probe (macos-latest)	Run cargo clippy -p oh_core --all-targets --locked -- -D warnings	2026-10-06T10:19:22.0251610Z    Compiling serde_core v1.0.229
core-probe (macos-latest)	Run cargo clippy -p oh_core --all-targets --locked -- -D warnings	2026-10-06T10:19:22.4653610Z    Compiling thiserror v2.0.21
core-probe (macos-latest)	Run cargo clippy -p oh_core --all-targets --locked -- -D warnings	2026-10-06T10:19:22.8066140Z    Compiling serde v1.0.229
core-probe (macos-latest)	Run cargo clippy -p oh_core --all-targets --locked -- -D warnings	2026-10-06T10:19:22.9612340Z    Compiling syn v2.0.119
core-probe (macos-latest)	Run cargo clippy -p oh_core --all-targets --locked -- -D warnings	2026-10-06T10:19:23.0402140Z    Compiling syn v3.0.6
core-probe (macos-latest)	Run cargo clippy -p oh_core --all-targets --locked -- -D warnings	2026-10-06T10:19:23.1746000Z     Checking rand_core v0.9.5
core-probe (macos-latest)	Run cargo clippy -p oh_core --all-targets --locked -- -D warnings	2026-10-06T10:19:25.4868180Z    Compiling autocfg v1.5.1
core-probe (macos-latest)	Run cargo clippy -p oh_core --all-targets --locked -- -D warnings	2026-10-06T10:19:25.7156250Z    Compiling thiserror-impl v2.0.21
core-probe (macos-latest)	Run cargo clippy -p oh_core --all-targets --locked -- -D warnings	2026-10-06T10:19:25.9325050Z    Compiling serde_derive v1.0.229
core-probe (macos-latest)	Run cargo clippy -p oh_core --all-targets --locked -- -D warnings	2026-10-06T10:19:26.8580040Z    Compiling zerocopy-derive v0.8.60
core-probe (macos-latest)	Run cargo clippy -p oh_core --all-targets --locked -- -D warnings	2026-10-06T10:19:26.9365850Z    Compiling num-traits v0.2.19
core-probe (macos-latest)	Run cargo clippy -p oh_core --all-targets --locked -- -D warnings	2026-10-06T10:19:27.1738660Z    Compiling fixed v1.31.0
core-probe (macos-latest)	Run cargo clippy -p oh_core --all-targets --locked -- -D warnings	2026-10-06T10:19:27.6536600Z     Checking cobs v0.3.0
core-probe (macos-latest)	Run cargo clippy -p oh_core --all-targets --locked -- -D warnings	2026-10-06T10:19:27.7329350Z     Checking bytemuck v1.25.2
core-probe (macos-latest)	Run cargo clippy -p oh_core --all-targets --locked -- -D warnings	2026-10-06T10:19:27.8790740Z     Checking az v1.3.0
core-probe (macos-latest)	Run cargo clippy -p oh_core --all-targets --locked -- -D warnings	2026-10-06T10:19:28.7522370Z     Checking rand_core v0.10.1
core-probe (macos-latest)	Run cargo clippy -p oh_core --all-targets --locked -- -D warnings	2026-10-06T10:19:28.8857390Z     Checking typenum v1.20.1
core-probe (macos-latest)	Run cargo clippy -p oh_core --all-targets --locked -- -D warnings	2026-10-06T10:19:29.4035520Z     Checking postcard v1.1.3
core-probe (macos-latest)	Run cargo clippy -p oh_core --all-targets --locked -- -D warnings	2026-10-06T10:19:29.6473560Z     Checking rand_xorshift v0.4.0
core-probe (macos-latest)	Run cargo clippy -p oh_core --all-targets --locked -- -D warnings	2026-10-06T10:19:29.7179440Z     Checking rand v0.9.5
core-probe (macos-latest)	Run cargo clippy -p oh_core --all-targets --locked -- -D warnings	2026-10-06T10:19:30.1446810Z     Checking unarray v0.1.4
core-probe (macos-latest)	Run cargo clippy -p oh_core --all-targets --locked -- -D warnings	2026-10-06T10:19:30.2214850Z     Checking regex-syntax v0.8.11
core-probe (macos-latest)	Run cargo clippy -p oh_core --all-targets --locked -- -D warnings	2026-10-06T10:19:30.3329020Z     Checking bitflags v2.13.2
core-probe (macos-latest)	Run cargo clippy -p oh_core --all-targets --locked -- -D warnings	2026-10-06T10:19:32.8521160Z     Checking ppv-lite86 v0.2.21
core-probe (macos-latest)	Run cargo clippy -p oh_core --all-targets --locked -- -D warnings	2026-10-06T10:19:32.8528530Z     Checking half v2.7.1
core-probe (macos-latest)	Run cargo clippy -p oh_core --all-targets --locked -- -D warnings	2026-10-06T10:19:33.0298060Z     Checking rand_chacha v0.9.0
core-probe (macos-latest)	Run cargo clippy -p oh_core --all-targets --locked -- -D warnings	2026-10-06T10:19:33.0300490Z     Checking rand_chacha v0.10.0
core-probe (macos-latest)	Run cargo clippy -p oh_core --all-targets --locked -- -D warnings	2026-10-06T10:19:33.1289000Z     Checking proptest v1.11.0
core-probe (macos-latest)	Run cargo clippy -p oh_core --all-targets --locked -- -D warnings	2026-10-06T10:19:41.9040310Z     Checking oh_core v0.1.0 (/Users/runner/work/OpenHOI4/OpenHOI4/crates/oh_core)
core-probe (macos-latest)	Run cargo clippy -p oh_core --all-targets --locked -- -D warnings	2026-10-06T10:19:42.5245910Z     Finished `dev` profile [unoptimized + debuginfo] target(s) in 28.46s
core-probe (macos-latest)	Run cargo test -p oh_core --locked	﻿2026-10-06T10:19:42.6409050Z ##[group]Run cargo test -p oh_core --locked
core-probe (macos-latest)	Run cargo test -p oh_core --locked	2026-10-06T10:19:42.6409530Z [36;1mcargo test -p oh_core --locked[0m
core-probe (macos-latest)	Run cargo test -p oh_core --locked	2026-10-06T10:19:42.6472060Z shell: /bin/bash -e {0}
core-probe (macos-latest)	Run cargo test -p oh_core --locked	2026-10-06T10:19:42.6472550Z env:
core-probe (macos-latest)	Run cargo test -p oh_core --locked	2026-10-06T10:19:42.6472850Z   pythonLocation: /Users/runner/hostedtoolcache/Python/3.11.9/arm64
core-probe (macos-latest)	Run cargo test -p oh_core --locked	2026-10-06T10:19:42.6473260Z   PKG_CONFIG_PATH: /Users/runner/hostedtoolcache/Python/3.11.9/arm64/lib/pkgconfig
core-probe (macos-latest)	Run cargo test -p oh_core --locked	2026-10-06T10:19:42.6473740Z   Python_ROOT_DIR: /Users/runner/hostedtoolcache/Python/3.11.9/arm64
core-probe (macos-latest)	Run cargo test -p oh_core --locked	2026-10-06T10:19:42.6474100Z   Python2_ROOT_DIR: /Users/runner/hostedtoolcache/Python/3.11.9/arm64
core-probe (macos-latest)	Run cargo test -p oh_core --locked	2026-10-06T10:19:42.6474450Z   Python3_ROOT_DIR: /Users/runner/hostedtoolcache/Python/3.11.9/arm64
core-probe (macos-latest)	Run cargo test -p oh_core --locked	2026-10-06T10:19:42.6474810Z ##[endgroup]
core-probe (macos-latest)	Run cargo test -p oh_core --locked	2026-10-06T10:19:43.0496280Z    Compiling cfg-if v1.0.5
core-probe (macos-latest)	Run cargo test -p oh_core --locked	2026-10-06T10:19:43.0503900Z    Compiling zerocopy v0.8.60
core-probe (macos-latest)	Run cargo test -p oh_core --locked	2026-10-06T10:19:43.0504520Z    Compiling libc v0.2.190
core-probe (macos-latest)	Run cargo test -p oh_core --locked	2026-10-06T10:19:43.1276510Z    Compiling serde_core v1.0.229
core-probe (macos-latest)	Run cargo test -p oh_core --locked	2026-10-06T10:19:43.9890010Z    Compiling getrandom v0.3.4
core-probe (macos-latest)	Run cargo test -p oh_core --locked	2026-10-06T10:19:44.1850400Z    Compiling rand_core v0.9.5
core-probe (macos-latest)	Run cargo test -p oh_core --locked	2026-10-06T10:19:44.3829360Z    Compiling thiserror v2.0.21
core-probe (macos-latest)	Run cargo test -p oh_core --locked	2026-10-06T10:19:44.4465300Z    Compiling cobs v0.3.0
core-probe (macos-latest)	Run cargo test -p oh_core --locked	2026-10-06T10:19:44.5614470Z    Compiling typenum v1.20.1
core-probe (macos-latest)	Run cargo test -p oh_core --locked	2026-10-06T10:19:45.1514280Z    Compiling rand_core v0.10.1
core-probe (macos-latest)	Run cargo test -p oh_core --locked	2026-10-06T10:19:45.2892960Z    Compiling serde v1.0.229
core-probe (macos-latest)	Run cargo test -p oh_core --locked	2026-10-06T10:19:45.3197470Z    Compiling bytemuck v1.25.2
core-probe (macos-latest)	Run cargo test -p oh_core --locked	2026-10-06T10:19:45.4630880Z    Compiling az v1.3.0
core-probe (macos-latest)	Run cargo test -p oh_core --locked	2026-10-06T10:19:45.7788340Z    Compiling postcard v1.1.3
core-probe (macos-latest)	Run cargo test -p oh_core --locked	2026-10-06T10:19:46.0200910Z    Compiling num-traits v0.2.19
core-probe (macos-latest)	Run cargo test -p oh_core --locked	2026-10-06T10:19:46.2900360Z    Compiling rand_xorshift v0.4.0
core-probe (macos-latest)	Run cargo test -p oh_core --locked	2026-10-06T10:19:46.3757850Z    Compiling rand v0.9.5
core-probe (macos-latest)	Run cargo test -p oh_core --locked	2026-10-06T10:19:46.5567080Z    Compiling ppv-lite86 v0.2.21
core-probe (macos-latest)	Run cargo test -p oh_core --locked	2026-10-06T10:19:46.6778550Z    Compiling half v2.7.1
core-probe (macos-latest)	Run cargo test -p oh_core --locked	2026-10-06T10:19:46.7692490Z    Compiling rand_chacha v0.10.0
core-probe (macos-latest)	Run cargo test -p oh_core --locked	2026-10-06T10:19:46.8939400Z    Compiling fixed v1.31.0
core-probe (macos-latest)	Run cargo test -p oh_core --locked	2026-10-06T10:19:46.9342600Z    Compiling rand_chacha v0.9.0
core-probe (macos-latest)	Run cargo test -p oh_core --locked	2026-10-06T10:19:47.1609790Z    Compiling unarray v0.1.4
core-probe (macos-latest)	Run cargo test -p oh_core --locked	2026-10-06T10:19:47.2180220Z    Compiling regex-syntax v0.8.11
core-probe (macos-latest)	Run cargo test -p oh_core --locked	2026-10-06T10:19:47.3119600Z    Compiling bitflags v2.13.2
core-probe (macos-latest)	Run cargo test -p oh_core --locked	2026-10-06T10:19:48.8643350Z    Compiling proptest v1.11.0
core-probe (macos-latest)	Run cargo test -p oh_core --locked	2026-10-06T10:19:56.2093310Z    Compiling oh_core v0.1.0 (/Users/runner/work/OpenHOI4/OpenHOI4/crates/oh_core)
core-probe (macos-latest)	Run cargo test -p oh_core --locked	2026-10-06T10:19:57.9817310Z     Finished `test` profile [unoptimized + debuginfo] target(s) in 15.18s
core-probe (macos-latest)	Run cargo test -p oh_core --locked	2026-10-06T10:19:57.9929970Z      Running unittests src/lib.rs (target/debug/deps/oh_core-ffad0a8f806adf5f)
core-probe (macos-latest)	Run cargo test -p oh_core --locked	2026-10-06T10:19:58.0036310Z
core-probe (macos-latest)	Run cargo test -p oh_core --locked	2026-10-06T10:19:58.0080650Z      Running tests/core.rs (target/debug/deps/core-bf96c0fa4ac7cc10)
core-probe (macos-latest)	Run cargo test -p oh_core --locked	2026-10-06T10:19:58.0081240Z running 0 tests
core-probe (macos-latest)	Run cargo test -p oh_core --locked	2026-10-06T10:19:58.0081650Z
core-probe (macos-latest)	Run cargo test -p oh_core --locked	2026-10-06T10:19:58.0082110Z test result: ok. 0 passed; 0 failed; 0 ignored; 0 measured; 0 filtered out; finished in 0.00s
core-probe (macos-latest)	Run cargo test -p oh_core --locked	2026-10-06T10:19:58.0084200Z
core-probe (macos-latest)	Run cargo test -p oh_core --locked	2026-10-06T10:19:58.0124010Z
core-probe (macos-latest)	Run cargo test -p oh_core --locked	2026-10-06T10:19:58.0133390Z running 16 tests
core-probe (macos-latest)	Run cargo test -p oh_core --locked	2026-10-06T10:19:58.0256540Z test req_gen_04_fixed_and_id_wire_encoding ... ok
core-probe (macos-latest)	Run cargo test -p oh_core --locked	2026-10-06T10:19:58.0373570Z test req_gen_04_canonical_map_order_and_strict_decode ... ok
core-probe (macos-latest)	Run cargo test -p oh_core --locked	2026-10-06T10:19:58.0496000Z test req_gen_04_fixed_exact_arithmetic_and_rounding ... ok
core-probe (macos-latest)	Run cargo test -p oh_core --locked	2026-10-06T10:19:58.0599410Z test req_gen_04_fnv1a_reference_vectors_and_incremental_hash ... ok
core-probe (macos-latest)	Run cargo test -p oh_core --locked	2026-10-06T10:19:58.0608570Z test req_gen_04_fixed_serialization_preserves_all_bits ... ok
core-probe (macos-latest)	Run cargo test -p oh_core --locked	2026-10-06T10:19:58.0610360Z test req_gen_04_fixed_checked_arithmetic_matches_integer_reference ... ok
core-probe (macos-latest)	Run cargo test -p oh_core --locked	2026-10-06T10:19:58.0611770Z test req_gen_04_rng_order_and_unrelated_draws_do_not_affect_entity_streams ... ok
core-probe (macos-latest)	Run cargo test -p oh_core --locked	2026-10-06T10:19:58.0613160Z test req_gen_04_rng_reconstruction ... ok
core-probe (macos-latest)	Run cargo test -p oh_core --locked	2026-10-06T10:19:58.0614430Z test req_gen_04_rng_tuple_fields_and_entity_domains_are_distinct ... ok
core-probe (macos-latest)	Run cargo test -p oh_core --locked	2026-10-06T10:19:58.0615810Z test req_gen_04_serialization_errors_are_propagated ... ok
core-probe (macos-latest)	Run cargo test -p oh_core --locked	2026-10-06T10:19:58.0618240Z test req_gen_04_typed_ids_round_trip ... ok
core-probe (macos-latest)	Run cargo test -p oh_core --locked	2026-10-06T10:19:58.0619350Z test req_plat_02_chacha8_zero_seed_reference_vector ... ok
core-probe (macos-latest)	Run cargo test -p oh_core --locked	2026-10-06T10:19:58.0622860Z test req_plat_02_full_diagnostic_matches_independent_reference ... ok
core-probe (macos-latest)	Run cargo test -p oh_core --locked	2026-10-06T10:19:58.0626580Z test req_plat_02_portable_postcard_hash_vector ... ok
core-probe (macos-latest)	Run cargo test -p oh_core --locked	2026-10-06T10:19:58.1171090Z test req_gen_04_map_permutations_are_canonical ... ok
core-probe (macos-latest)	Run cargo test -p oh_core --locked	2026-10-06T10:19:58.2213340Z test req_gen_04_fnv_chunking_is_independent ... ok
core-probe (macos-latest)	Run cargo test -p oh_core --locked	2026-10-06T10:19:58.2214220Z
core-probe (macos-latest)	Run cargo test -p oh_core --locked	2026-10-06T10:19:58.2214970Z test result: ok. 16 passed; 0 failed; 0 ignored; 0 measured; 0 filtered out; finished in 0.21s
core-probe (macos-latest)	Run cargo test -p oh_core --locked	2026-10-06T10:19:58.2215920Z
core-probe (macos-latest)	Run cargo test -p oh_core --locked	2026-10-06T10:19:58.2217340Z    Doc-tests oh_core
core-probe (macos-latest)	Run cargo test -p oh_core --locked	2026-10-06T10:19:58.3408640Z
core-probe (macos-latest)	Run cargo test -p oh_core --locked	2026-10-06T10:19:58.3409720Z running 1 test
core-probe (macos-latest)	Run cargo test -p oh_core --locked	2026-10-06T10:19:58.5131980Z test crates/oh_core/src/ids.rs - ids (line 7) - compile fail ... ok
core-probe (macos-latest)	Run cargo test -p oh_core --locked	2026-10-06T10:19:58.5132690Z
core-probe (macos-latest)	Run cargo test -p oh_core --locked	2026-10-06T10:19:58.5133360Z test result: ok. 1 passed; 0 failed; 0 ignored; 0 measured; 0 filtered out; finished in 0.17s
core-probe (macos-latest)	Run cargo test -p oh_core --locked	2026-10-06T10:19:58.5134230Z
core-probe (macos-latest)	Test evidence gate failure paths	﻿2026-10-06T10:19:58.5299720Z ##[group]Run python -m unittest discover -s crates/oh_core/tests -p test_determinism_workflow.py -v
core-probe (macos-latest)	Test evidence gate failure paths	2026-10-06T10:19:58.5300640Z [36;1mpython -m unittest discover -s crates/oh_core/tests -p test_determinism_workflow.py -v[0m
core-probe (macos-latest)	Test evidence gate failure paths	2026-10-06T10:19:58.5387350Z shell: /bin/bash -e {0}
core-probe (macos-latest)	Test evidence gate failure paths	2026-10-06T10:19:58.5388010Z env:
core-probe (macos-latest)	Test evidence gate failure paths	2026-10-06T10:19:58.5388920Z   pythonLocation: /Users/runner/hostedtoolcache/Python/3.11.9/arm64
core-probe (macos-latest)	Test evidence gate failure paths	2026-10-06T10:19:58.5390100Z   PKG_CONFIG_PATH: /Users/runner/hostedtoolcache/Python/3.11.9/arm64/lib/pkgconfig
core-probe (macos-latest)	Test evidence gate failure paths	2026-10-06T10:19:58.5391500Z   Python_ROOT_DIR: /Users/runner/hostedtoolcache/Python/3.11.9/arm64
core-probe (macos-latest)	Test evidence gate failure paths	2026-10-06T10:19:58.5392630Z   Python2_ROOT_DIR: /Users/runner/hostedtoolcache/Python/3.11.9/arm64
core-probe (macos-latest)	Test evidence gate failure paths	2026-10-06T10:19:58.5393870Z   Python3_ROOT_DIR: /Users/runner/hostedtoolcache/Python/3.11.9/arm64
core-probe (macos-latest)	Test evidence gate failure paths	2026-10-06T10:19:58.5394720Z ##[endgroup]
core-probe (macos-latest)	Test evidence gate failure paths	2026-10-06T10:19:59.7631700Z test_req_gen_04_capture_repeated_run_mismatch_fails (test_determinism_workflow.CoreDeterminismTests.test_req_gen_04_capture_repeated_run_mismatch_fails) ... ok
core-probe (macos-latest)	Test evidence gate failure paths	2026-10-06T10:19:59.7655220Z test_req_gen_04_capture_requires_two_matching_runs (test_determinism_workflow.CoreDeterminismTests.test_req_gen_04_capture_requires_two_matching_runs) ... ok
core-probe (macos-latest)	Test evidence gate failure paths	2026-10-06T10:19:59.7804960Z test_req_gen_04_failed_probe_does_not_produce_artifact (test_determinism_workflow.CoreDeterminismTests.test_req_gen_04_failed_probe_does_not_produce_artifact) ... ok
core-probe (macos-latest)	Test evidence gate failure paths	2026-10-06T10:19:59.7821390Z test_req_gen_04_malformed_probe_does_not_produce_artifact (test_determinism_workflow.CoreDeterminismTests.test_req_gen_04_malformed_probe_does_not_produce_artifact) ... ok
core-probe (macos-latest)	Test evidence gate failure paths	2026-10-06T10:19:59.7829120Z test_req_plat_02_extra_artifact_fails (test_determinism_workflow.CoreDeterminismTests.test_req_plat_02_extra_artifact_fails) ... ok
core-probe (macos-latest)	Test evidence gate failure paths	2026-10-06T10:19:59.7830510Z test_req_plat_02_malformed_hash_fails (test_determinism_workflow.CoreDeterminismTests.test_req_plat_02_malformed_hash_fails) ... ok
core-probe (macos-latest)	Test evidence gate failure paths	2026-10-06T10:19:59.7831470Z test_req_plat_02_missing_hash_file_fails (test_determinism_workflow.CoreDeterminismTests.test_req_plat_02_missing_hash_file_fails) ... ok
core-probe (macos-latest)	Test evidence gate failure paths	2026-10-06T10:19:59.7843850Z test_req_plat_02_missing_os_fails (test_determinism_workflow.CoreDeterminismTests.test_req_plat_02_missing_os_fails) ... ok
core-probe (macos-latest)	Test evidence gate failure paths	2026-10-06T10:19:59.7846540Z test_req_plat_02_three_different_artifacts_fail (test_determinism_workflow.CoreDeterminismTests.test_req_plat_02_three_different_artifacts_fail) ... ok
core-probe (macos-latest)	Test evidence gate failure paths	2026-10-06T10:19:59.7887940Z test_req_plat_02_three_matching_artifacts_pass (test_determinism_workflow.CoreDeterminismTests.test_req_plat_02_three_matching_artifacts_pass) ... ok
core-probe (macos-latest)	Test evidence gate failure paths	2026-10-06T10:19:59.7889330Z core probe two runs: 0dd81b8754bcc3f9
core-probe (macos-latest)	Test evidence gate failure paths	2026-10-06T10:19:59.8062630Z
core-probe (macos-latest)	Test evidence gate failure paths	2026-10-06T10:19:59.8063430Z ubuntu-latest: 0dd81b8754bcc3f9
core-probe (macos-latest)	Test evidence gate failure paths	2026-10-06T10:19:59.8064880Z ----------------------------------------------------------------------
core-probe (macos-latest)	Test evidence gate failure paths	2026-10-06T10:19:59.8065940Z windows-latest: 0dd81b8754bcc3f9
core-probe (macos-latest)	Test evidence gate failure paths	2026-10-06T10:19:59.8068240Z Ran 10 tests in 0.026s
core-probe (macos-latest)	Test evidence gate failure paths	2026-10-06T10:19:59.8069290Z macos-latest: 0dd81b8754bcc3f9
core-probe (macos-latest)	Test evidence gate failure paths	2026-10-06T10:19:59.8071960Z
core-probe (macos-latest)	Test evidence gate failure paths	2026-10-06T10:19:59.8072500Z OK
core-probe (macos-latest)	Check independent integer-only format reference	﻿2026-10-06T10:19:59.8184610Z ##[group]Run python crates/oh_core/tests/independent_reference.py
core-probe (macos-latest)	Check independent integer-only format reference	2026-10-06T10:19:59.8186530Z [36;1mpython crates/oh_core/tests/independent_reference.py[0m
core-probe (macos-latest)	Check independent integer-only format reference	2026-10-06T10:19:59.8269580Z shell: /bin/bash -e {0}
core-probe (macos-latest)	Check independent integer-only format reference	2026-10-06T10:19:59.8270430Z env:
core-probe (macos-latest)	Check independent integer-only format reference	2026-10-06T10:19:59.8271250Z   pythonLocation: /Users/runner/hostedtoolcache/Python/3.11.9/arm64
core-probe (macos-latest)	Check independent integer-only format reference	2026-10-06T10:19:59.8272550Z   PKG_CONFIG_PATH: /Users/runner/hostedtoolcache/Python/3.11.9/arm64/lib/pkgconfig
core-probe (macos-latest)	Check independent integer-only format reference	2026-10-06T10:19:59.8273760Z   Python_ROOT_DIR: /Users/runner/hostedtoolcache/Python/3.11.9/arm64
core-probe (macos-latest)	Check independent integer-only format reference	2026-10-06T10:19:59.8274950Z   Python2_ROOT_DIR: /Users/runner/hostedtoolcache/Python/3.11.9/arm64
core-probe (macos-latest)	Check independent integer-only format reference	2026-10-06T10:19:59.8276140Z   Python3_ROOT_DIR: /Users/runner/hostedtoolcache/Python/3.11.9/arm64
core-probe (macos-latest)	Check independent integer-only format reference	2026-10-06T10:19:59.8276980Z ##[endgroup]
core-probe (macos-latest)	Check independent integer-only format reference	2026-10-06T10:19:59.9431210Z ChaCha8 zero seed: 2fef003e, d6405f89, e8b85b7f, a1a5091f, c30e842c, 3b7f9ace, 88e11b18, 1e1a71ef
core-probe (macos-latest)	Check independent integer-only format reference	2026-10-06T10:19:59.9533770Z core-format-v1: bytes=243, hash=0dd81b8754bcc3f9
core-probe (macos-latest)	Check independent integer-only format reference	2026-10-06T10:19:59.9547450Z hex=90e4d0b287d3aeeefe010400ffff03800100ffffffffffffffffff01feffffffffffffffff0104c5d791fde6ba87dc37e5b193e7d091e1b939b4cba2ddeaed8b9ad501a9dfc9a0cd99dbd4ea0101ffff03800100010204f2a6e4c7f28fd8d49201bfe7bbece8a18bb66bd08d85e9dccff6d5df01da99c388b990f4ff9d017fffff03800100020104fdb18094eec2aa85bf01b6e5d6eac6b488da288fd5e0f0edf0f4f818f3a7fba7a1f2a8df19ffffffff0fffff03800100feffffffffffffffff01ffffffffffffffffff0104858783acfc8d8dd96dba8ea292b397f98596019297bdaed6e3d1fc4da9bb9ca7deefa4d99e01
core-probe (macos-latest)	Check independent integer-only format reference	2026-10-06T10:19:59.9563560Z Existing reference fixtures match; no files were changed.
core-probe (macos-latest)	Run identical core probe twice	﻿2026-10-06T10:19:59.9625680Z ##[group]Run python crates/oh_core/tools/check_determinism.py capture --out target/core-determinism
core-probe (macos-latest)	Run identical core probe twice	2026-10-06T10:19:59.9626500Z [36;1mpython crates/oh_core/tools/check_determinism.py capture --out target/core-determinism[0m
core-probe (macos-latest)	Run identical core probe twice	2026-10-06T10:19:59.9664490Z shell: /bin/bash -e {0}
core-probe (macos-latest)	Run identical core probe twice	2026-10-06T10:19:59.9664800Z env:
core-probe (macos-latest)	Run identical core probe twice	2026-10-06T10:19:59.9665170Z   pythonLocation: /Users/runner/hostedtoolcache/Python/3.11.9/arm64
core-probe (macos-latest)	Run identical core probe twice	2026-10-06T10:19:59.9665620Z   PKG_CONFIG_PATH: /Users/runner/hostedtoolcache/Python/3.11.9/arm64/lib/pkgconfig
core-probe (macos-latest)	Run identical core probe twice	2026-10-06T10:19:59.9666370Z   Python_ROOT_DIR: /Users/runner/hostedtoolcache/Python/3.11.9/arm64
core-probe (macos-latest)	Run identical core probe twice	2026-10-06T10:19:59.9666760Z   Python2_ROOT_DIR: /Users/runner/hostedtoolcache/Python/3.11.9/arm64
core-probe (macos-latest)	Run identical core probe twice	2026-10-06T10:19:59.9667260Z   Python3_ROOT_DIR: /Users/runner/hostedtoolcache/Python/3.11.9/arm64
core-probe (macos-latest)	Run identical core probe twice	2026-10-06T10:19:59.9667590Z ##[endgroup]
core-probe (macos-latest)	Run identical core probe twice	2026-10-06T10:20:00.6134580Z core probe two runs: 0dd81b8754bcc3f9
core-probe (macos-latest)	Upload core hash for this OS	﻿2026-10-06T10:20:00.6349130Z ##[group]Run actions/upload-artifact@043fb46d1a93c77aae656e7c1c64a875d1fc6a0a
core-probe (macos-latest)	Upload core hash for this OS	2026-10-06T10:20:00.6349600Z with:
core-probe (macos-latest)	Upload core hash for this OS	2026-10-06T10:20:00.6349800Z   name: core-hash-macos-latest
core-probe (macos-latest)	Upload core hash for this OS	2026-10-06T10:20:00.6350080Z   path: target/core-determinism/core-hash.txt
core-probe (macos-latest)	Upload core hash for this OS	2026-10-06T10:20:00.6350370Z   if-no-files-found: error
core-probe (macos-latest)	Upload core hash for this OS	2026-10-06T10:20:00.6350570Z   archive: true
core-probe (macos-latest)	Upload core hash for this OS	2026-10-06T10:20:00.6350760Z   compression-level: 6
core-probe (macos-latest)	Upload core hash for this OS	2026-10-06T10:20:00.6350930Z   overwrite: false
core-probe (macos-latest)	Upload core hash for this OS	2026-10-06T10:20:00.6351130Z   include-hidden-files: false
core-probe (macos-latest)	Upload core hash for this OS	2026-10-06T10:20:00.6351360Z env:
core-probe (macos-latest)	Upload core hash for this OS	2026-10-06T10:20:00.6351610Z   pythonLocation: /Users/runner/hostedtoolcache/Python/3.11.9/arm64
core-probe (macos-latest)	Upload core hash for this OS	2026-10-06T10:20:00.6352070Z   PKG_CONFIG_PATH: /Users/runner/hostedtoolcache/Python/3.11.9/arm64/lib/pkgconfig
core-probe (macos-latest)	Upload core hash for this OS	2026-10-06T10:20:00.6352480Z   Python_ROOT_DIR: /Users/runner/hostedtoolcache/Python/3.11.9/arm64
core-probe (macos-latest)	Upload core hash for this OS	2026-10-06T10:20:00.6352860Z   Python2_ROOT_DIR: /Users/runner/hostedtoolcache/Python/3.11.9/arm64
core-probe (macos-latest)	Upload core hash for this OS	2026-10-06T10:20:00.6353220Z   Python3_ROOT_DIR: /Users/runner/hostedtoolcache/Python/3.11.9/arm64
core-probe (macos-latest)	Upload core hash for this OS	2026-10-06T10:20:00.6353570Z ##[endgroup]
core-probe (macos-latest)	Upload core hash for this OS	2026-10-06T10:20:01.2282610Z With the provided path, there will be 1 file uploaded
core-probe (macos-latest)	Upload core hash for this OS	2026-10-06T10:20:01.2293240Z Artifact name is valid!
core-probe (macos-latest)	Upload core hash for this OS	2026-10-06T10:20:01.2295160Z Root directory input is valid!
core-probe (macos-latest)	Upload core hash for this OS	2026-10-06T10:20:01.5273500Z Uploading artifact: core-hash-macos-latest.zip
core-probe (macos-latest)	Upload core hash for this OS	2026-10-06T10:20:01.5315360Z Beginning upload of artifact content to blob storage
core-probe (macos-latest)	Upload core hash for this OS	2026-10-06T10:20:01.7323650Z Uploaded bytes 159
core-probe (macos-latest)	Upload core hash for this OS	2026-10-06T10:20:01.7700330Z Finished uploading artifact content to blob storage!
core-probe (macos-latest)	Upload core hash for this OS	2026-10-06T10:20:01.7703420Z SHA256 digest of uploaded artifact is 1b8727eb697fba8960af59d03ed87ad32ec32375d7acc4d04c3ed99c73b90f23
core-probe (macos-latest)	Upload core hash for this OS	2026-10-06T10:20:01.7721710Z Finalizing artifact upload
core-probe (macos-latest)	Upload core hash for this OS	2026-10-06T10:20:02.0788570Z Artifact core-hash-macos-latest successfully finalized. Artifact ID 11404244364
core-probe (macos-latest)	Upload core hash for this OS	2026-10-06T10:20:02.0791350Z Artifact core-hash-macos-latest has been successfully uploaded! Final size is 159 bytes. Artifact ID is 11404244364
core-probe (macos-latest)	Upload core hash for this OS	2026-10-06T10:20:02.0803250Z Artifact download URL: https://github.com/peppone-choi/OpenHOI4/actions/runs/37448564385/artifacts/11404244364
core-probe (macos-latest)	Post Run actions/setup-python@5fda3b95a4ea91299a34e894583c3862153e4b97	﻿2026-10-06T10:20:02.1042450Z Post job cleanup.
core-probe (macos-latest)	Post Run actions/checkout@3d3c42e5aac5ba805825da76410c181273ba90b1	﻿2026-10-06T10:20:02.3133250Z Post job cleanup.
core-probe (macos-latest)	Post Run actions/checkout@3d3c42e5aac5ba805825da76410c181273ba90b1	2026-10-06T10:20:02.5133740Z [command]/opt/homebrew/bin/git version
core-probe (macos-latest)	Post Run actions/checkout@3d3c42e5aac5ba805825da76410c181273ba90b1	2026-10-06T10:20:02.5505760Z git version 2.55.0
core-probe (macos-latest)	Post Run actions/checkout@3d3c42e5aac5ba805825da76410c181273ba90b1	2026-10-06T10:20:02.5539710Z Copying '/Users/runner/.gitconfig' to '/Users/runner/work/_temp/60dcd47a-1c80-4f9f-a6ef-fe5ce2e52cca/.gitconfig'
core-probe (macos-latest)	Post Run actions/checkout@3d3c42e5aac5ba805825da76410c181273ba90b1	2026-10-06T10:20:02.5568110Z Temporarily overriding HOME='/Users/runner/work/_temp/60dcd47a-1c80-4f9f-a6ef-fe5ce2e52cca' before making global git config changes
core-probe (macos-latest)	Post Run actions/checkout@3d3c42e5aac5ba805825da76410c181273ba90b1	2026-10-06T10:20:02.5579320Z Adding repository directory to the temporary git global config as a safe directory
core-probe (macos-latest)	Post Run actions/checkout@3d3c42e5aac5ba805825da76410c181273ba90b1	2026-10-06T10:20:02.5623280Z [command]/opt/homebrew/bin/git config --global --add safe.directory /Users/runner/work/OpenHOI4/OpenHOI4
core-probe (macos-latest)	Post Run actions/checkout@3d3c42e5aac5ba805825da76410c181273ba90b1	2026-10-06T10:20:02.5746530Z Removing SSH command configuration
core-probe (macos-latest)	Post Run actions/checkout@3d3c42e5aac5ba805825da76410c181273ba90b1	2026-10-06T10:20:02.5752410Z [command]/opt/homebrew/bin/git config --local --name-only --get-regexp core\.sshCommand
core-probe (macos-latest)	Post Run actions/checkout@3d3c42e5aac5ba805825da76410c181273ba90b1	2026-10-06T10:20:02.5846350Z [command]/opt/homebrew/bin/git submodule foreach --recursive sh -c "git config --local --name-only --get-regexp 'core\.sshCommand' && git config --local --unset-all 'core.sshCommand' || :"
core-probe (macos-latest)	Post Run actions/checkout@3d3c42e5aac5ba805825da76410c181273ba90b1	2026-10-06T10:20:02.7452690Z Removing HTTP extra header
core-probe (macos-latest)	Post Run actions/checkout@3d3c42e5aac5ba805825da76410c181273ba90b1	2026-10-06T10:20:02.7467660Z [command]/opt/homebrew/bin/git config --local --name-only --get-regexp http\.https\:\/\/github\.com\/\.extraheader
core-probe (macos-latest)	Post Run actions/checkout@3d3c42e5aac5ba805825da76410c181273ba90b1	2026-10-06T10:20:02.7566030Z [command]/opt/homebrew/bin/git submodule foreach --recursive sh -c "git config --local --name-only --get-regexp 'http\.https\:\/\/github\.com\/\.extraheader' && git config --local --unset-all 'http.https://github.com/.extraheader' || :"
core-probe (macos-latest)	Post Run actions/checkout@3d3c42e5aac5ba805825da76410c181273ba90b1	2026-10-06T10:20:02.9360800Z Removing includeIf entries pointing to credentials config files
core-probe (macos-latest)	Post Run actions/checkout@3d3c42e5aac5ba805825da76410c181273ba90b1	2026-10-06T10:20:02.9462150Z [command]/opt/homebrew/bin/git config --local --name-only --get-regexp ^includeIf\.gitdir:
core-probe (macos-latest)	Post Run actions/checkout@3d3c42e5aac5ba805825da76410c181273ba90b1	2026-10-06T10:20:02.9567320Z includeif.gitdir:/Users/runner/work/OpenHOI4/OpenHOI4/.git.path
core-probe (macos-latest)	Post Run actions/checkout@3d3c42e5aac5ba805825da76410c181273ba90b1	2026-10-06T10:20:02.9615320Z includeif.gitdir:/Users/runner/work/OpenHOI4/OpenHOI4/.git/worktrees/*.path
core-probe (macos-latest)	Post Run actions/checkout@3d3c42e5aac5ba805825da76410c181273ba90b1	2026-10-06T10:20:02.9622970Z includeif.gitdir:/github/workspace/.git.path
core-probe (macos-latest)	Post Run actions/checkout@3d3c42e5aac5ba805825da76410c181273ba90b1	2026-10-06T10:20:02.9624530Z includeif.gitdir:/github/workspace/.git/worktrees/*.path
core-probe (macos-latest)	Post Run actions/checkout@3d3c42e5aac5ba805825da76410c181273ba90b1	2026-10-06T10:20:02.9626090Z [command]/opt/homebrew/bin/git config --local --get-all includeif.gitdir:/Users/runner/work/OpenHOI4/OpenHOI4/.git.path
core-probe (macos-latest)	Post Run actions/checkout@3d3c42e5aac5ba805825da76410c181273ba90b1	2026-10-06T10:20:02.9626880Z /Users/runner/work/_temp/git-credentials-305e764f-49bb-423f-a7ba-33e608415f74.config
core-probe (macos-latest)	Post Run actions/checkout@3d3c42e5aac5ba805825da76410c181273ba90b1	2026-10-06T10:20:02.9628500Z [command]/opt/homebrew/bin/git config --local --unset includeif.gitdir:/Users/runner/work/OpenHOI4/OpenHOI4/.git.path \/Users\/runner\/work\/_temp\/git\-credentials\-305e764f\-49bb\-423f\-a7ba\-33e608415f74\.config
core-probe (macos-latest)	Post Run actions/checkout@3d3c42e5aac5ba805825da76410c181273ba90b1	2026-10-06T10:20:02.9630090Z [command]/opt/homebrew/bin/git config --local --get-all includeif.gitdir:/Users/runner/work/OpenHOI4/OpenHOI4/.git/worktrees/*.path
core-probe (macos-latest)	Post Run actions/checkout@3d3c42e5aac5ba805825da76410c181273ba90b1	2026-10-06T10:20:02.9642220Z /Users/runner/work/_temp/git-credentials-305e764f-49bb-423f-a7ba-33e608415f74.config
core-probe (macos-latest)	Post Run actions/checkout@3d3c42e5aac5ba805825da76410c181273ba90b1	2026-10-06T10:20:02.9663230Z [command]/opt/homebrew/bin/git config --local --unset includeif.gitdir:/Users/runner/work/OpenHOI4/OpenHOI4/.git/worktrees/*.path \/Users\/runner\/work\/_temp\/git\-credentials\-305e764f\-49bb\-423f\-a7ba\-33e608415f74\.config
core-probe (macos-latest)	Post Run actions/checkout@3d3c42e5aac5ba805825da76410c181273ba90b1	2026-10-06T10:20:02.9853510Z [command]/opt/homebrew/bin/git config --local --get-all includeif.gitdir:/github/workspace/.git.path
core-probe (macos-latest)	Post Run actions/checkout@3d3c42e5aac5ba805825da76410c181273ba90b1	2026-10-06T10:20:02.9932010Z /github/runner_temp/git-credentials-305e764f-49bb-423f-a7ba-33e608415f74.config
core-probe (macos-latest)	Post Run actions/checkout@3d3c42e5aac5ba805825da76410c181273ba90b1	2026-10-06T10:20:02.9955650Z [command]/opt/homebrew/bin/git config --local --unset includeif.gitdir:/github/workspace/.git.path \/github\/runner_temp\/git\-credentials\-305e764f\-49bb\-423f\-a7ba\-33e608415f74\.config
core-probe (macos-latest)	Post Run actions/checkout@3d3c42e5aac5ba805825da76410c181273ba90b1	2026-10-06T10:20:03.0085110Z [command]/opt/homebrew/bin/git config --local --get-all includeif.gitdir:/github/workspace/.git/worktrees/*.path
core-probe (macos-latest)	Post Run actions/checkout@3d3c42e5aac5ba805825da76410c181273ba90b1	2026-10-06T10:20:03.0160360Z /github/runner_temp/git-credentials-305e764f-49bb-423f-a7ba-33e608415f74.config
core-probe (macos-latest)	Post Run actions/checkout@3d3c42e5aac5ba805825da76410c181273ba90b1	2026-10-06T10:20:03.0175210Z [command]/opt/homebrew/bin/git config --local --unset includeif.gitdir:/github/workspace/.git/worktrees/*.path \/github\/runner_temp\/git\-credentials\-305e764f\-49bb\-423f\-a7ba\-33e608415f74\.config
core-probe (macos-latest)	Post Run actions/checkout@3d3c42e5aac5ba805825da76410c181273ba90b1	2026-10-06T10:20:03.0317130Z [command]/opt/homebrew/bin/git submodule foreach --recursive git config --local --show-origin --name-only --get-regexp remote.origin.url
core-probe (macos-latest)	Post Run actions/checkout@3d3c42e5aac5ba805825da76410c181273ba90b1	2026-10-06T10:20:03.2196180Z Removing credentials config '/Users/runner/work/_temp/git-credentials-305e764f-49bb-423f-a7ba-33e608415f74.config'
core-probe (macos-latest)	Complete job	﻿2026-10-06T10:20:03.2416570Z Cleaning up orphan processes
compare-core-hashes	Set up job	﻿2026-10-06T10:20:54.5471421Z Current runner version: '2.337.0'
compare-core-hashes	Set up job	2026-10-06T10:20:54.5497622Z ##[group]Runner Image Provisioner
compare-core-hashes	Set up job	2026-10-06T10:20:54.5498502Z Hosted Compute Agent
compare-core-hashes	Set up job	2026-10-06T10:20:54.5499243Z Version: 20260901.588
compare-core-hashes	Set up job	2026-10-06T10:20:54.5499961Z Commit: f88ec8081b781fac6c440065ac7ff9e710ce3d0b
compare-core-hashes	Set up job	2026-10-06T10:20:54.5500692Z Build Date: 2026-09-01T19:56:44Z
compare-core-hashes	Set up job	2026-10-06T10:20:54.5501412Z Worker ID: {5fe2d946-2634-43ba-a4c8-a71e9fc69315}
compare-core-hashes	Set up job	2026-10-06T10:20:54.5502153Z Azure Region: westus
compare-core-hashes	Set up job	2026-10-06T10:20:54.5502751Z ##[endgroup]
compare-core-hashes	Set up job	2026-10-06T10:20:54.5504367Z ##[group]Operating System
compare-core-hashes	Set up job	2026-10-06T10:20:54.5505019Z Ubuntu
compare-core-hashes	Set up job	2026-10-06T10:20:54.5505597Z 24.04.5
compare-core-hashes	Set up job	2026-10-06T10:20:54.5506166Z LTS
compare-core-hashes	Set up job	2026-10-06T10:20:54.5506918Z ##[endgroup]
compare-core-hashes	Set up job	2026-10-06T10:20:54.5507544Z ##[group]Runner Image
compare-core-hashes	Set up job	2026-10-06T10:20:54.5508144Z Image: ubuntu-24.04
compare-core-hashes	Set up job	2026-10-06T10:20:54.5508733Z Version: 20260927.320.1
compare-core-hashes	Set up job	2026-10-06T10:20:54.5509838Z Included Software: https://github.com/actions/runner-images/blob/ubuntu24/20260927.320/images/ubuntu/Ubuntu2404-Readme.md
compare-core-hashes	Set up job	2026-10-06T10:20:54.5511954Z Image Release: https://github.com/actions/runner-images/releases/tag/ubuntu24%2F20260927.320
compare-core-hashes	Set up job	2026-10-06T10:20:54.5512936Z ##[endgroup]
compare-core-hashes	Set up job	2026-10-06T10:20:54.5514116Z ##[group]GITHUB_TOKEN Permissions
compare-core-hashes	Set up job	2026-10-06T10:20:54.5516163Z Contents: read
compare-core-hashes	Set up job	2026-10-06T10:20:54.5517098Z Metadata: read
compare-core-hashes	Set up job	2026-10-06T10:20:54.5517756Z ##[endgroup]
compare-core-hashes	Set up job	2026-10-06T10:20:54.5519761Z Secret source: Actions
compare-core-hashes	Set up job	2026-10-06T10:20:54.5520858Z Cache mode: write
compare-core-hashes	Set up job	2026-10-06T10:20:54.5521744Z Prepare workflow directory
compare-core-hashes	Set up job	2026-10-06T10:20:54.5873214Z Prepare all required actions
compare-core-hashes	Set up job	2026-10-06T10:20:54.5945943Z Getting action download info
compare-core-hashes	Set up job	2026-10-06T10:20:54.9783065Z Download action repository 'actions/checkout@3d3c42e5aac5ba805825da76410c181273ba90b1' (SHA:3d3c42e5aac5ba805825da76410c181273ba90b1)
compare-core-hashes	Set up job	2026-10-06T10:20:55.0899205Z Download action repository 'actions/setup-python@5fda3b95a4ea91299a34e894583c3862153e4b97' (SHA:5fda3b95a4ea91299a34e894583c3862153e4b97)
compare-core-hashes	Set up job	2026-10-06T10:20:55.1662817Z Download action repository 'actions/download-artifact@3e5f45b2cfb9172054b4087a40e8e0b5a5461e7c' (SHA:3e5f45b2cfb9172054b4087a40e8e0b5a5461e7c)
compare-core-hashes	Set up job	2026-10-06T10:20:55.6852843Z Complete job name: compare-core-hashes
compare-core-hashes	Run actions/checkout@3d3c42e5aac5ba805825da76410c181273ba90b1	﻿2026-10-06T10:20:55.7582151Z ##[group]Run actions/checkout@3d3c42e5aac5ba805825da76410c181273ba90b1
compare-core-hashes	Run actions/checkout@3d3c42e5aac5ba805825da76410c181273ba90b1	2026-10-06T10:20:55.7583227Z with:
compare-core-hashes	Run actions/checkout@3d3c42e5aac5ba805825da76410c181273ba90b1	2026-10-06T10:20:55.7583696Z   repository: peppone-choi/OpenHOI4
compare-core-hashes	Run actions/checkout@3d3c42e5aac5ba805825da76410c181273ba90b1	2026-10-06T10:20:55.7587682Z   token: ***
compare-core-hashes	Run actions/checkout@3d3c42e5aac5ba805825da76410c181273ba90b1	2026-10-06T10:20:55.7588131Z   ssh-strict: true
compare-core-hashes	Run actions/checkout@3d3c42e5aac5ba805825da76410c181273ba90b1	2026-10-06T10:20:55.7588566Z   ssh-user: git
compare-core-hashes	Run actions/checkout@3d3c42e5aac5ba805825da76410c181273ba90b1	2026-10-06T10:20:55.7589006Z   persist-credentials: true
compare-core-hashes	Run actions/checkout@3d3c42e5aac5ba805825da76410c181273ba90b1	2026-10-06T10:20:55.7589535Z   clean: true
compare-core-hashes	Run actions/checkout@3d3c42e5aac5ba805825da76410c181273ba90b1	2026-10-06T10:20:55.7589993Z   sparse-checkout-cone-mode: true
compare-core-hashes	Run actions/checkout@3d3c42e5aac5ba805825da76410c181273ba90b1	2026-10-06T10:20:55.7590511Z   fetch-depth: 1
compare-core-hashes	Run actions/checkout@3d3c42e5aac5ba805825da76410c181273ba90b1	2026-10-06T10:20:55.7590938Z   fetch-tags: false
compare-core-hashes	Run actions/checkout@3d3c42e5aac5ba805825da76410c181273ba90b1	2026-10-06T10:20:55.7591395Z   show-progress: true
compare-core-hashes	Run actions/checkout@3d3c42e5aac5ba805825da76410c181273ba90b1	2026-10-06T10:20:55.7591834Z   lfs: false
compare-core-hashes	Run actions/checkout@3d3c42e5aac5ba805825da76410c181273ba90b1	2026-10-06T10:20:55.7592243Z   submodules: false
compare-core-hashes	Run actions/checkout@3d3c42e5aac5ba805825da76410c181273ba90b1	2026-10-06T10:20:55.7592691Z   set-safe-directory: true
compare-core-hashes	Run actions/checkout@3d3c42e5aac5ba805825da76410c181273ba90b1	2026-10-06T10:20:55.7593189Z   allow-unsafe-pr-checkout: false
compare-core-hashes	Run actions/checkout@3d3c42e5aac5ba805825da76410c181273ba90b1	2026-10-06T10:20:55.7593985Z ##[endgroup]
compare-core-hashes	Run actions/checkout@3d3c42e5aac5ba805825da76410c181273ba90b1	2026-10-06T10:20:55.8541861Z Syncing repository: peppone-choi/OpenHOI4
compare-core-hashes	Run actions/checkout@3d3c42e5aac5ba805825da76410c181273ba90b1	2026-10-06T10:20:55.8543645Z ##[group]Getting Git version info
compare-core-hashes	Run actions/checkout@3d3c42e5aac5ba805825da76410c181273ba90b1	2026-10-06T10:20:55.8544460Z Working directory is '/home/runner/work/OpenHOI4/OpenHOI4'
compare-core-hashes	Run actions/checkout@3d3c42e5aac5ba805825da76410c181273ba90b1	2026-10-06T10:20:55.8545741Z [command]/usr/bin/git version
compare-core-hashes	Run actions/checkout@3d3c42e5aac5ba805825da76410c181273ba90b1	2026-10-06T10:20:55.8613137Z git version 2.55.0
compare-core-hashes	Run actions/checkout@3d3c42e5aac5ba805825da76410c181273ba90b1	2026-10-06T10:20:55.8634877Z ##[endgroup]
compare-core-hashes	Run actions/checkout@3d3c42e5aac5ba805825da76410c181273ba90b1	2026-10-06T10:20:55.8645043Z Temporarily overriding HOME='/home/runner/work/_temp/07fa1b88-e756-41b2-b267-cfda73197fcc' before making global git config changes
compare-core-hashes	Run actions/checkout@3d3c42e5aac5ba805825da76410c181273ba90b1	2026-10-06T10:20:55.8647182Z Adding repository directory to the temporary git global config as a safe directory
compare-core-hashes	Run actions/checkout@3d3c42e5aac5ba805825da76410c181273ba90b1	2026-10-06T10:20:55.8650805Z [command]/usr/bin/git config --global --add safe.directory /home/runner/work/OpenHOI4/OpenHOI4
compare-core-hashes	Run actions/checkout@3d3c42e5aac5ba805825da76410c181273ba90b1	2026-10-06T10:20:55.8695565Z Deleting the contents of '/home/runner/work/OpenHOI4/OpenHOI4'
compare-core-hashes	Run actions/checkout@3d3c42e5aac5ba805825da76410c181273ba90b1	2026-10-06T10:20:55.8698882Z ##[group]Determining repository object format
compare-core-hashes	Run actions/checkout@3d3c42e5aac5ba805825da76410c181273ba90b1	2026-10-06T10:20:55.8700535Z ##[endgroup]
compare-core-hashes	Run actions/checkout@3d3c42e5aac5ba805825da76410c181273ba90b1	2026-10-06T10:20:55.8701564Z ##[group]Initializing the repository
compare-core-hashes	Run actions/checkout@3d3c42e5aac5ba805825da76410c181273ba90b1	2026-10-06T10:20:55.8706003Z [command]/usr/bin/git init /home/runner/work/OpenHOI4/OpenHOI4
compare-core-hashes	Run actions/checkout@3d3c42e5aac5ba805825da76410c181273ba90b1	2026-10-06T10:20:55.8803137Z hint: Using 'master' as the name for the initial branch. This default branch name
compare-core-hashes	Run actions/checkout@3d3c42e5aac5ba805825da76410c181273ba90b1	2026-10-06T10:20:55.8804463Z hint: will change to "main" in Git 3.0. To configure the initial branch name
compare-core-hashes	Run actions/checkout@3d3c42e5aac5ba805825da76410c181273ba90b1	2026-10-06T10:20:55.8805529Z hint: to use in all of your new repositories, which will suppress this warning,
compare-core-hashes	Run actions/checkout@3d3c42e5aac5ba805825da76410c181273ba90b1	2026-10-06T10:20:55.8807299Z hint: call:
compare-core-hashes	Run actions/checkout@3d3c42e5aac5ba805825da76410c181273ba90b1	2026-10-06T10:20:55.8808136Z hint:
compare-core-hashes	Run actions/checkout@3d3c42e5aac5ba805825da76410c181273ba90b1	2026-10-06T10:20:55.8809110Z hint: 	git config --global init.defaultBranch <name>
compare-core-hashes	Run actions/checkout@3d3c42e5aac5ba805825da76410c181273ba90b1	2026-10-06T10:20:55.8810268Z hint:
compare-core-hashes	Run actions/checkout@3d3c42e5aac5ba805825da76410c181273ba90b1	2026-10-06T10:20:55.8811392Z hint: Names commonly chosen instead of 'master' are 'main', 'trunk' and
compare-core-hashes	Run actions/checkout@3d3c42e5aac5ba805825da76410c181273ba90b1	2026-10-06T10:20:55.8813172Z hint: 'development'. The just-created branch can be renamed via this command:
compare-core-hashes	Run actions/checkout@3d3c42e5aac5ba805825da76410c181273ba90b1	2026-10-06T10:20:55.8814543Z hint:
compare-core-hashes	Run actions/checkout@3d3c42e5aac5ba805825da76410c181273ba90b1	2026-10-06T10:20:55.8815284Z hint: 	git branch -m <name>
compare-core-hashes	Run actions/checkout@3d3c42e5aac5ba805825da76410c181273ba90b1	2026-10-06T10:20:55.8816132Z hint:
compare-core-hashes	Run actions/checkout@3d3c42e5aac5ba805825da76410c181273ba90b1	2026-10-06T10:20:55.8817599Z hint: Disable this message with "git config set advice.defaultBranchName false"
compare-core-hashes	Run actions/checkout@3d3c42e5aac5ba805825da76410c181273ba90b1	2026-10-06T10:20:55.8819514Z Initialized empty Git repository in /home/runner/work/OpenHOI4/OpenHOI4/.git/
compare-core-hashes	Run actions/checkout@3d3c42e5aac5ba805825da76410c181273ba90b1	2026-10-06T10:20:55.8822331Z [command]/usr/bin/git remote add origin https://github.com/peppone-choi/OpenHOI4
compare-core-hashes	Run actions/checkout@3d3c42e5aac5ba805825da76410c181273ba90b1	2026-10-06T10:20:55.8864075Z ##[endgroup]
compare-core-hashes	Run actions/checkout@3d3c42e5aac5ba805825da76410c181273ba90b1	2026-10-06T10:20:55.8865414Z ##[group]Disabling automatic garbage collection
compare-core-hashes	Run actions/checkout@3d3c42e5aac5ba805825da76410c181273ba90b1	2026-10-06T10:20:55.8867860Z [command]/usr/bin/git config --local gc.auto 0
compare-core-hashes	Run actions/checkout@3d3c42e5aac5ba805825da76410c181273ba90b1	2026-10-06T10:20:55.8898697Z ##[endgroup]
compare-core-hashes	Run actions/checkout@3d3c42e5aac5ba805825da76410c181273ba90b1	2026-10-06T10:20:55.8900068Z ##[group]Setting up auth
compare-core-hashes	Run actions/checkout@3d3c42e5aac5ba805825da76410c181273ba90b1	2026-10-06T10:20:55.8901084Z Removing SSH command configuration
compare-core-hashes	Run actions/checkout@3d3c42e5aac5ba805825da76410c181273ba90b1	2026-10-06T10:20:55.8905212Z [command]/usr/bin/git config --local --name-only --get-regexp core\.sshCommand
compare-core-hashes	Run actions/checkout@3d3c42e5aac5ba805825da76410c181273ba90b1	2026-10-06T10:20:55.8936038Z [command]/usr/bin/git submodule foreach --recursive sh -c "git config --local --name-only --get-regexp 'core\.sshCommand' && git config --local --unset-all 'core.sshCommand' || :"
compare-core-hashes	Run actions/checkout@3d3c42e5aac5ba805825da76410c181273ba90b1	2026-10-06T10:20:55.9262280Z Removing HTTP extra header
compare-core-hashes	Run actions/checkout@3d3c42e5aac5ba805825da76410c181273ba90b1	2026-10-06T10:20:55.9269018Z [command]/usr/bin/git config --local --name-only --get-regexp http\.https\:\/\/github\.com\/\.extraheader
compare-core-hashes	Run actions/checkout@3d3c42e5aac5ba805825da76410c181273ba90b1	2026-10-06T10:20:55.9297954Z [command]/usr/bin/git submodule foreach --recursive sh -c "git config --local --name-only --get-regexp 'http\.https\:\/\/github\.com\/\.extraheader' && git config --local --unset-all 'http.https://github.com/.extraheader' || :"
compare-core-hashes	Run actions/checkout@3d3c42e5aac5ba805825da76410c181273ba90b1	2026-10-06T10:20:55.9503785Z Removing includeIf entries pointing to credentials config files
compare-core-hashes	Run actions/checkout@3d3c42e5aac5ba805825da76410c181273ba90b1	2026-10-06T10:20:55.9508478Z [command]/usr/bin/git config --local --name-only --get-regexp ^includeIf\.gitdir:
compare-core-hashes	Run actions/checkout@3d3c42e5aac5ba805825da76410c181273ba90b1	2026-10-06T10:20:55.9538946Z [command]/usr/bin/git submodule foreach --recursive git config --local --show-origin --name-only --get-regexp remote.origin.url
compare-core-hashes	Run actions/checkout@3d3c42e5aac5ba805825da76410c181273ba90b1	2026-10-06T10:20:55.9755478Z [command]/usr/bin/git config --file /home/runner/work/_temp/git-credentials-d5c80263-a8ca-40c7-a6f1-2292a1bde0e7.config http.https://github.com/.extraheader AUTHORIZATION: basic ***
compare-core-hashes	Run actions/checkout@3d3c42e5aac5ba805825da76410c181273ba90b1	2026-10-06T10:20:55.9790391Z [command]/usr/bin/git config --local includeIf.gitdir:/home/runner/work/OpenHOI4/OpenHOI4/.git.path /home/runner/work/_temp/git-credentials-d5c80263-a8ca-40c7-a6f1-2292a1bde0e7.config
compare-core-hashes	Run actions/checkout@3d3c42e5aac5ba805825da76410c181273ba90b1	2026-10-06T10:20:55.9820312Z [command]/usr/bin/git config --local includeIf.gitdir:/home/runner/work/OpenHOI4/OpenHOI4/.git/worktrees/*.path /home/runner/work/_temp/git-credentials-d5c80263-a8ca-40c7-a6f1-2292a1bde0e7.config
compare-core-hashes	Run actions/checkout@3d3c42e5aac5ba805825da76410c181273ba90b1	2026-10-06T10:20:55.9855575Z [command]/usr/bin/git config --local includeIf.gitdir:/github/workspace/.git.path /github/runner_temp/git-credentials-d5c80263-a8ca-40c7-a6f1-2292a1bde0e7.config
compare-core-hashes	Run actions/checkout@3d3c42e5aac5ba805825da76410c181273ba90b1	2026-10-06T10:20:55.9885135Z [command]/usr/bin/git config --local includeIf.gitdir:/github/workspace/.git/worktrees/*.path /github/runner_temp/git-credentials-d5c80263-a8ca-40c7-a6f1-2292a1bde0e7.config
compare-core-hashes	Run actions/checkout@3d3c42e5aac5ba805825da76410c181273ba90b1	2026-10-06T10:20:55.9910639Z ##[endgroup]
compare-core-hashes	Run actions/checkout@3d3c42e5aac5ba805825da76410c181273ba90b1	2026-10-06T10:20:55.9911382Z ##[group]Fetching the repository
compare-core-hashes	Run actions/checkout@3d3c42e5aac5ba805825da76410c181273ba90b1	2026-10-06T10:20:55.9918765Z [command]/usr/bin/git -c protocol.version=2 fetch --no-tags --prune --no-recurse-submodules --depth=1 origin +d6ae2c8f176d6e8fdc0bc1a102ec2eb74ccac756:refs/remotes/origin/main
compare-core-hashes	Run actions/checkout@3d3c42e5aac5ba805825da76410c181273ba90b1	2026-10-06T10:20:56.7558052Z From https://github.com/peppone-choi/OpenHOI4
compare-core-hashes	Run actions/checkout@3d3c42e5aac5ba805825da76410c181273ba90b1	2026-10-06T10:20:56.7559364Z  * [new ref]         d6ae2c8f176d6e8fdc0bc1a102ec2eb74ccac756 -> origin/main
compare-core-hashes	Run actions/checkout@3d3c42e5aac5ba805825da76410c181273ba90b1	2026-10-06T10:20:56.7567735Z [command]/usr/bin/git branch --list --remote origin/main
compare-core-hashes	Run actions/checkout@3d3c42e5aac5ba805825da76410c181273ba90b1	2026-10-06T10:20:56.7591031Z   origin/main
compare-core-hashes	Run actions/checkout@3d3c42e5aac5ba805825da76410c181273ba90b1	2026-10-06T10:20:56.7598692Z [command]/usr/bin/git rev-parse refs/remotes/origin/main
compare-core-hashes	Run actions/checkout@3d3c42e5aac5ba805825da76410c181273ba90b1	2026-10-06T10:20:56.7620415Z d6ae2c8f176d6e8fdc0bc1a102ec2eb74ccac756
compare-core-hashes	Run actions/checkout@3d3c42e5aac5ba805825da76410c181273ba90b1	2026-10-06T10:20:56.7624815Z ##[endgroup]
compare-core-hashes	Run actions/checkout@3d3c42e5aac5ba805825da76410c181273ba90b1	2026-10-06T10:20:56.7625978Z ##[group]Determining the checkout info
compare-core-hashes	Run actions/checkout@3d3c42e5aac5ba805825da76410c181273ba90b1	2026-10-06T10:20:56.7627279Z ##[endgroup]
compare-core-hashes	Run actions/checkout@3d3c42e5aac5ba805825da76410c181273ba90b1	2026-10-06T10:20:56.7629768Z [command]/usr/bin/git sparse-checkout disable
compare-core-hashes	Run actions/checkout@3d3c42e5aac5ba805825da76410c181273ba90b1	2026-10-06T10:20:56.7678252Z [command]/usr/bin/git config --local --unset-all extensions.worktreeConfig
compare-core-hashes	Run actions/checkout@3d3c42e5aac5ba805825da76410c181273ba90b1	2026-10-06T10:20:56.7705664Z ##[group]Checking out the ref
compare-core-hashes	Run actions/checkout@3d3c42e5aac5ba805825da76410c181273ba90b1	2026-10-06T10:20:56.7709081Z [command]/usr/bin/git checkout --progress --force -B main refs/remotes/origin/main
compare-core-hashes	Run actions/checkout@3d3c42e5aac5ba805825da76410c181273ba90b1	2026-10-06T10:20:56.8125824Z Switched to a new branch 'main'
compare-core-hashes	Run actions/checkout@3d3c42e5aac5ba805825da76410c181273ba90b1	2026-10-06T10:20:56.8131429Z branch 'main' set up to track 'origin/main'.
compare-core-hashes	Run actions/checkout@3d3c42e5aac5ba805825da76410c181273ba90b1	2026-10-06T10:20:56.8140793Z ##[endgroup]
compare-core-hashes	Run actions/checkout@3d3c42e5aac5ba805825da76410c181273ba90b1	2026-10-06T10:20:56.8182272Z [command]/usr/bin/git log -1 --format=%H
compare-core-hashes	Run actions/checkout@3d3c42e5aac5ba805825da76410c181273ba90b1	2026-10-06T10:20:56.8206083Z d6ae2c8f176d6e8fdc0bc1a102ec2eb74ccac756
compare-core-hashes	Run actions/setup-python@5fda3b95a4ea91299a34e894583c3862153e4b97	﻿2026-10-06T10:20:56.8516089Z ##[group]Run actions/setup-python@5fda3b95a4ea91299a34e894583c3862153e4b97
compare-core-hashes	Run actions/setup-python@5fda3b95a4ea91299a34e894583c3862153e4b97	2026-10-06T10:20:56.8517165Z with:
compare-core-hashes	Run actions/setup-python@5fda3b95a4ea91299a34e894583c3862153e4b97	2026-10-06T10:20:56.8517622Z   python-version: 3.11
compare-core-hashes	Run actions/setup-python@5fda3b95a4ea91299a34e894583c3862153e4b97	2026-10-06T10:20:56.8518132Z   check-latest: false
compare-core-hashes	Run actions/setup-python@5fda3b95a4ea91299a34e894583c3862153e4b97	2026-10-06T10:20:56.8522026Z   token: ***
compare-core-hashes	Run actions/setup-python@5fda3b95a4ea91299a34e894583c3862153e4b97	2026-10-06T10:20:56.8522587Z   update-environment: true
compare-core-hashes	Run actions/setup-python@5fda3b95a4ea91299a34e894583c3862153e4b97	2026-10-06T10:20:56.8523138Z   allow-prereleases: false
compare-core-hashes	Run actions/setup-python@5fda3b95a4ea91299a34e894583c3862153e4b97	2026-10-06T10:20:56.8523674Z   freethreaded: false
compare-core-hashes	Run actions/setup-python@5fda3b95a4ea91299a34e894583c3862153e4b97	2026-10-06T10:20:56.8524164Z ##[endgroup]
compare-core-hashes	Run actions/setup-python@5fda3b95a4ea91299a34e894583c3862153e4b97	2026-10-06T10:20:56.9799246Z ##[group]Installed versions
compare-core-hashes	Run actions/setup-python@5fda3b95a4ea91299a34e894583c3862153e4b97	2026-10-06T10:20:56.9885827Z Successfully set up CPython (3.11.16)
compare-core-hashes	Run actions/setup-python@5fda3b95a4ea91299a34e894583c3862153e4b97	2026-10-06T10:20:56.9887932Z ##[endgroup]
compare-core-hashes	Run actions/download-artifact@3e5f45b2cfb9172054b4087a40e8e0b5a5461e7c	﻿2026-10-06T10:20:57.0062892Z ##[group]Run actions/download-artifact@3e5f45b2cfb9172054b4087a40e8e0b5a5461e7c
compare-core-hashes	Run actions/download-artifact@3e5f45b2cfb9172054b4087a40e8e0b5a5461e7c	2026-10-06T10:20:57.0063798Z with:
compare-core-hashes	Run actions/download-artifact@3e5f45b2cfb9172054b4087a40e8e0b5a5461e7c	2026-10-06T10:20:57.0064235Z   pattern: core-hash-*
compare-core-hashes	Run actions/download-artifact@3e5f45b2cfb9172054b4087a40e8e0b5a5461e7c	2026-10-06T10:20:57.0064733Z   path: core-hashes
compare-core-hashes	Run actions/download-artifact@3e5f45b2cfb9172054b4087a40e8e0b5a5461e7c	2026-10-06T10:20:57.0065209Z   merge-multiple: false
compare-core-hashes	Run actions/download-artifact@3e5f45b2cfb9172054b4087a40e8e0b5a5461e7c	2026-10-06T10:20:57.0065736Z   repository: peppone-choi/OpenHOI4
compare-core-hashes	Run actions/download-artifact@3e5f45b2cfb9172054b4087a40e8e0b5a5461e7c	2026-10-06T10:20:57.0066585Z   run-id: 37448564385
compare-core-hashes	Run actions/download-artifact@3e5f45b2cfb9172054b4087a40e8e0b5a5461e7c	2026-10-06T10:20:57.0067144Z   skip-decompress: false
compare-core-hashes	Run actions/download-artifact@3e5f45b2cfb9172054b4087a40e8e0b5a5461e7c	2026-10-06T10:20:57.0067647Z   digest-mismatch: error
compare-core-hashes	Run actions/download-artifact@3e5f45b2cfb9172054b4087a40e8e0b5a5461e7c	2026-10-06T10:20:57.0068120Z env:
compare-core-hashes	Run actions/download-artifact@3e5f45b2cfb9172054b4087a40e8e0b5a5461e7c	2026-10-06T10:20:57.0068652Z   pythonLocation: /opt/hostedtoolcache/Python/3.11.16/x64
compare-core-hashes	Run actions/download-artifact@3e5f45b2cfb9172054b4087a40e8e0b5a5461e7c	2026-10-06T10:20:57.0069528Z   PKG_CONFIG_PATH: /opt/hostedtoolcache/Python/3.11.16/x64/lib/pkgconfig
compare-core-hashes	Run actions/download-artifact@3e5f45b2cfb9172054b4087a40e8e0b5a5461e7c	2026-10-06T10:20:57.0070384Z   Python_ROOT_DIR: /opt/hostedtoolcache/Python/3.11.16/x64
compare-core-hashes	Run actions/download-artifact@3e5f45b2cfb9172054b4087a40e8e0b5a5461e7c	2026-10-06T10:20:57.0071164Z   Python2_ROOT_DIR: /opt/hostedtoolcache/Python/3.11.16/x64
compare-core-hashes	Run actions/download-artifact@3e5f45b2cfb9172054b4087a40e8e0b5a5461e7c	2026-10-06T10:20:57.0071953Z   Python3_ROOT_DIR: /opt/hostedtoolcache/Python/3.11.16/x64
compare-core-hashes	Run actions/download-artifact@3e5f45b2cfb9172054b4087a40e8e0b5a5461e7c	2026-10-06T10:20:57.0072772Z   LD_LIBRARY_PATH: /opt/hostedtoolcache/Python/3.11.16/x64/lib
compare-core-hashes	Run actions/download-artifact@3e5f45b2cfb9172054b4087a40e8e0b5a5461e7c	2026-10-06T10:20:57.0073505Z ##[endgroup]
compare-core-hashes	Run actions/download-artifact@3e5f45b2cfb9172054b4087a40e8e0b5a5461e7c	2026-10-06T10:20:57.4133779Z Found 3 artifact(s)
compare-core-hashes	Run actions/download-artifact@3e5f45b2cfb9172054b4087a40e8e0b5a5461e7c	2026-10-06T10:20:57.4136495Z Filtering artifacts by pattern 'core-hash-*'
compare-core-hashes	Run actions/download-artifact@3e5f45b2cfb9172054b4087a40e8e0b5a5461e7c	2026-10-06T10:20:57.4156101Z Preparing to download the following artifacts:
compare-core-hashes	Run actions/download-artifact@3e5f45b2cfb9172054b4087a40e8e0b5a5461e7c	2026-10-06T10:20:57.4159726Z - core-hash-windows-latest (ID: 11405490401, Size: 160, Expected Digest: sha256:2ad43d5148a4ce51684ee956095b40c7479911320a9aa944c07c31e1dc8886a9)
compare-core-hashes	Run actions/download-artifact@3e5f45b2cfb9172054b4087a40e8e0b5a5461e7c	2026-10-06T10:20:57.4164641Z - core-hash-ubuntu-latest (ID: 11404637362, Size: 159, Expected Digest: sha256:106b442a15c0a317b81bbeda84ab86127c9c4eb404c61a3b7fadc1f64e0cbe56)
compare-core-hashes	Run actions/download-artifact@3e5f45b2cfb9172054b4087a40e8e0b5a5461e7c	2026-10-06T10:20:57.4170492Z - core-hash-macos-latest (ID: 11404244364, Size: 159, Expected Digest: sha256:1b8727eb697fba8960af59d03ed87ad32ec32375d7acc4d04c3ed99c73b90f23)
compare-core-hashes	Run actions/download-artifact@3e5f45b2cfb9172054b4087a40e8e0b5a5461e7c	2026-10-06T10:20:57.9294363Z Redirecting to blob download url: https://productionresultssa8.blob.core.windows.net/actions-results/d5388934-6f9c-8c1e-9b85-d107f55cf2ae/workflow-job-run-77c6e517-445a-5c99-8934-a1c186cf7d43/artifacts/0632d5bf045976c691f45f92752b5bee72ede5c87556cc95c5269d7b514bc0df.zip
compare-core-hashes	Run actions/download-artifact@3e5f45b2cfb9172054b4087a40e8e0b5a5461e7c	2026-10-06T10:20:57.9298064Z Starting download of artifact to: /home/runner/work/OpenHOI4/OpenHOI4/core-hashes/core-hash-macos-latest
compare-core-hashes	Run actions/download-artifact@3e5f45b2cfb9172054b4087a40e8e0b5a5461e7c	2026-10-06T10:20:57.9358786Z Redirecting to blob download url: https://productionresultssa8.blob.core.windows.net/actions-results/d5388934-6f9c-8c1e-9b85-d107f55cf2ae/workflow-job-run-35463a17-40dd-5761-88b5-faa9bbf12305/artifacts/77967ae4accf9b9aed08fdd09143687d11e68b60e213ad819931b169e9ad9dd2.zip
compare-core-hashes	Run actions/download-artifact@3e5f45b2cfb9172054b4087a40e8e0b5a5461e7c	2026-10-06T10:20:57.9360661Z Starting download of artifact to: /home/runner/work/OpenHOI4/OpenHOI4/core-hashes/core-hash-windows-latest
compare-core-hashes	Run actions/download-artifact@3e5f45b2cfb9172054b4087a40e8e0b5a5461e7c	2026-10-06T10:20:57.9398506Z Redirecting to blob download url: https://productionresultssa8.blob.core.windows.net/actions-results/d5388934-6f9c-8c1e-9b85-d107f55cf2ae/workflow-job-run-fe30ab6f-e527-5ba6-8030-881fe4847654/artifacts/211fc8f9cb28a53f48650bd624bc21738ef12c1ecd11c3d1fa263ba453c15b39.zip
compare-core-hashes	Run actions/download-artifact@3e5f45b2cfb9172054b4087a40e8e0b5a5461e7c	2026-10-06T10:20:57.9400175Z Starting download of artifact to: /home/runner/work/OpenHOI4/OpenHOI4/core-hashes/core-hash-ubuntu-latest
compare-core-hashes	Run actions/download-artifact@3e5f45b2cfb9172054b4087a40e8e0b5a5461e7c	2026-10-06T10:20:58.1985182Z (node:2289) [DEP0005] DeprecationWarning: Buffer() is deprecated due to security and usability issues. Please use the Buffer.alloc(), Buffer.allocUnsafe(), or Buffer.from() methods instead.
compare-core-hashes	Run actions/download-artifact@3e5f45b2cfb9172054b4087a40e8e0b5a5461e7c	2026-10-06T10:20:58.1987777Z (Use `node --trace-deprecation ...` to show where the warning was created)
compare-core-hashes	Run actions/download-artifact@3e5f45b2cfb9172054b4087a40e8e0b5a5461e7c	2026-10-06T10:20:58.2040801Z SHA256 digest of downloaded artifact is 2ad43d5148a4ce51684ee956095b40c7479911320a9aa944c07c31e1dc8886a9
compare-core-hashes	Run actions/download-artifact@3e5f45b2cfb9172054b4087a40e8e0b5a5461e7c	2026-10-06T10:20:58.2041815Z Artifact download completed successfully.
compare-core-hashes	Run actions/download-artifact@3e5f45b2cfb9172054b4087a40e8e0b5a5461e7c	2026-10-06T10:20:58.2042848Z SHA256 digest of downloaded artifact is 1b8727eb697fba8960af59d03ed87ad32ec32375d7acc4d04c3ed99c73b90f23
compare-core-hashes	Run actions/download-artifact@3e5f45b2cfb9172054b4087a40e8e0b5a5461e7c	2026-10-06T10:20:58.2043678Z Artifact download completed successfully.
compare-core-hashes	Run actions/download-artifact@3e5f45b2cfb9172054b4087a40e8e0b5a5461e7c	2026-10-06T10:20:58.2212665Z SHA256 digest of downloaded artifact is 106b442a15c0a317b81bbeda84ab86127c9c4eb404c61a3b7fadc1f64e0cbe56
compare-core-hashes	Run actions/download-artifact@3e5f45b2cfb9172054b4087a40e8e0b5a5461e7c	2026-10-06T10:20:58.2213894Z Artifact download completed successfully.
compare-core-hashes	Run actions/download-artifact@3e5f45b2cfb9172054b4087a40e8e0b5a5461e7c	2026-10-06T10:20:58.2215064Z Total of 3 artifact(s) downloaded
compare-core-hashes	Run actions/download-artifact@3e5f45b2cfb9172054b4087a40e8e0b5a5461e7c	2026-10-06T10:20:58.2218714Z Download artifact has finished successfully
compare-core-hashes	Require all three OS hashes to match	﻿2026-10-06T10:20:58.2339070Z ##[group]Run python crates/oh_core/tools/check_determinism.py compare --root core-hashes
compare-core-hashes	Require all three OS hashes to match	2026-10-06T10:20:58.2339923Z [36;1mpython crates/oh_core/tools/check_determinism.py compare --root core-hashes[0m
compare-core-hashes	Require all three OS hashes to match	2026-10-06T10:20:58.2603863Z shell: /usr/bin/bash -e {0}
compare-core-hashes	Require all three OS hashes to match	2026-10-06T10:20:58.2604283Z env:
compare-core-hashes	Require all three OS hashes to match	2026-10-06T10:20:58.2604703Z   pythonLocation: /opt/hostedtoolcache/Python/3.11.16/x64
compare-core-hashes	Require all three OS hashes to match	2026-10-06T10:20:58.2605370Z   PKG_CONFIG_PATH: /opt/hostedtoolcache/Python/3.11.16/x64/lib/pkgconfig
compare-core-hashes	Require all three OS hashes to match	2026-10-06T10:20:58.2606010Z   Python_ROOT_DIR: /opt/hostedtoolcache/Python/3.11.16/x64
compare-core-hashes	Require all three OS hashes to match	2026-10-06T10:20:58.2606805Z   Python2_ROOT_DIR: /opt/hostedtoolcache/Python/3.11.16/x64
compare-core-hashes	Require all three OS hashes to match	2026-10-06T10:20:58.2607395Z   Python3_ROOT_DIR: /opt/hostedtoolcache/Python/3.11.16/x64
compare-core-hashes	Require all three OS hashes to match	2026-10-06T10:20:58.2608094Z   LD_LIBRARY_PATH: /opt/hostedtoolcache/Python/3.11.16/x64/lib
compare-core-hashes	Require all three OS hashes to match	2026-10-06T10:20:58.2608600Z ##[endgroup]
compare-core-hashes	Require all three OS hashes to match	2026-10-06T10:20:58.3427016Z ubuntu-latest: 0dd81b8754bcc3f9
compare-core-hashes	Require all three OS hashes to match	2026-10-06T10:20:58.3428111Z windows-latest: 0dd81b8754bcc3f9
compare-core-hashes	Require all three OS hashes to match	2026-10-06T10:20:58.3428743Z macos-latest: 0dd81b8754bcc3f9
compare-core-hashes	Post Run actions/setup-python@5fda3b95a4ea91299a34e894583c3862153e4b97	﻿2026-10-06T10:20:58.3588935Z Post job cleanup.
compare-core-hashes	Post Run actions/checkout@3d3c42e5aac5ba805825da76410c181273ba90b1	﻿2026-10-06T10:20:58.4863358Z Post job cleanup.
compare-core-hashes	Post Run actions/checkout@3d3c42e5aac5ba805825da76410c181273ba90b1	2026-10-06T10:20:58.5712009Z [command]/usr/bin/git version
compare-core-hashes	Post Run actions/checkout@3d3c42e5aac5ba805825da76410c181273ba90b1	2026-10-06T10:20:58.5755544Z git version 2.55.0
compare-core-hashes	Post Run actions/checkout@3d3c42e5aac5ba805825da76410c181273ba90b1	2026-10-06T10:20:58.5791669Z Temporarily overriding HOME='/home/runner/work/_temp/44ed5b0a-3c6d-4cb5-90e7-b9c6f979ad95' before making global git config changes
compare-core-hashes	Post Run actions/checkout@3d3c42e5aac5ba805825da76410c181273ba90b1	2026-10-06T10:20:58.5792699Z Adding repository directory to the temporary git global config as a safe directory
compare-core-hashes	Post Run actions/checkout@3d3c42e5aac5ba805825da76410c181273ba90b1	2026-10-06T10:20:58.5797044Z [command]/usr/bin/git config --global --add safe.directory /home/runner/work/OpenHOI4/OpenHOI4
compare-core-hashes	Post Run actions/checkout@3d3c42e5aac5ba805825da76410c181273ba90b1	2026-10-06T10:20:58.5827203Z Removing SSH command configuration
compare-core-hashes	Post Run actions/checkout@3d3c42e5aac5ba805825da76410c181273ba90b1	2026-10-06T10:20:58.5833143Z [command]/usr/bin/git config --local --name-only --get-regexp core\.sshCommand
compare-core-hashes	Post Run actions/checkout@3d3c42e5aac5ba805825da76410c181273ba90b1	2026-10-06T10:20:58.5867501Z [command]/usr/bin/git submodule foreach --recursive sh -c "git config --local --name-only --get-regexp 'core\.sshCommand' && git config --local --unset-all 'core.sshCommand' || :"
compare-core-hashes	Post Run actions/checkout@3d3c42e5aac5ba805825da76410c181273ba90b1	2026-10-06T10:20:58.6093398Z Removing HTTP extra header
compare-core-hashes	Post Run actions/checkout@3d3c42e5aac5ba805825da76410c181273ba90b1	2026-10-06T10:20:58.6098427Z [command]/usr/bin/git config --local --name-only --get-regexp http\.https\:\/\/github\.com\/\.extraheader
compare-core-hashes	Post Run actions/checkout@3d3c42e5aac5ba805825da76410c181273ba90b1	2026-10-06T10:20:58.6132204Z [command]/usr/bin/git submodule foreach --recursive sh -c "git config --local --name-only --get-regexp 'http\.https\:\/\/github\.com\/\.extraheader' && git config --local --unset-all 'http.https://github.com/.extraheader' || :"
compare-core-hashes	Post Run actions/checkout@3d3c42e5aac5ba805825da76410c181273ba90b1	2026-10-06T10:20:58.6367261Z Removing includeIf entries pointing to credentials config files
compare-core-hashes	Post Run actions/checkout@3d3c42e5aac5ba805825da76410c181273ba90b1	2026-10-06T10:20:58.6368445Z [command]/usr/bin/git config --local --name-only --get-regexp ^includeIf\.gitdir:
compare-core-hashes	Post Run actions/checkout@3d3c42e5aac5ba805825da76410c181273ba90b1	2026-10-06T10:20:58.6395821Z includeif.gitdir:/home/runner/work/OpenHOI4/OpenHOI4/.git.path
compare-core-hashes	Post Run actions/checkout@3d3c42e5aac5ba805825da76410c181273ba90b1	2026-10-06T10:20:58.6397141Z includeif.gitdir:/home/runner/work/OpenHOI4/OpenHOI4/.git/worktrees/*.path
compare-core-hashes	Post Run actions/checkout@3d3c42e5aac5ba805825da76410c181273ba90b1	2026-10-06T10:20:58.6398311Z includeif.gitdir:/github/workspace/.git.path
compare-core-hashes	Post Run actions/checkout@3d3c42e5aac5ba805825da76410c181273ba90b1	2026-10-06T10:20:58.6399390Z includeif.gitdir:/github/workspace/.git/worktrees/*.path
compare-core-hashes	Post Run actions/checkout@3d3c42e5aac5ba805825da76410c181273ba90b1	2026-10-06T10:20:58.6406136Z [command]/usr/bin/git config --local --get-all includeif.gitdir:/home/runner/work/OpenHOI4/OpenHOI4/.git.path
compare-core-hashes	Post Run actions/checkout@3d3c42e5aac5ba805825da76410c181273ba90b1	2026-10-06T10:20:58.6431154Z /home/runner/work/_temp/git-credentials-d5c80263-a8ca-40c7-a6f1-2292a1bde0e7.config
compare-core-hashes	Post Run actions/checkout@3d3c42e5aac5ba805825da76410c181273ba90b1	2026-10-06T10:20:58.6443813Z [command]/usr/bin/git config --local --unset includeif.gitdir:/home/runner/work/OpenHOI4/OpenHOI4/.git.path \/home\/runner\/work\/_temp\/git\-credentials\-d5c80263\-a8ca\-40c7\-a6f1\-2292a1bde0e7\.config
compare-core-hashes	Post Run actions/checkout@3d3c42e5aac5ba805825da76410c181273ba90b1	2026-10-06T10:20:58.6482713Z [command]/usr/bin/git config --local --get-all includeif.gitdir:/home/runner/work/OpenHOI4/OpenHOI4/.git/worktrees/*.path
compare-core-hashes	Post Run actions/checkout@3d3c42e5aac5ba805825da76410c181273ba90b1	2026-10-06T10:20:58.6507130Z /home/runner/work/_temp/git-credentials-d5c80263-a8ca-40c7-a6f1-2292a1bde0e7.config
compare-core-hashes	Post Run actions/checkout@3d3c42e5aac5ba805825da76410c181273ba90b1	2026-10-06T10:20:58.6517948Z [command]/usr/bin/git config --local --unset includeif.gitdir:/home/runner/work/OpenHOI4/OpenHOI4/.git/worktrees/*.path \/home\/runner\/work\/_temp\/git\-credentials\-d5c80263\-a8ca\-40c7\-a6f1\-2292a1bde0e7\.config
compare-core-hashes	Post Run actions/checkout@3d3c42e5aac5ba805825da76410c181273ba90b1	2026-10-06T10:20:58.6564787Z [command]/usr/bin/git config --local --get-all includeif.gitdir:/github/workspace/.git.path
compare-core-hashes	Post Run actions/checkout@3d3c42e5aac5ba805825da76410c181273ba90b1	2026-10-06T10:20:58.6589518Z /github/runner_temp/git-credentials-d5c80263-a8ca-40c7-a6f1-2292a1bde0e7.config
compare-core-hashes	Post Run actions/checkout@3d3c42e5aac5ba805825da76410c181273ba90b1	2026-10-06T10:20:58.6598886Z [command]/usr/bin/git config --local --unset includeif.gitdir:/github/workspace/.git.path \/github\/runner_temp\/git\-credentials\-d5c80263\-a8ca\-40c7\-a6f1\-2292a1bde0e7\.config
compare-core-hashes	Post Run actions/checkout@3d3c42e5aac5ba805825da76410c181273ba90b1	2026-10-06T10:20:58.6634274Z [command]/usr/bin/git config --local --get-all includeif.gitdir:/github/workspace/.git/worktrees/*.path
compare-core-hashes	Post Run actions/checkout@3d3c42e5aac5ba805825da76410c181273ba90b1	2026-10-06T10:20:58.6656835Z /github/runner_temp/git-credentials-d5c80263-a8ca-40c7-a6f1-2292a1bde0e7.config
compare-core-hashes	Post Run actions/checkout@3d3c42e5aac5ba805825da76410c181273ba90b1	2026-10-06T10:20:58.6664625Z [command]/usr/bin/git config --local --unset includeif.gitdir:/github/workspace/.git/worktrees/*.path \/github\/runner_temp\/git\-credentials\-d5c80263\-a8ca\-40c7\-a6f1\-2292a1bde0e7\.config
compare-core-hashes	Post Run actions/checkout@3d3c42e5aac5ba805825da76410c181273ba90b1	2026-10-06T10:20:58.6715317Z [command]/usr/bin/git submodule foreach --recursive git config --local --show-origin --name-only --get-regexp remote.origin.url
compare-core-hashes	Post Run actions/checkout@3d3c42e5aac5ba805825da76410c181273ba90b1	2026-10-06T10:20:58.6924462Z Removing credentials config '/home/runner/work/_temp/git-credentials-d5c80263-a8ca-40c7-a6f1-2292a1bde0e7.config'
compare-core-hashes	Complete job	﻿2026-10-06T10:20:58.7070382Z Cleaning up orphan processes
