client	Set up job	﻿2026-10-06T16:38:05.3477593Z Current runner version: '2.337.0'
client	Set up job	2026-10-06T16:38:05.3503495Z ##[group]Runner Image Provisioner
client	Set up job	2026-10-06T16:38:05.3504908Z Hosted Compute Agent
client	Set up job	2026-10-06T16:38:05.3505634Z Version: 20260901.588
client	Set up job	2026-10-06T16:38:05.3506410Z Commit: f88ec8081b781fac6c440065ac7ff9e710ce3d0b
client	Set up job	2026-10-06T16:38:05.3507440Z Build Date: 2026-09-01T19:56:44Z
client	Set up job	2026-10-06T16:38:05.3508242Z Worker ID: {3c3166be-6d4e-44af-85a2-eb96dd2b2b95}
client	Set up job	2026-10-06T16:38:05.3509137Z Azure Region: eastus
client	Set up job	2026-10-06T16:38:05.3509639Z ##[endgroup]
client	Set up job	2026-10-06T16:38:05.3510842Z ##[group]Operating System
client	Set up job	2026-10-06T16:38:05.3511461Z Ubuntu
client	Set up job	2026-10-06T16:38:05.3511947Z 24.04.5
client	Set up job	2026-10-06T16:38:05.3512440Z LTS
client	Set up job	2026-10-06T16:38:05.3512909Z ##[endgroup]
client	Set up job	2026-10-06T16:38:05.3513382Z ##[group]Runner Image
client	Set up job	2026-10-06T16:38:05.3513981Z Image: ubuntu-24.04
client	Set up job	2026-10-06T16:38:05.3514507Z Version: 20260927.320.1
client	Set up job	2026-10-06T16:38:05.3515434Z Included Software: https://github.com/actions/runner-images/blob/ubuntu24/20260927.320/images/ubuntu/Ubuntu2404-Readme.md
client	Set up job	2026-10-06T16:38:05.3516938Z Image Release: https://github.com/actions/runner-images/releases/tag/ubuntu24%2F20260927.320
client	Set up job	2026-10-06T16:38:05.3517878Z ##[endgroup]
client	Set up job	2026-10-06T16:38:05.3519132Z ##[group]GITHUB_TOKEN Permissions
client	Set up job	2026-10-06T16:38:05.3521097Z Contents: read
client	Set up job	2026-10-06T16:38:05.3521636Z Metadata: read
client	Set up job	2026-10-06T16:38:05.3522176Z ##[endgroup]
client	Set up job	2026-10-06T16:38:05.3524026Z Secret source: Actions
client	Set up job	2026-10-06T16:38:05.3524922Z Cache mode: write
client	Set up job	2026-10-06T16:38:05.3525546Z Prepare workflow directory
client	Set up job	2026-10-06T16:38:05.3891585Z Prepare all required actions
client	Set up job	2026-10-06T16:38:05.3945604Z Getting action download info
client	Set up job	2026-10-06T16:38:05.6300540Z Download action repository 'actions/checkout@v7.0.1' (SHA:3d3c42e5aac5ba805825da76410c181273ba90b1)
client	Set up job	2026-10-06T16:38:05.7670899Z Download action repository 'actions/setup-node@v7.0.0' (SHA:820762786026740c76f36085b0efc47a31fe5020)
client	Set up job	2026-10-06T16:38:05.9063569Z Download action repository 'actions/upload-artifact@043fb46d1a93c77aae656e7c1c64a875d1fc6a0a' (SHA:043fb46d1a93c77aae656e7c1c64a875d1fc6a0a)
client	Set up job	2026-10-06T16:38:06.1609289Z Complete job name: client
client	Run actions/checkout@v7.0.1	﻿2026-10-06T16:38:06.2264536Z ##[group]Run actions/checkout@v7.0.1
client	Run actions/checkout@v7.0.1	2026-10-06T16:38:06.2265288Z with:
client	Run actions/checkout@v7.0.1	2026-10-06T16:38:06.2265674Z   repository: peppone-choi/OpenHOI4
client	Run actions/checkout@v7.0.1	2026-10-06T16:38:06.2268943Z   token: ***
client	Run actions/checkout@v7.0.1	2026-10-06T16:38:06.2269355Z   ssh-strict: true
client	Run actions/checkout@v7.0.1	2026-10-06T16:38:06.2269729Z   ssh-user: git
client	Run actions/checkout@v7.0.1	2026-10-06T16:38:06.2270102Z   persist-credentials: true
client	Run actions/checkout@v7.0.1	2026-10-06T16:38:06.2270506Z   clean: true
client	Run actions/checkout@v7.0.1	2026-10-06T16:38:06.2270882Z   sparse-checkout-cone-mode: true
client	Run actions/checkout@v7.0.1	2026-10-06T16:38:06.2271334Z   fetch-depth: 1
client	Run actions/checkout@v7.0.1	2026-10-06T16:38:06.2271696Z   fetch-tags: false
client	Run actions/checkout@v7.0.1	2026-10-06T16:38:06.2272084Z   show-progress: true
client	Run actions/checkout@v7.0.1	2026-10-06T16:38:06.2272468Z   lfs: false
client	Run actions/checkout@v7.0.1	2026-10-06T16:38:06.2272813Z   submodules: false
client	Run actions/checkout@v7.0.1	2026-10-06T16:38:06.2273189Z   set-safe-directory: true
client	Run actions/checkout@v7.0.1	2026-10-06T16:38:06.2273609Z   allow-unsafe-pr-checkout: false
client	Run actions/checkout@v7.0.1	2026-10-06T16:38:06.2274209Z ##[endgroup]
client	Run actions/checkout@v7.0.1	2026-10-06T16:38:06.3120370Z Syncing repository: peppone-choi/OpenHOI4
client	Run actions/checkout@v7.0.1	2026-10-06T16:38:06.3122084Z ##[group]Getting Git version info
client	Run actions/checkout@v7.0.1	2026-10-06T16:38:06.3122685Z Working directory is '/home/runner/work/OpenHOI4/OpenHOI4'
client	Run actions/checkout@v7.0.1	2026-10-06T16:38:06.3123612Z [command]/usr/bin/git version
client	Run actions/checkout@v7.0.1	2026-10-06T16:38:06.3165149Z git version 2.55.0
client	Run actions/checkout@v7.0.1	2026-10-06T16:38:06.3180084Z ##[endgroup]
client	Run actions/checkout@v7.0.1	2026-10-06T16:38:06.3188763Z Temporarily overriding HOME='/home/runner/work/_temp/25427b5e-4e75-42a5-b537-96dc9498f416' before making global git config changes
client	Run actions/checkout@v7.0.1	2026-10-06T16:38:06.3190611Z Adding repository directory to the temporary git global config as a safe directory
client	Run actions/checkout@v7.0.1	2026-10-06T16:38:06.3193528Z [command]/usr/bin/git config --global --add safe.directory /home/runner/work/OpenHOI4/OpenHOI4
client	Run actions/checkout@v7.0.1	2026-10-06T16:38:06.3229964Z Deleting the contents of '/home/runner/work/OpenHOI4/OpenHOI4'
client	Run actions/checkout@v7.0.1	2026-10-06T16:38:06.3233135Z ##[group]Determining repository object format
client	Run actions/checkout@v7.0.1	2026-10-06T16:38:06.3234797Z ##[endgroup]
client	Run actions/checkout@v7.0.1	2026-10-06T16:38:06.3235638Z ##[group]Initializing the repository
client	Run actions/checkout@v7.0.1	2026-10-06T16:38:06.3238516Z [command]/usr/bin/git init /home/runner/work/OpenHOI4/OpenHOI4
client	Run actions/checkout@v7.0.1	2026-10-06T16:38:06.3328141Z hint: Using 'master' as the name for the initial branch. This default branch name
client	Run actions/checkout@v7.0.1	2026-10-06T16:38:06.3329451Z hint: will change to "main" in Git 3.0. To configure the initial branch name
client	Run actions/checkout@v7.0.1	2026-10-06T16:38:06.3330431Z hint: to use in all of your new repositories, which will suppress this warning,
client	Run actions/checkout@v7.0.1	2026-10-06T16:38:06.3331052Z hint: call:
client	Run actions/checkout@v7.0.1	2026-10-06T16:38:06.3331425Z hint:
client	Run actions/checkout@v7.0.1	2026-10-06T16:38:06.3332086Z hint: 	git config --global init.defaultBranch <name>
client	Run actions/checkout@v7.0.1	2026-10-06T16:38:06.3332884Z hint:
client	Run actions/checkout@v7.0.1	2026-10-06T16:38:06.3333500Z hint: Names commonly chosen instead of 'master' are 'main', 'trunk' and
client	Run actions/checkout@v7.0.1	2026-10-06T16:38:06.3334266Z hint: 'development'. The just-created branch can be renamed via this command:
client	Run actions/checkout@v7.0.1	2026-10-06T16:38:06.3334962Z hint:
client	Run actions/checkout@v7.0.1	2026-10-06T16:38:06.3335495Z hint: 	git branch -m <name>
client	Run actions/checkout@v7.0.1	2026-10-06T16:38:06.3335996Z hint:
client	Run actions/checkout@v7.0.1	2026-10-06T16:38:06.3336517Z hint: Disable this message with "git config set advice.defaultBranchName false"
client	Run actions/checkout@v7.0.1	2026-10-06T16:38:06.3337340Z Initialized empty Git repository in /home/runner/work/OpenHOI4/OpenHOI4/.git/
client	Run actions/checkout@v7.0.1	2026-10-06T16:38:06.3339367Z [command]/usr/bin/git remote add origin https://github.com/peppone-choi/OpenHOI4
client	Run actions/checkout@v7.0.1	2026-10-06T16:38:06.3386683Z ##[endgroup]
client	Run actions/checkout@v7.0.1	2026-10-06T16:38:06.3387346Z ##[group]Disabling automatic garbage collection
client	Run actions/checkout@v7.0.1	2026-10-06T16:38:06.3389665Z [command]/usr/bin/git config --local gc.auto 0
client	Run actions/checkout@v7.0.1	2026-10-06T16:38:06.3417058Z ##[endgroup]
client	Run actions/checkout@v7.0.1	2026-10-06T16:38:06.3417959Z ##[group]Setting up auth
client	Run actions/checkout@v7.0.1	2026-10-06T16:38:06.3418533Z Removing SSH command configuration
client	Run actions/checkout@v7.0.1	2026-10-06T16:38:06.3423372Z [command]/usr/bin/git config --local --name-only --get-regexp core\.sshCommand
client	Run actions/checkout@v7.0.1	2026-10-06T16:38:06.3458875Z [command]/usr/bin/git submodule foreach --recursive sh -c "git config --local --name-only --get-regexp 'core\.sshCommand' && git config --local --unset-all 'core.sshCommand' || :"
client	Run actions/checkout@v7.0.1	2026-10-06T16:38:06.3748512Z Removing HTTP extra header
client	Run actions/checkout@v7.0.1	2026-10-06T16:38:06.3753745Z [command]/usr/bin/git config --local --name-only --get-regexp http\.https\:\/\/github\.com\/\.extraheader
client	Run actions/checkout@v7.0.1	2026-10-06T16:38:06.3783059Z [command]/usr/bin/git submodule foreach --recursive sh -c "git config --local --name-only --get-regexp 'http\.https\:\/\/github\.com\/\.extraheader' && git config --local --unset-all 'http.https://github.com/.extraheader' || :"
client	Run actions/checkout@v7.0.1	2026-10-06T16:38:06.3994744Z Removing includeIf entries pointing to credentials config files
client	Run actions/checkout@v7.0.1	2026-10-06T16:38:06.3999322Z [command]/usr/bin/git config --local --name-only --get-regexp ^includeIf\.gitdir:
client	Run actions/checkout@v7.0.1	2026-10-06T16:38:06.4031707Z [command]/usr/bin/git submodule foreach --recursive git config --local --show-origin --name-only --get-regexp remote.origin.url
client	Run actions/checkout@v7.0.1	2026-10-06T16:38:06.4243772Z [command]/usr/bin/git config --file /home/runner/work/_temp/git-credentials-1fc6336e-d350-498b-aacb-dffee0359f89.config http.https://github.com/.extraheader AUTHORIZATION: basic ***
client	Run actions/checkout@v7.0.1	2026-10-06T16:38:06.4277157Z [command]/usr/bin/git config --local includeIf.gitdir:/home/runner/work/OpenHOI4/OpenHOI4/.git.path /home/runner/work/_temp/git-credentials-1fc6336e-d350-498b-aacb-dffee0359f89.config
client	Run actions/checkout@v7.0.1	2026-10-06T16:38:06.4304041Z [command]/usr/bin/git config --local includeIf.gitdir:/home/runner/work/OpenHOI4/OpenHOI4/.git/worktrees/*.path /home/runner/work/_temp/git-credentials-1fc6336e-d350-498b-aacb-dffee0359f89.config
client	Run actions/checkout@v7.0.1	2026-10-06T16:38:06.4335650Z [command]/usr/bin/git config --local includeIf.gitdir:/github/workspace/.git.path /github/runner_temp/git-credentials-1fc6336e-d350-498b-aacb-dffee0359f89.config
client	Run actions/checkout@v7.0.1	2026-10-06T16:38:06.4363981Z [command]/usr/bin/git config --local includeIf.gitdir:/github/workspace/.git/worktrees/*.path /github/runner_temp/git-credentials-1fc6336e-d350-498b-aacb-dffee0359f89.config
client	Run actions/checkout@v7.0.1	2026-10-06T16:38:06.4388986Z ##[endgroup]
client	Run actions/checkout@v7.0.1	2026-10-06T16:38:06.4389657Z ##[group]Fetching the repository
client	Run actions/checkout@v7.0.1	2026-10-06T16:38:06.4394425Z [command]/usr/bin/git -c protocol.version=2 fetch --no-tags --prune --no-recurse-submodules --depth=1 origin +62a89ae0c332483d0198ab3b3fc0fc3db1231c68:refs/remotes/origin/codex/wp08-map-rendering
client	Run actions/checkout@v7.0.1	2026-10-06T16:38:07.3889100Z From https://github.com/peppone-choi/OpenHOI4
client	Run actions/checkout@v7.0.1	2026-10-06T16:38:07.3891279Z  * [new ref]         62a89ae0c332483d0198ab3b3fc0fc3db1231c68 -> origin/codex/wp08-map-rendering
client	Run actions/checkout@v7.0.1	2026-10-06T16:38:07.3898037Z [command]/usr/bin/git branch --list --remote origin/codex/wp08-map-rendering
client	Run actions/checkout@v7.0.1	2026-10-06T16:38:07.3939646Z   origin/codex/wp08-map-rendering
client	Run actions/checkout@v7.0.1	2026-10-06T16:38:07.3941487Z [command]/usr/bin/git rev-parse refs/remotes/origin/codex/wp08-map-rendering
client	Run actions/checkout@v7.0.1	2026-10-06T16:38:07.3969554Z 62a89ae0c332483d0198ab3b3fc0fc3db1231c68
client	Run actions/checkout@v7.0.1	2026-10-06T16:38:07.3972340Z ##[endgroup]
client	Run actions/checkout@v7.0.1	2026-10-06T16:38:07.3973023Z ##[group]Determining the checkout info
client	Run actions/checkout@v7.0.1	2026-10-06T16:38:07.3973762Z ##[endgroup]
client	Run actions/checkout@v7.0.1	2026-10-06T16:38:07.3974276Z [command]/usr/bin/git sparse-checkout disable
client	Run actions/checkout@v7.0.1	2026-10-06T16:38:07.3997688Z [command]/usr/bin/git config --local --unset-all extensions.worktreeConfig
client	Run actions/checkout@v7.0.1	2026-10-06T16:38:07.4025212Z ##[group]Checking out the ref
client	Run actions/checkout@v7.0.1	2026-10-06T16:38:07.4029268Z [command]/usr/bin/git checkout --progress --force -B codex/wp08-map-rendering refs/remotes/origin/codex/wp08-map-rendering
client	Run actions/checkout@v7.0.1	2026-10-06T16:38:07.5505930Z Switched to a new branch 'codex/wp08-map-rendering'
client	Run actions/checkout@v7.0.1	2026-10-06T16:38:07.5507875Z branch 'codex/wp08-map-rendering' set up to track 'origin/codex/wp08-map-rendering'.
client	Run actions/checkout@v7.0.1	2026-10-06T16:38:07.5521278Z ##[endgroup]
client	Run actions/checkout@v7.0.1	2026-10-06T16:38:07.5560011Z [command]/usr/bin/git log -1 --format=%H
client	Run actions/checkout@v7.0.1	2026-10-06T16:38:07.5581028Z 62a89ae0c332483d0198ab3b3fc0fc3db1231c68
client	Run actions/setup-node@v7.0.0	﻿2026-10-06T16:38:07.5948313Z ##[group]Run actions/setup-node@v7.0.0
client	Run actions/setup-node@v7.0.0	2026-10-06T16:38:07.5949480Z with:
client	Run actions/setup-node@v7.0.0	2026-10-06T16:38:07.5950260Z   node-version: 24.4.0
client	Run actions/setup-node@v7.0.0	2026-10-06T16:38:07.5951096Z   cache: npm
client	Run actions/setup-node@v7.0.0	2026-10-06T16:38:07.5951996Z   cache-dependency-path: client/package-lock.json
client	Run actions/setup-node@v7.0.0	2026-10-06T16:38:07.5953108Z   check-latest: false
client	Run actions/setup-node@v7.0.0	2026-10-06T16:38:07.5959651Z   token: ***
client	Run actions/setup-node@v7.0.0	2026-10-06T16:38:07.5960503Z   package-manager-cache: true
client	Run actions/setup-node@v7.0.0	2026-10-06T16:38:07.5961414Z ##[endgroup]
client	Run actions/setup-node@v7.0.0	2026-10-06T16:38:07.7534271Z Attempting to download 24.4.0...
client	Run actions/setup-node@v7.0.0	2026-10-06T16:38:08.2711200Z Acquiring 24.4.0 - x64 from https://github.com/actions/node-versions/releases/download/24.4.0-16210503505/node-24.4.0-linux-x64.tar.gz
client	Run actions/setup-node@v7.0.0	2026-10-06T16:38:08.7241431Z Extracting ...
client	Run actions/setup-node@v7.0.0	2026-10-06T16:38:08.7331661Z [command]/usr/bin/tar xz --strip 1 --warning=no-unknown-keyword --overwrite -C /home/runner/work/_temp/786a102a-339d-467a-a719-7d5687aa903d -f /home/runner/work/_temp/f033c837-280c-494f-adf7-74179f849b43
client	Run actions/setup-node@v7.0.0	2026-10-06T16:38:09.8283711Z Adding to the cache ...
client	Run actions/setup-node@v7.0.0	2026-10-06T16:38:15.5754404Z ##[group]Environment details
client	Run actions/setup-node@v7.0.0	2026-10-06T16:38:15.7594244Z node: v24.4.0
client	Run actions/setup-node@v7.0.0	2026-10-06T16:38:15.7594875Z npm: 11.4.2
client	Run actions/setup-node@v7.0.0	2026-10-06T16:38:15.7595158Z yarn: 1.22.22
client	Run actions/setup-node@v7.0.0	2026-10-06T16:38:15.7595854Z ##[endgroup]
client	Run actions/setup-node@v7.0.0	2026-10-06T16:38:15.7610418Z [command]/opt/hostedtoolcache/node/24.4.0/x64/bin/npm config get cache
client	Run actions/setup-node@v7.0.0	2026-10-06T16:38:15.9426180Z /home/runner/.npm
client	Run actions/setup-node@v7.0.0	2026-10-06T16:38:16.0549634Z Cache hit for: node-cache-Linux-x64-npm-c8fd7c5457bbb41b9b9c1b633e6d2a905ffea2ff30eea1c47886e6fc189580d2
client	Run actions/setup-node@v7.0.0	2026-10-06T16:38:16.3265583Z Received 50037050 of 50037050 (100.0%), 204.8 MBs/sec
client	Run actions/setup-node@v7.0.0	2026-10-06T16:38:16.3266554Z Cache Size: ~48 MB (50037050 B)
client	Run actions/setup-node@v7.0.0	2026-10-06T16:38:16.3319073Z [command]/usr/bin/tar -xf /home/runner/work/_temp/f51f51d1-73a8-41e2-be58-4ca2d4f03235/cache.tzst -P -C /home/runner/work/OpenHOI4/OpenHOI4 --use-compress-program unzstd
client	Run actions/setup-node@v7.0.0	2026-10-06T16:38:16.4364629Z Cache restored successfully
client	Run actions/setup-node@v7.0.0	2026-10-06T16:38:16.4402214Z Cache restored from key: node-cache-Linux-x64-npm-c8fd7c5457bbb41b9b9c1b633e6d2a905ffea2ff30eea1c47886e6fc189580d2
client	Install pinned Rust for protocol generation and real server	﻿2026-10-06T16:38:16.4593674Z ##[group]Run rustup toolchain install 1.99.0 --profile minimal
client	Install pinned Rust for protocol generation and real server	2026-10-06T16:38:16.4594162Z [36;1mrustup toolchain install 1.99.0 --profile minimal[0m
client	Install pinned Rust for protocol generation and real server	2026-10-06T16:38:16.4818046Z shell: /usr/bin/bash -e {0}
client	Install pinned Rust for protocol generation and real server	2026-10-06T16:38:16.4818322Z ##[endgroup]
client	Install pinned Rust for protocol generation and real server	2026-10-06T16:38:17.1002769Z info: syncing channel updates for 1.99.0-x86_64-unknown-linux-gnu
client	Install pinned Rust for protocol generation and real server	2026-10-06T16:38:17.4391201Z info: latest update on 2026-10-01 for version 1.99.0 (b940084d7 2026-09-28)
client	Install pinned Rust for protocol generation and real server	2026-10-06T16:38:17.4391809Z info: downloading 3 components
client	Install pinned Rust for protocol generation and real server	2026-10-06T16:38:24.4724450Z
client	Install pinned Rust for protocol generation and real server	2026-10-06T16:38:24.4785334Z   1.99.0-x86_64-unknown-linux-gnu installed - rustc 1.99.0 (b940084d7 2026-09-28)
client	Install pinned Rust for protocol generation and real server	2026-10-06T16:38:24.4785746Z
client	Run npm --prefix client ci	﻿2026-10-06T16:38:24.4860603Z ##[group]Run npm --prefix client ci
client	Run npm --prefix client ci	2026-10-06T16:38:24.4860917Z [36;1mnpm --prefix client ci[0m
client	Run npm --prefix client ci	2026-10-06T16:38:24.4920855Z shell: /usr/bin/bash -e {0}
client	Run npm --prefix client ci	2026-10-06T16:38:24.4921095Z ##[endgroup]
client	Run npm --prefix client ci	2026-10-06T16:38:25.9482409Z
client	Run npm --prefix client ci	2026-10-06T16:38:25.9483651Z added 103 packages, and audited 104 packages in 1s
client	Run npm --prefix client ci	2026-10-06T16:38:25.9484127Z
client	Run npm --prefix client ci	2026-10-06T16:38:25.9484350Z 22 packages are looking for funding
client	Run npm --prefix client ci	2026-10-06T16:38:25.9484739Z   run `npm fund` for details
client	Run npm --prefix client ci	2026-10-06T16:38:25.9490358Z
client	Run npm --prefix client ci	2026-10-06T16:38:25.9490685Z found 0 vulnerabilities
client	Regenerate protocol types and reject stale bindings	﻿2026-10-06T16:38:25.9980808Z ##[group]Run cargo run -p oh_proto --locked --example generate
client	Regenerate protocol types and reject stale bindings	2026-10-06T16:38:25.9981253Z [36;1mcargo run -p oh_proto --locked --example generate[0m
client	Regenerate protocol types and reject stale bindings	2026-10-06T16:38:25.9981565Z [36;1mgit diff --exit-code -- client/src/proto[0m
client	Regenerate protocol types and reject stale bindings	2026-10-06T16:38:26.0042917Z shell: /usr/bin/bash -e {0}
client	Regenerate protocol types and reject stale bindings	2026-10-06T16:38:26.0043184Z ##[endgroup]
client	Regenerate protocol types and reject stale bindings	2026-10-06T16:38:26.0588157Z info: syncing channel updates for 1.99.0-x86_64-unknown-linux-gnu
client	Regenerate protocol types and reject stale bindings	2026-10-06T16:38:26.1518994Z info: latest update on 2026-10-01 for version 1.99.0 (b940084d7 2026-09-28)
client	Regenerate protocol types and reject stale bindings	2026-10-06T16:38:26.1636006Z info: downloading 2 components
client	Regenerate protocol types and reject stale bindings	2026-10-06T16:38:26.7818560Z     Updating crates.io index
client	Regenerate protocol types and reject stale bindings	2026-10-06T16:38:26.9583542Z  Downloading crates ...
client	Regenerate protocol types and reject stale bindings	2026-10-06T16:38:26.9963006Z   Downloaded itoa v1.0.18
client	Regenerate protocol types and reject stale bindings	2026-10-06T16:38:27.0066191Z   Downloaded az v1.3.0
client	Regenerate protocol types and reject stale bindings	2026-10-06T16:38:27.0080854Z   Downloaded adler2 v2.0.1
client	Regenerate protocol types and reject stale bindings	2026-10-06T16:38:27.0090179Z   Downloaded autocfg v1.5.1
client	Regenerate protocol types and reject stale bindings	2026-10-06T16:38:27.0121732Z   Downloaded hashbrown v0.17.1
client	Regenerate protocol types and reject stale bindings	2026-10-06T16:38:27.0165459Z   Downloaded num-traits v0.2.19
client	Regenerate protocol types and reject stale bindings	2026-10-06T16:38:27.0186748Z   Downloaded ppv-lite86 v0.2.21
client	Regenerate protocol types and reject stale bindings	2026-10-06T16:38:27.0196483Z   Downloaded quote v1.0.47
client	Regenerate protocol types and reject stale bindings	2026-10-06T16:38:27.0217664Z   Downloaded bitflags v2.13.2
client	Regenerate protocol types and reject stale bindings	2026-10-06T16:38:27.0253734Z   Downloaded equivalent v1.0.2
client	Regenerate protocol types and reject stale bindings	2026-10-06T16:38:27.0261077Z   Downloaded ref-cast-impl v1.0.27
client	Regenerate protocol types and reject stale bindings	2026-10-06T16:38:27.0293853Z   Downloaded embedded-io v0.4.0
client	Regenerate protocol types and reject stale bindings	2026-10-06T16:38:27.0306915Z   Downloaded serde_derive_internals v0.30.0
client	Regenerate protocol types and reject stale bindings	2026-10-06T16:38:27.0319120Z   Downloaded cfg-if v1.0.5
client	Regenerate protocol types and reject stale bindings	2026-10-06T16:38:27.0355552Z   Downloaded serde_spanned v1.1.1
client	Regenerate protocol types and reject stale bindings	2026-10-06T16:38:27.0364486Z   Downloaded thiserror v2.0.21
client	Regenerate protocol types and reject stale bindings	2026-10-06T16:38:27.0417593Z   Downloaded thiserror-impl v2.0.21
client	Regenerate protocol types and reject stale bindings	2026-10-06T16:38:27.0429512Z   Downloaded crc32fast v1.5.2
client	Regenerate protocol types and reject stale bindings	2026-10-06T16:38:27.0446000Z   Downloaded embedded-io v0.6.1
client	Regenerate protocol types and reject stale bindings	2026-10-06T16:38:27.0455656Z   Downloaded cobs v0.3.0
client	Regenerate protocol types and reject stale bindings	2026-10-06T16:38:27.0466565Z   Downloaded rand_core v0.10.1
client	Regenerate protocol types and reject stale bindings	2026-10-06T16:38:27.0479614Z   Downloaded dyn-clone v1.0.20
client	Regenerate protocol types and reject stale bindings	2026-10-06T16:38:27.0492522Z   Downloaded ref-cast v1.0.27
client	Regenerate protocol types and reject stale bindings	2026-10-06T16:38:27.0516859Z   Downloaded fdeflate v0.3.7
client	Regenerate protocol types and reject stale bindings	2026-10-06T16:38:27.0529556Z   Downloaded rand_chacha v0.10.0
client	Regenerate protocol types and reject stale bindings	2026-10-06T16:38:27.0538808Z   Downloaded toml_datetime v1.1.1+spec-1.1.0
client	Regenerate protocol types and reject stale bindings	2026-10-06T16:38:27.0548799Z   Downloaded termcolor v1.4.1
client	Regenerate protocol types and reject stale bindings	2026-10-06T16:38:27.0560123Z   Downloaded unicode-ident v1.0.26
client	Regenerate protocol types and reject stale bindings	2026-10-06T16:38:27.0586154Z   Downloaded schemars_derive v1.2.2
client	Regenerate protocol types and reject stale bindings	2026-10-06T16:38:27.0601748Z   Downloaded simd-adler32 v0.3.10
client	Regenerate protocol types and reject stale bindings	2026-10-06T16:38:27.0616350Z   Downloaded toml_parser v1.1.3+spec-1.1.0
client	Regenerate protocol types and reject stale bindings	2026-10-06T16:38:27.0634749Z   Downloaded serde_core v1.0.229
client	Regenerate protocol types and reject stale bindings	2026-10-06T16:38:27.0656758Z   Downloaded toml_writer v1.1.2+spec-1.1.0
client	Regenerate protocol types and reject stale bindings	2026-10-06T16:38:27.0667469Z   Downloaded ts-rs-macros v12.0.1
client	Regenerate protocol types and reject stale bindings	2026-10-06T16:38:27.0681705Z   Downloaded semver v1.0.28
client	Regenerate protocol types and reject stale bindings	2026-10-06T16:38:27.0699533Z   Downloaded zmij v1.0.23
client	Regenerate protocol types and reject stale bindings	2026-10-06T16:38:27.0713308Z   Downloaded miniz_oxide v0.9.1
client	Regenerate protocol types and reject stale bindings	2026-10-06T16:38:27.0733000Z   Downloaded rmp v0.8.15
client	Regenerate protocol types and reject stale bindings	2026-10-06T16:38:27.0764448Z   Downloaded rmp-serde v1.3.1
client	Regenerate protocol types and reject stale bindings	2026-10-06T16:38:27.0778732Z   Downloaded toml v1.1.6+spec-1.1.0
client	Regenerate protocol types and reject stale bindings	2026-10-06T16:38:27.0812956Z   Downloaded postcard v1.1.3
client	Regenerate protocol types and reject stale bindings	2026-10-06T16:38:27.0831645Z   Downloaded proc-macro2 v1.0.107
client	Regenerate protocol types and reject stale bindings	2026-10-06T16:38:27.0854634Z   Downloaded serde_derive v1.0.229
client	Regenerate protocol types and reject stale bindings	2026-10-06T16:38:27.0878847Z   Downloaded ts-rs v12.0.1
client	Regenerate protocol types and reject stale bindings	2026-10-06T16:38:27.0926325Z   Downloaded half v2.7.1
client	Regenerate protocol types and reject stale bindings	2026-10-06T16:38:27.0947170Z   Downloaded flate2 v1.1.10
client	Regenerate protocol types and reject stale bindings	2026-10-06T16:38:27.0986018Z   Downloaded bytemuck v1.25.2
client	Regenerate protocol types and reject stale bindings	2026-10-06T16:38:27.1010966Z   Downloaded miniz_oxide v0.8.9
client	Regenerate protocol types and reject stale bindings	2026-10-06T16:38:27.1030223Z   Downloaded schemars v1.2.2
client	Regenerate protocol types and reject stale bindings	2026-10-06T16:38:27.1172875Z   Downloaded typenum v1.20.1
client	Regenerate protocol types and reject stale bindings	2026-10-06T16:38:27.1201426Z   Downloaded memchr v2.8.3
client	Regenerate protocol types and reject stale bindings	2026-10-06T16:38:27.1246237Z   Downloaded zerocopy-derive v0.8.60
client	Regenerate protocol types and reject stale bindings	2026-10-06T16:38:27.1349570Z   Downloaded indexmap v2.14.2
client	Regenerate protocol types and reject stale bindings	2026-10-06T16:38:27.1385018Z   Downloaded png v0.18.1
client	Regenerate protocol types and reject stale bindings	2026-10-06T16:38:27.1419370Z   Downloaded zerocopy v0.8.60
client	Regenerate protocol types and reject stale bindings	2026-10-06T16:38:27.1629142Z   Downloaded serde_json v1.0.151
client	Regenerate protocol types and reject stale bindings	2026-10-06T16:38:27.1696161Z   Downloaded winnow v1.0.4
client	Regenerate protocol types and reject stale bindings	2026-10-06T16:38:27.1776996Z   Downloaded zlib-rs v0.6.8
client	Regenerate protocol types and reject stale bindings	2026-10-06T16:38:27.1822770Z   Downloaded fixed v1.31.0
client	Regenerate protocol types and reject stale bindings	2026-10-06T16:38:27.1881139Z   Downloaded syn v3.0.6
client	Regenerate protocol types and reject stale bindings	2026-10-06T16:38:27.1970411Z   Downloaded syn v2.0.119
client	Regenerate protocol types and reject stale bindings	2026-10-06T16:38:27.2060323Z   Downloaded serde v1.0.229
client	Regenerate protocol types and reject stale bindings	2026-10-06T16:38:27.3017100Z    Compiling proc-macro2 v1.0.107
client	Regenerate protocol types and reject stale bindings	2026-10-06T16:38:27.3017671Z    Compiling unicode-ident v1.0.26
client	Regenerate protocol types and reject stale bindings	2026-10-06T16:38:27.3018042Z    Compiling quote v1.0.47
client	Regenerate protocol types and reject stale bindings	2026-10-06T16:38:27.3018539Z    Compiling serde_core v1.0.229
client	Regenerate protocol types and reject stale bindings	2026-10-06T16:38:27.3500444Z    Compiling serde v1.0.229
client	Regenerate protocol types and reject stale bindings	2026-10-06T16:38:27.6001054Z    Compiling zerocopy v0.8.60
client	Regenerate protocol types and reject stale bindings	2026-10-06T16:38:27.6270283Z    Compiling cfg-if v1.0.5
client	Regenerate protocol types and reject stale bindings	2026-10-06T16:38:27.6537128Z    Compiling thiserror v2.0.21
client	Regenerate protocol types and reject stale bindings	2026-10-06T16:38:27.7978209Z    Compiling simd-adler32 v0.3.10
client	Regenerate protocol types and reject stale bindings	2026-10-06T16:38:27.8354642Z    Compiling zmij v1.0.23
client	Regenerate protocol types and reject stale bindings	2026-10-06T16:38:27.9158880Z    Compiling crc32fast v1.5.2
client	Regenerate protocol types and reject stale bindings	2026-10-06T16:38:27.9409880Z    Compiling adler2 v2.0.1
client	Regenerate protocol types and reject stale bindings	2026-10-06T16:38:28.0709931Z    Compiling fixed v1.31.0
client	Regenerate protocol types and reject stale bindings	2026-10-06T16:38:28.1296292Z    Compiling syn v3.0.6
client	Regenerate protocol types and reject stale bindings	2026-10-06T16:38:28.1530707Z    Compiling syn v2.0.119
client	Regenerate protocol types and reject stale bindings	2026-10-06T16:38:28.1730001Z    Compiling autocfg v1.5.1
client	Regenerate protocol types and reject stale bindings	2026-10-06T16:38:28.4089966Z    Compiling ref-cast v1.0.27
client	Regenerate protocol types and reject stale bindings	2026-10-06T16:38:28.5325326Z    Compiling serde_json v1.0.151
client	Regenerate protocol types and reject stale bindings	2026-10-06T16:38:28.6244998Z    Compiling num-traits v0.2.19
client	Regenerate protocol types and reject stale bindings	2026-10-06T16:38:29.0440008Z    Compiling miniz_oxide v0.9.1
client	Regenerate protocol types and reject stale bindings	2026-10-06T16:38:29.4100514Z    Compiling serde_derive_internals v0.30.0
client	Regenerate protocol types and reject stale bindings	2026-10-06T16:38:29.5490037Z    Compiling itoa v1.0.18
client	Regenerate protocol types and reject stale bindings	2026-10-06T16:38:29.6490069Z    Compiling memchr v2.8.3
client	Regenerate protocol types and reject stale bindings	2026-10-06T16:38:30.0469810Z    Compiling serde_derive v1.0.229
client	Regenerate protocol types and reject stale bindings	2026-10-06T16:38:30.0683826Z    Compiling thiserror-impl v2.0.21
client	Regenerate protocol types and reject stale bindings	2026-10-06T16:38:30.1918827Z    Compiling ref-cast-impl v1.0.27
client	Regenerate protocol types and reject stale bindings	2026-10-06T16:38:30.4609869Z    Compiling winnow v1.0.4
client	Regenerate protocol types and reject stale bindings	2026-10-06T16:38:30.7285196Z    Compiling typenum v1.20.1
client	Regenerate protocol types and reject stale bindings	2026-10-06T16:38:30.9799944Z    Compiling cobs v0.3.0
client	Regenerate protocol types and reject stale bindings	2026-10-06T16:38:31.0713171Z    Compiling bytemuck v1.25.2
client	Regenerate protocol types and reject stale bindings	2026-10-06T16:38:31.2020273Z    Compiling rand_core v0.10.1
client	Regenerate protocol types and reject stale bindings	2026-10-06T16:38:31.2750110Z    Compiling az v1.3.0
client	Regenerate protocol types and reject stale bindings	2026-10-06T16:38:31.3300439Z    Compiling toml_parser v1.1.3+spec-1.1.0
client	Regenerate protocol types and reject stale bindings	2026-10-06T16:38:31.8493904Z    Compiling zerocopy-derive v0.8.60
client	Regenerate protocol types and reject stale bindings	2026-10-06T16:38:31.9289976Z    Compiling schemars_derive v1.2.2
client	Regenerate protocol types and reject stale bindings	2026-10-06T16:38:32.7580067Z    Compiling postcard v1.1.3
client	Regenerate protocol types and reject stale bindings	2026-10-06T16:38:32.9929959Z    Compiling toml_datetime v1.1.1+spec-1.1.0
client	Regenerate protocol types and reject stale bindings	2026-10-06T16:38:33.0640810Z    Compiling serde_spanned v1.1.1
client	Regenerate protocol types and reject stale bindings	2026-10-06T16:38:33.1158056Z    Compiling flate2 v1.1.10
client	Regenerate protocol types and reject stale bindings	2026-10-06T16:38:33.1834477Z    Compiling miniz_oxide v0.8.9
client	Regenerate protocol types and reject stale bindings	2026-10-06T16:38:33.2146722Z    Compiling fdeflate v0.3.7
client	Regenerate protocol types and reject stale bindings	2026-10-06T16:38:33.4561994Z    Compiling bitflags v2.13.2
client	Regenerate protocol types and reject stale bindings	2026-10-06T16:38:33.5557716Z    Compiling semver v1.0.28
client	Regenerate protocol types and reject stale bindings	2026-10-06T16:38:33.5656826Z    Compiling dyn-clone v1.0.20
client	Regenerate protocol types and reject stale bindings	2026-10-06T16:38:33.6219961Z    Compiling toml_writer v1.1.2+spec-1.1.0
client	Regenerate protocol types and reject stale bindings	2026-10-06T16:38:33.7200107Z    Compiling toml v1.1.6+spec-1.1.0
client	Regenerate protocol types and reject stale bindings	2026-10-06T16:38:33.7252916Z    Compiling schemars v1.2.2
client	Regenerate protocol types and reject stale bindings	2026-10-06T16:38:33.7730459Z    Compiling png v0.18.1
client	Regenerate protocol types and reject stale bindings	2026-10-06T16:38:35.0620227Z    Compiling termcolor v1.4.1
client	Regenerate protocol types and reject stale bindings	2026-10-06T16:38:35.2229960Z    Compiling rmp v0.8.15
client	Regenerate protocol types and reject stale bindings	2026-10-06T16:38:35.2430080Z    Compiling ts-rs-macros v12.0.1
client	Regenerate protocol types and reject stale bindings	2026-10-06T16:38:35.3504088Z    Compiling rmp-serde v1.3.1
client	Regenerate protocol types and reject stale bindings	2026-10-06T16:38:35.9363158Z    Compiling ts-rs v12.0.1
client	Regenerate protocol types and reject stale bindings	2026-10-06T16:38:36.2555986Z    Compiling half v2.7.1
client	Regenerate protocol types and reject stale bindings	2026-10-06T16:38:36.2556519Z    Compiling ppv-lite86 v0.2.21
client	Regenerate protocol types and reject stale bindings	2026-10-06T16:38:36.4224159Z    Compiling rand_chacha v0.10.0
client	Regenerate protocol types and reject stale bindings	2026-10-06T16:38:40.8382750Z    Compiling oh_core v0.1.0 (/home/runner/work/OpenHOI4/OpenHOI4/crates/oh_core)
client	Regenerate protocol types and reject stale bindings	2026-10-06T16:38:40.9330090Z    Compiling oh_data v0.1.0 (/home/runner/work/OpenHOI4/OpenHOI4/crates/oh_data)
client	Regenerate protocol types and reject stale bindings	2026-10-06T16:38:41.4198951Z    Compiling oh_sim v0.1.0 (/home/runner/work/OpenHOI4/OpenHOI4/crates/oh_sim)
client	Regenerate protocol types and reject stale bindings	2026-10-06T16:38:41.7660751Z    Compiling oh_proto v0.1.0 (/home/runner/work/OpenHOI4/OpenHOI4/crates/oh_proto)
client	Regenerate protocol types and reject stale bindings	2026-10-06T16:38:43.0616140Z     Finished `dev` profile [unoptimized + debuginfo] target(s) in 16.30s
client	Regenerate protocol types and reject stale bindings	2026-10-06T16:38:43.0830046Z      Running `target/debug/examples/generate`
client	Run npm --prefix client run typecheck	﻿2026-10-06T16:38:43.4038398Z ##[group]Run npm --prefix client run typecheck
client	Run npm --prefix client run typecheck	2026-10-06T16:38:43.4039007Z [36;1mnpm --prefix client run typecheck[0m
client	Run npm --prefix client run typecheck	2026-10-06T16:38:43.4100163Z shell: /usr/bin/bash -e {0}
client	Run npm --prefix client run typecheck	2026-10-06T16:38:43.4100412Z ##[endgroup]
client	Run npm --prefix client run typecheck	2026-10-06T16:38:43.4946064Z
client	Run npm --prefix client run typecheck	2026-10-06T16:38:43.4946518Z > openhoi-client@0.1.0 typecheck
client	Run npm --prefix client run typecheck	2026-10-06T16:38:43.4946923Z > tsc --noEmit
client	Run npm --prefix client run typecheck	2026-10-06T16:38:43.4947052Z
client	Run npm --prefix client test	﻿2026-10-06T16:38:43.9595618Z ##[group]Run npm --prefix client test
client	Run npm --prefix client test	2026-10-06T16:38:43.9596093Z [36;1mnpm --prefix client test[0m
client	Run npm --prefix client test	2026-10-06T16:38:43.9662883Z shell: /usr/bin/bash -e {0}
client	Run npm --prefix client test	2026-10-06T16:38:43.9663151Z ##[endgroup]
client	Run npm --prefix client test	2026-10-06T16:38:44.0494740Z
client	Run npm --prefix client test	2026-10-06T16:38:44.0495491Z > openhoi-client@0.1.0 pretest
client	Run npm --prefix client test	2026-10-06T16:38:44.0495919Z > cargo run -p oh_proto --example wire_fixtures
client	Run npm --prefix client test	2026-10-06T16:38:44.0496123Z
client	Run npm --prefix client test	2026-10-06T16:38:44.1175451Z    Compiling oh_proto v0.1.0 (/home/runner/work/OpenHOI4/OpenHOI4/crates/oh_proto)
client	Run npm --prefix client test	2026-10-06T16:38:44.3861321Z     Finished `dev` profile [unoptimized + debuginfo] target(s) in 0.30s
client	Run npm --prefix client test	2026-10-06T16:38:44.3907282Z      Running `/home/runner/work/OpenHOI4/OpenHOI4/target/debug/examples/wire_fixtures`
client	Run npm --prefix client test	2026-10-06T16:38:44.4000283Z
client	Run npm --prefix client test	2026-10-06T16:38:44.4001150Z > openhoi-client@0.1.0 test
client	Run npm --prefix client test	2026-10-06T16:38:44.4001661Z > vitest run
client	Run npm --prefix client test	2026-10-06T16:38:44.4001855Z
client	Run npm --prefix client test	2026-10-06T16:38:44.6204975Z
client	Run npm --prefix client test	2026-10-06T16:38:44.6209313Z [1m[30m[46m RUN [49m[39m[22m [36mv5.0.3 [39m[90m/home/runner/work/OpenHOI4/OpenHOI4/client[39m
client	Run npm --prefix client test	2026-10-06T16:38:44.6210008Z
client	Run npm --prefix client test	2026-10-06T16:38:44.9308147Z  [32m✓[39m src/i18n.test.tsx [2m([22m[2m3 tests[22m[2m)[22m[32m 37[2mms[22m[39m
client	Run npm --prefix client test	2026-10-06T16:38:44.9360179Z  [32m✓[39m src/networkValidation.test.ts [2m([22m[2m114 tests[22m[2m)[22m[32m 66[2mms[22m[39m
client	Run npm --prefix client test	2026-10-06T16:38:44.9888265Z  [32m✓[39m src/national.test.tsx [2m([22m[2m3 tests[22m[2m)[22m[32m 79[2mms[22m[39m
client	Run npm --prefix client test	2026-10-06T16:38:45.1216830Z  [32m✓[39m src/map/model.test.ts [2m([22m[2m4 tests[22m[2m)[22m[32m 11[2mms[22m[39m
client	Run npm --prefix client test	2026-10-06T16:38:45.1451476Z  [32m✓[39m src/network.test.ts [2m([22m[2m2 tests[22m[2m)[22m[32m 5[2mms[22m[39m
client	Run npm --prefix client test	2026-10-06T16:38:45.3979910Z  [32m✓[39m src/App.test.tsx [2m([22m[2m1 test[22m[2m)[22m[32m 20[2mms[22m[39m
client	Run npm --prefix client test	2026-10-06T16:38:45.5752464Z  [32m✓[39m src/localization.test.ts [2m([22m[2m3 tests[22m[2m)[22m[33m 503[2mms[22m[39m
client	Run npm --prefix client test	2026-10-06T16:38:45.5753486Z    [33m[2m✓[22m[39m REQ-LOC-02 font cmap contains actual ko catalog glyphs, all Hangul syllables and CJK examples[33m 497[2mms[22m[39m
client	Run npm --prefix client test	2026-10-06T16:38:45.5781204Z
client	Run npm --prefix client test	2026-10-06T16:38:45.5785034Z [2m Test Files [22m [1m[32m7 passed[39m[22m[90m (7)[39m
client	Run npm --prefix client test	2026-10-06T16:38:45.5786222Z [2m      Tests [22m [1m[32m130 passed[39m[22m[90m (130)[39m
client	Run npm --prefix client test	2026-10-06T16:38:45.5786837Z [2m   Start at [22m 16:38:44
client	Run npm --prefix client test	2026-10-06T16:38:45.5790053Z [2m   Duration [22m 952ms[2m (tests 54%, import 24%, transform 19%, worker 2%)[22m
client	Run npm --prefix client test	2026-10-06T16:38:45.5802011Z
client	Run npm --prefix client run build	﻿2026-10-06T16:38:45.6020944Z ##[group]Run npm --prefix client run build
client	Run npm --prefix client run build	2026-10-06T16:38:45.6021278Z [36;1mnpm --prefix client run build[0m
client	Run npm --prefix client run build	2026-10-06T16:38:45.6079206Z shell: /usr/bin/bash -e {0}
client	Run npm --prefix client run build	2026-10-06T16:38:45.6079448Z ##[endgroup]
client	Run npm --prefix client run build	2026-10-06T16:38:45.6897122Z
client	Run npm --prefix client run build	2026-10-06T16:38:45.6897861Z > openhoi-client@0.1.0 build
client	Run npm --prefix client run build	2026-10-06T16:38:45.6898333Z > tsc --noEmit && vite build
client	Run npm --prefix client run build	2026-10-06T16:38:45.6898549Z
client	Run npm --prefix client run build	2026-10-06T16:38:46.2831415Z [36mvite v8.3.3 [32mbuilding client environment for production...[36m[39m
client	Run npm --prefix client run build	2026-10-06T16:38:46.2909182Z transforming...
client	Run npm --prefix client run build	2026-10-06T16:38:46.4722683Z ✓ 55 modules transformed.
client	Run npm --prefix client run build	2026-10-06T16:38:46.5426857Z rendering chunks...
client	Run npm --prefix client run build	2026-10-06T16:38:46.7054190Z computing gzip size...
client	Run npm --prefix client run build	2026-10-06T16:38:46.7256192Z dist/index.html                     0.36 kB │ gzip:   0.25 kB
client	Run npm --prefix client run build	2026-10-06T16:38:46.7257223Z dist/assets/index-B9cOsW2B.css      4.39 kB │ gzip:   1.57 kB
client	Run npm --prefix client run build	2026-10-06T16:38:46.7258030Z dist/assets/index-DtlFQFqO.js   1,169.49 kB │ gzip: 330.82 kB
client	Run npm --prefix client run build	2026-10-06T16:38:46.7258479Z
client	Run npm --prefix client run build	2026-10-06T16:38:46.7260069Z [32m✓ built in 442ms[39m
client	Run npm --prefix client run build	2026-10-06T16:38:46.7267769Z [33m[plugin builtin:vite-reporter]
client	Run npm --prefix client run build	2026-10-06T16:38:46.7268511Z (!) Some chunks are larger than 500 kB after minification. Consider:
client	Run npm --prefix client run build	2026-10-06T16:38:46.7269458Z - Using dynamic import() to code-split the application
client	Run npm --prefix client run build	2026-10-06T16:38:46.7270602Z - Use build.rolldownOptions.output.codeSplitting to improve chunking: https://rolldown.rs/reference/OutputOptions.codeSplitting
client	Run npm --prefix client run build	2026-10-06T16:38:46.7271764Z - Adjust chunk size limit for this warning via build.chunkSizeWarningLimit.[39m
client	Run cargo build -p oh_server --locked	﻿2026-10-06T16:38:46.7520179Z ##[group]Run cargo build -p oh_server --locked
client	Run cargo build -p oh_server --locked	2026-10-06T16:38:46.7520532Z [36;1mcargo build -p oh_server --locked[0m
client	Run cargo build -p oh_server --locked	2026-10-06T16:38:46.7580524Z shell: /usr/bin/bash -e {0}
client	Run cargo build -p oh_server --locked	2026-10-06T16:38:46.7580778Z ##[endgroup]
client	Run cargo build -p oh_server --locked	2026-10-06T16:38:46.8109724Z  Downloading crates ...
client	Run cargo build -p oh_server --locked	2026-10-06T16:38:46.8583608Z   Downloaded atomic-waker v1.1.2
client	Run cargo build -p oh_server --locked	2026-10-06T16:38:46.8616540Z   Downloaded futures-sink v0.3.34
client	Run cargo build -p oh_server --locked	2026-10-06T16:38:46.8623532Z   Downloaded axum-core v0.5.6
client	Run cargo build -p oh_server --locked	2026-10-06T16:38:46.8641500Z   Downloaded base64 v0.22.1
client	Run cargo build -p oh_server --locked	2026-10-06T16:38:46.8672564Z   Downloaded block-buffer v0.10.4
client	Run cargo build -p oh_server --locked	2026-10-06T16:38:46.8680946Z   Downloaded tungstenite v0.29.0
client	Run cargo build -p oh_server --locked	2026-10-06T16:38:46.8710172Z   Downloaded tower-layer v0.3.3
client	Run cargo build -p oh_server --locked	2026-10-06T16:38:46.8718135Z   Downloaded serde_urlencoded v0.7.1
client	Run cargo build -p oh_server --locked	2026-10-06T16:38:46.8731660Z   Downloaded tokio-tungstenite v0.29.0
client	Run cargo build -p oh_server --locked	2026-10-06T16:38:46.8748498Z   Downloaded tower-service v0.3.3
client	Run cargo build -p oh_server --locked	2026-10-06T16:38:46.8755336Z   Downloaded pin-project-lite v0.2.17
client	Run cargo build -p oh_server --locked	2026-10-06T16:38:46.8806688Z   Downloaded ryu v1.0.23
client	Run cargo build -p oh_server --locked	2026-10-06T16:38:46.8833801Z   Downloaded slab v0.4.12
client	Run cargo build -p oh_server --locked	2026-10-06T16:38:46.8844096Z   Downloaded httpdate v1.0.3
client	Run cargo build -p oh_server --locked	2026-10-06T16:38:46.8853676Z   Downloaded mio v1.2.4
client	Run cargo build -p oh_server --locked	2026-10-06T16:38:46.8904311Z   Downloaded percent-encoding v2.3.2
client	Run cargo build -p oh_server --locked	2026-10-06T16:38:46.8911273Z   Downloaded rand_core v0.9.5
client	Run cargo build -p oh_server --locked	2026-10-06T16:38:46.8921845Z   Downloaded log v0.4.34
client	Run cargo build -p oh_server --locked	2026-10-06T16:38:46.8942425Z   Downloaded smallvec v1.16.2
client	Run cargo build -p oh_server --locked	2026-10-06T16:38:46.8953571Z   Downloaded sync_wrapper v1.0.2
client	Run cargo build -p oh_server --locked	2026-10-06T16:38:46.8960200Z   Downloaded version_check v0.9.5
client	Run cargo build -p oh_server --locked	2026-10-06T16:38:46.8970208Z   Downloaded serde_path_to_error v0.1.20
client	Run cargo build -p oh_server --locked	2026-10-06T16:38:46.8983043Z   Downloaded http-body v1.1.0
client	Run cargo build -p oh_server --locked	2026-10-06T16:38:46.8991317Z   Downloaded sha1 v0.10.7
client	Run cargo build -p oh_server --locked	2026-10-06T16:38:46.9003631Z   Downloaded signal-hook-registry v1.4.8
client	Run cargo build -p oh_server --locked	2026-10-06T16:38:46.9013242Z   Downloaded errno v0.3.14
client	Run cargo build -p oh_server --locked	2026-10-06T16:38:46.9027134Z   Downloaded rand_chacha v0.9.0
client	Run cargo build -p oh_server --locked	2026-10-06T16:38:46.9036516Z   Downloaded socket2 v0.6.5
client	Run cargo build -p oh_server --locked	2026-10-06T16:38:46.9051301Z   Downloaded data-encoding v2.11.1
client	Run cargo build -p oh_server --locked	2026-10-06T16:38:46.9059639Z   Downloaded cpufeatures v0.2.17
client	Run cargo build -p oh_server --locked	2026-10-06T16:38:46.9070482Z   Downloaded crypto-common v0.1.7
client	Run cargo build -p oh_server --locked	2026-10-06T16:38:46.9077743Z   Downloaded digest v0.10.7
client	Run cargo build -p oh_server --locked	2026-10-06T16:38:46.9092243Z   Downloaded futures-task v0.3.34
client	Run cargo build -p oh_server --locked	2026-10-06T16:38:46.9101809Z   Downloaded mime v0.3.17
client	Run cargo build -p oh_server --locked	2026-10-06T16:38:46.9112200Z   Downloaded http-body-util v0.1.5
client	Run cargo build -p oh_server --locked	2026-10-06T16:38:46.9127442Z   Downloaded tokio-macros v2.7.2
client	Run cargo build -p oh_server --locked	2026-10-06T16:38:46.9135942Z   Downloaded futures-channel v0.3.34
client	Run cargo build -p oh_server --locked	2026-10-06T16:38:46.9150957Z   Downloaded matchit v0.8.4
client	Run cargo build -p oh_server --locked	2026-10-06T16:38:46.9167923Z   Downloaded getrandom v0.3.4
client	Run cargo build -p oh_server --locked	2026-10-06T16:38:46.9195612Z   Downloaded httparse v1.10.1
client	Run cargo build -p oh_server --locked	2026-10-06T16:38:46.9215730Z   Downloaded hyper v1.11.1
client	Run cargo build -p oh_server --locked	2026-10-06T16:38:46.9272983Z   Downloaded generic-array v0.14.7
client	Run cargo build -p oh_server --locked	2026-10-06T16:38:46.9284292Z   Downloaded bytes v1.12.1
client	Run cargo build -p oh_server --locked	2026-10-06T16:38:46.9312582Z   Downloaded rand v0.9.5
client	Run cargo build -p oh_server --locked	2026-10-06T16:38:46.9344816Z   Downloaded http v1.5.0
client	Run cargo build -p oh_server --locked	2026-10-06T16:38:46.9374204Z   Downloaded form_urlencoded v1.2.2
client	Run cargo build -p oh_server --locked	2026-10-06T16:38:46.9380494Z   Downloaded tower v0.5.3
client	Run cargo build -p oh_server --locked	2026-10-06T16:38:46.9461224Z   Downloaded axum v0.8.9
client	Run cargo build -p oh_server --locked	2026-10-06T16:38:46.9526653Z   Downloaded futures-util v0.3.34
client	Run cargo build -p oh_server --locked	2026-10-06T16:38:46.9635390Z   Downloaded hyper-util v0.1.21
client	Run cargo build -p oh_server --locked	2026-10-06T16:38:46.9688550Z   Downloaded futures-core v0.3.34
client	Run cargo build -p oh_server --locked	2026-10-06T16:38:46.9699706Z   Downloaded tokio v1.53.2
client	Run cargo build -p oh_server --locked	2026-10-06T16:38:47.0066811Z   Downloaded libc v0.2.190
client	Run cargo build -p oh_server --locked	2026-10-06T16:38:47.2438103Z    Compiling serde_core v1.0.229
client	Run cargo build -p oh_server --locked	2026-10-06T16:38:47.2438731Z    Compiling libc v0.2.190
client	Run cargo build -p oh_server --locked	2026-10-06T16:38:47.2449333Z    Compiling syn v3.0.6
client	Run cargo build -p oh_server --locked	2026-10-06T16:38:47.2450056Z    Compiling ppv-lite86 v0.2.21
client	Run cargo build -p oh_server --locked	2026-10-06T16:38:47.4815439Z    Compiling bytes v1.12.1
client	Run cargo build -p oh_server --locked	2026-10-06T16:38:47.9782870Z    Compiling version_check v0.9.5
client	Run cargo build -p oh_server --locked	2026-10-06T16:38:48.1460087Z    Compiling generic-array v0.14.7
client	Run cargo build -p oh_server --locked	2026-10-06T16:38:48.2209992Z    Compiling futures-core v0.3.34
client	Run cargo build -p oh_server --locked	2026-10-06T16:38:48.2779981Z    Compiling pin-project-lite v0.2.17
client	Run cargo build -p oh_server --locked	2026-10-06T16:38:48.3079897Z    Compiling serde_json v1.0.151
client	Run cargo build -p oh_server --locked	2026-10-06T16:38:48.3937854Z    Compiling http v1.5.0
client	Run cargo build -p oh_server --locked	2026-10-06T16:38:48.3962523Z    Compiling getrandom v0.3.4
client	Run cargo build -p oh_server --locked	2026-10-06T16:38:48.5410272Z    Compiling memchr v2.8.3
client	Run cargo build -p oh_server --locked	2026-10-06T16:38:49.1040060Z    Compiling serde_derive_internals v0.30.0
client	Run cargo build -p oh_server --locked	2026-10-06T16:38:49.7360330Z    Compiling errno v0.3.14
client	Run cargo build -p oh_server --locked	2026-10-06T16:38:49.8000106Z    Compiling httparse v1.10.1
client	Run cargo build -p oh_server --locked	2026-10-06T16:38:49.8090186Z    Compiling rand_chacha v0.10.0
client	Run cargo build -p oh_server --locked	2026-10-06T16:38:49.9542562Z    Compiling signal-hook-registry v1.4.8
client	Run cargo build -p oh_server --locked	2026-10-06T16:38:50.0890145Z    Compiling serde_spanned v1.1.1
client	Run cargo build -p oh_server --locked	2026-10-06T16:38:50.1414906Z    Compiling toml_datetime v1.1.1+spec-1.1.0
client	Run cargo build -p oh_server --locked	2026-10-06T16:38:50.1461004Z    Compiling mio v1.2.4
client	Run cargo build -p oh_server --locked	2026-10-06T16:38:50.2830713Z    Compiling thiserror-impl v2.0.21
client	Run cargo build -p oh_server --locked	2026-10-06T16:38:50.3354542Z    Compiling serde_derive v1.0.229
client	Run cargo build -p oh_server --locked	2026-10-06T16:38:50.3788744Z    Compiling ref-cast-impl v1.0.27
client	Run cargo build -p oh_server --locked	2026-10-06T16:38:50.5332193Z    Compiling tokio-macros v2.7.2
client	Run cargo build -p oh_server --locked	2026-10-06T16:38:50.6569976Z    Compiling ref-cast v1.0.27
client	Run cargo build -p oh_server --locked	2026-10-06T16:38:50.6839847Z    Compiling schemars_derive v1.2.2
client	Run cargo build -p oh_server --locked	2026-10-06T16:38:50.9655615Z    Compiling socket2 v0.6.5
client	Run cargo build -p oh_server --locked	2026-10-06T16:38:51.1477034Z    Compiling thiserror v2.0.21
client	Run cargo build -p oh_server --locked	2026-10-06T16:38:51.1829772Z    Compiling cobs v0.3.0
client	Run cargo build -p oh_server --locked	2026-10-06T16:38:51.2781637Z    Compiling toml v1.1.6+spec-1.1.0
client	Run cargo build -p oh_server --locked	2026-10-06T16:38:51.3861178Z    Compiling tokio v1.53.2
client	Run cargo build -p oh_server --locked	2026-10-06T16:38:51.8569919Z    Compiling rand_core v0.9.5
client	Run cargo build -p oh_server --locked	2026-10-06T16:38:52.1689850Z    Compiling block-buffer v0.10.4
client	Run cargo build -p oh_server --locked	2026-10-06T16:38:52.2270132Z    Compiling crypto-common v0.1.7
client	Run cargo build -p oh_server --locked	2026-10-06T16:38:52.2680069Z    Compiling http-body v1.1.0
client	Run cargo build -p oh_server --locked	2026-10-06T16:38:52.3279293Z    Compiling digest v0.10.7
client	Run cargo build -p oh_server --locked	2026-10-06T16:38:52.4320131Z    Compiling rand_chacha v0.9.0
client	Run cargo build -p oh_server --locked	2026-10-06T16:38:52.6948245Z    Compiling futures-task v0.3.34
client	Run cargo build -p oh_server --locked	2026-10-06T16:38:52.7169956Z    Compiling serde v1.0.229
client	Run cargo build -p oh_server --locked	2026-10-06T16:38:52.7289804Z    Compiling cpufeatures v0.2.17
client	Run cargo build -p oh_server --locked	2026-10-06T16:38:52.7510033Z    Compiling tower-service v0.3.3
client	Run cargo build -p oh_server --locked	2026-10-06T16:38:52.7689778Z    Compiling slab v0.4.12
client	Run cargo build -p oh_server --locked	2026-10-06T16:38:52.7779842Z    Compiling futures-sink v0.3.34
client	Run cargo build -p oh_server --locked	2026-10-06T16:38:52.8042470Z    Compiling sha1 v0.10.7
client	Run cargo build -p oh_server --locked	2026-10-06T16:38:52.8490190Z    Compiling futures-util v0.3.34
client	Run cargo build -p oh_server --locked	2026-10-06T16:38:52.9260583Z    Compiling rand v0.9.5
client	Run cargo build -p oh_server --locked	2026-10-06T16:38:53.1469917Z    Compiling postcard v1.1.3
client	Run cargo build -p oh_server --locked	2026-10-06T16:38:53.3729978Z    Compiling fixed v1.31.0
client	Run cargo build -p oh_server --locked	2026-10-06T16:38:53.4000068Z    Compiling schemars v1.2.2
client	Run cargo build -p oh_server --locked	2026-10-06T16:38:54.7570191Z    Compiling futures-channel v0.3.34
client	Run cargo build -p oh_server --locked	2026-10-06T16:38:54.8310040Z    Compiling log v0.4.34
client	Run cargo build -p oh_server --locked	2026-10-06T16:38:54.8840224Z    Compiling percent-encoding v2.3.2
client	Run cargo build -p oh_server --locked	2026-10-06T16:38:54.9190366Z    Compiling tower-layer v0.3.3
client	Run cargo build -p oh_server --locked	2026-10-06T16:38:54.9738232Z    Compiling httpdate v1.0.3
client	Run cargo build -p oh_server --locked	2026-10-06T16:38:55.0070057Z    Compiling smallvec v1.16.2
client	Run cargo build -p oh_server --locked	2026-10-06T16:38:55.1080020Z    Compiling atomic-waker v1.1.2
client	Run cargo build -p oh_server --locked	2026-10-06T16:38:55.1310177Z    Compiling sync_wrapper v1.0.2
client	Run cargo build -p oh_server --locked	2026-10-06T16:38:55.1510355Z    Compiling data-encoding v2.11.1
client	Run cargo build -p oh_server --locked	2026-10-06T16:38:55.1619874Z    Compiling hyper v1.11.1
client	Run cargo build -p oh_server --locked	2026-10-06T16:38:55.8260095Z    Compiling tungstenite v0.29.0
client	Run cargo build -p oh_server --locked	2026-10-06T16:38:56.2589797Z    Compiling form_urlencoded v1.2.2
client	Run cargo build -p oh_server --locked	2026-10-06T16:38:56.3440011Z    Compiling http-body-util v0.1.5
client	Run cargo build -p oh_server --locked	2026-10-06T16:38:56.4286275Z    Compiling mime v0.3.17
client	Run cargo build -p oh_server --locked	2026-10-06T16:38:56.5180121Z    Compiling ryu v1.0.23
client	Run cargo build -p oh_server --locked	2026-10-06T16:38:56.6003092Z    Compiling serde_urlencoded v0.7.1
client	Run cargo build -p oh_server --locked	2026-10-06T16:38:56.6260107Z    Compiling axum-core v0.5.6
client	Run cargo build -p oh_server --locked	2026-10-06T16:38:56.7330164Z    Compiling rmp-serde v1.3.1
client	Run cargo build -p oh_server --locked	2026-10-06T16:38:56.7399769Z    Compiling ts-rs v12.0.1
client	Run cargo build -p oh_server --locked	2026-10-06T16:38:57.0519996Z    Compiling tokio-tungstenite v0.29.0
client	Run cargo build -p oh_server --locked	2026-10-06T16:38:57.2030333Z    Compiling hyper-util v0.1.21
client	Run cargo build -p oh_server --locked	2026-10-06T16:38:57.3939900Z    Compiling tower v0.5.3
client	Run cargo build -p oh_server --locked	2026-10-06T16:38:57.4079711Z    Compiling serde_path_to_error v0.1.20
client	Run cargo build -p oh_server --locked	2026-10-06T16:38:57.6743631Z    Compiling oh_server v0.1.0 (/home/runner/work/OpenHOI4/OpenHOI4/crates/oh_server)
client	Run cargo build -p oh_server --locked	2026-10-06T16:38:57.6829821Z    Compiling matchit v0.8.4
client	Run cargo build -p oh_server --locked	2026-10-06T16:38:57.8289955Z    Compiling base64 v0.22.1
client	Run cargo build -p oh_server --locked	2026-10-06T16:38:57.9798527Z    Compiling axum v0.8.9
client	Run cargo build -p oh_server --locked	2026-10-06T16:38:59.6896027Z    Compiling oh_core v0.1.0 (/home/runner/work/OpenHOI4/OpenHOI4/crates/oh_core)
client	Run cargo build -p oh_server --locked	2026-10-06T16:38:59.8156401Z    Compiling oh_data v0.1.0 (/home/runner/work/OpenHOI4/OpenHOI4/crates/oh_data)
client	Run cargo build -p oh_server --locked	2026-10-06T16:39:00.4433377Z    Compiling oh_sim v0.1.0 (/home/runner/work/OpenHOI4/OpenHOI4/crates/oh_sim)
client	Run cargo build -p oh_server --locked	2026-10-06T16:39:00.7914955Z    Compiling oh_ai v0.1.0 (/home/runner/work/OpenHOI4/OpenHOI4/crates/oh_ai)
client	Run cargo build -p oh_server --locked	2026-10-06T16:39:00.8188341Z    Compiling oh_proto v0.1.0 (/home/runner/work/OpenHOI4/OpenHOI4/crates/oh_proto)
client	Run cargo build -p oh_server --locked	2026-10-06T16:39:01.3230602Z    Compiling oh_save v0.1.0 (/home/runner/work/OpenHOI4/OpenHOI4/crates/oh_save)
client	Run cargo build -p oh_server --locked	2026-10-06T16:39:03.2530392Z     Finished `dev` profile [unoptimized + debuginfo] target(s) in 16.46s
client	Browser compatibility and Rust-server WebSocket E2E	﻿2026-10-06T16:39:03.2701556Z ##[group]Run npx playwright install --with-deps chromium firefox webkit
client	Browser compatibility and Rust-server WebSocket E2E	2026-10-06T16:39:03.2702057Z [36;1mnpx playwright install --with-deps chromium firefox webkit[0m
client	Browser compatibility and Rust-server WebSocket E2E	2026-10-06T16:39:03.2702375Z [36;1mnpm run test:e2e[0m
client	Browser compatibility and Rust-server WebSocket E2E	2026-10-06T16:39:03.2759382Z shell: /usr/bin/bash -e {0}
client	Browser compatibility and Rust-server WebSocket E2E	2026-10-06T16:39:03.2759634Z env:
client	Browser compatibility and Rust-server WebSocket E2E	2026-10-06T16:39:03.2759835Z   OH_E2E_EVIDENCE: ../target/wp09/ci/m0-e2e
client	Browser compatibility and Rust-server WebSocket E2E	2026-10-06T16:39:03.2760136Z   OH_MALFORMED_EVIDENCE: ../target/wp09/ci/m0-malformed
client	Browser compatibility and Rust-server WebSocket E2E	2026-10-06T16:39:03.2760412Z ##[endgroup]
client	Browser compatibility and Rust-server WebSocket E2E	2026-10-06T16:39:03.8673345Z Installing dependencies...
client	Browser compatibility and Rust-server WebSocket E2E	2026-10-06T16:39:03.8739868Z Switching to root user to install dependencies...
client	Browser compatibility and Rust-server WebSocket E2E	2026-10-06T16:39:04.0023783Z Get:1 file:/etc/apt/apt-mirrors.txt Mirrorlist [144 B]
client	Browser compatibility and Rust-server WebSocket E2E	2026-10-06T16:39:04.1378201Z Hit:2 http://azure.archive.ubuntu.com/ubuntu noble InRelease
client	Browser compatibility and Rust-server WebSocket E2E	2026-10-06T16:39:04.1393187Z Get:6 https://packages.microsoft.com/ubuntu/24.04/prod noble InRelease [3600 B]
client	Browser compatibility and Rust-server WebSocket E2E	2026-10-06T16:39:04.1420001Z Get:3 http://azure.archive.ubuntu.com/ubuntu noble-updates InRelease [126 kB]
client	Browser compatibility and Rust-server WebSocket E2E	2026-10-06T16:39:04.1475484Z Get:4 http://azure.archive.ubuntu.com/ubuntu noble-backports InRelease [126 kB]
client	Browser compatibility and Rust-server WebSocket E2E	2026-10-06T16:39:04.1528355Z Get:5 http://azure.archive.ubuntu.com/ubuntu noble-security InRelease [126 kB]
client	Browser compatibility and Rust-server WebSocket E2E	2026-10-06T16:39:04.3019761Z Get:7 https://packages.microsoft.com/ubuntu/24.04/prod noble/main armhf Packages [12.6 kB]
client	Browser compatibility and Rust-server WebSocket E2E	2026-10-06T16:39:04.3162374Z Get:8 https://packages.microsoft.com/ubuntu/24.04/prod noble/main arm64 Packages [458 kB]
client	Browser compatibility and Rust-server WebSocket E2E	2026-10-06T16:39:04.3247906Z Get:9 https://packages.microsoft.com/ubuntu/24.04/prod noble/main amd64 Packages [515 kB]
client	Browser compatibility and Rust-server WebSocket E2E	2026-10-06T16:39:04.3462230Z Get:10 http://azure.archive.ubuntu.com/ubuntu noble-updates/main amd64 Packages [1374 kB]
client	Browser compatibility and Rust-server WebSocket E2E	2026-10-06T16:39:04.3526140Z Get:11 http://azure.archive.ubuntu.com/ubuntu noble-updates/main Translation-en [306 kB]
client	Browser compatibility and Rust-server WebSocket E2E	2026-10-06T16:39:04.3560914Z Get:12 http://azure.archive.ubuntu.com/ubuntu noble-updates/main amd64 Components [181 kB]
client	Browser compatibility and Rust-server WebSocket E2E	2026-10-06T16:39:04.3581826Z Get:13 http://azure.archive.ubuntu.com/ubuntu noble-updates/universe amd64 Packages [1700 kB]
client	Browser compatibility and Rust-server WebSocket E2E	2026-10-06T16:39:04.3732471Z Get:14 http://azure.archive.ubuntu.com/ubuntu noble-updates/universe Translation-en [341 kB]
client	Browser compatibility and Rust-server WebSocket E2E	2026-10-06T16:39:04.3738045Z Get:15 http://azure.archive.ubuntu.com/ubuntu noble-updates/universe amd64 Components [388 kB]
client	Browser compatibility and Rust-server WebSocket E2E	2026-10-06T16:39:04.3761810Z Get:16 http://azure.archive.ubuntu.com/ubuntu noble-updates/restricted amd64 Packages [1730 kB]
client	Browser compatibility and Rust-server WebSocket E2E	2026-10-06T16:39:04.3848119Z Get:17 http://azure.archive.ubuntu.com/ubuntu noble-updates/restricted Translation-en [396 kB]
client	Browser compatibility and Rust-server WebSocket E2E	2026-10-06T16:39:04.3867359Z Get:18 http://azure.archive.ubuntu.com/ubuntu noble-updates/multiverse Translation-en [13.3 kB]
client	Browser compatibility and Rust-server WebSocket E2E	2026-10-06T16:39:04.3881011Z Get:19 http://azure.archive.ubuntu.com/ubuntu noble-updates/multiverse amd64 Components [940 B]
client	Browser compatibility and Rust-server WebSocket E2E	2026-10-06T16:39:04.4503792Z Get:20 http://azure.archive.ubuntu.com/ubuntu noble-backports/main amd64 Components [5764 B]
client	Browser compatibility and Rust-server WebSocket E2E	2026-10-06T16:39:04.4512258Z Get:21 http://azure.archive.ubuntu.com/ubuntu noble-backports/universe amd64 Components [12.6 kB]
client	Browser compatibility and Rust-server WebSocket E2E	2026-10-06T16:39:04.4621398Z Get:22 http://azure.archive.ubuntu.com/ubuntu noble-security/main amd64 Packages [1072 kB]
client	Browser compatibility and Rust-server WebSocket E2E	2026-10-06T16:39:04.4674515Z Get:23 http://azure.archive.ubuntu.com/ubuntu noble-security/main Translation-en [222 kB]
client	Browser compatibility and Rust-server WebSocket E2E	2026-10-06T16:39:04.4726960Z Get:24 http://azure.archive.ubuntu.com/ubuntu noble-security/main amd64 Components [46.4 kB]
client	Browser compatibility and Rust-server WebSocket E2E	2026-10-06T16:39:04.4735615Z Get:25 http://azure.archive.ubuntu.com/ubuntu noble-security/universe amd64 Packages [1217 kB]
client	Browser compatibility and Rust-server WebSocket E2E	2026-10-06T16:39:04.4790568Z Get:26 http://azure.archive.ubuntu.com/ubuntu noble-security/universe Translation-en [245 kB]
client	Browser compatibility and Rust-server WebSocket E2E	2026-10-06T16:39:04.4807996Z Get:27 http://azure.archive.ubuntu.com/ubuntu noble-security/universe amd64 Components [76.3 kB]
client	Browser compatibility and Rust-server WebSocket E2E	2026-10-06T16:39:04.4818520Z Get:28 http://azure.archive.ubuntu.com/ubuntu noble-security/restricted amd64 Packages [1566 kB]
client	Browser compatibility and Rust-server WebSocket E2E	2026-10-06T16:39:04.4887592Z Get:29 http://azure.archive.ubuntu.com/ubuntu noble-security/restricted Translation-en [361 kB]
client	Browser compatibility and Rust-server WebSocket E2E	2026-10-06T16:39:04.4908880Z Get:30 http://azure.archive.ubuntu.com/ubuntu noble-security/multiverse Translation-en [11.6 kB]
client	Browser compatibility and Rust-server WebSocket E2E	2026-10-06T16:39:16.5209694Z Fetched 12.6 MB in 1s (9235 kB/s)
client	Browser compatibility and Rust-server WebSocket E2E	2026-10-06T16:39:17.2073480Z Reading package lists...
client	Browser compatibility and Rust-server WebSocket E2E	2026-10-06T16:39:17.2296996Z Reading package lists...
client	Browser compatibility and Rust-server WebSocket E2E	2026-10-06T16:39:17.4306612Z Building dependency tree...
client	Browser compatibility and Rust-server WebSocket E2E	2026-10-06T16:39:17.4312962Z Reading state information...
client	Browser compatibility and Rust-server WebSocket E2E	2026-10-06T16:39:17.4456641Z libasound2t64 is already the newest version (1.2.11-1ubuntu0.3).
client	Browser compatibility and Rust-server WebSocket E2E	2026-10-06T16:39:17.4457292Z libasound2t64 set to manually installed.
client	Browser compatibility and Rust-server WebSocket E2E	2026-10-06T16:39:17.4457890Z libatk-bridge2.0-0t64 is already the newest version (2.52.0-1build1).
client	Browser compatibility and Rust-server WebSocket E2E	2026-10-06T16:39:17.4458494Z libatk-bridge2.0-0t64 set to manually installed.
client	Browser compatibility and Rust-server WebSocket E2E	2026-10-06T16:39:17.4459266Z libatk1.0-0t64 is already the newest version (2.52.0-1build1).
client	Browser compatibility and Rust-server WebSocket E2E	2026-10-06T16:39:17.4459851Z libatk1.0-0t64 set to manually installed.
client	Browser compatibility and Rust-server WebSocket E2E	2026-10-06T16:39:17.4460439Z libatspi2.0-0t64 is already the newest version (2.52.0-1build1).
client	Browser compatibility and Rust-server WebSocket E2E	2026-10-06T16:39:17.4460997Z libatspi2.0-0t64 set to manually installed.
client	Browser compatibility and Rust-server WebSocket E2E	2026-10-06T16:39:17.4461554Z libcairo2 is already the newest version (1.18.0-3build1).
client	Browser compatibility and Rust-server WebSocket E2E	2026-10-06T16:39:17.4462060Z libcairo2 set to manually installed.
client	Browser compatibility and Rust-server WebSocket E2E	2026-10-06T16:39:17.4462629Z libcups2t64 is already the newest version (2.4.7-1.2ubuntu7.14).
client	Browser compatibility and Rust-server WebSocket E2E	2026-10-06T16:39:17.4463172Z libcups2t64 set to manually installed.
client	Browser compatibility and Rust-server WebSocket E2E	2026-10-06T16:39:17.4463731Z libdbus-1-3 is already the newest version (1.14.10-4ubuntu4.1).
client	Browser compatibility and Rust-server WebSocket E2E	2026-10-06T16:39:17.4464277Z libdbus-1-3 set to manually installed.
client	Browser compatibility and Rust-server WebSocket E2E	2026-10-06T16:39:17.4464849Z libdrm2 is already the newest version (2.4.125-1ubuntu0.1~24.04.2).
client	Browser compatibility and Rust-server WebSocket E2E	2026-10-06T16:39:17.4465385Z libdrm2 set to manually installed.
client	Browser compatibility and Rust-server WebSocket E2E	2026-10-06T16:39:17.4465957Z libglib2.0-0t64 is already the newest version (2.80.0-6ubuntu3.9).
client	Browser compatibility and Rust-server WebSocket E2E	2026-10-06T16:39:17.4466517Z libglib2.0-0t64 set to manually installed.
client	Browser compatibility and Rust-server WebSocket E2E	2026-10-06T16:39:17.4467459Z libnspr4 is already the newest version (2:4.35-1.1build1).
client	Browser compatibility and Rust-server WebSocket E2E	2026-10-06T16:39:17.4467986Z libnspr4 set to manually installed.
client	Browser compatibility and Rust-server WebSocket E2E	2026-10-06T16:39:17.4468523Z libnss3 is already the newest version (2:3.98-1ubuntu0.2).
client	Browser compatibility and Rust-server WebSocket E2E	2026-10-06T16:39:17.4469157Z libnss3 set to manually installed.
client	Browser compatibility and Rust-server WebSocket E2E	2026-10-06T16:39:17.4469735Z libpango-1.0-0 is already the newest version (1.52.1+ds-1build1).
client	Browser compatibility and Rust-server WebSocket E2E	2026-10-06T16:39:17.4470298Z libpango-1.0-0 set to manually installed.
client	Browser compatibility and Rust-server WebSocket E2E	2026-10-06T16:39:17.4470835Z libx11-6 is already the newest version (2:1.8.7-1build1).
client	Browser compatibility and Rust-server WebSocket E2E	2026-10-06T16:39:17.4471334Z libx11-6 set to manually installed.
client	Browser compatibility and Rust-server WebSocket E2E	2026-10-06T16:39:17.4471848Z libxcb1 is already the newest version (1.15-1ubuntu2).
client	Browser compatibility and Rust-server WebSocket E2E	2026-10-06T16:39:17.4472344Z libxcb1 set to manually installed.
client	Browser compatibility and Rust-server WebSocket E2E	2026-10-06T16:39:17.4472907Z libxcomposite1 is already the newest version (1:0.4.5-1build3).
client	Browser compatibility and Rust-server WebSocket E2E	2026-10-06T16:39:17.4473490Z libxcomposite1 set to manually installed.
client	Browser compatibility and Rust-server WebSocket E2E	2026-10-06T16:39:17.4474067Z libxdamage1 is already the newest version (1:1.1.6-1build1).
client	Browser compatibility and Rust-server WebSocket E2E	2026-10-06T16:39:17.4474615Z libxdamage1 set to manually installed.
client	Browser compatibility and Rust-server WebSocket E2E	2026-10-06T16:39:17.4475165Z libxext6 is already the newest version (2:1.3.4-1build2).
client	Browser compatibility and Rust-server WebSocket E2E	2026-10-06T16:39:17.4475680Z libxext6 set to manually installed.
client	Browser compatibility and Rust-server WebSocket E2E	2026-10-06T16:39:17.4476217Z libxfixes3 is already the newest version (1:6.0.0-2build1).
client	Browser compatibility and Rust-server WebSocket E2E	2026-10-06T16:39:17.4476760Z libxfixes3 set to manually installed.
client	Browser compatibility and Rust-server WebSocket E2E	2026-10-06T16:39:17.4477322Z libxkbcommon0 is already the newest version (1.6.0-1build1).
client	Browser compatibility and Rust-server WebSocket E2E	2026-10-06T16:39:17.4477870Z libxkbcommon0 set to manually installed.
client	Browser compatibility and Rust-server WebSocket E2E	2026-10-06T16:39:17.4478438Z libxrandr2 is already the newest version (2:1.5.2-2build1).
client	Browser compatibility and Rust-server WebSocket E2E	2026-10-06T16:39:17.4479081Z libxrandr2 set to manually installed.
client	Browser compatibility and Rust-server WebSocket E2E	2026-10-06T16:39:17.4479620Z xvfb is already the newest version (2:21.1.12-1ubuntu1.8).
client	Browser compatibility and Rust-server WebSocket E2E	2026-10-06T16:39:17.4480358Z fonts-noto-color-emoji is already the newest version (2.047-0ubuntu0.24.04.1).
client	Browser compatibility and Rust-server WebSocket E2E	2026-10-06T16:39:17.4481142Z libfontconfig1 is already the newest version (2.15.0-1.1ubuntu2).
client	Browser compatibility and Rust-server WebSocket E2E	2026-10-06T16:39:17.4481713Z libfontconfig1 set to manually installed.
client	Browser compatibility and Rust-server WebSocket E2E	2026-10-06T16:39:17.4482282Z fonts-liberation is already the newest version (1:2.1.5-3).
client	Browser compatibility and Rust-server WebSocket E2E	2026-10-06T16:39:17.4482842Z fonts-liberation set to manually installed.
client	Browser compatibility and Rust-server WebSocket E2E	2026-10-06T16:39:17.4483669Z libcairo-gobject2 is already the newest version (1.18.0-3build1).
client	Browser compatibility and Rust-server WebSocket E2E	2026-10-06T16:39:17.4484256Z libcairo-gobject2 set to manually installed.
client	Browser compatibility and Rust-server WebSocket E2E	2026-10-06T16:39:17.4484938Z libgdk-pixbuf-2.0-0 is already the newest version (2.42.10+dfsg-3ubuntu3.3).
client	Browser compatibility and Rust-server WebSocket E2E	2026-10-06T16:39:17.4485589Z libgdk-pixbuf-2.0-0 set to manually installed.
client	Browser compatibility and Rust-server WebSocket E2E	2026-10-06T16:39:17.4486198Z libgtk-3-0t64 is already the newest version (3.24.41-4ubuntu1.3).
client	Browser compatibility and Rust-server WebSocket E2E	2026-10-06T16:39:17.4486761Z libgtk-3-0t64 set to manually installed.
client	Browser compatibility and Rust-server WebSocket E2E	2026-10-06T16:39:17.4487381Z libpangocairo-1.0-0 is already the newest version (1.52.1+ds-1build1).
client	Browser compatibility and Rust-server WebSocket E2E	2026-10-06T16:39:17.4488007Z libpangocairo-1.0-0 set to manually installed.
client	Browser compatibility and Rust-server WebSocket E2E	2026-10-06T16:39:17.4488725Z libx11-xcb1 is already the newest version (2:1.8.7-1build1).
client	Browser compatibility and Rust-server WebSocket E2E	2026-10-06T16:39:17.4489264Z libx11-xcb1 set to manually installed.
client	Browser compatibility and Rust-server WebSocket E2E	2026-10-06T16:39:17.4489807Z libxcb-shm0 is already the newest version (1.15-1ubuntu2).
client	Browser compatibility and Rust-server WebSocket E2E	2026-10-06T16:39:17.4490343Z libxcb-shm0 set to manually installed.
client	Browser compatibility and Rust-server WebSocket E2E	2026-10-06T16:39:17.4490902Z libxcursor1 is already the newest version (1:1.2.1-1build1).
client	Browser compatibility and Rust-server WebSocket E2E	2026-10-06T16:39:17.4491444Z libxcursor1 set to manually installed.
client	Browser compatibility and Rust-server WebSocket E2E	2026-10-06T16:39:17.4491889Z libxi6 is already the newest version (2:1.8.1-1build1).
client	Browser compatibility and Rust-server WebSocket E2E	2026-10-06T16:39:17.4492493Z libxi6 set to manually installed.
client	Browser compatibility and Rust-server WebSocket E2E	2026-10-06T16:39:17.4492997Z libxrender1 is already the newest version (1:0.9.10-1.1build1).
client	Browser compatibility and Rust-server WebSocket E2E	2026-10-06T16:39:17.4493489Z libxrender1 set to manually installed.
client	Browser compatibility and Rust-server WebSocket E2E	2026-10-06T16:39:17.4493939Z libicu74 is already the newest version (74.2-1ubuntu3.1).
client	Browser compatibility and Rust-server WebSocket E2E	2026-10-06T16:39:17.4494555Z libatomic1 is already the newest version (14.2.0-4ubuntu2~24.04.1).
client	Browser compatibility and Rust-server WebSocket E2E	2026-10-06T16:39:17.4495068Z libatomic1 set to manually installed.
client	Browser compatibility and Rust-server WebSocket E2E	2026-10-06T16:39:17.4495566Z libenchant-2-2 is already the newest version (2.3.3-2build2).
client	Browser compatibility and Rust-server WebSocket E2E	2026-10-06T16:39:17.4496075Z libenchant-2-2 set to manually installed.
client	Browser compatibility and Rust-server WebSocket E2E	2026-10-06T16:39:17.4496792Z libepoxy0 is already the newest version (1.5.10-1build1).
client	Browser compatibility and Rust-server WebSocket E2E	2026-10-06T16:39:17.4497237Z libepoxy0 set to manually installed.
client	Browser compatibility and Rust-server WebSocket E2E	2026-10-06T16:39:17.4497741Z libgstreamer1.0-0 is already the newest version (1.24.2-1ubuntu0.1).
client	Browser compatibility and Rust-server WebSocket E2E	2026-10-06T16:39:17.4498264Z libgstreamer1.0-0 set to manually installed.
client	Browser compatibility and Rust-server WebSocket E2E	2026-10-06T16:39:17.4498870Z libharfbuzz0b is already the newest version (8.3.0-2build2).
client	Browser compatibility and Rust-server WebSocket E2E	2026-10-06T16:39:17.4499337Z libharfbuzz0b set to manually installed.
client	Browser compatibility and Rust-server WebSocket E2E	2026-10-06T16:39:17.4499817Z libjpeg-turbo8 is already the newest version (2.1.5-2ubuntu2).
client	Browser compatibility and Rust-server WebSocket E2E	2026-10-06T16:39:17.4500326Z libjpeg-turbo8 set to manually installed.
client	Browser compatibility and Rust-server WebSocket E2E	2026-10-06T16:39:17.4500796Z liblcms2-2 is already the newest version (2.14-2ubuntu0.1).
client	Browser compatibility and Rust-server WebSocket E2E	2026-10-06T16:39:17.5803952Z liblcms2-2 set to manually installed.
client	Browser compatibility and Rust-server WebSocket E2E	2026-10-06T16:39:17.5804703Z libpng16-16t64 is already the newest version (1.6.43-5ubuntu0.6).
client	Browser compatibility and Rust-server WebSocket E2E	2026-10-06T16:39:17.5805267Z libpng16-16t64 set to manually installed.
client	Browser compatibility and Rust-server WebSocket E2E	2026-10-06T16:39:17.5805897Z libwayland-client0 is already the newest version (1.22.0-2.1build1).
client	Browser compatibility and Rust-server WebSocket E2E	2026-10-06T16:39:17.5806558Z libwayland-client0 set to manually installed.
client	Browser compatibility and Rust-server WebSocket E2E	2026-10-06T16:39:17.5807220Z libwayland-egl1 is already the newest version (1.22.0-2.1build1).
client	Browser compatibility and Rust-server WebSocket E2E	2026-10-06T16:39:17.5807809Z libwayland-egl1 set to manually installed.
client	Browser compatibility and Rust-server WebSocket E2E	2026-10-06T16:39:17.5808345Z libwebp7 is already the newest version (1.3.2-0.4build3).
client	Browser compatibility and Rust-server WebSocket E2E	2026-10-06T16:39:17.5809119Z libwebp7 set to manually installed.
client	Browser compatibility and Rust-server WebSocket E2E	2026-10-06T16:39:17.5809668Z libwebpdemux2 is already the newest version (1.3.2-0.4build3).
client	Browser compatibility and Rust-server WebSocket E2E	2026-10-06T16:39:17.5810213Z libwebpdemux2 set to manually installed.
client	Browser compatibility and Rust-server WebSocket E2E	2026-10-06T16:39:17.5810766Z libxml2 is already the newest version (2.9.14+dfsg-1.3ubuntu3.9).
client	Browser compatibility and Rust-server WebSocket E2E	2026-10-06T16:39:17.5811284Z libxml2 set to manually installed.
client	Browser compatibility and Rust-server WebSocket E2E	2026-10-06T16:39:17.5811887Z libxslt1.1 is already the newest version (1.1.39-0exp1ubuntu0.24.04.3).
client	Browser compatibility and Rust-server WebSocket E2E	2026-10-06T16:39:17.5812466Z libxslt1.1 set to manually installed.
client	Browser compatibility and Rust-server WebSocket E2E	2026-10-06T16:39:17.5812975Z The following additional packages will be installed:
client	Browser compatibility and Rust-server WebSocket E2E	2026-10-06T16:39:17.5813570Z   glib-networking glib-networking-common glib-networking-services
client	Browser compatibility and Rust-server WebSocket E2E	2026-10-06T16:39:17.5814278Z   gsettings-desktop-schemas libaa1 libabsl20220623t64 libass9 libasyncns0
client	Browser compatibility and Rust-server WebSocket E2E	2026-10-06T16:39:17.5815539Z   libavc1394-0 libavfilter9 libavformat60 libavtp0 libavutil58 libblas3
client	Browser compatibility and Rust-server WebSocket E2E	2026-10-06T16:39:17.5816329Z   libbluray2 libbs2b0 libcaca0 libcairo-script-interpreter2 libcdparanoia0
client	Browser compatibility and Rust-server WebSocket E2E	2026-10-06T16:39:17.5817041Z   libchromaprint1 libcjson1 libcodec2-1.2 libdav1d7 libdc1394-25 libdca0
client	Browser compatibility and Rust-server WebSocket E2E	2026-10-06T16:39:17.5817763Z   libde265-0 libdecor-0-0 libdirectfb-1.7-7t64 libdv4t64 libdvdnav4
client	Browser compatibility and Rust-server WebSocket E2E	2026-10-06T16:39:17.5818415Z   libdvdread8t64 libegl-mesa0 libegl1 libevent-core-2.1-7t64
client	Browser compatibility and Rust-server WebSocket E2E	2026-10-06T16:39:17.5819263Z   libevent-pthreads-2.1-7t64 libfaad2 libflac12t64 libfluidsynth3 libfreeaptx0
client	Browser compatibility and Rust-server WebSocket E2E	2026-10-06T16:39:17.5819927Z   libgav1-1 libgl1-mesa-dri libglx-mesa0 libgme0 libgraphene-1.0-0 libgsm1
client	Browser compatibility and Rust-server WebSocket E2E	2026-10-06T16:39:17.5820487Z   libgssdp-1.6-0 libgstreamer-plugins-good1.0-0 libgtk-4-common libgupnp-1.6-0
client	Browser compatibility and Rust-server WebSocket E2E	2026-10-06T16:39:17.5820941Z   libgupnp-igd-1.6-0 libhwy1t64 libiec61883-0 libimath-3-1-29t64
client	Browser compatibility and Rust-server WebSocket E2E	2026-10-06T16:39:17.5821339Z   libinstpatch-1.0-2 libjack-jackd2-0 libjxl0.7 liblapack3 liblc3-1
client	Browser compatibility and Rust-server WebSocket E2E	2026-10-06T16:39:17.5821781Z   libldacbt-enc2 liblilv-0-0 liblrdf0 libltc11 libmbedcrypto7t64 libmfx1
client	Browser compatibility and Rust-server WebSocket E2E	2026-10-06T16:39:17.5822185Z   libmjpegutils-2.1-0t64 libmodplug1 libmp3lame0 libmpcdec6
client	Browser compatibility and Rust-server WebSocket E2E	2026-10-06T16:39:17.5822582Z   libmpeg2encpp-2.1-0t64 libmpg123-0t64 libmplex2-2.1-0t64 libmysofa1
client	Browser compatibility and Rust-server WebSocket E2E	2026-10-06T16:39:17.5823007Z   libneon27t64 libnice10 libopenal-data libopenal1 libopenexr-3-1-30
client	Browser compatibility and Rust-server WebSocket E2E	2026-10-06T16:39:17.5823390Z   libopenh264-7 libopenmpt0t64 libopenni2-0 liborc-0.4-0t64
client	Browser compatibility and Rust-server WebSocket E2E	2026-10-06T16:39:17.5823770Z   libpipewire-0.3-0t64 libplacebo338 libpocketsphinx3 libpostproc57
client	Browser compatibility and Rust-server WebSocket E2E	2026-10-06T16:39:17.5824188Z   libproxy1v5 libpulse0 libqrencode4 libraptor2-0 librav1e0 libraw1394-11
client	Browser compatibility and Rust-server WebSocket E2E	2026-10-06T16:39:17.5824622Z   librist4 librsvg2-2 librubberband2 libsamplerate0 libsbc1 libsdl2-2.0-0
client	Browser compatibility and Rust-server WebSocket E2E	2026-10-06T16:39:17.5825060Z   libsecret-common libserd-0-0 libshine3 libshout3 libsndfile1 libsndio7.0
client	Browser compatibility and Rust-server WebSocket E2E	2026-10-06T16:39:17.5825836Z   libsord-0-0 libsoundtouch1 libsoup-3.0-0 libsoup-3.0-common libsoxr0
client	Browser compatibility and Rust-server WebSocket E2E	2026-10-06T16:39:17.5826286Z   libspa-0.2-modules libspandsp2t64 libspeex1 libsphinxbase3t64 libsratom-0-0
client	Browser compatibility and Rust-server WebSocket E2E	2026-10-06T16:39:17.5826754Z   libsrt1.5-gnutls libsrtp2-1 libssh-gcrypt-4 libsvtav1enc1d1 libswresample4
client	Browser compatibility and Rust-server WebSocket E2E	2026-10-06T16:39:17.5827200Z   libswscale7 libtag1v5 libtag1v5-vanilla libtheora0 libtwolame0 libudfread0
client	Browser compatibility and Rust-server WebSocket E2E	2026-10-06T16:39:17.5827635Z   libunibreak5 libv4l-0t64 libv4lconvert0t64 libva-drm2 libva-x11-2 libva2
client	Browser compatibility and Rust-server WebSocket E2E	2026-10-06T16:39:17.5828064Z   libvdpau1 libvidstab1.1 libvisual-0.4-0 libvo-aacenc0 libvo-amrwbenc0
client	Browser compatibility and Rust-server WebSocket E2E	2026-10-06T16:39:17.5828505Z   libvorbisenc2 libvpl2 libwavpack1 libwebrtc-audio-processing1 libwildmidi2
client	Browser compatibility and Rust-server WebSocket E2E	2026-10-06T16:39:17.5829185Z   libx265-199 libxcb-xkb1 libxkbcommon-x11-0 libxvidcore4 libyuv0 libzbar0t64
client	Browser compatibility and Rust-server WebSocket E2E	2026-10-06T16:39:17.5829643Z   libzimg2 libzix-0-0 libzvbi-common libzvbi0t64 libzxing3 mesa-libgallium
client	Browser compatibility and Rust-server WebSocket E2E	2026-10-06T16:39:17.5830097Z   ocl-icd-libopencl1 session-migration timgm6mb-soundfont xfonts-encodings
client	Browser compatibility and Rust-server WebSocket E2E	2026-10-06T16:39:17.5830430Z   xfonts-utils
client	Browser compatibility and Rust-server WebSocket E2E	2026-10-06T16:39:17.5830646Z Suggested packages:
client	Browser compatibility and Rust-server WebSocket E2E	2026-10-06T16:39:17.5830972Z   frei0r-plugins gvfs libcuda1 libnvcuvid1 libnvidia-encode1 libbluray-bdj
client	Browser compatibility and Rust-server WebSocket E2E	2026-10-06T16:39:17.5831419Z   libdirectfb-extra libdv-bin oss-compat libdvdcss2 libvisual-0.4-plugins
client	Browser compatibility and Rust-server WebSocket E2E	2026-10-06T16:39:17.5831850Z   jackd2 liblrdf0-dev libportaudio2 opus-tools pipewire pulseaudio
client	Browser compatibility and Rust-server WebSocket E2E	2026-10-06T16:39:17.5832259Z   raptor2-utils libraw1394-doc librsvg2-bin serdi sndiod sordi speex
client	Browser compatibility and Rust-server WebSocket E2E	2026-10-06T16:39:17.5832617Z   libwildmidi-config opencl-icd fluid-soundfont-gm
client	Browser compatibility and Rust-server WebSocket E2E	2026-10-06T16:39:17.5832904Z Recommended packages:
client	Browser compatibility and Rust-server WebSocket E2E	2026-10-06T16:39:17.5833198Z   fonts-ipafont-mincho fonts-tlwg-loma gstreamer1.0-x libaacs0
client	Browser compatibility and Rust-server WebSocket E2E	2026-10-06T16:39:17.5833606Z   default-libdecor-0-plugin-1 | libdecor-0-plugin-1 gstreamer1.0-gl
client	Browser compatibility and Rust-server WebSocket E2E	2026-10-06T16:39:17.5834078Z   libgtk-4-bin librsvg2-common libgtk-4-media-gstreamer libpipewire-0.3-common
client	Browser compatibility and Rust-server WebSocket E2E	2026-10-06T16:39:17.5834556Z   pocketsphinx-en-us va-driver-all | va-driver vdpau-driver-all | vdpau-driver
client	Browser compatibility and Rust-server WebSocket E2E	2026-10-06T16:39:17.5834898Z   libmagickcore-6.q16-7-extra
client	Browser compatibility and Rust-server WebSocket E2E	2026-10-06T16:39:17.7032894Z The following NEW packages will be installed:
client	Browser compatibility and Rust-server WebSocket E2E	2026-10-06T16:39:17.7034197Z   fonts-freefont-ttf fonts-ipafont-gothic fonts-tlwg-loma-otf fonts-unifont
client	Browser compatibility and Rust-server WebSocket E2E	2026-10-06T16:39:17.7034955Z   fonts-wqy-zenhei glib-networking glib-networking-common
client	Browser compatibility and Rust-server WebSocket E2E	2026-10-06T16:39:17.7035677Z   glib-networking-services gsettings-desktop-schemas gstreamer1.0-libav
client	Browser compatibility and Rust-server WebSocket E2E	2026-10-06T16:39:17.7036539Z   gstreamer1.0-plugins-bad gstreamer1.0-plugins-base gstreamer1.0-plugins-good
client	Browser compatibility and Rust-server WebSocket E2E	2026-10-06T16:39:17.7037450Z   libaa1 libabsl20220623t64 libass9 libasyncns0 libavc1394-0 libavcodec60
client	Browser compatibility and Rust-server WebSocket E2E	2026-10-06T16:39:17.7038262Z   libavfilter9 libavformat60 libavif16 libavtp0 libavutil58 libblas3
client	Browser compatibility and Rust-server WebSocket E2E	2026-10-06T16:39:17.7039945Z   libbluray2 libbs2b0 libcaca0 libcairo-script-interpreter2 libcdparanoia0
client	Browser compatibility and Rust-server WebSocket E2E	2026-10-06T16:39:17.7040814Z   libchromaprint1 libcjson1 libcodec2-1.2 libdav1d7 libdc1394-25 libdca0
client	Browser compatibility and Rust-server WebSocket E2E	2026-10-06T16:39:17.7041596Z   libde265-0 libdecor-0-0 libdirectfb-1.7-7t64 libdv4t64 libdvdnav4
client	Browser compatibility and Rust-server WebSocket E2E	2026-10-06T16:39:17.7042383Z   libdvdread8t64 libegl-mesa0 libegl1 libevent-2.1-7t64 libfaad2 libflac12t64
client	Browser compatibility and Rust-server WebSocket E2E	2026-10-06T16:39:17.7043193Z   libflite1 libfluidsynth3 libfreeaptx0 libgav1-1 libgles2 libgme0
client	Browser compatibility and Rust-server WebSocket E2E	2026-10-06T16:39:17.7043899Z   libgraphene-1.0-0 libgsm1 libgssdp-1.6-0 libgstreamer-gl1.0-0
client	Browser compatibility and Rust-server WebSocket E2E	2026-10-06T16:39:17.7044521Z   libgstreamer-plugins-bad1.0-0 libgstreamer-plugins-base1.0-0
client	Browser compatibility and Rust-server WebSocket E2E	2026-10-06T16:39:17.7045210Z   libgstreamer-plugins-good1.0-0 libgtk-4-1 libgtk-4-common libgupnp-1.6-0
client	Browser compatibility and Rust-server WebSocket E2E	2026-10-06T16:39:17.7045984Z   libgupnp-igd-1.6-0 libharfbuzz-icu0 libhwy1t64 libhyphen0 libiec61883-0
client	Browser compatibility and Rust-server WebSocket E2E	2026-10-06T16:39:17.7046734Z   libimath-3-1-29t64 libinstpatch-1.0-2 libjack-jackd2-0 libjxl0.7 liblapack3
client	Browser compatibility and Rust-server WebSocket E2E	2026-10-06T16:39:17.7047499Z   liblc3-1 libldacbt-enc2 liblilv-0-0 liblrdf0 libltc11 libmanette-0.2-0
client	Browser compatibility and Rust-server WebSocket E2E	2026-10-06T16:39:17.7048268Z   libmbedcrypto7t64 libmfx1 libmjpegutils-2.1-0t64 libmodplug1 libmp3lame0
client	Browser compatibility and Rust-server WebSocket E2E	2026-10-06T16:39:17.7049470Z   libmpcdec6 libmpeg2encpp-2.1-0t64 libmpg123-0t64 libmplex2-2.1-0t64
client	Browser compatibility and Rust-server WebSocket E2E	2026-10-06T16:39:17.7050164Z   libmysofa1 libneon27t64 libnice10 libopenal-data libopenal1
client	Browser compatibility and Rust-server WebSocket E2E	2026-10-06T16:39:17.7050852Z   libopenexr-3-1-30 libopenh264-7 libopenmpt0t64 libopenni2-0 libopus0
client	Browser compatibility and Rust-server WebSocket E2E	2026-10-06T16:39:17.7051569Z   liborc-0.4-0t64 libpipewire-0.3-0t64 libplacebo338 libpocketsphinx3
client	Browser compatibility and Rust-server WebSocket E2E	2026-10-06T16:39:17.7052343Z   libpostproc57 libproxy1v5 libpulse0 libqrencode4 libraptor2-0 librav1e0
client	Browser compatibility and Rust-server WebSocket E2E	2026-10-06T16:39:17.7053157Z   libraw1394-11 librist4 librsvg2-2 librubberband2 libsamplerate0 libsbc1
client	Browser compatibility and Rust-server WebSocket E2E	2026-10-06T16:39:17.7053964Z   libsdl2-2.0-0 libsecret-1-0 libsecret-common libserd-0-0 libshine3 libshout3
client	Browser compatibility and Rust-server WebSocket E2E	2026-10-06T16:39:17.7054732Z   libsndfile1 libsndio7.0 libsord-0-0 libsoundtouch1 libsoup-3.0-0
client	Browser compatibility and Rust-server WebSocket E2E	2026-10-06T16:39:17.7055449Z   libsoup-3.0-common libsoxr0 libspa-0.2-modules libspandsp2t64 libspeex1
client	Browser compatibility and Rust-server WebSocket E2E	2026-10-06T16:39:17.7056243Z   libsphinxbase3t64 libsratom-0-0 libsrt1.5-gnutls libsrtp2-1 libssh-gcrypt-4
client	Browser compatibility and Rust-server WebSocket E2E	2026-10-06T16:39:17.7057001Z   libsvtav1enc1d1 libswresample4 libswscale7 libtag1v5 libtag1v5-vanilla
client	Browser compatibility and Rust-server WebSocket E2E	2026-10-06T16:39:17.7057693Z   libtheora0 libtwolame0 libudfread0 libunibreak5 libv4l-0t64
client	Browser compatibility and Rust-server WebSocket E2E	2026-10-06T16:39:17.7058413Z   libv4lconvert0t64 libva-drm2 libva-x11-2 libva2 libvdpau1 libvidstab1.1
client	Browser compatibility and Rust-server WebSocket E2E	2026-10-06T16:39:17.7059338Z   libvisual-0.4-0 libvo-aacenc0 libvo-amrwbenc0 libvorbisenc2 libvpl2 libvpx9
client	Browser compatibility and Rust-server WebSocket E2E	2026-10-06T16:39:17.7060183Z   libwavpack1 libwayland-server0 libwebrtc-audio-processing1 libwildmidi2
client	Browser compatibility and Rust-server WebSocket E2E	2026-10-06T16:39:17.7060999Z   libwoff1 libx264-164 libx265-199 libxcb-xkb1 libxkbcommon-x11-0 libxvidcore4
client	Browser compatibility and Rust-server WebSocket E2E	2026-10-06T16:39:17.7061782Z   libyuv0 libzbar0t64 libzimg2 libzix-0-0 libzvbi-common libzvbi0t64 libzxing3
client	Browser compatibility and Rust-server WebSocket E2E	2026-10-06T16:39:17.7062574Z   ocl-icd-libopencl1 session-migration timgm6mb-soundfont xfonts-cyrillic
client	Browser compatibility and Rust-server WebSocket E2E	2026-10-06T16:39:17.7063200Z   xfonts-encodings xfonts-scalable xfonts-utils
client	Browser compatibility and Rust-server WebSocket E2E	2026-10-06T16:39:17.7063757Z The following packages will be upgraded:
client	Browser compatibility and Rust-server WebSocket E2E	2026-10-06T16:39:17.7064409Z   libevent-core-2.1-7t64 libevent-pthreads-2.1-7t64 libfreetype6 libgbm1
client	Browser compatibility and Rust-server WebSocket E2E	2026-10-06T16:39:17.7065088Z   libgl1-mesa-dri libglx-mesa0 mesa-libgallium
client	Browser compatibility and Rust-server WebSocket E2E	2026-10-06T16:39:17.7256341Z 7 upgraded, 181 newly installed, 0 to remove and 22 not upgraded.
client	Browser compatibility and Rust-server WebSocket E2E	2026-10-06T16:39:17.7257345Z Need to get 126 MB of archives.
client	Browser compatibility and Rust-server WebSocket E2E	2026-10-06T16:39:17.7257895Z After this operation, 364 MB of additional disk space will be used.
client	Browser compatibility and Rust-server WebSocket E2E	2026-10-06T16:39:17.7258530Z Get:1 file:/etc/apt/apt-mirrors.txt Mirrorlist [144 B]
client	Browser compatibility and Rust-server WebSocket E2E	2026-10-06T16:39:17.8244704Z Get:2 http://azure.archive.ubuntu.com/ubuntu noble/universe amd64 fonts-ipafont-gothic all 00303-21ubuntu1 [3513 kB]
client	Browser compatibility and Rust-server WebSocket E2E	2026-10-06T16:39:18.0092081Z Get:3 http://azure.archive.ubuntu.com/ubuntu noble/main amd64 fonts-freefont-ttf all 20211204+svn4273-2 [5641 kB]
client	Browser compatibility and Rust-server WebSocket E2E	2026-10-06T16:39:18.2313564Z Get:4 http://azure.archive.ubuntu.com/ubuntu noble/universe amd64 fonts-tlwg-loma-otf all 1:0.7.3-1 [107 kB]
client	Browser compatibility and Rust-server WebSocket E2E	2026-10-06T16:39:18.3591651Z Get:5 http://azure.archive.ubuntu.com/ubuntu noble/universe amd64 fonts-unifont all 1:15.1.01-1build1 [2993 kB]
client	Browser compatibility and Rust-server WebSocket E2E	2026-10-06T16:39:18.5870186Z Get:6 http://azure.archive.ubuntu.com/ubuntu noble/universe amd64 fonts-wqy-zenhei all 0.9.45-8 [7472 kB]
client	Browser compatibility and Rust-server WebSocket E2E	2026-10-06T16:39:18.9381797Z Get:7 http://azure.archive.ubuntu.com/ubuntu noble/main amd64 libproxy1v5 amd64 0.5.4-4build1 [26.5 kB]
client	Browser compatibility and Rust-server WebSocket E2E	2026-10-06T16:39:19.0623825Z Get:8 http://azure.archive.ubuntu.com/ubuntu noble/main amd64 glib-networking-common all 2.80.0-1build1 [6702 B]
client	Browser compatibility and Rust-server WebSocket E2E	2026-10-06T16:39:19.1761361Z Get:9 http://azure.archive.ubuntu.com/ubuntu noble/main amd64 glib-networking-services amd64 2.80.0-1build1 [12.8 kB]
client	Browser compatibility and Rust-server WebSocket E2E	2026-10-06T16:39:19.2956775Z Get:10 http://azure.archive.ubuntu.com/ubuntu noble/main amd64 session-migration amd64 0.3.9build1 [9034 B]
client	Browser compatibility and Rust-server WebSocket E2E	2026-10-06T16:39:19.4153842Z Get:11 http://azure.archive.ubuntu.com/ubuntu noble-updates/main amd64 gsettings-desktop-schemas all 46.1-0ubuntu1 [35.6 kB]
client	Browser compatibility and Rust-server WebSocket E2E	2026-10-06T16:39:19.5364229Z Get:12 http://azure.archive.ubuntu.com/ubuntu noble/main amd64 glib-networking amd64 2.80.0-1build1 [64.1 kB]
client	Browser compatibility and Rust-server WebSocket E2E	2026-10-06T16:39:19.6217984Z Get:13 http://azure.archive.ubuntu.com/ubuntu noble-updates/universe amd64 libva2 amd64 2.20.0-2ubuntu0.2 [66.4 kB]
client	Browser compatibility and Rust-server WebSocket E2E	2026-10-06T16:39:19.7076346Z Get:14 http://azure.archive.ubuntu.com/ubuntu noble-updates/universe amd64 libva-drm2 amd64 2.20.0-2ubuntu0.2 [7124 B]
client	Browser compatibility and Rust-server WebSocket E2E	2026-10-06T16:39:19.7970252Z Get:15 http://azure.archive.ubuntu.com/ubuntu noble-updates/universe amd64 libva-x11-2 amd64 2.20.0-2ubuntu0.2 [12.0 kB]
client	Browser compatibility and Rust-server WebSocket E2E	2026-10-06T16:39:19.9746248Z Get:16 http://azure.archive.ubuntu.com/ubuntu noble/main amd64 libvdpau1 amd64 1.5-2build1 [27.8 kB]
client	Browser compatibility and Rust-server WebSocket E2E	2026-10-06T16:39:20.1734543Z Get:17 http://azure.archive.ubuntu.com/ubuntu noble/universe amd64 libvpl2 amd64 2023.3.0-1build1 [99.8 kB]
client	Browser compatibility and Rust-server WebSocket E2E	2026-10-06T16:39:20.4531827Z Get:18 http://azure.archive.ubuntu.com/ubuntu noble/universe amd64 ocl-icd-libopencl1 amd64 2.3.2-1build1 [38.5 kB]
client	Browser compatibility and Rust-server WebSocket E2E	2026-10-06T16:39:20.5695737Z Get:19 http://azure.archive.ubuntu.com/ubuntu noble/universe amd64 libavutil58 amd64 7:6.1.1-3ubuntu5 [401 kB]
client	Browser compatibility and Rust-server WebSocket E2E	2026-10-06T16:39:20.8578573Z Get:20 http://azure.archive.ubuntu.com/ubuntu noble/universe amd64 libcodec2-1.2 amd64 1.2.0-2build1 [8998 kB]
client	Browser compatibility and Rust-server WebSocket E2E	2026-10-06T16:39:21.4013670Z Get:21 http://azure.archive.ubuntu.com/ubuntu noble/universe amd64 libdav1d7 amd64 1.4.1-1build1 [604 kB]
client	Browser compatibility and Rust-server WebSocket E2E	2026-10-06T16:39:21.4830334Z Get:22 http://azure.archive.ubuntu.com/ubuntu noble/universe amd64 libgsm1 amd64 1.0.22-1build1 [27.8 kB]
client	Browser compatibility and Rust-server WebSocket E2E	2026-10-06T16:39:21.5594586Z Get:23 http://azure.archive.ubuntu.com/ubuntu noble/universe amd64 libhwy1t64 amd64 1.0.7-8.1build1 [584 kB]
client	Browser compatibility and Rust-server WebSocket E2E	2026-10-06T16:39:21.6517919Z Get:24 http://azure.archive.ubuntu.com/ubuntu noble-updates/universe amd64 libjxl0.7 amd64 0.7.0-10.2ubuntu6.1 [1001 kB]
client	Browser compatibility and Rust-server WebSocket E2E	2026-10-06T16:39:21.7559343Z Get:25 http://azure.archive.ubuntu.com/ubuntu noble/main amd64 libmp3lame0 amd64 3.100-6build1 [142 kB]
client	Browser compatibility and Rust-server WebSocket E2E	2026-10-06T16:39:21.8351210Z Get:26 http://azure.archive.ubuntu.com/ubuntu noble/main amd64 libopus0 amd64 1.4-1build1 [208 kB]
client	Browser compatibility and Rust-server WebSocket E2E	2026-10-06T16:39:21.9162167Z Get:27 http://azure.archive.ubuntu.com/ubuntu noble/universe amd64 librav1e0 amd64 0.7.1-2 [1022 kB]
client	Browser compatibility and Rust-server WebSocket E2E	2026-10-06T16:39:22.0170104Z Get:28 http://azure.archive.ubuntu.com/ubuntu noble/main amd64 librsvg2-2 amd64 2.58.0+dfsg-1build1 [2135 kB]
client	Browser compatibility and Rust-server WebSocket E2E	2026-10-06T16:39:22.1441785Z Get:29 http://azure.archive.ubuntu.com/ubuntu noble/universe amd64 libshine3 amd64 3.1.1-2build1 [23.2 kB]
client	Browser compatibility and Rust-server WebSocket E2E	2026-10-06T16:39:22.2210006Z Get:30 http://azure.archive.ubuntu.com/ubuntu noble-updates/main amd64 libspeex1 amd64 1.2.1-2ubuntu2.24.04.1 [59.6 kB]
client	Browser compatibility and Rust-server WebSocket E2E	2026-10-06T16:39:22.2981460Z Get:31 http://azure.archive.ubuntu.com/ubuntu noble/universe amd64 libsvtav1enc1d1 amd64 1.7.0+dfsg-2build1 [2425 kB]
client	Browser compatibility and Rust-server WebSocket E2E	2026-10-06T16:39:22.4327380Z Get:32 http://azure.archive.ubuntu.com/ubuntu noble/universe amd64 libsoxr0 amd64 0.1.3-4build3 [80.0 kB]
client	Browser compatibility and Rust-server WebSocket E2E	2026-10-06T16:39:22.5101306Z Get:33 http://azure.archive.ubuntu.com/ubuntu noble/universe amd64 libswresample4 amd64 7:6.1.1-3ubuntu5 [63.8 kB]
client	Browser compatibility and Rust-server WebSocket E2E	2026-10-06T16:39:22.5875065Z Get:34 http://azure.archive.ubuntu.com/ubuntu noble/main amd64 libtheora0 amd64 1.1.1+dfsg.1-16.1build3 [211 kB]
client	Browser compatibility and Rust-server WebSocket E2E	2026-10-06T16:39:22.6699552Z Get:35 http://azure.archive.ubuntu.com/ubuntu noble/main amd64 libtwolame0 amd64 0.4.0-2build3 [52.3 kB]
client	Browser compatibility and Rust-server WebSocket E2E	2026-10-06T16:39:22.7475704Z Get:36 http://azure.archive.ubuntu.com/ubuntu noble/main amd64 libvorbisenc2 amd64 1.3.7-1build3 [80.8 kB]
client	Browser compatibility and Rust-server WebSocket E2E	2026-10-06T16:39:22.8252947Z Get:37 http://azure.archive.ubuntu.com/ubuntu noble-updates/main amd64 libvpx9 amd64 1.14.0-1ubuntu2.3 [1143 kB]
client	Browser compatibility and Rust-server WebSocket E2E	2026-10-06T16:39:22.9291629Z Get:38 http://azure.archive.ubuntu.com/ubuntu noble/universe amd64 libx264-164 amd64 2:0.164.3108+git31e19f9-1 [604 kB]
client	Browser compatibility and Rust-server WebSocket E2E	2026-10-06T16:39:23.0201356Z Get:39 http://azure.archive.ubuntu.com/ubuntu noble/universe amd64 libx265-199 amd64 3.5-2build1 [1226 kB]
client	Browser compatibility and Rust-server WebSocket E2E	2026-10-06T16:39:23.1253744Z Get:40 http://azure.archive.ubuntu.com/ubuntu noble/universe amd64 libxvidcore4 amd64 2:1.3.7-1build1 [219 kB]
client	Browser compatibility and Rust-server WebSocket E2E	2026-10-06T16:39:23.2069013Z Get:41 http://azure.archive.ubuntu.com/ubuntu noble/universe amd64 libzvbi-common all 0.2.42-2 [42.4 kB]
client	Browser compatibility and Rust-server WebSocket E2E	2026-10-06T16:39:23.2842085Z Get:42 http://azure.archive.ubuntu.com/ubuntu noble/universe amd64 libzvbi0t64 amd64 0.2.42-2 [261 kB]
client	Browser compatibility and Rust-server WebSocket E2E	2026-10-06T16:39:23.3661522Z Get:43 http://azure.archive.ubuntu.com/ubuntu noble/universe amd64 libavcodec60 amd64 7:6.1.1-3ubuntu5 [5851 kB]
client	Browser compatibility and Rust-server WebSocket E2E	2026-10-06T16:39:23.5845838Z Get:44 http://azure.archive.ubuntu.com/ubuntu noble-security/main amd64 libfreetype6 amd64 2.13.2+dfsg-1ubuntu0.2 [403 kB]
client	Browser compatibility and Rust-server WebSocket E2E	2026-10-06T16:39:23.6703561Z Get:45 http://azure.archive.ubuntu.com/ubuntu noble/universe amd64 libunibreak5 amd64 5.1-2build1 [25.0 kB]
client	Browser compatibility and Rust-server WebSocket E2E	2026-10-06T16:39:23.7498479Z Get:46 http://azure.archive.ubuntu.com/ubuntu noble/universe amd64 libass9 amd64 1:0.17.1-2build1 [104 kB]
client	Browser compatibility and Rust-server WebSocket E2E	2026-10-06T16:39:23.8283683Z Get:47 http://azure.archive.ubuntu.com/ubuntu noble/universe amd64 libudfread0 amd64 1.1.2-1build1 [19.0 kB]
client	Browser compatibility and Rust-server WebSocket E2E	2026-10-06T16:39:23.9049684Z Get:48 http://azure.archive.ubuntu.com/ubuntu noble/universe amd64 libbluray2 amd64 1:1.3.4-1build1 [159 kB]
client	Browser compatibility and Rust-server WebSocket E2E	2026-10-06T16:39:23.9848041Z Get:49 http://azure.archive.ubuntu.com/ubuntu noble/universe amd64 libchromaprint1 amd64 1.5.1-5 [30.5 kB]
client	Browser compatibility and Rust-server WebSocket E2E	2026-10-06T16:39:24.0617253Z Get:50 http://azure.archive.ubuntu.com/ubuntu noble/universe amd64 libgme0 amd64 0.6.3-7build1 [134 kB]
client	Browser compatibility and Rust-server WebSocket E2E	2026-10-06T16:39:24.1429826Z Get:51 http://azure.archive.ubuntu.com/ubuntu noble-updates/main amd64 libmpg123-0t64 amd64 1.32.5-1ubuntu1.1 [169 kB]
client	Browser compatibility and Rust-server WebSocket E2E	2026-10-06T16:39:24.2204575Z Get:52 http://azure.archive.ubuntu.com/ubuntu noble/universe amd64 libopenmpt0t64 amd64 0.7.3-1.1build3 [647 kB]
client	Browser compatibility and Rust-server WebSocket E2E	2026-10-06T16:39:24.3116753Z Get:53 http://azure.archive.ubuntu.com/ubuntu noble/universe amd64 libcjson1 amd64 1.7.17-1 [24.8 kB]
client	Browser compatibility and Rust-server WebSocket E2E	2026-10-06T16:39:24.3883072Z Get:54 http://azure.archive.ubuntu.com/ubuntu noble/universe amd64 libmbedcrypto7t64 amd64 2.28.8-1 [209 kB]
client	Browser compatibility and Rust-server WebSocket E2E	2026-10-06T16:39:24.4726405Z Get:55 http://azure.archive.ubuntu.com/ubuntu noble/universe amd64 librist4 amd64 0.2.10+dfsg-2 [74.9 kB]
client	Browser compatibility and Rust-server WebSocket E2E	2026-10-06T16:39:24.5497666Z Get:56 http://azure.archive.ubuntu.com/ubuntu noble/universe amd64 libsrt1.5-gnutls amd64 1.5.3-1build2 [316 kB]
client	Browser compatibility and Rust-server WebSocket E2E	2026-10-06T16:39:24.6333637Z Get:57 http://azure.archive.ubuntu.com/ubuntu noble-updates/main amd64 libssh-gcrypt-4 amd64 0.10.6-2ubuntu0.5 [226 kB]
client	Browser compatibility and Rust-server WebSocket E2E	2026-10-06T16:39:24.7147070Z Get:58 http://azure.archive.ubuntu.com/ubuntu noble/universe amd64 libavformat60 amd64 7:6.1.1-3ubuntu5 [1153 kB]
client	Browser compatibility and Rust-server WebSocket E2E	2026-10-06T16:39:24.8184532Z Get:59 http://azure.archive.ubuntu.com/ubuntu noble/universe amd64 libbs2b0 amd64 3.1.0+dfsg-7build1 [10.6 kB]
client	Browser compatibility and Rust-server WebSocket E2E	2026-10-06T16:39:24.8950074Z Get:60 http://azure.archive.ubuntu.com/ubuntu noble/universe amd64 libflite1 amd64 2.2-6build3 [13.6 MB]
client	Browser compatibility and Rust-server WebSocket E2E	2026-10-06T16:39:25.2998912Z Get:61 http://azure.archive.ubuntu.com/ubuntu noble/universe amd64 libserd-0-0 amd64 0.32.2-1 [43.6 kB]
client	Browser compatibility and Rust-server WebSocket E2E	2026-10-06T16:39:25.3767101Z Get:62 http://azure.archive.ubuntu.com/ubuntu noble/universe amd64 libzix-0-0 amd64 0.4.2-2build1 [23.6 kB]
client	Browser compatibility and Rust-server WebSocket E2E	2026-10-06T16:39:25.4534205Z Get:63 http://azure.archive.ubuntu.com/ubuntu noble/universe amd64 libsord-0-0 amd64 0.16.16-2build1 [15.8 kB]
client	Browser compatibility and Rust-server WebSocket E2E	2026-10-06T16:39:25.5298423Z Get:64 http://azure.archive.ubuntu.com/ubuntu noble/universe amd64 libsratom-0-0 amd64 0.6.16-1build1 [17.3 kB]
client	Browser compatibility and Rust-server WebSocket E2E	2026-10-06T16:39:25.6063216Z Get:65 http://azure.archive.ubuntu.com/ubuntu noble/universe amd64 liblilv-0-0 amd64 0.24.22-1build1 [41.0 kB]
client	Browser compatibility and Rust-server WebSocket E2E	2026-10-06T16:39:25.6829142Z Get:66 http://azure.archive.ubuntu.com/ubuntu noble/universe amd64 libmysofa1 amd64 1.3.2+dfsg-2ubuntu2 [1158 kB]
client	Browser compatibility and Rust-server WebSocket E2E	2026-10-06T16:39:25.7875486Z Get:67 http://azure.archive.ubuntu.com/ubuntu noble/universe amd64 libplacebo338 amd64 6.338.2-2build1 [2654 kB]
client	Browser compatibility and Rust-server WebSocket E2E	2026-10-06T16:39:25.9273837Z Get:68 http://azure.archive.ubuntu.com/ubuntu noble-updates/main amd64 libblas3 amd64 3.12.0-3build1.1 [238 kB]
client	Browser compatibility and Rust-server WebSocket E2E	2026-10-06T16:39:26.0085220Z Get:69 http://azure.archive.ubuntu.com/ubuntu noble-updates/main amd64 liblapack3 amd64 3.12.0-3build1.1 [2646 kB]
client	Browser compatibility and Rust-server WebSocket E2E	2026-10-06T16:39:26.1482050Z Get:70 http://azure.archive.ubuntu.com/ubuntu noble/main amd64 libasyncns0 amd64 0.8-6build4 [11.3 kB]
client	Browser compatibility and Rust-server WebSocket E2E	2026-10-06T16:39:26.2260181Z Get:71 http://azure.archive.ubuntu.com/ubuntu noble/main amd64 libflac12t64 amd64 1.4.3+ds-2.1ubuntu2 [197 kB]
client	Browser compatibility and Rust-server WebSocket E2E	2026-10-06T16:39:26.3056180Z Get:72 http://azure.archive.ubuntu.com/ubuntu noble-updates/main amd64 libsndfile1 amd64 1.2.2-1ubuntu5.24.04.1 [209 kB]
client	Browser compatibility and Rust-server WebSocket E2E	2026-10-06T16:39:26.3863512Z Get:73 http://azure.archive.ubuntu.com/ubuntu noble-updates/main amd64 libpulse0 amd64 1:16.1+dfsg1-2ubuntu10.1 [292 kB]
client	Browser compatibility and Rust-server WebSocket E2E	2026-10-06T16:39:26.4690636Z Get:74 http://azure.archive.ubuntu.com/ubuntu noble/universe amd64 libsphinxbase3t64 amd64 0.8+5prealpha+1-17build2 [126 kB]
client	Browser compatibility and Rust-server WebSocket E2E	2026-10-06T16:39:26.5476287Z Get:75 http://azure.archive.ubuntu.com/ubuntu noble/universe amd64 libpocketsphinx3 amd64 0.8.0+real5prealpha+1-15ubuntu5 [133 kB]
client	Browser compatibility and Rust-server WebSocket E2E	2026-10-06T16:39:26.6267173Z Get:76 http://azure.archive.ubuntu.com/ubuntu noble/universe amd64 libpostproc57 amd64 7:6.1.1-3ubuntu5 [49.9 kB]
client	Browser compatibility and Rust-server WebSocket E2E	2026-10-06T16:39:26.7036885Z Get:77 http://azure.archive.ubuntu.com/ubuntu noble/main amd64 libsamplerate0 amd64 0.2.2-4build1 [1344 kB]
client	Browser compatibility and Rust-server WebSocket E2E	2026-10-06T16:39:26.8974124Z Get:78 http://azure.archive.ubuntu.com/ubuntu noble/universe amd64 librubberband2 amd64 3.3.0+dfsg-2build1 [130 kB]
client	Browser compatibility and Rust-server WebSocket E2E	2026-10-06T16:39:27.2622478Z Get:79 http://azure.archive.ubuntu.com/ubuntu noble/universe amd64 libswscale7 amd64 7:6.1.1-3ubuntu5 [193 kB]
client	Browser compatibility and Rust-server WebSocket E2E	2026-10-06T16:39:27.4520308Z Get:80 http://azure.archive.ubuntu.com/ubuntu noble/universe amd64 libvidstab1.1 amd64 1.1.0-2build1 [38.5 kB]
client	Browser compatibility and Rust-server WebSocket E2E	2026-10-06T16:39:27.5512471Z Get:81 http://azure.archive.ubuntu.com/ubuntu noble/universe amd64 libzimg2 amd64 3.0.5+ds1-1build1 [254 kB]
client	Browser compatibility and Rust-server WebSocket E2E	2026-10-06T16:39:27.6913950Z Get:82 http://azure.archive.ubuntu.com/ubuntu noble/universe amd64 libavfilter9 amd64 7:6.1.1-3ubuntu5 [4235 kB]
client	Browser compatibility and Rust-server WebSocket E2E	2026-10-06T16:39:28.1234049Z Get:83 http://azure.archive.ubuntu.com/ubuntu noble-updates/main amd64 liborc-0.4-0t64 amd64 1:0.4.38-1ubuntu0.1 [207 kB]
client	Browser compatibility and Rust-server WebSocket E2E	2026-10-06T16:39:28.2145955Z Get:84 http://azure.archive.ubuntu.com/ubuntu noble-updates/main amd64 libgstreamer-plugins-base1.0-0 amd64 1.24.2-1ubuntu0.5 [862 kB]
client	Browser compatibility and Rust-server WebSocket E2E	2026-10-06T16:39:28.3153281Z Get:85 http://azure.archive.ubuntu.com/ubuntu noble/universe amd64 gstreamer1.0-libav amd64 1.24.1-1build1 [103 kB]
client	Browser compatibility and Rust-server WebSocket E2E	2026-10-06T16:39:28.4050359Z Get:86 http://azure.archive.ubuntu.com/ubuntu noble/main amd64 libcdparanoia0 amd64 3.10.2+debian-14build3 [48.5 kB]
client	Browser compatibility and Rust-server WebSocket E2E	2026-10-06T16:39:28.4945770Z Get:87 http://azure.archive.ubuntu.com/ubuntu noble/main amd64 libvisual-0.4-0 amd64 0.4.2-2build1 [115 kB]
client	Browser compatibility and Rust-server WebSocket E2E	2026-10-06T16:39:28.5843332Z Get:88 http://azure.archive.ubuntu.com/ubuntu noble-updates/main amd64 gstreamer1.0-plugins-base amd64 1.24.2-1ubuntu0.5 [721 kB]
client	Browser compatibility and Rust-server WebSocket E2E	2026-10-06T16:39:28.6832136Z Get:89 http://azure.archive.ubuntu.com/ubuntu noble/main amd64 libaa1 amd64 1.4p5-51.1 [49.9 kB]
client	Browser compatibility and Rust-server WebSocket E2E	2026-10-06T16:39:28.7723579Z Get:90 http://azure.archive.ubuntu.com/ubuntu noble/main amd64 libraw1394-11 amd64 2.1.2-2build3 [26.2 kB]
client	Browser compatibility and Rust-server WebSocket E2E	2026-10-06T16:39:28.8615480Z Get:91 http://azure.archive.ubuntu.com/ubuntu noble/main amd64 libavc1394-0 amd64 0.5.4-5build3 [15.4 kB]
client	Browser compatibility and Rust-server WebSocket E2E	2026-10-06T16:39:28.9507707Z Get:92 http://azure.archive.ubuntu.com/ubuntu noble-updates/main amd64 libcaca0 amd64 0.99.beta20-4ubuntu0.2 [209 kB]
client	Browser compatibility and Rust-server WebSocket E2E	2026-10-06T16:39:29.0420851Z Get:93 http://azure.archive.ubuntu.com/ubuntu noble/main amd64 libdv4t64 amd64 1.0.0-17.1build1 [63.2 kB]
client	Browser compatibility and Rust-server WebSocket E2E	2026-10-06T16:39:29.1332026Z Get:94 http://azure.archive.ubuntu.com/ubuntu noble-updates/main amd64 libgstreamer-plugins-good1.0-0 amd64 1.24.2-1ubuntu1.8 [34.3 kB]
client	Browser compatibility and Rust-server WebSocket E2E	2026-10-06T16:39:29.2224127Z Get:95 http://azure.archive.ubuntu.com/ubuntu noble/main amd64 libiec61883-0 amd64 1.2.0-6build1 [24.5 kB]
client	Browser compatibility and Rust-server WebSocket E2E	2026-10-06T16:39:29.3171914Z Get:96 http://azure.archive.ubuntu.com/ubuntu noble/main amd64 libshout3 amd64 2.4.6-1build2 [50.3 kB]
client	Browser compatibility and Rust-server WebSocket E2E	2026-10-06T16:39:29.4066594Z Get:97 http://azure.archive.ubuntu.com/ubuntu noble/main amd64 libtag1v5-vanilla amd64 1.13.1-1build1 [326 kB]
client	Browser compatibility and Rust-server WebSocket E2E	2026-10-06T16:39:29.4998315Z Get:98 http://azure.archive.ubuntu.com/ubuntu noble/main amd64 libtag1v5 amd64 1.13.1-1build1 [11.7 kB]
client	Browser compatibility and Rust-server WebSocket E2E	2026-10-06T16:39:29.5889317Z Get:99 http://azure.archive.ubuntu.com/ubuntu noble/main amd64 libv4lconvert0t64 amd64 1.26.1-4build3 [87.6 kB]
client	Browser compatibility and Rust-server WebSocket E2E	2026-10-06T16:39:29.6793903Z Get:100 http://azure.archive.ubuntu.com/ubuntu noble/main amd64 libv4l-0t64 amd64 1.26.1-4build3 [46.9 kB]
client	Browser compatibility and Rust-server WebSocket E2E	2026-10-06T16:39:29.7689023Z Get:101 http://azure.archive.ubuntu.com/ubuntu noble/main amd64 libwavpack1 amd64 5.6.0-1build1 [84.6 kB]
client	Browser compatibility and Rust-server WebSocket E2E	2026-10-06T16:39:29.8585289Z Get:102 http://azure.archive.ubuntu.com/ubuntu noble-updates/main amd64 libsoup-3.0-common all 3.4.4-5ubuntu0.8 [11.7 kB]
client	Browser compatibility and Rust-server WebSocket E2E	2026-10-06T16:39:29.9378293Z Get:103 http://azure.archive.ubuntu.com/ubuntu noble-updates/main amd64 libsoup-3.0-0 amd64 3.4.4-5ubuntu0.8 [290 kB]
client	Browser compatibility and Rust-server WebSocket E2E	2026-10-06T16:39:30.0204725Z Get:104 http://azure.archive.ubuntu.com/ubuntu noble-updates/main amd64 gstreamer1.0-plugins-good amd64 1.24.2-1ubuntu1.8 [2236 kB]
client	Browser compatibility and Rust-server WebSocket E2E	2026-10-06T16:39:30.1493948Z Get:105 http://azure.archive.ubuntu.com/ubuntu noble-updates/main amd64 libabsl20220623t64 amd64 20220623.1-3.1ubuntu3.2 [423 kB]
client	Browser compatibility and Rust-server WebSocket E2E	2026-10-06T16:39:30.2345526Z Get:106 http://azure.archive.ubuntu.com/ubuntu noble/universe amd64 libgav1-1 amd64 0.18.0-1build3 [357 kB]
client	Browser compatibility and Rust-server WebSocket E2E	2026-10-06T16:39:30.3277657Z Get:107 http://azure.archive.ubuntu.com/ubuntu noble/universe amd64 libyuv0 amd64 0.0~git202401110.af6ac82-1 [178 kB]
client	Browser compatibility and Rust-server WebSocket E2E	2026-10-06T16:39:30.4074431Z Get:108 http://azure.archive.ubuntu.com/ubuntu noble/universe amd64 libavif16 amd64 1.0.4-1ubuntu3 [91.2 kB]
client	Browser compatibility and Rust-server WebSocket E2E	2026-10-06T16:39:30.4852572Z Get:109 http://azure.archive.ubuntu.com/ubuntu noble/universe amd64 libavtp0 amd64 0.2.0-1build1 [6414 B]
client	Browser compatibility and Rust-server WebSocket E2E	2026-10-06T16:39:30.5615540Z Get:110 http://azure.archive.ubuntu.com/ubuntu noble/main amd64 libcairo-script-interpreter2 amd64 1.18.0-3build1 [60.3 kB]
client	Browser compatibility and Rust-server WebSocket E2E	2026-10-06T16:39:30.6381642Z Get:111 http://azure.archive.ubuntu.com/ubuntu noble/universe amd64 libdc1394-25 amd64 2.2.6-4build1 [90.1 kB]
client	Browser compatibility and Rust-server WebSocket E2E	2026-10-06T16:39:30.7166872Z Get:112 http://azure.archive.ubuntu.com/ubuntu noble-updates/main amd64 libde265-0 amd64 1.0.15-1ubuntu0.1 [167 kB]
client	Browser compatibility and Rust-server WebSocket E2E	2026-10-06T16:39:30.7963137Z Get:113 http://azure.archive.ubuntu.com/ubuntu noble/main amd64 libdecor-0-0 amd64 0.2.2-1build2 [16.5 kB]
client	Browser compatibility and Rust-server WebSocket E2E	2026-10-06T16:39:30.8749116Z Get:114 http://azure.archive.ubuntu.com/ubuntu noble/main amd64 libgles2 amd64 1.7.0-1build1 [17.1 kB]
client	Browser compatibility and Rust-server WebSocket E2E	2026-10-06T16:39:30.9511098Z Get:115 http://azure.archive.ubuntu.com/ubuntu noble/universe amd64 libdirectfb-1.7-7t64 amd64 1.7.7-11.1ubuntu2 [1035 kB]
client	Browser compatibility and Rust-server WebSocket E2E	2026-10-06T16:39:31.0517878Z Get:116 http://azure.archive.ubuntu.com/ubuntu noble/universe amd64 libdvdread8t64 amd64 6.1.3-1.1build1 [54.7 kB]
client	Browser compatibility and Rust-server WebSocket E2E	2026-10-06T16:39:31.1284483Z Get:117 http://azure.archive.ubuntu.com/ubuntu noble/universe amd64 libdvdnav4 amd64 6.1.1-3build1 [39.5 kB]
client	Browser compatibility and Rust-server WebSocket E2E	2026-10-06T16:39:31.2047945Z Get:118 http://azure.archive.ubuntu.com/ubuntu noble-updates/main amd64 libgl1-mesa-dri amd64 25.2.8-0ubuntu0.24.04.4 [38.0 kB]
client	Browser compatibility and Rust-server WebSocket E2E	2026-10-06T16:39:31.2811608Z Get:119 http://azure.archive.ubuntu.com/ubuntu noble-updates/main amd64 libglx-mesa0 amd64 25.2.8-0ubuntu0.24.04.4 [110 kB]
client	Browser compatibility and Rust-server WebSocket E2E	2026-10-06T16:39:31.3590416Z Get:120 http://azure.archive.ubuntu.com/ubuntu noble-updates/main amd64 libgbm1 amd64 25.2.8-0ubuntu0.24.04.4 [34.2 kB]
client	Browser compatibility and Rust-server WebSocket E2E	2026-10-06T16:39:31.4390968Z Get:121 http://azure.archive.ubuntu.com/ubuntu noble-updates/main amd64 mesa-libgallium amd64 25.2.8-0ubuntu0.24.04.4 [10.8 MB]
client	Browser compatibility and Rust-server WebSocket E2E	2026-10-06T16:39:31.7756585Z Get:122 http://azure.archive.ubuntu.com/ubuntu noble-updates/main amd64 libegl-mesa0 amd64 25.2.8-0ubuntu0.24.04.4 [117 kB]
client	Browser compatibility and Rust-server WebSocket E2E	2026-10-06T16:39:31.8540136Z Get:123 http://azure.archive.ubuntu.com/ubuntu noble-updates/main amd64 libevent-2.1-7t64 amd64 2.1.12-stable-9ubuntu2.2 [146 kB]
client	Browser compatibility and Rust-server WebSocket E2E	2026-10-06T16:39:31.9328876Z Get:124 http://azure.archive.ubuntu.com/ubuntu noble-updates/main amd64 libevent-pthreads-2.1-7t64 amd64 2.1.12-stable-9ubuntu2.2 [7988 B]
client	Browser compatibility and Rust-server WebSocket E2E	2026-10-06T16:39:32.0087973Z Get:125 http://azure.archive.ubuntu.com/ubuntu noble-updates/main amd64 libevent-core-2.1-7t64 amd64 2.1.12-stable-9ubuntu2.2 [91.9 kB]
client	Browser compatibility and Rust-server WebSocket E2E	2026-10-06T16:39:32.0861138Z Get:126 http://azure.archive.ubuntu.com/ubuntu noble/universe amd64 libfaad2 amd64 2.11.1-1build1 [207 kB]
client	Browser compatibility and Rust-server WebSocket E2E	2026-10-06T16:39:32.1666922Z Get:127 http://azure.archive.ubuntu.com/ubuntu noble/universe amd64 libinstpatch-1.0-2 amd64 1.1.6-1build2 [251 kB]
client	Browser compatibility and Rust-server WebSocket E2E	2026-10-06T16:39:32.2479053Z Get:128 http://azure.archive.ubuntu.com/ubuntu noble/main amd64 libjack-jackd2-0 amd64 1.9.21~dfsg-3ubuntu3 [289 kB]
client	Browser compatibility and Rust-server WebSocket E2E	2026-10-06T16:39:32.3297687Z Get:129 http://azure.archive.ubuntu.com/ubuntu noble/main amd64 libwebrtc-audio-processing1 amd64 0.3.1-0ubuntu6 [290 kB]
client	Browser compatibility and Rust-server WebSocket E2E	2026-10-06T16:39:32.4122400Z Get:130 http://azure.archive.ubuntu.com/ubuntu noble-updates/main amd64 libspa-0.2-modules amd64 1.0.5-1ubuntu3.3 [628 kB]
client	Browser compatibility and Rust-server WebSocket E2E	2026-10-06T16:39:32.5027236Z Get:131 http://azure.archive.ubuntu.com/ubuntu noble-updates/main amd64 libpipewire-0.3-0t64 amd64 1.0.5-1ubuntu3.3 [252 kB]
client	Browser compatibility and Rust-server WebSocket E2E	2026-10-06T16:39:32.5840826Z Get:132 http://azure.archive.ubuntu.com/ubuntu noble-updates/main amd64 libsdl2-2.0-0 amd64 2.30.0+dfsg-1ubuntu3.1 [686 kB]
client	Browser compatibility and Rust-server WebSocket E2E	2026-10-06T16:39:32.6762445Z Get:133 http://azure.archive.ubuntu.com/ubuntu noble/universe amd64 timgm6mb-soundfont all 1.3-5 [5427 kB]
client	Browser compatibility and Rust-server WebSocket E2E	2026-10-06T16:39:32.8825292Z Get:134 http://azure.archive.ubuntu.com/ubuntu noble/universe amd64 libfluidsynth3 amd64 2.3.4-1build3 [249 kB]
client	Browser compatibility and Rust-server WebSocket E2E	2026-10-06T16:39:32.9658976Z Get:135 http://azure.archive.ubuntu.com/ubuntu noble/main amd64 libfreeaptx0 amd64 0.1.1-2build1 [13.5 kB]
client	Browser compatibility and Rust-server WebSocket E2E	2026-10-06T16:39:33.0433984Z Get:136 http://azure.archive.ubuntu.com/ubuntu noble/main amd64 libgraphene-1.0-0 amd64 1.10.8-3build2 [46.2 kB]
client	Browser compatibility and Rust-server WebSocket E2E	2026-10-06T16:39:33.2113919Z Get:137 http://azure.archive.ubuntu.com/ubuntu noble/main amd64 libgssdp-1.6-0 amd64 1.6.3-1build3 [40.4 kB]
client	Browser compatibility and Rust-server WebSocket E2E	2026-10-06T16:39:33.4283892Z Get:138 http://azure.archive.ubuntu.com/ubuntu noble/main amd64 libegl1 amd64 1.7.0-1build1 [28.7 kB]
client	Browser compatibility and Rust-server WebSocket E2E	2026-10-06T16:39:33.5587927Z Get:139 http://azure.archive.ubuntu.com/ubuntu noble-updates/main amd64 libgstreamer-gl1.0-0 amd64 1.24.2-1ubuntu0.5 [214 kB]
client	Browser compatibility and Rust-server WebSocket E2E	2026-10-06T16:39:33.8671874Z Get:140 http://azure.archive.ubuntu.com/ubuntu noble-updates/main amd64 libgtk-4-common all 4.14.5+ds-0ubuntu0.10 [1497 kB]
client	Browser compatibility and Rust-server WebSocket E2E	2026-10-06T16:39:34.2136680Z Get:141 http://azure.archive.ubuntu.com/ubuntu noble-updates/main amd64 libgtk-4-1 amd64 4.14.5+ds-0ubuntu0.10 [3295 kB]
client	Browser compatibility and Rust-server WebSocket E2E	2026-10-06T16:39:34.4410269Z Get:142 http://azure.archive.ubuntu.com/ubuntu noble/main amd64 libgupnp-1.6-0 amd64 1.6.6-1build3 [92.7 kB]
client	Browser compatibility and Rust-server WebSocket E2E	2026-10-06T16:39:34.5256547Z Get:143 http://azure.archive.ubuntu.com/ubuntu noble/universe amd64 libgupnp-igd-1.6-0 amd64 1.6.0-3build3 [16.5 kB]
client	Browser compatibility and Rust-server WebSocket E2E	2026-10-06T16:39:34.6100131Z Get:144 http://azure.archive.ubuntu.com/ubuntu noble/main amd64 libharfbuzz-icu0 amd64 8.3.0-2build2 [13.3 kB]
client	Browser compatibility and Rust-server WebSocket E2E	2026-10-06T16:39:34.6945171Z Get:145 http://azure.archive.ubuntu.com/ubuntu noble/main amd64 libhyphen0 amd64 2.8.8-7build3 [26.5 kB]
client	Browser compatibility and Rust-server WebSocket E2E	2026-10-06T16:39:34.7792250Z Get:146 http://azure.archive.ubuntu.com/ubuntu noble/universe amd64 libimath-3-1-29t64 amd64 3.1.9-3.1ubuntu2 [72.2 kB]
client	Browser compatibility and Rust-server WebSocket E2E	2026-10-06T16:39:34.8638228Z Get:147 http://azure.archive.ubuntu.com/ubuntu noble/main amd64 liblc3-1 amd64 1.0.4-3build1 [69.7 kB]
client	Browser compatibility and Rust-server WebSocket E2E	2026-10-06T16:39:34.9486698Z Get:148 http://azure.archive.ubuntu.com/ubuntu noble/main amd64 libldacbt-enc2 amd64 2.0.2.3+git20200429+ed310a0-4ubuntu2 [27.1 kB]
client	Browser compatibility and Rust-server WebSocket E2E	2026-10-06T16:39:35.0330227Z Get:149 http://azure.archive.ubuntu.com/ubuntu noble-updates/main amd64 libraptor2-0 amd64 2.0.16-3ubuntu0.1 [165 kB]
client	Browser compatibility and Rust-server WebSocket E2E	2026-10-06T16:39:35.1191013Z Get:150 http://azure.archive.ubuntu.com/ubuntu noble/universe amd64 liblrdf0 amd64 0.6.1-4build1 [18.5 kB]
client	Browser compatibility and Rust-server WebSocket E2E	2026-10-06T16:39:35.2035376Z Get:151 http://azure.archive.ubuntu.com/ubuntu noble/universe amd64 libltc11 amd64 1.3.2-1build1 [13.0 kB]
client	Browser compatibility and Rust-server WebSocket E2E	2026-10-06T16:39:35.2877373Z Get:152 http://azure.archive.ubuntu.com/ubuntu noble/main amd64 libmanette-0.2-0 amd64 0.2.7-1build2 [30.6 kB]
client	Browser compatibility and Rust-server WebSocket E2E	2026-10-06T16:39:35.3723580Z Get:153 http://azure.archive.ubuntu.com/ubuntu noble/universe amd64 libmfx1 amd64 22.5.4-1 [3124 kB]
client	Browser compatibility and Rust-server WebSocket E2E	2026-10-06T16:39:35.5084102Z Get:154 http://azure.archive.ubuntu.com/ubuntu noble/universe amd64 libmjpegutils-2.1-0t64 amd64 1:2.1.0+debian-8.1build1 [25.5 kB]
client	Browser compatibility and Rust-server WebSocket E2E	2026-10-06T16:39:35.5932746Z Get:155 http://azure.archive.ubuntu.com/ubuntu noble/universe amd64 libmodplug1 amd64 1:0.8.9.0-3build1 [166 kB]
client	Browser compatibility and Rust-server WebSocket E2E	2026-10-06T16:39:35.6900221Z Get:156 http://azure.archive.ubuntu.com/ubuntu noble/universe amd64 libmpcdec6 amd64 2:0.1~r495-2build1 [32.7 kB]
client	Browser compatibility and Rust-server WebSocket E2E	2026-10-06T16:39:35.7747996Z Get:157 http://azure.archive.ubuntu.com/ubuntu noble/universe amd64 libmpeg2encpp-2.1-0t64 amd64 1:2.1.0+debian-8.1build1 [75.6 kB]
client	Browser compatibility and Rust-server WebSocket E2E	2026-10-06T16:39:35.8592947Z Get:158 http://azure.archive.ubuntu.com/ubuntu noble/universe amd64 libmplex2-2.1-0t64 amd64 1:2.1.0+debian-8.1build1 [46.1 kB]
client	Browser compatibility and Rust-server WebSocket E2E	2026-10-06T16:39:35.9440681Z Get:159 http://azure.archive.ubuntu.com/ubuntu noble/universe amd64 libneon27t64 amd64 0.33.0-1.1build3 [102 kB]
client	Browser compatibility and Rust-server WebSocket E2E	2026-10-06T16:39:36.0289938Z Get:160 http://azure.archive.ubuntu.com/ubuntu noble/universe amd64 libnice10 amd64 0.1.21-2build3 [157 kB]
client	Browser compatibility and Rust-server WebSocket E2E	2026-10-06T16:39:36.1164313Z Get:161 http://azure.archive.ubuntu.com/ubuntu noble/universe amd64 libopenal-data all 1:1.23.1-4build1 [161 kB]
client	Browser compatibility and Rust-server WebSocket E2E	2026-10-06T16:39:36.2013257Z Get:162 http://azure.archive.ubuntu.com/ubuntu noble/universe amd64 libopenexr-3-1-30 amd64 3.1.5-5.1build3 [1004 kB]
client	Browser compatibility and Rust-server WebSocket E2E	2026-10-06T16:39:36.2996942Z Get:163 http://azure.archive.ubuntu.com/ubuntu noble/universe amd64 libopenh264-7 amd64 2.4.1+dfsg-1 [409 kB]
client	Browser compatibility and Rust-server WebSocket E2E	2026-10-06T16:39:36.3888515Z Get:164 http://azure.archive.ubuntu.com/ubuntu noble/universe amd64 libopenni2-0 amd64 2.2.0.33+dfsg-18 [370 kB]
client	Browser compatibility and Rust-server WebSocket E2E	2026-10-06T16:39:36.4810544Z Get:165 http://azure.archive.ubuntu.com/ubuntu noble/universe amd64 libqrencode4 amd64 4.1.1-1build2 [25.0 kB]
client	Browser compatibility and Rust-server WebSocket E2E	2026-10-06T16:39:36.5653261Z Get:166 http://azure.archive.ubuntu.com/ubuntu noble/main amd64 libsecret-common all 0.21.4-1build3 [4962 B]
client	Browser compatibility and Rust-server WebSocket E2E	2026-10-06T16:39:36.6497249Z Get:167 http://azure.archive.ubuntu.com/ubuntu noble/main amd64 libsecret-1-0 amd64 0.21.4-1build3 [116 kB]
client	Browser compatibility and Rust-server WebSocket E2E	2026-10-06T16:39:36.7346985Z Get:168 http://azure.archive.ubuntu.com/ubuntu noble/universe amd64 libsndio7.0 amd64 1.9.0-0.3build3 [29.6 kB]
client	Browser compatibility and Rust-server WebSocket E2E	2026-10-06T16:39:36.8191030Z Get:169 http://azure.archive.ubuntu.com/ubuntu noble/universe amd64 libsoundtouch1 amd64 2.3.2+ds1-1build1 [60.5 kB]
client	Browser compatibility and Rust-server WebSocket E2E	2026-10-06T16:39:36.9035590Z Get:170 http://azure.archive.ubuntu.com/ubuntu noble/universe amd64 libspandsp2t64 amd64 0.0.6+dfsg-2.1build1 [311 kB]
client	Browser compatibility and Rust-server WebSocket E2E	2026-10-06T16:39:36.9914396Z Get:171 http://azure.archive.ubuntu.com/ubuntu noble/universe amd64 libsrtp2-1 amd64 2.5.0-3build1 [41.9 kB]
client	Browser compatibility and Rust-server WebSocket E2E	2026-10-06T16:39:37.0761136Z Get:172 http://azure.archive.ubuntu.com/ubuntu noble/main amd64 libwayland-server0 amd64 1.22.0-2.1build1 [33.9 kB]
client	Browser compatibility and Rust-server WebSocket E2E	2026-10-06T16:39:37.1604574Z Get:173 http://azure.archive.ubuntu.com/ubuntu noble/universe amd64 libwildmidi2 amd64 0.4.3-1build3 [68.5 kB]
client	Browser compatibility and Rust-server WebSocket E2E	2026-10-06T16:39:37.2457279Z Get:174 http://azure.archive.ubuntu.com/ubuntu noble/main amd64 libwoff1 amd64 1.0.2-2build1 [45.3 kB]
client	Browser compatibility and Rust-server WebSocket E2E	2026-10-06T16:39:37.3300578Z Get:175 http://azure.archive.ubuntu.com/ubuntu noble/main amd64 libxcb-xkb1 amd64 1.15-1ubuntu2 [32.3 kB]
client	Browser compatibility and Rust-server WebSocket E2E	2026-10-06T16:39:37.4916306Z Get:176 http://azure.archive.ubuntu.com/ubuntu noble/main amd64 libxkbcommon-x11-0 amd64 1.6.0-1build1 [14.5 kB]
client	Browser compatibility and Rust-server WebSocket E2E	2026-10-06T16:39:37.6522709Z Get:177 http://azure.archive.ubuntu.com/ubuntu noble/universe amd64 libzbar0t64 amd64 0.23.93-4build3 [123 kB]
client	Browser compatibility and Rust-server WebSocket E2E	2026-10-06T16:39:37.9387822Z Get:178 http://azure.archive.ubuntu.com/ubuntu noble/universe amd64 libzxing3 amd64 2.2.1-3 [583 kB]
client	Browser compatibility and Rust-server WebSocket E2E	2026-10-06T16:39:38.2230595Z Get:179 http://azure.archive.ubuntu.com/ubuntu noble/main amd64 xfonts-encodings all 1:1.0.5-0ubuntu2 [578 kB]
client	Browser compatibility and Rust-server WebSocket E2E	2026-10-06T16:39:38.3516296Z Get:180 http://azure.archive.ubuntu.com/ubuntu noble/main amd64 xfonts-utils amd64 1:7.7+6build3 [94.4 kB]
client	Browser compatibility and Rust-server WebSocket E2E	2026-10-06T16:39:38.4387799Z Get:181 http://azure.archive.ubuntu.com/ubuntu noble/universe amd64 xfonts-cyrillic all 1:1.0.5+nmu1 [384 kB]
client	Browser compatibility and Rust-server WebSocket E2E	2026-10-06T16:39:38.5483185Z Get:182 http://azure.archive.ubuntu.com/ubuntu noble/main amd64 xfonts-scalable all 1:1.0.3-1.3 [304 kB]
client	Browser compatibility and Rust-server WebSocket E2E	2026-10-06T16:39:38.6573225Z Get:183 http://azure.archive.ubuntu.com/ubuntu noble/universe amd64 libgstreamer-plugins-bad1.0-0 amd64 1.24.2-1ubuntu4 [797 kB]
client	Browser compatibility and Rust-server WebSocket E2E	2026-10-06T16:39:38.7983359Z Get:184 http://azure.archive.ubuntu.com/ubuntu noble/universe amd64 libdca0 amd64 0.0.7-2build1 [93.8 kB]
client	Browser compatibility and Rust-server WebSocket E2E	2026-10-06T16:39:38.8840662Z Get:185 http://azure.archive.ubuntu.com/ubuntu noble/universe amd64 libopenal1 amd64 1:1.23.1-4build1 [540 kB]
client	Browser compatibility and Rust-server WebSocket E2E	2026-10-06T16:39:38.9972190Z Get:186 http://azure.archive.ubuntu.com/ubuntu noble/main amd64 libsbc1 amd64 2.0-1build1 [33.9 kB]
client	Browser compatibility and Rust-server WebSocket E2E	2026-10-06T16:39:39.0793576Z Get:187 http://azure.archive.ubuntu.com/ubuntu noble/universe amd64 libvo-aacenc0 amd64 0.1.3-2build1 [67.8 kB]
client	Browser compatibility and Rust-server WebSocket E2E	2026-10-06T16:39:39.1642790Z Get:188 http://azure.archive.ubuntu.com/ubuntu noble/universe amd64 libvo-amrwbenc0 amd64 0.1.3-2build1 [76.7 kB]
client	Browser compatibility and Rust-server WebSocket E2E	2026-10-06T16:39:39.2484430Z Get:189 http://azure.archive.ubuntu.com/ubuntu noble/universe amd64 gstreamer1.0-plugins-bad amd64 1.24.2-1ubuntu4 [3081 kB]
client	Browser compatibility and Rust-server WebSocket E2E	2026-10-06T16:39:39.8403074Z Fetched 126 MB in 22s (5788 kB/s)
client	Browser compatibility and Rust-server WebSocket E2E	2026-10-06T16:39:39.8895716Z Selecting previously unselected package fonts-ipafont-gothic.
client	Browser compatibility and Rust-server WebSocket E2E	2026-10-06T16:39:39.9607673Z (Reading database ...
client	Browser compatibility and Rust-server WebSocket E2E	2026-10-06T16:39:39.9608116Z (Reading database ... 5%
client	Browser compatibility and Rust-server WebSocket E2E	2026-10-06T16:39:39.9608476Z (Reading database ... 10%
client	Browser compatibility and Rust-server WebSocket E2E	2026-10-06T16:39:39.9608915Z (Reading database ... 15%
client	Browser compatibility and Rust-server WebSocket E2E	2026-10-06T16:39:39.9609127Z (Reading database ... 20%
client	Browser compatibility and Rust-server WebSocket E2E	2026-10-06T16:39:39.9609359Z (Reading database ... 25%
client	Browser compatibility and Rust-server WebSocket E2E	2026-10-06T16:39:39.9609569Z (Reading database ... 30%
client	Browser compatibility and Rust-server WebSocket E2E	2026-10-06T16:39:39.9609770Z (Reading database ... 35%
client	Browser compatibility and Rust-server WebSocket E2E	2026-10-06T16:39:39.9609965Z (Reading database ... 40%
client	Browser compatibility and Rust-server WebSocket E2E	2026-10-06T16:39:39.9610186Z (Reading database ... 45%
client	Browser compatibility and Rust-server WebSocket E2E	2026-10-06T16:39:39.9610410Z (Reading database ... 50%
client	Browser compatibility and Rust-server WebSocket E2E	2026-10-06T16:39:39.9953415Z (Reading database ... 55%
client	Browser compatibility and Rust-server WebSocket E2E	2026-10-06T16:39:40.4932812Z (Reading database ... 60%
client	Browser compatibility and Rust-server WebSocket E2E	2026-10-06T16:39:40.7823959Z (Reading database ... 65%
client	Browser compatibility and Rust-server WebSocket E2E	2026-10-06T16:39:41.2258950Z (Reading database ... 70%
client	Browser compatibility and Rust-server WebSocket E2E	2026-10-06T16:39:41.5369263Z (Reading database ... 75%
client	Browser compatibility and Rust-server WebSocket E2E	2026-10-06T16:39:42.0730824Z (Reading database ... 80%
client	Browser compatibility and Rust-server WebSocket E2E	2026-10-06T16:39:42.7661437Z (Reading database ... 85%
client	Browser compatibility and Rust-server WebSocket E2E	2026-10-06T16:39:44.0493767Z (Reading database ... 90%
client	Browser compatibility and Rust-server WebSocket E2E	2026-10-06T16:39:45.2484841Z (Reading database ... 95%
client	Browser compatibility and Rust-server WebSocket E2E	2026-10-06T16:39:45.2485476Z (Reading database ... 100%
client	Browser compatibility and Rust-server WebSocket E2E	2026-10-06T16:39:45.2486234Z (Reading database ... 202296 files and directories currently installed.)
client	Browser compatibility and Rust-server WebSocket E2E	2026-10-06T16:39:45.2530561Z Preparing to unpack .../000-fonts-ipafont-gothic_00303-21ubuntu1_all.deb ...
client	Browser compatibility and Rust-server WebSocket E2E	2026-10-06T16:39:45.2664008Z Unpacking fonts-ipafont-gothic (00303-21ubuntu1) ...
client	Browser compatibility and Rust-server WebSocket E2E	2026-10-06T16:39:45.5148011Z Selecting previously unselected package fonts-freefont-ttf.
client	Browser compatibility and Rust-server WebSocket E2E	2026-10-06T16:39:45.5270244Z Preparing to unpack .../001-fonts-freefont-ttf_20211204+svn4273-2_all.deb ...
client	Browser compatibility and Rust-server WebSocket E2E	2026-10-06T16:39:45.5275244Z Unpacking fonts-freefont-ttf (20211204+svn4273-2) ...
client	Browser compatibility and Rust-server WebSocket E2E	2026-10-06T16:39:45.6538055Z Selecting previously unselected package fonts-tlwg-loma-otf.
client	Browser compatibility and Rust-server WebSocket E2E	2026-10-06T16:39:45.6660170Z Preparing to unpack .../002-fonts-tlwg-loma-otf_1%3a0.7.3-1_all.deb ...
client	Browser compatibility and Rust-server WebSocket E2E	2026-10-06T16:39:45.6666405Z Unpacking fonts-tlwg-loma-otf (1:0.7.3-1) ...
client	Browser compatibility and Rust-server WebSocket E2E	2026-10-06T16:39:45.6890670Z Selecting previously unselected package fonts-unifont.
client	Browser compatibility and Rust-server WebSocket E2E	2026-10-06T16:39:45.7012067Z Preparing to unpack .../003-fonts-unifont_1%3a15.1.01-1build1_all.deb ...
client	Browser compatibility and Rust-server WebSocket E2E	2026-10-06T16:39:45.7017455Z Unpacking fonts-unifont (1:15.1.01-1build1) ...
client	Browser compatibility and Rust-server WebSocket E2E	2026-10-06T16:39:46.0411880Z Selecting previously unselected package fonts-wqy-zenhei.
client	Browser compatibility and Rust-server WebSocket E2E	2026-10-06T16:39:46.0534568Z Preparing to unpack .../004-fonts-wqy-zenhei_0.9.45-8_all.deb ...
client	Browser compatibility and Rust-server WebSocket E2E	2026-10-06T16:39:46.0619560Z Unpacking fonts-wqy-zenhei (0.9.45-8) ...
client	Browser compatibility and Rust-server WebSocket E2E	2026-10-06T16:39:46.5347515Z Selecting previously unselected package libproxy1v5:amd64.
client	Browser compatibility and Rust-server WebSocket E2E	2026-10-06T16:39:46.5467959Z Preparing to unpack .../005-libproxy1v5_0.5.4-4build1_amd64.deb ...
client	Browser compatibility and Rust-server WebSocket E2E	2026-10-06T16:39:46.5480477Z Unpacking libproxy1v5:amd64 (0.5.4-4build1) ...
client	Browser compatibility and Rust-server WebSocket E2E	2026-10-06T16:39:46.7962047Z Selecting previously unselected package glib-networking-common.
client	Browser compatibility and Rust-server WebSocket E2E	2026-10-06T16:39:46.8086509Z Preparing to unpack .../006-glib-networking-common_2.80.0-1build1_all.deb ...
client	Browser compatibility and Rust-server WebSocket E2E	2026-10-06T16:39:46.8092747Z Unpacking glib-networking-common (2.80.0-1build1) ...
client	Browser compatibility and Rust-server WebSocket E2E	2026-10-06T16:39:46.8256969Z Selecting previously unselected package glib-networking-services.
client	Browser compatibility and Rust-server WebSocket E2E	2026-10-06T16:39:46.8376217Z Preparing to unpack .../007-glib-networking-services_2.80.0-1build1_amd64.deb ...
client	Browser compatibility and Rust-server WebSocket E2E	2026-10-06T16:39:46.8381351Z Unpacking glib-networking-services (2.80.0-1build1) ...
client	Browser compatibility and Rust-server WebSocket E2E	2026-10-06T16:39:46.9872612Z Selecting previously unselected package session-migration.
client	Browser compatibility and Rust-server WebSocket E2E	2026-10-06T16:39:46.9995866Z Preparing to unpack .../008-session-migration_0.3.9build1_amd64.deb ...
client	Browser compatibility and Rust-server WebSocket E2E	2026-10-06T16:39:47.0001521Z Unpacking session-migration (0.3.9build1) ...
client	Browser compatibility and Rust-server WebSocket E2E	2026-10-06T16:39:47.0283448Z Selecting previously unselected package gsettings-desktop-schemas.
client	Browser compatibility and Rust-server WebSocket E2E	2026-10-06T16:39:47.0404391Z Preparing to unpack .../009-gsettings-desktop-schemas_46.1-0ubuntu1_all.deb ...
client	Browser compatibility and Rust-server WebSocket E2E	2026-10-06T16:39:47.0410464Z Unpacking gsettings-desktop-schemas (46.1-0ubuntu1) ...
client	Browser compatibility and Rust-server WebSocket E2E	2026-10-06T16:39:47.2413857Z Selecting previously unselected package glib-networking:amd64.
client	Browser compatibility and Rust-server WebSocket E2E	2026-10-06T16:39:47.2533489Z Preparing to unpack .../010-glib-networking_2.80.0-1build1_amd64.deb ...
client	Browser compatibility and Rust-server WebSocket E2E	2026-10-06T16:39:47.2538822Z Unpacking glib-networking:amd64 (2.80.0-1build1) ...
client	Browser compatibility and Rust-server WebSocket E2E	2026-10-06T16:39:47.2724541Z Selecting previously unselected package libva2:amd64.
client	Browser compatibility and Rust-server WebSocket E2E	2026-10-06T16:39:47.2843031Z Preparing to unpack .../011-libva2_2.20.0-2ubuntu0.2_amd64.deb ...
client	Browser compatibility and Rust-server WebSocket E2E	2026-10-06T16:39:47.2850102Z Unpacking libva2:amd64 (2.20.0-2ubuntu0.2) ...
client	Browser compatibility and Rust-server WebSocket E2E	2026-10-06T16:39:47.3026006Z Selecting previously unselected package libva-drm2:amd64.
client	Browser compatibility and Rust-server WebSocket E2E	2026-10-06T16:39:47.3143708Z Preparing to unpack .../012-libva-drm2_2.20.0-2ubuntu0.2_amd64.deb ...
client	Browser compatibility and Rust-server WebSocket E2E	2026-10-06T16:39:47.3149813Z Unpacking libva-drm2:amd64 (2.20.0-2ubuntu0.2) ...
client	Browser compatibility and Rust-server WebSocket E2E	2026-10-06T16:39:47.3625364Z Selecting previously unselected package libva-x11-2:amd64.
client	Browser compatibility and Rust-server WebSocket E2E	2026-10-06T16:39:47.3744691Z Preparing to unpack .../013-libva-x11-2_2.20.0-2ubuntu0.2_amd64.deb ...
client	Browser compatibility and Rust-server WebSocket E2E	2026-10-06T16:39:47.3750737Z Unpacking libva-x11-2:amd64 (2.20.0-2ubuntu0.2) ...
client	Browser compatibility and Rust-server WebSocket E2E	2026-10-06T16:39:47.3931152Z Selecting previously unselected package libvdpau1:amd64.
client	Browser compatibility and Rust-server WebSocket E2E	2026-10-06T16:39:47.4051408Z Preparing to unpack .../014-libvdpau1_1.5-2build1_amd64.deb ...
client	Browser compatibility and Rust-server WebSocket E2E	2026-10-06T16:39:47.4057361Z Unpacking libvdpau1:amd64 (1.5-2build1) ...
client	Browser compatibility and Rust-server WebSocket E2E	2026-10-06T16:39:47.4237991Z Selecting previously unselected package libvpl2.
client	Browser compatibility and Rust-server WebSocket E2E	2026-10-06T16:39:47.4357636Z Preparing to unpack .../015-libvpl2_2023.3.0-1build1_amd64.deb ...
client	Browser compatibility and Rust-server WebSocket E2E	2026-10-06T16:39:47.4364245Z Unpacking libvpl2 (2023.3.0-1build1) ...
client	Browser compatibility and Rust-server WebSocket E2E	2026-10-06T16:39:47.4550992Z Selecting previously unselected package ocl-icd-libopencl1:amd64.
client	Browser compatibility and Rust-server WebSocket E2E	2026-10-06T16:39:47.4670067Z Preparing to unpack .../016-ocl-icd-libopencl1_2.3.2-1build1_amd64.deb ...
client	Browser compatibility and Rust-server WebSocket E2E	2026-10-06T16:39:47.4676801Z Unpacking ocl-icd-libopencl1:amd64 (2.3.2-1build1) ...
client	Browser compatibility and Rust-server WebSocket E2E	2026-10-06T16:39:47.4948228Z Selecting previously unselected package libavutil58:amd64.
client	Browser compatibility and Rust-server WebSocket E2E	2026-10-06T16:39:47.5066005Z Preparing to unpack .../017-libavutil58_7%3a6.1.1-3ubuntu5_amd64.deb ...
client	Browser compatibility and Rust-server WebSocket E2E	2026-10-06T16:39:47.5071493Z Unpacking libavutil58:amd64 (7:6.1.1-3ubuntu5) ...
client	Browser compatibility and Rust-server WebSocket E2E	2026-10-06T16:39:47.5418176Z Selecting previously unselected package libcodec2-1.2:amd64.
client	Browser compatibility and Rust-server WebSocket E2E	2026-10-06T16:39:47.5535287Z Preparing to unpack .../018-libcodec2-1.2_1.2.0-2build1_amd64.deb ...
client	Browser compatibility and Rust-server WebSocket E2E	2026-10-06T16:39:47.5569864Z Unpacking libcodec2-1.2:amd64 (1.2.0-2build1) ...
client	Browser compatibility and Rust-server WebSocket E2E	2026-10-06T16:39:47.6957304Z Selecting previously unselected package libdav1d7:amd64.
client	Browser compatibility and Rust-server WebSocket E2E	2026-10-06T16:39:47.7077735Z Preparing to unpack .../019-libdav1d7_1.4.1-1build1_amd64.deb ...
client	Browser compatibility and Rust-server WebSocket E2E	2026-10-06T16:39:47.7106476Z Unpacking libdav1d7:amd64 (1.4.1-1build1) ...
client	Browser compatibility and Rust-server WebSocket E2E	2026-10-06T16:39:47.7397619Z Selecting previously unselected package libgsm1:amd64.
client	Browser compatibility and Rust-server WebSocket E2E	2026-10-06T16:39:47.7520841Z Preparing to unpack .../020-libgsm1_1.0.22-1build1_amd64.deb ...
client	Browser compatibility and Rust-server WebSocket E2E	2026-10-06T16:39:47.7527726Z Unpacking libgsm1:amd64 (1.0.22-1build1) ...
client	Browser compatibility and Rust-server WebSocket E2E	2026-10-06T16:39:47.7856809Z Selecting previously unselected package libhwy1t64:amd64.
client	Browser compatibility and Rust-server WebSocket E2E	2026-10-06T16:39:47.7977462Z Preparing to unpack .../021-libhwy1t64_1.0.7-8.1build1_amd64.deb ...
client	Browser compatibility and Rust-server WebSocket E2E	2026-10-06T16:39:47.7982796Z Unpacking libhwy1t64:amd64 (1.0.7-8.1build1) ...
client	Browser compatibility and Rust-server WebSocket E2E	2026-10-06T16:39:47.8402360Z Selecting previously unselected package libjxl0.7:amd64.
client	Browser compatibility and Rust-server WebSocket E2E	2026-10-06T16:39:47.8519640Z Preparing to unpack .../022-libjxl0.7_0.7.0-10.2ubuntu6.1_amd64.deb ...
client	Browser compatibility and Rust-server WebSocket E2E	2026-10-06T16:39:47.8525668Z Unpacking libjxl0.7:amd64 (0.7.0-10.2ubuntu6.1) ...
client	Browser compatibility and Rust-server WebSocket E2E	2026-10-06T16:39:47.9012466Z Selecting previously unselected package libmp3lame0:amd64.
client	Browser compatibility and Rust-server WebSocket E2E	2026-10-06T16:39:47.9127211Z Preparing to unpack .../023-libmp3lame0_3.100-6build1_amd64.deb ...
client	Browser compatibility and Rust-server WebSocket E2E	2026-10-06T16:39:47.9132962Z Unpacking libmp3lame0:amd64 (3.100-6build1) ...
client	Browser compatibility and Rust-server WebSocket E2E	2026-10-06T16:39:47.9316623Z Selecting previously unselected package libopus0:amd64.
client	Browser compatibility and Rust-server WebSocket E2E	2026-10-06T16:39:47.9428372Z Preparing to unpack .../024-libopus0_1.4-1build1_amd64.deb ...
client	Browser compatibility and Rust-server WebSocket E2E	2026-10-06T16:39:47.9433584Z Unpacking libopus0:amd64 (1.4-1build1) ...
client	Browser compatibility and Rust-server WebSocket E2E	2026-10-06T16:39:48.0383786Z Selecting previously unselected package librav1e0:amd64.
client	Browser compatibility and Rust-server WebSocket E2E	2026-10-06T16:39:48.0505350Z Preparing to unpack .../025-librav1e0_0.7.1-2_amd64.deb ...
client	Browser compatibility and Rust-server WebSocket E2E	2026-10-06T16:39:48.0512181Z Unpacking librav1e0:amd64 (0.7.1-2) ...
client	Browser compatibility and Rust-server WebSocket E2E	2026-10-06T16:39:48.1233592Z Selecting previously unselected package librsvg2-2:amd64.
client	Browser compatibility and Rust-server WebSocket E2E	2026-10-06T16:39:48.1354224Z Preparing to unpack .../026-librsvg2-2_2.58.0+dfsg-1build1_amd64.deb ...
client	Browser compatibility and Rust-server WebSocket E2E	2026-10-06T16:39:48.2234666Z Unpacking librsvg2-2:amd64 (2.58.0+dfsg-1build1) ...
client	Browser compatibility and Rust-server WebSocket E2E	2026-10-06T16:39:48.4251586Z Selecting previously unselected package libshine3:amd64.
client	Browser compatibility and Rust-server WebSocket E2E	2026-10-06T16:39:48.4376034Z Preparing to unpack .../027-libshine3_3.1.1-2build1_amd64.deb ...
client	Browser compatibility and Rust-server WebSocket E2E	2026-10-06T16:39:48.4382302Z Unpacking libshine3:amd64 (3.1.1-2build1) ...
client	Browser compatibility and Rust-server WebSocket E2E	2026-10-06T16:39:48.4559430Z Selecting previously unselected package libspeex1:amd64.
client	Browser compatibility and Rust-server WebSocket E2E	2026-10-06T16:39:48.4681247Z Preparing to unpack .../028-libspeex1_1.2.1-2ubuntu2.24.04.1_amd64.deb ...
client	Browser compatibility and Rust-server WebSocket E2E	2026-10-06T16:39:48.4687186Z Unpacking libspeex1:amd64 (1.2.1-2ubuntu2.24.04.1) ...
client	Browser compatibility and Rust-server WebSocket E2E	2026-10-06T16:39:48.7283973Z Selecting previously unselected package libsvtav1enc1d1:amd64.
client	Browser compatibility and Rust-server WebSocket E2E	2026-10-06T16:39:48.7403160Z Preparing to unpack .../029-libsvtav1enc1d1_1.7.0+dfsg-2build1_amd64.deb ...
client	Browser compatibility and Rust-server WebSocket E2E	2026-10-06T16:39:48.7409212Z Unpacking libsvtav1enc1d1:amd64 (1.7.0+dfsg-2build1) ...
client	Browser compatibility and Rust-server WebSocket E2E	2026-10-06T16:39:48.8134569Z Selecting previously unselected package libsoxr0:amd64.
client	Browser compatibility and Rust-server WebSocket E2E	2026-10-06T16:39:48.8253055Z Preparing to unpack .../030-libsoxr0_0.1.3-4build3_amd64.deb ...
client	Browser compatibility and Rust-server WebSocket E2E	2026-10-06T16:39:48.8258909Z Unpacking libsoxr0:amd64 (0.1.3-4build3) ...
client	Browser compatibility and Rust-server WebSocket E2E	2026-10-06T16:39:48.9018929Z Selecting previously unselected package libswresample4:amd64.
client	Browser compatibility and Rust-server WebSocket E2E	2026-10-06T16:39:48.9137208Z Preparing to unpack .../031-libswresample4_7%3a6.1.1-3ubuntu5_amd64.deb ...
client	Browser compatibility and Rust-server WebSocket E2E	2026-10-06T16:39:48.9142767Z Unpacking libswresample4:amd64 (7:6.1.1-3ubuntu5) ...
client	Browser compatibility and Rust-server WebSocket E2E	2026-10-06T16:39:48.9315093Z Selecting previously unselected package libtheora0:amd64.
client	Browser compatibility and Rust-server WebSocket E2E	2026-10-06T16:39:48.9426222Z Preparing to unpack .../032-libtheora0_1.1.1+dfsg.1-16.1build3_amd64.deb ...
client	Browser compatibility and Rust-server WebSocket E2E	2026-10-06T16:39:48.9431561Z Unpacking libtheora0:amd64 (1.1.1+dfsg.1-16.1build3) ...
client	Browser compatibility and Rust-server WebSocket E2E	2026-10-06T16:39:49.1237260Z Selecting previously unselected package libtwolame0:amd64.
client	Browser compatibility and Rust-server WebSocket E2E	2026-10-06T16:39:49.1361895Z Preparing to unpack .../033-libtwolame0_0.4.0-2build3_amd64.deb ...
client	Browser compatibility and Rust-server WebSocket E2E	2026-10-06T16:39:49.1368918Z Unpacking libtwolame0:amd64 (0.4.0-2build3) ...
client	Browser compatibility and Rust-server WebSocket E2E	2026-10-06T16:39:49.1558983Z Selecting previously unselected package libvorbisenc2:amd64.
client	Browser compatibility and Rust-server WebSocket E2E	2026-10-06T16:39:49.1680197Z Preparing to unpack .../034-libvorbisenc2_1.3.7-1build3_amd64.deb ...
client	Browser compatibility and Rust-server WebSocket E2E	2026-10-06T16:39:49.1687335Z Unpacking libvorbisenc2:amd64 (1.3.7-1build3) ...
client	Browser compatibility and Rust-server WebSocket E2E	2026-10-06T16:39:49.3211303Z Selecting previously unselected package libvpx9:amd64.
client	Browser compatibility and Rust-server WebSocket E2E	2026-10-06T16:39:49.3330212Z Preparing to unpack .../035-libvpx9_1.14.0-1ubuntu2.3_amd64.deb ...
client	Browser compatibility and Rust-server WebSocket E2E	2026-10-06T16:39:49.3336832Z Unpacking libvpx9:amd64 (1.14.0-1ubuntu2.3) ...
client	Browser compatibility and Rust-server WebSocket E2E	2026-10-06T16:39:49.3777736Z Selecting previously unselected package libx264-164:amd64.
client	Browser compatibility and Rust-server WebSocket E2E	2026-10-06T16:39:49.3890331Z Preparing to unpack .../036-libx264-164_2%3a0.164.3108+git31e19f9-1_amd64.deb ...
client	Browser compatibility and Rust-server WebSocket E2E	2026-10-06T16:39:49.3896176Z Unpacking libx264-164:amd64 (2:0.164.3108+git31e19f9-1) ...
client	Browser compatibility and Rust-server WebSocket E2E	2026-10-06T16:39:49.4221341Z Selecting previously unselected package libx265-199:amd64.
client	Browser compatibility and Rust-server WebSocket E2E	2026-10-06T16:39:49.4339494Z Preparing to unpack .../037-libx265-199_3.5-2build1_amd64.deb ...
client	Browser compatibility and Rust-server WebSocket E2E	2026-10-06T16:39:49.4345924Z Unpacking libx265-199:amd64 (3.5-2build1) ...
client	Browser compatibility and Rust-server WebSocket E2E	2026-10-06T16:39:49.6758912Z Selecting previously unselected package libxvidcore4:amd64.
client	Browser compatibility and Rust-server WebSocket E2E	2026-10-06T16:39:49.6879541Z Preparing to unpack .../038-libxvidcore4_2%3a1.3.7-1build1_amd64.deb ...
client	Browser compatibility and Rust-server WebSocket E2E	2026-10-06T16:39:49.6886696Z Unpacking libxvidcore4:amd64 (2:1.3.7-1build1) ...
client	Browser compatibility and Rust-server WebSocket E2E	2026-10-06T16:39:49.7829844Z Selecting previously unselected package libzvbi-common.
client	Browser compatibility and Rust-server WebSocket E2E	2026-10-06T16:39:49.7951573Z Preparing to unpack .../039-libzvbi-common_0.2.42-2_all.deb ...
client	Browser compatibility and Rust-server WebSocket E2E	2026-10-06T16:39:49.7972909Z Unpacking libzvbi-common (0.2.42-2) ...
client	Browser compatibility and Rust-server WebSocket E2E	2026-10-06T16:39:49.9134722Z Selecting previously unselected package libzvbi0t64:amd64.
client	Browser compatibility and Rust-server WebSocket E2E	2026-10-06T16:39:49.9251992Z Preparing to unpack .../040-libzvbi0t64_0.2.42-2_amd64.deb ...
client	Browser compatibility and Rust-server WebSocket E2E	2026-10-06T16:39:49.9258147Z Unpacking libzvbi0t64:amd64 (0.2.42-2) ...
client	Browser compatibility and Rust-server WebSocket E2E	2026-10-06T16:39:50.0114811Z Selecting previously unselected package libavcodec60:amd64.
client	Browser compatibility and Rust-server WebSocket E2E	2026-10-06T16:39:50.0236135Z Preparing to unpack .../041-libavcodec60_7%3a6.1.1-3ubuntu5_amd64.deb ...
client	Browser compatibility and Rust-server WebSocket E2E	2026-10-06T16:39:50.0241558Z Unpacking libavcodec60:amd64 (7:6.1.1-3ubuntu5) ...
client	Browser compatibility and Rust-server WebSocket E2E	2026-10-06T16:39:50.1789017Z Preparing to unpack .../042-libfreetype6_2.13.2+dfsg-1ubuntu0.2_amd64.deb ...
client	Browser compatibility and Rust-server WebSocket E2E	2026-10-06T16:39:50.2267119Z Unpacking libfreetype6:amd64 (2.13.2+dfsg-1ubuntu0.2) over (2.13.2+dfsg-1ubuntu0.1) ...
client	Browser compatibility and Rust-server WebSocket E2E	2026-10-06T16:39:50.2532467Z Selecting previously unselected package libunibreak5:amd64.
client	Browser compatibility and Rust-server WebSocket E2E	2026-10-06T16:39:50.2652496Z Preparing to unpack .../043-libunibreak5_5.1-2build1_amd64.deb ...
client	Browser compatibility and Rust-server WebSocket E2E	2026-10-06T16:39:50.2658539Z Unpacking libunibreak5:amd64 (5.1-2build1) ...
client	Browser compatibility and Rust-server WebSocket E2E	2026-10-06T16:39:50.2849436Z Selecting previously unselected package libass9:amd64.
client	Browser compatibility and Rust-server WebSocket E2E	2026-10-06T16:39:50.2965612Z Preparing to unpack .../044-libass9_1%3a0.17.1-2build1_amd64.deb ...
client	Browser compatibility and Rust-server WebSocket E2E	2026-10-06T16:39:50.2971221Z Unpacking libass9:amd64 (1:0.17.1-2build1) ...
client	Browser compatibility and Rust-server WebSocket E2E	2026-10-06T16:39:50.3144096Z Selecting previously unselected package libudfread0:amd64.
client	Browser compatibility and Rust-server WebSocket E2E	2026-10-06T16:39:50.3262206Z Preparing to unpack .../045-libudfread0_1.1.2-1build1_amd64.deb ...
client	Browser compatibility and Rust-server WebSocket E2E	2026-10-06T16:39:50.3267360Z Unpacking libudfread0:amd64 (1.1.2-1build1) ...
client	Browser compatibility and Rust-server WebSocket E2E	2026-10-06T16:39:50.3436492Z Selecting previously unselected package libbluray2:amd64.
client	Browser compatibility and Rust-server WebSocket E2E	2026-10-06T16:39:50.3554211Z Preparing to unpack .../046-libbluray2_1%3a1.3.4-1build1_amd64.deb ...
client	Browser compatibility and Rust-server WebSocket E2E	2026-10-06T16:39:50.3560114Z Unpacking libbluray2:amd64 (1:1.3.4-1build1) ...
client	Browser compatibility and Rust-server WebSocket E2E	2026-10-06T16:39:50.3863240Z Selecting previously unselected package libchromaprint1:amd64.
client	Browser compatibility and Rust-server WebSocket E2E	2026-10-06T16:39:50.3982599Z Preparing to unpack .../047-libchromaprint1_1.5.1-5_amd64.deb ...
client	Browser compatibility and Rust-server WebSocket E2E	2026-10-06T16:39:50.3988954Z Unpacking libchromaprint1:amd64 (1.5.1-5) ...
client	Browser compatibility and Rust-server WebSocket E2E	2026-10-06T16:39:50.4386128Z Selecting previously unselected package libgme0:amd64.
client	Browser compatibility and Rust-server WebSocket E2E	2026-10-06T16:39:50.4504409Z Preparing to unpack .../048-libgme0_0.6.3-7build1_amd64.deb ...
client	Browser compatibility and Rust-server WebSocket E2E	2026-10-06T16:39:50.4690080Z Unpacking libgme0:amd64 (0.6.3-7build1) ...
client	Browser compatibility and Rust-server WebSocket E2E	2026-10-06T16:39:50.4880092Z Selecting previously unselected package libmpg123-0t64:amd64.
client	Browser compatibility and Rust-server WebSocket E2E	2026-10-06T16:39:50.5003093Z Preparing to unpack .../049-libmpg123-0t64_1.32.5-1ubuntu1.1_amd64.deb ...
client	Browser compatibility and Rust-server WebSocket E2E	2026-10-06T16:39:50.5008300Z Unpacking libmpg123-0t64:amd64 (1.32.5-1ubuntu1.1) ...
client	Browser compatibility and Rust-server WebSocket E2E	2026-10-06T16:39:51.2736058Z Selecting previously unselected package libopenmpt0t64:amd64.
client	Browser compatibility and Rust-server WebSocket E2E	2026-10-06T16:39:51.2862535Z Preparing to unpack .../050-libopenmpt0t64_0.7.3-1.1build3_amd64.deb ...
client	Browser compatibility and Rust-server WebSocket E2E	2026-10-06T16:39:51.5341972Z Unpacking libopenmpt0t64:amd64 (0.7.3-1.1build3) ...
client	Browser compatibility and Rust-server WebSocket E2E	2026-10-06T16:39:52.0904970Z Selecting previously unselected package libcjson1:amd64.
client	Browser compatibility and Rust-server WebSocket E2E	2026-10-06T16:39:52.1027754Z Preparing to unpack .../051-libcjson1_1.7.17-1_amd64.deb ...
client	Browser compatibility and Rust-server WebSocket E2E	2026-10-06T16:39:52.1877018Z Unpacking libcjson1:amd64 (1.7.17-1) ...
client	Browser compatibility and Rust-server WebSocket E2E	2026-10-06T16:39:52.2451408Z Selecting previously unselected package libmbedcrypto7t64:amd64.
client	Browser compatibility and Rust-server WebSocket E2E	2026-10-06T16:39:52.2573987Z Preparing to unpack .../052-libmbedcrypto7t64_2.28.8-1_amd64.deb ...
client	Browser compatibility and Rust-server WebSocket E2E	2026-10-06T16:39:52.2580562Z Unpacking libmbedcrypto7t64:amd64 (2.28.8-1) ...
client	Browser compatibility and Rust-server WebSocket E2E	2026-10-06T16:39:52.2803145Z Selecting previously unselected package librist4:amd64.
client	Browser compatibility and Rust-server WebSocket E2E	2026-10-06T16:39:52.2923573Z Preparing to unpack .../053-librist4_0.2.10+dfsg-2_amd64.deb ...
client	Browser compatibility and Rust-server WebSocket E2E	2026-10-06T16:39:52.2929258Z Unpacking librist4:amd64 (0.2.10+dfsg-2) ...
client	Browser compatibility and Rust-server WebSocket E2E	2026-10-06T16:39:52.3107947Z Selecting previously unselected package libsrt1.5-gnutls:amd64.
client	Browser compatibility and Rust-server WebSocket E2E	2026-10-06T16:39:52.3226075Z Preparing to unpack .../054-libsrt1.5-gnutls_1.5.3-1build2_amd64.deb ...
client	Browser compatibility and Rust-server WebSocket E2E	2026-10-06T16:39:52.3232271Z Unpacking libsrt1.5-gnutls:amd64 (1.5.3-1build2) ...
client	Browser compatibility and Rust-server WebSocket E2E	2026-10-06T16:39:52.3464308Z Selecting previously unselected package libssh-gcrypt-4:amd64.
client	Browser compatibility and Rust-server WebSocket E2E	2026-10-06T16:39:52.3582733Z Preparing to unpack .../055-libssh-gcrypt-4_0.10.6-2ubuntu0.5_amd64.deb ...
client	Browser compatibility and Rust-server WebSocket E2E	2026-10-06T16:39:52.3589389Z Unpacking libssh-gcrypt-4:amd64 (0.10.6-2ubuntu0.5) ...
client	Browser compatibility and Rust-server WebSocket E2E	2026-10-06T16:39:52.3954009Z Selecting previously unselected package libavformat60:amd64.
client	Browser compatibility and Rust-server WebSocket E2E	2026-10-06T16:39:52.4075286Z Preparing to unpack .../056-libavformat60_7%3a6.1.1-3ubuntu5_amd64.deb ...
client	Browser compatibility and Rust-server WebSocket E2E	2026-10-06T16:39:52.4086408Z Unpacking libavformat60:amd64 (7:6.1.1-3ubuntu5) ...
client	Browser compatibility and Rust-server WebSocket E2E	2026-10-06T16:39:52.4475587Z Selecting previously unselected package libbs2b0:amd64.
client	Browser compatibility and Rust-server WebSocket E2E	2026-10-06T16:39:52.4595279Z Preparing to unpack .../057-libbs2b0_3.1.0+dfsg-7build1_amd64.deb ...
client	Browser compatibility and Rust-server WebSocket E2E	2026-10-06T16:39:52.4600730Z Unpacking libbs2b0:amd64 (3.1.0+dfsg-7build1) ...
client	Browser compatibility and Rust-server WebSocket E2E	2026-10-06T16:39:52.5280016Z Selecting previously unselected package libflite1:amd64.
client	Browser compatibility and Rust-server WebSocket E2E	2026-10-06T16:39:52.5403550Z Preparing to unpack .../058-libflite1_2.2-6build3_amd64.deb ...
client	Browser compatibility and Rust-server WebSocket E2E	2026-10-06T16:39:52.5410832Z Unpacking libflite1:amd64 (2.2-6build3) ...
client	Browser compatibility and Rust-server WebSocket E2E	2026-10-06T16:39:52.7993971Z Selecting previously unselected package libserd-0-0:amd64.
client	Browser compatibility and Rust-server WebSocket E2E	2026-10-06T16:39:52.8113438Z Preparing to unpack .../059-libserd-0-0_0.32.2-1_amd64.deb ...
client	Browser compatibility and Rust-server WebSocket E2E	2026-10-06T16:39:52.8132157Z Unpacking libserd-0-0:amd64 (0.32.2-1) ...
client	Browser compatibility and Rust-server WebSocket E2E	2026-10-06T16:39:52.9052625Z Selecting previously unselected package libzix-0-0:amd64.
client	Browser compatibility and Rust-server WebSocket E2E	2026-10-06T16:39:52.9174510Z Preparing to unpack .../060-libzix-0-0_0.4.2-2build1_amd64.deb ...
client	Browser compatibility and Rust-server WebSocket E2E	2026-10-06T16:39:52.9180854Z Unpacking libzix-0-0:amd64 (0.4.2-2build1) ...
client	Browser compatibility and Rust-server WebSocket E2E	2026-10-06T16:39:53.0231892Z Selecting previously unselected package libsord-0-0:amd64.
client	Browser compatibility and Rust-server WebSocket E2E	2026-10-06T16:39:53.0357280Z Preparing to unpack .../061-libsord-0-0_0.16.16-2build1_amd64.deb ...
client	Browser compatibility and Rust-server WebSocket E2E	2026-10-06T16:39:53.0364055Z Unpacking libsord-0-0:amd64 (0.16.16-2build1) ...
client	Browser compatibility and Rust-server WebSocket E2E	2026-10-06T16:39:53.2371320Z Selecting previously unselected package libsratom-0-0:amd64.
client	Browser compatibility and Rust-server WebSocket E2E	2026-10-06T16:39:53.2492361Z Preparing to unpack .../062-libsratom-0-0_0.6.16-1build1_amd64.deb ...
client	Browser compatibility and Rust-server WebSocket E2E	2026-10-06T16:39:53.2499563Z Unpacking libsratom-0-0:amd64 (0.6.16-1build1) ...
client	Browser compatibility and Rust-server WebSocket E2E	2026-10-06T16:39:53.3337615Z Selecting previously unselected package liblilv-0-0:amd64.
client	Browser compatibility and Rust-server WebSocket E2E	2026-10-06T16:39:53.3457775Z Preparing to unpack .../063-liblilv-0-0_0.24.22-1build1_amd64.deb ...
client	Browser compatibility and Rust-server WebSocket E2E	2026-10-06T16:39:53.3463816Z Unpacking liblilv-0-0:amd64 (0.24.22-1build1) ...
client	Browser compatibility and Rust-server WebSocket E2E	2026-10-06T16:39:53.3642927Z Selecting previously unselected package libmysofa1:amd64.
client	Browser compatibility and Rust-server WebSocket E2E	2026-10-06T16:39:53.3762257Z Preparing to unpack .../064-libmysofa1_1.3.2+dfsg-2ubuntu2_amd64.deb ...
client	Browser compatibility and Rust-server WebSocket E2E	2026-10-06T16:39:53.3769078Z Unpacking libmysofa1:amd64 (1.3.2+dfsg-2ubuntu2) ...
client	Browser compatibility and Rust-server WebSocket E2E	2026-10-06T16:39:53.4547202Z Selecting previously unselected package libplacebo338:amd64.
client	Browser compatibility and Rust-server WebSocket E2E	2026-10-06T16:39:53.4670726Z Preparing to unpack .../065-libplacebo338_6.338.2-2build1_amd64.deb ...
client	Browser compatibility and Rust-server WebSocket E2E	2026-10-06T16:39:53.4677342Z Unpacking libplacebo338:amd64 (6.338.2-2build1) ...
client	Browser compatibility and Rust-server WebSocket E2E	2026-10-06T16:39:53.5900372Z Selecting previously unselected package libblas3:amd64.
client	Browser compatibility and Rust-server WebSocket E2E	2026-10-06T16:39:53.6026160Z Preparing to unpack .../066-libblas3_3.12.0-3build1.1_amd64.deb ...
client	Browser compatibility and Rust-server WebSocket E2E	2026-10-06T16:39:53.6056480Z Unpacking libblas3:amd64 (3.12.0-3build1.1) ...
client	Browser compatibility and Rust-server WebSocket E2E	2026-10-06T16:39:53.7051523Z Selecting previously unselected package liblapack3:amd64.
client	Browser compatibility and Rust-server WebSocket E2E	2026-10-06T16:39:53.7175209Z Preparing to unpack .../067-liblapack3_3.12.0-3build1.1_amd64.deb ...
client	Browser compatibility and Rust-server WebSocket E2E	2026-10-06T16:39:53.7202601Z Unpacking liblapack3:amd64 (3.12.0-3build1.1) ...
client	Browser compatibility and Rust-server WebSocket E2E	2026-10-06T16:39:53.7963888Z Selecting previously unselected package libasyncns0:amd64.
client	Browser compatibility and Rust-server WebSocket E2E	2026-10-06T16:39:53.8084559Z Preparing to unpack .../068-libasyncns0_0.8-6build4_amd64.deb ...
client	Browser compatibility and Rust-server WebSocket E2E	2026-10-06T16:39:53.8090252Z Unpacking libasyncns0:amd64 (0.8-6build4) ...
client	Browser compatibility and Rust-server WebSocket E2E	2026-10-06T16:39:53.8263847Z Selecting previously unselected package libflac12t64:amd64.
client	Browser compatibility and Rust-server WebSocket E2E	2026-10-06T16:39:53.8383150Z Preparing to unpack .../069-libflac12t64_1.4.3+ds-2.1ubuntu2_amd64.deb ...
client	Browser compatibility and Rust-server WebSocket E2E	2026-10-06T16:39:53.8388872Z Unpacking libflac12t64:amd64 (1.4.3+ds-2.1ubuntu2) ...
client	Browser compatibility and Rust-server WebSocket E2E	2026-10-06T16:39:53.8591706Z Selecting previously unselected package libsndfile1:amd64.
client	Browser compatibility and Rust-server WebSocket E2E	2026-10-06T16:39:53.8704192Z Preparing to unpack .../070-libsndfile1_1.2.2-1ubuntu5.24.04.1_amd64.deb ...
client	Browser compatibility and Rust-server WebSocket E2E	2026-10-06T16:39:53.8710301Z Unpacking libsndfile1:amd64 (1.2.2-1ubuntu5.24.04.1) ...
client	Browser compatibility and Rust-server WebSocket E2E	2026-10-06T16:39:53.8919620Z Selecting previously unselected package libpulse0:amd64.
client	Browser compatibility and Rust-server WebSocket E2E	2026-10-06T16:39:53.9036421Z Preparing to unpack .../071-libpulse0_1%3a16.1+dfsg1-2ubuntu10.1_amd64.deb ...
client	Browser compatibility and Rust-server WebSocket E2E	2026-10-06T16:39:53.9090056Z Unpacking libpulse0:amd64 (1:16.1+dfsg1-2ubuntu10.1) ...
client	Browser compatibility and Rust-server WebSocket E2E	2026-10-06T16:39:53.9303777Z Selecting previously unselected package libsphinxbase3t64:amd64.
client	Browser compatibility and Rust-server WebSocket E2E	2026-10-06T16:39:53.9422656Z Preparing to unpack .../072-libsphinxbase3t64_0.8+5prealpha+1-17build2_amd64.deb ...
client	Browser compatibility and Rust-server WebSocket E2E	2026-10-06T16:39:53.9429013Z Unpacking libsphinxbase3t64:amd64 (0.8+5prealpha+1-17build2) ...
client	Browser compatibility and Rust-server WebSocket E2E	2026-10-06T16:39:53.9616001Z Selecting previously unselected package libpocketsphinx3:amd64.
client	Browser compatibility and Rust-server WebSocket E2E	2026-10-06T16:39:53.9739098Z Preparing to unpack .../073-libpocketsphinx3_0.8.0+real5prealpha+1-15ubuntu5_amd64.deb ...
client	Browser compatibility and Rust-server WebSocket E2E	2026-10-06T16:39:53.9744553Z Unpacking libpocketsphinx3:amd64 (0.8.0+real5prealpha+1-15ubuntu5) ...
client	Browser compatibility and Rust-server WebSocket E2E	2026-10-06T16:39:53.9932127Z Selecting previously unselected package libpostproc57:amd64.
client	Browser compatibility and Rust-server WebSocket E2E	2026-10-06T16:39:54.0053537Z Preparing to unpack .../074-libpostproc57_7%3a6.1.1-3ubuntu5_amd64.deb ...
client	Browser compatibility and Rust-server WebSocket E2E	2026-10-06T16:39:54.0059110Z Unpacking libpostproc57:amd64 (7:6.1.1-3ubuntu5) ...
client	Browser compatibility and Rust-server WebSocket E2E	2026-10-06T16:39:54.0396003Z Selecting previously unselected package libsamplerate0:amd64.
client	Browser compatibility and Rust-server WebSocket E2E	2026-10-06T16:39:54.0515962Z Preparing to unpack .../075-libsamplerate0_0.2.2-4build1_amd64.deb ...
client	Browser compatibility and Rust-server WebSocket E2E	2026-10-06T16:39:54.0664719Z Unpacking libsamplerate0:amd64 (0.2.2-4build1) ...
client	Browser compatibility and Rust-server WebSocket E2E	2026-10-06T16:39:54.1079644Z Selecting previously unselected package librubberband2:amd64.
client	Browser compatibility and Rust-server WebSocket E2E	2026-10-06T16:39:54.1200365Z Preparing to unpack .../076-librubberband2_3.3.0+dfsg-2build1_amd64.deb ...
client	Browser compatibility and Rust-server WebSocket E2E	2026-10-06T16:39:54.1205918Z Unpacking librubberband2:amd64 (3.3.0+dfsg-2build1) ...
client	Browser compatibility and Rust-server WebSocket E2E	2026-10-06T16:39:54.1469833Z Selecting previously unselected package libswscale7:amd64.
client	Browser compatibility and Rust-server WebSocket E2E	2026-10-06T16:39:54.1589960Z Preparing to unpack .../077-libswscale7_7%3a6.1.1-3ubuntu5_amd64.deb ...
client	Browser compatibility and Rust-server WebSocket E2E	2026-10-06T16:39:54.1598396Z Unpacking libswscale7:amd64 (7:6.1.1-3ubuntu5) ...
client	Browser compatibility and Rust-server WebSocket E2E	2026-10-06T16:39:54.1817834Z Selecting previously unselected package libvidstab1.1:amd64.
client	Browser compatibility and Rust-server WebSocket E2E	2026-10-06T16:39:54.1940917Z Preparing to unpack .../078-libvidstab1.1_1.1.0-2build1_amd64.deb ...
client	Browser compatibility and Rust-server WebSocket E2E	2026-10-06T16:39:54.1947399Z Unpacking libvidstab1.1:amd64 (1.1.0-2build1) ...
client	Browser compatibility and Rust-server WebSocket E2E	2026-10-06T16:39:54.2132828Z Selecting previously unselected package libzimg2:amd64.
client	Browser compatibility and Rust-server WebSocket E2E	2026-10-06T16:39:54.2254710Z Preparing to unpack .../079-libzimg2_3.0.5+ds1-1build1_amd64.deb ...
client	Browser compatibility and Rust-server WebSocket E2E	2026-10-06T16:39:54.2261023Z Unpacking libzimg2:amd64 (3.0.5+ds1-1build1) ...
client	Browser compatibility and Rust-server WebSocket E2E	2026-10-06T16:39:54.2768850Z Selecting previously unselected package libavfilter9:amd64.
client	Browser compatibility and Rust-server WebSocket E2E	2026-10-06T16:39:54.2891081Z Preparing to unpack .../080-libavfilter9_7%3a6.1.1-3ubuntu5_amd64.deb ...
client	Browser compatibility and Rust-server WebSocket E2E	2026-10-06T16:39:54.2898367Z Unpacking libavfilter9:amd64 (7:6.1.1-3ubuntu5) ...
client	Browser compatibility and Rust-server WebSocket E2E	2026-10-06T16:39:54.4708033Z Selecting previously unselected package liborc-0.4-0t64:amd64.
client	Browser compatibility and Rust-server WebSocket E2E	2026-10-06T16:39:54.4829199Z Preparing to unpack .../081-liborc-0.4-0t64_1%3a0.4.38-1ubuntu0.1_amd64.deb ...
client	Browser compatibility and Rust-server WebSocket E2E	2026-10-06T16:39:54.4835165Z Unpacking liborc-0.4-0t64:amd64 (1:0.4.38-1ubuntu0.1) ...
client	Browser compatibility and Rust-server WebSocket E2E	2026-10-06T16:39:54.5097089Z Selecting previously unselected package libgstreamer-plugins-base1.0-0:amd64.
client	Browser compatibility and Rust-server WebSocket E2E	2026-10-06T16:39:54.5215762Z Preparing to unpack .../082-libgstreamer-plugins-base1.0-0_1.24.2-1ubuntu0.5_amd64.deb ...
client	Browser compatibility and Rust-server WebSocket E2E	2026-10-06T16:39:54.5223464Z Unpacking libgstreamer-plugins-base1.0-0:amd64 (1.24.2-1ubuntu0.5) ...
client	Browser compatibility and Rust-server WebSocket E2E	2026-10-06T16:39:54.5610918Z Selecting previously unselected package gstreamer1.0-libav:amd64.
client	Browser compatibility and Rust-server WebSocket E2E	2026-10-06T16:39:54.5731129Z Preparing to unpack .../083-gstreamer1.0-libav_1.24.1-1build1_amd64.deb ...
client	Browser compatibility and Rust-server WebSocket E2E	2026-10-06T16:39:54.5736691Z Unpacking gstreamer1.0-libav:amd64 (1.24.1-1build1) ...
client	Browser compatibility and Rust-server WebSocket E2E	2026-10-06T16:39:54.5938972Z Selecting previously unselected package libcdparanoia0:amd64.
client	Browser compatibility and Rust-server WebSocket E2E	2026-10-06T16:39:54.6057625Z Preparing to unpack .../084-libcdparanoia0_3.10.2+debian-14build3_amd64.deb ...
client	Browser compatibility and Rust-server WebSocket E2E	2026-10-06T16:39:54.6072237Z Unpacking libcdparanoia0:amd64 (3.10.2+debian-14build3) ...
client	Browser compatibility and Rust-server WebSocket E2E	2026-10-06T16:39:54.6256630Z Selecting previously unselected package libvisual-0.4-0:amd64.
client	Browser compatibility and Rust-server WebSocket E2E	2026-10-06T16:39:54.6372412Z Preparing to unpack .../085-libvisual-0.4-0_0.4.2-2build1_amd64.deb ...
client	Browser compatibility and Rust-server WebSocket E2E	2026-10-06T16:39:54.6380028Z Unpacking libvisual-0.4-0:amd64 (0.4.2-2build1) ...
client	Browser compatibility and Rust-server WebSocket E2E	2026-10-06T16:39:54.6573890Z Selecting previously unselected package gstreamer1.0-plugins-base:amd64.
client	Browser compatibility and Rust-server WebSocket E2E	2026-10-06T16:39:54.6688409Z Preparing to unpack .../086-gstreamer1.0-plugins-base_1.24.2-1ubuntu0.5_amd64.deb ...
client	Browser compatibility and Rust-server WebSocket E2E	2026-10-06T16:39:54.6693724Z Unpacking gstreamer1.0-plugins-base:amd64 (1.24.2-1ubuntu0.5) ...
client	Browser compatibility and Rust-server WebSocket E2E	2026-10-06T16:39:54.7053957Z Selecting previously unselected package libaa1:amd64.
client	Browser compatibility and Rust-server WebSocket E2E	2026-10-06T16:39:54.7173906Z Preparing to unpack .../087-libaa1_1.4p5-51.1_amd64.deb ...
client	Browser compatibility and Rust-server WebSocket E2E	2026-10-06T16:39:54.7180749Z Unpacking libaa1:amd64 (1.4p5-51.1) ...
client	Browser compatibility and Rust-server WebSocket E2E	2026-10-06T16:39:54.7395534Z Selecting previously unselected package libraw1394-11:amd64.
client	Browser compatibility and Rust-server WebSocket E2E	2026-10-06T16:39:54.7512903Z Preparing to unpack .../088-libraw1394-11_2.1.2-2build3_amd64.deb ...
client	Browser compatibility and Rust-server WebSocket E2E	2026-10-06T16:39:54.7753784Z Unpacking libraw1394-11:amd64 (2.1.2-2build3) ...
client	Browser compatibility and Rust-server WebSocket E2E	2026-10-06T16:39:54.7931370Z Selecting previously unselected package libavc1394-0:amd64.
client	Browser compatibility and Rust-server WebSocket E2E	2026-10-06T16:39:54.8049232Z Preparing to unpack .../089-libavc1394-0_0.5.4-5build3_amd64.deb ...
client	Browser compatibility and Rust-server WebSocket E2E	2026-10-06T16:39:54.8062355Z Unpacking libavc1394-0:amd64 (0.5.4-5build3) ...
client	Browser compatibility and Rust-server WebSocket E2E	2026-10-06T16:39:54.8241116Z Selecting previously unselected package libcaca0:amd64.
client	Browser compatibility and Rust-server WebSocket E2E	2026-10-06T16:39:54.8356375Z Preparing to unpack .../090-libcaca0_0.99.beta20-4ubuntu0.2_amd64.deb ...
client	Browser compatibility and Rust-server WebSocket E2E	2026-10-06T16:39:54.8362121Z Unpacking libcaca0:amd64 (0.99.beta20-4ubuntu0.2) ...
client	Browser compatibility and Rust-server WebSocket E2E	2026-10-06T16:39:54.8604964Z Selecting previously unselected package libdv4t64:amd64.
client	Browser compatibility and Rust-server WebSocket E2E	2026-10-06T16:39:54.8719558Z Preparing to unpack .../091-libdv4t64_1.0.0-17.1build1_amd64.deb ...
client	Browser compatibility and Rust-server WebSocket E2E	2026-10-06T16:39:54.8762306Z Unpacking libdv4t64:amd64 (1.0.0-17.1build1) ...
client	Browser compatibility and Rust-server WebSocket E2E	2026-10-06T16:39:54.8948120Z Selecting previously unselected package libgstreamer-plugins-good1.0-0:amd64.
client	Browser compatibility and Rust-server WebSocket E2E	2026-10-06T16:39:54.9062825Z Preparing to unpack .../092-libgstreamer-plugins-good1.0-0_1.24.2-1ubuntu1.8_amd64.deb ...
client	Browser compatibility and Rust-server WebSocket E2E	2026-10-06T16:39:54.9068099Z Unpacking libgstreamer-plugins-good1.0-0:amd64 (1.24.2-1ubuntu1.8) ...
client	Browser compatibility and Rust-server WebSocket E2E	2026-10-06T16:39:54.9257254Z Selecting previously unselected package libiec61883-0:amd64.
client	Browser compatibility and Rust-server WebSocket E2E	2026-10-06T16:39:54.9367855Z Preparing to unpack .../093-libiec61883-0_1.2.0-6build1_amd64.deb ...
client	Browser compatibility and Rust-server WebSocket E2E	2026-10-06T16:39:54.9399474Z Unpacking libiec61883-0:amd64 (1.2.0-6build1) ...
client	Browser compatibility and Rust-server WebSocket E2E	2026-10-06T16:39:54.9752256Z Selecting previously unselected package libshout3:amd64.
client	Browser compatibility and Rust-server WebSocket E2E	2026-10-06T16:39:54.9872559Z Preparing to unpack .../094-libshout3_2.4.6-1build2_amd64.deb ...
client	Browser compatibility and Rust-server WebSocket E2E	2026-10-06T16:39:54.9880059Z Unpacking libshout3:amd64 (2.4.6-1build2) ...
client	Browser compatibility and Rust-server WebSocket E2E	2026-10-06T16:39:55.0066071Z Selecting previously unselected package libtag1v5-vanilla:amd64.
client	Browser compatibility and Rust-server WebSocket E2E	2026-10-06T16:39:55.0185946Z Preparing to unpack .../095-libtag1v5-vanilla_1.13.1-1build1_amd64.deb ...
client	Browser compatibility and Rust-server WebSocket E2E	2026-10-06T16:39:55.0190919Z Unpacking libtag1v5-vanilla:amd64 (1.13.1-1build1) ...
client	Browser compatibility and Rust-server WebSocket E2E	2026-10-06T16:39:55.0437766Z Selecting previously unselected package libtag1v5:amd64.
client	Browser compatibility and Rust-server WebSocket E2E	2026-10-06T16:39:55.0558164Z Preparing to unpack .../096-libtag1v5_1.13.1-1build1_amd64.deb ...
client	Browser compatibility and Rust-server WebSocket E2E	2026-10-06T16:39:55.0775564Z Unpacking libtag1v5:amd64 (1.13.1-1build1) ...
client	Browser compatibility and Rust-server WebSocket E2E	2026-10-06T16:39:55.1066646Z Selecting previously unselected package libv4lconvert0t64:amd64.
client	Browser compatibility and Rust-server WebSocket E2E	2026-10-06T16:39:55.1189035Z Preparing to unpack .../097-libv4lconvert0t64_1.26.1-4build3_amd64.deb ...
client	Browser compatibility and Rust-server WebSocket E2E	2026-10-06T16:39:55.1194882Z Unpacking libv4lconvert0t64:amd64 (1.26.1-4build3) ...
client	Browser compatibility and Rust-server WebSocket E2E	2026-10-06T16:39:55.1391220Z Selecting previously unselected package libv4l-0t64:amd64.
client	Browser compatibility and Rust-server WebSocket E2E	2026-10-06T16:39:55.1511366Z Preparing to unpack .../098-libv4l-0t64_1.26.1-4build3_amd64.deb ...
client	Browser compatibility and Rust-server WebSocket E2E	2026-10-06T16:39:55.1522339Z Unpacking libv4l-0t64:amd64 (1.26.1-4build3) ...
client	Browser compatibility and Rust-server WebSocket E2E	2026-10-06T16:39:55.1722263Z Selecting previously unselected package libwavpack1:amd64.
client	Browser compatibility and Rust-server WebSocket E2E	2026-10-06T16:39:55.1838739Z Preparing to unpack .../099-libwavpack1_5.6.0-1build1_amd64.deb ...
client	Browser compatibility and Rust-server WebSocket E2E	2026-10-06T16:39:55.1844108Z Unpacking libwavpack1:amd64 (5.6.0-1build1) ...
client	Browser compatibility and Rust-server WebSocket E2E	2026-10-06T16:39:55.2030359Z Selecting previously unselected package libsoup-3.0-common.
client	Browser compatibility and Rust-server WebSocket E2E	2026-10-06T16:39:55.2147988Z Preparing to unpack .../100-libsoup-3.0-common_3.4.4-5ubuntu0.8_all.deb ...
client	Browser compatibility and Rust-server WebSocket E2E	2026-10-06T16:39:55.2161959Z Unpacking libsoup-3.0-common (3.4.4-5ubuntu0.8) ...
client	Browser compatibility and Rust-server WebSocket E2E	2026-10-06T16:39:55.2335310Z Selecting previously unselected package libsoup-3.0-0:amd64.
client	Browser compatibility and Rust-server WebSocket E2E	2026-10-06T16:39:55.2453373Z Preparing to unpack .../101-libsoup-3.0-0_3.4.4-5ubuntu0.8_amd64.deb ...
client	Browser compatibility and Rust-server WebSocket E2E	2026-10-06T16:39:55.2459278Z Unpacking libsoup-3.0-0:amd64 (3.4.4-5ubuntu0.8) ...
client	Browser compatibility and Rust-server WebSocket E2E	2026-10-06T16:39:55.2992130Z Selecting previously unselected package gstreamer1.0-plugins-good:amd64.
client	Browser compatibility and Rust-server WebSocket E2E	2026-10-06T16:39:55.3111575Z Preparing to unpack .../102-gstreamer1.0-plugins-good_1.24.2-1ubuntu1.8_amd64.deb ...
client	Browser compatibility and Rust-server WebSocket E2E	2026-10-06T16:39:55.3117558Z Unpacking gstreamer1.0-plugins-good:amd64 (1.24.2-1ubuntu1.8) ...
client	Browser compatibility and Rust-server WebSocket E2E	2026-10-06T16:39:55.4054374Z Selecting previously unselected package libabsl20220623t64:amd64.
client	Browser compatibility and Rust-server WebSocket E2E	2026-10-06T16:39:55.4176677Z Preparing to unpack .../103-libabsl20220623t64_20220623.1-3.1ubuntu3.2_amd64.deb ...
client	Browser compatibility and Rust-server WebSocket E2E	2026-10-06T16:39:55.4182135Z Unpacking libabsl20220623t64:amd64 (20220623.1-3.1ubuntu3.2) ...
client	Browser compatibility and Rust-server WebSocket E2E	2026-10-06T16:39:55.4606843Z Selecting previously unselected package libgav1-1:amd64.
client	Browser compatibility and Rust-server WebSocket E2E	2026-10-06T16:39:55.4726628Z Preparing to unpack .../104-libgav1-1_0.18.0-1build3_amd64.deb ...
client	Browser compatibility and Rust-server WebSocket E2E	2026-10-06T16:39:55.4731869Z Unpacking libgav1-1:amd64 (0.18.0-1build3) ...
client	Browser compatibility and Rust-server WebSocket E2E	2026-10-06T16:39:55.4971617Z Selecting previously unselected package libyuv0:amd64.
client	Browser compatibility and Rust-server WebSocket E2E	2026-10-06T16:39:55.5088987Z Preparing to unpack .../105-libyuv0_0.0~git202401110.af6ac82-1_amd64.deb ...
client	Browser compatibility and Rust-server WebSocket E2E	2026-10-06T16:39:55.5095571Z Unpacking libyuv0:amd64 (0.0~git202401110.af6ac82-1) ...
client	Browser compatibility and Rust-server WebSocket E2E	2026-10-06T16:39:55.5322403Z Selecting previously unselected package libavif16:amd64.
client	Browser compatibility and Rust-server WebSocket E2E	2026-10-06T16:39:55.5439499Z Preparing to unpack .../106-libavif16_1.0.4-1ubuntu3_amd64.deb ...
client	Browser compatibility and Rust-server WebSocket E2E	2026-10-06T16:39:55.5447646Z Unpacking libavif16:amd64 (1.0.4-1ubuntu3) ...
client	Browser compatibility and Rust-server WebSocket E2E	2026-10-06T16:39:55.5628817Z Selecting previously unselected package libavtp0:amd64.
client	Browser compatibility and Rust-server WebSocket E2E	2026-10-06T16:39:55.5745583Z Preparing to unpack .../107-libavtp0_0.2.0-1build1_amd64.deb ...
client	Browser compatibility and Rust-server WebSocket E2E	2026-10-06T16:39:55.5751063Z Unpacking libavtp0:amd64 (0.2.0-1build1) ...
client	Browser compatibility and Rust-server WebSocket E2E	2026-10-06T16:39:55.5931412Z Selecting previously unselected package libcairo-script-interpreter2:amd64.
client	Browser compatibility and Rust-server WebSocket E2E	2026-10-06T16:39:55.6045069Z Preparing to unpack .../108-libcairo-script-interpreter2_1.18.0-3build1_amd64.deb ...
client	Browser compatibility and Rust-server WebSocket E2E	2026-10-06T16:39:55.6052390Z Unpacking libcairo-script-interpreter2:amd64 (1.18.0-3build1) ...
client	Browser compatibility and Rust-server WebSocket E2E	2026-10-06T16:39:55.6521397Z Selecting previously unselected package libdc1394-25:amd64.
client	Browser compatibility and Rust-server WebSocket E2E	2026-10-06T16:39:55.6637492Z Preparing to unpack .../109-libdc1394-25_2.2.6-4build1_amd64.deb ...
client	Browser compatibility and Rust-server WebSocket E2E	2026-10-06T16:39:55.6645070Z Unpacking libdc1394-25:amd64 (2.2.6-4build1) ...
client	Browser compatibility and Rust-server WebSocket E2E	2026-10-06T16:39:55.7750326Z Selecting previously unselected package libde265-0:amd64.
client	Browser compatibility and Rust-server WebSocket E2E	2026-10-06T16:39:55.7871384Z Preparing to unpack .../110-libde265-0_1.0.15-1ubuntu0.1_amd64.deb ...
client	Browser compatibility and Rust-server WebSocket E2E	2026-10-06T16:39:55.7882422Z Unpacking libde265-0:amd64 (1.0.15-1ubuntu0.1) ...
client	Browser compatibility and Rust-server WebSocket E2E	2026-10-06T16:39:55.8077981Z Selecting previously unselected package libdecor-0-0:amd64.
client	Browser compatibility and Rust-server WebSocket E2E	2026-10-06T16:39:55.8195194Z Preparing to unpack .../111-libdecor-0-0_0.2.2-1build2_amd64.deb ...
client	Browser compatibility and Rust-server WebSocket E2E	2026-10-06T16:39:55.8203931Z Unpacking libdecor-0-0:amd64 (0.2.2-1build2) ...
client	Browser compatibility and Rust-server WebSocket E2E	2026-10-06T16:39:55.8452249Z Selecting previously unselected package libgles2:amd64.
client	Browser compatibility and Rust-server WebSocket E2E	2026-10-06T16:39:55.8570709Z Preparing to unpack .../112-libgles2_1.7.0-1build1_amd64.deb ...
client	Browser compatibility and Rust-server WebSocket E2E	2026-10-06T16:39:55.9127229Z Unpacking libgles2:amd64 (1.7.0-1build1) ...
client	Browser compatibility and Rust-server WebSocket E2E	2026-10-06T16:39:55.9548483Z Selecting previously unselected package libdirectfb-1.7-7t64:amd64.
client	Browser compatibility and Rust-server WebSocket E2E	2026-10-06T16:39:55.9666356Z Preparing to unpack .../113-libdirectfb-1.7-7t64_1.7.7-11.1ubuntu2_amd64.deb ...
client	Browser compatibility and Rust-server WebSocket E2E	2026-10-06T16:39:55.9672146Z Unpacking libdirectfb-1.7-7t64:amd64 (1.7.7-11.1ubuntu2) ...
client	Browser compatibility and Rust-server WebSocket E2E	2026-10-06T16:39:56.0205224Z Selecting previously unselected package libdvdread8t64:amd64.
client	Browser compatibility and Rust-server WebSocket E2E	2026-10-06T16:39:56.0326105Z Preparing to unpack .../114-libdvdread8t64_6.1.3-1.1build1_amd64.deb ...
client	Browser compatibility and Rust-server WebSocket E2E	2026-10-06T16:39:56.0332438Z Unpacking libdvdread8t64:amd64 (6.1.3-1.1build1) ...
client	Browser compatibility and Rust-server WebSocket E2E	2026-10-06T16:39:56.0516390Z Selecting previously unselected package libdvdnav4:amd64.
client	Browser compatibility and Rust-server WebSocket E2E	2026-10-06T16:39:56.0634392Z Preparing to unpack .../115-libdvdnav4_6.1.1-3build1_amd64.deb ...
client	Browser compatibility and Rust-server WebSocket E2E	2026-10-06T16:39:56.0640066Z Unpacking libdvdnav4:amd64 (6.1.1-3build1) ...
client	Browser compatibility and Rust-server WebSocket E2E	2026-10-06T16:39:56.0941478Z Preparing to unpack .../116-libgl1-mesa-dri_25.2.8-0ubuntu0.24.04.4_amd64.deb ...
client	Browser compatibility and Rust-server WebSocket E2E	2026-10-06T16:39:56.1664865Z Unpacking libgl1-mesa-dri:amd64 (25.2.8-0ubuntu0.24.04.4) over (25.2.8-0ubuntu0.24.04.2) ...
client	Browser compatibility and Rust-server WebSocket E2E	2026-10-06T16:39:56.2359769Z Preparing to unpack .../117-libglx-mesa0_25.2.8-0ubuntu0.24.04.4_amd64.deb ...
client	Browser compatibility and Rust-server WebSocket E2E	2026-10-06T16:39:56.2377121Z Unpacking libglx-mesa0:amd64 (25.2.8-0ubuntu0.24.04.4) over (25.2.8-0ubuntu0.24.04.2) ...
client	Browser compatibility and Rust-server WebSocket E2E	2026-10-06T16:39:56.2750218Z Preparing to unpack .../118-libgbm1_25.2.8-0ubuntu0.24.04.4_amd64.deb ...
client	Browser compatibility and Rust-server WebSocket E2E	2026-10-06T16:39:56.2873030Z Unpacking libgbm1:amd64 (25.2.8-0ubuntu0.24.04.4) over (25.2.8-0ubuntu0.24.04.2) ...
client	Browser compatibility and Rust-server WebSocket E2E	2026-10-06T16:39:56.3217738Z Preparing to unpack .../119-mesa-libgallium_25.2.8-0ubuntu0.24.04.4_amd64.deb ...
client	Browser compatibility and Rust-server WebSocket E2E	2026-10-06T16:39:56.3236999Z Unpacking mesa-libgallium:amd64 (25.2.8-0ubuntu0.24.04.4) over (25.2.8-0ubuntu0.24.04.2) ...
client	Browser compatibility and Rust-server WebSocket E2E	2026-10-06T16:39:56.6956658Z Selecting previously unselected package libegl-mesa0:amd64.
client	Browser compatibility and Rust-server WebSocket E2E	2026-10-06T16:39:56.7076217Z Preparing to unpack .../120-libegl-mesa0_25.2.8-0ubuntu0.24.04.4_amd64.deb ...
client	Browser compatibility and Rust-server WebSocket E2E	2026-10-06T16:39:56.7099390Z Unpacking libegl-mesa0:amd64 (25.2.8-0ubuntu0.24.04.4) ...
client	Browser compatibility and Rust-server WebSocket E2E	2026-10-06T16:39:56.7297882Z Selecting previously unselected package libevent-2.1-7t64:amd64.
client	Browser compatibility and Rust-server WebSocket E2E	2026-10-06T16:39:56.7418870Z Preparing to unpack .../121-libevent-2.1-7t64_2.1.12-stable-9ubuntu2.2_amd64.deb ...
client	Browser compatibility and Rust-server WebSocket E2E	2026-10-06T16:39:56.7426268Z Unpacking libevent-2.1-7t64:amd64 (2.1.12-stable-9ubuntu2.2) ...
client	Browser compatibility and Rust-server WebSocket E2E	2026-10-06T16:39:56.7791242Z Preparing to unpack .../122-libevent-pthreads-2.1-7t64_2.1.12-stable-9ubuntu2.2_amd64.deb ...
client	Browser compatibility and Rust-server WebSocket E2E	2026-10-06T16:39:57.1636441Z Unpacking libevent-pthreads-2.1-7t64:amd64 (2.1.12-stable-9ubuntu2.2) over (2.1.12-stable-9ubuntu2.1) ...
client	Browser compatibility and Rust-server WebSocket E2E	2026-10-06T16:39:57.1968814Z Preparing to unpack .../123-libevent-core-2.1-7t64_2.1.12-stable-9ubuntu2.2_amd64.deb ...
client	Browser compatibility and Rust-server WebSocket E2E	2026-10-06T16:39:57.2024835Z Unpacking libevent-core-2.1-7t64:amd64 (2.1.12-stable-9ubuntu2.2) over (2.1.12-stable-9ubuntu2.1) ...
client	Browser compatibility and Rust-server WebSocket E2E	2026-10-06T16:39:57.3654096Z Selecting previously unselected package libfaad2:amd64.
client	Browser compatibility and Rust-server WebSocket E2E	2026-10-06T16:39:57.3780590Z Preparing to unpack .../124-libfaad2_2.11.1-1build1_amd64.deb ...
client	Browser compatibility and Rust-server WebSocket E2E	2026-10-06T16:39:57.4404963Z Unpacking libfaad2:amd64 (2.11.1-1build1) ...
client	Browser compatibility and Rust-server WebSocket E2E	2026-10-06T16:39:57.6378058Z Selecting previously unselected package libinstpatch-1.0-2:amd64.
client	Browser compatibility and Rust-server WebSocket E2E	2026-10-06T16:39:57.6499268Z Preparing to unpack .../125-libinstpatch-1.0-2_1.1.6-1build2_amd64.deb ...
client	Browser compatibility and Rust-server WebSocket E2E	2026-10-06T16:39:57.6520275Z Unpacking libinstpatch-1.0-2:amd64 (1.1.6-1build2) ...
client	Browser compatibility and Rust-server WebSocket E2E	2026-10-06T16:39:57.6747758Z Selecting previously unselected package libjack-jackd2-0:amd64.
client	Browser compatibility and Rust-server WebSocket E2E	2026-10-06T16:39:57.6871494Z Preparing to unpack .../126-libjack-jackd2-0_1.9.21~dfsg-3ubuntu3_amd64.deb ...
client	Browser compatibility and Rust-server WebSocket E2E	2026-10-06T16:39:57.6954675Z Unpacking libjack-jackd2-0:amd64 (1.9.21~dfsg-3ubuntu3) ...
client	Browser compatibility and Rust-server WebSocket E2E	2026-10-06T16:39:57.7925318Z Selecting previously unselected package libwebrtc-audio-processing1:amd64.
client	Browser compatibility and Rust-server WebSocket E2E	2026-10-06T16:39:57.8045331Z Preparing to unpack .../127-libwebrtc-audio-processing1_0.3.1-0ubuntu6_amd64.deb ...
client	Browser compatibility and Rust-server WebSocket E2E	2026-10-06T16:39:57.8050786Z Unpacking libwebrtc-audio-processing1:amd64 (0.3.1-0ubuntu6) ...
client	Browser compatibility and Rust-server WebSocket E2E	2026-10-06T16:39:57.8258575Z Selecting previously unselected package libspa-0.2-modules:amd64.
client	Browser compatibility and Rust-server WebSocket E2E	2026-10-06T16:39:57.8378910Z Preparing to unpack .../128-libspa-0.2-modules_1.0.5-1ubuntu3.3_amd64.deb ...
client	Browser compatibility and Rust-server WebSocket E2E	2026-10-06T16:39:57.9707770Z Unpacking libspa-0.2-modules:amd64 (1.0.5-1ubuntu3.3) ...
client	Browser compatibility and Rust-server WebSocket E2E	2026-10-06T16:39:58.0242298Z Selecting previously unselected package libpipewire-0.3-0t64:amd64.
client	Browser compatibility and Rust-server WebSocket E2E	2026-10-06T16:39:58.0362109Z Preparing to unpack .../129-libpipewire-0.3-0t64_1.0.5-1ubuntu3.3_amd64.deb ...
client	Browser compatibility and Rust-server WebSocket E2E	2026-10-06T16:39:58.0367941Z Unpacking libpipewire-0.3-0t64:amd64 (1.0.5-1ubuntu3.3) ...
client	Browser compatibility and Rust-server WebSocket E2E	2026-10-06T16:39:58.0710943Z Selecting previously unselected package libsdl2-2.0-0:amd64.
client	Browser compatibility and Rust-server WebSocket E2E	2026-10-06T16:39:58.0830010Z Preparing to unpack .../130-libsdl2-2.0-0_2.30.0+dfsg-1ubuntu3.1_amd64.deb ...
client	Browser compatibility and Rust-server WebSocket E2E	2026-10-06T16:39:58.0836299Z Unpacking libsdl2-2.0-0:amd64 (2.30.0+dfsg-1ubuntu3.1) ...
client	Browser compatibility and Rust-server WebSocket E2E	2026-10-06T16:39:58.1186023Z Selecting previously unselected package timgm6mb-soundfont.
client	Browser compatibility and Rust-server WebSocket E2E	2026-10-06T16:39:58.1306653Z Preparing to unpack .../131-timgm6mb-soundfont_1.3-5_all.deb ...
client	Browser compatibility and Rust-server WebSocket E2E	2026-10-06T16:39:58.1312793Z Unpacking timgm6mb-soundfont (1.3-5) ...
client	Browser compatibility and Rust-server WebSocket E2E	2026-10-06T16:39:58.4632875Z Selecting previously unselected package libfluidsynth3:amd64.
client	Browser compatibility and Rust-server WebSocket E2E	2026-10-06T16:39:58.4755674Z Preparing to unpack .../132-libfluidsynth3_2.3.4-1build3_amd64.deb ...
client	Browser compatibility and Rust-server WebSocket E2E	2026-10-06T16:39:58.4763928Z Unpacking libfluidsynth3:amd64 (2.3.4-1build3) ...
client	Browser compatibility and Rust-server WebSocket E2E	2026-10-06T16:39:58.4972582Z Selecting previously unselected package libfreeaptx0:amd64.
client	Browser compatibility and Rust-server WebSocket E2E	2026-10-06T16:39:58.5096620Z Preparing to unpack .../133-libfreeaptx0_0.1.1-2build1_amd64.deb ...
client	Browser compatibility and Rust-server WebSocket E2E	2026-10-06T16:39:58.5104418Z Unpacking libfreeaptx0:amd64 (0.1.1-2build1) ...
client	Browser compatibility and Rust-server WebSocket E2E	2026-10-06T16:39:58.5290672Z Selecting previously unselected package libgraphene-1.0-0:amd64.
client	Browser compatibility and Rust-server WebSocket E2E	2026-10-06T16:39:58.5411888Z Preparing to unpack .../134-libgraphene-1.0-0_1.10.8-3build2_amd64.deb ...
client	Browser compatibility and Rust-server WebSocket E2E	2026-10-06T16:39:58.5417483Z Unpacking libgraphene-1.0-0:amd64 (1.10.8-3build2) ...
client	Browser compatibility and Rust-server WebSocket E2E	2026-10-06T16:39:58.5604196Z Selecting previously unselected package libgssdp-1.6-0:amd64.
client	Browser compatibility and Rust-server WebSocket E2E	2026-10-06T16:39:58.5726289Z Preparing to unpack .../135-libgssdp-1.6-0_1.6.3-1build3_amd64.deb ...
client	Browser compatibility and Rust-server WebSocket E2E	2026-10-06T16:39:58.5733879Z Unpacking libgssdp-1.6-0:amd64 (1.6.3-1build3) ...
client	Browser compatibility and Rust-server WebSocket E2E	2026-10-06T16:39:58.5913789Z Selecting previously unselected package libegl1:amd64.
client	Browser compatibility and Rust-server WebSocket E2E	2026-10-06T16:39:58.6031528Z Preparing to unpack .../136-libegl1_1.7.0-1build1_amd64.deb ...
client	Browser compatibility and Rust-server WebSocket E2E	2026-10-06T16:39:58.6039166Z Unpacking libegl1:amd64 (1.7.0-1build1) ...
client	Browser compatibility and Rust-server WebSocket E2E	2026-10-06T16:39:58.6285291Z Selecting previously unselected package libgstreamer-gl1.0-0:amd64.
client	Browser compatibility and Rust-server WebSocket E2E	2026-10-06T16:39:58.6405991Z Preparing to unpack .../137-libgstreamer-gl1.0-0_1.24.2-1ubuntu0.5_amd64.deb ...
client	Browser compatibility and Rust-server WebSocket E2E	2026-10-06T16:39:58.6472340Z Unpacking libgstreamer-gl1.0-0:amd64 (1.24.2-1ubuntu0.5) ...
client	Browser compatibility and Rust-server WebSocket E2E	2026-10-06T16:39:58.6680073Z Selecting previously unselected package libgtk-4-common.
client	Browser compatibility and Rust-server WebSocket E2E	2026-10-06T16:39:58.6798015Z Preparing to unpack .../138-libgtk-4-common_4.14.5+ds-0ubuntu0.10_all.deb ...
client	Browser compatibility and Rust-server WebSocket E2E	2026-10-06T16:39:58.6805132Z Unpacking libgtk-4-common (4.14.5+ds-0ubuntu0.10) ...
client	Browser compatibility and Rust-server WebSocket E2E	2026-10-06T16:39:58.7507947Z Selecting previously unselected package libgtk-4-1:amd64.
client	Browser compatibility and Rust-server WebSocket E2E	2026-10-06T16:39:58.7627246Z Preparing to unpack .../139-libgtk-4-1_4.14.5+ds-0ubuntu0.10_amd64.deb ...
client	Browser compatibility and Rust-server WebSocket E2E	2026-10-06T16:39:58.7634140Z Unpacking libgtk-4-1:amd64 (4.14.5+ds-0ubuntu0.10) ...
client	Browser compatibility and Rust-server WebSocket E2E	2026-10-06T16:39:58.8845325Z Selecting previously unselected package libgupnp-1.6-0:amd64.
client	Browser compatibility and Rust-server WebSocket E2E	2026-10-06T16:39:58.8964682Z Preparing to unpack .../140-libgupnp-1.6-0_1.6.6-1build3_amd64.deb ...
client	Browser compatibility and Rust-server WebSocket E2E	2026-10-06T16:39:58.8972558Z Unpacking libgupnp-1.6-0:amd64 (1.6.6-1build3) ...
client	Browser compatibility and Rust-server WebSocket E2E	2026-10-06T16:39:58.9194799Z Selecting previously unselected package libgupnp-igd-1.6-0:amd64.
client	Browser compatibility and Rust-server WebSocket E2E	2026-10-06T16:39:58.9308972Z Preparing to unpack .../141-libgupnp-igd-1.6-0_1.6.0-3build3_amd64.deb ...
client	Browser compatibility and Rust-server WebSocket E2E	2026-10-06T16:39:58.9316200Z Unpacking libgupnp-igd-1.6-0:amd64 (1.6.0-3build3) ...
client	Browser compatibility and Rust-server WebSocket E2E	2026-10-06T16:39:58.9683915Z Selecting previously unselected package libharfbuzz-icu0:amd64.
client	Browser compatibility and Rust-server WebSocket E2E	2026-10-06T16:39:58.9805059Z Preparing to unpack .../142-libharfbuzz-icu0_8.3.0-2build2_amd64.deb ...
client	Browser compatibility and Rust-server WebSocket E2E	2026-10-06T16:39:58.9831293Z Unpacking libharfbuzz-icu0:amd64 (8.3.0-2build2) ...
client	Browser compatibility and Rust-server WebSocket E2E	2026-10-06T16:39:59.0012931Z Selecting previously unselected package libhyphen0:amd64.
client	Browser compatibility and Rust-server WebSocket E2E	2026-10-06T16:39:59.0135372Z Preparing to unpack .../143-libhyphen0_2.8.8-7build3_amd64.deb ...
client	Browser compatibility and Rust-server WebSocket E2E	2026-10-06T16:39:59.0143303Z Unpacking libhyphen0:amd64 (2.8.8-7build3) ...
client	Browser compatibility and Rust-server WebSocket E2E	2026-10-06T16:39:59.0322594Z Selecting previously unselected package libimath-3-1-29t64:amd64.
client	Browser compatibility and Rust-server WebSocket E2E	2026-10-06T16:39:59.0443126Z Preparing to unpack .../144-libimath-3-1-29t64_3.1.9-3.1ubuntu2_amd64.deb ...
client	Browser compatibility and Rust-server WebSocket E2E	2026-10-06T16:39:59.0449219Z Unpacking libimath-3-1-29t64:amd64 (3.1.9-3.1ubuntu2) ...
client	Browser compatibility and Rust-server WebSocket E2E	2026-10-06T16:39:59.0648758Z Selecting previously unselected package liblc3-1:amd64.
client	Browser compatibility and Rust-server WebSocket E2E	2026-10-06T16:39:59.0768543Z Preparing to unpack .../145-liblc3-1_1.0.4-3build1_amd64.deb ...
client	Browser compatibility and Rust-server WebSocket E2E	2026-10-06T16:39:59.0774086Z Unpacking liblc3-1:amd64 (1.0.4-3build1) ...
client	Browser compatibility and Rust-server WebSocket E2E	2026-10-06T16:39:59.0962231Z Selecting previously unselected package libldacbt-enc2:amd64.
client	Browser compatibility and Rust-server WebSocket E2E	2026-10-06T16:39:59.1081219Z Preparing to unpack .../146-libldacbt-enc2_2.0.2.3+git20200429+ed310a0-4ubuntu2_amd64.deb ...
client	Browser compatibility and Rust-server WebSocket E2E	2026-10-06T16:39:59.1086855Z Unpacking libldacbt-enc2:amd64 (2.0.2.3+git20200429+ed310a0-4ubuntu2) ...
client	Browser compatibility and Rust-server WebSocket E2E	2026-10-06T16:39:59.1261128Z Selecting previously unselected package libraptor2-0:amd64.
client	Browser compatibility and Rust-server WebSocket E2E	2026-10-06T16:39:59.1380722Z Preparing to unpack .../147-libraptor2-0_2.0.16-3ubuntu0.1_amd64.deb ...
client	Browser compatibility and Rust-server WebSocket E2E	2026-10-06T16:39:59.1388420Z Unpacking libraptor2-0:amd64 (2.0.16-3ubuntu0.1) ...
client	Browser compatibility and Rust-server WebSocket E2E	2026-10-06T16:39:59.1593665Z Selecting previously unselected package liblrdf0:amd64.
client	Browser compatibility and Rust-server WebSocket E2E	2026-10-06T16:39:59.1716664Z Preparing to unpack .../148-liblrdf0_0.6.1-4build1_amd64.deb ...
client	Browser compatibility and Rust-server WebSocket E2E	2026-10-06T16:39:59.2005919Z Unpacking liblrdf0:amd64 (0.6.1-4build1) ...
client	Browser compatibility and Rust-server WebSocket E2E	2026-10-06T16:39:59.2528087Z Selecting previously unselected package libltc11:amd64.
client	Browser compatibility and Rust-server WebSocket E2E	2026-10-06T16:39:59.2651232Z Preparing to unpack .../149-libltc11_1.3.2-1build1_amd64.deb ...
client	Browser compatibility and Rust-server WebSocket E2E	2026-10-06T16:39:59.3486264Z Unpacking libltc11:amd64 (1.3.2-1build1) ...
client	Browser compatibility and Rust-server WebSocket E2E	2026-10-06T16:39:59.4055616Z Selecting previously unselected package libmanette-0.2-0:amd64.
client	Browser compatibility and Rust-server WebSocket E2E	2026-10-06T16:39:59.4178228Z Preparing to unpack .../150-libmanette-0.2-0_0.2.7-1build2_amd64.deb ...
client	Browser compatibility and Rust-server WebSocket E2E	2026-10-06T16:39:59.4433988Z Unpacking libmanette-0.2-0:amd64 (0.2.7-1build2) ...
client	Browser compatibility and Rust-server WebSocket E2E	2026-10-06T16:39:59.4623590Z Selecting previously unselected package libmfx1:amd64.
client	Browser compatibility and Rust-server WebSocket E2E	2026-10-06T16:39:59.4742597Z Preparing to unpack .../151-libmfx1_22.5.4-1_amd64.deb ...
client	Browser compatibility and Rust-server WebSocket E2E	2026-10-06T16:39:59.4750812Z Unpacking libmfx1:amd64 (22.5.4-1) ...
client	Browser compatibility and Rust-server WebSocket E2E	2026-10-06T16:39:59.6494766Z Selecting previously unselected package libmjpegutils-2.1-0t64:amd64.
client	Browser compatibility and Rust-server WebSocket E2E	2026-10-06T16:39:59.6620571Z Preparing to unpack .../152-libmjpegutils-2.1-0t64_1%3a2.1.0+debian-8.1build1_amd64.deb ...
client	Browser compatibility and Rust-server WebSocket E2E	2026-10-06T16:39:59.6628313Z Unpacking libmjpegutils-2.1-0t64:amd64 (1:2.1.0+debian-8.1build1) ...
client	Browser compatibility and Rust-server WebSocket E2E	2026-10-06T16:39:59.6822214Z Selecting previously unselected package libmodplug1:amd64.
client	Browser compatibility and Rust-server WebSocket E2E	2026-10-06T16:39:59.6945256Z Preparing to unpack .../153-libmodplug1_1%3a0.8.9.0-3build1_amd64.deb ...
client	Browser compatibility and Rust-server WebSocket E2E	2026-10-06T16:39:59.6952008Z Unpacking libmodplug1:amd64 (1:0.8.9.0-3build1) ...
client	Browser compatibility and Rust-server WebSocket E2E	2026-10-06T16:39:59.7155831Z Selecting previously unselected package libmpcdec6:amd64.
client	Browser compatibility and Rust-server WebSocket E2E	2026-10-06T16:39:59.7276202Z Preparing to unpack .../154-libmpcdec6_2%3a0.1~r495-2build1_amd64.deb ...
client	Browser compatibility and Rust-server WebSocket E2E	2026-10-06T16:39:59.7282725Z Unpacking libmpcdec6:amd64 (2:0.1~r495-2build1) ...
client	Browser compatibility and Rust-server WebSocket E2E	2026-10-06T16:39:59.7459336Z Selecting previously unselected package libmpeg2encpp-2.1-0t64:amd64.
client	Browser compatibility and Rust-server WebSocket E2E	2026-10-06T16:39:59.7577962Z Preparing to unpack .../155-libmpeg2encpp-2.1-0t64_1%3a2.1.0+debian-8.1build1_amd64.deb ...
client	Browser compatibility and Rust-server WebSocket E2E	2026-10-06T16:39:59.7584529Z Unpacking libmpeg2encpp-2.1-0t64:amd64 (1:2.1.0+debian-8.1build1) ...
client	Browser compatibility and Rust-server WebSocket E2E	2026-10-06T16:39:59.7766901Z Selecting previously unselected package libmplex2-2.1-0t64:amd64.
client	Browser compatibility and Rust-server WebSocket E2E	2026-10-06T16:39:59.7883533Z Preparing to unpack .../156-libmplex2-2.1-0t64_1%3a2.1.0+debian-8.1build1_amd64.deb ...
client	Browser compatibility and Rust-server WebSocket E2E	2026-10-06T16:39:59.7889275Z Unpacking libmplex2-2.1-0t64:amd64 (1:2.1.0+debian-8.1build1) ...
client	Browser compatibility and Rust-server WebSocket E2E	2026-10-06T16:39:59.8068441Z Selecting previously unselected package libneon27t64:amd64.
client	Browser compatibility and Rust-server WebSocket E2E	2026-10-06T16:39:59.8187856Z Preparing to unpack .../157-libneon27t64_0.33.0-1.1build3_amd64.deb ...
client	Browser compatibility and Rust-server WebSocket E2E	2026-10-06T16:39:59.8193988Z Unpacking libneon27t64:amd64 (0.33.0-1.1build3) ...
client	Browser compatibility and Rust-server WebSocket E2E	2026-10-06T16:39:59.8924645Z Selecting previously unselected package libnice10:amd64.
client	Browser compatibility and Rust-server WebSocket E2E	2026-10-06T16:39:59.9046204Z Preparing to unpack .../158-libnice10_0.1.21-2build3_amd64.deb ...
client	Browser compatibility and Rust-server WebSocket E2E	2026-10-06T16:39:59.9052489Z Unpacking libnice10:amd64 (0.1.21-2build3) ...
client	Browser compatibility and Rust-server WebSocket E2E	2026-10-06T16:39:59.9264624Z Selecting previously unselected package libopenal-data.
client	Browser compatibility and Rust-server WebSocket E2E	2026-10-06T16:39:59.9387481Z Preparing to unpack .../159-libopenal-data_1%3a1.23.1-4build1_all.deb ...
client	Browser compatibility and Rust-server WebSocket E2E	2026-10-06T16:39:59.9393746Z Unpacking libopenal-data (1:1.23.1-4build1) ...
client	Browser compatibility and Rust-server WebSocket E2E	2026-10-06T16:39:59.9592279Z Selecting previously unselected package libopenexr-3-1-30:amd64.
client	Browser compatibility and Rust-server WebSocket E2E	2026-10-06T16:39:59.9715331Z Preparing to unpack .../160-libopenexr-3-1-30_3.1.5-5.1build3_amd64.deb ...
client	Browser compatibility and Rust-server WebSocket E2E	2026-10-06T16:39:59.9721648Z Unpacking libopenexr-3-1-30:amd64 (3.1.5-5.1build3) ...
client	Browser compatibility and Rust-server WebSocket E2E	2026-10-06T16:40:00.0191049Z Selecting previously unselected package libopenh264-7:amd64.
client	Browser compatibility and Rust-server WebSocket E2E	2026-10-06T16:40:00.0314612Z Preparing to unpack .../161-libopenh264-7_2.4.1+dfsg-1_amd64.deb ...
client	Browser compatibility and Rust-server WebSocket E2E	2026-10-06T16:40:00.0321075Z Unpacking libopenh264-7:amd64 (2.4.1+dfsg-1) ...
client	Browser compatibility and Rust-server WebSocket E2E	2026-10-06T16:40:00.0573718Z Selecting previously unselected package libopenni2-0:amd64.
client	Browser compatibility and Rust-server WebSocket E2E	2026-10-06T16:40:00.0693815Z Preparing to unpack .../162-libopenni2-0_2.2.0.33+dfsg-18_amd64.deb ...
client	Browser compatibility and Rust-server WebSocket E2E	2026-10-06T16:40:00.0722771Z Unpacking libopenni2-0:amd64 (2.2.0.33+dfsg-18) ...
client	Browser compatibility and Rust-server WebSocket E2E	2026-10-06T16:40:00.1014302Z Selecting previously unselected package libqrencode4:amd64.
client	Browser compatibility and Rust-server WebSocket E2E	2026-10-06T16:40:00.1134816Z Preparing to unpack .../163-libqrencode4_4.1.1-1build2_amd64.deb ...
client	Browser compatibility and Rust-server WebSocket E2E	2026-10-06T16:40:00.1143539Z Unpacking libqrencode4:amd64 (4.1.1-1build2) ...
client	Browser compatibility and Rust-server WebSocket E2E	2026-10-06T16:40:00.1325069Z Selecting previously unselected package libsecret-common.
client	Browser compatibility and Rust-server WebSocket E2E	2026-10-06T16:40:00.1446181Z Preparing to unpack .../164-libsecret-common_0.21.4-1build3_all.deb ...
client	Browser compatibility and Rust-server WebSocket E2E	2026-10-06T16:40:00.1452012Z Unpacking libsecret-common (0.21.4-1build3) ...
client	Browser compatibility and Rust-server WebSocket E2E	2026-10-06T16:40:00.1629508Z Selecting previously unselected package libsecret-1-0:amd64.
client	Browser compatibility and Rust-server WebSocket E2E	2026-10-06T16:40:00.1752043Z Preparing to unpack .../165-libsecret-1-0_0.21.4-1build3_amd64.deb ...
client	Browser compatibility and Rust-server WebSocket E2E	2026-10-06T16:40:00.1757785Z Unpacking libsecret-1-0:amd64 (0.21.4-1build3) ...
client	Browser compatibility and Rust-server WebSocket E2E	2026-10-06T16:40:00.1966869Z Selecting previously unselected package libsndio7.0:amd64.
client	Browser compatibility and Rust-server WebSocket E2E	2026-10-06T16:40:00.2087382Z Preparing to unpack .../166-libsndio7.0_1.9.0-0.3build3_amd64.deb ...
client	Browser compatibility and Rust-server WebSocket E2E	2026-10-06T16:40:00.2093376Z Unpacking libsndio7.0:amd64 (1.9.0-0.3build3) ...
client	Browser compatibility and Rust-server WebSocket E2E	2026-10-06T16:40:00.2273883Z Selecting previously unselected package libsoundtouch1:amd64.
client	Browser compatibility and Rust-server WebSocket E2E	2026-10-06T16:40:00.2392217Z Preparing to unpack .../167-libsoundtouch1_2.3.2+ds1-1build1_amd64.deb ...
client	Browser compatibility and Rust-server WebSocket E2E	2026-10-06T16:40:00.2397763Z Unpacking libsoundtouch1:amd64 (2.3.2+ds1-1build1) ...
client	Browser compatibility and Rust-server WebSocket E2E	2026-10-06T16:40:00.2613300Z Selecting previously unselected package libspandsp2t64:amd64.
client	Browser compatibility and Rust-server WebSocket E2E	2026-10-06T16:40:00.2734468Z Preparing to unpack .../168-libspandsp2t64_0.0.6+dfsg-2.1build1_amd64.deb ...
client	Browser compatibility and Rust-server WebSocket E2E	2026-10-06T16:40:00.2739925Z Unpacking libspandsp2t64:amd64 (0.0.6+dfsg-2.1build1) ...
client	Browser compatibility and Rust-server WebSocket E2E	2026-10-06T16:40:00.2993187Z Selecting previously unselected package libsrtp2-1:amd64.
client	Browser compatibility and Rust-server WebSocket E2E	2026-10-06T16:40:00.3116170Z Preparing to unpack .../169-libsrtp2-1_2.5.0-3build1_amd64.deb ...
client	Browser compatibility and Rust-server WebSocket E2E	2026-10-06T16:40:00.3122988Z Unpacking libsrtp2-1:amd64 (2.5.0-3build1) ...
client	Browser compatibility and Rust-server WebSocket E2E	2026-10-06T16:40:00.4045583Z Selecting previously unselected package libwayland-server0:amd64.
client	Browser compatibility and Rust-server WebSocket E2E	2026-10-06T16:40:00.4170072Z Preparing to unpack .../170-libwayland-server0_1.22.0-2.1build1_amd64.deb ...
client	Browser compatibility and Rust-server WebSocket E2E	2026-10-06T16:40:00.4176328Z Unpacking libwayland-server0:amd64 (1.22.0-2.1build1) ...
client	Browser compatibility and Rust-server WebSocket E2E	2026-10-06T16:40:00.4362645Z Selecting previously unselected package libwildmidi2:amd64.
client	Browser compatibility and Rust-server WebSocket E2E	2026-10-06T16:40:00.4483228Z Preparing to unpack .../171-libwildmidi2_0.4.3-1build3_amd64.deb ...
client	Browser compatibility and Rust-server WebSocket E2E	2026-10-06T16:40:00.4489178Z Unpacking libwildmidi2:amd64 (0.4.3-1build3) ...
client	Browser compatibility and Rust-server WebSocket E2E	2026-10-06T16:40:00.4677415Z Selecting previously unselected package libwoff1:amd64.
client	Browser compatibility and Rust-server WebSocket E2E	2026-10-06T16:40:00.4800529Z Preparing to unpack .../172-libwoff1_1.0.2-2build1_amd64.deb ...
client	Browser compatibility and Rust-server WebSocket E2E	2026-10-06T16:40:00.4806465Z Unpacking libwoff1:amd64 (1.0.2-2build1) ...
client	Browser compatibility and Rust-server WebSocket E2E	2026-10-06T16:40:00.4997926Z Selecting previously unselected package libxcb-xkb1:amd64.
client	Browser compatibility and Rust-server WebSocket E2E	2026-10-06T16:40:00.5119435Z Preparing to unpack .../173-libxcb-xkb1_1.15-1ubuntu2_amd64.deb ...
client	Browser compatibility and Rust-server WebSocket E2E	2026-10-06T16:40:00.5317570Z Unpacking libxcb-xkb1:amd64 (1.15-1ubuntu2) ...
client	Browser compatibility and Rust-server WebSocket E2E	2026-10-06T16:40:00.5534530Z Selecting previously unselected package libxkbcommon-x11-0:amd64.
client	Browser compatibility and Rust-server WebSocket E2E	2026-10-06T16:40:00.5655286Z Preparing to unpack .../174-libxkbcommon-x11-0_1.6.0-1build1_amd64.deb ...
client	Browser compatibility and Rust-server WebSocket E2E	2026-10-06T16:40:00.5660950Z Unpacking libxkbcommon-x11-0:amd64 (1.6.0-1build1) ...
client	Browser compatibility and Rust-server WebSocket E2E	2026-10-06T16:40:00.5840417Z Selecting previously unselected package libzbar0t64:amd64.
client	Browser compatibility and Rust-server WebSocket E2E	2026-10-06T16:40:00.5959727Z Preparing to unpack .../175-libzbar0t64_0.23.93-4build3_amd64.deb ...
client	Browser compatibility and Rust-server WebSocket E2E	2026-10-06T16:40:00.5966109Z Unpacking libzbar0t64:amd64 (0.23.93-4build3) ...
client	Browser compatibility and Rust-server WebSocket E2E	2026-10-06T16:40:00.6719698Z Selecting previously unselected package libzxing3:amd64.
client	Browser compatibility and Rust-server WebSocket E2E	2026-10-06T16:40:00.6843651Z Preparing to unpack .../176-libzxing3_2.2.1-3_amd64.deb ...
client	Browser compatibility and Rust-server WebSocket E2E	2026-10-06T16:40:00.6849507Z Unpacking libzxing3:amd64 (2.2.1-3) ...
client	Browser compatibility and Rust-server WebSocket E2E	2026-10-06T16:40:00.7130548Z Selecting previously unselected package xfonts-encodings.
client	Browser compatibility and Rust-server WebSocket E2E	2026-10-06T16:40:00.7254301Z Preparing to unpack .../177-xfonts-encodings_1%3a1.0.5-0ubuntu2_all.deb ...
client	Browser compatibility and Rust-server WebSocket E2E	2026-10-06T16:40:00.7260170Z Unpacking xfonts-encodings (1:1.0.5-0ubuntu2) ...
client	Browser compatibility and Rust-server WebSocket E2E	2026-10-06T16:40:00.7549789Z Selecting previously unselected package xfonts-utils.
client	Browser compatibility and Rust-server WebSocket E2E	2026-10-06T16:40:00.7674356Z Preparing to unpack .../178-xfonts-utils_1%3a7.7+6build3_amd64.deb ...
client	Browser compatibility and Rust-server WebSocket E2E	2026-10-06T16:40:00.7680499Z Unpacking xfonts-utils (1:7.7+6build3) ...
client	Browser compatibility and Rust-server WebSocket E2E	2026-10-06T16:40:00.9521743Z Selecting previously unselected package xfonts-cyrillic.
client	Browser compatibility and Rust-server WebSocket E2E	2026-10-06T16:40:00.9646799Z Preparing to unpack .../179-xfonts-cyrillic_1%3a1.0.5+nmu1_all.deb ...
client	Browser compatibility and Rust-server WebSocket E2E	2026-10-06T16:40:00.9652524Z Unpacking xfonts-cyrillic (1:1.0.5+nmu1) ...
client	Browser compatibility and Rust-server WebSocket E2E	2026-10-06T16:40:00.9954431Z Selecting previously unselected package xfonts-scalable.
client	Browser compatibility and Rust-server WebSocket E2E	2026-10-06T16:40:01.0079758Z Preparing to unpack .../180-xfonts-scalable_1%3a1.0.3-1.3_all.deb ...
client	Browser compatibility and Rust-server WebSocket E2E	2026-10-06T16:40:01.0134446Z Unpacking xfonts-scalable (1:1.0.3-1.3) ...
client	Browser compatibility and Rust-server WebSocket E2E	2026-10-06T16:40:01.0367416Z Selecting previously unselected package libgstreamer-plugins-bad1.0-0:amd64.
client	Browser compatibility and Rust-server WebSocket E2E	2026-10-06T16:40:01.0491087Z Preparing to unpack .../181-libgstreamer-plugins-bad1.0-0_1.24.2-1ubuntu4_amd64.deb ...
client	Browser compatibility and Rust-server WebSocket E2E	2026-10-06T16:40:01.1880795Z Unpacking libgstreamer-plugins-bad1.0-0:amd64 (1.24.2-1ubuntu4) ...
client	Browser compatibility and Rust-server WebSocket E2E	2026-10-06T16:40:01.2261919Z Selecting previously unselected package libdca0:amd64.
client	Browser compatibility and Rust-server WebSocket E2E	2026-10-06T16:40:01.2382919Z Preparing to unpack .../182-libdca0_0.0.7-2build1_amd64.deb ...
client	Browser compatibility and Rust-server WebSocket E2E	2026-10-06T16:40:01.2390895Z Unpacking libdca0:amd64 (0.0.7-2build1) ...
client	Browser compatibility and Rust-server WebSocket E2E	2026-10-06T16:40:01.2577792Z Selecting previously unselected package libopenal1:amd64.
client	Browser compatibility and Rust-server WebSocket E2E	2026-10-06T16:40:01.2697778Z Preparing to unpack .../183-libopenal1_1%3a1.23.1-4build1_amd64.deb ...
client	Browser compatibility and Rust-server WebSocket E2E	2026-10-06T16:40:01.2705897Z Unpacking libopenal1:amd64 (1:1.23.1-4build1) ...
client	Browser compatibility and Rust-server WebSocket E2E	2026-10-06T16:40:01.2988288Z Selecting previously unselected package libsbc1:amd64.
client	Browser compatibility and Rust-server WebSocket E2E	2026-10-06T16:40:01.3112310Z Preparing to unpack .../184-libsbc1_2.0-1build1_amd64.deb ...
client	Browser compatibility and Rust-server WebSocket E2E	2026-10-06T16:40:01.3117872Z Unpacking libsbc1:amd64 (2.0-1build1) ...
client	Browser compatibility and Rust-server WebSocket E2E	2026-10-06T16:40:01.3294997Z Selecting previously unselected package libvo-aacenc0:amd64.
client	Browser compatibility and Rust-server WebSocket E2E	2026-10-06T16:40:01.3417386Z Preparing to unpack .../185-libvo-aacenc0_0.1.3-2build1_amd64.deb ...
client	Browser compatibility and Rust-server WebSocket E2E	2026-10-06T16:40:01.3423858Z Unpacking libvo-aacenc0:amd64 (0.1.3-2build1) ...
client	Browser compatibility and Rust-server WebSocket E2E	2026-10-06T16:40:01.3613242Z Selecting previously unselected package libvo-amrwbenc0:amd64.
client	Browser compatibility and Rust-server WebSocket E2E	2026-10-06T16:40:01.3733461Z Preparing to unpack .../186-libvo-amrwbenc0_0.1.3-2build1_amd64.deb ...
client	Browser compatibility and Rust-server WebSocket E2E	2026-10-06T16:40:01.3738782Z Unpacking libvo-amrwbenc0:amd64 (0.1.3-2build1) ...
client	Browser compatibility and Rust-server WebSocket E2E	2026-10-06T16:40:01.3921153Z Selecting previously unselected package gstreamer1.0-plugins-bad:amd64.
client	Browser compatibility and Rust-server WebSocket E2E	2026-10-06T16:40:01.4040805Z Preparing to unpack .../187-gstreamer1.0-plugins-bad_1.24.2-1ubuntu4_amd64.deb ...
client	Browser compatibility and Rust-server WebSocket E2E	2026-10-06T16:40:01.4046194Z Unpacking gstreamer1.0-plugins-bad:amd64 (1.24.2-1ubuntu4) ...
client	Browser compatibility and Rust-server WebSocket E2E	2026-10-06T16:40:01.6325081Z Setting up libgme0:amd64 (0.6.3-7build1) ...
client	Browser compatibility and Rust-server WebSocket E2E	2026-10-06T16:40:01.6348441Z Setting up libchromaprint1:amd64 (1.5.1-5) ...
client	Browser compatibility and Rust-server WebSocket E2E	2026-10-06T16:40:01.6369457Z Setting up libssh-gcrypt-4:amd64 (0.10.6-2ubuntu0.5) ...
client	Browser compatibility and Rust-server WebSocket E2E	2026-10-06T16:40:01.6380902Z Setting up libhwy1t64:amd64 (1.0.7-8.1build1) ...
client	Browser compatibility and Rust-server WebSocket E2E	2026-10-06T16:40:01.6397562Z Setting up libfreeaptx0:amd64 (0.1.1-2build1) ...
client	Browser compatibility and Rust-server WebSocket E2E	2026-10-06T16:40:01.6411742Z Setting up libdvdread8t64:amd64 (6.1.3-1.1build1) ...
client	Browser compatibility and Rust-server WebSocket E2E	2026-10-06T16:40:01.6428458Z Setting up libudfread0:amd64 (1.1.2-1build1) ...
client	Browser compatibility and Rust-server WebSocket E2E	2026-10-06T16:40:01.6443783Z Setting up libmodplug1:amd64 (1:0.8.9.0-3build1) ...
client	Browser compatibility and Rust-server WebSocket E2E	2026-10-06T16:40:01.6460234Z Setting up libcdparanoia0:amd64 (3.10.2+debian-14build3) ...
client	Browser compatibility and Rust-server WebSocket E2E	2026-10-06T16:40:01.6476228Z Setting up libwayland-server0:amd64 (1.22.0-2.1build1) ...
client	Browser compatibility and Rust-server WebSocket E2E	2026-10-06T16:40:01.6491033Z Setting up libvo-amrwbenc0:amd64 (0.1.3-2build1) ...
client	Browser compatibility and Rust-server WebSocket E2E	2026-10-06T16:40:01.6508984Z Setting up mesa-libgallium:amd64 (25.2.8-0ubuntu0.24.04.4) ...
client	Browser compatibility and Rust-server WebSocket E2E	2026-10-06T16:40:01.6526517Z Setting up session-migration (0.3.9build1) ...
client	Browser compatibility and Rust-server WebSocket E2E	2026-10-06T16:40:01.7779958Z Created symlink /etc/systemd/user/graphical-session-pre.target.wants/session-migration.service → /usr/lib/systemd/user/session-migration.service.
client	Browser compatibility and Rust-server WebSocket E2E	2026-10-06T16:40:01.7780670Z
client	Browser compatibility and Rust-server WebSocket E2E	2026-10-06T16:40:01.9208312Z Setting up libraw1394-11:amd64 (2.1.2-2build3) ...
client	Browser compatibility and Rust-server WebSocket E2E	2026-10-06T16:40:01.9240104Z Setting up libsbc1:amd64 (2.0-1build1) ...
client	Browser compatibility and Rust-server WebSocket E2E	2026-10-06T16:40:01.9312517Z Setting up libproxy1v5:amd64 (0.5.4-4build1) ...
client	Browser compatibility and Rust-server WebSocket E2E	2026-10-06T16:40:01.9329457Z Setting up libneon27t64:amd64 (0.33.0-1.1build3) ...
client	Browser compatibility and Rust-server WebSocket E2E	2026-10-06T16:40:01.9343395Z Setting up libtag1v5-vanilla:amd64 (1.13.1-1build1) ...
client	Browser compatibility and Rust-server WebSocket E2E	2026-10-06T16:40:01.9357252Z Setting up libharfbuzz-icu0:amd64 (8.3.0-2build2) ...
client	Browser compatibility and Rust-server WebSocket E2E	2026-10-06T16:40:01.9371882Z Setting up libopenni2-0:amd64 (2.2.0.33+dfsg-18) ...
client	Browser compatibility and Rust-server WebSocket E2E	2026-10-06T16:40:01.9598812Z Setting up libspeex1:amd64 (1.2.1-2ubuntu2.24.04.1) ...
client	Browser compatibility and Rust-server WebSocket E2E	2026-10-06T16:40:01.9617637Z Setting up libshine3:amd64 (3.1.1-2build1) ...
client	Browser compatibility and Rust-server WebSocket E2E	2026-10-06T16:40:01.9631595Z Setting up libcaca0:amd64 (0.99.beta20-4ubuntu0.2) ...
client	Browser compatibility and Rust-server WebSocket E2E	2026-10-06T16:40:01.9646367Z Setting up libvpl2 (2023.3.0-1build1) ...
client	Browser compatibility and Rust-server WebSocket E2E	2026-10-06T16:40:01.9660653Z Setting up libv4lconvert0t64:amd64 (1.26.1-4build3) ...
client	Browser compatibility and Rust-server WebSocket E2E	2026-10-06T16:40:01.9678325Z Setting up libx264-164:amd64 (2:0.164.3108+git31e19f9-1) ...
client	Browser compatibility and Rust-server WebSocket E2E	2026-10-06T16:40:01.9692639Z Setting up libtwolame0:amd64 (0.4.0-2build3) ...
client	Browser compatibility and Rust-server WebSocket E2E	2026-10-06T16:40:01.9706671Z Setting up libmbedcrypto7t64:amd64 (2.28.8-1) ...
client	Browser compatibility and Rust-server WebSocket E2E	2026-10-06T16:40:01.9721952Z Setting up libwoff1:amd64 (1.0.2-2build1) ...
client	Browser compatibility and Rust-server WebSocket E2E	2026-10-06T16:40:01.9737595Z Setting up liblc3-1:amd64 (1.0.4-3build1) ...
client	Browser compatibility and Rust-server WebSocket E2E	2026-10-06T16:40:01.9752744Z Setting up libqrencode4:amd64 (4.1.1-1build2) ...
client	Browser compatibility and Rust-server WebSocket E2E	2026-10-06T16:40:01.9766639Z Setting up libhyphen0:amd64 (2.8.8-7build3) ...
client	Browser compatibility and Rust-server WebSocket E2E	2026-10-06T16:40:01.9783314Z Setting up libgbm1:amd64 (25.2.8-0ubuntu0.24.04.4) ...
client	Browser compatibility and Rust-server WebSocket E2E	2026-10-06T16:40:01.9798035Z Setting up libgsm1:amd64 (1.0.22-1build1) ...
client	Browser compatibility and Rust-server WebSocket E2E	2026-10-06T16:40:01.9814494Z Setting up libvisual-0.4-0:amd64 (0.4.2-2build1) ...
client	Browser compatibility and Rust-server WebSocket E2E	2026-10-06T16:40:01.9831069Z Setting up libsoxr0:amd64 (0.1.3-4build3) ...
client	Browser compatibility and Rust-server WebSocket E2E	2026-10-06T16:40:01.9845146Z Setting up libzix-0-0:amd64 (0.4.2-2build1) ...
client	Browser compatibility and Rust-server WebSocket E2E	2026-10-06T16:40:01.9859592Z Setting up libcodec2-1.2:amd64 (1.2.0-2build1) ...
client	Browser compatibility and Rust-server WebSocket E2E	2026-10-06T16:40:01.9876260Z Setting up libmanette-0.2-0:amd64 (0.2.7-1build2) ...
client	Browser compatibility and Rust-server WebSocket E2E	2026-10-06T16:40:01.9892413Z Setting up libsrtp2-1:amd64 (2.5.0-3build1) ...
client	Browser compatibility and Rust-server WebSocket E2E	2026-10-06T16:40:01.9906449Z Setting up libgl1-mesa-dri:amd64 (25.2.8-0ubuntu0.24.04.4) ...
client	Browser compatibility and Rust-server WebSocket E2E	2026-10-06T16:40:01.9974545Z Setting up libmysofa1:amd64 (1.3.2+dfsg-2ubuntu2) ...
client	Browser compatibility and Rust-server WebSocket E2E	2026-10-06T16:40:01.9989937Z Setting up libraptor2-0:amd64 (2.0.16-3ubuntu0.1) ...
client	Browser compatibility and Rust-server WebSocket E2E	2026-10-06T16:40:02.0012594Z Setting up libldacbt-enc2:amd64 (2.0.2.3+git20200429+ed310a0-4ubuntu2) ...
client	Browser compatibility and Rust-server WebSocket E2E	2026-10-06T16:40:02.0026348Z Setting up fonts-wqy-zenhei (0.9.45-8) ...
client	Browser compatibility and Rust-server WebSocket E2E	2026-10-06T16:40:02.0121735Z Setting up libwebrtc-audio-processing1:amd64 (0.3.1-0ubuntu6) ...
client	Browser compatibility and Rust-server WebSocket E2E	2026-10-06T16:40:02.0149137Z Setting up fonts-freefont-ttf (20211204+svn4273-2) ...
client	Browser compatibility and Rust-server WebSocket E2E	2026-10-06T16:40:02.0163801Z Setting up libevent-2.1-7t64:amd64 (2.1.12-stable-9ubuntu2.2) ...
client	Browser compatibility and Rust-server WebSocket E2E	2026-10-06T16:40:02.0179288Z Setting up libsvtav1enc1d1:amd64 (1.7.0+dfsg-2build1) ...
client	Browser compatibility and Rust-server WebSocket E2E	2026-10-06T16:40:02.0198052Z Setting up libsoup-3.0-common (3.4.4-5ubuntu0.8) ...
client	Browser compatibility and Rust-server WebSocket E2E	2026-10-06T16:40:02.0211307Z Setting up libmpg123-0t64:amd64 (1.32.5-1ubuntu1.1) ...
client	Browser compatibility and Rust-server WebSocket E2E	2026-10-06T16:40:02.0227050Z Setting up libcjson1:amd64 (1.7.17-1) ...
client	Browser compatibility and Rust-server WebSocket E2E	2026-10-06T16:40:02.0241979Z Setting up libxvidcore4:amd64 (2:1.3.7-1build1) ...
client	Browser compatibility and Rust-server WebSocket E2E	2026-10-06T16:40:02.0256958Z Setting up libmpcdec6:amd64 (2:0.1~r495-2build1) ...
client	Browser compatibility and Rust-server WebSocket E2E	2026-10-06T16:40:02.0271938Z Setting up libmjpegutils-2.1-0t64:amd64 (1:2.1.0+debian-8.1build1) ...
client	Browser compatibility and Rust-server WebSocket E2E	2026-10-06T16:40:02.0286325Z Setting up librav1e0:amd64 (0.7.1-2) ...
client	Browser compatibility and Rust-server WebSocket E2E	2026-10-06T16:40:02.0313635Z Setting up liborc-0.4-0t64:amd64 (1:0.4.38-1ubuntu0.1) ...
client	Browser compatibility and Rust-server WebSocket E2E	2026-10-06T16:40:02.0327871Z Setting up libxcb-xkb1:amd64 (1.15-1ubuntu2) ...
client	Browser compatibility and Rust-server WebSocket E2E	2026-10-06T16:40:02.0344857Z Setting up libvo-aacenc0:amd64 (0.1.3-2build1) ...
client	Browser compatibility and Rust-server WebSocket E2E	2026-10-06T16:40:02.0360640Z Setting up librist4:amd64 (0.2.10+dfsg-2) ...
client	Browser compatibility and Rust-server WebSocket E2E	2026-10-06T16:40:02.0374596Z Setting up librsvg2-2:amd64 (2.58.0+dfsg-1build1) ...
client	Browser compatibility and Rust-server WebSocket E2E	2026-10-06T16:40:02.0390153Z Setting up libblas3:amd64 (3.12.0-3build1.1) ...
client	Browser compatibility and Rust-server WebSocket E2E	2026-10-06T16:40:02.0443983Z update-alternatives: using /usr/lib/x86_64-linux-gnu/blas/libblas.so.3 to provide /usr/lib/x86_64-linux-gnu/libblas.so.3 (libblas.so.3-x86_64-linux-gnu) in auto mode
client	Browser compatibility and Rust-server WebSocket E2E	2026-10-06T16:40:02.0456184Z Setting up libegl-mesa0:amd64 (25.2.8-0ubuntu0.24.04.4) ...
client	Browser compatibility and Rust-server WebSocket E2E	2026-10-06T16:40:02.0471729Z Setting up libsoundtouch1:amd64 (2.3.2+ds1-1build1) ...
client	Browser compatibility and Rust-server WebSocket E2E	2026-10-06T16:40:02.0488201Z Setting up libplacebo338:amd64 (6.338.2-2build1) ...
client	Browser compatibility and Rust-server WebSocket E2E	2026-10-06T16:40:02.0504346Z Setting up libgles2:amd64 (1.7.0-1build1) ...
client	Browser compatibility and Rust-server WebSocket E2E	2026-10-06T16:40:02.0522097Z Setting up fonts-tlwg-loma-otf (1:0.7.3-1) ...
client	Browser compatibility and Rust-server WebSocket E2E	2026-10-06T16:40:02.0536129Z Setting up libva2:amd64 (2.20.0-2ubuntu0.2) ...
client	Browser compatibility and Rust-server WebSocket E2E	2026-10-06T16:40:02.0551778Z Setting up libfreetype6:amd64 (2.13.2+dfsg-1ubuntu0.2) ...
client	Browser compatibility and Rust-server WebSocket E2E	2026-10-06T16:40:02.0565818Z Setting up libspa-0.2-modules:amd64 (1.0.5-1ubuntu3.3) ...
client	Browser compatibility and Rust-server WebSocket E2E	2026-10-06T16:40:02.0583481Z Setting up libzxing3:amd64 (2.2.1-3) ...
client	Browser compatibility and Rust-server WebSocket E2E	2026-10-06T16:40:02.0602216Z Setting up xfonts-encodings (1:1.0.5-0ubuntu2) ...
client	Browser compatibility and Rust-server WebSocket E2E	2026-10-06T16:40:02.0816803Z Setting up libopus0:amd64 (1.4-1build1) ...
client	Browser compatibility and Rust-server WebSocket E2E	2026-10-06T16:40:02.0832671Z Setting up libfaad2:amd64 (2.11.1-1build1) ...
client	Browser compatibility and Rust-server WebSocket E2E	2026-10-06T16:40:02.0847297Z Setting up libxkbcommon-x11-0:amd64 (1.6.0-1build1) ...
client	Browser compatibility and Rust-server WebSocket E2E	2026-10-06T16:40:02.0861097Z Setting up libdc1394-25:amd64 (2.2.6-4build1) ...
client	Browser compatibility and Rust-server WebSocket E2E	2026-10-06T16:40:02.0877151Z Setting up libimath-3-1-29t64:amd64 (3.1.9-3.1ubuntu2) ...
client	Browser compatibility and Rust-server WebSocket E2E	2026-10-06T16:40:02.0891819Z Setting up libunibreak5:amd64 (5.1-2build1) ...
client	Browser compatibility and Rust-server WebSocket E2E	2026-10-06T16:40:02.0908326Z Setting up libdv4t64:amd64 (1.0.0-17.1build1) ...
client	Browser compatibility and Rust-server WebSocket E2E	2026-10-06T16:40:02.0924070Z Setting up libjxl0.7:amd64 (0.7.0-10.2ubuntu6.1) ...
client	Browser compatibility and Rust-server WebSocket E2E	2026-10-06T16:40:02.0937879Z Setting up libopenh264-7:amd64 (2.4.1+dfsg-1) ...
client	Browser compatibility and Rust-server WebSocket E2E	2026-10-06T16:40:02.0954109Z Setting up libltc11:amd64 (1.3.2-1build1) ...
client	Browser compatibility and Rust-server WebSocket E2E	2026-10-06T16:40:02.0969552Z Setting up libx265-199:amd64 (3.5-2build1) ...
client	Browser compatibility and Rust-server WebSocket E2E	2026-10-06T16:40:02.1433543Z Setting up libv4l-0t64:amd64 (1.26.1-4build3) ...
client	Browser compatibility and Rust-server WebSocket E2E	2026-10-06T16:40:02.1446838Z Setting up libavtp0:amd64 (0.2.0-1build1) ...
client	Browser compatibility and Rust-server WebSocket E2E	2026-10-06T16:40:02.1463135Z Setting up libsndio7.0:amd64 (1.9.0-0.3build3) ...
client	Browser compatibility and Rust-server WebSocket E2E	2026-10-06T16:40:02.1481773Z Setting up libdirectfb-1.7-7t64:amd64 (1.7.7-11.1ubuntu2) ...
client	Browser compatibility and Rust-server WebSocket E2E	2026-10-06T16:40:02.1494881Z Setting up libspandsp2t64:amd64 (0.0.6+dfsg-2.1build1) ...
client	Browser compatibility and Rust-server WebSocket E2E	2026-10-06T16:40:02.1511396Z Setting up libvidstab1.1:amd64 (1.1.0-2build1) ...
client	Browser compatibility and Rust-server WebSocket E2E	2026-10-06T16:40:02.1525138Z Setting up libvpx9:amd64 (1.14.0-1ubuntu2.3) ...
client	Browser compatibility and Rust-server WebSocket E2E	2026-10-06T16:40:02.1541525Z Setting up libsrt1.5-gnutls:amd64 (1.5.3-1build2) ...
client	Browser compatibility and Rust-server WebSocket E2E	2026-10-06T16:40:02.1558455Z Setting up libtag1v5:amd64 (1.13.1-1build1) ...
client	Browser compatibility and Rust-server WebSocket E2E	2026-10-06T16:40:02.1573698Z Setting up libflite1:amd64 (2.2-6build3) ...
client	Browser compatibility and Rust-server WebSocket E2E	2026-10-06T16:40:02.1589520Z Setting up libdav1d7:amd64 (1.4.1-1build1) ...
client	Browser compatibility and Rust-server WebSocket E2E	2026-10-06T16:40:02.1606381Z Setting up libva-drm2:amd64 (2.20.0-2ubuntu0.2) ...
client	Browser compatibility and Rust-server WebSocket E2E	2026-10-06T16:40:02.1682395Z Setting up fonts-ipafont-gothic (00303-21ubuntu1) ...
client	Browser compatibility and Rust-server WebSocket E2E	2026-10-06T16:40:02.1747696Z update-alternatives: using /usr/share/fonts/opentype/ipafont-gothic/ipag.ttf to provide /usr/share/fonts/truetype/fonts-japanese-gothic.ttf (fonts-japanese-gothic.ttf) in auto mode
client	Browser compatibility and Rust-server WebSocket E2E	2026-10-06T16:40:02.1759815Z Setting up ocl-icd-libopencl1:amd64 (2.3.2-1build1) ...
client	Browser compatibility and Rust-server WebSocket E2E	2026-10-06T16:40:02.1775396Z Setting up libasyncns0:amd64 (0.8-6build4) ...
client	Browser compatibility and Rust-server WebSocket E2E	2026-10-06T16:40:02.1789749Z Setting up libwildmidi2:amd64 (0.4.3-1build3) ...
client	Browser compatibility and Rust-server WebSocket E2E	2026-10-06T16:40:02.1803875Z Setting up libvdpau1:amd64 (1.5-2build1) ...
client	Browser compatibility and Rust-server WebSocket E2E	2026-10-06T16:40:02.1826297Z Setting up libwavpack1:amd64 (5.6.0-1build1) ...
client	Browser compatibility and Rust-server WebSocket E2E	2026-10-06T16:40:02.1840426Z Setting up libbs2b0:amd64 (3.1.0+dfsg-7build1) ...
client	Browser compatibility and Rust-server WebSocket E2E	2026-10-06T16:40:02.1857459Z Setting up libtheora0:amd64 (1.1.1+dfsg.1-16.1build3) ...
client	Browser compatibility and Rust-server WebSocket E2E	2026-10-06T16:40:02.1872013Z Setting up libegl1:amd64 (1.7.0-1build1) ...
client	Browser compatibility and Rust-server WebSocket E2E	2026-10-06T16:40:02.1888007Z Setting up libdecor-0-0:amd64 (0.2.2-1build2) ...
client	Browser compatibility and Rust-server WebSocket E2E	2026-10-06T16:40:02.1902568Z Setting up libdca0:amd64 (0.0.7-2build1) ...
client	Browser compatibility and Rust-server WebSocket E2E	2026-10-06T16:40:02.1916108Z Setting up libzimg2:amd64 (3.0.5+ds1-1build1) ...
client	Browser compatibility and Rust-server WebSocket E2E	2026-10-06T16:40:02.1931735Z Setting up libopenal-data (1:1.23.1-4build1) ...
client	Browser compatibility and Rust-server WebSocket E2E	2026-10-06T16:40:02.1950607Z Setting up libevent-core-2.1-7t64:amd64 (2.1.12-stable-9ubuntu2.2) ...
client	Browser compatibility and Rust-server WebSocket E2E	2026-10-06T16:40:02.1967471Z Setting up libabsl20220623t64:amd64 (20220623.1-3.1ubuntu3.2) ...
client	Browser compatibility and Rust-server WebSocket E2E	2026-10-06T16:40:02.1984259Z Setting up libflac12t64:amd64 (1.4.3+ds-2.1ubuntu2) ...
client	Browser compatibility and Rust-server WebSocket E2E	2026-10-06T16:40:02.1999790Z Setting up libgtk-4-common (4.14.5+ds-0ubuntu0.10) ...
client	Browser compatibility and Rust-server WebSocket E2E	2026-10-06T16:40:02.2015158Z Setting up libmpeg2encpp-2.1-0t64:amd64 (1:2.1.0+debian-8.1build1) ...
client	Browser compatibility and Rust-server WebSocket E2E	2026-10-06T16:40:02.2029005Z Setting up glib-networking-common (2.80.0-1build1) ...
client	Browser compatibility and Rust-server WebSocket E2E	2026-10-06T16:40:02.2044084Z Setting up libmfx1:amd64 (22.5.4-1) ...
client	Browser compatibility and Rust-server WebSocket E2E	2026-10-06T16:40:02.2059446Z Setting up libbluray2:amd64 (1:1.3.4-1build1) ...
client	Browser compatibility and Rust-server WebSocket E2E	2026-10-06T16:40:02.2073085Z Setting up libde265-0:amd64 (1.0.15-1ubuntu0.1) ...
client	Browser compatibility and Rust-server WebSocket E2E	2026-10-06T16:40:02.2088758Z Setting up libsamplerate0:amd64 (0.2.2-4build1) ...
client	Browser compatibility and Rust-server WebSocket E2E	2026-10-06T16:40:02.2102921Z Setting up timgm6mb-soundfont (1.3-5) ...
client	Browser compatibility and Rust-server WebSocket E2E	2026-10-06T16:40:02.2199392Z update-alternatives: using /usr/share/sounds/sf2/TimGM6mb.sf2 to provide /usr/share/sounds/sf2/default-GM.sf2 (default-GM.sf2) in auto mode
client	Browser compatibility and Rust-server WebSocket E2E	2026-10-06T16:40:02.2250919Z update-alternatives: using /usr/share/sounds/sf2/TimGM6mb.sf2 to provide /usr/share/sounds/sf3/default-GM.sf3 (default-GM.sf3) in auto mode
client	Browser compatibility and Rust-server WebSocket E2E	2026-10-06T16:40:02.2254909Z Setting up libva-x11-2:amd64 (2.20.0-2ubuntu0.2) ...
client	Browser compatibility and Rust-server WebSocket E2E	2026-10-06T16:40:02.2269260Z Setting up libyuv0:amd64 (0.0~git202401110.af6ac82-1) ...
client	Browser compatibility and Rust-server WebSocket E2E	2026-10-06T16:40:02.2290845Z Setting up libmplex2-2.1-0t64:amd64 (1:2.1.0+debian-8.1build1) ...
client	Browser compatibility and Rust-server WebSocket E2E	2026-10-06T16:40:02.2305462Z Setting up libpipewire-0.3-0t64:amd64 (1.0.5-1ubuntu3.3) ...
client	Browser compatibility and Rust-server WebSocket E2E	2026-10-06T16:40:02.2321125Z Setting up libopenmpt0t64:amd64 (0.7.3-1.1build3) ...
client	Browser compatibility and Rust-server WebSocket E2E	2026-10-06T16:40:02.2335349Z Setting up libzvbi-common (0.2.42-2) ...
client	Browser compatibility and Rust-server WebSocket E2E	2026-10-06T16:40:02.2349487Z Setting up libsecret-common (0.21.4-1build3) ...
client	Browser compatibility and Rust-server WebSocket E2E	2026-10-06T16:40:02.2366685Z Setting up libmp3lame0:amd64 (3.100-6build1) ...
client	Browser compatibility and Rust-server WebSocket E2E	2026-10-06T16:40:02.2381041Z Setting up libgraphene-1.0-0:amd64 (1.10.8-3build2) ...
client	Browser compatibility and Rust-server WebSocket E2E	2026-10-06T16:40:02.2397037Z Setting up libvorbisenc2:amd64 (1.3.7-1build3) ...
client	Browser compatibility and Rust-server WebSocket E2E	2026-10-06T16:40:02.2411747Z Setting up libdvdnav4:amd64 (6.1.1-3build1) ...
client	Browser compatibility and Rust-server WebSocket E2E	2026-10-06T16:40:02.2429207Z Setting up fonts-unifont (1:15.1.01-1build1) ...
client	Browser compatibility and Rust-server WebSocket E2E	2026-10-06T16:40:02.2444311Z Setting up libaa1:amd64 (1.4p5-51.1) ...
client	Browser compatibility and Rust-server WebSocket E2E	2026-10-06T16:40:02.2458819Z Setting up libiec61883-0:amd64 (1.2.0-6build1) ...
client	Browser compatibility and Rust-server WebSocket E2E	2026-10-06T16:40:02.2475780Z Setting up libserd-0-0:amd64 (0.32.2-1) ...
client	Browser compatibility and Rust-server WebSocket E2E	2026-10-06T16:40:02.2491305Z Setting up libavc1394-0:amd64 (0.5.4-5build3) ...
client	Browser compatibility and Rust-server WebSocket E2E	2026-10-06T16:40:02.2508275Z Setting up libcairo-script-interpreter2:amd64 (1.18.0-3build1) ...
client	Browser compatibility and Rust-server WebSocket E2E	2026-10-06T16:40:02.2522787Z Setting up gsettings-desktop-schemas (46.1-0ubuntu1) ...
client	Browser compatibility and Rust-server WebSocket E2E	2026-10-06T16:40:02.2538154Z Setting up glib-networking-services (2.80.0-1build1) ...
client	Browser compatibility and Rust-server WebSocket E2E	2026-10-06T16:40:02.2554080Z Setting up liblapack3:amd64 (3.12.0-3build1.1) ...
client	Browser compatibility and Rust-server WebSocket E2E	2026-10-06T16:40:02.2609084Z update-alternatives: using /usr/lib/x86_64-linux-gnu/lapack/liblapack.so.3 to provide /usr/lib/x86_64-linux-gnu/liblapack.so.3 (liblapack.so.3-x86_64-linux-gnu) in auto mode
client	Browser compatibility and Rust-server WebSocket E2E	2026-10-06T16:40:02.2621824Z Setting up libglx-mesa0:amd64 (25.2.8-0ubuntu0.24.04.4) ...
client	Browser compatibility and Rust-server WebSocket E2E	2026-10-06T16:40:02.2639511Z Setting up libzvbi0t64:amd64 (0.2.42-2) ...
client	Browser compatibility and Rust-server WebSocket E2E	2026-10-06T16:40:02.2655080Z Setting up libevent-pthreads-2.1-7t64:amd64 (2.1.12-stable-9ubuntu2.2) ...
client	Browser compatibility and Rust-server WebSocket E2E	2026-10-06T16:40:02.2669348Z Setting up liblrdf0:amd64 (0.6.1-4build1) ...
client	Browser compatibility and Rust-server WebSocket E2E	2026-10-06T16:40:02.2691177Z Setting up libzbar0t64:amd64 (0.23.93-4build3) ...
client	Browser compatibility and Rust-server WebSocket E2E	2026-10-06T16:40:02.2707591Z Setting up libgstreamer-plugins-base1.0-0:amd64 (1.24.2-1ubuntu0.5) ...
client	Browser compatibility and Rust-server WebSocket E2E	2026-10-06T16:40:02.2722968Z Setting up libavutil58:amd64 (7:6.1.1-3ubuntu5) ...
client	Browser compatibility and Rust-server WebSocket E2E	2026-10-06T16:40:02.2739002Z Setting up libopenal1:amd64 (1:1.23.1-4build1) ...
client	Browser compatibility and Rust-server WebSocket E2E	2026-10-06T16:40:02.2754790Z Setting up xfonts-utils (1:7.7+6build3) ...
client	Browser compatibility and Rust-server WebSocket E2E	2026-10-06T16:40:02.2793922Z Setting up libsecret-1-0:amd64 (0.21.4-1build3) ...
client	Browser compatibility and Rust-server WebSocket E2E	2026-10-06T16:40:02.2809258Z Setting up libgstreamer-plugins-good1.0-0:amd64 (1.24.2-1ubuntu1.8) ...
client	Browser compatibility and Rust-server WebSocket E2E	2026-10-06T16:40:02.2824483Z Setting up libgstreamer-gl1.0-0:amd64 (1.24.2-1ubuntu0.5) ...
client	Browser compatibility and Rust-server WebSocket E2E	2026-10-06T16:40:02.2842510Z Setting up gstreamer1.0-plugins-base:amd64 (1.24.2-1ubuntu0.5) ...
client	Browser compatibility and Rust-server WebSocket E2E	2026-10-06T16:40:02.2857308Z Setting up libass9:amd64 (1:0.17.1-2build1) ...
client	Browser compatibility and Rust-server WebSocket E2E	2026-10-06T16:40:02.2874136Z Setting up libswresample4:amd64 (7:6.1.1-3ubuntu5) ...
client	Browser compatibility and Rust-server WebSocket E2E	2026-10-06T16:40:02.2890568Z Setting up libopenexr-3-1-30:amd64 (3.1.5-5.1build3) ...
client	Browser compatibility and Rust-server WebSocket E2E	2026-10-06T16:40:02.2904093Z Setting up libshout3:amd64 (2.4.6-1build2) ...
client	Browser compatibility and Rust-server WebSocket E2E	2026-10-06T16:40:02.2921651Z Setting up libgav1-1:amd64 (0.18.0-1build3) ...
client	Browser compatibility and Rust-server WebSocket E2E	2026-10-06T16:40:02.2937907Z Setting up libavcodec60:amd64 (7:6.1.1-3ubuntu5) ...
client	Browser compatibility and Rust-server WebSocket E2E	2026-10-06T16:40:02.2952239Z Setting up librubberband2:amd64 (3.3.0+dfsg-2build1) ...
client	Browser compatibility and Rust-server WebSocket E2E	2026-10-06T16:40:02.2970904Z Setting up libjack-jackd2-0:amd64 (1.9.21~dfsg-3ubuntu3) ...
client	Browser compatibility and Rust-server WebSocket E2E	2026-10-06T16:40:02.2985226Z Setting up libsord-0-0:amd64 (0.16.16-2build1) ...
client	Browser compatibility and Rust-server WebSocket E2E	2026-10-06T16:40:02.3002614Z Setting up xfonts-cyrillic (1:1.0.5+nmu1) ...
client	Browser compatibility and Rust-server WebSocket E2E	2026-10-06T16:40:02.3303577Z Setting up libpostproc57:amd64 (7:6.1.1-3ubuntu5) ...
client	Browser compatibility and Rust-server WebSocket E2E	2026-10-06T16:40:02.3318580Z Setting up libsratom-0-0:amd64 (0.6.16-1build1) ...
client	Browser compatibility and Rust-server WebSocket E2E	2026-10-06T16:40:02.3336827Z Setting up libsndfile1:amd64 (1.2.2-1ubuntu5.24.04.1) ...
client	Browser compatibility and Rust-server WebSocket E2E	2026-10-06T16:40:02.3829659Z Setting up liblilv-0-0:amd64 (0.24.22-1build1) ...
client	Browser compatibility and Rust-server WebSocket E2E	2026-10-06T16:40:02.3844079Z Setting up libinstpatch-1.0-2:amd64 (1.1.6-1build2) ...
client	Browser compatibility and Rust-server WebSocket E2E	2026-10-06T16:40:02.3861095Z Setting up xfonts-scalable (1:1.0.3-1.3) ...
client	Browser compatibility and Rust-server WebSocket E2E	2026-10-06T16:40:02.4147470Z Setting up libswscale7:amd64 (7:6.1.1-3ubuntu5) ...
client	Browser compatibility and Rust-server WebSocket E2E	2026-10-06T16:40:02.4166028Z Setting up libavif16:amd64 (1.0.4-1ubuntu3) ...
client	Browser compatibility and Rust-server WebSocket E2E	2026-10-06T16:40:02.4179134Z Setting up libpulse0:amd64 (1:16.1+dfsg1-2ubuntu10.1) ...
client	Browser compatibility and Rust-server WebSocket E2E	2026-10-06T16:40:02.4239503Z Setting up libavformat60:amd64 (7:6.1.1-3ubuntu5) ...
client	Browser compatibility and Rust-server WebSocket E2E	2026-10-06T16:40:02.4255154Z Setting up libsphinxbase3t64:amd64 (0.8+5prealpha+1-17build2) ...
client	Browser compatibility and Rust-server WebSocket E2E	2026-10-06T16:40:02.4269335Z Setting up libsdl2-2.0-0:amd64 (2.30.0+dfsg-1ubuntu3.1) ...
client	Browser compatibility and Rust-server WebSocket E2E	2026-10-06T16:40:02.4286489Z Setting up libfluidsynth3:amd64 (2.3.4-1build3) ...
client	Browser compatibility and Rust-server WebSocket E2E	2026-10-06T16:40:02.4299776Z Setting up libpocketsphinx3:amd64 (0.8.0+real5prealpha+1-15ubuntu5) ...
client	Browser compatibility and Rust-server WebSocket E2E	2026-10-06T16:40:02.4315139Z Setting up libavfilter9:amd64 (7:6.1.1-3ubuntu5) ...
client	Browser compatibility and Rust-server WebSocket E2E	2026-10-06T16:40:02.4328919Z Setting up gstreamer1.0-libav:amd64 (1.24.1-1build1) ...
client	Browser compatibility and Rust-server WebSocket E2E	2026-10-06T16:40:02.4604274Z Processing triggers for fontconfig (2.15.0-1.1ubuntu2) ...
client	Browser compatibility and Rust-server WebSocket E2E	2026-10-06T16:40:02.6188326Z Processing triggers for libc-bin (2.39-0ubuntu8.9) ...
client	Browser compatibility and Rust-server WebSocket E2E	2026-10-06T16:40:04.9717386Z Processing triggers for man-db (2.12.0-4build2) ...
client	Browser compatibility and Rust-server WebSocket E2E	2026-10-06T16:40:04.9739388Z Not building database; man-db/auto-update is not 'true'.
client	Browser compatibility and Rust-server WebSocket E2E	2026-10-06T16:40:04.9764482Z Processing triggers for libglib2.0-0t64:amd64 (2.80.0-6ubuntu3.9) ...
client	Browser compatibility and Rust-server WebSocket E2E	2026-10-06T16:40:05.0407766Z Setting up libgtk-4-1:amd64 (4.14.5+ds-0ubuntu0.10) ...
client	Browser compatibility and Rust-server WebSocket E2E	2026-10-06T16:40:05.4075224Z Setting up glib-networking:amd64 (2.80.0-1build1) ...
client	Browser compatibility and Rust-server WebSocket E2E	2026-10-06T16:40:05.4104689Z Setting up libsoup-3.0-0:amd64 (3.4.4-5ubuntu0.8) ...
client	Browser compatibility and Rust-server WebSocket E2E	2026-10-06T16:40:05.4130681Z Setting up libgssdp-1.6-0:amd64 (1.6.3-1build3) ...
client	Browser compatibility and Rust-server WebSocket E2E	2026-10-06T16:40:05.4196955Z Setting up gstreamer1.0-plugins-good:amd64 (1.24.2-1ubuntu1.8) ...
client	Browser compatibility and Rust-server WebSocket E2E	2026-10-06T16:40:05.4217600Z Setting up libgupnp-1.6-0:amd64 (1.6.6-1build3) ...
client	Browser compatibility and Rust-server WebSocket E2E	2026-10-06T16:40:05.4272934Z Setting up libgupnp-igd-1.6-0:amd64 (1.6.0-3build3) ...
client	Browser compatibility and Rust-server WebSocket E2E	2026-10-06T16:40:05.6265465Z Setting up libnice10:amd64 (0.1.21-2build3) ...
client	Browser compatibility and Rust-server WebSocket E2E	2026-10-06T16:40:05.6313007Z Setting up libgstreamer-plugins-bad1.0-0:amd64 (1.24.2-1ubuntu4) ...
client	Browser compatibility and Rust-server WebSocket E2E	2026-10-06T16:40:05.6495765Z Setting up gstreamer1.0-plugins-bad:amd64 (1.24.2-1ubuntu4) ...
client	Browser compatibility and Rust-server WebSocket E2E	2026-10-06T16:40:05.6514718Z Processing triggers for libc-bin (2.39-0ubuntu8.9) ...
client	Browser compatibility and Rust-server WebSocket E2E	2026-10-06T16:40:07.1062862Z
client	Browser compatibility and Rust-server WebSocket E2E	2026-10-06T16:40:07.1063545Z Running kernel seems to be up-to-date.
client	Browser compatibility and Rust-server WebSocket E2E	2026-10-06T16:40:07.1063896Z
client	Browser compatibility and Rust-server WebSocket E2E	2026-10-06T16:40:07.1064060Z Restarting services...
client	Browser compatibility and Rust-server WebSocket E2E	2026-10-06T16:40:07.1134967Z  systemctl restart php8.3-fpm.service
client	Browser compatibility and Rust-server WebSocket E2E	2026-10-06T16:40:07.2398708Z
client	Browser compatibility and Rust-server WebSocket E2E	2026-10-06T16:40:07.2400627Z No containers need to be restarted.
client	Browser compatibility and Rust-server WebSocket E2E	2026-10-06T16:40:07.2400960Z
client	Browser compatibility and Rust-server WebSocket E2E	2026-10-06T16:40:07.2401305Z No user sessions are running outdated binaries.
client	Browser compatibility and Rust-server WebSocket E2E	2026-10-06T16:40:07.2401650Z
client	Browser compatibility and Rust-server WebSocket E2E	2026-10-06T16:40:07.2402189Z No VM guests are running outdated hypervisor (qemu) binaries on this host.
client	Browser compatibility and Rust-server WebSocket E2E	2026-10-06T16:40:08.1492849Z Downloading Chrome for Testing 153.0.8010.12 (playwright chromium v1243) from https://cdn.playwright.dev/builds/cft/153.0.8010.12/linux64/chrome-linux64.zip
client	Browser compatibility and Rust-server WebSocket E2E	2026-10-06T16:40:08.4647099Z |                                                                                |   0% of 186.8 MiB
client	Browser compatibility and Rust-server WebSocket E2E	2026-10-06T16:40:08.6425150Z |■■■■■■■■                                                                        |  10% of 186.8 MiB
client	Browser compatibility and Rust-server WebSocket E2E	2026-10-06T16:40:08.7333006Z |■■■■■■■■■■■■■■■■                                                                |  20% of 186.8 MiB
client	Browser compatibility and Rust-server WebSocket E2E	2026-10-06T16:40:08.8159665Z |■■■■■■■■■■■■■■■■■■■■■■■■                                                        |  30% of 186.8 MiB
client	Browser compatibility and Rust-server WebSocket E2E	2026-10-06T16:40:08.8659997Z |■■■■■■■■■■■■■■■■■■■■■■■■■■■■■■■■                                                |  40% of 186.8 MiB
client	Browser compatibility and Rust-server WebSocket E2E	2026-10-06T16:40:08.9301130Z |■■■■■■■■■■■■■■■■■■■■■■■■■■■■■■■■■■■■■■■■                                        |  50% of 186.8 MiB
client	Browser compatibility and Rust-server WebSocket E2E	2026-10-06T16:40:08.9783755Z |■■■■■■■■■■■■■■■■■■■■■■■■■■■■■■■■■■■■■■■■■■■■■■■■                                |  60% of 186.8 MiB
client	Browser compatibility and Rust-server WebSocket E2E	2026-10-06T16:40:09.0474848Z |■■■■■■■■■■■■■■■■■■■■■■■■■■■■■■■■■■■■■■■■■■■■■■■■■■■■■■■■                        |  70% of 186.8 MiB
client	Browser compatibility and Rust-server WebSocket E2E	2026-10-06T16:40:09.1061128Z |■■■■■■■■■■■■■■■■■■■■■■■■■■■■■■■■■■■■■■■■■■■■■■■■■■■■■■■■■■■■■■■■                |  80% of 186.8 MiB
client	Browser compatibility and Rust-server WebSocket E2E	2026-10-06T16:40:09.1787908Z |■■■■■■■■■■■■■■■■■■■■■■■■■■■■■■■■■■■■■■■■■■■■■■■■■■■■■■■■■■■■■■■■■■■■■■■■        |  90% of 186.8 MiB
client	Browser compatibility and Rust-server WebSocket E2E	2026-10-06T16:40:09.2376411Z |■■■■■■■■■■■■■■■■■■■■■■■■■■■■■■■■■■■■■■■■■■■■■■■■■■■■■■■■■■■■■■■■■■■■■■■■■■■■■■■■| 100% of 186.8 MiB
client	Browser compatibility and Rust-server WebSocket E2E	2026-10-06T16:40:11.7529001Z Chrome for Testing 153.0.8010.12 (playwright chromium v1243) downloaded to /home/runner/.cache/ms-playwright/chromium-1243
client	Browser compatibility and Rust-server WebSocket E2E	2026-10-06T16:40:11.7532852Z Downloading FFmpeg (playwright ffmpeg v1011) from https://cdn.playwright.dev/dbazure/download/playwright/builds/ffmpeg/1011/ffmpeg-linux.zip
client	Browser compatibility and Rust-server WebSocket E2E	2026-10-06T16:40:12.0783541Z |                                                                                |   0% of 2.3 MiB
client	Browser compatibility and Rust-server WebSocket E2E	2026-10-06T16:40:12.0814831Z |■■■■■■■■                                                                        |  10% of 2.3 MiB
client	Browser compatibility and Rust-server WebSocket E2E	2026-10-06T16:40:12.0847140Z |■■■■■■■■■■■■■■■■                                                                |  20% of 2.3 MiB
client	Browser compatibility and Rust-server WebSocket E2E	2026-10-06T16:40:12.0871785Z |■■■■■■■■■■■■■■■■■■■■■■■■                                                        |  30% of 2.3 MiB
client	Browser compatibility and Rust-server WebSocket E2E	2026-10-06T16:40:12.0889650Z |■■■■■■■■■■■■■■■■■■■■■■■■■■■■■■■■                                                |  40% of 2.3 MiB
client	Browser compatibility and Rust-server WebSocket E2E	2026-10-06T16:40:12.0909271Z |■■■■■■■■■■■■■■■■■■■■■■■■■■■■■■■■■■■■■■■■                                        |  50% of 2.3 MiB
client	Browser compatibility and Rust-server WebSocket E2E	2026-10-06T16:40:12.0925327Z |■■■■■■■■■■■■■■■■■■■■■■■■■■■■■■■■■■■■■■■■■■■■■■■■                                |  60% of 2.3 MiB
client	Browser compatibility and Rust-server WebSocket E2E	2026-10-06T16:40:12.0941493Z |■■■■■■■■■■■■■■■■■■■■■■■■■■■■■■■■■■■■■■■■■■■■■■■■■■■■■■■■                        |  70% of 2.3 MiB
client	Browser compatibility and Rust-server WebSocket E2E	2026-10-06T16:40:12.0955908Z |■■■■■■■■■■■■■■■■■■■■■■■■■■■■■■■■■■■■■■■■■■■■■■■■■■■■■■■■■■■■■■■■                |  80% of 2.3 MiB
client	Browser compatibility and Rust-server WebSocket E2E	2026-10-06T16:40:12.0969512Z |■■■■■■■■■■■■■■■■■■■■■■■■■■■■■■■■■■■■■■■■■■■■■■■■■■■■■■■■■■■■■■■■■■■■■■■■        |  90% of 2.3 MiB
client	Browser compatibility and Rust-server WebSocket E2E	2026-10-06T16:40:12.0977334Z |■■■■■■■■■■■■■■■■■■■■■■■■■■■■■■■■■■■■■■■■■■■■■■■■■■■■■■■■■■■■■■■■■■■■■■■■■■■■■■■■| 100% of 2.3 MiB
client	Browser compatibility and Rust-server WebSocket E2E	2026-10-06T16:40:12.1489352Z FFmpeg (playwright ffmpeg v1011) downloaded to /home/runner/.cache/ms-playwright/ffmpeg-1011
client	Browser compatibility and Rust-server WebSocket E2E	2026-10-06T16:40:12.1492018Z Downloading Chrome Headless Shell 153.0.8010.12 (playwright chromium-headless-shell v1243) from https://cdn.playwright.dev/builds/cft/153.0.8010.12/linux64/chrome-headless-shell-linux64.zip
client	Browser compatibility and Rust-server WebSocket E2E	2026-10-06T16:40:12.4834479Z |                                                                                |   0% of 114.3 MiB
client	Browser compatibility and Rust-server WebSocket E2E	2026-10-06T16:40:12.5793521Z |■■■■■■■■                                                                        |  10% of 114.3 MiB
client	Browser compatibility and Rust-server WebSocket E2E	2026-10-06T16:40:12.6398296Z |■■■■■■■■■■■■■■■■                                                                |  20% of 114.3 MiB
client	Browser compatibility and Rust-server WebSocket E2E	2026-10-06T16:40:12.6801845Z |■■■■■■■■■■■■■■■■■■■■■■■■                                                        |  30% of 114.3 MiB
client	Browser compatibility and Rust-server WebSocket E2E	2026-10-06T16:40:12.7239916Z |■■■■■■■■■■■■■■■■■■■■■■■■■■■■■■■■                                                |  40% of 114.3 MiB
client	Browser compatibility and Rust-server WebSocket E2E	2026-10-06T16:40:12.7738038Z |■■■■■■■■■■■■■■■■■■■■■■■■■■■■■■■■■■■■■■■■                                        |  50% of 114.3 MiB
client	Browser compatibility and Rust-server WebSocket E2E	2026-10-06T16:40:12.8134277Z |■■■■■■■■■■■■■■■■■■■■■■■■■■■■■■■■■■■■■■■■■■■■■■■■                                |  60% of 114.3 MiB
client	Browser compatibility and Rust-server WebSocket E2E	2026-10-06T16:40:12.8546825Z |■■■■■■■■■■■■■■■■■■■■■■■■■■■■■■■■■■■■■■■■■■■■■■■■■■■■■■■■                        |  70% of 114.3 MiB
client	Browser compatibility and Rust-server WebSocket E2E	2026-10-06T16:40:12.9027367Z |■■■■■■■■■■■■■■■■■■■■■■■■■■■■■■■■■■■■■■■■■■■■■■■■■■■■■■■■■■■■■■■■                |  80% of 114.3 MiB
client	Browser compatibility and Rust-server WebSocket E2E	2026-10-06T16:40:12.9336830Z |■■■■■■■■■■■■■■■■■■■■■■■■■■■■■■■■■■■■■■■■■■■■■■■■■■■■■■■■■■■■■■■■■■■■■■■■        |  90% of 114.3 MiB
client	Browser compatibility and Rust-server WebSocket E2E	2026-10-06T16:40:12.9691728Z |■■■■■■■■■■■■■■■■■■■■■■■■■■■■■■■■■■■■■■■■■■■■■■■■■■■■■■■■■■■■■■■■■■■■■■■■■■■■■■■■| 100% of 114.3 MiB
client	Browser compatibility and Rust-server WebSocket E2E	2026-10-06T16:40:14.8882807Z Chrome Headless Shell 153.0.8010.12 (playwright chromium-headless-shell v1243) downloaded to /home/runner/.cache/ms-playwright/chromium_headless_shell-1243
client	Browser compatibility and Rust-server WebSocket E2E	2026-10-06T16:40:14.8885158Z Downloading Firefox 155.0 (playwright firefox v1543) from https://cdn.playwright.dev/dbazure/download/playwright/builds/firefox/1543/firefox-ubuntu-24.04.zip
client	Browser compatibility and Rust-server WebSocket E2E	2026-10-06T16:40:15.1990451Z |                                                                                |   0% of 109.5 MiB
client	Browser compatibility and Rust-server WebSocket E2E	2026-10-06T16:40:15.2679226Z |■■■■■■■■                                                                        |  10% of 109.5 MiB
client	Browser compatibility and Rust-server WebSocket E2E	2026-10-06T16:40:15.3410802Z |■■■■■■■■■■■■■■■■                                                                |  20% of 109.5 MiB
client	Browser compatibility and Rust-server WebSocket E2E	2026-10-06T16:40:15.3944178Z |■■■■■■■■■■■■■■■■■■■■■■■■                                                        |  30% of 109.5 MiB
client	Browser compatibility and Rust-server WebSocket E2E	2026-10-06T16:40:15.4551689Z |■■■■■■■■■■■■■■■■■■■■■■■■■■■■■■■■                                                |  40% of 109.5 MiB
client	Browser compatibility and Rust-server WebSocket E2E	2026-10-06T16:40:15.5247673Z |■■■■■■■■■■■■■■■■■■■■■■■■■■■■■■■■■■■■■■■■                                        |  50% of 109.5 MiB
client	Browser compatibility and Rust-server WebSocket E2E	2026-10-06T16:40:15.5648047Z |■■■■■■■■■■■■■■■■■■■■■■■■■■■■■■■■■■■■■■■■■■■■■■■■                                |  60% of 109.5 MiB
client	Browser compatibility and Rust-server WebSocket E2E	2026-10-06T16:40:15.6065836Z |■■■■■■■■■■■■■■■■■■■■■■■■■■■■■■■■■■■■■■■■■■■■■■■■■■■■■■■■                        |  70% of 109.5 MiB
client	Browser compatibility and Rust-server WebSocket E2E	2026-10-06T16:40:15.6744501Z |■■■■■■■■■■■■■■■■■■■■■■■■■■■■■■■■■■■■■■■■■■■■■■■■■■■■■■■■■■■■■■■■                |  80% of 109.5 MiB
client	Browser compatibility and Rust-server WebSocket E2E	2026-10-06T16:40:15.7163269Z |■■■■■■■■■■■■■■■■■■■■■■■■■■■■■■■■■■■■■■■■■■■■■■■■■■■■■■■■■■■■■■■■■■■■■■■■        |  90% of 109.5 MiB
client	Browser compatibility and Rust-server WebSocket E2E	2026-10-06T16:40:15.7550724Z |■■■■■■■■■■■■■■■■■■■■■■■■■■■■■■■■■■■■■■■■■■■■■■■■■■■■■■■■■■■■■■■■■■■■■■■■■■■■■■■■| 100% of 109.5 MiB
client	Browser compatibility and Rust-server WebSocket E2E	2026-10-06T16:40:17.7351602Z Firefox 155.0 (playwright firefox v1543) downloaded to /home/runner/.cache/ms-playwright/firefox-1543
client	Browser compatibility and Rust-server WebSocket E2E	2026-10-06T16:40:17.7354126Z Downloading WebKit 26.6 (playwright webkit v2359) from https://cdn.playwright.dev/dbazure/download/playwright/builds/webkit/2359/webkit-ubuntu-24.04.zip
client	Browser compatibility and Rust-server WebSocket E2E	2026-10-06T16:40:18.0308868Z |                                                                                |   0% of 102.3 MiB
client	Browser compatibility and Rust-server WebSocket E2E	2026-10-06T16:40:18.0859023Z |■■■■■■■■                                                                        |  10% of 102.3 MiB
client	Browser compatibility and Rust-server WebSocket E2E	2026-10-06T16:40:18.1390978Z |■■■■■■■■■■■■■■■■                                                                |  20% of 102.3 MiB
client	Browser compatibility and Rust-server WebSocket E2E	2026-10-06T16:40:18.1773244Z |■■■■■■■■■■■■■■■■■■■■■■■■                                                        |  30% of 102.3 MiB
client	Browser compatibility and Rust-server WebSocket E2E	2026-10-06T16:40:18.2217025Z |■■■■■■■■■■■■■■■■■■■■■■■■■■■■■■■■                                                |  40% of 102.3 MiB
client	Browser compatibility and Rust-server WebSocket E2E	2026-10-06T16:40:18.2771116Z |■■■■■■■■■■■■■■■■■■■■■■■■■■■■■■■■■■■■■■■■                                        |  50% of 102.3 MiB
client	Browser compatibility and Rust-server WebSocket E2E	2026-10-06T16:40:18.3073972Z |■■■■■■■■■■■■■■■■■■■■■■■■■■■■■■■■■■■■■■■■■■■■■■■■                                |  60% of 102.3 MiB
client	Browser compatibility and Rust-server WebSocket E2E	2026-10-06T16:40:18.3366213Z |■■■■■■■■■■■■■■■■■■■■■■■■■■■■■■■■■■■■■■■■■■■■■■■■■■■■■■■■                        |  70% of 102.3 MiB
client	Browser compatibility and Rust-server WebSocket E2E	2026-10-06T16:40:18.3780907Z |■■■■■■■■■■■■■■■■■■■■■■■■■■■■■■■■■■■■■■■■■■■■■■■■■■■■■■■■■■■■■■■■                |  80% of 102.3 MiB
client	Browser compatibility and Rust-server WebSocket E2E	2026-10-06T16:40:18.4060565Z |■■■■■■■■■■■■■■■■■■■■■■■■■■■■■■■■■■■■■■■■■■■■■■■■■■■■■■■■■■■■■■■■■■■■■■■■        |  90% of 102.3 MiB
client	Browser compatibility and Rust-server WebSocket E2E	2026-10-06T16:40:18.4341240Z |■■■■■■■■■■■■■■■■■■■■■■■■■■■■■■■■■■■■■■■■■■■■■■■■■■■■■■■■■■■■■■■■■■■■■■■■■■■■■■■■| 100% of 102.3 MiB
client	Browser compatibility and Rust-server WebSocket E2E	2026-10-06T16:40:20.0370609Z WebKit 26.6 (playwright webkit v2359) downloaded to /home/runner/.cache/ms-playwright/webkit-2359
client	Browser compatibility and Rust-server WebSocket E2E	2026-10-06T16:40:20.4020810Z
client	Browser compatibility and Rust-server WebSocket E2E	2026-10-06T16:40:20.4021596Z > openhoi-client@0.1.0 test:e2e
client	Browser compatibility and Rust-server WebSocket E2E	2026-10-06T16:40:20.4022078Z > playwright test
client	Browser compatibility and Rust-server WebSocket E2E	2026-10-06T16:40:20.4022273Z
client	Browser compatibility and Rust-server WebSocket E2E	2026-10-06T16:40:21.2477141Z
client	Browser compatibility and Rust-server WebSocket E2E	2026-10-06T16:40:21.2477864Z Running 36 tests using 2 workers
client	Browser compatibility and Rust-server WebSocket E2E	2026-10-06T16:40:47.4395596Z ····································
client	Browser compatibility and Rust-server WebSocket E2E	2026-10-06T16:40:47.4398974Z   36 passed (26.4s)
client	Actual M1 panels, ownership/control, ledger and malformed wire E2E	﻿2026-10-06T16:40:47.4630515Z ##[group]Run npm run test:e2e -- --config playwright.m1.config.ts --project chromium --project webkit
client	Actual M1 panels, ownership/control, ledger and malformed wire E2E	2026-10-06T16:40:47.4631159Z [36;1mnpm run test:e2e -- --config playwright.m1.config.ts --project chromium --project webkit[0m
client	Actual M1 panels, ownership/control, ledger and malformed wire E2E	2026-10-06T16:40:47.4690373Z shell: /usr/bin/bash -e {0}
client	Actual M1 panels, ownership/control, ledger and malformed wire E2E	2026-10-06T16:40:47.4690600Z env:
client	Actual M1 panels, ownership/control, ledger and malformed wire E2E	2026-10-06T16:40:47.4690787Z   OH_TEST_PORT: 19412
client	Actual M1 panels, ownership/control, ledger and malformed wire E2E	2026-10-06T16:40:47.4691004Z   OH_E2E_EVIDENCE: ../target/wp09/ci/m1-e2e
client	Actual M1 panels, ownership/control, ledger and malformed wire E2E	2026-10-06T16:40:47.4691300Z   OH_MALFORMED_EVIDENCE: ../target/wp09/ci/m1-malformed
client	Actual M1 panels, ownership/control, ledger and malformed wire E2E	2026-10-06T16:40:47.4691564Z ##[endgroup]
client	Actual M1 panels, ownership/control, ledger and malformed wire E2E	2026-10-06T16:40:47.5549278Z
client	Actual M1 panels, ownership/control, ledger and malformed wire E2E	2026-10-06T16:40:47.5550007Z > openhoi-client@0.1.0 test:e2e
client	Actual M1 panels, ownership/control, ledger and malformed wire E2E	2026-10-06T16:40:47.5550684Z > playwright test --config playwright.m1.config.ts --project chromium --project webkit
client	Actual M1 panels, ownership/control, ledger and malformed wire E2E	2026-10-06T16:40:47.5551181Z
client	Actual M1 panels, ownership/control, ledger and malformed wire E2E	2026-10-06T16:40:48.5168446Z
client	Actual M1 panels, ownership/control, ledger and malformed wire E2E	2026-10-06T16:40:48.5169316Z Running 70 tests using 2 workers
client	Actual M1 panels, ownership/control, ledger and malformed wire E2E	2026-10-06T16:42:02.0209834Z ······································································
client	Actual M1 panels, ownership/control, ledger and malformed wire E2E	2026-10-06T16:42:02.0213936Z   70 passed (1.2m)
client	Native headless Firefox backend availability and authority	﻿2026-10-06T16:42:02.0464433Z ##[group]Run npm run test:e2e -- --config playwright.m1.config.ts --project=firefox map-capability.spec.ts
client	Native headless Firefox backend availability and authority	2026-10-06T16:42:02.0465083Z [36;1mnpm run test:e2e -- --config playwright.m1.config.ts --project=firefox map-capability.spec.ts[0m
client	Native headless Firefox backend availability and authority	2026-10-06T16:42:02.0525227Z shell: /usr/bin/bash -e {0}
client	Native headless Firefox backend availability and authority	2026-10-06T16:42:02.0525462Z env:
client	Native headless Firefox backend availability and authority	2026-10-06T16:42:02.0525644Z   OH_TEST_PORT: 19413
client	Native headless Firefox backend availability and authority	2026-10-06T16:42:02.0525933Z   OH_MAP_CAPABILITY_EVIDENCE: ../target/wp08/ci/firefox-native-headless
client	Native headless Firefox backend availability and authority	2026-10-06T16:42:02.0526253Z ##[endgroup]
client	Native headless Firefox backend availability and authority	2026-10-06T16:42:02.1391639Z
client	Native headless Firefox backend availability and authority	2026-10-06T16:42:02.1392229Z > openhoi-client@0.1.0 test:e2e
client	Native headless Firefox backend availability and authority	2026-10-06T16:42:02.1392817Z > playwright test --config playwright.m1.config.ts --project=firefox map-capability.spec.ts
client	Native headless Firefox backend availability and authority	2026-10-06T16:42:02.1393160Z
client	Native headless Firefox backend availability and authority	2026-10-06T16:42:02.8238129Z
client	Native headless Firefox backend availability and authority	2026-10-06T16:42:02.8239038Z Running 1 test using 1 worker
client	Native headless Firefox backend availability and authority	2026-10-06T16:42:05.4783901Z ·
client	Native headless Firefox backend availability and authority	2026-10-06T16:42:05.4786489Z   1 passed (2.8s)
client	Full Firefox M1 pixels and authority under temporary Xvfb display	﻿2026-10-06T16:42:05.4998900Z ##[group]Run xvfb-run -a npm run test:e2e -- --config playwright.m1.config.ts --project firefox --headed
client	Full Firefox M1 pixels and authority under temporary Xvfb display	2026-10-06T16:42:05.4999890Z [36;1mxvfb-run -a npm run test:e2e -- --config playwright.m1.config.ts --project firefox --headed[0m
client	Full Firefox M1 pixels and authority under temporary Xvfb display	2026-10-06T16:42:05.5078152Z shell: /usr/bin/bash -e {0}
client	Full Firefox M1 pixels and authority under temporary Xvfb display	2026-10-06T16:42:05.5078495Z env:
client	Full Firefox M1 pixels and authority under temporary Xvfb display	2026-10-06T16:42:05.5078962Z   OH_TEST_PORT: 19414
client	Full Firefox M1 pixels and authority under temporary Xvfb display	2026-10-06T16:42:05.5079320Z   OH_MAP_EVIDENCE: ../target/wp08/ci/firefox-xvfb-map
client	Full Firefox M1 pixels and authority under temporary Xvfb display	2026-10-06T16:42:05.5079855Z   OH_MAP_REDIRECT_EVIDENCE: ../target/wp08/ci/firefox-xvfb-redirect
client	Full Firefox M1 pixels and authority under temporary Xvfb display	2026-10-06T16:42:05.5080469Z   OH_MAP_CAPABILITY_EVIDENCE: ../target/wp08/ci/firefox-xvfb-capability
client	Full Firefox M1 pixels and authority under temporary Xvfb display	2026-10-06T16:42:05.5081017Z   OH_E2E_EVIDENCE: ../target/wp09/ci/firefox-xvfb-m1-e2e
client	Full Firefox M1 pixels and authority under temporary Xvfb display	2026-10-06T16:42:05.5081540Z   OH_MALFORMED_EVIDENCE: ../target/wp09/ci/firefox-xvfb-m1-malformed
client	Full Firefox M1 pixels and authority under temporary Xvfb display	2026-10-06T16:42:05.5081987Z ##[endgroup]
client	Full Firefox M1 pixels and authority under temporary Xvfb display	2026-10-06T16:42:06.0570474Z
client	Full Firefox M1 pixels and authority under temporary Xvfb display	2026-10-06T16:42:06.0571275Z > openhoi-client@0.1.0 test:e2e
client	Full Firefox M1 pixels and authority under temporary Xvfb display	2026-10-06T16:42:06.0572091Z > playwright test --config playwright.m1.config.ts --project firefox --headed
client	Full Firefox M1 pixels and authority under temporary Xvfb display	2026-10-06T16:42:06.0572663Z
client	Full Firefox M1 pixels and authority under temporary Xvfb display	2026-10-06T16:42:06.7712734Z
client	Full Firefox M1 pixels and authority under temporary Xvfb display	2026-10-06T16:42:06.7713526Z Running 35 tests using 2 workers
client	Full Firefox M1 pixels and authority under temporary Xvfb display	2026-10-06T16:42:47.9991558Z ···································
client	Full Firefox M1 pixels and authority under temporary Xvfb display	2026-10-06T16:42:47.9992161Z   35 passed (41.4s)
client	Upload protocol and browser evidence	﻿2026-10-06T16:42:48.0292150Z ##[group]Run actions/upload-artifact@043fb46d1a93c77aae656e7c1c64a875d1fc6a0a
client	Upload protocol and browser evidence	2026-10-06T16:42:48.0292511Z with:
client	Upload protocol and browser evidence	2026-10-06T16:42:48.0292709Z   name: wp05-protocol-browser-evidence
client	Upload protocol and browser evidence	2026-10-06T16:42:48.0293026Z   path: target/wp05/
client	Upload protocol and browser evidence	target/wp09/
client	Upload protocol and browser evidence	target/wp08/
client	Upload protocol and browser evidence	client/test-results/
client	Upload protocol and browser evidence
client	Upload protocol and browser evidence	2026-10-06T16:42:48.0293334Z   if-no-files-found: error
client	Upload protocol and browser evidence	2026-10-06T16:42:48.0293540Z   archive: true
client	Upload protocol and browser evidence	2026-10-06T16:42:48.0293719Z   compression-level: 6
client	Upload protocol and browser evidence	2026-10-06T16:42:48.0293909Z   overwrite: false
client	Upload protocol and browser evidence	2026-10-06T16:42:48.0294095Z   include-hidden-files: false
client	Upload protocol and browser evidence	2026-10-06T16:42:48.0294306Z ##[endgroup]
client	Upload protocol and browser evidence	2026-10-06T16:42:48.1747453Z Multiple search paths detected. Calculating the least common ancestor of all paths
client	Upload protocol and browser evidence	2026-10-06T16:42:48.1749934Z The least common ancestor is /home/runner/work/OpenHOI4/OpenHOI4. This will be the root directory of the artifact
client	Upload protocol and browser evidence	2026-10-06T16:42:48.1750922Z With the provided path, there will be 169 files uploaded
client	Upload protocol and browser evidence	2026-10-06T16:42:48.1755135Z Artifact name is valid!
client	Upload protocol and browser evidence	2026-10-06T16:42:48.1755665Z Root directory input is valid!
client	Upload protocol and browser evidence	2026-10-06T16:42:48.3680323Z Uploading artifact: wp05-protocol-browser-evidence.zip
client	Upload protocol and browser evidence	2026-10-06T16:42:48.3713039Z Beginning upload of artifact content to blob storage
client	Upload protocol and browser evidence	2026-10-06T16:42:48.6546956Z Uploaded bytes 2409733
client	Upload protocol and browser evidence	2026-10-06T16:42:48.6667752Z Finished uploading artifact content to blob storage!
client	Upload protocol and browser evidence	2026-10-06T16:42:48.6668862Z SHA256 digest of uploaded artifact is af85ffa4cd2c8e18c94ba008713f8bb4af28b3c46278246708be68332bcd5d9e
client	Upload protocol and browser evidence	2026-10-06T16:42:48.6669601Z Finalizing artifact upload
client	Upload protocol and browser evidence	2026-10-06T16:42:48.9092219Z Artifact wp05-protocol-browser-evidence successfully finalized. Artifact ID 11428990579
client	Upload protocol and browser evidence	2026-10-06T16:42:48.9093442Z Artifact wp05-protocol-browser-evidence has been successfully uploaded! Final size is 2409733 bytes. Artifact ID is 11428990579
client	Upload protocol and browser evidence	2026-10-06T16:42:48.9095808Z Artifact download URL: https://github.com/peppone-choi/OpenHOI4/actions/runs/37497228851/artifacts/11428990579
client	Post Run actions/setup-node@v7.0.0	﻿2026-10-06T16:42:48.9276229Z Post job cleanup.
client	Post Run actions/setup-node@v7.0.0	2026-10-06T16:42:49.0238859Z Cache hit occurred on the primary key node-cache-Linux-x64-npm-c8fd7c5457bbb41b9b9c1b633e6d2a905ffea2ff30eea1c47886e6fc189580d2, not saving cache.
client	Post Run actions/checkout@v7.0.1	﻿2026-10-06T16:42:49.0351789Z Post job cleanup.
client	Post Run actions/checkout@v7.0.1	2026-10-06T16:42:49.1064813Z [command]/usr/bin/git version
client	Post Run actions/checkout@v7.0.1	2026-10-06T16:42:49.1105659Z git version 2.55.0
client	Post Run actions/checkout@v7.0.1	2026-10-06T16:42:49.1135062Z Temporarily overriding HOME='/home/runner/work/_temp/a071d182-aa4f-4e39-b0cb-4429a6ec25bf' before making global git config changes
client	Post Run actions/checkout@v7.0.1	2026-10-06T16:42:49.1135831Z Adding repository directory to the temporary git global config as a safe directory
client	Post Run actions/checkout@v7.0.1	2026-10-06T16:42:49.1140702Z [command]/usr/bin/git config --global --add safe.directory /home/runner/work/OpenHOI4/OpenHOI4
client	Post Run actions/checkout@v7.0.1	2026-10-06T16:42:49.1169302Z Removing SSH command configuration
client	Post Run actions/checkout@v7.0.1	2026-10-06T16:42:49.1174693Z [command]/usr/bin/git config --local --name-only --get-regexp core\.sshCommand
client	Post Run actions/checkout@v7.0.1	2026-10-06T16:42:49.1206357Z [command]/usr/bin/git submodule foreach --recursive sh -c "git config --local --name-only --get-regexp 'core\.sshCommand' && git config --local --unset-all 'core.sshCommand' || :"
client	Post Run actions/checkout@v7.0.1	2026-10-06T16:42:49.1439467Z Removing HTTP extra header
client	Post Run actions/checkout@v7.0.1	2026-10-06T16:42:49.1440751Z [command]/usr/bin/git config --local --name-only --get-regexp http\.https\:\/\/github\.com\/\.extraheader
client	Post Run actions/checkout@v7.0.1	2026-10-06T16:42:49.1472318Z [command]/usr/bin/git submodule foreach --recursive sh -c "git config --local --name-only --get-regexp 'http\.https\:\/\/github\.com\/\.extraheader' && git config --local --unset-all 'http.https://github.com/.extraheader' || :"
client	Post Run actions/checkout@v7.0.1	2026-10-06T16:42:49.1693510Z Removing includeIf entries pointing to credentials config files
client	Post Run actions/checkout@v7.0.1	2026-10-06T16:42:49.1700217Z [command]/usr/bin/git config --local --name-only --get-regexp ^includeIf\.gitdir:
client	Post Run actions/checkout@v7.0.1	2026-10-06T16:42:49.1727414Z includeif.gitdir:/home/runner/work/OpenHOI4/OpenHOI4/.git.path
client	Post Run actions/checkout@v7.0.1	2026-10-06T16:42:49.1728406Z includeif.gitdir:/home/runner/work/OpenHOI4/OpenHOI4/.git/worktrees/*.path
client	Post Run actions/checkout@v7.0.1	2026-10-06T16:42:49.1729463Z includeif.gitdir:/github/workspace/.git.path
client	Post Run actions/checkout@v7.0.1	2026-10-06T16:42:49.1730434Z includeif.gitdir:/github/workspace/.git/worktrees/*.path
client	Post Run actions/checkout@v7.0.1	2026-10-06T16:42:49.1736096Z [command]/usr/bin/git config --local --get-all includeif.gitdir:/home/runner/work/OpenHOI4/OpenHOI4/.git.path
client	Post Run actions/checkout@v7.0.1	2026-10-06T16:42:49.1756525Z /home/runner/work/_temp/git-credentials-1fc6336e-d350-498b-aacb-dffee0359f89.config
client	Post Run actions/checkout@v7.0.1	2026-10-06T16:42:49.1765697Z [command]/usr/bin/git config --local --unset includeif.gitdir:/home/runner/work/OpenHOI4/OpenHOI4/.git.path \/home\/runner\/work\/_temp\/git\-credentials\-1fc6336e\-d350\-498b\-aacb\-dffee0359f89\.config
client	Post Run actions/checkout@v7.0.1	2026-10-06T16:42:49.1799424Z [command]/usr/bin/git config --local --get-all includeif.gitdir:/home/runner/work/OpenHOI4/OpenHOI4/.git/worktrees/*.path
client	Post Run actions/checkout@v7.0.1	2026-10-06T16:42:49.1820441Z /home/runner/work/_temp/git-credentials-1fc6336e-d350-498b-aacb-dffee0359f89.config
client	Post Run actions/checkout@v7.0.1	2026-10-06T16:42:49.1836484Z [command]/usr/bin/git config --local --unset includeif.gitdir:/home/runner/work/OpenHOI4/OpenHOI4/.git/worktrees/*.path \/home\/runner\/work\/_temp\/git\-credentials\-1fc6336e\-d350\-498b\-aacb\-dffee0359f89\.config
client	Post Run actions/checkout@v7.0.1	2026-10-06T16:42:49.1867678Z [command]/usr/bin/git config --local --get-all includeif.gitdir:/github/workspace/.git.path
client	Post Run actions/checkout@v7.0.1	2026-10-06T16:42:49.1888302Z /github/runner_temp/git-credentials-1fc6336e-d350-498b-aacb-dffee0359f89.config
client	Post Run actions/checkout@v7.0.1	2026-10-06T16:42:49.1895592Z [command]/usr/bin/git config --local --unset includeif.gitdir:/github/workspace/.git.path \/github\/runner_temp\/git\-credentials\-1fc6336e\-d350\-498b\-aacb\-dffee0359f89\.config
client	Post Run actions/checkout@v7.0.1	2026-10-06T16:42:49.1926288Z [command]/usr/bin/git config --local --get-all includeif.gitdir:/github/workspace/.git/worktrees/*.path
client	Post Run actions/checkout@v7.0.1	2026-10-06T16:42:49.1948117Z /github/runner_temp/git-credentials-1fc6336e-d350-498b-aacb-dffee0359f89.config
client	Post Run actions/checkout@v7.0.1	2026-10-06T16:42:49.1953472Z [command]/usr/bin/git config --local --unset includeif.gitdir:/github/workspace/.git/worktrees/*.path \/github\/runner_temp\/git\-credentials\-1fc6336e\-d350\-498b\-aacb\-dffee0359f89\.config
client	Post Run actions/checkout@v7.0.1	2026-10-06T16:42:49.1986837Z [command]/usr/bin/git submodule foreach --recursive git config --local --show-origin --name-only --get-regexp remote.origin.url
client	Post Run actions/checkout@v7.0.1	2026-10-06T16:42:49.2208072Z Removing credentials config '/home/runner/work/_temp/git-credentials-1fc6336e-d350-498b-aacb-dffee0359f89.config'
client	Complete job	﻿2026-10-06T16:42:49.2350326Z Cleaning up orphan processes
