2026-10-06T16:25:18.1221900Z Current runner version: '2.337.0'
2026-10-06T16:25:18.1245857Z ##[group]Runner Image Provisioner
2026-10-06T16:25:18.1246935Z Hosted Compute Agent
2026-10-06T16:25:18.1247681Z Version: 20260901.588
2026-10-06T16:25:18.1248316Z Commit: f88ec8081b781fac6c440065ac7ff9e710ce3d0b
2026-10-06T16:25:18.1249091Z Build Date: 2026-09-01T19:56:44Z
2026-10-06T16:25:18.1249871Z Worker ID: {eaf38fed-69d5-41af-8835-a481c290ea44}
2026-10-06T16:25:18.1250597Z Azure Region: westus
2026-10-06T16:25:18.1251249Z ##[endgroup]
2026-10-06T16:25:18.1252682Z ##[group]Operating System
2026-10-06T16:25:18.1253419Z Ubuntu
2026-10-06T16:25:18.1253957Z 24.04.5
2026-10-06T16:25:18.1254460Z LTS
2026-10-06T16:25:18.1255048Z ##[endgroup]
2026-10-06T16:25:18.1255597Z ##[group]Runner Image
2026-10-06T16:25:18.1256425Z Image: ubuntu-24.04
2026-10-06T16:25:18.1257082Z Version: 20260927.320.1
2026-10-06T16:25:18.1258360Z Included Software: https://github.com/actions/runner-images/blob/ubuntu24/20260927.320/images/ubuntu/Ubuntu2404-Readme.md
2026-10-06T16:25:18.1260074Z Image Release: https://github.com/actions/runner-images/releases/tag/ubuntu24%2F20260927.320
2026-10-06T16:25:18.1261045Z ##[endgroup]
2026-10-06T16:25:18.1262217Z ##[group]GITHUB_TOKEN Permissions
2026-10-06T16:25:18.1264073Z Contents: read
2026-10-06T16:25:18.1264782Z Metadata: read
2026-10-06T16:25:18.1265339Z ##[endgroup]
2026-10-06T16:25:18.1267793Z Secret source: Actions
2026-10-06T16:25:18.1268836Z Cache mode: write
2026-10-06T16:25:18.1269563Z Prepare workflow directory
2026-10-06T16:25:18.1595909Z Prepare all required actions
2026-10-06T16:25:18.1644255Z Getting action download info
2026-10-06T16:25:18.5497506Z Download action repository 'actions/checkout@v7.0.1' (SHA:3d3c42e5aac5ba805825da76410c181273ba90b1)
2026-10-06T16:25:18.6619108Z Download action repository 'actions/setup-node@v7.0.0' (SHA:820762786026740c76f36085b0efc47a31fe5020)
2026-10-06T16:25:18.7472131Z Download action repository 'actions/upload-artifact@043fb46d1a93c77aae656e7c1c64a875d1fc6a0a' (SHA:043fb46d1a93c77aae656e7c1c64a875d1fc6a0a)
2026-10-06T16:25:18.9265035Z Complete job name: client
2026-10-06T16:25:19.0052337Z ##[group]Run actions/checkout@v7.0.1
2026-10-06T16:25:19.0053288Z with:
2026-10-06T16:25:19.0053749Z   repository: peppone-choi/OpenHOI4
2026-10-06T16:25:19.0058141Z   token: ***
2026-10-06T16:25:19.0058586Z   ssh-strict: true
2026-10-06T16:25:19.0059033Z   ssh-user: git
2026-10-06T16:25:19.0059568Z   persist-credentials: true
2026-10-06T16:25:19.0060237Z   clean: true
2026-10-06T16:25:19.0060714Z   sparse-checkout-cone-mode: true
2026-10-06T16:25:19.0061248Z   fetch-depth: 1
2026-10-06T16:25:19.0061696Z   fetch-tags: false
2026-10-06T16:25:19.0062143Z   show-progress: true
2026-10-06T16:25:19.0062601Z   lfs: false
2026-10-06T16:25:19.0063021Z   submodules: false
2026-10-06T16:25:19.0063470Z   set-safe-directory: true
2026-10-06T16:25:19.0063981Z   allow-unsafe-pr-checkout: false
2026-10-06T16:25:19.0064881Z ##[endgroup]
2026-10-06T16:25:19.1035529Z Syncing repository: peppone-choi/OpenHOI4
2026-10-06T16:25:19.1037914Z ##[group]Getting Git version info
2026-10-06T16:25:19.1038721Z Working directory is '/home/runner/work/OpenHOI4/OpenHOI4'
2026-10-06T16:25:19.1039866Z [command]/usr/bin/git version
2026-10-06T16:25:19.1135419Z git version 2.55.0
2026-10-06T16:25:19.1156692Z ##[endgroup]
2026-10-06T16:25:19.1167136Z Temporarily overriding HOME='/home/runner/work/_temp/f1477866-0f79-42cf-9cbb-24c58e5154de' before making global git config changes
2026-10-06T16:25:19.1169139Z Adding repository directory to the temporary git global config as a safe directory
2026-10-06T16:25:19.1172100Z [command]/usr/bin/git config --global --add safe.directory /home/runner/work/OpenHOI4/OpenHOI4
2026-10-06T16:25:19.1214051Z Deleting the contents of '/home/runner/work/OpenHOI4/OpenHOI4'
2026-10-06T16:25:19.1217754Z ##[group]Determining repository object format
2026-10-06T16:25:19.1219352Z ##[endgroup]
2026-10-06T16:25:19.1220256Z ##[group]Initializing the repository
2026-10-06T16:25:19.1223293Z [command]/usr/bin/git init /home/runner/work/OpenHOI4/OpenHOI4
2026-10-06T16:25:19.1332814Z hint: Using 'master' as the name for the initial branch. This default branch name
2026-10-06T16:25:19.1334760Z hint: will change to "main" in Git 3.0. To configure the initial branch name
2026-10-06T16:25:19.1336907Z hint: to use in all of your new repositories, which will suppress this warning,
2026-10-06T16:25:19.1338160Z hint: call:
2026-10-06T16:25:19.1338583Z hint:
2026-10-06T16:25:19.1339105Z hint: 	git config --global init.defaultBranch <name>
2026-10-06T16:25:19.1339742Z hint:
2026-10-06T16:25:19.1340577Z hint: Names commonly chosen instead of 'master' are 'main', 'trunk' and
2026-10-06T16:25:19.1341919Z hint: 'development'. The just-created branch can be renamed via this command:
2026-10-06T16:25:19.1342685Z hint:
2026-10-06T16:25:19.1343106Z hint: 	git branch -m <name>
2026-10-06T16:25:19.1343583Z hint:
2026-10-06T16:25:19.1344277Z hint: Disable this message with "git config set advice.defaultBranchName false"
2026-10-06T16:25:19.1345713Z Initialized empty Git repository in /home/runner/work/OpenHOI4/OpenHOI4/.git/
2026-10-06T16:25:19.1347791Z [command]/usr/bin/git remote add origin https://github.com/peppone-choi/OpenHOI4
2026-10-06T16:25:19.1390893Z ##[endgroup]
2026-10-06T16:25:19.1392127Z ##[group]Disabling automatic garbage collection
2026-10-06T16:25:19.1393630Z [command]/usr/bin/git config --local gc.auto 0
2026-10-06T16:25:19.1423554Z ##[endgroup]
2026-10-06T16:25:19.1424717Z ##[group]Setting up auth
2026-10-06T16:25:19.1425563Z Removing SSH command configuration
2026-10-06T16:25:19.1430070Z [command]/usr/bin/git config --local --name-only --get-regexp core\.sshCommand
2026-10-06T16:25:19.1459600Z [command]/usr/bin/git submodule foreach --recursive sh -c "git config --local --name-only --get-regexp 'core\.sshCommand' && git config --local --unset-all 'core.sshCommand' || :"
2026-10-06T16:25:19.1777891Z Removing HTTP extra header
2026-10-06T16:25:19.1784367Z [command]/usr/bin/git config --local --name-only --get-regexp http\.https\:\/\/github\.com\/\.extraheader
2026-10-06T16:25:19.1815320Z [command]/usr/bin/git submodule foreach --recursive sh -c "git config --local --name-only --get-regexp 'http\.https\:\/\/github\.com\/\.extraheader' && git config --local --unset-all 'http.https://github.com/.extraheader' || :"
2026-10-06T16:25:19.2040919Z Removing includeIf entries pointing to credentials config files
2026-10-06T16:25:19.2048163Z [command]/usr/bin/git config --local --name-only --get-regexp ^includeIf\.gitdir:
2026-10-06T16:25:19.2088427Z [command]/usr/bin/git submodule foreach --recursive git config --local --show-origin --name-only --get-regexp remote.origin.url
2026-10-06T16:25:19.2333028Z [command]/usr/bin/git config --file /home/runner/work/_temp/git-credentials-8ce7b255-d76a-416a-9e14-e7b85bc24c70.config http.https://github.com/.extraheader AUTHORIZATION: basic ***
2026-10-06T16:25:19.2372355Z [command]/usr/bin/git config --local includeIf.gitdir:/home/runner/work/OpenHOI4/OpenHOI4/.git.path /home/runner/work/_temp/git-credentials-8ce7b255-d76a-416a-9e14-e7b85bc24c70.config
2026-10-06T16:25:19.2405116Z [command]/usr/bin/git config --local includeIf.gitdir:/home/runner/work/OpenHOI4/OpenHOI4/.git/worktrees/*.path /home/runner/work/_temp/git-credentials-8ce7b255-d76a-416a-9e14-e7b85bc24c70.config
2026-10-06T16:25:19.2442621Z [command]/usr/bin/git config --local includeIf.gitdir:/github/workspace/.git.path /github/runner_temp/git-credentials-8ce7b255-d76a-416a-9e14-e7b85bc24c70.config
2026-10-06T16:25:19.2477783Z [command]/usr/bin/git config --local includeIf.gitdir:/github/workspace/.git/worktrees/*.path /github/runner_temp/git-credentials-8ce7b255-d76a-416a-9e14-e7b85bc24c70.config
2026-10-06T16:25:19.2505647Z ##[endgroup]
2026-10-06T16:25:19.2506705Z ##[group]Fetching the repository
2026-10-06T16:25:19.2513503Z [command]/usr/bin/git -c protocol.version=2 fetch --no-tags --prune --no-recurse-submodules --depth=1 origin +2c2aacc88bd22b0f3ba4393b22bef4b119616e69:refs/remotes/origin/codex/wp08-map-rendering
2026-10-06T16:25:21.1505706Z From https://github.com/peppone-choi/OpenHOI4
2026-10-06T16:25:21.1509253Z  * [new ref]         2c2aacc88bd22b0f3ba4393b22bef4b119616e69 -> origin/codex/wp08-map-rendering
2026-10-06T16:25:21.1514790Z [command]/usr/bin/git branch --list --remote origin/codex/wp08-map-rendering
2026-10-06T16:25:21.1538986Z   origin/codex/wp08-map-rendering
2026-10-06T16:25:21.1549021Z [command]/usr/bin/git rev-parse refs/remotes/origin/codex/wp08-map-rendering
2026-10-06T16:25:21.1570309Z 2c2aacc88bd22b0f3ba4393b22bef4b119616e69
2026-10-06T16:25:21.1575198Z ##[endgroup]
2026-10-06T16:25:21.1576890Z ##[group]Determining the checkout info
2026-10-06T16:25:21.1579039Z ##[endgroup]
2026-10-06T16:25:21.1580137Z [command]/usr/bin/git sparse-checkout disable
2026-10-06T16:25:21.1626516Z [command]/usr/bin/git config --local --unset-all extensions.worktreeConfig
2026-10-06T16:25:21.1657491Z ##[group]Checking out the ref
2026-10-06T16:25:21.1660966Z [command]/usr/bin/git checkout --progress --force -B codex/wp08-map-rendering refs/remotes/origin/codex/wp08-map-rendering
2026-10-06T16:25:21.3503193Z Switched to a new branch 'codex/wp08-map-rendering'
2026-10-06T16:25:21.3507706Z branch 'codex/wp08-map-rendering' set up to track 'origin/codex/wp08-map-rendering'.
2026-10-06T16:25:21.3590274Z ##[endgroup]
2026-10-06T16:25:21.3595690Z [command]/usr/bin/git log -1 --format=%H
2026-10-06T16:25:21.3603011Z 2c2aacc88bd22b0f3ba4393b22bef4b119616e69
2026-10-06T16:25:21.3984039Z ##[group]Run actions/setup-node@v7.0.0
2026-10-06T16:25:21.3985304Z with:
2026-10-06T16:25:21.3986402Z   node-version: 24.4.0
2026-10-06T16:25:21.3987400Z   cache: npm
2026-10-06T16:25:21.3988474Z   cache-dependency-path: client/package-lock.json
2026-10-06T16:25:21.3989865Z   check-latest: false
2026-10-06T16:25:21.4000934Z   token: ***
2026-10-06T16:25:21.4001885Z   package-manager-cache: true
2026-10-06T16:25:21.4002972Z ##[endgroup]
2026-10-06T16:25:21.5237523Z Attempting to download 24.4.0...
2026-10-06T16:25:22.2254285Z Acquiring 24.4.0 - x64 from https://github.com/actions/node-versions/releases/download/24.4.0-16210503505/node-24.4.0-linux-x64.tar.gz
2026-10-06T16:25:22.8773880Z Extracting ...
2026-10-06T16:25:22.8894414Z [command]/usr/bin/tar xz --strip 1 --warning=no-unknown-keyword --overwrite -C /home/runner/work/_temp/6883bf9f-0185-4647-a102-9c6170203ffc -f /home/runner/work/_temp/81ecf405-1df4-4993-bc0d-099d7f8dec10
2026-10-06T16:25:24.0874940Z Adding to the cache ...
2026-10-06T16:25:25.9880827Z ##[group]Environment details
2026-10-06T16:25:26.2095239Z node: v24.4.0
2026-10-06T16:25:26.2095769Z npm: 11.4.2
2026-10-06T16:25:26.2096398Z yarn: 1.22.22
2026-10-06T16:25:26.2097313Z ##[endgroup]
2026-10-06T16:25:26.2118283Z [command]/opt/hostedtoolcache/node/24.4.0/x64/bin/npm config get cache
2026-10-06T16:25:26.3040729Z /home/runner/.npm
2026-10-06T16:25:26.5760615Z Cache hit for: node-cache-Linux-x64-npm-c8fd7c5457bbb41b9b9c1b633e6d2a905ffea2ff30eea1c47886e6fc189580d2
2026-10-06T16:25:27.8921442Z Received 0 of 50037050 (0.0%), 0.0 MBs/sec
2026-10-06T16:25:28.3741865Z Received 50037050 of 50037050 (100.0%), 32.2 MBs/sec
2026-10-06T16:25:28.3743094Z Cache Size: ~48 MB (50037050 B)
2026-10-06T16:25:28.3787761Z [command]/usr/bin/tar -xf /home/runner/work/_temp/dbc8fc2b-989f-4084-828c-6b54c713438b/cache.tzst -P -C /home/runner/work/OpenHOI4/OpenHOI4 --use-compress-program unzstd
2026-10-06T16:25:28.4619471Z Cache restored successfully
2026-10-06T16:25:28.4655362Z Cache restored from key: node-cache-Linux-x64-npm-c8fd7c5457bbb41b9b9c1b633e6d2a905ffea2ff30eea1c47886e6fc189580d2
2026-10-06T16:25:28.4853061Z ##[group]Run rustup toolchain install 1.99.0 --profile minimal
2026-10-06T16:25:28.4853625Z [36;1mrustup toolchain install 1.99.0 --profile minimal[0m
2026-10-06T16:25:28.5113842Z shell: /usr/bin/bash -e {0}
2026-10-06T16:25:28.5114130Z ##[endgroup]
2026-10-06T16:25:28.6132433Z info: syncing channel updates for 1.99.0-x86_64-unknown-linux-gnu
2026-10-06T16:25:29.0329824Z info: latest update on 2026-10-01 for version 1.99.0 (b940084d7 2026-09-28)
2026-10-06T16:25:29.0330839Z info: downloading 3 components
2026-10-06T16:25:36.4507095Z
2026-10-06T16:25:36.4570920Z   1.99.0-x86_64-unknown-linux-gnu installed - rustc 1.99.0 (b940084d7 2026-09-28)
2026-10-06T16:25:36.4571371Z
2026-10-06T16:25:36.4663276Z ##[group]Run npm --prefix client ci
2026-10-06T16:25:36.4663619Z [36;1mnpm --prefix client ci[0m
2026-10-06T16:25:36.4727858Z shell: /usr/bin/bash -e {0}
2026-10-06T16:25:36.4728146Z ##[endgroup]
2026-10-06T16:25:38.3342697Z
2026-10-06T16:25:38.3343458Z added 103 packages, and audited 104 packages in 2s
2026-10-06T16:25:38.3343784Z
2026-10-06T16:25:38.3344203Z 22 packages are looking for funding
2026-10-06T16:25:38.3344715Z   run `npm fund` for details
2026-10-06T16:25:38.3353120Z
2026-10-06T16:25:38.3353538Z found 0 vulnerabilities
2026-10-06T16:25:38.3911206Z ##[group]Run cargo run -p oh_proto --locked --example generate
2026-10-06T16:25:38.3911681Z [36;1mcargo run -p oh_proto --locked --example generate[0m
2026-10-06T16:25:38.3912061Z [36;1mgit diff --exit-code -- client/src/proto[0m
2026-10-06T16:25:38.3973526Z shell: /usr/bin/bash -e {0}
2026-10-06T16:25:38.3973792Z ##[endgroup]
2026-10-06T16:25:38.4593988Z info: syncing channel updates for 1.99.0-x86_64-unknown-linux-gnu
2026-10-06T16:25:38.5537654Z info: latest update on 2026-10-01 for version 1.99.0 (b940084d7 2026-09-28)
2026-10-06T16:25:38.5663912Z info: downloading 2 components
2026-10-06T16:25:39.2136743Z     Updating crates.io index
2026-10-06T16:25:39.3806875Z  Downloading crates ...
2026-10-06T16:25:39.4012999Z   Downloaded embedded-io v0.6.1
2026-10-06T16:25:39.4036478Z   Downloaded semver v1.0.28
2026-10-06T16:25:39.4061515Z   Downloaded toml_datetime v1.1.1+spec-1.1.0
2026-10-06T16:25:39.4072960Z   Downloaded serde_derive v1.0.229
2026-10-06T16:25:39.4102252Z   Downloaded ref-cast v1.0.27
2026-10-06T16:25:39.4181135Z   Downloaded miniz_oxide v0.9.1
2026-10-06T16:25:39.4207241Z   Downloaded az v1.3.0
2026-10-06T16:25:39.4428693Z   Downloaded ppv-lite86 v0.2.21
2026-10-06T16:25:39.4448654Z   Downloaded simd-adler32 v0.3.10
2026-10-06T16:25:39.4469120Z   Downloaded postcard v1.1.3
2026-10-06T16:25:39.4492523Z   Downloaded ts-rs-macros v12.0.1
2026-10-06T16:25:39.4509262Z   Downloaded serde v1.0.229
2026-10-06T16:25:39.4543625Z   Downloaded thiserror-impl v2.0.21
2026-10-06T16:25:39.4559180Z   Downloaded bytemuck v1.25.2
2026-10-06T16:25:39.4597712Z   Downloaded fdeflate v0.3.7
2026-10-06T16:25:39.4613643Z   Downloaded toml_parser v1.1.3+spec-1.1.0
2026-10-06T16:25:39.4639949Z   Downloaded equivalent v1.0.2
2026-10-06T16:25:39.4651651Z   Downloaded ref-cast-impl v1.0.27
2026-10-06T16:25:39.4659836Z   Downloaded proc-macro2 v1.0.107
2026-10-06T16:25:39.4693686Z   Downloaded schemars_derive v1.2.2
2026-10-06T16:25:39.4714930Z   Downloaded adler2 v2.0.1
2026-10-06T16:25:39.4729116Z   Downloaded zmij v1.0.23
2026-10-06T16:25:39.4752385Z   Downloaded embedded-io v0.4.0
2026-10-06T16:25:39.4769315Z   Downloaded itoa v1.0.18
2026-10-06T16:25:39.4788872Z   Downloaded schemars v1.2.2
2026-10-06T16:25:39.4975358Z   Downloaded thiserror v2.0.21
2026-10-06T16:25:39.5040205Z   Downloaded cfg-if v1.0.5
2026-10-06T16:25:39.5054447Z   Downloaded flate2 v1.1.10
2026-10-06T16:25:39.5102311Z   Downloaded toml_writer v1.1.2+spec-1.1.0
2026-10-06T16:25:39.5115761Z   Downloaded crc32fast v1.5.2
2026-10-06T16:25:39.5136091Z   Downloaded rmp-serde v1.3.1
2026-10-06T16:25:39.5153754Z   Downloaded dyn-clone v1.0.20
2026-10-06T16:25:39.5170461Z   Downloaded rand_chacha v0.10.0
2026-10-06T16:25:39.5182318Z   Downloaded autocfg v1.5.1
2026-10-06T16:25:39.5200697Z   Downloaded serde_spanned v1.1.1
2026-10-06T16:25:39.5213390Z   Downloaded serde_core v1.0.229
2026-10-06T16:25:39.5241365Z   Downloaded toml v1.1.6+spec-1.1.0
2026-10-06T16:25:39.5281732Z   Downloaded unicode-ident v1.0.26
2026-10-06T16:25:39.5309890Z   Downloaded half v2.7.1
2026-10-06T16:25:39.5350728Z   Downloaded miniz_oxide v0.8.9
2026-10-06T16:25:39.5376943Z   Downloaded quote v1.0.47
2026-10-06T16:25:39.5403565Z   Downloaded typenum v1.20.1
2026-10-06T16:25:39.5437665Z   Downloaded winnow v1.0.4
2026-10-06T16:25:39.5532121Z   Downloaded hashbrown v0.17.1
2026-10-06T16:25:39.5582888Z   Downloaded memchr v2.8.3
2026-10-06T16:25:39.5636877Z   Downloaded png v0.18.1
2026-10-06T16:25:39.5676486Z   Downloaded serde_json v1.0.151
2026-10-06T16:25:39.5748055Z   Downloaded zerocopy-derive v0.8.60
2026-10-06T16:25:39.5879889Z   Downloaded fixed v1.31.0
2026-10-06T16:25:39.5947699Z   Downloaded syn v3.0.6
2026-10-06T16:25:39.6050958Z   Downloaded zerocopy v0.8.60
2026-10-06T16:25:39.6263017Z   Downloaded ts-rs v12.0.1
2026-10-06T16:25:39.6321500Z   Downloaded bitflags v2.13.2
2026-10-06T16:25:39.6364938Z   Downloaded rmp v0.8.15
2026-10-06T16:25:39.6404043Z   Downloaded num-traits v0.2.19
2026-10-06T16:25:39.6429140Z   Downloaded rand_core v0.10.1
2026-10-06T16:25:39.6444849Z   Downloaded cobs v0.3.0
2026-10-06T16:25:39.6457672Z   Downloaded indexmap v2.14.2
2026-10-06T16:25:39.6498855Z   Downloaded zlib-rs v0.6.8
2026-10-06T16:25:39.6551698Z   Downloaded serde_derive_internals v0.30.0
2026-10-06T16:25:39.6566174Z   Downloaded syn v2.0.119
2026-10-06T16:25:39.6670434Z   Downloaded termcolor v1.4.1
2026-10-06T16:25:39.6890167Z    Compiling proc-macro2 v1.0.107
2026-10-06T16:25:39.6893611Z    Compiling unicode-ident v1.0.26
2026-10-06T16:25:39.6894245Z    Compiling quote v1.0.47
2026-10-06T16:25:39.6894733Z    Compiling serde_core v1.0.229
2026-10-06T16:25:39.7439089Z    Compiling serde v1.0.229
2026-10-06T16:25:39.8458232Z    Compiling zerocopy v0.8.60
2026-10-06T16:25:39.9057474Z    Compiling cfg-if v1.0.5
2026-10-06T16:25:39.9367472Z    Compiling thiserror v2.0.21
2026-10-06T16:25:40.0818821Z    Compiling simd-adler32 v0.3.10
2026-10-06T16:25:40.1447409Z    Compiling adler2 v2.0.1
2026-10-06T16:25:40.2071494Z    Compiling zmij v1.0.23
2026-10-06T16:25:40.2307417Z    Compiling crc32fast v1.5.2
2026-10-06T16:25:40.4017362Z    Compiling autocfg v1.5.1
2026-10-06T16:25:40.4467304Z    Compiling fixed v1.31.0
2026-10-06T16:25:40.5197682Z    Compiling syn v3.0.6
2026-10-06T16:25:40.5507330Z    Compiling syn v2.0.119
2026-10-06T16:25:40.7157058Z    Compiling ref-cast v1.0.27
2026-10-06T16:25:40.8717809Z    Compiling serde_json v1.0.151
2026-10-06T16:25:40.9873572Z    Compiling num-traits v0.2.19
2026-10-06T16:25:41.5317677Z    Compiling miniz_oxide v0.9.1
2026-10-06T16:25:42.0222156Z    Compiling serde_derive_internals v0.30.0
2026-10-06T16:25:42.1564585Z    Compiling typenum v1.20.1
2026-10-06T16:25:42.8090095Z    Compiling az v1.3.0
2026-10-06T16:25:42.8167898Z    Compiling rand_core v0.10.1
2026-10-06T16:25:42.8367637Z    Compiling serde_derive v1.0.229
2026-10-06T16:25:42.8897796Z    Compiling thiserror-impl v2.0.21
2026-10-06T16:25:43.8547530Z    Compiling ref-cast-impl v1.0.27
2026-10-06T16:25:43.9307456Z    Compiling cobs v0.3.0
2026-10-06T16:25:44.0387823Z    Compiling bytemuck v1.25.2
2026-10-06T16:25:44.1678053Z    Compiling itoa v1.0.18
2026-10-06T16:25:44.1737513Z    Compiling memchr v2.8.3
2026-10-06T16:25:44.2767439Z    Compiling winnow v1.0.4
2026-10-06T16:25:44.8169138Z    Compiling toml_parser v1.1.3+spec-1.1.0
2026-10-06T16:25:44.8847378Z    Compiling zerocopy-derive v0.8.60
2026-10-06T16:25:45.5418395Z    Compiling schemars_derive v1.2.2
2026-10-06T16:25:45.7621355Z    Compiling toml_datetime v1.1.1+spec-1.1.0
2026-10-06T16:25:45.9797827Z    Compiling serde_spanned v1.1.1
2026-10-06T16:25:46.0462164Z    Compiling flate2 v1.1.10
2026-10-06T16:25:46.1557850Z    Compiling postcard v1.1.3
2026-10-06T16:25:46.4214480Z    Compiling miniz_oxide v0.8.9
2026-10-06T16:25:46.4633644Z    Compiling fdeflate v0.3.7
2026-10-06T16:25:46.8529538Z    Compiling toml_writer v1.1.2+spec-1.1.0
2026-10-06T16:25:46.9147168Z    Compiling bitflags v2.13.2
2026-10-06T16:25:46.9777516Z    Compiling semver v1.0.28
2026-10-06T16:25:47.0647356Z    Compiling dyn-clone v1.0.20
2026-10-06T16:25:47.0677251Z    Compiling png v0.18.1
2026-10-06T16:25:47.1217239Z    Compiling schemars v1.2.2
2026-10-06T16:25:47.2237494Z    Compiling toml v1.1.6+spec-1.1.0
2026-10-06T16:25:48.8817221Z    Compiling termcolor v1.4.1
2026-10-06T16:25:48.9388859Z    Compiling rmp v0.8.15
2026-10-06T16:25:49.0622337Z    Compiling ts-rs-macros v12.0.1
2026-10-06T16:25:49.1577348Z    Compiling rmp-serde v1.3.1
2026-10-06T16:25:49.8414938Z    Compiling ts-rs v12.0.1
2026-10-06T16:25:50.0197781Z    Compiling ppv-lite86 v0.2.21
2026-10-06T16:25:50.0210190Z    Compiling half v2.7.1
2026-10-06T16:25:50.3185804Z    Compiling rand_chacha v0.10.0
2026-10-06T16:25:55.2084337Z    Compiling oh_core v0.1.0 (/home/runner/work/OpenHOI4/OpenHOI4/crates/oh_core)
2026-10-06T16:25:55.3242322Z    Compiling oh_data v0.1.0 (/home/runner/work/OpenHOI4/OpenHOI4/crates/oh_data)
2026-10-06T16:25:55.8470030Z    Compiling oh_sim v0.1.0 (/home/runner/work/OpenHOI4/OpenHOI4/crates/oh_sim)
2026-10-06T16:25:56.2117975Z    Compiling oh_proto v0.1.0 (/home/runner/work/OpenHOI4/OpenHOI4/crates/oh_proto)
2026-10-06T16:25:57.6880599Z     Finished `dev` profile [unoptimized + debuginfo] target(s) in 18.49s
2026-10-06T16:25:57.7103644Z      Running `target/debug/examples/generate`
2026-10-06T16:25:58.0598369Z ##[group]Run npm --prefix client run typecheck
2026-10-06T16:25:58.0598783Z [36;1mnpm --prefix client run typecheck[0m
2026-10-06T16:25:58.0659563Z shell: /usr/bin/bash -e {0}
2026-10-06T16:25:58.0659822Z ##[endgroup]
2026-10-06T16:25:58.1630956Z
2026-10-06T16:25:58.1631405Z > openhoi-client@0.1.0 typecheck
2026-10-06T16:25:58.1631937Z > tsc --noEmit
2026-10-06T16:25:58.1632108Z
2026-10-06T16:25:58.7434429Z ##[group]Run npm --prefix client test
2026-10-06T16:25:58.7434770Z [36;1mnpm --prefix client test[0m
2026-10-06T16:25:58.7495244Z shell: /usr/bin/bash -e {0}
2026-10-06T16:25:58.7495502Z ##[endgroup]
2026-10-06T16:25:58.8506764Z
2026-10-06T16:25:58.8507276Z > openhoi-client@0.1.0 pretest
2026-10-06T16:25:58.8508041Z > cargo run -p oh_proto --example wire_fixtures
2026-10-06T16:25:58.8508480Z
2026-10-06T16:25:58.9228268Z    Compiling oh_proto v0.1.0 (/home/runner/work/OpenHOI4/OpenHOI4/crates/oh_proto)
2026-10-06T16:25:59.2193463Z     Finished `dev` profile [unoptimized + debuginfo] target(s) in 0.33s
2026-10-06T16:25:59.2233628Z      Running `/home/runner/work/OpenHOI4/OpenHOI4/target/debug/examples/wire_fixtures`
2026-10-06T16:25:59.2306598Z
2026-10-06T16:25:59.2308733Z > openhoi-client@0.1.0 test
2026-10-06T16:25:59.2309205Z > vitest run
2026-10-06T16:25:59.2309417Z
2026-10-06T16:25:59.4983403Z
2026-10-06T16:25:59.4988130Z [1m[30m[46m RUN [49m[39m[22m [36mv5.0.3 [39m[90m/home/runner/work/OpenHOI4/OpenHOI4/client[39m
2026-10-06T16:25:59.4988882Z
2026-10-06T16:25:59.8488985Z  [32m✓[39m src/networkValidation.test.ts [2m([22m[2m114 tests[22m[2m)[22m[32m 88[2mms[22m[39m
2026-10-06T16:25:59.8737556Z  [32m✓[39m src/i18n.test.tsx [2m([22m[2m3 tests[22m[2m)[22m[32m 55[2mms[22m[39m
2026-10-06T16:25:59.9400833Z  [32m✓[39m src/national.test.tsx [2m([22m[2m3 tests[22m[2m)[22m[32m 110[2mms[22m[39m
2026-10-06T16:26:00.0453553Z  [32m✓[39m src/map/model.test.ts [2m([22m[2m4 tests[22m[2m)[22m[32m 11[2mms[22m[39m
2026-10-06T16:26:00.1318512Z  [32m✓[39m src/network.test.ts [2m([22m[2m2 tests[22m[2m)[22m[32m 7[2mms[22m[39m
2026-10-06T16:26:00.3787489Z  [32m✓[39m src/App.test.tsx [2m([22m[2m1 test[22m[2m)[22m[32m 25[2mms[22m[39m
2026-10-06T16:26:00.6390690Z  [32m✓[39m src/localization.test.ts [2m([22m[2m3 tests[22m[2m)[22m[33m 609[2mms[22m[39m
2026-10-06T16:26:00.6392696Z    [33m[2m✓[22m[39m REQ-LOC-02 font cmap contains actual ko catalog glyphs, all Hangul syllables and CJK examples[33m 600[2mms[22m[39m
2026-10-06T16:26:00.6423929Z
2026-10-06T16:26:00.6429067Z [2m Test Files [22m [1m[32m7 passed[39m[22m[90m (7)[39m
2026-10-06T16:26:00.6429801Z [2m      Tests [22m [1m[32m130 passed[39m[22m[90m (130)[39m
2026-10-06T16:26:00.6430658Z [2m   Start at [22m 16:25:59
2026-10-06T16:26:00.6435338Z [2m   Duration [22m 1.14s[2m (tests 57%, import 23%, transform 18%, worker 2%)[22m
2026-10-06T16:26:00.6452669Z
2026-10-06T16:26:00.6699231Z ##[group]Run npm --prefix client run build
2026-10-06T16:26:00.6699769Z [36;1mnpm --prefix client run build[0m
2026-10-06T16:26:00.6760613Z shell: /usr/bin/bash -e {0}
2026-10-06T16:26:00.6760873Z ##[endgroup]
2026-10-06T16:26:00.7753908Z
2026-10-06T16:26:00.7754727Z > openhoi-client@0.1.0 build
2026-10-06T16:26:00.7755395Z > tsc --noEmit && vite build
2026-10-06T16:26:00.7755717Z
2026-10-06T16:26:01.4848226Z [36mvite v8.3.3 [32mbuilding client environment for production...[36m[39m
2026-10-06T16:26:01.4939685Z transforming...
2026-10-06T16:26:01.7031351Z ✓ 55 modules transformed.
2026-10-06T16:26:01.7853553Z rendering chunks...
2026-10-06T16:26:01.9270032Z computing gzip size...
2026-10-06T16:26:01.9442554Z dist/index.html                     0.36 kB │ gzip:   0.25 kB
2026-10-06T16:26:01.9443443Z dist/assets/index-B9cOsW2B.css      4.39 kB │ gzip:   1.57 kB
2026-10-06T16:26:01.9444005Z dist/assets/index-DtlFQFqO.js   1,169.49 kB │ gzip: 330.82 kB
2026-10-06T16:26:01.9444328Z
2026-10-06T16:26:01.9446719Z [32m✓ built in 459ms[39m
2026-10-06T16:26:01.9454060Z [33m[plugin builtin:vite-reporter]
2026-10-06T16:26:01.9454908Z (!) Some chunks are larger than 500 kB after minification. Consider:
2026-10-06T16:26:01.9455447Z - Using dynamic import() to code-split the application
2026-10-06T16:26:01.9456434Z - Use build.rolldownOptions.output.codeSplitting to improve chunking: https://rolldown.rs/reference/OutputOptions.codeSplitting
2026-10-06T16:26:01.9457380Z - Adjust chunk size limit for this warning via build.chunkSizeWarningLimit.[39m
2026-10-06T16:26:01.9695695Z ##[group]Run cargo build -p oh_server --locked
2026-10-06T16:26:01.9696391Z [36;1mcargo build -p oh_server --locked[0m
2026-10-06T16:26:01.9773691Z shell: /usr/bin/bash -e {0}
2026-10-06T16:26:01.9773977Z ##[endgroup]
2026-10-06T16:26:02.0374961Z  Downloading crates ...
2026-10-06T16:26:02.0809936Z   Downloaded atomic-waker v1.1.2
2026-10-06T16:26:02.0834063Z   Downloaded block-buffer v0.10.4
2026-10-06T16:26:02.0868075Z   Downloaded axum-core v0.5.6
2026-10-06T16:26:02.0898604Z   Downloaded base64 v0.22.1
2026-10-06T16:26:02.0938526Z   Downloaded axum v0.8.9
2026-10-06T16:26:02.1024968Z   Downloaded crypto-common v0.1.7
2026-10-06T16:26:02.1035905Z   Downloaded errno v0.3.14
2026-10-06T16:26:02.1053860Z   Downloaded futures-core v0.3.34
2026-10-06T16:26:02.1068826Z   Downloaded digest v0.10.7
2026-10-06T16:26:02.1095892Z   Downloaded percent-encoding v2.3.2
2026-10-06T16:26:02.1104426Z   Downloaded signal-hook-registry v1.4.8
2026-10-06T16:26:02.1121338Z   Downloaded tower-layer v0.3.3
2026-10-06T16:26:02.1133896Z   Downloaded getrandom v0.3.4
2026-10-06T16:26:02.1172555Z   Downloaded rand_chacha v0.9.0
2026-10-06T16:26:02.1184510Z   Downloaded futures-channel v0.3.34
2026-10-06T16:26:02.1204232Z   Downloaded http-body v1.1.0
2026-10-06T16:26:02.1215066Z   Downloaded serde_path_to_error v0.1.20
2026-10-06T16:26:02.1238373Z   Downloaded rand v0.9.5
2026-10-06T16:26:02.1282335Z   Downloaded smallvec v1.16.2
2026-10-06T16:26:02.1300054Z   Downloaded generic-array v0.14.7
2026-10-06T16:26:02.1317225Z   Downloaded sync_wrapper v1.0.2
2026-10-06T16:26:02.1328714Z   Downloaded tokio-macros v2.7.2
2026-10-06T16:26:02.1342846Z   Downloaded tower-service v0.3.3
2026-10-06T16:26:02.1350732Z   Downloaded data-encoding v2.11.1
2026-10-06T16:26:02.1360335Z   Downloaded cpufeatures v0.2.17
2026-10-06T16:26:02.1374000Z   Downloaded futures-sink v0.3.34
2026-10-06T16:26:02.1382364Z   Downloaded http-body-util v0.1.5
2026-10-06T16:26:02.1402928Z   Downloaded httpdate v1.0.3
2026-10-06T16:26:02.1414609Z   Downloaded hyper v1.11.1
2026-10-06T16:26:02.1482592Z   Downloaded mime v0.3.17
2026-10-06T16:26:02.1495403Z   Downloaded serde_urlencoded v0.7.1
2026-10-06T16:26:02.1511829Z   Downloaded form_urlencoded v1.2.2
2026-10-06T16:26:02.1519593Z   Downloaded futures-task v0.3.34
2026-10-06T16:26:02.1531025Z   Downloaded sha1 v0.10.7
2026-10-06T16:26:02.1546063Z   Downloaded httparse v1.10.1
2026-10-06T16:26:02.1571971Z   Downloaded matchit v0.8.4
2026-10-06T16:26:02.1592876Z   Downloaded ryu v1.0.23
2026-10-06T16:26:02.1625528Z   Downloaded socket2 v0.6.5
2026-10-06T16:26:02.1643274Z   Downloaded tokio-tungstenite v0.29.0
2026-10-06T16:26:02.1663097Z   Downloaded slab v0.4.12
2026-10-06T16:26:02.1675806Z   Downloaded log v0.4.34
2026-10-06T16:26:02.1700132Z   Downloaded rand_core v0.9.5
2026-10-06T16:26:02.1713376Z   Downloaded version_check v0.9.5
2026-10-06T16:26:02.1725419Z   Downloaded pin-project-lite v0.2.17
2026-10-06T16:26:02.1784054Z   Downloaded http v1.5.0
2026-10-06T16:26:02.1820424Z   Downloaded hyper-util v0.1.21
2026-10-06T16:26:02.1884492Z   Downloaded tungstenite v0.29.0
2026-10-06T16:26:02.1919266Z   Downloaded mio v1.2.4
2026-10-06T16:26:02.1979009Z   Downloaded bytes v1.12.1
2026-10-06T16:26:02.2013311Z   Downloaded tower v0.5.3
2026-10-06T16:26:02.2114276Z   Downloaded futures-util v0.3.34
2026-10-06T16:26:02.2244826Z   Downloaded libc v0.2.190
2026-10-06T16:26:02.2720754Z   Downloaded tokio v1.53.2
2026-10-06T16:26:02.3444463Z    Compiling serde_core v1.0.229
2026-10-06T16:26:02.3447725Z    Compiling syn v3.0.6
2026-10-06T16:26:02.3448162Z    Compiling libc v0.2.190
2026-10-06T16:26:02.3478507Z    Compiling ppv-lite86 v0.2.21
2026-10-06T16:26:02.6276014Z    Compiling bytes v1.12.1
2026-10-06T16:26:03.2306519Z    Compiling version_check v0.9.5
2026-10-06T16:26:03.4327928Z    Compiling generic-array v0.14.7
2026-10-06T16:26:03.5247437Z    Compiling futures-core v0.3.34
2026-10-06T16:26:03.5927495Z    Compiling pin-project-lite v0.2.17
2026-10-06T16:26:03.6278304Z    Compiling serde_json v1.0.151
2026-10-06T16:26:03.7212769Z    Compiling http v1.5.0
2026-10-06T16:26:03.7355816Z    Compiling getrandom v0.3.4
2026-10-06T16:26:03.9057636Z    Compiling memchr v2.8.3
2026-10-06T16:26:04.5348250Z    Compiling serde_derive_internals v0.30.0
2026-10-06T16:26:05.2740782Z    Compiling errno v0.3.14
2026-10-06T16:26:05.3177226Z    Compiling httparse v1.10.1
2026-10-06T16:26:05.3436663Z    Compiling signal-hook-registry v1.4.8
2026-10-06T16:26:05.5027280Z    Compiling rand_chacha v0.10.0
2026-10-06T16:26:05.6634791Z    Compiling toml_datetime v1.1.1+spec-1.1.0
2026-10-06T16:26:05.6967432Z    Compiling serde_spanned v1.1.1
2026-10-06T16:26:05.7577301Z    Compiling mio v1.2.4
2026-10-06T16:26:05.8417765Z    Compiling thiserror-impl v2.0.21
2026-10-06T16:26:05.8939226Z    Compiling serde_derive v1.0.229
2026-10-06T16:26:05.9777432Z    Compiling ref-cast-impl v1.0.27
2026-10-06T16:26:06.1987497Z    Compiling schemars_derive v1.2.2
2026-10-06T16:26:06.2859820Z    Compiling ref-cast v1.0.27
2026-10-06T16:26:06.3187681Z    Compiling tokio-macros v2.7.2
2026-10-06T16:26:06.7777257Z    Compiling socket2 v0.6.5
2026-10-06T16:26:06.8767735Z    Compiling thiserror v2.0.21
2026-10-06T16:26:06.9137526Z    Compiling cobs v0.3.0
2026-10-06T16:26:07.0087364Z    Compiling toml v1.1.6+spec-1.1.0
2026-10-06T16:26:07.2237639Z    Compiling tokio v1.53.2
2026-10-06T16:26:07.5697809Z    Compiling rand_core v0.9.5
2026-10-06T16:26:07.9207330Z    Compiling block-buffer v0.10.4
2026-10-06T16:26:07.9867442Z    Compiling crypto-common v0.1.7
2026-10-06T16:26:08.0317368Z    Compiling http-body v1.1.0
2026-10-06T16:26:08.0987346Z    Compiling digest v0.10.7
2026-10-06T16:26:08.2157429Z    Compiling rand_chacha v0.9.0
2026-10-06T16:26:08.5197737Z    Compiling slab v0.4.12
2026-10-06T16:26:08.6016298Z    Compiling cpufeatures v0.2.17
2026-10-06T16:26:08.6177728Z    Compiling serde v1.0.229
2026-10-06T16:26:08.6281720Z    Compiling futures-sink v0.3.34
2026-10-06T16:26:08.6357229Z    Compiling futures-task v0.3.34
2026-10-06T16:26:08.6617474Z    Compiling tower-service v0.3.3
2026-10-06T16:26:08.6921514Z    Compiling sha1 v0.10.7
2026-10-06T16:26:08.7301445Z    Compiling futures-util v0.3.34
2026-10-06T16:26:08.8387810Z    Compiling rand v0.9.5
2026-10-06T16:26:09.1237314Z    Compiling fixed v1.31.0
2026-10-06T16:26:09.3944981Z    Compiling postcard v1.1.3
2026-10-06T16:26:09.6584445Z    Compiling schemars v1.2.2
2026-10-06T16:26:10.9087430Z    Compiling futures-channel v0.3.34
2026-10-06T16:26:11.0414800Z    Compiling sync_wrapper v1.0.2
2026-10-06T16:26:11.0867469Z    Compiling percent-encoding v2.3.2
2026-10-06T16:26:11.1917398Z    Compiling tower-layer v0.3.3
2026-10-06T16:26:11.2887500Z    Compiling data-encoding v2.11.1
2026-10-06T16:26:11.3431735Z    Compiling httpdate v1.0.3
2026-10-06T16:26:11.4870074Z    Compiling smallvec v1.16.2
2026-10-06T16:26:11.6351813Z    Compiling atomic-waker v1.1.2
2026-10-06T16:26:11.6877198Z    Compiling log v0.4.34
2026-10-06T16:26:11.7967219Z    Compiling tungstenite v0.29.0
2026-10-06T16:26:12.0718400Z    Compiling hyper v1.11.1
2026-10-06T16:26:12.7623304Z    Compiling form_urlencoded v1.2.2
2026-10-06T16:26:12.8378110Z    Compiling http-body-util v0.1.5
2026-10-06T16:26:12.8587076Z    Compiling mime v0.3.17
2026-10-06T16:26:13.0255538Z    Compiling ryu v1.0.23
2026-10-06T16:26:13.0587261Z    Compiling axum-core v0.5.6
2026-10-06T16:26:13.1497303Z    Compiling serde_urlencoded v0.7.1
2026-10-06T16:26:13.2947260Z    Compiling rmp-serde v1.3.1
2026-10-06T16:26:13.3337439Z    Compiling hyper-util v0.1.21
2026-10-06T16:26:13.5577274Z    Compiling tokio-tungstenite v0.29.0
2026-10-06T16:26:13.6585815Z    Compiling ts-rs v12.0.1
2026-10-06T16:26:13.7477453Z    Compiling tower v0.5.3
2026-10-06T16:26:14.0728021Z    Compiling serde_path_to_error v0.1.20
2026-10-06T16:26:14.3727208Z    Compiling matchit v0.8.4
2026-10-06T16:26:14.3848139Z    Compiling oh_server v0.1.0 (/home/runner/work/OpenHOI4/OpenHOI4/crates/oh_server)
2026-10-06T16:26:14.4777843Z    Compiling base64 v0.22.1
2026-10-06T16:26:14.6617902Z    Compiling axum v0.8.9
2026-10-06T16:26:16.4757919Z    Compiling oh_core v0.1.0 (/home/runner/work/OpenHOI4/OpenHOI4/crates/oh_core)
2026-10-06T16:26:16.6147194Z    Compiling oh_data v0.1.0 (/home/runner/work/OpenHOI4/OpenHOI4/crates/oh_data)
2026-10-06T16:26:17.2458093Z    Compiling oh_sim v0.1.0 (/home/runner/work/OpenHOI4/OpenHOI4/crates/oh_sim)
2026-10-06T16:26:17.6208772Z    Compiling oh_save v0.1.0 (/home/runner/work/OpenHOI4/OpenHOI4/crates/oh_save)
2026-10-06T16:26:17.6547602Z    Compiling oh_ai v0.1.0 (/home/runner/work/OpenHOI4/OpenHOI4/crates/oh_ai)
2026-10-06T16:26:17.6877881Z    Compiling oh_proto v0.1.0 (/home/runner/work/OpenHOI4/OpenHOI4/crates/oh_proto)
2026-10-06T16:26:20.3484177Z     Finished `dev` profile [unoptimized + debuginfo] target(s) in 18.33s
2026-10-06T16:26:20.3651590Z ##[group]Run npx playwright install --with-deps chromium firefox webkit
2026-10-06T16:26:20.3652138Z [36;1mnpx playwright install --with-deps chromium firefox webkit[0m
2026-10-06T16:26:20.3652514Z [36;1mnpm run test:e2e[0m
2026-10-06T16:26:20.3713412Z shell: /usr/bin/bash -e {0}
2026-10-06T16:26:20.3713668Z env:
2026-10-06T16:26:20.3713887Z   OH_E2E_EVIDENCE: ../target/wp09/ci/m0-e2e
2026-10-06T16:26:20.3714231Z   OH_MALFORMED_EVIDENCE: ../target/wp09/ci/m0-malformed
2026-10-06T16:26:20.3714622Z ##[endgroup]
2026-10-06T16:26:21.0791937Z Installing dependencies...
2026-10-06T16:26:21.0875406Z Switching to root user to install dependencies...
2026-10-06T16:26:21.1687578Z Get:1 file:/etc/apt/apt-mirrors.txt Mirrorlist [144 B]
2026-10-06T16:26:21.1975039Z Hit:2 http://azure.archive.ubuntu.com/ubuntu noble InRelease
2026-10-06T16:26:21.1983835Z Get:6 https://packages.microsoft.com/ubuntu/24.04/prod noble InRelease [3600 B]
2026-10-06T16:26:21.1996527Z Get:3 http://azure.archive.ubuntu.com/ubuntu noble-updates InRelease [126 kB]
2026-10-06T16:26:21.2022711Z Get:4 http://azure.archive.ubuntu.com/ubuntu noble-backports InRelease [126 kB]
2026-10-06T16:26:21.2047770Z Get:5 http://azure.archive.ubuntu.com/ubuntu noble-security InRelease [126 kB]
2026-10-06T16:26:21.3187755Z Get:7 https://packages.microsoft.com/ubuntu/24.04/prod noble/main arm64 Packages [458 kB]
2026-10-06T16:26:21.3330125Z Get:8 https://packages.microsoft.com/ubuntu/24.04/prod noble/main amd64 Packages [515 kB]
2026-10-06T16:26:21.3387900Z Get:9 https://packages.microsoft.com/ubuntu/24.04/prod noble/main armhf Packages [12.6 kB]
2026-10-06T16:26:21.3655832Z Get:10 http://azure.archive.ubuntu.com/ubuntu noble-updates/main amd64 Packages [1374 kB]
2026-10-06T16:26:21.3727459Z Get:11 http://azure.archive.ubuntu.com/ubuntu noble-updates/main Translation-en [306 kB]
2026-10-06T16:26:21.3751599Z Get:12 http://azure.archive.ubuntu.com/ubuntu noble-updates/main amd64 Components [181 kB]
2026-10-06T16:26:21.3764777Z Get:13 http://azure.archive.ubuntu.com/ubuntu noble-updates/universe amd64 Packages [1700 kB]
2026-10-06T16:26:21.3857757Z Get:14 http://azure.archive.ubuntu.com/ubuntu noble-updates/universe Translation-en [341 kB]
2026-10-06T16:26:21.3887576Z Get:15 http://azure.archive.ubuntu.com/ubuntu noble-updates/universe amd64 Components [388 kB]
2026-10-06T16:26:21.3917226Z Get:16 http://azure.archive.ubuntu.com/ubuntu noble-updates/restricted amd64 Packages [1730 kB]
2026-10-06T16:26:21.3996681Z Get:17 http://azure.archive.ubuntu.com/ubuntu noble-updates/restricted Translation-en [396 kB]
2026-10-06T16:26:21.4023147Z Get:18 http://azure.archive.ubuntu.com/ubuntu noble-updates/multiverse Translation-en [13.3 kB]
2026-10-06T16:26:21.4032906Z Get:19 http://azure.archive.ubuntu.com/ubuntu noble-updates/multiverse amd64 Components [940 B]
2026-10-06T16:26:21.4726913Z Get:20 http://azure.archive.ubuntu.com/ubuntu noble-backports/main amd64 Components [5764 B]
2026-10-06T16:26:21.4735818Z Get:21 http://azure.archive.ubuntu.com/ubuntu noble-backports/universe amd64 Components [12.6 kB]
2026-10-06T16:26:21.4747381Z Get:22 http://azure.archive.ubuntu.com/ubuntu noble-security/main amd64 Packages [1072 kB]
2026-10-06T16:26:21.4799845Z Get:23 http://azure.archive.ubuntu.com/ubuntu noble-security/main Translation-en [222 kB]
2026-10-06T16:26:21.4815298Z Get:24 http://azure.archive.ubuntu.com/ubuntu noble-security/main amd64 Components [46.4 kB]
2026-10-06T16:26:21.4824461Z Get:25 http://azure.archive.ubuntu.com/ubuntu noble-security/universe amd64 Packages [1217 kB]
2026-10-06T16:26:21.4883055Z Get:26 http://azure.archive.ubuntu.com/ubuntu noble-security/universe Translation-en [245 kB]
2026-10-06T16:26:21.4899944Z Get:27 http://azure.archive.ubuntu.com/ubuntu noble-security/universe amd64 Components [76.3 kB]
2026-10-06T16:26:21.4909624Z Get:28 http://azure.archive.ubuntu.com/ubuntu noble-security/restricted amd64 Packages [1566 kB]
2026-10-06T16:26:21.4982885Z Get:29 http://azure.archive.ubuntu.com/ubuntu noble-security/restricted Translation-en [361 kB]
2026-10-06T16:26:21.5005138Z Get:30 http://azure.archive.ubuntu.com/ubuntu noble-security/multiverse Translation-en [11.6 kB]
2026-10-06T16:26:26.1124429Z Fetched 12.6 MB in 1s (9478 kB/s)
2026-10-06T16:26:26.9110764Z Reading package lists...
2026-10-06T16:26:26.9344297Z Reading package lists...
2026-10-06T16:26:27.0901840Z Building dependency tree...
2026-10-06T16:26:27.0909145Z Reading state information...
2026-10-06T16:26:27.1037629Z libasound2t64 is already the newest version (1.2.11-1ubuntu0.3).
2026-10-06T16:26:27.1041313Z libasound2t64 set to manually installed.
2026-10-06T16:26:27.1042169Z libatk-bridge2.0-0t64 is already the newest version (2.52.0-1build1).
2026-10-06T16:26:27.1043001Z libatk-bridge2.0-0t64 set to manually installed.
2026-10-06T16:26:27.1043798Z libatk1.0-0t64 is already the newest version (2.52.0-1build1).
2026-10-06T16:26:27.1044553Z libatk1.0-0t64 set to manually installed.
2026-10-06T16:26:27.1045320Z libatspi2.0-0t64 is already the newest version (2.52.0-1build1).
2026-10-06T16:26:27.1046390Z libatspi2.0-0t64 set to manually installed.
2026-10-06T16:26:27.1047145Z libcairo2 is already the newest version (1.18.0-3build1).
2026-10-06T16:26:27.1047828Z libcairo2 set to manually installed.
2026-10-06T16:26:27.1048580Z libcups2t64 is already the newest version (2.4.7-1.2ubuntu7.14).
2026-10-06T16:26:27.1049315Z libcups2t64 set to manually installed.
2026-10-06T16:26:27.1050055Z libdbus-1-3 is already the newest version (1.14.10-4ubuntu4.1).
2026-10-06T16:26:27.1050769Z libdbus-1-3 set to manually installed.
2026-10-06T16:26:27.1051521Z libdrm2 is already the newest version (2.4.125-1ubuntu0.1~24.04.2).
2026-10-06T16:26:27.1052247Z libdrm2 set to manually installed.
2026-10-06T16:26:27.1052979Z libglib2.0-0t64 is already the newest version (2.80.0-6ubuntu3.9).
2026-10-06T16:26:27.1054117Z libglib2.0-0t64 set to manually installed.
2026-10-06T16:26:27.1054860Z libnspr4 is already the newest version (2:4.35-1.1build1).
2026-10-06T16:26:27.1055540Z libnspr4 set to manually installed.
2026-10-06T16:26:27.1056406Z libnss3 is already the newest version (2:3.98-1ubuntu0.2).
2026-10-06T16:26:27.1057078Z libnss3 set to manually installed.
2026-10-06T16:26:27.1057798Z libpango-1.0-0 is already the newest version (1.52.1+ds-1build1).
2026-10-06T16:26:27.1058535Z libpango-1.0-0 set to manually installed.
2026-10-06T16:26:27.1059244Z libx11-6 is already the newest version (2:1.8.7-1build1).
2026-10-06T16:26:27.1059899Z libx11-6 set to manually installed.
2026-10-06T16:26:27.1060541Z libxcb1 is already the newest version (1.15-1ubuntu2).
2026-10-06T16:26:27.1061186Z libxcb1 set to manually installed.
2026-10-06T16:26:27.1061912Z libxcomposite1 is already the newest version (1:0.4.5-1build3).
2026-10-06T16:26:27.1062654Z libxcomposite1 set to manually installed.
2026-10-06T16:26:27.1063409Z libxdamage1 is already the newest version (1:1.1.6-1build1).
2026-10-06T16:26:27.1064107Z libxdamage1 set to manually installed.
2026-10-06T16:26:27.1064809Z libxext6 is already the newest version (2:1.3.4-1build2).
2026-10-06T16:26:27.1065534Z libxext6 set to manually installed.
2026-10-06T16:26:27.1066384Z libxfixes3 is already the newest version (1:6.0.0-2build1).
2026-10-06T16:26:27.1067073Z libxfixes3 set to manually installed.
2026-10-06T16:26:27.1067789Z libxkbcommon0 is already the newest version (1.6.0-1build1).
2026-10-06T16:26:27.1068503Z libxkbcommon0 set to manually installed.
2026-10-06T16:26:27.1069231Z libxrandr2 is already the newest version (2:1.5.2-2build1).
2026-10-06T16:26:27.1069914Z libxrandr2 set to manually installed.
2026-10-06T16:26:27.1070611Z xvfb is already the newest version (2:21.1.12-1ubuntu1.8).
2026-10-06T16:26:27.1071584Z fonts-noto-color-emoji is already the newest version (2.047-0ubuntu0.24.04.1).
2026-10-06T16:26:27.1072610Z libfontconfig1 is already the newest version (2.15.0-1.1ubuntu2).
2026-10-06T16:26:27.1073379Z libfontconfig1 set to manually installed.
2026-10-06T16:26:27.1074065Z fonts-liberation is already the newest version (1:2.1.5-3).
2026-10-06T16:26:27.1074909Z fonts-liberation set to manually installed.
2026-10-06T16:26:27.1075628Z libcairo-gobject2 is already the newest version (1.18.0-3build1).
2026-10-06T16:26:27.1076556Z libcairo-gobject2 set to manually installed.
2026-10-06T16:26:27.1077384Z libgdk-pixbuf-2.0-0 is already the newest version (2.42.10+dfsg-3ubuntu3.3).
2026-10-06T16:26:27.1078133Z libgdk-pixbuf-2.0-0 set to manually installed.
2026-10-06T16:26:27.1078829Z libgtk-3-0t64 is already the newest version (3.24.41-4ubuntu1.3).
2026-10-06T16:26:27.1079434Z libgtk-3-0t64 set to manually installed.
2026-10-06T16:26:27.1080095Z libpangocairo-1.0-0 is already the newest version (1.52.1+ds-1build1).
2026-10-06T16:26:27.1080781Z libpangocairo-1.0-0 set to manually installed.
2026-10-06T16:26:27.1081433Z libx11-xcb1 is already the newest version (2:1.8.7-1build1).
2026-10-06T16:26:27.1082028Z libx11-xcb1 set to manually installed.
2026-10-06T16:26:27.1082620Z libxcb-shm0 is already the newest version (1.15-1ubuntu2).
2026-10-06T16:26:27.1083198Z libxcb-shm0 set to manually installed.
2026-10-06T16:26:27.1083789Z libxcursor1 is already the newest version (1:1.2.1-1build1).
2026-10-06T16:26:27.1084373Z libxcursor1 set to manually installed.
2026-10-06T16:26:27.1084920Z libxi6 is already the newest version (2:1.8.1-1build1).
2026-10-06T16:26:27.1085539Z libxi6 set to manually installed.
2026-10-06T16:26:27.1086363Z libxrender1 is already the newest version (1:0.9.10-1.1build1).
2026-10-06T16:26:27.1086988Z libxrender1 set to manually installed.
2026-10-06T16:26:27.1087587Z libicu74 is already the newest version (74.2-1ubuntu3.1).
2026-10-06T16:26:27.1088339Z libatomic1 is already the newest version (14.2.0-4ubuntu2~24.04.1).
2026-10-06T16:26:27.1088968Z libatomic1 set to manually installed.
2026-10-06T16:26:27.1089599Z libenchant-2-2 is already the newest version (2.3.3-2build2).
2026-10-06T16:26:27.1090460Z libenchant-2-2 set to manually installed.
2026-10-06T16:26:27.1091102Z libepoxy0 is already the newest version (1.5.10-1build1).
2026-10-06T16:26:27.1091762Z libepoxy0 set to manually installed.
2026-10-06T16:26:27.1092433Z libgstreamer1.0-0 is already the newest version (1.24.2-1ubuntu0.1).
2026-10-06T16:26:27.1093088Z libgstreamer1.0-0 set to manually installed.
2026-10-06T16:26:27.1093733Z libharfbuzz0b is already the newest version (8.3.0-2build2).
2026-10-06T16:26:27.1094339Z libharfbuzz0b set to manually installed.
2026-10-06T16:26:27.1094985Z libjpeg-turbo8 is already the newest version (2.1.5-2ubuntu2).
2026-10-06T16:26:27.1095659Z libjpeg-turbo8 set to manually installed.
2026-10-06T16:26:27.1096523Z liblcms2-2 is already the newest version (2.14-2ubuntu0.1).
2026-10-06T16:26:27.2291366Z liblcms2-2 set to manually installed.
2026-10-06T16:26:27.2292218Z libpng16-16t64 is already the newest version (1.6.43-5ubuntu0.6).
2026-10-06T16:26:27.2293091Z libpng16-16t64 set to manually installed.
2026-10-06T16:26:27.2294046Z libwayland-client0 is already the newest version (1.22.0-2.1build1).
2026-10-06T16:26:27.2294886Z libwayland-client0 set to manually installed.
2026-10-06T16:26:27.2295784Z libwayland-egl1 is already the newest version (1.22.0-2.1build1).
2026-10-06T16:26:27.2296781Z libwayland-egl1 set to manually installed.
2026-10-06T16:26:27.2297492Z libwebp7 is already the newest version (1.3.2-0.4build3).
2026-10-06T16:26:27.2298195Z libwebp7 set to manually installed.
2026-10-06T16:26:27.2298912Z libwebpdemux2 is already the newest version (1.3.2-0.4build3).
2026-10-06T16:26:27.2299608Z libwebpdemux2 set to manually installed.
2026-10-06T16:26:27.2300374Z libxml2 is already the newest version (2.9.14+dfsg-1.3ubuntu3.9).
2026-10-06T16:26:27.2301083Z libxml2 set to manually installed.
2026-10-06T16:26:27.2301932Z libxslt1.1 is already the newest version (1.1.39-0exp1ubuntu0.24.04.3).
2026-10-06T16:26:27.2302694Z libxslt1.1 set to manually installed.
2026-10-06T16:26:27.2303458Z The following additional packages will be installed:
2026-10-06T16:26:27.2304270Z   glib-networking glib-networking-common glib-networking-services
2026-10-06T16:26:27.2305692Z   gsettings-desktop-schemas libaa1 libabsl20220623t64 libass9 libasyncns0
2026-10-06T16:26:27.2306774Z   libavc1394-0 libavfilter9 libavformat60 libavtp0 libavutil58 libblas3
2026-10-06T16:26:27.2307344Z   libbluray2 libbs2b0 libcaca0 libcairo-script-interpreter2 libcdparanoia0
2026-10-06T16:26:27.2307909Z   libchromaprint1 libcjson1 libcodec2-1.2 libdav1d7 libdc1394-25 libdca0
2026-10-06T16:26:27.2308435Z   libde265-0 libdecor-0-0 libdirectfb-1.7-7t64 libdv4t64 libdvdnav4
2026-10-06T16:26:27.2309176Z   libdvdread8t64 libegl-mesa0 libegl1 libevent-core-2.1-7t64
2026-10-06T16:26:27.2309745Z   libevent-pthreads-2.1-7t64 libfaad2 libflac12t64 libfluidsynth3 libfreeaptx0
2026-10-06T16:26:27.2310324Z   libgav1-1 libgl1-mesa-dri libglx-mesa0 libgme0 libgraphene-1.0-0 libgsm1
2026-10-06T16:26:27.2310900Z   libgssdp-1.6-0 libgstreamer-plugins-good1.0-0 libgtk-4-common libgupnp-1.6-0
2026-10-06T16:26:27.2311446Z   libgupnp-igd-1.6-0 libhwy1t64 libiec61883-0 libimath-3-1-29t64
2026-10-06T16:26:27.2312007Z   libinstpatch-1.0-2 libjack-jackd2-0 libjxl0.7 liblapack3 liblc3-1
2026-10-06T16:26:27.2312686Z   libldacbt-enc2 liblilv-0-0 liblrdf0 libltc11 libmbedcrypto7t64 libmfx1
2026-10-06T16:26:27.2313186Z   libmjpegutils-2.1-0t64 libmodplug1 libmp3lame0 libmpcdec6
2026-10-06T16:26:27.2313663Z   libmpeg2encpp-2.1-0t64 libmpg123-0t64 libmplex2-2.1-0t64 libmysofa1
2026-10-06T16:26:27.2314224Z   libneon27t64 libnice10 libopenal-data libopenal1 libopenexr-3-1-30
2026-10-06T16:26:27.2315026Z   libopenh264-7 libopenmpt0t64 libopenni2-0 liborc-0.4-0t64
2026-10-06T16:26:27.2315864Z   libpipewire-0.3-0t64 libplacebo338 libpocketsphinx3 libpostproc57
2026-10-06T16:26:27.2317087Z   libproxy1v5 libpulse0 libqrencode4 libraptor2-0 librav1e0 libraw1394-11
2026-10-06T16:26:27.2317846Z   librist4 librsvg2-2 librubberband2 libsamplerate0 libsbc1 libsdl2-2.0-0
2026-10-06T16:26:27.2318798Z   libsecret-common libserd-0-0 libshine3 libshout3 libsndfile1 libsndio7.0
2026-10-06T16:26:27.2319484Z   libsord-0-0 libsoundtouch1 libsoup-3.0-0 libsoup-3.0-common libsoxr0
2026-10-06T16:26:27.2320519Z   libspa-0.2-modules libspandsp2t64 libspeex1 libsphinxbase3t64 libsratom-0-0
2026-10-06T16:26:27.2321522Z   libsrt1.5-gnutls libsrtp2-1 libssh-gcrypt-4 libsvtav1enc1d1 libswresample4
2026-10-06T16:26:27.2322130Z   libswscale7 libtag1v5 libtag1v5-vanilla libtheora0 libtwolame0 libudfread0
2026-10-06T16:26:27.2322690Z   libunibreak5 libv4l-0t64 libv4lconvert0t64 libva-drm2 libva-x11-2 libva2
2026-10-06T16:26:27.2323229Z   libvdpau1 libvidstab1.1 libvisual-0.4-0 libvo-aacenc0 libvo-amrwbenc0
2026-10-06T16:26:27.2323884Z   libvorbisenc2 libvpl2 libwavpack1 libwebrtc-audio-processing1 libwildmidi2
2026-10-06T16:26:27.2324921Z   libx265-199 libxcb-xkb1 libxkbcommon-x11-0 libxvidcore4 libyuv0 libzbar0t64
2026-10-06T16:26:27.2325985Z   libzimg2 libzix-0-0 libzvbi-common libzvbi0t64 libzxing3 mesa-libgallium
2026-10-06T16:26:27.2327235Z   ocl-icd-libopencl1 session-migration timgm6mb-soundfont xfonts-encodings
2026-10-06T16:26:27.2327954Z   xfonts-utils
2026-10-06T16:26:27.2328376Z Suggested packages:
2026-10-06T16:26:27.2329067Z   frei0r-plugins gvfs libcuda1 libnvcuvid1 libnvidia-encode1 libbluray-bdj
2026-10-06T16:26:27.2330056Z   libdirectfb-extra libdv-bin oss-compat libdvdcss2 libvisual-0.4-plugins
2026-10-06T16:26:27.2331009Z   jackd2 liblrdf0-dev libportaudio2 opus-tools pipewire pulseaudio
2026-10-06T16:26:27.2331920Z   raptor2-utils libraw1394-doc librsvg2-bin serdi sndiod sordi speex
2026-10-06T16:26:27.2332721Z   libwildmidi-config opencl-icd fluid-soundfont-gm
2026-10-06T16:26:27.2333316Z Recommended packages:
2026-10-06T16:26:27.2333943Z   fonts-ipafont-mincho fonts-tlwg-loma gstreamer1.0-x libaacs0
2026-10-06T16:26:27.2334829Z   default-libdecor-0-plugin-1 | libdecor-0-plugin-1 gstreamer1.0-gl
2026-10-06T16:26:27.2335835Z   libgtk-4-bin librsvg2-common libgtk-4-media-gstreamer libpipewire-0.3-common
2026-10-06T16:26:27.2337139Z   pocketsphinx-en-us va-driver-all | va-driver vdpau-driver-all | vdpau-driver
2026-10-06T16:26:27.2337908Z   libmagickcore-6.q16-7-extra
2026-10-06T16:26:27.2941788Z The following NEW packages will be installed:
2026-10-06T16:26:27.2942776Z   fonts-freefont-ttf fonts-ipafont-gothic fonts-tlwg-loma-otf fonts-unifont
2026-10-06T16:26:27.2943751Z   fonts-wqy-zenhei glib-networking glib-networking-common
2026-10-06T16:26:27.2944732Z   glib-networking-services gsettings-desktop-schemas gstreamer1.0-libav
2026-10-06T16:26:27.2945866Z   gstreamer1.0-plugins-bad gstreamer1.0-plugins-base gstreamer1.0-plugins-good
2026-10-06T16:26:27.2947187Z   libaa1 libabsl20220623t64 libass9 libasyncns0 libavc1394-0 libavcodec60
2026-10-06T16:26:27.2948167Z   libavfilter9 libavformat60 libavif16 libavtp0 libavutil58 libblas3
2026-10-06T16:26:27.2949200Z   libbluray2 libbs2b0 libcaca0 libcairo-script-interpreter2 libcdparanoia0
2026-10-06T16:26:27.2950228Z   libchromaprint1 libcjson1 libcodec2-1.2 libdav1d7 libdc1394-25 libdca0
2026-10-06T16:26:27.2951205Z   libde265-0 libdecor-0-0 libdirectfb-1.7-7t64 libdv4t64 libdvdnav4
2026-10-06T16:26:27.2952165Z   libdvdread8t64 libegl-mesa0 libegl1 libevent-2.1-7t64 libfaad2 libflac12t64
2026-10-06T16:26:27.2953117Z   libflite1 libfluidsynth3 libfreeaptx0 libgav1-1 libgles2 libgme0
2026-10-06T16:26:27.2953993Z   libgraphene-1.0-0 libgsm1 libgssdp-1.6-0 libgstreamer-gl1.0-0
2026-10-06T16:26:27.2954888Z   libgstreamer-plugins-bad1.0-0 libgstreamer-plugins-base1.0-0
2026-10-06T16:26:27.2955834Z   libgstreamer-plugins-good1.0-0 libgtk-4-1 libgtk-4-common libgupnp-1.6-0
2026-10-06T16:26:27.2957024Z   libgupnp-igd-1.6-0 libharfbuzz-icu0 libhwy1t64 libhyphen0 libiec61883-0
2026-10-06T16:26:27.2958028Z   libimath-3-1-29t64 libinstpatch-1.0-2 libjack-jackd2-0 libjxl0.7 liblapack3
2026-10-06T16:26:27.2959003Z   liblc3-1 libldacbt-enc2 liblilv-0-0 liblrdf0 libltc11 libmanette-0.2-0
2026-10-06T16:26:27.2960060Z   libmbedcrypto7t64 libmfx1 libmjpegutils-2.1-0t64 libmodplug1 libmp3lame0
2026-10-06T16:26:27.2961340Z   libmpcdec6 libmpeg2encpp-2.1-0t64 libmpg123-0t64 libmplex2-2.1-0t64
2026-10-06T16:26:27.2962361Z   libmysofa1 libneon27t64 libnice10 libopenal-data libopenal1
2026-10-06T16:26:27.2963218Z   libopenexr-3-1-30 libopenh264-7 libopenmpt0t64 libopenni2-0 libopus0
2026-10-06T16:26:27.2964137Z   liborc-0.4-0t64 libpipewire-0.3-0t64 libplacebo338 libpocketsphinx3
2026-10-06T16:26:27.2965105Z   libpostproc57 libproxy1v5 libpulse0 libqrencode4 libraptor2-0 librav1e0
2026-10-06T16:26:27.2966235Z   libraw1394-11 librist4 librsvg2-2 librubberband2 libsamplerate0 libsbc1
2026-10-06T16:26:27.2967298Z   libsdl2-2.0-0 libsecret-1-0 libsecret-common libserd-0-0 libshine3 libshout3
2026-10-06T16:26:27.2968288Z   libsndfile1 libsndio7.0 libsord-0-0 libsoundtouch1 libsoup-3.0-0
2026-10-06T16:26:27.2969225Z   libsoup-3.0-common libsoxr0 libspa-0.2-modules libspandsp2t64 libspeex1
2026-10-06T16:26:27.2970200Z   libsphinxbase3t64 libsratom-0-0 libsrt1.5-gnutls libsrtp2-1 libssh-gcrypt-4
2026-10-06T16:26:27.2971255Z   libsvtav1enc1d1 libswresample4 libswscale7 libtag1v5 libtag1v5-vanilla
2026-10-06T16:26:27.2972207Z   libtheora0 libtwolame0 libudfread0 libunibreak5 libv4l-0t64
2026-10-06T16:26:27.2973160Z   libv4lconvert0t64 libva-drm2 libva-x11-2 libva2 libvdpau1 libvidstab1.1
2026-10-06T16:26:27.2974159Z   libvisual-0.4-0 libvo-aacenc0 libvo-amrwbenc0 libvorbisenc2 libvpl2 libvpx9
2026-10-06T16:26:27.2975150Z   libwavpack1 libwayland-server0 libwebrtc-audio-processing1 libwildmidi2
2026-10-06T16:26:27.2976307Z   libwoff1 libx264-164 libx265-199 libxcb-xkb1 libxkbcommon-x11-0 libxvidcore4
2026-10-06T16:26:27.2977309Z   libyuv0 libzbar0t64 libzimg2 libzix-0-0 libzvbi-common libzvbi0t64 libzxing3
2026-10-06T16:26:27.2978307Z   ocl-icd-libopencl1 session-migration timgm6mb-soundfont xfonts-cyrillic
2026-10-06T16:26:27.2979119Z   xfonts-encodings xfonts-scalable xfonts-utils
2026-10-06T16:26:27.2979767Z The following packages will be upgraded:
2026-10-06T16:26:27.2980534Z   libevent-core-2.1-7t64 libevent-pthreads-2.1-7t64 libfreetype6 libgbm1
2026-10-06T16:26:27.2981323Z   libgl1-mesa-dri libglx-mesa0 mesa-libgallium
2026-10-06T16:26:27.3182821Z 7 upgraded, 181 newly installed, 0 to remove and 22 not upgraded.
2026-10-06T16:26:27.3183636Z Need to get 126 MB of archives.
2026-10-06T16:26:27.3184419Z After this operation, 364 MB of additional disk space will be used.
2026-10-06T16:26:27.3185285Z Get:1 file:/etc/apt/apt-mirrors.txt Mirrorlist [144 B]
2026-10-06T16:26:27.4094152Z Get:2 http://azure.archive.ubuntu.com/ubuntu noble/universe amd64 fonts-ipafont-gothic all 00303-21ubuntu1 [3513 kB]
2026-10-06T16:26:27.9748332Z Get:3 http://azure.archive.ubuntu.com/ubuntu noble/main amd64 fonts-freefont-ttf all 20211204+svn4273-2 [5641 kB]
2026-10-06T16:26:28.1797716Z Get:4 http://azure.archive.ubuntu.com/ubuntu noble/universe amd64 fonts-tlwg-loma-otf all 1:0.7.3-1 [107 kB]
2026-10-06T16:26:28.2576978Z Get:5 http://azure.archive.ubuntu.com/ubuntu noble/universe amd64 fonts-unifont all 1:15.1.01-1build1 [2993 kB]
2026-10-06T16:26:28.3901594Z Get:6 http://azure.archive.ubuntu.com/ubuntu noble/universe amd64 fonts-wqy-zenhei all 0.9.45-8 [7472 kB]
2026-10-06T16:26:28.6219748Z Get:7 http://azure.archive.ubuntu.com/ubuntu noble/main amd64 libproxy1v5 amd64 0.5.4-4build1 [26.5 kB]
2026-10-06T16:26:28.6938249Z Get:8 http://azure.archive.ubuntu.com/ubuntu noble/main amd64 glib-networking-common all 2.80.0-1build1 [6702 B]
2026-10-06T16:26:28.7631672Z Get:9 http://azure.archive.ubuntu.com/ubuntu noble/main amd64 glib-networking-services amd64 2.80.0-1build1 [12.8 kB]
2026-10-06T16:26:28.8322784Z Get:10 http://azure.archive.ubuntu.com/ubuntu noble/main amd64 session-migration amd64 0.3.9build1 [9034 B]
2026-10-06T16:26:28.9014226Z Get:11 http://azure.archive.ubuntu.com/ubuntu noble-updates/main amd64 gsettings-desktop-schemas all 46.1-0ubuntu1 [35.6 kB]
2026-10-06T16:26:28.9752606Z Get:12 http://azure.archive.ubuntu.com/ubuntu noble/main amd64 glib-networking amd64 2.80.0-1build1 [64.1 kB]
2026-10-06T16:26:29.0494556Z Get:13 http://azure.archive.ubuntu.com/ubuntu noble-updates/universe amd64 libva2 amd64 2.20.0-2ubuntu0.2 [66.4 kB]
2026-10-06T16:26:29.1238064Z Get:14 http://azure.archive.ubuntu.com/ubuntu noble-updates/universe amd64 libva-drm2 amd64 2.20.0-2ubuntu0.2 [7124 B]
2026-10-06T16:26:29.1975651Z Get:15 http://azure.archive.ubuntu.com/ubuntu noble-updates/universe amd64 libva-x11-2 amd64 2.20.0-2ubuntu0.2 [12.0 kB]
2026-10-06T16:26:29.2713960Z Get:16 http://azure.archive.ubuntu.com/ubuntu noble/main amd64 libvdpau1 amd64 1.5-2build1 [27.8 kB]
2026-10-06T16:26:29.3464110Z Get:17 http://azure.archive.ubuntu.com/ubuntu noble/universe amd64 libvpl2 amd64 2023.3.0-1build1 [99.8 kB]
2026-10-06T16:26:29.4211010Z Get:18 http://azure.archive.ubuntu.com/ubuntu noble/universe amd64 ocl-icd-libopencl1 amd64 2.3.2-1build1 [38.5 kB]
2026-10-06T16:26:29.4950522Z Get:19 http://azure.archive.ubuntu.com/ubuntu noble/universe amd64 libavutil58 amd64 7:6.1.1-3ubuntu5 [401 kB]
2026-10-06T16:26:29.5777687Z Get:20 http://azure.archive.ubuntu.com/ubuntu noble/universe amd64 libcodec2-1.2 amd64 1.2.0-2build1 [8998 kB]
2026-10-06T16:26:29.8665493Z Get:21 http://azure.archive.ubuntu.com/ubuntu noble/universe amd64 libdav1d7 amd64 1.4.1-1build1 [604 kB]
2026-10-06T16:26:29.9533234Z Get:22 http://azure.archive.ubuntu.com/ubuntu noble/universe amd64 libgsm1 amd64 1.0.22-1build1 [27.8 kB]
2026-10-06T16:26:30.0275427Z Get:23 http://azure.archive.ubuntu.com/ubuntu noble/universe amd64 libhwy1t64 amd64 1.0.7-8.1build1 [584 kB]
2026-10-06T16:26:30.1142965Z Get:24 http://azure.archive.ubuntu.com/ubuntu noble-updates/universe amd64 libjxl0.7 amd64 0.7.0-10.2ubuntu6.1 [1001 kB]
2026-10-06T16:26:30.2073245Z Get:25 http://azure.archive.ubuntu.com/ubuntu noble/main amd64 libmp3lame0 amd64 3.100-6build1 [142 kB]
2026-10-06T16:26:30.2784614Z Get:26 http://azure.archive.ubuntu.com/ubuntu noble/main amd64 libopus0 amd64 1.4-1build1 [208 kB]
2026-10-06T16:26:30.3511658Z Get:27 http://azure.archive.ubuntu.com/ubuntu noble/universe amd64 librav1e0 amd64 0.7.1-2 [1022 kB]
2026-10-06T16:26:30.4422316Z Get:28 http://azure.archive.ubuntu.com/ubuntu noble/main amd64 librsvg2-2 amd64 2.58.0+dfsg-1build1 [2135 kB]
2026-10-06T16:26:30.5561831Z Get:29 http://azure.archive.ubuntu.com/ubuntu noble/universe amd64 libshine3 amd64 3.1.1-2build1 [23.2 kB]
2026-10-06T16:26:30.6250452Z Get:30 http://azure.archive.ubuntu.com/ubuntu noble-updates/main amd64 libspeex1 amd64 1.2.1-2ubuntu2.24.04.1 [59.6 kB]
2026-10-06T16:26:30.6961106Z Get:31 http://azure.archive.ubuntu.com/ubuntu noble/universe amd64 libsvtav1enc1d1 amd64 1.7.0+dfsg-2build1 [2425 kB]
2026-10-06T16:26:30.8622485Z Get:32 http://azure.archive.ubuntu.com/ubuntu noble/universe amd64 libsoxr0 amd64 0.1.3-4build3 [80.0 kB]
2026-10-06T16:26:30.9323857Z Get:33 http://azure.archive.ubuntu.com/ubuntu noble/universe amd64 libswresample4 amd64 7:6.1.1-3ubuntu5 [63.8 kB]
2026-10-06T16:26:31.0017182Z Get:34 http://azure.archive.ubuntu.com/ubuntu noble/main amd64 libtheora0 amd64 1.1.1+dfsg.1-16.1build3 [211 kB]
2026-10-06T16:26:31.0771605Z Get:35 http://azure.archive.ubuntu.com/ubuntu noble/main amd64 libtwolame0 amd64 0.4.0-2build3 [52.3 kB]
2026-10-06T16:26:31.1464643Z Get:36 http://azure.archive.ubuntu.com/ubuntu noble/main amd64 libvorbisenc2 amd64 1.3.7-1build3 [80.8 kB]
2026-10-06T16:26:31.2208584Z Get:37 http://azure.archive.ubuntu.com/ubuntu noble-updates/main amd64 libvpx9 amd64 1.14.0-1ubuntu2.3 [1143 kB]
2026-10-06T16:26:31.3203660Z Get:38 http://azure.archive.ubuntu.com/ubuntu noble/universe amd64 libx264-164 amd64 2:0.164.3108+git31e19f9-1 [604 kB]
2026-10-06T16:26:31.4069547Z Get:39 http://azure.archive.ubuntu.com/ubuntu noble/universe amd64 libx265-199 amd64 3.5-2build1 [1226 kB]
2026-10-06T16:26:31.5082338Z Get:40 http://azure.archive.ubuntu.com/ubuntu noble/universe amd64 libxvidcore4 amd64 2:1.3.7-1build1 [219 kB]
2026-10-06T16:26:31.5858887Z Get:41 http://azure.archive.ubuntu.com/ubuntu noble/universe amd64 libzvbi-common all 0.2.42-2 [42.4 kB]
2026-10-06T16:26:31.6599361Z Get:42 http://azure.archive.ubuntu.com/ubuntu noble/universe amd64 libzvbi0t64 amd64 0.2.42-2 [261 kB]
2026-10-06T16:26:31.7390893Z Get:43 http://azure.archive.ubuntu.com/ubuntu noble/universe amd64 libavcodec60 amd64 7:6.1.1-3ubuntu5 [5851 kB]
2026-10-06T16:26:31.9509092Z Get:44 http://azure.archive.ubuntu.com/ubuntu noble-security/main amd64 libfreetype6 amd64 2.13.2+dfsg-1ubuntu0.2 [403 kB]
2026-10-06T16:26:32.0327708Z Get:45 http://azure.archive.ubuntu.com/ubuntu noble/universe amd64 libunibreak5 amd64 5.1-2build1 [25.0 kB]
2026-10-06T16:26:32.1067801Z Get:46 http://azure.archive.ubuntu.com/ubuntu noble/universe amd64 libass9 amd64 1:0.17.1-2build1 [104 kB]
2026-10-06T16:26:32.1832717Z Get:47 http://azure.archive.ubuntu.com/ubuntu noble/universe amd64 libudfread0 amd64 1.1.2-1build1 [19.0 kB]
2026-10-06T16:26:32.2572598Z Get:48 http://azure.archive.ubuntu.com/ubuntu noble/universe amd64 libbluray2 amd64 1:1.3.4-1build1 [159 kB]
2026-10-06T16:26:32.3366915Z Get:49 http://azure.archive.ubuntu.com/ubuntu noble/universe amd64 libchromaprint1 amd64 1.5.1-5 [30.5 kB]
2026-10-06T16:26:32.4112222Z Get:50 http://azure.archive.ubuntu.com/ubuntu noble/universe amd64 libgme0 amd64 0.6.3-7build1 [134 kB]
2026-10-06T16:26:32.4874578Z Get:51 http://azure.archive.ubuntu.com/ubuntu noble-updates/main amd64 libmpg123-0t64 amd64 1.32.5-1ubuntu1.1 [169 kB]
2026-10-06T16:26:32.5642131Z Get:52 http://azure.archive.ubuntu.com/ubuntu noble/universe amd64 libopenmpt0t64 amd64 0.7.3-1.1build3 [647 kB]
2026-10-06T16:26:32.6522751Z Get:53 http://azure.archive.ubuntu.com/ubuntu noble/universe amd64 libcjson1 amd64 1.7.17-1 [24.8 kB]
2026-10-06T16:26:32.7263369Z Get:54 http://azure.archive.ubuntu.com/ubuntu noble/universe amd64 libmbedcrypto7t64 amd64 2.28.8-1 [209 kB]
2026-10-06T16:26:32.8043300Z Get:55 http://azure.archive.ubuntu.com/ubuntu noble/universe amd64 librist4 amd64 0.2.10+dfsg-2 [74.9 kB]
2026-10-06T16:26:32.8789828Z Get:56 http://azure.archive.ubuntu.com/ubuntu noble/universe amd64 libsrt1.5-gnutls amd64 1.5.3-1build2 [316 kB]
2026-10-06T16:26:32.9587822Z Get:57 http://azure.archive.ubuntu.com/ubuntu noble-updates/main amd64 libssh-gcrypt-4 amd64 0.10.6-2ubuntu0.5 [226 kB]
2026-10-06T16:26:33.0383512Z Get:58 http://azure.archive.ubuntu.com/ubuntu noble/universe amd64 libavformat60 amd64 7:6.1.1-3ubuntu5 [1153 kB]
2026-10-06T16:26:33.1382406Z Get:59 http://azure.archive.ubuntu.com/ubuntu noble/universe amd64 libbs2b0 amd64 3.1.0+dfsg-7build1 [10.6 kB]
2026-10-06T16:26:33.2126621Z Get:60 http://azure.archive.ubuntu.com/ubuntu noble/universe amd64 libflite1 amd64 2.2-6build3 [13.6 MB]
2026-10-06T16:26:33.6121727Z Get:61 http://azure.archive.ubuntu.com/ubuntu noble/universe amd64 libserd-0-0 amd64 0.32.2-1 [43.6 kB]
2026-10-06T16:26:33.6863655Z Get:62 http://azure.archive.ubuntu.com/ubuntu noble/universe amd64 libzix-0-0 amd64 0.4.2-2build1 [23.6 kB]
2026-10-06T16:26:33.7605367Z Get:63 http://azure.archive.ubuntu.com/ubuntu noble/universe amd64 libsord-0-0 amd64 0.16.16-2build1 [15.8 kB]
2026-10-06T16:26:33.8347177Z Get:64 http://azure.archive.ubuntu.com/ubuntu noble/universe amd64 libsratom-0-0 amd64 0.6.16-1build1 [17.3 kB]
2026-10-06T16:26:33.9790498Z Get:65 http://azure.archive.ubuntu.com/ubuntu noble/universe amd64 liblilv-0-0 amd64 0.24.22-1build1 [41.0 kB]
2026-10-06T16:26:34.1652835Z Get:66 http://azure.archive.ubuntu.com/ubuntu noble/universe amd64 libmysofa1 amd64 1.3.2+dfsg-2ubuntu2 [1158 kB]
2026-10-06T16:26:34.6200445Z Get:67 http://azure.archive.ubuntu.com/ubuntu noble/universe amd64 libplacebo338 amd64 6.338.2-2build1 [2654 kB]
2026-10-06T16:26:34.8244612Z Get:68 http://azure.archive.ubuntu.com/ubuntu noble-updates/main amd64 libblas3 amd64 3.12.0-3build1.1 [238 kB]
2026-10-06T16:26:34.9011705Z Get:69 http://azure.archive.ubuntu.com/ubuntu noble-updates/main amd64 liblapack3 amd64 3.12.0-3build1.1 [2646 kB]
2026-10-06T16:26:35.0239122Z Get:70 http://azure.archive.ubuntu.com/ubuntu noble/main amd64 libasyncns0 amd64 0.8-6build4 [11.3 kB]
2026-10-06T16:26:35.0992113Z Get:71 http://azure.archive.ubuntu.com/ubuntu noble/main amd64 libflac12t64 amd64 1.4.3+ds-2.1ubuntu2 [197 kB]
2026-10-06T16:26:35.1805744Z Get:72 http://azure.archive.ubuntu.com/ubuntu noble-updates/main amd64 libsndfile1 amd64 1.2.2-1ubuntu5.24.04.1 [209 kB]
2026-10-06T16:26:35.2553240Z Get:73 http://azure.archive.ubuntu.com/ubuntu noble-updates/main amd64 libpulse0 amd64 1:16.1+dfsg1-2ubuntu10.1 [292 kB]
2026-10-06T16:26:35.3313321Z Get:74 http://azure.archive.ubuntu.com/ubuntu noble/universe amd64 libsphinxbase3t64 amd64 0.8+5prealpha+1-17build2 [126 kB]
2026-10-06T16:26:35.4060639Z Get:75 http://azure.archive.ubuntu.com/ubuntu noble/universe amd64 libpocketsphinx3 amd64 0.8.0+real5prealpha+1-15ubuntu5 [133 kB]
2026-10-06T16:26:35.4796599Z Get:76 http://azure.archive.ubuntu.com/ubuntu noble/universe amd64 libpostproc57 amd64 7:6.1.1-3ubuntu5 [49.9 kB]
2026-10-06T16:26:35.5525276Z Get:77 http://azure.archive.ubuntu.com/ubuntu noble/main amd64 libsamplerate0 amd64 0.2.2-4build1 [1344 kB]
2026-10-06T16:26:35.6497935Z Get:78 http://azure.archive.ubuntu.com/ubuntu noble/universe amd64 librubberband2 amd64 3.3.0+dfsg-2build1 [130 kB]
2026-10-06T16:26:35.7236636Z Get:79 http://azure.archive.ubuntu.com/ubuntu noble/universe amd64 libswscale7 amd64 7:6.1.1-3ubuntu5 [193 kB]
2026-10-06T16:26:35.7982775Z Get:80 http://azure.archive.ubuntu.com/ubuntu noble/universe amd64 libvidstab1.1 amd64 1.1.0-2build1 [38.5 kB]
2026-10-06T16:26:35.8711298Z Get:81 http://azure.archive.ubuntu.com/ubuntu noble/universe amd64 libzimg2 amd64 3.0.5+ds1-1build1 [254 kB]
2026-10-06T16:26:35.9473599Z Get:82 http://azure.archive.ubuntu.com/ubuntu noble/universe amd64 libavfilter9 amd64 7:6.1.1-3ubuntu5 [4235 kB]
2026-10-06T16:26:36.1122960Z Get:83 http://azure.archive.ubuntu.com/ubuntu noble-updates/main amd64 liborc-0.4-0t64 amd64 1:0.4.38-1ubuntu0.1 [207 kB]
2026-10-06T16:26:36.1859648Z Get:84 http://azure.archive.ubuntu.com/ubuntu noble-updates/main amd64 libgstreamer-plugins-base1.0-0 amd64 1.24.2-1ubuntu0.5 [862 kB]
2026-10-06T16:26:36.2650575Z Get:85 http://azure.archive.ubuntu.com/ubuntu noble/universe amd64 gstreamer1.0-libav amd64 1.24.1-1build1 [103 kB]
2026-10-06T16:26:36.3380506Z Get:86 http://azure.archive.ubuntu.com/ubuntu noble/main amd64 libcdparanoia0 amd64 3.10.2+debian-14build3 [48.5 kB]
2026-10-06T16:26:36.4109880Z Get:87 http://azure.archive.ubuntu.com/ubuntu noble/main amd64 libvisual-0.4-0 amd64 0.4.2-2build1 [115 kB]
2026-10-06T16:26:36.4844794Z Get:88 http://azure.archive.ubuntu.com/ubuntu noble-updates/main amd64 gstreamer1.0-plugins-base amd64 1.24.2-1ubuntu0.5 [721 kB]
2026-10-06T16:26:36.5631393Z Get:89 http://azure.archive.ubuntu.com/ubuntu noble/main amd64 libaa1 amd64 1.4p5-51.1 [49.9 kB]
2026-10-06T16:26:36.6358349Z Get:90 http://azure.archive.ubuntu.com/ubuntu noble/main amd64 libraw1394-11 amd64 2.1.2-2build3 [26.2 kB]
2026-10-06T16:26:36.7083266Z Get:91 http://azure.archive.ubuntu.com/ubuntu noble/main amd64 libavc1394-0 amd64 0.5.4-5build3 [15.4 kB]
2026-10-06T16:26:36.7809124Z Get:92 http://azure.archive.ubuntu.com/ubuntu noble-updates/main amd64 libcaca0 amd64 0.99.beta20-4ubuntu0.2 [209 kB]
2026-10-06T16:26:36.8544400Z Get:93 http://azure.archive.ubuntu.com/ubuntu noble/main amd64 libdv4t64 amd64 1.0.0-17.1build1 [63.2 kB]
2026-10-06T16:26:36.9289580Z Get:94 http://azure.archive.ubuntu.com/ubuntu noble-updates/main amd64 libgstreamer-plugins-good1.0-0 amd64 1.24.2-1ubuntu1.8 [34.3 kB]
2026-10-06T16:26:37.0042799Z Get:95 http://azure.archive.ubuntu.com/ubuntu noble/main amd64 libiec61883-0 amd64 1.2.0-6build1 [24.5 kB]
2026-10-06T16:26:37.0779363Z Get:96 http://azure.archive.ubuntu.com/ubuntu noble/main amd64 libshout3 amd64 2.4.6-1build2 [50.3 kB]
2026-10-06T16:26:37.1512655Z Get:97 http://azure.archive.ubuntu.com/ubuntu noble/main amd64 libtag1v5-vanilla amd64 1.13.1-1build1 [326 kB]
2026-10-06T16:26:37.2256722Z Get:98 http://azure.archive.ubuntu.com/ubuntu noble/main amd64 libtag1v5 amd64 1.13.1-1build1 [11.7 kB]
2026-10-06T16:26:37.3055686Z Get:99 http://azure.archive.ubuntu.com/ubuntu noble/main amd64 libv4lconvert0t64 amd64 1.26.1-4build3 [87.6 kB]
2026-10-06T16:26:37.3786073Z Get:100 http://azure.archive.ubuntu.com/ubuntu noble/main amd64 libv4l-0t64 amd64 1.26.1-4build3 [46.9 kB]
2026-10-06T16:26:37.4518082Z Get:101 http://azure.archive.ubuntu.com/ubuntu noble/main amd64 libwavpack1 amd64 5.6.0-1build1 [84.6 kB]
2026-10-06T16:26:37.5253250Z Get:102 http://azure.archive.ubuntu.com/ubuntu noble-updates/main amd64 libsoup-3.0-common all 3.4.4-5ubuntu0.8 [11.7 kB]
2026-10-06T16:26:37.5991846Z Get:103 http://azure.archive.ubuntu.com/ubuntu noble-updates/main amd64 libsoup-3.0-0 amd64 3.4.4-5ubuntu0.8 [290 kB]
2026-10-06T16:26:37.6783561Z Get:104 http://azure.archive.ubuntu.com/ubuntu noble-updates/main amd64 gstreamer1.0-plugins-good amd64 1.24.2-1ubuntu1.8 [2236 kB]
2026-10-06T16:26:37.8016677Z Get:105 http://azure.archive.ubuntu.com/ubuntu noble-updates/main amd64 libabsl20220623t64 amd64 20220623.1-3.1ubuntu3.2 [423 kB]
2026-10-06T16:26:37.8832875Z Get:106 http://azure.archive.ubuntu.com/ubuntu noble/universe amd64 libgav1-1 amd64 0.18.0-1build3 [357 kB]
2026-10-06T16:26:37.9639227Z Get:107 http://azure.archive.ubuntu.com/ubuntu noble/universe amd64 libyuv0 amd64 0.0~git202401110.af6ac82-1 [178 kB]
2026-10-06T16:26:38.0398947Z Get:108 http://azure.archive.ubuntu.com/ubuntu noble/universe amd64 libavif16 amd64 1.0.4-1ubuntu3 [91.2 kB]
2026-10-06T16:26:38.1135718Z Get:109 http://azure.archive.ubuntu.com/ubuntu noble/universe amd64 libavtp0 amd64 0.2.0-1build1 [6414 B]
2026-10-06T16:26:38.1864327Z Get:110 http://azure.archive.ubuntu.com/ubuntu noble/main amd64 libcairo-script-interpreter2 amd64 1.18.0-3build1 [60.3 kB]
2026-10-06T16:26:38.2597171Z Get:111 http://azure.archive.ubuntu.com/ubuntu noble/universe amd64 libdc1394-25 amd64 2.2.6-4build1 [90.1 kB]
2026-10-06T16:26:38.3338564Z Get:112 http://azure.archive.ubuntu.com/ubuntu noble-updates/main amd64 libde265-0 amd64 1.0.15-1ubuntu0.1 [167 kB]
2026-10-06T16:26:38.4097999Z Get:113 http://azure.archive.ubuntu.com/ubuntu noble/main amd64 libdecor-0-0 amd64 0.2.2-1build2 [16.5 kB]
2026-10-06T16:26:38.4824616Z Get:114 http://azure.archive.ubuntu.com/ubuntu noble/main amd64 libgles2 amd64 1.7.0-1build1 [17.1 kB]
2026-10-06T16:26:38.5554590Z Get:115 http://azure.archive.ubuntu.com/ubuntu noble/universe amd64 libdirectfb-1.7-7t64 amd64 1.7.7-11.1ubuntu2 [1035 kB]
2026-10-06T16:26:38.6512909Z Get:116 http://azure.archive.ubuntu.com/ubuntu noble/universe amd64 libdvdread8t64 amd64 6.1.3-1.1build1 [54.7 kB]
2026-10-06T16:26:38.7244645Z Get:117 http://azure.archive.ubuntu.com/ubuntu noble/universe amd64 libdvdnav4 amd64 6.1.1-3build1 [39.5 kB]
2026-10-06T16:26:38.7976649Z Get:118 http://azure.archive.ubuntu.com/ubuntu noble-updates/main amd64 libgl1-mesa-dri amd64 25.2.8-0ubuntu0.24.04.4 [38.0 kB]
2026-10-06T16:26:38.8705682Z Get:119 http://azure.archive.ubuntu.com/ubuntu noble-updates/main amd64 libglx-mesa0 amd64 25.2.8-0ubuntu0.24.04.4 [110 kB]
2026-10-06T16:26:38.9448454Z Get:120 http://azure.archive.ubuntu.com/ubuntu noble-updates/main amd64 libgbm1 amd64 25.2.8-0ubuntu0.24.04.4 [34.2 kB]
2026-10-06T16:26:39.0181834Z Get:121 http://azure.archive.ubuntu.com/ubuntu noble-updates/main amd64 mesa-libgallium amd64 25.2.8-0ubuntu0.24.04.4 [10.8 MB]
2026-10-06T16:26:39.3413559Z Get:122 http://azure.archive.ubuntu.com/ubuntu noble-updates/main amd64 libegl-mesa0 amd64 25.2.8-0ubuntu0.24.04.4 [117 kB]
2026-10-06T16:26:39.4171128Z Get:123 http://azure.archive.ubuntu.com/ubuntu noble-updates/main amd64 libevent-2.1-7t64 amd64 2.1.12-stable-9ubuntu2.2 [146 kB]
2026-10-06T16:26:39.4930881Z Get:124 http://azure.archive.ubuntu.com/ubuntu noble-updates/main amd64 libevent-pthreads-2.1-7t64 amd64 2.1.12-stable-9ubuntu2.2 [7988 B]
2026-10-06T16:26:39.5659030Z Get:125 http://azure.archive.ubuntu.com/ubuntu noble-updates/main amd64 libevent-core-2.1-7t64 amd64 2.1.12-stable-9ubuntu2.2 [91.9 kB]
2026-10-06T16:26:39.6401503Z Get:126 http://azure.archive.ubuntu.com/ubuntu noble/universe amd64 libfaad2 amd64 2.11.1-1build1 [207 kB]
2026-10-06T16:26:39.7168336Z Get:127 http://azure.archive.ubuntu.com/ubuntu noble/universe amd64 libinstpatch-1.0-2 amd64 1.1.6-1build2 [251 kB]
2026-10-06T16:26:39.7948170Z Get:128 http://azure.archive.ubuntu.com/ubuntu noble/main amd64 libjack-jackd2-0 amd64 1.9.21~dfsg-3ubuntu3 [289 kB]
2026-10-06T16:26:39.8734295Z Get:129 http://azure.archive.ubuntu.com/ubuntu noble/main amd64 libwebrtc-audio-processing1 amd64 0.3.1-0ubuntu6 [290 kB]
2026-10-06T16:26:39.9518949Z Get:130 http://azure.archive.ubuntu.com/ubuntu noble-updates/main amd64 libspa-0.2-modules amd64 1.0.5-1ubuntu3.3 [628 kB]
2026-10-06T16:26:40.0382715Z Get:131 http://azure.archive.ubuntu.com/ubuntu noble-updates/main amd64 libpipewire-0.3-0t64 amd64 1.0.5-1ubuntu3.3 [252 kB]
2026-10-06T16:26:40.1166700Z Get:132 http://azure.archive.ubuntu.com/ubuntu noble-updates/main amd64 libsdl2-2.0-0 amd64 2.30.0+dfsg-1ubuntu3.1 [686 kB]
2026-10-06T16:26:40.2034195Z Get:133 http://azure.archive.ubuntu.com/ubuntu noble/universe amd64 timgm6mb-soundfont all 1.3-5 [5427 kB]
2026-10-06T16:26:40.4033148Z Get:134 http://azure.archive.ubuntu.com/ubuntu noble/universe amd64 libfluidsynth3 amd64 2.3.4-1build3 [249 kB]
2026-10-06T16:26:40.4894988Z Get:135 http://azure.archive.ubuntu.com/ubuntu noble/main amd64 libfreeaptx0 amd64 0.1.1-2build1 [13.5 kB]
2026-10-06T16:26:40.5684551Z Get:136 http://azure.archive.ubuntu.com/ubuntu noble/main amd64 libgraphene-1.0-0 amd64 1.10.8-3build2 [46.2 kB]
2026-10-06T16:26:40.6425417Z Get:137 http://azure.archive.ubuntu.com/ubuntu noble/main amd64 libgssdp-1.6-0 amd64 1.6.3-1build3 [40.4 kB]
2026-10-06T16:26:40.7170715Z Get:138 http://azure.archive.ubuntu.com/ubuntu noble/main amd64 libegl1 amd64 1.7.0-1build1 [28.7 kB]
2026-10-06T16:26:40.7913480Z Get:139 http://azure.archive.ubuntu.com/ubuntu noble-updates/main amd64 libgstreamer-gl1.0-0 amd64 1.24.2-1ubuntu0.5 [214 kB]
2026-10-06T16:26:40.8691136Z Get:140 http://azure.archive.ubuntu.com/ubuntu noble-updates/main amd64 libgtk-4-common all 4.14.5+ds-0ubuntu0.10 [1497 kB]
2026-10-06T16:26:40.9770115Z Get:141 http://azure.archive.ubuntu.com/ubuntu noble-updates/main amd64 libgtk-4-1 amd64 4.14.5+ds-0ubuntu0.10 [3295 kB]
2026-10-06T16:26:41.1281730Z Get:142 http://azure.archive.ubuntu.com/ubuntu noble/main amd64 libgupnp-1.6-0 amd64 1.6.6-1build3 [92.7 kB]
2026-10-06T16:26:41.2035608Z Get:143 http://azure.archive.ubuntu.com/ubuntu noble/universe amd64 libgupnp-igd-1.6-0 amd64 1.6.0-3build3 [16.5 kB]
2026-10-06T16:26:41.2773758Z Get:144 http://azure.archive.ubuntu.com/ubuntu noble/main amd64 libharfbuzz-icu0 amd64 8.3.0-2build2 [13.3 kB]
2026-10-06T16:26:41.3511498Z Get:145 http://azure.archive.ubuntu.com/ubuntu noble/main amd64 libhyphen0 amd64 2.8.8-7build3 [26.5 kB]
2026-10-06T16:26:41.4250294Z Get:146 http://azure.archive.ubuntu.com/ubuntu noble/universe amd64 libimath-3-1-29t64 amd64 3.1.9-3.1ubuntu2 [72.2 kB]
2026-10-06T16:26:41.5000583Z Get:147 http://azure.archive.ubuntu.com/ubuntu noble/main amd64 liblc3-1 amd64 1.0.4-3build1 [69.7 kB]
2026-10-06T16:26:41.5751461Z Get:148 http://azure.archive.ubuntu.com/ubuntu noble/main amd64 libldacbt-enc2 amd64 2.0.2.3+git20200429+ed310a0-4ubuntu2 [27.1 kB]
2026-10-06T16:26:41.6524652Z Get:149 http://azure.archive.ubuntu.com/ubuntu noble-updates/main amd64 libraptor2-0 amd64 2.0.16-3ubuntu0.1 [165 kB]
2026-10-06T16:26:41.7288001Z Get:150 http://azure.archive.ubuntu.com/ubuntu noble/universe amd64 liblrdf0 amd64 0.6.1-4build1 [18.5 kB]
2026-10-06T16:26:41.8029337Z Get:151 http://azure.archive.ubuntu.com/ubuntu noble/universe amd64 libltc11 amd64 1.3.2-1build1 [13.0 kB]
2026-10-06T16:26:41.8767183Z Get:152 http://azure.archive.ubuntu.com/ubuntu noble/main amd64 libmanette-0.2-0 amd64 0.2.7-1build2 [30.6 kB]
2026-10-06T16:26:41.9510555Z Get:153 http://azure.archive.ubuntu.com/ubuntu noble/universe amd64 libmfx1 amd64 22.5.4-1 [3124 kB]
2026-10-06T16:26:42.0971628Z Get:154 http://azure.archive.ubuntu.com/ubuntu noble/universe amd64 libmjpegutils-2.1-0t64 amd64 1:2.1.0+debian-8.1build1 [25.5 kB]
2026-10-06T16:26:42.1710286Z Get:155 http://azure.archive.ubuntu.com/ubuntu noble/universe amd64 libmodplug1 amd64 1:0.8.9.0-3build1 [166 kB]
2026-10-06T16:26:42.2485004Z Get:156 http://azure.archive.ubuntu.com/ubuntu noble/universe amd64 libmpcdec6 amd64 2:0.1~r495-2build1 [32.7 kB]
2026-10-06T16:26:42.3230387Z Get:157 http://azure.archive.ubuntu.com/ubuntu noble/universe amd64 libmpeg2encpp-2.1-0t64 amd64 1:2.1.0+debian-8.1build1 [75.6 kB]
2026-10-06T16:26:42.3985402Z Get:158 http://azure.archive.ubuntu.com/ubuntu noble/universe amd64 libmplex2-2.1-0t64 amd64 1:2.1.0+debian-8.1build1 [46.1 kB]
2026-10-06T16:26:42.4726650Z Get:159 http://azure.archive.ubuntu.com/ubuntu noble/universe amd64 libneon27t64 amd64 0.33.0-1.1build3 [102 kB]
2026-10-06T16:26:42.5487453Z Get:160 http://azure.archive.ubuntu.com/ubuntu noble/universe amd64 libnice10 amd64 0.1.21-2build3 [157 kB]
2026-10-06T16:26:42.6263993Z Get:161 http://azure.archive.ubuntu.com/ubuntu noble/universe amd64 libopenal-data all 1:1.23.1-4build1 [161 kB]
2026-10-06T16:26:42.7066531Z Get:162 http://azure.archive.ubuntu.com/ubuntu noble/universe amd64 libopenexr-3-1-30 amd64 3.1.5-5.1build3 [1004 kB]
2026-10-06T16:26:42.8037977Z Get:163 http://azure.archive.ubuntu.com/ubuntu noble/universe amd64 libopenh264-7 amd64 2.4.1+dfsg-1 [409 kB]
2026-10-06T16:26:42.8865700Z Get:164 http://azure.archive.ubuntu.com/ubuntu noble/universe amd64 libopenni2-0 amd64 2.2.0.33+dfsg-18 [370 kB]
2026-10-06T16:26:42.9685533Z Get:165 http://azure.archive.ubuntu.com/ubuntu noble/universe amd64 libqrencode4 amd64 4.1.1-1build2 [25.0 kB]
2026-10-06T16:26:43.0423827Z Get:166 http://azure.archive.ubuntu.com/ubuntu noble/main amd64 libsecret-common all 0.21.4-1build3 [4962 B]
2026-10-06T16:26:43.1159941Z Get:167 http://azure.archive.ubuntu.com/ubuntu noble/main amd64 libsecret-1-0 amd64 0.21.4-1build3 [116 kB]
2026-10-06T16:26:43.1920117Z Get:168 http://azure.archive.ubuntu.com/ubuntu noble/universe amd64 libsndio7.0 amd64 1.9.0-0.3build3 [29.6 kB]
2026-10-06T16:26:43.2659337Z Get:169 http://azure.archive.ubuntu.com/ubuntu noble/universe amd64 libsoundtouch1 amd64 2.3.2+ds1-1build1 [60.5 kB]
2026-10-06T16:26:43.3402751Z Get:170 http://azure.archive.ubuntu.com/ubuntu noble/universe amd64 libspandsp2t64 amd64 0.0.6+dfsg-2.1build1 [311 kB]
2026-10-06T16:26:43.4205600Z Get:171 http://azure.archive.ubuntu.com/ubuntu noble/universe amd64 libsrtp2-1 amd64 2.5.0-3build1 [41.9 kB]
2026-10-06T16:26:43.4950538Z Get:172 http://azure.archive.ubuntu.com/ubuntu noble/main amd64 libwayland-server0 amd64 1.22.0-2.1build1 [33.9 kB]
2026-10-06T16:26:43.5679935Z Get:173 http://azure.archive.ubuntu.com/ubuntu noble/universe amd64 libwildmidi2 amd64 0.4.3-1build3 [68.5 kB]
2026-10-06T16:26:43.6424522Z Get:174 http://azure.archive.ubuntu.com/ubuntu noble/main amd64 libwoff1 amd64 1.0.2-2build1 [45.3 kB]
2026-10-06T16:26:43.7165579Z Get:175 http://azure.archive.ubuntu.com/ubuntu noble/main amd64 libxcb-xkb1 amd64 1.15-1ubuntu2 [32.3 kB]
2026-10-06T16:26:43.7909676Z Get:176 http://azure.archive.ubuntu.com/ubuntu noble/main amd64 libxkbcommon-x11-0 amd64 1.6.0-1build1 [14.5 kB]
2026-10-06T16:26:43.8648725Z Get:177 http://azure.archive.ubuntu.com/ubuntu noble/universe amd64 libzbar0t64 amd64 0.23.93-4build3 [123 kB]
2026-10-06T16:26:43.9408076Z Get:178 http://azure.archive.ubuntu.com/ubuntu noble/universe amd64 libzxing3 amd64 2.2.1-3 [583 kB]
2026-10-06T16:26:44.0276479Z Get:179 http://azure.archive.ubuntu.com/ubuntu noble/main amd64 xfonts-encodings all 1:1.0.5-0ubuntu2 [578 kB]
2026-10-06T16:26:44.1140990Z Get:180 http://azure.archive.ubuntu.com/ubuntu noble/main amd64 xfonts-utils amd64 1:7.7+6build3 [94.4 kB]
2026-10-06T16:26:44.1895299Z Get:181 http://azure.archive.ubuntu.com/ubuntu noble/universe amd64 xfonts-cyrillic all 1:1.0.5+nmu1 [384 kB]
2026-10-06T16:26:44.2715270Z Get:182 http://azure.archive.ubuntu.com/ubuntu noble/main amd64 xfonts-scalable all 1:1.0.3-1.3 [304 kB]
2026-10-06T16:26:44.3518512Z Get:183 http://azure.archive.ubuntu.com/ubuntu noble/universe amd64 libgstreamer-plugins-bad1.0-0 amd64 1.24.2-1ubuntu4 [797 kB]
2026-10-06T16:26:44.4431678Z Get:184 http://azure.archive.ubuntu.com/ubuntu noble/universe amd64 libdca0 amd64 0.0.7-2build1 [93.8 kB]
2026-10-06T16:26:44.5180527Z Get:185 http://azure.archive.ubuntu.com/ubuntu noble/universe amd64 libopenal1 amd64 1:1.23.1-4build1 [540 kB]
2026-10-06T16:26:44.6037379Z Get:186 http://azure.archive.ubuntu.com/ubuntu noble/main amd64 libsbc1 amd64 2.0-1build1 [33.9 kB]
2026-10-06T16:26:44.6777542Z Get:187 http://azure.archive.ubuntu.com/ubuntu noble/universe amd64 libvo-aacenc0 amd64 0.1.3-2build1 [67.8 kB]
2026-10-06T16:26:44.7524870Z Get:188 http://azure.archive.ubuntu.com/ubuntu noble/universe amd64 libvo-amrwbenc0 amd64 0.1.3-2build1 [76.7 kB]
2026-10-06T16:26:44.8278093Z Get:189 http://azure.archive.ubuntu.com/ubuntu noble/universe amd64 gstreamer1.0-plugins-bad amd64 1.24.2-1ubuntu4 [3081 kB]
2026-10-06T16:26:45.2982698Z Fetched 126 MB in 18s (7141 kB/s)
2026-10-06T16:26:45.3241919Z Selecting previously unselected package fonts-ipafont-gothic.
2026-10-06T16:26:45.3515957Z (Reading database ...
2026-10-06T16:26:45.3516710Z (Reading database ... 5%
2026-10-06T16:26:45.3517211Z (Reading database ... 10%
2026-10-06T16:26:45.3517493Z (Reading database ... 15%
2026-10-06T16:26:45.3517774Z (Reading database ... 20%
2026-10-06T16:26:45.3518014Z (Reading database ... 25%
2026-10-06T16:26:45.3518545Z (Reading database ... 30%
2026-10-06T16:26:45.3519008Z (Reading database ... 35%
2026-10-06T16:26:45.3519489Z (Reading database ... 40%
2026-10-06T16:26:45.3519743Z (Reading database ... 45%
2026-10-06T16:26:45.3519989Z (Reading database ... 50%
2026-10-06T16:26:45.3557491Z (Reading database ... 55%
2026-10-06T16:26:45.4951709Z (Reading database ... 60%
2026-10-06T16:26:45.7018628Z (Reading database ... 65%
2026-10-06T16:26:45.9089146Z (Reading database ... 70%
2026-10-06T16:26:46.0969558Z (Reading database ... 75%
2026-10-06T16:26:46.2425214Z (Reading database ... 80%
2026-10-06T16:26:46.4424235Z (Reading database ... 85%
2026-10-06T16:26:46.6071648Z (Reading database ... 90%
2026-10-06T16:26:46.7120446Z (Reading database ... 95%
2026-10-06T16:26:46.7120938Z (Reading database ... 100%
2026-10-06T16:26:46.7121667Z (Reading database ... 202296 files and directories currently installed.)
2026-10-06T16:26:46.7158868Z Preparing to unpack .../000-fonts-ipafont-gothic_00303-21ubuntu1_all.deb ...
2026-10-06T16:26:46.7244353Z Unpacking fonts-ipafont-gothic (00303-21ubuntu1) ...
2026-10-06T16:26:46.9510257Z Selecting previously unselected package fonts-freefont-ttf.
2026-10-06T16:26:46.9634093Z Preparing to unpack .../001-fonts-freefont-ttf_20211204+svn4273-2_all.deb ...
2026-10-06T16:26:46.9640963Z Unpacking fonts-freefont-ttf (20211204+svn4273-2) ...
2026-10-06T16:26:47.0384648Z Selecting previously unselected package fonts-tlwg-loma-otf.
2026-10-06T16:26:47.0506762Z Preparing to unpack .../002-fonts-tlwg-loma-otf_1%3a0.7.3-1_all.deb ...
2026-10-06T16:26:47.0513934Z Unpacking fonts-tlwg-loma-otf (1:0.7.3-1) ...
2026-10-06T16:26:47.0713778Z Selecting previously unselected package fonts-unifont.
2026-10-06T16:26:47.0833576Z Preparing to unpack .../003-fonts-unifont_1%3a15.1.01-1build1_all.deb ...
2026-10-06T16:26:47.0840683Z Unpacking fonts-unifont (1:15.1.01-1build1) ...
2026-10-06T16:26:47.1838577Z Selecting previously unselected package fonts-wqy-zenhei.
2026-10-06T16:26:47.1961247Z Preparing to unpack .../004-fonts-wqy-zenhei_0.9.45-8_all.deb ...
2026-10-06T16:26:47.2071461Z Unpacking fonts-wqy-zenhei (0.9.45-8) ...
2026-10-06T16:26:47.6677660Z Selecting previously unselected package libproxy1v5:amd64.
2026-10-06T16:26:47.6800709Z Preparing to unpack .../005-libproxy1v5_0.5.4-4build1_amd64.deb ...
2026-10-06T16:26:47.6815359Z Unpacking libproxy1v5:amd64 (0.5.4-4build1) ...
2026-10-06T16:26:47.7005387Z Selecting previously unselected package glib-networking-common.
2026-10-06T16:26:47.7127149Z Preparing to unpack .../006-glib-networking-common_2.80.0-1build1_all.deb ...
2026-10-06T16:26:47.7132939Z Unpacking glib-networking-common (2.80.0-1build1) ...
2026-10-06T16:26:47.7302428Z Selecting previously unselected package glib-networking-services.
2026-10-06T16:26:47.7422039Z Preparing to unpack .../007-glib-networking-services_2.80.0-1build1_amd64.deb ...
2026-10-06T16:26:47.7427770Z Unpacking glib-networking-services (2.80.0-1build1) ...
2026-10-06T16:26:47.7614511Z Selecting previously unselected package session-migration.
2026-10-06T16:26:47.7733740Z Preparing to unpack .../008-session-migration_0.3.9build1_amd64.deb ...
2026-10-06T16:26:47.7740498Z Unpacking session-migration (0.3.9build1) ...
2026-10-06T16:26:47.7945745Z Selecting previously unselected package gsettings-desktop-schemas.
2026-10-06T16:26:47.8062345Z Preparing to unpack .../009-gsettings-desktop-schemas_46.1-0ubuntu1_all.deb ...
2026-10-06T16:26:47.8068145Z Unpacking gsettings-desktop-schemas (46.1-0ubuntu1) ...
2026-10-06T16:26:47.8590995Z Selecting previously unselected package glib-networking:amd64.
2026-10-06T16:26:47.8707067Z Preparing to unpack .../010-glib-networking_2.80.0-1build1_amd64.deb ...
2026-10-06T16:26:47.8713445Z Unpacking glib-networking:amd64 (2.80.0-1build1) ...
2026-10-06T16:26:47.8936747Z Selecting previously unselected package libva2:amd64.
2026-10-06T16:26:47.9052753Z Preparing to unpack .../011-libva2_2.20.0-2ubuntu0.2_amd64.deb ...
2026-10-06T16:26:47.9059046Z Unpacking libva2:amd64 (2.20.0-2ubuntu0.2) ...
2026-10-06T16:26:47.9249558Z Selecting previously unselected package libva-drm2:amd64.
2026-10-06T16:26:47.9364860Z Preparing to unpack .../012-libva-drm2_2.20.0-2ubuntu0.2_amd64.deb ...
2026-10-06T16:26:47.9372210Z Unpacking libva-drm2:amd64 (2.20.0-2ubuntu0.2) ...
2026-10-06T16:26:47.9559748Z Selecting previously unselected package libva-x11-2:amd64.
2026-10-06T16:26:47.9673987Z Preparing to unpack .../013-libva-x11-2_2.20.0-2ubuntu0.2_amd64.deb ...
2026-10-06T16:26:47.9681549Z Unpacking libva-x11-2:amd64 (2.20.0-2ubuntu0.2) ...
2026-10-06T16:26:47.9921020Z Selecting previously unselected package libvdpau1:amd64.
2026-10-06T16:26:48.0034749Z Preparing to unpack .../014-libvdpau1_1.5-2build1_amd64.deb ...
2026-10-06T16:26:48.0041324Z Unpacking libvdpau1:amd64 (1.5-2build1) ...
2026-10-06T16:26:48.0234512Z Selecting previously unselected package libvpl2.
2026-10-06T16:26:48.0347914Z Preparing to unpack .../015-libvpl2_2023.3.0-1build1_amd64.deb ...
2026-10-06T16:26:48.0354046Z Unpacking libvpl2 (2023.3.0-1build1) ...
2026-10-06T16:26:48.0550920Z Selecting previously unselected package ocl-icd-libopencl1:amd64.
2026-10-06T16:26:48.0665440Z Preparing to unpack .../016-ocl-icd-libopencl1_2.3.2-1build1_amd64.deb ...
2026-10-06T16:26:48.0674036Z Unpacking ocl-icd-libopencl1:amd64 (2.3.2-1build1) ...
2026-10-06T16:26:48.0881657Z Selecting previously unselected package libavutil58:amd64.
2026-10-06T16:26:48.0996466Z Preparing to unpack .../017-libavutil58_7%3a6.1.1-3ubuntu5_amd64.deb ...
2026-10-06T16:26:48.1004332Z Unpacking libavutil58:amd64 (7:6.1.1-3ubuntu5) ...
2026-10-06T16:26:48.1239244Z Selecting previously unselected package libcodec2-1.2:amd64.
2026-10-06T16:26:48.1352796Z Preparing to unpack .../018-libcodec2-1.2_1.2.0-2build1_amd64.deb ...
2026-10-06T16:26:48.1360187Z Unpacking libcodec2-1.2:amd64 (1.2.0-2build1) ...
2026-10-06T16:26:48.2054688Z Selecting previously unselected package libdav1d7:amd64.
2026-10-06T16:26:48.2177420Z Preparing to unpack .../019-libdav1d7_1.4.1-1build1_amd64.deb ...
2026-10-06T16:26:48.2185813Z Unpacking libdav1d7:amd64 (1.4.1-1build1) ...
2026-10-06T16:26:48.2437799Z Selecting previously unselected package libgsm1:amd64.
2026-10-06T16:26:48.2557648Z Preparing to unpack .../020-libgsm1_1.0.22-1build1_amd64.deb ...
2026-10-06T16:26:48.2564290Z Unpacking libgsm1:amd64 (1.0.22-1build1) ...
2026-10-06T16:26:48.2756325Z Selecting previously unselected package libhwy1t64:amd64.
2026-10-06T16:26:48.2873864Z Preparing to unpack .../021-libhwy1t64_1.0.7-8.1build1_amd64.deb ...
2026-10-06T16:26:48.2881052Z Unpacking libhwy1t64:amd64 (1.0.7-8.1build1) ...
2026-10-06T16:26:48.3170702Z Selecting previously unselected package libjxl0.7:amd64.
2026-10-06T16:26:48.3296627Z Preparing to unpack .../022-libjxl0.7_0.7.0-10.2ubuntu6.1_amd64.deb ...
2026-10-06T16:26:48.3492637Z Unpacking libjxl0.7:amd64 (0.7.0-10.2ubuntu6.1) ...
2026-10-06T16:26:48.3802121Z Selecting previously unselected package libmp3lame0:amd64.
2026-10-06T16:26:48.3921532Z Preparing to unpack .../023-libmp3lame0_3.100-6build1_amd64.deb ...
2026-10-06T16:26:48.3928081Z Unpacking libmp3lame0:amd64 (3.100-6build1) ...
2026-10-06T16:26:48.4125073Z Selecting previously unselected package libopus0:amd64.
2026-10-06T16:26:48.4243493Z Preparing to unpack .../024-libopus0_1.4-1build1_amd64.deb ...
2026-10-06T16:26:48.4250143Z Unpacking libopus0:amd64 (1.4-1build1) ...
2026-10-06T16:26:48.4456720Z Selecting previously unselected package librav1e0:amd64.
2026-10-06T16:26:48.4575770Z Preparing to unpack .../025-librav1e0_0.7.1-2_amd64.deb ...
2026-10-06T16:26:48.4582988Z Unpacking librav1e0:amd64 (0.7.1-2) ...
2026-10-06T16:26:48.4882669Z Selecting previously unselected package librsvg2-2:amd64.
2026-10-06T16:26:48.5000105Z Preparing to unpack .../026-librsvg2-2_2.58.0+dfsg-1build1_amd64.deb ...
2026-10-06T16:26:48.5006601Z Unpacking librsvg2-2:amd64 (2.58.0+dfsg-1build1) ...
2026-10-06T16:26:48.5432122Z Selecting previously unselected package libshine3:amd64.
2026-10-06T16:26:48.5553910Z Preparing to unpack .../027-libshine3_3.1.1-2build1_amd64.deb ...
2026-10-06T16:26:48.5562500Z Unpacking libshine3:amd64 (3.1.1-2build1) ...
2026-10-06T16:26:48.5745118Z Selecting previously unselected package libspeex1:amd64.
2026-10-06T16:26:48.5864640Z Preparing to unpack .../028-libspeex1_1.2.1-2ubuntu2.24.04.1_amd64.deb ...
2026-10-06T16:26:48.5871714Z Unpacking libspeex1:amd64 (1.2.1-2ubuntu2.24.04.1) ...
2026-10-06T16:26:48.6058678Z Selecting previously unselected package libsvtav1enc1d1:amd64.
2026-10-06T16:26:48.6177607Z Preparing to unpack .../029-libsvtav1enc1d1_1.7.0+dfsg-2build1_amd64.deb ...
2026-10-06T16:26:48.6183573Z Unpacking libsvtav1enc1d1:amd64 (1.7.0+dfsg-2build1) ...
2026-10-06T16:26:48.6617568Z Selecting previously unselected package libsoxr0:amd64.
2026-10-06T16:26:48.6735503Z Preparing to unpack .../030-libsoxr0_0.1.3-4build3_amd64.deb ...
2026-10-06T16:26:48.6743035Z Unpacking libsoxr0:amd64 (0.1.3-4build3) ...
2026-10-06T16:26:48.6936558Z Selecting previously unselected package libswresample4:amd64.
2026-10-06T16:26:48.7057394Z Preparing to unpack .../031-libswresample4_7%3a6.1.1-3ubuntu5_amd64.deb ...
2026-10-06T16:26:48.7076423Z Unpacking libswresample4:amd64 (7:6.1.1-3ubuntu5) ...
2026-10-06T16:26:48.7265915Z Selecting previously unselected package libtheora0:amd64.
2026-10-06T16:26:48.7385859Z Preparing to unpack .../032-libtheora0_1.1.1+dfsg.1-16.1build3_amd64.deb ...
2026-10-06T16:26:48.7393100Z Unpacking libtheora0:amd64 (1.1.1+dfsg.1-16.1build3) ...
2026-10-06T16:26:48.7618599Z Selecting previously unselected package libtwolame0:amd64.
2026-10-06T16:26:48.7742011Z Preparing to unpack .../033-libtwolame0_0.4.0-2build3_amd64.deb ...
2026-10-06T16:26:48.7774331Z Unpacking libtwolame0:amd64 (0.4.0-2build3) ...
2026-10-06T16:26:48.7981772Z Selecting previously unselected package libvorbisenc2:amd64.
2026-10-06T16:26:48.8105233Z Preparing to unpack .../034-libvorbisenc2_1.3.7-1build3_amd64.deb ...
2026-10-06T16:26:48.8112027Z Unpacking libvorbisenc2:amd64 (1.3.7-1build3) ...
2026-10-06T16:26:48.8320768Z Selecting previously unselected package libvpx9:amd64.
2026-10-06T16:26:48.8441798Z Preparing to unpack .../035-libvpx9_1.14.0-1ubuntu2.3_amd64.deb ...
2026-10-06T16:26:48.8449281Z Unpacking libvpx9:amd64 (1.14.0-1ubuntu2.3) ...
2026-10-06T16:26:48.8753588Z Selecting previously unselected package libx264-164:amd64.
2026-10-06T16:26:48.8878574Z Preparing to unpack .../036-libx264-164_2%3a0.164.3108+git31e19f9-1_amd64.deb ...
2026-10-06T16:26:48.8885590Z Unpacking libx264-164:amd64 (2:0.164.3108+git31e19f9-1) ...
2026-10-06T16:26:48.9139907Z Selecting previously unselected package libx265-199:amd64.
2026-10-06T16:26:48.9260307Z Preparing to unpack .../037-libx265-199_3.5-2build1_amd64.deb ...
2026-10-06T16:26:48.9267431Z Unpacking libx265-199:amd64 (3.5-2build1) ...
2026-10-06T16:26:48.9885092Z Selecting previously unselected package libxvidcore4:amd64.
2026-10-06T16:26:49.0009281Z Preparing to unpack .../038-libxvidcore4_2%3a1.3.7-1build1_amd64.deb ...
2026-10-06T16:26:49.0016470Z Unpacking libxvidcore4:amd64 (2:1.3.7-1build1) ...
2026-10-06T16:26:49.0230486Z Selecting previously unselected package libzvbi-common.
2026-10-06T16:26:49.0355479Z Preparing to unpack .../039-libzvbi-common_0.2.42-2_all.deb ...
2026-10-06T16:26:49.0362261Z Unpacking libzvbi-common (0.2.42-2) ...
2026-10-06T16:26:49.1063622Z Selecting previously unselected package libzvbi0t64:amd64.
2026-10-06T16:26:49.1191366Z Preparing to unpack .../040-libzvbi0t64_0.2.42-2_amd64.deb ...
2026-10-06T16:26:49.1199413Z Unpacking libzvbi0t64:amd64 (0.2.42-2) ...
2026-10-06T16:26:49.1429173Z Selecting previously unselected package libavcodec60:amd64.
2026-10-06T16:26:49.1550092Z Preparing to unpack .../041-libavcodec60_7%3a6.1.1-3ubuntu5_amd64.deb ...
2026-10-06T16:26:49.1557033Z Unpacking libavcodec60:amd64 (7:6.1.1-3ubuntu5) ...
2026-10-06T16:26:49.2480919Z Preparing to unpack .../042-libfreetype6_2.13.2+dfsg-1ubuntu0.2_amd64.deb ...
2026-10-06T16:26:49.2504038Z Unpacking libfreetype6:amd64 (2.13.2+dfsg-1ubuntu0.2) over (2.13.2+dfsg-1ubuntu0.1) ...
2026-10-06T16:26:49.2750534Z Selecting previously unselected package libunibreak5:amd64.
2026-10-06T16:26:49.2874708Z Preparing to unpack .../043-libunibreak5_5.1-2build1_amd64.deb ...
2026-10-06T16:26:49.2881725Z Unpacking libunibreak5:amd64 (5.1-2build1) ...
2026-10-06T16:26:49.3073627Z Selecting previously unselected package libass9:amd64.
2026-10-06T16:26:49.3193865Z Preparing to unpack .../044-libass9_1%3a0.17.1-2build1_amd64.deb ...
2026-10-06T16:26:49.3200475Z Unpacking libass9:amd64 (1:0.17.1-2build1) ...
2026-10-06T16:26:49.3395972Z Selecting previously unselected package libudfread0:amd64.
2026-10-06T16:26:49.3517250Z Preparing to unpack .../045-libudfread0_1.1.2-1build1_amd64.deb ...
2026-10-06T16:26:49.3525352Z Unpacking libudfread0:amd64 (1.1.2-1build1) ...
2026-10-06T16:26:49.3710788Z Selecting previously unselected package libbluray2:amd64.
2026-10-06T16:26:49.3832566Z Preparing to unpack .../046-libbluray2_1%3a1.3.4-1build1_amd64.deb ...
2026-10-06T16:26:49.3839763Z Unpacking libbluray2:amd64 (1:1.3.4-1build1) ...
2026-10-06T16:26:49.4043288Z Selecting previously unselected package libchromaprint1:amd64.
2026-10-06T16:26:49.4167734Z Preparing to unpack .../047-libchromaprint1_1.5.1-5_amd64.deb ...
2026-10-06T16:26:49.4174945Z Unpacking libchromaprint1:amd64 (1.5.1-5) ...
2026-10-06T16:26:49.4363733Z Selecting previously unselected package libgme0:amd64.
2026-10-06T16:26:49.4482687Z Preparing to unpack .../048-libgme0_0.6.3-7build1_amd64.deb ...
2026-10-06T16:26:49.4489675Z Unpacking libgme0:amd64 (0.6.3-7build1) ...
2026-10-06T16:26:49.4722394Z Selecting previously unselected package libmpg123-0t64:amd64.
2026-10-06T16:26:49.4839794Z Preparing to unpack .../049-libmpg123-0t64_1.32.5-1ubuntu1.1_amd64.deb ...
2026-10-06T16:26:49.4848133Z Unpacking libmpg123-0t64:amd64 (1.32.5-1ubuntu1.1) ...
2026-10-06T16:26:49.5052894Z Selecting previously unselected package libopenmpt0t64:amd64.
2026-10-06T16:26:49.5171428Z Preparing to unpack .../050-libopenmpt0t64_0.7.3-1.1build3_amd64.deb ...
2026-10-06T16:26:49.5178841Z Unpacking libopenmpt0t64:amd64 (0.7.3-1.1build3) ...
2026-10-06T16:26:49.5424451Z Selecting previously unselected package libcjson1:amd64.
2026-10-06T16:26:49.5542251Z Preparing to unpack .../051-libcjson1_1.7.17-1_amd64.deb ...
2026-10-06T16:26:49.5549155Z Unpacking libcjson1:amd64 (1.7.17-1) ...
2026-10-06T16:26:49.5827741Z Selecting previously unselected package libmbedcrypto7t64:amd64.
2026-10-06T16:26:49.5947438Z Preparing to unpack .../052-libmbedcrypto7t64_2.28.8-1_amd64.deb ...
2026-10-06T16:26:49.5954973Z Unpacking libmbedcrypto7t64:amd64 (2.28.8-1) ...
2026-10-06T16:26:49.6176363Z Selecting previously unselected package librist4:amd64.
2026-10-06T16:26:49.6293254Z Preparing to unpack .../053-librist4_0.2.10+dfsg-2_amd64.deb ...
2026-10-06T16:26:49.6300881Z Unpacking librist4:amd64 (0.2.10+dfsg-2) ...
2026-10-06T16:26:49.6494970Z Selecting previously unselected package libsrt1.5-gnutls:amd64.
2026-10-06T16:26:49.6614419Z Preparing to unpack .../054-libsrt1.5-gnutls_1.5.3-1build2_amd64.deb ...
2026-10-06T16:26:49.6621451Z Unpacking libsrt1.5-gnutls:amd64 (1.5.3-1build2) ...
2026-10-06T16:26:49.6879726Z Selecting previously unselected package libssh-gcrypt-4:amd64.
2026-10-06T16:26:49.6995239Z Preparing to unpack .../055-libssh-gcrypt-4_0.10.6-2ubuntu0.5_amd64.deb ...
2026-10-06T16:26:49.7002499Z Unpacking libssh-gcrypt-4:amd64 (0.10.6-2ubuntu0.5) ...
2026-10-06T16:26:49.7215516Z Selecting previously unselected package libavformat60:amd64.
2026-10-06T16:26:49.7332406Z Preparing to unpack .../056-libavformat60_7%3a6.1.1-3ubuntu5_amd64.deb ...
2026-10-06T16:26:49.7342710Z Unpacking libavformat60:amd64 (7:6.1.1-3ubuntu5) ...
2026-10-06T16:26:49.7634204Z Selecting previously unselected package libbs2b0:amd64.
2026-10-06T16:26:49.7752693Z Preparing to unpack .../057-libbs2b0_3.1.0+dfsg-7build1_amd64.deb ...
2026-10-06T16:26:49.7759827Z Unpacking libbs2b0:amd64 (3.1.0+dfsg-7build1) ...
2026-10-06T16:26:49.8049143Z Selecting previously unselected package libflite1:amd64.
2026-10-06T16:26:49.8166405Z Preparing to unpack .../058-libflite1_2.2-6build3_amd64.deb ...
2026-10-06T16:26:49.8173180Z Unpacking libflite1:amd64 (2.2-6build3) ...
2026-10-06T16:26:49.9196869Z Selecting previously unselected package libserd-0-0:amd64.
2026-10-06T16:26:49.9321448Z Preparing to unpack .../059-libserd-0-0_0.32.2-1_amd64.deb ...
2026-10-06T16:26:49.9328891Z Unpacking libserd-0-0:amd64 (0.32.2-1) ...
2026-10-06T16:26:49.9519359Z Selecting previously unselected package libzix-0-0:amd64.
2026-10-06T16:26:49.9643495Z Preparing to unpack .../060-libzix-0-0_0.4.2-2build1_amd64.deb ...
2026-10-06T16:26:49.9650451Z Unpacking libzix-0-0:amd64 (0.4.2-2build1) ...
2026-10-06T16:26:49.9836899Z Selecting previously unselected package libsord-0-0:amd64.
2026-10-06T16:26:49.9957322Z Preparing to unpack .../061-libsord-0-0_0.16.16-2build1_amd64.deb ...
2026-10-06T16:26:49.9964872Z Unpacking libsord-0-0:amd64 (0.16.16-2build1) ...
2026-10-06T16:26:50.0153231Z Selecting previously unselected package libsratom-0-0:amd64.
2026-10-06T16:26:50.0278069Z Preparing to unpack .../062-libsratom-0-0_0.6.16-1build1_amd64.deb ...
2026-10-06T16:26:50.0286374Z Unpacking libsratom-0-0:amd64 (0.6.16-1build1) ...
2026-10-06T16:26:50.0473544Z Selecting previously unselected package liblilv-0-0:amd64.
2026-10-06T16:26:50.0599224Z Preparing to unpack .../063-liblilv-0-0_0.24.22-1build1_amd64.deb ...
2026-10-06T16:26:50.0606640Z Unpacking liblilv-0-0:amd64 (0.24.22-1build1) ...
2026-10-06T16:26:50.0798267Z Selecting previously unselected package libmysofa1:amd64.
2026-10-06T16:26:50.0917069Z Preparing to unpack .../064-libmysofa1_1.3.2+dfsg-2ubuntu2_amd64.deb ...
2026-10-06T16:26:50.0924563Z Unpacking libmysofa1:amd64 (1.3.2+dfsg-2ubuntu2) ...
2026-10-06T16:26:50.1165343Z Selecting previously unselected package libplacebo338:amd64.
2026-10-06T16:26:50.1284358Z Preparing to unpack .../065-libplacebo338_6.338.2-2build1_amd64.deb ...
2026-10-06T16:26:50.1292446Z Unpacking libplacebo338:amd64 (6.338.2-2build1) ...
2026-10-06T16:26:50.1794395Z Selecting previously unselected package libblas3:amd64.
2026-10-06T16:26:50.1918565Z Preparing to unpack .../066-libblas3_3.12.0-3build1.1_amd64.deb ...
2026-10-06T16:26:50.1946423Z Unpacking libblas3:amd64 (3.12.0-3build1.1) ...
2026-10-06T16:26:50.2170365Z Selecting previously unselected package liblapack3:amd64.
2026-10-06T16:26:50.2289710Z Preparing to unpack .../067-liblapack3_3.12.0-3build1.1_amd64.deb ...
2026-10-06T16:26:50.2317018Z Unpacking liblapack3:amd64 (3.12.0-3build1.1) ...
2026-10-06T16:26:50.2770891Z Selecting previously unselected package libasyncns0:amd64.
2026-10-06T16:26:50.2896689Z Preparing to unpack .../068-libasyncns0_0.8-6build4_amd64.deb ...
2026-10-06T16:26:50.2903733Z Unpacking libasyncns0:amd64 (0.8-6build4) ...
2026-10-06T16:26:50.3096858Z Selecting previously unselected package libflac12t64:amd64.
2026-10-06T16:26:50.3217436Z Preparing to unpack .../069-libflac12t64_1.4.3+ds-2.1ubuntu2_amd64.deb ...
2026-10-06T16:26:50.3224908Z Unpacking libflac12t64:amd64 (1.4.3+ds-2.1ubuntu2) ...
2026-10-06T16:26:50.3431786Z Selecting previously unselected package libsndfile1:amd64.
2026-10-06T16:26:50.3550635Z Preparing to unpack .../070-libsndfile1_1.2.2-1ubuntu5.24.04.1_amd64.deb ...
2026-10-06T16:26:50.3557653Z Unpacking libsndfile1:amd64 (1.2.2-1ubuntu5.24.04.1) ...
2026-10-06T16:26:50.3803836Z Selecting previously unselected package libpulse0:amd64.
2026-10-06T16:26:50.3927123Z Preparing to unpack .../071-libpulse0_1%3a16.1+dfsg1-2ubuntu10.1_amd64.deb ...
2026-10-06T16:26:50.3988247Z Unpacking libpulse0:amd64 (1:16.1+dfsg1-2ubuntu10.1) ...
2026-10-06T16:26:50.4218552Z Selecting previously unselected package libsphinxbase3t64:amd64.
2026-10-06T16:26:50.4339236Z Preparing to unpack .../072-libsphinxbase3t64_0.8+5prealpha+1-17build2_amd64.deb ...
2026-10-06T16:26:50.4347188Z Unpacking libsphinxbase3t64:amd64 (0.8+5prealpha+1-17build2) ...
2026-10-06T16:26:50.4550435Z Selecting previously unselected package libpocketsphinx3:amd64.
2026-10-06T16:26:50.4671558Z Preparing to unpack .../073-libpocketsphinx3_0.8.0+real5prealpha+1-15ubuntu5_amd64.deb ...
2026-10-06T16:26:50.4678735Z Unpacking libpocketsphinx3:amd64 (0.8.0+real5prealpha+1-15ubuntu5) ...
2026-10-06T16:26:50.4905533Z Selecting previously unselected package libpostproc57:amd64.
2026-10-06T16:26:50.5025331Z Preparing to unpack .../074-libpostproc57_7%3a6.1.1-3ubuntu5_amd64.deb ...
2026-10-06T16:26:50.5033220Z Unpacking libpostproc57:amd64 (7:6.1.1-3ubuntu5) ...
2026-10-06T16:26:50.5225197Z Selecting previously unselected package libsamplerate0:amd64.
2026-10-06T16:26:50.5344923Z Preparing to unpack .../075-libsamplerate0_0.2.2-4build1_amd64.deb ...
2026-10-06T16:26:50.5351922Z Unpacking libsamplerate0:amd64 (0.2.2-4build1) ...
2026-10-06T16:26:50.5589858Z Selecting previously unselected package librubberband2:amd64.
2026-10-06T16:26:50.5706734Z Preparing to unpack .../076-librubberband2_3.3.0+dfsg-2build1_amd64.deb ...
2026-10-06T16:26:50.5713968Z Unpacking librubberband2:amd64 (3.3.0+dfsg-2build1) ...
2026-10-06T16:26:50.5921349Z Selecting previously unselected package libswscale7:amd64.
2026-10-06T16:26:50.6038572Z Preparing to unpack .../077-libswscale7_7%3a6.1.1-3ubuntu5_amd64.deb ...
2026-10-06T16:26:50.6046616Z Unpacking libswscale7:amd64 (7:6.1.1-3ubuntu5) ...
2026-10-06T16:26:50.6257550Z Selecting previously unselected package libvidstab1.1:amd64.
2026-10-06T16:26:50.6374007Z Preparing to unpack .../078-libvidstab1.1_1.1.0-2build1_amd64.deb ...
2026-10-06T16:26:50.6412335Z Unpacking libvidstab1.1:amd64 (1.1.0-2build1) ...
2026-10-06T16:26:50.6599790Z Selecting previously unselected package libzimg2:amd64.
2026-10-06T16:26:50.6714994Z Preparing to unpack .../079-libzimg2_3.0.5+ds1-1build1_amd64.deb ...
2026-10-06T16:26:50.6723281Z Unpacking libzimg2:amd64 (3.0.5+ds1-1build1) ...
2026-10-06T16:26:50.6943909Z Selecting previously unselected package libavfilter9:amd64.
2026-10-06T16:26:50.7062414Z Preparing to unpack .../080-libavfilter9_7%3a6.1.1-3ubuntu5_amd64.deb ...
2026-10-06T16:26:50.7071087Z Unpacking libavfilter9:amd64 (7:6.1.1-3ubuntu5) ...
2026-10-06T16:26:50.7959737Z Selecting previously unselected package liborc-0.4-0t64:amd64.
2026-10-06T16:26:50.8084541Z Preparing to unpack .../081-liborc-0.4-0t64_1%3a0.4.38-1ubuntu0.1_amd64.deb ...
2026-10-06T16:26:50.8105009Z Unpacking liborc-0.4-0t64:amd64 (1:0.4.38-1ubuntu0.1) ...
2026-10-06T16:26:50.8331742Z Selecting previously unselected package libgstreamer-plugins-base1.0-0:amd64.
2026-10-06T16:26:50.8454243Z Preparing to unpack .../082-libgstreamer-plugins-base1.0-0_1.24.2-1ubuntu0.5_amd64.deb ...
2026-10-06T16:26:50.8460786Z Unpacking libgstreamer-plugins-base1.0-0:amd64 (1.24.2-1ubuntu0.5) ...
2026-10-06T16:26:50.8788075Z Selecting previously unselected package gstreamer1.0-libav:amd64.
2026-10-06T16:26:50.8909476Z Preparing to unpack .../083-gstreamer1.0-libav_1.24.1-1build1_amd64.deb ...
2026-10-06T16:26:50.8916517Z Unpacking gstreamer1.0-libav:amd64 (1.24.1-1build1) ...
2026-10-06T16:26:50.9118840Z Selecting previously unselected package libcdparanoia0:amd64.
2026-10-06T16:26:50.9238960Z Preparing to unpack .../084-libcdparanoia0_3.10.2+debian-14build3_amd64.deb ...
2026-10-06T16:26:50.9247637Z Unpacking libcdparanoia0:amd64 (3.10.2+debian-14build3) ...
2026-10-06T16:26:50.9458929Z Selecting previously unselected package libvisual-0.4-0:amd64.
2026-10-06T16:26:50.9578118Z Preparing to unpack .../085-libvisual-0.4-0_0.4.2-2build1_amd64.deb ...
2026-10-06T16:26:50.9585469Z Unpacking libvisual-0.4-0:amd64 (0.4.2-2build1) ...
2026-10-06T16:26:50.9791698Z Selecting previously unselected package gstreamer1.0-plugins-base:amd64.
2026-10-06T16:26:50.9909266Z Preparing to unpack .../086-gstreamer1.0-plugins-base_1.24.2-1ubuntu0.5_amd64.deb ...
2026-10-06T16:26:50.9916249Z Unpacking gstreamer1.0-plugins-base:amd64 (1.24.2-1ubuntu0.5) ...
2026-10-06T16:26:51.0220367Z Selecting previously unselected package libaa1:amd64.
2026-10-06T16:26:51.0338642Z Preparing to unpack .../087-libaa1_1.4p5-51.1_amd64.deb ...
2026-10-06T16:26:51.0345107Z Unpacking libaa1:amd64 (1.4p5-51.1) ...
2026-10-06T16:26:51.0554157Z Selecting previously unselected package libraw1394-11:amd64.
2026-10-06T16:26:51.0673594Z Preparing to unpack .../088-libraw1394-11_2.1.2-2build3_amd64.deb ...
2026-10-06T16:26:51.0680096Z Unpacking libraw1394-11:amd64 (2.1.2-2build3) ...
2026-10-06T16:26:51.0881087Z Selecting previously unselected package libavc1394-0:amd64.
2026-10-06T16:26:51.1002671Z Preparing to unpack .../089-libavc1394-0_0.5.4-5build3_amd64.deb ...
2026-10-06T16:26:51.1010010Z Unpacking libavc1394-0:amd64 (0.5.4-5build3) ...
2026-10-06T16:26:51.1202711Z Selecting previously unselected package libcaca0:amd64.
2026-10-06T16:26:51.1320944Z Preparing to unpack .../090-libcaca0_0.99.beta20-4ubuntu0.2_amd64.deb ...
2026-10-06T16:26:51.1327088Z Unpacking libcaca0:amd64 (0.99.beta20-4ubuntu0.2) ...
2026-10-06T16:26:51.1587434Z Selecting previously unselected package libdv4t64:amd64.
2026-10-06T16:26:51.1708611Z Preparing to unpack .../091-libdv4t64_1.0.0-17.1build1_amd64.deb ...
2026-10-06T16:26:51.1717344Z Unpacking libdv4t64:amd64 (1.0.0-17.1build1) ...
2026-10-06T16:26:51.1923753Z Selecting previously unselected package libgstreamer-plugins-good1.0-0:amd64.
2026-10-06T16:26:51.2042364Z Preparing to unpack .../092-libgstreamer-plugins-good1.0-0_1.24.2-1ubuntu1.8_amd64.deb ...
2026-10-06T16:26:51.2049047Z Unpacking libgstreamer-plugins-good1.0-0:amd64 (1.24.2-1ubuntu1.8) ...
2026-10-06T16:26:51.2249910Z Selecting previously unselected package libiec61883-0:amd64.
2026-10-06T16:26:51.2366552Z Preparing to unpack .../093-libiec61883-0_1.2.0-6build1_amd64.deb ...
2026-10-06T16:26:51.2373673Z Unpacking libiec61883-0:amd64 (1.2.0-6build1) ...
2026-10-06T16:26:51.2569875Z Selecting previously unselected package libshout3:amd64.
2026-10-06T16:26:51.2689700Z Preparing to unpack .../094-libshout3_2.4.6-1build2_amd64.deb ...
2026-10-06T16:26:51.2697898Z Unpacking libshout3:amd64 (2.4.6-1build2) ...
2026-10-06T16:26:51.2899788Z Selecting previously unselected package libtag1v5-vanilla:amd64.
2026-10-06T16:26:51.3015232Z Preparing to unpack .../095-libtag1v5-vanilla_1.13.1-1build1_amd64.deb ...
2026-10-06T16:26:51.3021747Z Unpacking libtag1v5-vanilla:amd64 (1.13.1-1build1) ...
2026-10-06T16:26:51.3245168Z Selecting previously unselected package libtag1v5:amd64.
2026-10-06T16:26:51.3362286Z Preparing to unpack .../096-libtag1v5_1.13.1-1build1_amd64.deb ...
2026-10-06T16:26:51.3368745Z Unpacking libtag1v5:amd64 (1.13.1-1build1) ...
2026-10-06T16:26:51.3556634Z Selecting previously unselected package libv4lconvert0t64:amd64.
2026-10-06T16:26:51.3671476Z Preparing to unpack .../097-libv4lconvert0t64_1.26.1-4build3_amd64.deb ...
2026-10-06T16:26:51.3678031Z Unpacking libv4lconvert0t64:amd64 (1.26.1-4build3) ...
2026-10-06T16:26:51.3896860Z Selecting previously unselected package libv4l-0t64:amd64.
2026-10-06T16:26:51.4013197Z Preparing to unpack .../098-libv4l-0t64_1.26.1-4build3_amd64.deb ...
2026-10-06T16:26:51.4022009Z Unpacking libv4l-0t64:amd64 (1.26.1-4build3) ...
2026-10-06T16:26:51.4236522Z Selecting previously unselected package libwavpack1:amd64.
2026-10-06T16:26:51.4351516Z Preparing to unpack .../099-libwavpack1_5.6.0-1build1_amd64.deb ...
2026-10-06T16:26:51.4358251Z Unpacking libwavpack1:amd64 (5.6.0-1build1) ...
2026-10-06T16:26:51.4545224Z Selecting previously unselected package libsoup-3.0-common.
2026-10-06T16:26:51.4660697Z Preparing to unpack .../100-libsoup-3.0-common_3.4.4-5ubuntu0.8_all.deb ...
2026-10-06T16:26:51.4669924Z Unpacking libsoup-3.0-common (3.4.4-5ubuntu0.8) ...
2026-10-06T16:26:51.4863535Z Selecting previously unselected package libsoup-3.0-0:amd64.
2026-10-06T16:26:51.4977624Z Preparing to unpack .../101-libsoup-3.0-0_3.4.4-5ubuntu0.8_amd64.deb ...
2026-10-06T16:26:51.4984874Z Unpacking libsoup-3.0-0:amd64 (3.4.4-5ubuntu0.8) ...
2026-10-06T16:26:51.5195702Z Selecting previously unselected package gstreamer1.0-plugins-good:amd64.
2026-10-06T16:26:51.5309440Z Preparing to unpack .../102-gstreamer1.0-plugins-good_1.24.2-1ubuntu1.8_amd64.deb ...
2026-10-06T16:26:51.5320358Z Unpacking gstreamer1.0-plugins-good:amd64 (1.24.2-1ubuntu1.8) ...
2026-10-06T16:26:51.5850221Z Selecting previously unselected package libabsl20220623t64:amd64.
2026-10-06T16:26:51.5972266Z Preparing to unpack .../103-libabsl20220623t64_20220623.1-3.1ubuntu3.2_amd64.deb ...
2026-10-06T16:26:51.5985215Z Unpacking libabsl20220623t64:amd64 (20220623.1-3.1ubuntu3.2) ...
2026-10-06T16:26:51.6393358Z Selecting previously unselected package libgav1-1:amd64.
2026-10-06T16:26:51.6516258Z Preparing to unpack .../104-libgav1-1_0.18.0-1build3_amd64.deb ...
2026-10-06T16:26:51.6522740Z Unpacking libgav1-1:amd64 (0.18.0-1build3) ...
2026-10-06T16:26:51.6746624Z Selecting previously unselected package libyuv0:amd64.
2026-10-06T16:26:51.6865398Z Preparing to unpack .../105-libyuv0_0.0~git202401110.af6ac82-1_amd64.deb ...
2026-10-06T16:26:51.6871857Z Unpacking libyuv0:amd64 (0.0~git202401110.af6ac82-1) ...
2026-10-06T16:26:51.7081446Z Selecting previously unselected package libavif16:amd64.
2026-10-06T16:26:51.7200144Z Preparing to unpack .../106-libavif16_1.0.4-1ubuntu3_amd64.deb ...
2026-10-06T16:26:51.7208252Z Unpacking libavif16:amd64 (1.0.4-1ubuntu3) ...
2026-10-06T16:26:51.7406022Z Selecting previously unselected package libavtp0:amd64.
2026-10-06T16:26:51.7524544Z Preparing to unpack .../107-libavtp0_0.2.0-1build1_amd64.deb ...
2026-10-06T16:26:51.7531329Z Unpacking libavtp0:amd64 (0.2.0-1build1) ...
2026-10-06T16:26:51.7718616Z Selecting previously unselected package libcairo-script-interpreter2:amd64.
2026-10-06T16:26:51.7836283Z Preparing to unpack .../108-libcairo-script-interpreter2_1.18.0-3build1_amd64.deb ...
2026-10-06T16:26:51.7842775Z Unpacking libcairo-script-interpreter2:amd64 (1.18.0-3build1) ...
2026-10-06T16:26:51.8046381Z Selecting previously unselected package libdc1394-25:amd64.
2026-10-06T16:26:51.8164462Z Preparing to unpack .../109-libdc1394-25_2.2.6-4build1_amd64.deb ...
2026-10-06T16:26:51.8171442Z Unpacking libdc1394-25:amd64 (2.2.6-4build1) ...
2026-10-06T16:26:51.8372382Z Selecting previously unselected package libde265-0:amd64.
2026-10-06T16:26:51.8489507Z Preparing to unpack .../110-libde265-0_1.0.15-1ubuntu0.1_amd64.deb ...
2026-10-06T16:26:51.8495395Z Unpacking libde265-0:amd64 (1.0.15-1ubuntu0.1) ...
2026-10-06T16:26:51.8704155Z Selecting previously unselected package libdecor-0-0:amd64.
2026-10-06T16:26:51.8821316Z Preparing to unpack .../111-libdecor-0-0_0.2.2-1build2_amd64.deb ...
2026-10-06T16:26:51.8828902Z Unpacking libdecor-0-0:amd64 (0.2.2-1build2) ...
2026-10-06T16:26:51.9015291Z Selecting previously unselected package libgles2:amd64.
2026-10-06T16:26:51.9134523Z Preparing to unpack .../112-libgles2_1.7.0-1build1_amd64.deb ...
2026-10-06T16:26:51.9140945Z Unpacking libgles2:amd64 (1.7.0-1build1) ...
2026-10-06T16:26:51.9338679Z Selecting previously unselected package libdirectfb-1.7-7t64:amd64.
2026-10-06T16:26:51.9457112Z Preparing to unpack .../113-libdirectfb-1.7-7t64_1.7.7-11.1ubuntu2_amd64.deb ...
2026-10-06T16:26:51.9467438Z Unpacking libdirectfb-1.7-7t64:amd64 (1.7.7-11.1ubuntu2) ...
2026-10-06T16:26:51.9844783Z Selecting previously unselected package libdvdread8t64:amd64.
2026-10-06T16:26:51.9965119Z Preparing to unpack .../114-libdvdread8t64_6.1.3-1.1build1_amd64.deb ...
2026-10-06T16:26:51.9971457Z Unpacking libdvdread8t64:amd64 (6.1.3-1.1build1) ...
2026-10-06T16:26:52.0171604Z Selecting previously unselected package libdvdnav4:amd64.
2026-10-06T16:26:52.0290713Z Preparing to unpack .../115-libdvdnav4_6.1.1-3build1_amd64.deb ...
2026-10-06T16:26:52.0297786Z Unpacking libdvdnav4:amd64 (6.1.1-3build1) ...
2026-10-06T16:26:52.0654377Z Preparing to unpack .../116-libgl1-mesa-dri_25.2.8-0ubuntu0.24.04.4_amd64.deb ...
2026-10-06T16:26:52.0790700Z Unpacking libgl1-mesa-dri:amd64 (25.2.8-0ubuntu0.24.04.4) over (25.2.8-0ubuntu0.24.04.2) ...
2026-10-06T16:26:52.1262270Z Preparing to unpack .../117-libglx-mesa0_25.2.8-0ubuntu0.24.04.4_amd64.deb ...
2026-10-06T16:26:52.1281157Z Unpacking libglx-mesa0:amd64 (25.2.8-0ubuntu0.24.04.4) over (25.2.8-0ubuntu0.24.04.2) ...
2026-10-06T16:26:52.1623343Z Preparing to unpack .../118-libgbm1_25.2.8-0ubuntu0.24.04.4_amd64.deb ...
2026-10-06T16:26:52.1643888Z Unpacking libgbm1:amd64 (25.2.8-0ubuntu0.24.04.4) over (25.2.8-0ubuntu0.24.04.2) ...
2026-10-06T16:26:52.1978094Z Preparing to unpack .../119-mesa-libgallium_25.2.8-0ubuntu0.24.04.4_amd64.deb ...
2026-10-06T16:26:52.2002816Z Unpacking mesa-libgallium:amd64 (25.2.8-0ubuntu0.24.04.4) over (25.2.8-0ubuntu0.24.04.2) ...
2026-10-06T16:26:52.3613006Z Selecting previously unselected package libegl-mesa0:amd64.
2026-10-06T16:26:52.3736922Z Preparing to unpack .../120-libegl-mesa0_25.2.8-0ubuntu0.24.04.4_amd64.deb ...
2026-10-06T16:26:52.3766569Z Unpacking libegl-mesa0:amd64 (25.2.8-0ubuntu0.24.04.4) ...
2026-10-06T16:26:52.3979714Z Selecting previously unselected package libevent-2.1-7t64:amd64.
2026-10-06T16:26:52.4099251Z Preparing to unpack .../121-libevent-2.1-7t64_2.1.12-stable-9ubuntu2.2_amd64.deb ...
2026-10-06T16:26:52.4108055Z Unpacking libevent-2.1-7t64:amd64 (2.1.12-stable-9ubuntu2.2) ...
2026-10-06T16:26:52.4431428Z Preparing to unpack .../122-libevent-pthreads-2.1-7t64_2.1.12-stable-9ubuntu2.2_amd64.deb ...
2026-10-06T16:26:52.4687371Z Unpacking libevent-pthreads-2.1-7t64:amd64 (2.1.12-stable-9ubuntu2.2) over (2.1.12-stable-9ubuntu2.1) ...
2026-10-06T16:26:52.5024859Z Preparing to unpack .../123-libevent-core-2.1-7t64_2.1.12-stable-9ubuntu2.2_amd64.deb ...
2026-10-06T16:26:52.5105004Z Unpacking libevent-core-2.1-7t64:amd64 (2.1.12-stable-9ubuntu2.2) over (2.1.12-stable-9ubuntu2.1) ...
2026-10-06T16:26:52.5326088Z Selecting previously unselected package libfaad2:amd64.
2026-10-06T16:26:52.5445429Z Preparing to unpack .../124-libfaad2_2.11.1-1build1_amd64.deb ...
2026-10-06T16:26:52.5452037Z Unpacking libfaad2:amd64 (2.11.1-1build1) ...
2026-10-06T16:26:52.5664585Z Selecting previously unselected package libinstpatch-1.0-2:amd64.
2026-10-06T16:26:52.5782306Z Preparing to unpack .../125-libinstpatch-1.0-2_1.1.6-1build2_amd64.deb ...
2026-10-06T16:26:52.5793422Z Unpacking libinstpatch-1.0-2:amd64 (1.1.6-1build2) ...
2026-10-06T16:26:52.6009415Z Selecting previously unselected package libjack-jackd2-0:amd64.
2026-10-06T16:26:52.6126451Z Preparing to unpack .../126-libjack-jackd2-0_1.9.21~dfsg-3ubuntu3_amd64.deb ...
2026-10-06T16:26:52.6135929Z Unpacking libjack-jackd2-0:amd64 (1.9.21~dfsg-3ubuntu3) ...
2026-10-06T16:26:52.6369918Z Selecting previously unselected package libwebrtc-audio-processing1:amd64.
2026-10-06T16:26:52.6485711Z Preparing to unpack .../127-libwebrtc-audio-processing1_0.3.1-0ubuntu6_amd64.deb ...
2026-10-06T16:26:52.6493051Z Unpacking libwebrtc-audio-processing1:amd64 (0.3.1-0ubuntu6) ...
2026-10-06T16:26:52.6698103Z Selecting previously unselected package libspa-0.2-modules:amd64.
2026-10-06T16:26:52.6813921Z Preparing to unpack .../128-libspa-0.2-modules_1.0.5-1ubuntu3.3_amd64.deb ...
2026-10-06T16:26:52.6820389Z Unpacking libspa-0.2-modules:amd64 (1.0.5-1ubuntu3.3) ...
2026-10-06T16:26:52.7110944Z Selecting previously unselected package libpipewire-0.3-0t64:amd64.
2026-10-06T16:26:52.7229187Z Preparing to unpack .../129-libpipewire-0.3-0t64_1.0.5-1ubuntu3.3_amd64.deb ...
2026-10-06T16:26:52.7238972Z Unpacking libpipewire-0.3-0t64:amd64 (1.0.5-1ubuntu3.3) ...
2026-10-06T16:26:52.7466721Z Selecting previously unselected package libsdl2-2.0-0:amd64.
2026-10-06T16:26:52.7582828Z Preparing to unpack .../130-libsdl2-2.0-0_2.30.0+dfsg-1ubuntu3.1_amd64.deb ...
2026-10-06T16:26:52.7590117Z Unpacking libsdl2-2.0-0:amd64 (2.30.0+dfsg-1ubuntu3.1) ...
2026-10-06T16:26:52.7855638Z Selecting previously unselected package timgm6mb-soundfont.
2026-10-06T16:26:52.7974077Z Preparing to unpack .../131-timgm6mb-soundfont_1.3-5_all.deb ...
2026-10-06T16:26:52.7980375Z Unpacking timgm6mb-soundfont (1.3-5) ...
2026-10-06T16:26:53.1328283Z Selecting previously unselected package libfluidsynth3:amd64.
2026-10-06T16:26:53.1451598Z Preparing to unpack .../132-libfluidsynth3_2.3.4-1build3_amd64.deb ...
2026-10-06T16:26:53.1458542Z Unpacking libfluidsynth3:amd64 (2.3.4-1build3) ...
2026-10-06T16:26:53.1677581Z Selecting previously unselected package libfreeaptx0:amd64.
2026-10-06T16:26:53.1797233Z Preparing to unpack .../133-libfreeaptx0_0.1.1-2build1_amd64.deb ...
2026-10-06T16:26:53.1803792Z Unpacking libfreeaptx0:amd64 (0.1.1-2build1) ...
2026-10-06T16:26:53.1995504Z Selecting previously unselected package libgraphene-1.0-0:amd64.
2026-10-06T16:26:53.2112058Z Preparing to unpack .../134-libgraphene-1.0-0_1.10.8-3build2_amd64.deb ...
2026-10-06T16:26:53.2118439Z Unpacking libgraphene-1.0-0:amd64 (1.10.8-3build2) ...
2026-10-06T16:26:53.2313113Z Selecting previously unselected package libgssdp-1.6-0:amd64.
2026-10-06T16:26:53.2430021Z Preparing to unpack .../135-libgssdp-1.6-0_1.6.3-1build3_amd64.deb ...
2026-10-06T16:26:53.2436991Z Unpacking libgssdp-1.6-0:amd64 (1.6.3-1build3) ...
2026-10-06T16:26:53.2633836Z Selecting previously unselected package libegl1:amd64.
2026-10-06T16:26:53.2751280Z Preparing to unpack .../136-libegl1_1.7.0-1build1_amd64.deb ...
2026-10-06T16:26:53.2759555Z Unpacking libegl1:amd64 (1.7.0-1build1) ...
2026-10-06T16:26:53.2957272Z Selecting previously unselected package libgstreamer-gl1.0-0:amd64.
2026-10-06T16:26:53.3072791Z Preparing to unpack .../137-libgstreamer-gl1.0-0_1.24.2-1ubuntu0.5_amd64.deb ...
2026-10-06T16:26:53.3079801Z Unpacking libgstreamer-gl1.0-0:amd64 (1.24.2-1ubuntu0.5) ...
2026-10-06T16:26:53.3287440Z Selecting previously unselected package libgtk-4-common.
2026-10-06T16:26:53.3403320Z Preparing to unpack .../138-libgtk-4-common_4.14.5+ds-0ubuntu0.10_all.deb ...
2026-10-06T16:26:53.3410731Z Unpacking libgtk-4-common (4.14.5+ds-0ubuntu0.10) ...
2026-10-06T16:26:53.3882206Z Selecting previously unselected package libgtk-4-1:amd64.
2026-10-06T16:26:53.4004180Z Preparing to unpack .../139-libgtk-4-1_4.14.5+ds-0ubuntu0.10_amd64.deb ...
2026-10-06T16:26:53.4014434Z Unpacking libgtk-4-1:amd64 (4.14.5+ds-0ubuntu0.10) ...
2026-10-06T16:26:53.7582064Z Selecting previously unselected package libgupnp-1.6-0:amd64.
2026-10-06T16:26:53.7708114Z Preparing to unpack .../140-libgupnp-1.6-0_1.6.6-1build3_amd64.deb ...
2026-10-06T16:26:53.7718712Z Unpacking libgupnp-1.6-0:amd64 (1.6.6-1build3) ...
2026-10-06T16:26:53.7926622Z Selecting previously unselected package libgupnp-igd-1.6-0:amd64.
2026-10-06T16:26:53.8051852Z Preparing to unpack .../141-libgupnp-igd-1.6-0_1.6.0-3build3_amd64.deb ...
2026-10-06T16:26:53.8059652Z Unpacking libgupnp-igd-1.6-0:amd64 (1.6.0-3build3) ...
2026-10-06T16:26:53.8259795Z Selecting previously unselected package libharfbuzz-icu0:amd64.
2026-10-06T16:26:53.8380045Z Preparing to unpack .../142-libharfbuzz-icu0_8.3.0-2build2_amd64.deb ...
2026-10-06T16:26:53.8387609Z Unpacking libharfbuzz-icu0:amd64 (8.3.0-2build2) ...
2026-10-06T16:26:53.8601097Z Selecting previously unselected package libhyphen0:amd64.
2026-10-06T16:26:53.8723828Z Preparing to unpack .../143-libhyphen0_2.8.8-7build3_amd64.deb ...
2026-10-06T16:26:53.8732287Z Unpacking libhyphen0:amd64 (2.8.8-7build3) ...
2026-10-06T16:26:53.8927698Z Selecting previously unselected package libimath-3-1-29t64:amd64.
2026-10-06T16:26:53.9050532Z Preparing to unpack .../144-libimath-3-1-29t64_3.1.9-3.1ubuntu2_amd64.deb ...
2026-10-06T16:26:53.9057900Z Unpacking libimath-3-1-29t64:amd64 (3.1.9-3.1ubuntu2) ...
2026-10-06T16:26:53.9274619Z Selecting previously unselected package liblc3-1:amd64.
2026-10-06T16:26:53.9398083Z Preparing to unpack .../145-liblc3-1_1.0.4-3build1_amd64.deb ...
2026-10-06T16:26:53.9406696Z Unpacking liblc3-1:amd64 (1.0.4-3build1) ...
2026-10-06T16:26:53.9602485Z Selecting previously unselected package libldacbt-enc2:amd64.
2026-10-06T16:26:53.9724535Z Preparing to unpack .../146-libldacbt-enc2_2.0.2.3+git20200429+ed310a0-4ubuntu2_amd64.deb ...
2026-10-06T16:26:53.9733386Z Unpacking libldacbt-enc2:amd64 (2.0.2.3+git20200429+ed310a0-4ubuntu2) ...
2026-10-06T16:26:53.9924479Z Selecting previously unselected package libraptor2-0:amd64.
2026-10-06T16:26:54.0040251Z Preparing to unpack .../147-libraptor2-0_2.0.16-3ubuntu0.1_amd64.deb ...
2026-10-06T16:26:54.0048383Z Unpacking libraptor2-0:amd64 (2.0.16-3ubuntu0.1) ...
2026-10-06T16:26:54.0252952Z Selecting previously unselected package liblrdf0:amd64.
2026-10-06T16:26:54.0368732Z Preparing to unpack .../148-liblrdf0_0.6.1-4build1_amd64.deb ...
2026-10-06T16:26:54.0378281Z Unpacking liblrdf0:amd64 (0.6.1-4build1) ...
2026-10-06T16:26:54.0572316Z Selecting previously unselected package libltc11:amd64.
2026-10-06T16:26:54.0693767Z Preparing to unpack .../149-libltc11_1.3.2-1build1_amd64.deb ...
2026-10-06T16:26:54.0701314Z Unpacking libltc11:amd64 (1.3.2-1build1) ...
2026-10-06T16:26:54.0899453Z Selecting previously unselected package libmanette-0.2-0:amd64.
2026-10-06T16:26:54.1019331Z Preparing to unpack .../150-libmanette-0.2-0_0.2.7-1build2_amd64.deb ...
2026-10-06T16:26:54.1026551Z Unpacking libmanette-0.2-0:amd64 (0.2.7-1build2) ...
2026-10-06T16:26:54.1225504Z Selecting previously unselected package libmfx1:amd64.
2026-10-06T16:26:54.1346234Z Preparing to unpack .../151-libmfx1_22.5.4-1_amd64.deb ...
2026-10-06T16:26:54.1355343Z Unpacking libmfx1:amd64 (22.5.4-1) ...
2026-10-06T16:26:54.2214280Z Selecting previously unselected package libmjpegutils-2.1-0t64:amd64.
2026-10-06T16:26:54.2343667Z Preparing to unpack .../152-libmjpegutils-2.1-0t64_1%3a2.1.0+debian-8.1build1_amd64.deb ...
2026-10-06T16:26:54.2353021Z Unpacking libmjpegutils-2.1-0t64:amd64 (1:2.1.0+debian-8.1build1) ...
2026-10-06T16:26:54.2545951Z Selecting previously unselected package libmodplug1:amd64.
2026-10-06T16:26:54.2668798Z Preparing to unpack .../153-libmodplug1_1%3a0.8.9.0-3build1_amd64.deb ...
2026-10-06T16:26:54.2674942Z Unpacking libmodplug1:amd64 (1:0.8.9.0-3build1) ...
2026-10-06T16:26:54.2908099Z Selecting previously unselected package libmpcdec6:amd64.
2026-10-06T16:26:54.3028339Z Preparing to unpack .../154-libmpcdec6_2%3a0.1~r495-2build1_amd64.deb ...
2026-10-06T16:26:54.3035263Z Unpacking libmpcdec6:amd64 (2:0.1~r495-2build1) ...
2026-10-06T16:26:54.3228229Z Selecting previously unselected package libmpeg2encpp-2.1-0t64:amd64.
2026-10-06T16:26:54.3349166Z Preparing to unpack .../155-libmpeg2encpp-2.1-0t64_1%3a2.1.0+debian-8.1build1_amd64.deb ...
2026-10-06T16:26:54.3356018Z Unpacking libmpeg2encpp-2.1-0t64:amd64 (1:2.1.0+debian-8.1build1) ...
2026-10-06T16:26:54.3551841Z Selecting previously unselected package libmplex2-2.1-0t64:amd64.
2026-10-06T16:26:54.3672353Z Preparing to unpack .../156-libmplex2-2.1-0t64_1%3a2.1.0+debian-8.1build1_amd64.deb ...
2026-10-06T16:26:54.3678599Z Unpacking libmplex2-2.1-0t64:amd64 (1:2.1.0+debian-8.1build1) ...
2026-10-06T16:26:54.3875846Z Selecting previously unselected package libneon27t64:amd64.
2026-10-06T16:26:54.3997303Z Preparing to unpack .../157-libneon27t64_0.33.0-1.1build3_amd64.deb ...
2026-10-06T16:26:54.4005926Z Unpacking libneon27t64:amd64 (0.33.0-1.1build3) ...
2026-10-06T16:26:54.4438366Z Selecting previously unselected package libnice10:amd64.
2026-10-06T16:26:54.4561508Z Preparing to unpack .../158-libnice10_0.1.21-2build3_amd64.deb ...
2026-10-06T16:26:54.4568065Z Unpacking libnice10:amd64 (0.1.21-2build3) ...
2026-10-06T16:26:54.4777604Z Selecting previously unselected package libopenal-data.
2026-10-06T16:26:54.4897447Z Preparing to unpack .../159-libopenal-data_1%3a1.23.1-4build1_all.deb ...
2026-10-06T16:26:54.4904348Z Unpacking libopenal-data (1:1.23.1-4build1) ...
2026-10-06T16:26:54.5119223Z Selecting previously unselected package libopenexr-3-1-30:amd64.
2026-10-06T16:26:54.5240191Z Preparing to unpack .../160-libopenexr-3-1-30_3.1.5-5.1build3_amd64.deb ...
2026-10-06T16:26:54.5248339Z Unpacking libopenexr-3-1-30:amd64 (3.1.5-5.1build3) ...
2026-10-06T16:26:54.5603055Z Selecting previously unselected package libopenh264-7:amd64.
2026-10-06T16:26:54.5729837Z Preparing to unpack .../161-libopenh264-7_2.4.1+dfsg-1_amd64.deb ...
2026-10-06T16:26:54.5736853Z Unpacking libopenh264-7:amd64 (2.4.1+dfsg-1) ...
2026-10-06T16:26:54.5978396Z Selecting previously unselected package libopenni2-0:amd64.
2026-10-06T16:26:54.6102407Z Preparing to unpack .../162-libopenni2-0_2.2.0.33+dfsg-18_amd64.deb ...
2026-10-06T16:26:54.6129944Z Unpacking libopenni2-0:amd64 (2.2.0.33+dfsg-18) ...
2026-10-06T16:26:54.6398816Z Selecting previously unselected package libqrencode4:amd64.
2026-10-06T16:26:54.6522376Z Preparing to unpack .../163-libqrencode4_4.1.1-1build2_amd64.deb ...
2026-10-06T16:26:54.6528740Z Unpacking libqrencode4:amd64 (4.1.1-1build2) ...
2026-10-06T16:26:54.6708236Z Selecting previously unselected package libsecret-common.
2026-10-06T16:26:54.6829950Z Preparing to unpack .../164-libsecret-common_0.21.4-1build3_all.deb ...
2026-10-06T16:26:54.6843098Z Unpacking libsecret-common (0.21.4-1build3) ...
2026-10-06T16:26:54.7026528Z Selecting previously unselected package libsecret-1-0:amd64.
2026-10-06T16:26:54.7149827Z Preparing to unpack .../165-libsecret-1-0_0.21.4-1build3_amd64.deb ...
2026-10-06T16:26:54.7156421Z Unpacking libsecret-1-0:amd64 (0.21.4-1build3) ...
2026-10-06T16:26:54.7363491Z Selecting previously unselected package libsndio7.0:amd64.
2026-10-06T16:26:54.7482029Z Preparing to unpack .../166-libsndio7.0_1.9.0-0.3build3_amd64.deb ...
2026-10-06T16:26:54.7491827Z Unpacking libsndio7.0:amd64 (1.9.0-0.3build3) ...
2026-10-06T16:26:54.7687875Z Selecting previously unselected package libsoundtouch1:amd64.
2026-10-06T16:26:54.7807140Z Preparing to unpack .../167-libsoundtouch1_2.3.2+ds1-1build1_amd64.deb ...
2026-10-06T16:26:54.7815515Z Unpacking libsoundtouch1:amd64 (2.3.2+ds1-1build1) ...
2026-10-06T16:26:54.8023458Z Selecting previously unselected package libspandsp2t64:amd64.
2026-10-06T16:26:54.8146987Z Preparing to unpack .../168-libspandsp2t64_0.0.6+dfsg-2.1build1_amd64.deb ...
2026-10-06T16:26:54.8153219Z Unpacking libspandsp2t64:amd64 (0.0.6+dfsg-2.1build1) ...
2026-10-06T16:26:54.8384555Z Selecting previously unselected package libsrtp2-1:amd64.
2026-10-06T16:26:54.8509777Z Preparing to unpack .../169-libsrtp2-1_2.5.0-3build1_amd64.deb ...
2026-10-06T16:26:54.8520616Z Unpacking libsrtp2-1:amd64 (2.5.0-3build1) ...
2026-10-06T16:26:54.8717232Z Selecting previously unselected package libwayland-server0:amd64.
2026-10-06T16:26:54.8840515Z Preparing to unpack .../170-libwayland-server0_1.22.0-2.1build1_amd64.deb ...
2026-10-06T16:26:54.8847370Z Unpacking libwayland-server0:amd64 (1.22.0-2.1build1) ...
2026-10-06T16:26:54.9040947Z Selecting previously unselected package libwildmidi2:amd64.
2026-10-06T16:26:54.9162789Z Preparing to unpack .../171-libwildmidi2_0.4.3-1build3_amd64.deb ...
2026-10-06T16:26:54.9169270Z Unpacking libwildmidi2:amd64 (0.4.3-1build3) ...
2026-10-06T16:26:54.9370265Z Selecting previously unselected package libwoff1:amd64.
2026-10-06T16:26:54.9490800Z Preparing to unpack .../172-libwoff1_1.0.2-2build1_amd64.deb ...
2026-10-06T16:26:54.9497596Z Unpacking libwoff1:amd64 (1.0.2-2build1) ...
2026-10-06T16:26:54.9728479Z Selecting previously unselected package libxcb-xkb1:amd64.
2026-10-06T16:26:54.9848180Z Preparing to unpack .../173-libxcb-xkb1_1.15-1ubuntu2_amd64.deb ...
2026-10-06T16:26:54.9855559Z Unpacking libxcb-xkb1:amd64 (1.15-1ubuntu2) ...
2026-10-06T16:26:55.0051961Z Selecting previously unselected package libxkbcommon-x11-0:amd64.
2026-10-06T16:26:55.0169878Z Preparing to unpack .../174-libxkbcommon-x11-0_1.6.0-1build1_amd64.deb ...
2026-10-06T16:26:55.0180229Z Unpacking libxkbcommon-x11-0:amd64 (1.6.0-1build1) ...
2026-10-06T16:26:55.0373272Z Selecting previously unselected package libzbar0t64:amd64.
2026-10-06T16:26:55.0491104Z Preparing to unpack .../175-libzbar0t64_0.23.93-4build3_amd64.deb ...
2026-10-06T16:26:55.0498058Z Unpacking libzbar0t64:amd64 (0.23.93-4build3) ...
2026-10-06T16:26:55.0708590Z Selecting previously unselected package libzxing3:amd64.
2026-10-06T16:26:55.0828585Z Preparing to unpack .../176-libzxing3_2.2.1-3_amd64.deb ...
2026-10-06T16:26:55.0836384Z Unpacking libzxing3:amd64 (2.2.1-3) ...
2026-10-06T16:26:55.1071377Z Selecting previously unselected package xfonts-encodings.
2026-10-06T16:26:55.1195236Z Preparing to unpack .../177-xfonts-encodings_1%3a1.0.5-0ubuntu2_all.deb ...
2026-10-06T16:26:55.1201655Z Unpacking xfonts-encodings (1:1.0.5-0ubuntu2) ...
2026-10-06T16:26:55.1466232Z Selecting previously unselected package xfonts-utils.
2026-10-06T16:26:55.1587455Z Preparing to unpack .../178-xfonts-utils_1%3a7.7+6build3_amd64.deb ...
2026-10-06T16:26:55.1595447Z Unpacking xfonts-utils (1:7.7+6build3) ...
2026-10-06T16:26:55.1934207Z Selecting previously unselected package xfonts-cyrillic.
2026-10-06T16:26:55.2055325Z Preparing to unpack .../179-xfonts-cyrillic_1%3a1.0.5+nmu1_all.deb ...
2026-10-06T16:26:55.2061698Z Unpacking xfonts-cyrillic (1:1.0.5+nmu1) ...
2026-10-06T16:26:55.2378206Z Selecting previously unselected package xfonts-scalable.
2026-10-06T16:26:55.2499506Z Preparing to unpack .../180-xfonts-scalable_1%3a1.0.3-1.3_all.deb ...
2026-10-06T16:26:55.2506942Z Unpacking xfonts-scalable (1:1.0.3-1.3) ...
2026-10-06T16:26:55.2731353Z Selecting previously unselected package libgstreamer-plugins-bad1.0-0:amd64.
2026-10-06T16:26:55.2851878Z Preparing to unpack .../181-libgstreamer-plugins-bad1.0-0_1.24.2-1ubuntu4_amd64.deb ...
2026-10-06T16:26:55.2860329Z Unpacking libgstreamer-plugins-bad1.0-0:amd64 (1.24.2-1ubuntu4) ...
2026-10-06T16:26:55.3219482Z Selecting previously unselected package libdca0:amd64.
2026-10-06T16:26:55.3344606Z Preparing to unpack .../182-libdca0_0.0.7-2build1_amd64.deb ...
2026-10-06T16:26:55.3351203Z Unpacking libdca0:amd64 (0.0.7-2build1) ...
2026-10-06T16:26:55.3554403Z Selecting previously unselected package libopenal1:amd64.
2026-10-06T16:26:55.3681897Z Preparing to unpack .../183-libopenal1_1%3a1.23.1-4build1_amd64.deb ...
2026-10-06T16:26:55.3688563Z Unpacking libopenal1:amd64 (1:1.23.1-4build1) ...
2026-10-06T16:26:55.3932661Z Selecting previously unselected package libsbc1:amd64.
2026-10-06T16:26:55.4058583Z Preparing to unpack .../184-libsbc1_2.0-1build1_amd64.deb ...
2026-10-06T16:26:55.4066349Z Unpacking libsbc1:amd64 (2.0-1build1) ...
2026-10-06T16:26:55.4257839Z Selecting previously unselected package libvo-aacenc0:amd64.
2026-10-06T16:26:55.4379398Z Preparing to unpack .../185-libvo-aacenc0_0.1.3-2build1_amd64.deb ...
2026-10-06T16:26:55.4386442Z Unpacking libvo-aacenc0:amd64 (0.1.3-2build1) ...
2026-10-06T16:26:55.4581531Z Selecting previously unselected package libvo-amrwbenc0:amd64.
2026-10-06T16:26:55.4703513Z Preparing to unpack .../186-libvo-amrwbenc0_0.1.3-2build1_amd64.deb ...
2026-10-06T16:26:55.4711075Z Unpacking libvo-amrwbenc0:amd64 (0.1.3-2build1) ...
2026-10-06T16:26:55.4901506Z Selecting previously unselected package gstreamer1.0-plugins-bad:amd64.
2026-10-06T16:26:55.5020938Z Preparing to unpack .../187-gstreamer1.0-plugins-bad_1.24.2-1ubuntu4_amd64.deb ...
2026-10-06T16:26:55.5028541Z Unpacking gstreamer1.0-plugins-bad:amd64 (1.24.2-1ubuntu4) ...
2026-10-06T16:26:55.7757653Z Setting up libgme0:amd64 (0.6.3-7build1) ...
2026-10-06T16:26:55.7780057Z Setting up libchromaprint1:amd64 (1.5.1-5) ...
2026-10-06T16:26:55.7798172Z Setting up libssh-gcrypt-4:amd64 (0.10.6-2ubuntu0.5) ...
2026-10-06T16:26:55.7818519Z Setting up libhwy1t64:amd64 (1.0.7-8.1build1) ...
2026-10-06T16:26:55.7836591Z Setting up libfreeaptx0:amd64 (0.1.1-2build1) ...
2026-10-06T16:26:55.7855025Z Setting up libdvdread8t64:amd64 (6.1.3-1.1build1) ...
2026-10-06T16:26:55.7871792Z Setting up libudfread0:amd64 (1.1.2-1build1) ...
2026-10-06T16:26:55.7889974Z Setting up libmodplug1:amd64 (1:0.8.9.0-3build1) ...
2026-10-06T16:26:55.7908183Z Setting up libcdparanoia0:amd64 (3.10.2+debian-14build3) ...
2026-10-06T16:26:55.7923644Z Setting up libwayland-server0:amd64 (1.22.0-2.1build1) ...
2026-10-06T16:26:55.7947687Z Setting up libvo-amrwbenc0:amd64 (0.1.3-2build1) ...
2026-10-06T16:26:55.7964819Z Setting up mesa-libgallium:amd64 (25.2.8-0ubuntu0.24.04.4) ...
2026-10-06T16:26:55.7988295Z Setting up session-migration (0.3.9build1) ...
2026-10-06T16:26:55.9094733Z Created symlink /etc/systemd/user/graphical-session-pre.target.wants/session-migration.service → /usr/lib/systemd/user/session-migration.service.
2026-10-06T16:26:55.9095367Z
2026-10-06T16:26:55.9122468Z Setting up libraw1394-11:amd64 (2.1.2-2build3) ...
2026-10-06T16:26:55.9141095Z Setting up libsbc1:amd64 (2.0-1build1) ...
2026-10-06T16:26:55.9161022Z Setting up libproxy1v5:amd64 (0.5.4-4build1) ...
2026-10-06T16:26:55.9179409Z Setting up libneon27t64:amd64 (0.33.0-1.1build3) ...
2026-10-06T16:26:55.9200589Z Setting up libtag1v5-vanilla:amd64 (1.13.1-1build1) ...
2026-10-06T16:26:55.9218834Z Setting up libharfbuzz-icu0:amd64 (8.3.0-2build2) ...
2026-10-06T16:26:55.9237379Z Setting up libopenni2-0:amd64 (2.2.0.33+dfsg-18) ...
2026-10-06T16:26:55.9702201Z Setting up libspeex1:amd64 (1.2.1-2ubuntu2.24.04.1) ...
2026-10-06T16:26:55.9722909Z Setting up libshine3:amd64 (3.1.1-2build1) ...
2026-10-06T16:26:55.9745869Z Setting up libcaca0:amd64 (0.99.beta20-4ubuntu0.2) ...
2026-10-06T16:26:55.9774288Z Setting up libvpl2 (2023.3.0-1build1) ...
2026-10-06T16:26:55.9792076Z Setting up libv4lconvert0t64:amd64 (1.26.1-4build3) ...
2026-10-06T16:26:55.9810735Z Setting up libx264-164:amd64 (2:0.164.3108+git31e19f9-1) ...
2026-10-06T16:26:55.9834269Z Setting up libtwolame0:amd64 (0.4.0-2build3) ...
2026-10-06T16:26:55.9851913Z Setting up libmbedcrypto7t64:amd64 (2.28.8-1) ...
2026-10-06T16:26:55.9871617Z Setting up libwoff1:amd64 (1.0.2-2build1) ...
2026-10-06T16:26:55.9888483Z Setting up liblc3-1:amd64 (1.0.4-3build1) ...
2026-10-06T16:26:55.9908012Z Setting up libqrencode4:amd64 (4.1.1-1build2) ...
2026-10-06T16:26:55.9924965Z Setting up libhyphen0:amd64 (2.8.8-7build3) ...
2026-10-06T16:26:55.9943474Z Setting up libgbm1:amd64 (25.2.8-0ubuntu0.24.04.4) ...
2026-10-06T16:26:55.9962932Z Setting up libgsm1:amd64 (1.0.22-1build1) ...
2026-10-06T16:26:55.9984560Z Setting up libvisual-0.4-0:amd64 (0.4.2-2build1) ...
2026-10-06T16:26:56.0005280Z Setting up libsoxr0:amd64 (0.1.3-4build3) ...
2026-10-06T16:26:56.0023871Z Setting up libzix-0-0:amd64 (0.4.2-2build1) ...
2026-10-06T16:26:56.0043368Z Setting up libcodec2-1.2:amd64 (1.2.0-2build1) ...
2026-10-06T16:26:56.0062015Z Setting up libmanette-0.2-0:amd64 (0.2.7-1build2) ...
2026-10-06T16:26:56.0081212Z Setting up libsrtp2-1:amd64 (2.5.0-3build1) ...
2026-10-06T16:26:56.0098540Z Setting up libgl1-mesa-dri:amd64 (25.2.8-0ubuntu0.24.04.4) ...
2026-10-06T16:26:56.0169604Z Setting up libmysofa1:amd64 (1.3.2+dfsg-2ubuntu2) ...
2026-10-06T16:26:56.0188186Z Setting up libraptor2-0:amd64 (2.0.16-3ubuntu0.1) ...
2026-10-06T16:26:56.0211809Z Setting up libldacbt-enc2:amd64 (2.0.2.3+git20200429+ed310a0-4ubuntu2) ...
2026-10-06T16:26:56.0228036Z Setting up fonts-wqy-zenhei (0.9.45-8) ...
2026-10-06T16:26:56.0337227Z Setting up libwebrtc-audio-processing1:amd64 (0.3.1-0ubuntu6) ...
2026-10-06T16:26:56.0359552Z Setting up fonts-freefont-ttf (20211204+svn4273-2) ...
2026-10-06T16:26:56.0377277Z Setting up libevent-2.1-7t64:amd64 (2.1.12-stable-9ubuntu2.2) ...
2026-10-06T16:26:56.0395473Z Setting up libsvtav1enc1d1:amd64 (1.7.0+dfsg-2build1) ...
2026-10-06T16:26:56.0413374Z Setting up libsoup-3.0-common (3.4.4-5ubuntu0.8) ...
2026-10-06T16:26:56.0432200Z Setting up libmpg123-0t64:amd64 (1.32.5-1ubuntu1.1) ...
2026-10-06T16:26:56.0448937Z Setting up libcjson1:amd64 (1.7.17-1) ...
2026-10-06T16:26:56.0470819Z Setting up libxvidcore4:amd64 (2:1.3.7-1build1) ...
2026-10-06T16:26:56.0492124Z Setting up libmpcdec6:amd64 (2:0.1~r495-2build1) ...
2026-10-06T16:26:56.0510415Z Setting up libmjpegutils-2.1-0t64:amd64 (1:2.1.0+debian-8.1build1) ...
2026-10-06T16:26:56.0529488Z Setting up librav1e0:amd64 (0.7.1-2) ...
2026-10-06T16:26:56.0548297Z Setting up liborc-0.4-0t64:amd64 (1:0.4.38-1ubuntu0.1) ...
2026-10-06T16:26:56.0569920Z Setting up libxcb-xkb1:amd64 (1.15-1ubuntu2) ...
2026-10-06T16:26:56.0589279Z Setting up libvo-aacenc0:amd64 (0.1.3-2build1) ...
2026-10-06T16:26:56.0607006Z Setting up librist4:amd64 (0.2.10+dfsg-2) ...
2026-10-06T16:26:56.0633238Z Setting up librsvg2-2:amd64 (2.58.0+dfsg-1build1) ...
2026-10-06T16:26:56.0652486Z Setting up libblas3:amd64 (3.12.0-3build1.1) ...
2026-10-06T16:26:56.0711163Z update-alternatives: using /usr/lib/x86_64-linux-gnu/blas/libblas.so.3 to provide /usr/lib/x86_64-linux-gnu/libblas.so.3 (libblas.so.3-x86_64-linux-gnu) in auto mode
2026-10-06T16:26:56.0726646Z Setting up libegl-mesa0:amd64 (25.2.8-0ubuntu0.24.04.4) ...
2026-10-06T16:26:56.0746516Z Setting up libsoundtouch1:amd64 (2.3.2+ds1-1build1) ...
2026-10-06T16:26:56.0764139Z Setting up libplacebo338:amd64 (6.338.2-2build1) ...
2026-10-06T16:26:56.0811767Z Setting up libgles2:amd64 (1.7.0-1build1) ...
2026-10-06T16:26:56.0832031Z Setting up fonts-tlwg-loma-otf (1:0.7.3-1) ...
2026-10-06T16:26:56.0850943Z Setting up libva2:amd64 (2.20.0-2ubuntu0.2) ...
2026-10-06T16:26:56.0868940Z Setting up libfreetype6:amd64 (2.13.2+dfsg-1ubuntu0.2) ...
2026-10-06T16:26:56.0885906Z Setting up libspa-0.2-modules:amd64 (1.0.5-1ubuntu3.3) ...
2026-10-06T16:26:56.0905915Z Setting up libzxing3:amd64 (2.2.1-3) ...
2026-10-06T16:26:56.0924984Z Setting up xfonts-encodings (1:1.0.5-0ubuntu2) ...
2026-10-06T16:26:56.0943543Z Setting up libopus0:amd64 (1.4-1build1) ...
2026-10-06T16:26:56.0960813Z Setting up libfaad2:amd64 (2.11.1-1build1) ...
2026-10-06T16:26:56.0977727Z Setting up libxkbcommon-x11-0:amd64 (1.6.0-1build1) ...
2026-10-06T16:26:56.0996850Z Setting up libdc1394-25:amd64 (2.2.6-4build1) ...
2026-10-06T16:26:56.1013669Z Setting up libimath-3-1-29t64:amd64 (3.1.9-3.1ubuntu2) ...
2026-10-06T16:26:56.1032140Z Setting up libunibreak5:amd64 (5.1-2build1) ...
2026-10-06T16:26:56.1051381Z Setting up libdv4t64:amd64 (1.0.0-17.1build1) ...
2026-10-06T16:26:56.1068010Z Setting up libjxl0.7:amd64 (0.7.0-10.2ubuntu6.1) ...
2026-10-06T16:26:56.1090114Z Setting up libopenh264-7:amd64 (2.4.1+dfsg-1) ...
2026-10-06T16:26:56.1111817Z Setting up libltc11:amd64 (1.3.2-1build1) ...
2026-10-06T16:26:56.1130220Z Setting up libx265-199:amd64 (3.5-2build1) ...
2026-10-06T16:26:56.1380373Z Setting up libv4l-0t64:amd64 (1.26.1-4build3) ...
2026-10-06T16:26:56.1403960Z Setting up libavtp0:amd64 (0.2.0-1build1) ...
2026-10-06T16:26:56.1424938Z Setting up libsndio7.0:amd64 (1.9.0-0.3build3) ...
2026-10-06T16:26:56.1449030Z Setting up libdirectfb-1.7-7t64:amd64 (1.7.7-11.1ubuntu2) ...
2026-10-06T16:26:56.1467762Z Setting up libspandsp2t64:amd64 (0.0.6+dfsg-2.1build1) ...
2026-10-06T16:26:56.1487371Z Setting up libvidstab1.1:amd64 (1.1.0-2build1) ...
2026-10-06T16:26:56.1504279Z Setting up libvpx9:amd64 (1.14.0-1ubuntu2.3) ...
2026-10-06T16:26:56.1522387Z Setting up libsrt1.5-gnutls:amd64 (1.5.3-1build2) ...
2026-10-06T16:26:56.1540947Z Setting up libtag1v5:amd64 (1.13.1-1build1) ...
2026-10-06T16:26:56.1559617Z Setting up libflite1:amd64 (2.2-6build3) ...
2026-10-06T16:26:56.1578922Z Setting up libdav1d7:amd64 (1.4.1-1build1) ...
2026-10-06T16:26:56.1596911Z Setting up libva-drm2:amd64 (2.20.0-2ubuntu0.2) ...
2026-10-06T16:26:56.1613918Z Setting up fonts-ipafont-gothic (00303-21ubuntu1) ...
2026-10-06T16:26:56.1678896Z update-alternatives: using /usr/share/fonts/opentype/ipafont-gothic/ipag.ttf to provide /usr/share/fonts/truetype/fonts-japanese-gothic.ttf (fonts-japanese-gothic.ttf) in auto mode
2026-10-06T16:26:56.1694699Z Setting up ocl-icd-libopencl1:amd64 (2.3.2-1build1) ...
2026-10-06T16:26:56.1715015Z Setting up libasyncns0:amd64 (0.8-6build4) ...
2026-10-06T16:26:56.1731926Z Setting up libwildmidi2:amd64 (0.4.3-1build3) ...
2026-10-06T16:26:56.1749772Z Setting up libvdpau1:amd64 (1.5-2build1) ...
2026-10-06T16:26:56.1775507Z Setting up libwavpack1:amd64 (5.6.0-1build1) ...
2026-10-06T16:26:56.1792701Z Setting up libbs2b0:amd64 (3.1.0+dfsg-7build1) ...
2026-10-06T16:26:56.1813372Z Setting up libtheora0:amd64 (1.1.1+dfsg.1-16.1build3) ...
2026-10-06T16:26:56.1830946Z Setting up libegl1:amd64 (1.7.0-1build1) ...
2026-10-06T16:26:56.1847545Z Setting up libdecor-0-0:amd64 (0.2.2-1build2) ...
2026-10-06T16:26:56.1865879Z Setting up libdca0:amd64 (0.0.7-2build1) ...
2026-10-06T16:26:56.1905338Z Setting up libzimg2:amd64 (3.0.5+ds1-1build1) ...
2026-10-06T16:26:56.1925134Z Setting up libopenal-data (1:1.23.1-4build1) ...
2026-10-06T16:26:56.1948369Z Setting up libevent-core-2.1-7t64:amd64 (2.1.12-stable-9ubuntu2.2) ...
2026-10-06T16:26:56.1967280Z Setting up libabsl20220623t64:amd64 (20220623.1-3.1ubuntu3.2) ...
2026-10-06T16:26:56.1988988Z Setting up libflac12t64:amd64 (1.4.3+ds-2.1ubuntu2) ...
2026-10-06T16:26:56.2005505Z Setting up libgtk-4-common (4.14.5+ds-0ubuntu0.10) ...
2026-10-06T16:26:56.2024386Z Setting up libmpeg2encpp-2.1-0t64:amd64 (1:2.1.0+debian-8.1build1) ...
2026-10-06T16:26:56.2044277Z Setting up glib-networking-common (2.80.0-1build1) ...
2026-10-06T16:26:56.2063165Z Setting up libmfx1:amd64 (22.5.4-1) ...
2026-10-06T16:26:56.2082997Z Setting up libbluray2:amd64 (1:1.3.4-1build1) ...
2026-10-06T16:26:56.2099769Z Setting up libde265-0:amd64 (1.0.15-1ubuntu0.1) ...
2026-10-06T16:26:56.2119751Z Setting up libsamplerate0:amd64 (0.2.2-4build1) ...
2026-10-06T16:26:56.2136870Z Setting up timgm6mb-soundfont (1.3-5) ...
2026-10-06T16:26:56.2210581Z update-alternatives: using /usr/share/sounds/sf2/TimGM6mb.sf2 to provide /usr/share/sounds/sf2/default-GM.sf2 (default-GM.sf2) in auto mode
2026-10-06T16:26:56.2255026Z update-alternatives: using /usr/share/sounds/sf2/TimGM6mb.sf2 to provide /usr/share/sounds/sf3/default-GM.sf3 (default-GM.sf3) in auto mode
2026-10-06T16:26:56.2270632Z Setting up libva-x11-2:amd64 (2.20.0-2ubuntu0.2) ...
2026-10-06T16:26:56.2288639Z Setting up libyuv0:amd64 (0.0~git202401110.af6ac82-1) ...
2026-10-06T16:26:56.2306816Z Setting up libmplex2-2.1-0t64:amd64 (1:2.1.0+debian-8.1build1) ...
2026-10-06T16:26:56.2324355Z Setting up libpipewire-0.3-0t64:amd64 (1.0.5-1ubuntu3.3) ...
2026-10-06T16:26:56.2345654Z Setting up libopenmpt0t64:amd64 (0.7.3-1.1build3) ...
2026-10-06T16:26:56.2363711Z Setting up libzvbi-common (0.2.42-2) ...
2026-10-06T16:26:56.2382356Z Setting up libsecret-common (0.21.4-1build3) ...
2026-10-06T16:26:56.2400583Z Setting up libmp3lame0:amd64 (3.100-6build1) ...
2026-10-06T16:26:56.2418379Z Setting up libgraphene-1.0-0:amd64 (1.10.8-3build2) ...
2026-10-06T16:26:56.2440362Z Setting up libvorbisenc2:amd64 (1.3.7-1build3) ...
2026-10-06T16:26:56.2460304Z Setting up libdvdnav4:amd64 (6.1.1-3build1) ...
2026-10-06T16:26:56.2480842Z Setting up fonts-unifont (1:15.1.01-1build1) ...
2026-10-06T16:26:56.2498819Z Setting up libaa1:amd64 (1.4p5-51.1) ...
2026-10-06T16:26:56.2519595Z Setting up libiec61883-0:amd64 (1.2.0-6build1) ...
2026-10-06T16:26:56.2540376Z Setting up libserd-0-0:amd64 (0.32.2-1) ...
2026-10-06T16:26:56.2557861Z Setting up libavc1394-0:amd64 (0.5.4-5build3) ...
2026-10-06T16:26:56.2580320Z Setting up libcairo-script-interpreter2:amd64 (1.18.0-3build1) ...
2026-10-06T16:26:56.2597689Z Setting up gsettings-desktop-schemas (46.1-0ubuntu1) ...
2026-10-06T16:26:56.2618065Z Setting up glib-networking-services (2.80.0-1build1) ...
2026-10-06T16:26:56.2635137Z Setting up liblapack3:amd64 (3.12.0-3build1.1) ...
2026-10-06T16:26:56.2690603Z update-alternatives: using /usr/lib/x86_64-linux-gnu/lapack/liblapack.so.3 to provide /usr/lib/x86_64-linux-gnu/liblapack.so.3 (liblapack.so.3-x86_64-linux-gnu) in auto mode
2026-10-06T16:26:56.2708687Z Setting up libglx-mesa0:amd64 (25.2.8-0ubuntu0.24.04.4) ...
2026-10-06T16:26:56.2729512Z Setting up libzvbi0t64:amd64 (0.2.42-2) ...
2026-10-06T16:26:56.2747185Z Setting up libevent-pthreads-2.1-7t64:amd64 (2.1.12-stable-9ubuntu2.2) ...
2026-10-06T16:26:56.2766967Z Setting up liblrdf0:amd64 (0.6.1-4build1) ...
2026-10-06T16:26:56.2787270Z Setting up libzbar0t64:amd64 (0.23.93-4build3) ...
2026-10-06T16:26:56.2805520Z Setting up libgstreamer-plugins-base1.0-0:amd64 (1.24.2-1ubuntu0.5) ...
2026-10-06T16:26:56.2828359Z Setting up libavutil58:amd64 (7:6.1.1-3ubuntu5) ...
2026-10-06T16:26:56.2847397Z Setting up libopenal1:amd64 (1:1.23.1-4build1) ...
2026-10-06T16:26:56.2865574Z Setting up xfonts-utils (1:7.7+6build3) ...
2026-10-06T16:26:56.2904655Z Setting up libsecret-1-0:amd64 (0.21.4-1build3) ...
2026-10-06T16:26:56.2924064Z Setting up libgstreamer-plugins-good1.0-0:amd64 (1.24.2-1ubuntu1.8) ...
2026-10-06T16:26:56.2941056Z Setting up libgstreamer-gl1.0-0:amd64 (1.24.2-1ubuntu0.5) ...
2026-10-06T16:26:56.2958576Z Setting up gstreamer1.0-plugins-base:amd64 (1.24.2-1ubuntu0.5) ...
2026-10-06T16:26:56.2979366Z Setting up libass9:amd64 (1:0.17.1-2build1) ...
2026-10-06T16:26:56.2999629Z Setting up libswresample4:amd64 (7:6.1.1-3ubuntu5) ...
2026-10-06T16:26:56.3017748Z Setting up libopenexr-3-1-30:amd64 (3.1.5-5.1build3) ...
2026-10-06T16:26:56.3039479Z Setting up libshout3:amd64 (2.4.6-1build2) ...
2026-10-06T16:26:56.3057602Z Setting up libgav1-1:amd64 (0.18.0-1build3) ...
2026-10-06T16:26:56.3077254Z Setting up libavcodec60:amd64 (7:6.1.1-3ubuntu5) ...
2026-10-06T16:26:56.3098521Z Setting up librubberband2:amd64 (3.3.0+dfsg-2build1) ...
2026-10-06T16:26:56.3117286Z Setting up libjack-jackd2-0:amd64 (1.9.21~dfsg-3ubuntu3) ...
2026-10-06T16:26:56.3168321Z Setting up libsord-0-0:amd64 (0.16.16-2build1) ...
2026-10-06T16:26:56.3185638Z Setting up xfonts-cyrillic (1:1.0.5+nmu1) ...
2026-10-06T16:26:56.3459365Z Setting up libpostproc57:amd64 (7:6.1.1-3ubuntu5) ...
2026-10-06T16:26:56.3478624Z Setting up libsratom-0-0:amd64 (0.6.16-1build1) ...
2026-10-06T16:26:56.3499583Z Setting up libsndfile1:amd64 (1.2.2-1ubuntu5.24.04.1) ...
2026-10-06T16:26:56.3779512Z Setting up liblilv-0-0:amd64 (0.24.22-1build1) ...
2026-10-06T16:26:56.3797826Z Setting up libinstpatch-1.0-2:amd64 (1.1.6-1build2) ...
2026-10-06T16:26:56.3815764Z Setting up xfonts-scalable (1:1.0.3-1.3) ...
2026-10-06T16:26:56.4070039Z Setting up libswscale7:amd64 (7:6.1.1-3ubuntu5) ...
2026-10-06T16:26:56.4092422Z Setting up libavif16:amd64 (1.0.4-1ubuntu3) ...
2026-10-06T16:26:56.4111115Z Setting up libpulse0:amd64 (1:16.1+dfsg1-2ubuntu10.1) ...
2026-10-06T16:26:56.4175728Z Setting up libavformat60:amd64 (7:6.1.1-3ubuntu5) ...
2026-10-06T16:26:56.4197765Z Setting up libsphinxbase3t64:amd64 (0.8+5prealpha+1-17build2) ...
2026-10-06T16:26:56.4214234Z Setting up libsdl2-2.0-0:amd64 (2.30.0+dfsg-1ubuntu3.1) ...
2026-10-06T16:26:56.4232836Z Setting up libfluidsynth3:amd64 (2.3.4-1build3) ...
2026-10-06T16:26:56.4268756Z Setting up libpocketsphinx3:amd64 (0.8.0+real5prealpha+1-15ubuntu5) ...
2026-10-06T16:26:56.4288477Z Setting up libavfilter9:amd64 (7:6.1.1-3ubuntu5) ...
2026-10-06T16:26:56.4308235Z Setting up gstreamer1.0-libav:amd64 (1.24.1-1build1) ...
2026-10-06T16:26:56.4705590Z Processing triggers for fontconfig (2.15.0-1.1ubuntu2) ...
2026-10-06T16:26:56.5504609Z Processing triggers for libc-bin (2.39-0ubuntu8.9) ...
2026-10-06T16:26:56.5933723Z Processing triggers for man-db (2.12.0-4build2) ...
2026-10-06T16:26:56.5952494Z Not building database; man-db/auto-update is not 'true'.
2026-10-06T16:26:56.5980952Z Processing triggers for libglib2.0-0t64:amd64 (2.80.0-6ubuntu3.9) ...
2026-10-06T16:26:56.6921456Z Setting up libgtk-4-1:amd64 (4.14.5+ds-0ubuntu0.10) ...
2026-10-06T16:26:56.8919646Z Setting up glib-networking:amd64 (2.80.0-1build1) ...
2026-10-06T16:26:56.8949402Z Setting up libsoup-3.0-0:amd64 (3.4.4-5ubuntu0.8) ...
2026-10-06T16:26:56.8981971Z Setting up libgssdp-1.6-0:amd64 (1.6.3-1build3) ...
2026-10-06T16:26:56.9051337Z Setting up gstreamer1.0-plugins-good:amd64 (1.24.2-1ubuntu1.8) ...
2026-10-06T16:26:56.9078460Z Setting up libgupnp-1.6-0:amd64 (1.6.6-1build3) ...
2026-10-06T16:26:56.9138738Z Setting up libgupnp-igd-1.6-0:amd64 (1.6.0-3build3) ...
2026-10-06T16:26:56.9171370Z Setting up libnice10:amd64 (0.1.21-2build3) ...
2026-10-06T16:26:56.9222967Z Setting up libgstreamer-plugins-bad1.0-0:amd64 (1.24.2-1ubuntu4) ...
2026-10-06T16:26:56.9259666Z Setting up gstreamer1.0-plugins-bad:amd64 (1.24.2-1ubuntu4) ...
2026-10-06T16:26:56.9284914Z Processing triggers for libc-bin (2.39-0ubuntu8.9) ...
2026-10-06T16:26:57.5525420Z
2026-10-06T16:26:57.5526036Z Running kernel seems to be up-to-date.
2026-10-06T16:26:57.5526695Z
2026-10-06T16:26:57.5526899Z Restarting services...
2026-10-06T16:26:57.5599660Z  systemctl restart php8.3-fpm.service
2026-10-06T16:26:57.6625982Z
2026-10-06T16:26:57.6627610Z No containers need to be restarted.
2026-10-06T16:26:57.6627876Z
2026-10-06T16:26:57.6628356Z No user sessions are running outdated binaries.
2026-10-06T16:26:57.6628705Z
2026-10-06T16:26:57.6629229Z No VM guests are running outdated hypervisor (qemu) binaries on this host.
2026-10-06T16:26:58.4695199Z Downloading Chrome for Testing 153.0.8010.12 (playwright chromium v1243) from https://cdn.playwright.dev/builds/cft/153.0.8010.12/linux64/chrome-linux64.zip
2026-10-06T16:26:58.9553314Z |                                                                                |   0% of 186.8 MiB
2026-10-06T16:26:59.3948182Z |■■■■■■■■                                                                        |  10% of 186.8 MiB
2026-10-06T16:26:59.4934172Z |■■■■■■■■■■■■■■■■                                                                |  20% of 186.8 MiB
2026-10-06T16:26:59.5634802Z |■■■■■■■■■■■■■■■■■■■■■■■■                                                        |  30% of 186.8 MiB
2026-10-06T16:26:59.6598331Z |■■■■■■■■■■■■■■■■■■■■■■■■■■■■■■■■                                                |  40% of 186.8 MiB
2026-10-06T16:26:59.7238815Z |■■■■■■■■■■■■■■■■■■■■■■■■■■■■■■■■■■■■■■■■                                        |  50% of 186.8 MiB
2026-10-06T16:26:59.8070683Z |■■■■■■■■■■■■■■■■■■■■■■■■■■■■■■■■■■■■■■■■■■■■■■■■                                |  60% of 186.8 MiB
2026-10-06T16:26:59.8930972Z |■■■■■■■■■■■■■■■■■■■■■■■■■■■■■■■■■■■■■■■■■■■■■■■■■■■■■■■■                        |  70% of 186.8 MiB
2026-10-06T16:26:59.9700661Z |■■■■■■■■■■■■■■■■■■■■■■■■■■■■■■■■■■■■■■■■■■■■■■■■■■■■■■■■■■■■■■■■                |  80% of 186.8 MiB
2026-10-06T16:27:00.0539310Z |■■■■■■■■■■■■■■■■■■■■■■■■■■■■■■■■■■■■■■■■■■■■■■■■■■■■■■■■■■■■■■■■■■■■■■■■        |  90% of 186.8 MiB
2026-10-06T16:27:00.1176825Z |■■■■■■■■■■■■■■■■■■■■■■■■■■■■■■■■■■■■■■■■■■■■■■■■■■■■■■■■■■■■■■■■■■■■■■■■■■■■■■■■| 100% of 186.8 MiB
2026-10-06T16:27:03.3256434Z Chrome for Testing 153.0.8010.12 (playwright chromium v1243) downloaded to /home/runner/.cache/ms-playwright/chromium-1243
2026-10-06T16:27:03.3260510Z Downloading FFmpeg (playwright ffmpeg v1011) from https://cdn.playwright.dev/dbazure/download/playwright/builds/ffmpeg/1011/ffmpeg-linux.zip
2026-10-06T16:27:03.6870596Z |                                                                                |   0% of 2.3 MiB
2026-10-06T16:27:03.6902122Z |■■■■■■■■                                                                        |  10% of 2.3 MiB
2026-10-06T16:27:03.6930412Z |■■■■■■■■■■■■■■■■                                                                |  20% of 2.3 MiB
2026-10-06T16:27:03.6953871Z |■■■■■■■■■■■■■■■■■■■■■■■■                                                        |  30% of 2.3 MiB
2026-10-06T16:27:03.6971142Z |■■■■■■■■■■■■■■■■■■■■■■■■■■■■■■■■                                                |  40% of 2.3 MiB
2026-10-06T16:27:03.6989564Z |■■■■■■■■■■■■■■■■■■■■■■■■■■■■■■■■■■■■■■■■                                        |  50% of 2.3 MiB
2026-10-06T16:27:03.7002149Z |■■■■■■■■■■■■■■■■■■■■■■■■■■■■■■■■■■■■■■■■■■■■■■■■                                |  60% of 2.3 MiB
2026-10-06T16:27:03.7029995Z |■■■■■■■■■■■■■■■■■■■■■■■■■■■■■■■■■■■■■■■■■■■■■■■■■■■■■■■■                        |  70% of 2.3 MiB
2026-10-06T16:27:03.7073483Z |■■■■■■■■■■■■■■■■■■■■■■■■■■■■■■■■■■■■■■■■■■■■■■■■■■■■■■■■■■■■■■■■                |  80% of 2.3 MiB
2026-10-06T16:27:03.7085628Z |■■■■■■■■■■■■■■■■■■■■■■■■■■■■■■■■■■■■■■■■■■■■■■■■■■■■■■■■■■■■■■■■■■■■■■■■        |  90% of 2.3 MiB
2026-10-06T16:27:03.7096708Z |■■■■■■■■■■■■■■■■■■■■■■■■■■■■■■■■■■■■■■■■■■■■■■■■■■■■■■■■■■■■■■■■■■■■■■■■■■■■■■■■| 100% of 2.3 MiB
2026-10-06T16:27:03.7728852Z FFmpeg (playwright ffmpeg v1011) downloaded to /home/runner/.cache/ms-playwright/ffmpeg-1011
2026-10-06T16:27:03.7732014Z Downloading Chrome Headless Shell 153.0.8010.12 (playwright chromium-headless-shell v1243) from https://cdn.playwright.dev/builds/cft/153.0.8010.12/linux64/chrome-headless-shell-linux64.zip
2026-10-06T16:27:04.2289527Z |                                                                                |   0% of 114.3 MiB
2026-10-06T16:27:04.5367482Z |■■■■■■■■                                                                        |  10% of 114.3 MiB
2026-10-06T16:27:04.6192919Z |■■■■■■■■■■■■■■■■                                                                |  20% of 114.3 MiB
2026-10-06T16:27:04.6729496Z |■■■■■■■■■■■■■■■■■■■■■■■■                                                        |  30% of 114.3 MiB
2026-10-06T16:27:04.7574057Z |■■■■■■■■■■■■■■■■■■■■■■■■■■■■■■■■                                                |  40% of 114.3 MiB
2026-10-06T16:27:04.8040587Z |■■■■■■■■■■■■■■■■■■■■■■■■■■■■■■■■■■■■■■■■                                        |  50% of 114.3 MiB
2026-10-06T16:27:04.8517385Z |■■■■■■■■■■■■■■■■■■■■■■■■■■■■■■■■■■■■■■■■■■■■■■■■                                |  60% of 114.3 MiB
2026-10-06T16:27:04.9289483Z |■■■■■■■■■■■■■■■■■■■■■■■■■■■■■■■■■■■■■■■■■■■■■■■■■■■■■■■■                        |  70% of 114.3 MiB
2026-10-06T16:27:04.9732130Z |■■■■■■■■■■■■■■■■■■■■■■■■■■■■■■■■■■■■■■■■■■■■■■■■■■■■■■■■■■■■■■■■                |  80% of 114.3 MiB
2026-10-06T16:27:05.0147109Z |■■■■■■■■■■■■■■■■■■■■■■■■■■■■■■■■■■■■■■■■■■■■■■■■■■■■■■■■■■■■■■■■■■■■■■■■        |  90% of 114.3 MiB
2026-10-06T16:27:05.0757769Z |■■■■■■■■■■■■■■■■■■■■■■■■■■■■■■■■■■■■■■■■■■■■■■■■■■■■■■■■■■■■■■■■■■■■■■■■■■■■■■■■| 100% of 114.3 MiB
2026-10-06T16:27:07.3916902Z Chrome Headless Shell 153.0.8010.12 (playwright chromium-headless-shell v1243) downloaded to /home/runner/.cache/ms-playwright/chromium_headless_shell-1243
2026-10-06T16:27:07.3919619Z Downloading Firefox 155.0 (playwright firefox v1543) from https://cdn.playwright.dev/dbazure/download/playwright/builds/firefox/1543/firefox-ubuntu-24.04.zip
2026-10-06T16:27:07.7351261Z |                                                                                |   0% of 109.5 MiB
2026-10-06T16:27:07.8121108Z |■■■■■■■■                                                                        |  10% of 109.5 MiB
2026-10-06T16:27:07.8826629Z |■■■■■■■■■■■■■■■■                                                                |  20% of 109.5 MiB
2026-10-06T16:27:07.9411333Z |■■■■■■■■■■■■■■■■■■■■■■■■                                                        |  30% of 109.5 MiB
2026-10-06T16:27:08.0037487Z |■■■■■■■■■■■■■■■■■■■■■■■■■■■■■■■■                                                |  40% of 109.5 MiB
2026-10-06T16:27:08.0756702Z |■■■■■■■■■■■■■■■■■■■■■■■■■■■■■■■■■■■■■■■■                                        |  50% of 109.5 MiB
2026-10-06T16:27:08.1217584Z |■■■■■■■■■■■■■■■■■■■■■■■■■■■■■■■■■■■■■■■■■■■■■■■■                                |  60% of 109.5 MiB
2026-10-06T16:27:08.1595468Z |■■■■■■■■■■■■■■■■■■■■■■■■■■■■■■■■■■■■■■■■■■■■■■■■■■■■■■■■                        |  70% of 109.5 MiB
2026-10-06T16:27:08.2140361Z |■■■■■■■■■■■■■■■■■■■■■■■■■■■■■■■■■■■■■■■■■■■■■■■■■■■■■■■■■■■■■■■■                |  80% of 109.5 MiB
2026-10-06T16:27:08.2618693Z |■■■■■■■■■■■■■■■■■■■■■■■■■■■■■■■■■■■■■■■■■■■■■■■■■■■■■■■■■■■■■■■■■■■■■■■■        |  90% of 109.5 MiB
2026-10-06T16:27:08.3054519Z |■■■■■■■■■■■■■■■■■■■■■■■■■■■■■■■■■■■■■■■■■■■■■■■■■■■■■■■■■■■■■■■■■■■■■■■■■■■■■■■■| 100% of 109.5 MiB
2026-10-06T16:27:10.4170363Z Firefox 155.0 (playwright firefox v1543) downloaded to /home/runner/.cache/ms-playwright/firefox-1543
2026-10-06T16:27:10.4173682Z Downloading WebKit 26.6 (playwright webkit v2359) from https://cdn.playwright.dev/dbazure/download/playwright/builds/webkit/2359/webkit-ubuntu-24.04.zip
2026-10-06T16:27:10.7532096Z |                                                                                |   0% of 102.3 MiB
2026-10-06T16:27:10.8276863Z |■■■■■■■■                                                                        |  10% of 102.3 MiB
2026-10-06T16:27:10.9028361Z |■■■■■■■■■■■■■■■■                                                                |  20% of 102.3 MiB
2026-10-06T16:27:10.9533901Z |■■■■■■■■■■■■■■■■■■■■■■■■                                                        |  30% of 102.3 MiB
2026-10-06T16:27:11.0079345Z |■■■■■■■■■■■■■■■■■■■■■■■■■■■■■■■■                                                |  40% of 102.3 MiB
2026-10-06T16:27:11.0713473Z |■■■■■■■■■■■■■■■■■■■■■■■■■■■■■■■■■■■■■■■■                                        |  50% of 102.3 MiB
2026-10-06T16:27:11.1097990Z |■■■■■■■■■■■■■■■■■■■■■■■■■■■■■■■■■■■■■■■■■■■■■■■■                                |  60% of 102.3 MiB
2026-10-06T16:27:11.1503793Z |■■■■■■■■■■■■■■■■■■■■■■■■■■■■■■■■■■■■■■■■■■■■■■■■■■■■■■■■                        |  70% of 102.3 MiB
2026-10-06T16:27:11.2094411Z |■■■■■■■■■■■■■■■■■■■■■■■■■■■■■■■■■■■■■■■■■■■■■■■■■■■■■■■■■■■■■■■■                |  80% of 102.3 MiB
2026-10-06T16:27:11.2404933Z |■■■■■■■■■■■■■■■■■■■■■■■■■■■■■■■■■■■■■■■■■■■■■■■■■■■■■■■■■■■■■■■■■■■■■■■■        |  90% of 102.3 MiB
2026-10-06T16:27:11.2736930Z |■■■■■■■■■■■■■■■■■■■■■■■■■■■■■■■■■■■■■■■■■■■■■■■■■■■■■■■■■■■■■■■■■■■■■■■■■■■■■■■■| 100% of 102.3 MiB
2026-10-06T16:27:13.2873125Z WebKit 26.6 (playwright webkit v2359) downloaded to /home/runner/.cache/ms-playwright/webkit-2359
2026-10-06T16:27:13.8473680Z
2026-10-06T16:27:13.8474344Z > openhoi-client@0.1.0 test:e2e
2026-10-06T16:27:13.8474709Z > playwright test
2026-10-06T16:27:13.8474857Z
2026-10-06T16:27:14.8232015Z
2026-10-06T16:27:14.8232678Z Running 36 tests using 2 workers
2026-10-06T16:27:42.2776331Z ····································
2026-10-06T16:27:42.2781514Z   36 passed (27.7s)
2026-10-06T16:27:42.3018710Z ##[group]Run npm run test:e2e -- --config playwright.m1.config.ts --project chromium --project webkit
2026-10-06T16:27:42.3019455Z [36;1mnpm run test:e2e -- --config playwright.m1.config.ts --project chromium --project webkit[0m
2026-10-06T16:27:42.3079644Z shell: /usr/bin/bash -e {0}
2026-10-06T16:27:42.3079896Z env:
2026-10-06T16:27:42.3080102Z   OH_TEST_PORT: 19412
2026-10-06T16:27:42.3080347Z   OH_E2E_EVIDENCE: ../target/wp09/ci/m1-e2e
2026-10-06T16:27:42.3080685Z   OH_MALFORMED_EVIDENCE: ../target/wp09/ci/m1-malformed
2026-10-06T16:27:42.3080987Z ##[endgroup]
2026-10-06T16:27:42.4030873Z
2026-10-06T16:27:42.4031779Z > openhoi-client@0.1.0 test:e2e
2026-10-06T16:27:42.4032470Z > playwright test --config playwright.m1.config.ts --project chromium --project webkit
2026-10-06T16:27:42.4032886Z
2026-10-06T16:27:43.4339122Z
2026-10-06T16:27:43.4339774Z Running 70 tests using 2 workers
2026-10-06T16:29:10.7192276Z ······································································
2026-10-06T16:29:10.7197762Z   70 passed (1.5m)
2026-10-06T16:29:10.7480477Z ##[group]Run npm run test:e2e -- --config playwright.m1.config.ts --project firefox map-capability.spec.ts
2026-10-06T16:29:10.7481276Z [36;1mnpm run test:e2e -- --config playwright.m1.config.ts --project firefox map-capability.spec.ts[0m
2026-10-06T16:29:10.7541848Z shell: /usr/bin/bash -e {0}
2026-10-06T16:29:10.7542104Z env:
2026-10-06T16:29:10.7542297Z   OH_TEST_PORT: 19413
2026-10-06T16:29:10.7542632Z   OH_MAP_CAPABILITY_EVIDENCE: ../target/wp08/ci/firefox-native-headless
2026-10-06T16:29:10.7543006Z ##[endgroup]
2026-10-06T16:29:10.8526682Z
2026-10-06T16:29:10.8527192Z > openhoi-client@0.1.0 test:e2e
2026-10-06T16:29:10.8527923Z > playwright test --config playwright.m1.config.ts --project firefox map-capability.spec.ts
2026-10-06T16:29:10.8528377Z
2026-10-06T16:29:11.4705852Z Error: Project(s) "map-capability.spec.ts" not found. Available projects: "chromium", "firefox", "webkit"
2026-10-06T16:29:11.4747433Z     at Object.filterProjects (/home/runner/work/OpenHOI4/OpenHOI4/client/node_modules/playwright/lib/runner/index.js:2170:11)
2026-10-06T16:29:11.4777131Z     at runTests (/home/runner/work/OpenHOI4/OpenHOI4/client/node_modules/playwright/lib/cli/testActions.js:61:30)
2026-10-06T16:29:11.4787237Z     at _Command.<anonymous> (/home/runner/work/OpenHOI4/OpenHOI4/client/node_modules/playwright/lib/program.js:55:7)
2026-10-06T16:29:11.5061103Z ##[error]Process completed with exit code 1.
2026-10-06T16:29:11.5145976Z ##[group]Run actions/upload-artifact@043fb46d1a93c77aae656e7c1c64a875d1fc6a0a
2026-10-06T16:29:11.5146753Z with:
2026-10-06T16:29:11.5146979Z   name: wp05-protocol-browser-evidence
2026-10-06T16:29:11.5147352Z   path: target/wp05/
target/wp09/
target/wp08/
client/test-results/

2026-10-06T16:29:11.5147717Z   if-no-files-found: error
2026-10-06T16:29:11.5147949Z   archive: true
2026-10-06T16:29:11.5148155Z   compression-level: 6
2026-10-06T16:29:11.5148370Z   overwrite: false
2026-10-06T16:29:11.5148581Z   include-hidden-files: false
2026-10-06T16:29:11.5148823Z ##[endgroup]
2026-10-06T16:29:11.6793081Z Multiple search paths detected. Calculating the least common ancestor of all paths
2026-10-06T16:29:11.6795867Z The least common ancestor is /home/runner/work/OpenHOI4/OpenHOI4. This will be the root directory of the artifact
2026-10-06T16:29:11.6796930Z With the provided path, there will be 124 files uploaded
2026-10-06T16:29:11.6802527Z Artifact name is valid!
2026-10-06T16:29:11.6803180Z Root directory input is valid!
2026-10-06T16:29:12.0500347Z Uploading artifact: wp05-protocol-browser-evidence.zip
2026-10-06T16:29:12.0542587Z Beginning upload of artifact content to blob storage
2026-10-06T16:29:12.9331815Z Uploaded bytes 1829411
2026-10-06T16:29:13.0028855Z Finished uploading artifact content to blob storage!
2026-10-06T16:29:13.0030099Z SHA256 digest of uploaded artifact is 749083087f571d0513312691760c1ed9959523fe782981d01807661df0b9d3e8
2026-10-06T16:29:13.0031031Z Finalizing artifact upload
2026-10-06T16:29:13.4510250Z Artifact wp05-protocol-browser-evidence successfully finalized. Artifact ID 11426998948
2026-10-06T16:29:13.4511658Z Artifact wp05-protocol-browser-evidence has been successfully uploaded! Final size is 1829411 bytes. Artifact ID is 11426998948
2026-10-06T16:29:13.4514538Z Artifact download URL: https://github.com/peppone-choi/OpenHOI4/actions/runs/37495546810/artifacts/11426998948
2026-10-06T16:29:13.4699619Z Post job cleanup.
2026-10-06T16:29:13.5541013Z [command]/usr/bin/git version
2026-10-06T16:29:13.5582121Z git version 2.55.0
2026-10-06T16:29:13.5623811Z Temporarily overriding HOME='/home/runner/work/_temp/cca39c6e-2497-464e-b8f7-ccaaddfff00f' before making global git config changes
2026-10-06T16:29:13.5625829Z Adding repository directory to the temporary git global config as a safe directory
2026-10-06T16:29:13.5629851Z [command]/usr/bin/git config --global --add safe.directory /home/runner/work/OpenHOI4/OpenHOI4
2026-10-06T16:29:13.5660450Z Removing SSH command configuration
2026-10-06T16:29:13.5666714Z [command]/usr/bin/git config --local --name-only --get-regexp core\.sshCommand
2026-10-06T16:29:13.5703116Z [command]/usr/bin/git submodule foreach --recursive sh -c "git config --local --name-only --get-regexp 'core\.sshCommand' && git config --local --unset-all 'core.sshCommand' || :"
2026-10-06T16:29:13.5923916Z Removing HTTP extra header
2026-10-06T16:29:13.5929174Z [command]/usr/bin/git config --local --name-only --get-regexp http\.https\:\/\/github\.com\/\.extraheader
2026-10-06T16:29:13.5962967Z [command]/usr/bin/git submodule foreach --recursive sh -c "git config --local --name-only --get-regexp 'http\.https\:\/\/github\.com\/\.extraheader' && git config --local --unset-all 'http.https://github.com/.extraheader' || :"
2026-10-06T16:29:13.6181951Z Removing includeIf entries pointing to credentials config files
2026-10-06T16:29:13.6187407Z [command]/usr/bin/git config --local --name-only --get-regexp ^includeIf\.gitdir:
2026-10-06T16:29:13.6213780Z includeif.gitdir:/home/runner/work/OpenHOI4/OpenHOI4/.git.path
2026-10-06T16:29:13.6214501Z includeif.gitdir:/home/runner/work/OpenHOI4/OpenHOI4/.git/worktrees/*.path
2026-10-06T16:29:13.6215024Z includeif.gitdir:/github/workspace/.git.path
2026-10-06T16:29:13.6215725Z includeif.gitdir:/github/workspace/.git/worktrees/*.path
2026-10-06T16:29:13.6229053Z [command]/usr/bin/git config --local --get-all includeif.gitdir:/home/runner/work/OpenHOI4/OpenHOI4/.git.path
2026-10-06T16:29:13.6245099Z /home/runner/work/_temp/git-credentials-8ce7b255-d76a-416a-9e14-e7b85bc24c70.config
2026-10-06T16:29:13.6254562Z [command]/usr/bin/git config --local --unset includeif.gitdir:/home/runner/work/OpenHOI4/OpenHOI4/.git.path \/home\/runner\/work\/_temp\/git\-credentials\-8ce7b255\-d76a\-416a\-9e14\-e7b85bc24c70\.config
2026-10-06T16:29:13.6290164Z [command]/usr/bin/git config --local --get-all includeif.gitdir:/home/runner/work/OpenHOI4/OpenHOI4/.git/worktrees/*.path
2026-10-06T16:29:13.6311794Z /home/runner/work/_temp/git-credentials-8ce7b255-d76a-416a-9e14-e7b85bc24c70.config
2026-10-06T16:29:13.6321349Z [command]/usr/bin/git config --local --unset includeif.gitdir:/home/runner/work/OpenHOI4/OpenHOI4/.git/worktrees/*.path \/home\/runner\/work\/_temp\/git\-credentials\-8ce7b255\-d76a\-416a\-9e14\-e7b85bc24c70\.config
2026-10-06T16:29:13.6358636Z [command]/usr/bin/git config --local --get-all includeif.gitdir:/github/workspace/.git.path
2026-10-06T16:29:13.6380702Z /github/runner_temp/git-credentials-8ce7b255-d76a-416a-9e14-e7b85bc24c70.config
2026-10-06T16:29:13.6388146Z [command]/usr/bin/git config --local --unset includeif.gitdir:/github/workspace/.git.path \/github\/runner_temp\/git\-credentials\-8ce7b255\-d76a\-416a\-9e14\-e7b85bc24c70\.config
2026-10-06T16:29:13.6419676Z [command]/usr/bin/git config --local --get-all includeif.gitdir:/github/workspace/.git/worktrees/*.path
2026-10-06T16:29:13.6441197Z /github/runner_temp/git-credentials-8ce7b255-d76a-416a-9e14-e7b85bc24c70.config
2026-10-06T16:29:13.6447946Z [command]/usr/bin/git config --local --unset includeif.gitdir:/github/workspace/.git/worktrees/*.path \/github\/runner_temp\/git\-credentials\-8ce7b255\-d76a\-416a\-9e14\-e7b85bc24c70\.config
2026-10-06T16:29:13.6479165Z [command]/usr/bin/git submodule foreach --recursive git config --local --show-origin --name-only --get-regexp remote.origin.url
2026-10-06T16:29:13.6700024Z Removing credentials config '/home/runner/work/_temp/git-credentials-8ce7b255-d76a-416a-9e14-e7b85bc24c70.config'
2026-10-06T16:29:13.6883722Z Cleaning up orphan processes
